solid OpenSCAD_Model
  facet normal 0 0 -1
    outer loop
      vertex -2.220376494572759 -2.7055365867695795 0
      vertex -2.4748737341529163 -2.4748737341529163 0
      vertex -2.204803160870888 -1.1784918420649941 0
    endloop
  endfacet
  facet normal 0 0 -1
    outer loop
      vertex -2.220376494572759 -2.7055365867695795 0
      vertex -1.9325261334068424 -1.5859832104091138 0
      vertex -1.9444958155686076 -2.9101436430589085 0
    endloop
  endfacet
  facet normal 0 0 -1
    outer loop
      vertex -1.9444958155686076 -2.9101436430589085 0
      vertex -1.7677669529663689 -1.7677669529663689 0
      vertex -1.5859832104091138 -1.9325261334068424 0
    endloop
  endfacet
  facet normal 0 0 -1
    outer loop
      vertex -2.220376494572759 -2.7055365867695795 0
      vertex -2.204803160870888 -1.1784918420649941 0
      vertex -2.078674030756363 -1.3889255825490054 0
    endloop
  endfacet
  facet normal 0 0 -1
    outer loop
      vertex -2.220376494572759 -2.7055365867695795 0
      vertex -2.078674030756363 -1.3889255825490054 0
      vertex -1.9325261334068424 -1.5859832104091138 0
    endloop
  endfacet
  facet normal 0 0 -1
    outer loop
      vertex -1.9444958155686076 -2.9101436430589085 0
      vertex -1.9325261334068424 -1.5859832104091138 0
      vertex -1.7677669529663689 -1.7677669529663689 0
    endloop
  endfacet
  facet normal -0.740951125354959 -0.6715589548470184 0
    outer loop
      vertex -2.7055365867695795 -2.220376494572759 0
      vertex -2.4748737341529163 -2.4748737341529163 0
      vertex -2.7055365867695795 -2.220376494572759 14
    endloop
  endfacet
  facet normal -0.8032075314806448 -0.5956993044924332 0
    outer loop
      vertex -2.7055365867695795 -2.220376494572759 0
      vertex -2.9101436430589085 -1.9444958155686076 14
      vertex -2.9101436430589085 -1.9444958155686076 0
    endloop
  endfacet
  facet normal -0.6715589548470184 -0.740951125354959 0
    outer loop
      vertex -2.220376494572759 -2.7055365867695795 0
      vertex -2.220376494572759 -2.7055365867695795 14
      vertex -2.4748737341529163 -2.4748737341529163 0
    endloop
  endfacet
  facet normal -0.5956993044924332 -0.8032075314806448 0
    outer loop
      vertex -2.220376494572759 -2.7055365867695795 0
      vertex -1.9444958155686076 -2.9101436430589085 0
      vertex -1.9444958155686076 -2.9101436430589085 14
    endloop
  endfacet
  facet normal 0 0 -1
    outer loop
      vertex -3.0867244252192427 -1.6498885788909918 0
      vertex -3.2335783637895035 -1.3393920132778143 0
      vertex -3.0867244252192427 1.6498885788909918 0
    endloop
  endfacet
  facet normal 0 0 -1
    outer loop
      vertex -3.349291175062731 -1.015996370390618 0
      vertex -3.4327484814113065 -0.6828161270564489 0
      vertex -3.349291175062731 1.015996370390618 0
    endloop
  endfacet
  facet normal 0 0 -1
    outer loop
      vertex -3.4327484814113065 -0.6828161270564489 0
      vertex -3.483146543352689 -0.3430599911534621 0
      vertex -3.4327484814113065 0.6828161270564489 0
    endloop
  endfacet
  facet normal 0 0 -1
    outer loop
      vertex -3.2335783637895035 -1.3393920132778143 0
      vertex -3.349291175062731 -1.015996370390618 0
      vertex -3.2335783637895035 1.3393920132778143 0
    endloop
  endfacet
  facet normal 0 0 -1
    outer loop
      vertex -2.9101436430589085 -1.9444958155686076 0
      vertex -3.0867244252192427 -1.6498885788909918 0
      vertex -2.9101436430589085 1.9444958155686076 0
    endloop
  endfacet
  facet normal 0 0 -1
    outer loop
      vertex -2.7055365867695795 -2.220376494572759 0
      vertex -2.9101436430589085 -1.9444958155686076 0
      vertex -2.7055365867695795 2.220376494572759 0
    endloop
  endfacet
  facet normal 0 0 -1
    outer loop
      vertex -2.7055365867695795 -2.220376494572759 0
      vertex -2.451963201008076 -0.4877258050403206 0
      vertex -2.4748737341529163 -2.4748737341529163 0
    endloop
  endfacet
  facet normal 0 0 -1
    outer loop
      vertex -2.4748737341529163 -2.4748737341529163 0
      vertex -2.309698831278217 -0.9567085809127245 0
      vertex -2.204803160870888 -1.1784918420649941 0
    endloop
  endfacet
  facet normal 0 0 -1
    outer loop
      vertex -2.4748737341529163 -2.4748737341529163 0
      vertex -2.392350839330522 -0.7257116931361558 0
      vertex -2.309698831278217 -0.9567085809127245 0
    endloop
  endfacet
  facet normal 0 0 -1
    outer loop
      vertex -2.4748737341529163 -2.4748737341529163 0
      vertex -2.451963201008076 -0.4877258050403206 0
      vertex -2.392350839330522 -0.7257116931361558 0
    endloop
  endfacet
  facet normal 0 0 -1
    outer loop
      vertex -2.7055365867695795 -2.220376494572759 0
      vertex -2.4879618166804924 -0.2450428508239015 0
      vertex -2.451963201008076 -0.4877258050403206 0
    endloop
  endfacet
  facet normal 0 0 -1
    outer loop
      vertex -2.7055365867695795 -2.220376494572759 0
      vertex -2.5 0 0
      vertex -2.4879618166804924 -0.2450428508239015 0
    endloop
  endfacet
  facet normal -0.9039892931234437 -0.4275550934302814 0
    outer loop
      vertex -3.0867244252192427 -1.6498885788909918 0
      vertex -3.2335783637895035 -1.3393920132778143 14
      vertex -3.2335783637895035 -1.3393920132778143 0
    endloop
  endfacet
  facet normal -0.9415440651830208 -0.33688985339222016 0
    outer loop
      vertex -3.2335783637895035 -1.3393920132778143 0
      vertex -3.349291175062731 -1.015996370390618 14
      vertex -3.349291175062731 -1.015996370390618 0
    endloop
  endfacet
  facet normal -0.8577286100002719 -0.5141027441932219 0
    outer loop
      vertex -2.9101436430589085 -1.9444958155686076 0
      vertex -3.0867244252192427 -1.6498885788909918 14
      vertex -3.0867244252192427 -1.6498885788909918 0
    endloop
  endfacet
  facet normal -0.9700312531945441 -0.24298017990326393 0
    outer loop
      vertex -3.349291175062731 -1.015996370390618 0
      vertex -3.4327484814113065 -0.6828161270564489 14
      vertex -3.4327484814113065 -0.6828161270564489 0
    endloop
  endfacet
  facet normal -0.9891765099647809 -0.14673047445536205 0
    outer loop
      vertex -3.4327484814113065 -0.6828161270564489 0
      vertex -3.483146543352689 -0.3430599911534621 14
      vertex -3.483146543352689 -0.3430599911534621 0
    endloop
  endfacet
  facet normal -0.9987954562051723 -0.049067674327417904 0
    outer loop
      vertex -3.483146543352689 -0.3430599911534621 0
      vertex -3.5 0 14
      vertex -3.5 0 0
    endloop
  endfacet
  facet normal 0 0 -1
    outer loop
      vertex -1.9444958155686076 -2.9101436430589085 0
      vertex -1.5859832104091138 -1.9325261334068424 0
      vertex -1.6498885788909918 -3.0867244252192427 0
    endloop
  endfacet
  facet normal 0 0 -1
    outer loop
      vertex -1.6498885788909918 -3.0867244252192427 0
      vertex -1.1784918420649941 -2.204803160870888 0
      vertex -1.3393920132778143 -3.2335783637895035 0
    endloop
  endfacet
  facet normal 0 0 -1
    outer loop
      vertex -1.3393920132778143 -3.2335783637895035 0
      vertex -0.9567085809127245 -2.309698831278217 0
      vertex -1.015996370390618 -3.349291175062731 0
    endloop
  endfacet
  facet normal 0 0 -1
    outer loop
      vertex -1.015996370390618 -3.349291175062731 0
      vertex -0.9567085809127245 -2.309698831278217 0
      vertex -0.7257116931361558 -2.392350839330522 0
    endloop
  endfacet
  facet normal 0 0 -1
    outer loop
      vertex -1.6498885788909918 -3.0867244252192427 0
      vertex -1.5859832104091138 -1.9325261334068424 0
      vertex -1.3889255825490054 -2.078674030756363 0
    endloop
  endfacet
  facet normal 0 0 -1
    outer loop
      vertex -1.6498885788909918 -3.0867244252192427 0
      vertex -1.3889255825490054 -2.078674030756363 0
      vertex -1.1784918420649941 -2.204803160870888 0
    endloop
  endfacet
  facet normal 0 0 -1
    outer loop
      vertex -1.3393920132778143 -3.2335783637895035 0
      vertex -1.1784918420649941 -2.204803160870888 0
      vertex -0.9567085809127245 -2.309698831278217 0
    endloop
  endfacet
  facet normal 0 0 -1
    outer loop
      vertex -1.015996370390618 -3.349291175062731 0
      vertex -0.4877258050403206 -2.451963201008076 0
      vertex -0.6828161270564489 -3.4327484814113065 0
    endloop
  endfacet
  facet normal 0 0 -1
    outer loop
      vertex -1.015996370390618 -3.349291175062731 0
      vertex -0.7257116931361558 -2.392350839330522 0
      vertex -0.4877258050403206 -2.451963201008076 0
    endloop
  endfacet
  facet normal 0 0 -1
    outer loop
      vertex -0.6828161270564489 -3.4327484814113065 0
      vertex -0.4877258050403206 -2.451963201008076 0
      vertex -0.2450428508239015 -2.4879618166804924 0
    endloop
  endfacet
  facet normal 0 0 -1
    outer loop
      vertex -0.6828161270564489 -3.4327484814113065 0
      vertex -0.2450428508239015 -2.4879618166804924 0
      vertex -0.3430599911534621 -3.483146543352689 0
    endloop
  endfacet
  facet normal 0 0 -1
    outer loop
      vertex -0.3430599911534621 -3.483146543352689 0
      vertex -0.2450428508239015 -2.4879618166804924 0
      vertex 0 -3.5 0
    endloop
  endfacet
  facet normal 0 0 -1
    outer loop
      vertex 0 -3.5 0
      vertex -0.2450428508239015 -2.4879618166804924 0
      vertex 0 -2.5 0
    endloop
  endfacet
  facet normal -0.4275550934302814 -0.9039892931234437 0
    outer loop
      vertex -1.6498885788909918 -3.0867244252192427 0
      vertex -1.3393920132778143 -3.2335783637895035 0
      vertex -1.3393920132778143 -3.2335783637895035 14
    endloop
  endfacet
  facet normal -0.5141027441932219 -0.8577286100002719 0
    outer loop
      vertex -1.9444958155686076 -2.9101436430589085 0
      vertex -1.6498885788909918 -3.0867244252192427 0
      vertex -1.6498885788909918 -3.0867244252192427 14
    endloop
  endfacet
  facet normal -0.33688985339222016 -0.9415440651830208 0
    outer loop
      vertex -1.3393920132778143 -3.2335783637895035 0
      vertex -1.015996370390618 -3.349291175062731 0
      vertex -1.015996370390618 -3.349291175062731 14
    endloop
  endfacet
  facet normal -0.24298017990326393 -0.9700312531945441 0
    outer loop
      vertex -1.015996370390618 -3.349291175062731 0
      vertex -0.6828161270564489 -3.4327484814113065 0
      vertex -0.6828161270564489 -3.4327484814113065 14
    endloop
  endfacet
  facet normal -0.14673047445536205 -0.9891765099647809 0
    outer loop
      vertex -0.6828161270564489 -3.4327484814113065 0
      vertex -0.3430599911534621 -3.483146543352689 0
      vertex -0.3430599911534621 -3.483146543352689 14
    endloop
  endfacet
  facet normal -0.049067674327417904 -0.9987954562051723 0
    outer loop
      vertex -0.3430599911534621 -3.483146543352689 0
      vertex 0 -3.5 0
      vertex 0 -3.5 14
    endloop
  endfacet
  facet normal -0.8577286100002719 -0.5141027441932219 0
    outer loop
      vertex -2.9101436430589085 -1.9444958155686076 0
      vertex -2.9101436430589085 -1.9444958155686076 14
      vertex -3.0867244252192427 -1.6498885788909918 14
    endloop
  endfacet
  facet normal -0.8032075314806448 -0.5956993044924332 0
    outer loop
      vertex -2.7055365867695795 -2.220376494572759 0
      vertex -2.7055365867695795 -2.220376494572759 14
      vertex -2.9101436430589085 -1.9444958155686076 14
    endloop
  endfacet
  facet normal -0.5956993044924332 -0.8032075314806448 0
    outer loop
      vertex -2.220376494572759 -2.7055365867695795 0
      vertex -1.9444958155686076 -2.9101436430589085 14
      vertex -2.220376494572759 -2.7055365867695795 14
    endloop
  endfacet
  facet normal -0.5141027441932219 -0.8577286100002719 0
    outer loop
      vertex -1.9444958155686076 -2.9101436430589085 0
      vertex -1.6498885788909918 -3.0867244252192427 14
      vertex -1.9444958155686076 -2.9101436430589085 14
    endloop
  endfacet
  facet normal -0.740951125354959 -0.6715589548470184 0
    outer loop
      vertex -2.4748737341529163 -2.4748737341529163 0
      vertex -2.4748737341529163 -2.4748737341529163 14
      vertex -2.7055365867695795 -2.220376494572759 14
    endloop
  endfacet
  facet normal -0.6715589548470184 -0.740951125354959 0
    outer loop
      vertex -2.4748737341529163 -2.4748737341529163 0
      vertex -2.220376494572759 -2.7055365867695795 14
      vertex -2.4748737341529163 -2.4748737341529163 14
    endloop
  endfacet
  facet normal 0 0 1
    outer loop
      vertex -2.220376494572759 -2.7055365867695795 14
      vertex -2.309698831278217 -0.9567085809127245 14
      vertex -2.4748737341529163 -2.4748737341529163 14
    endloop
  endfacet
  facet normal 0 0 1
    outer loop
      vertex -2.220376494572759 -2.7055365867695795 14
      vertex -1.9444958155686076 -2.9101436430589085 14
      vertex -2.078674030756363 -1.3889255825490054 14
    endloop
  endfacet
  facet normal 0 0 1
    outer loop
      vertex -1.9444958155686076 -2.9101436430589085 14
      vertex -1.6498885788909918 -3.0867244252192427 14
      vertex -1.7677669529663689 -1.7677669529663689 14
    endloop
  endfacet
  facet normal 0 0 1
    outer loop
      vertex -2.220376494572759 -2.7055365867695795 14
      vertex -2.078674030756363 -1.3889255825490054 14
      vertex -2.204803160870888 -1.1784918420649941 14
    endloop
  endfacet
  facet normal 0 0 1
    outer loop
      vertex -1.9444958155686076 -2.9101436430589085 14
      vertex -1.9325261334068424 -1.5859832104091138 14
      vertex -2.078674030756363 -1.3889255825490054 14
    endloop
  endfacet
  facet normal 0 0 1
    outer loop
      vertex -1.9444958155686076 -2.9101436430589085 14
      vertex -1.7677669529663689 -1.7677669529663689 14
      vertex -1.9325261334068424 -1.5859832104091138 14
    endloop
  endfacet
  facet normal -0.9039892931234437 -0.4275550934302814 0
    outer loop
      vertex -3.0867244252192427 -1.6498885788909918 0
      vertex -3.0867244252192427 -1.6498885788909918 14
      vertex -3.2335783637895035 -1.3393920132778143 14
    endloop
  endfacet
  facet normal -0.9700312531945441 -0.24298017990326393 0
    outer loop
      vertex -3.349291175062731 -1.015996370390618 0
      vertex -3.349291175062731 -1.015996370390618 14
      vertex -3.4327484814113065 -0.6828161270564489 14
    endloop
  endfacet
  facet normal -0.9415440651830208 -0.33688985339222016 0
    outer loop
      vertex -3.2335783637895035 -1.3393920132778143 0
      vertex -3.2335783637895035 -1.3393920132778143 14
      vertex -3.349291175062731 -1.015996370390618 14
    endloop
  endfacet
  facet normal -0.9891765099647809 -0.14673047445536205 0
    outer loop
      vertex -3.4327484814113065 -0.6828161270564489 0
      vertex -3.4327484814113065 -0.6828161270564489 14
      vertex -3.483146543352689 -0.3430599911534621 14
    endloop
  endfacet
  facet normal -0.9987954562051723 -0.049067674327417904 0
    outer loop
      vertex -3.483146543352689 -0.3430599911534621 0
      vertex -3.483146543352689 -0.3430599911534621 14
      vertex -3.5 0 14
    endloop
  endfacet
  facet normal 0 0 1
    outer loop
      vertex -3.2335783637895035 -1.3393920132778143 14
      vertex -3.349291175062731 1.015996370390618 14
      vertex -3.349291175062731 -1.015996370390618 14
    endloop
  endfacet
  facet normal 0 0 1
    outer loop
      vertex -3.0867244252192427 -1.6498885788909918 14
      vertex -3.2335783637895035 1.3393920132778143 14
      vertex -3.2335783637895035 -1.3393920132778143 14
    endloop
  endfacet
  facet normal 0 0 1
    outer loop
      vertex -3.349291175062731 -1.015996370390618 14
      vertex -3.4327484814113065 0.6828161270564489 14
      vertex -3.4327484814113065 -0.6828161270564489 14
    endloop
  endfacet
  facet normal 0 0 1
    outer loop
      vertex -3.4327484814113065 -0.6828161270564489 14
      vertex -3.483146543352689 0.3430599911534621 14
      vertex -3.483146543352689 -0.3430599911534621 14
    endloop
  endfacet
  facet normal 0 0 1
    outer loop
      vertex -2.9101436430589085 -1.9444958155686076 14
      vertex -3.0867244252192427 1.6498885788909918 14
      vertex -3.0867244252192427 -1.6498885788909918 14
    endloop
  endfacet
  facet normal 0 0 1
    outer loop
      vertex -2.7055365867695795 -2.220376494572759 14
      vertex -2.9101436430589085 1.9444958155686076 14
      vertex -2.9101436430589085 -1.9444958155686076 14
    endloop
  endfacet
  facet normal 0 0 1
    outer loop
      vertex -2.7055365867695795 -2.220376494572759 14
      vertex -2.4748737341529163 -2.4748737341529163 14
      vertex -2.7055365867695795 2.220376494572759 14
    endloop
  endfacet
  facet normal 0 0 1
    outer loop
      vertex -2.220376494572759 -2.7055365867695795 14
      vertex -2.204803160870888 -1.1784918420649941 14
      vertex -2.309698831278217 -0.9567085809127245 14
    endloop
  endfacet
  facet normal 0 0 1
    outer loop
      vertex -2.4748737341529163 -2.4748737341529163 14
      vertex -2.309698831278217 -0.9567085809127245 14
      vertex -2.392350839330522 -0.7257116931361558 14
    endloop
  endfacet
  facet normal 0 0 1
    outer loop
      vertex -2.4748737341529163 -2.4748737341529163 14
      vertex -2.392350839330522 -0.7257116931361558 14
      vertex -2.451963201008076 -0.4877258050403206 14
    endloop
  endfacet
  facet normal 0 0 1
    outer loop
      vertex -2.4748737341529163 -2.4748737341529163 14
      vertex -2.451963201008076 -0.4877258050403206 14
      vertex -2.4879618166804924 -0.2450428508239015 14
    endloop
  endfacet
  facet normal 0 0 1
    outer loop
      vertex -2.4748737341529163 -2.4748737341529163 14
      vertex -2.4879618166804924 -0.2450428508239015 14
      vertex -2.5 0 14
    endloop
  endfacet
  facet normal 0 0 1
    outer loop
      vertex -2.4748737341529163 -2.4748737341529163 14
      vertex -2.5 0 14
      vertex -2.7055365867695795 2.220376494572759 14
    endloop
  endfacet
  facet normal -0.4275550934302814 -0.9039892931234437 0
    outer loop
      vertex -1.6498885788909918 -3.0867244252192427 0
      vertex -1.3393920132778143 -3.2335783637895035 14
      vertex -1.6498885788909918 -3.0867244252192427 14
    endloop
  endfacet
  facet normal -0.33688985339222016 -0.9415440651830208 0
    outer loop
      vertex -1.3393920132778143 -3.2335783637895035 0
      vertex -1.015996370390618 -3.349291175062731 14
      vertex -1.3393920132778143 -3.2335783637895035 14
    endloop
  endfacet
  facet normal -0.24298017990326393 -0.9700312531945441 0
    outer loop
      vertex -1.015996370390618 -3.349291175062731 0
      vertex -0.6828161270564489 -3.4327484814113065 14
      vertex -1.015996370390618 -3.349291175062731 14
    endloop
  endfacet
  facet normal -0.14673047445536205 -0.9891765099647809 0
    outer loop
      vertex -0.6828161270564489 -3.4327484814113065 0
      vertex -0.3430599911534621 -3.483146543352689 14
      vertex -0.6828161270564489 -3.4327484814113065 14
    endloop
  endfacet
  facet normal -0.049067674327417904 -0.9987954562051723 0
    outer loop
      vertex -0.3430599911534621 -3.483146543352689 0
      vertex 0 -3.5 14
      vertex -0.3430599911534621 -3.483146543352689 14
    endloop
  endfacet
  facet normal 0 0 1
    outer loop
      vertex -1.6498885788909918 -3.0867244252192427 14
      vertex -1.3393920132778143 -3.2335783637895035 14
      vertex -1.5859832104091138 -1.9325261334068424 14
    endloop
  endfacet
  facet normal 0 0 1
    outer loop
      vertex -1.3393920132778143 -3.2335783637895035 14
      vertex -1.015996370390618 -3.349291175062731 14
      vertex -1.1784918420649941 -2.204803160870888 14
    endloop
  endfacet
  facet normal 0 0 1
    outer loop
      vertex -1.015996370390618 -3.349291175062731 14
      vertex -0.6828161270564489 -3.4327484814113065 14
      vertex -0.9567085809127245 -2.309698831278217 14
    endloop
  endfacet
  facet normal 0 0 1
    outer loop
      vertex -1.6498885788909918 -3.0867244252192427 14
      vertex -1.5859832104091138 -1.9325261334068424 14
      vertex -1.7677669529663689 -1.7677669529663689 14
    endloop
  endfacet
  facet normal 0 0 1
    outer loop
      vertex -1.3393920132778143 -3.2335783637895035 14
      vertex -1.3889255825490054 -2.078674030756363 14
      vertex -1.5859832104091138 -1.9325261334068424 14
    endloop
  endfacet
  facet normal 0 0 1
    outer loop
      vertex -1.3393920132778143 -3.2335783637895035 14
      vertex -1.1784918420649941 -2.204803160870888 14
      vertex -1.3889255825490054 -2.078674030756363 14
    endloop
  endfacet
  facet normal 0 0 1
    outer loop
      vertex -1.015996370390618 -3.349291175062731 14
      vertex -0.9567085809127245 -2.309698831278217 14
      vertex -1.1784918420649941 -2.204803160870888 14
    endloop
  endfacet
  facet normal 0 0 1
    outer loop
      vertex -0.6828161270564489 -3.4327484814113065 14
      vertex -0.3430599911534621 -3.483146543352689 14
      vertex -0.4877258050403206 -2.451963201008076 14
    endloop
  endfacet
  facet normal 0 0 1
    outer loop
      vertex -0.6828161270564489 -3.4327484814113065 14
      vertex -0.7257116931361558 -2.392350839330522 14
      vertex -0.9567085809127245 -2.309698831278217 14
    endloop
  endfacet
  facet normal 0 0 1
    outer loop
      vertex -0.6828161270564489 -3.4327484814113065 14
      vertex -0.4877258050403206 -2.451963201008076 14
      vertex -0.7257116931361558 -2.392350839330522 14
    endloop
  endfacet
  facet normal 0 0 1
    outer loop
      vertex -0.3430599911534621 -3.483146543352689 14
      vertex 0 -3.5 14
      vertex -0.2450428508239015 -2.4879618166804924 14
    endloop
  endfacet
  facet normal 0 0 1
    outer loop
      vertex -0.3430599911534621 -3.483146543352689 14
      vertex -0.2450428508239015 -2.4879618166804924 14
      vertex -0.4877258050403206 -2.451963201008076 14
    endloop
  endfacet
  facet normal 0 0 1
    outer loop
      vertex 0 -3.5 14
      vertex 0 -2.5 14
      vertex -0.2450428508239015 -2.4879618166804924 14
    endloop
  endfacet
  facet normal 0 0 -1
    outer loop
      vertex -3.483146543352689 -0.3430599911534621 0
      vertex -3.5 0 0
      vertex -3.483146543352689 0.3430599911534621 0
    endloop
  endfacet
  facet normal 0 0 -1
    outer loop
      vertex -3.483146543352689 -0.3430599911534621 0
      vertex -3.483146543352689 0.3430599911534621 0
      vertex -3.4327484814113065 0.6828161270564489 0
    endloop
  endfacet
  facet normal 0 0 -1
    outer loop
      vertex -3.4327484814113065 -0.6828161270564489 0
      vertex -3.4327484814113065 0.6828161270564489 0
      vertex -3.349291175062731 1.015996370390618 0
    endloop
  endfacet
  facet normal 0 0 -1
    outer loop
      vertex -3.349291175062731 -1.015996370390618 0
      vertex -3.349291175062731 1.015996370390618 0
      vertex -3.2335783637895035 1.3393920132778143 0
    endloop
  endfacet
  facet normal 0 0 -1
    outer loop
      vertex -3.2335783637895035 -1.3393920132778143 0
      vertex -3.2335783637895035 1.3393920132778143 0
      vertex -3.0867244252192427 1.6498885788909918 0
    endloop
  endfacet
  facet normal 0 0 -1
    outer loop
      vertex -3.0867244252192427 -1.6498885788909918 0
      vertex -3.0867244252192427 1.6498885788909918 0
      vertex -2.9101436430589085 1.9444958155686076 0
    endloop
  endfacet
  facet normal 0 0 -1
    outer loop
      vertex -2.9101436430589085 -1.9444958155686076 0
      vertex -2.9101436430589085 1.9444958155686076 0
      vertex -2.7055365867695795 2.220376494572759 0
    endloop
  endfacet
  facet normal 0 0 -1
    outer loop
      vertex -2.7055365867695795 -2.220376494572759 0
      vertex -2.7055365867695795 2.220376494572759 0
      vertex -2.4748737341529163 2.4748737341529163 0
    endloop
  endfacet
  facet normal 0 0 -1
    outer loop
      vertex -2.7055365867695795 -2.220376494572759 0
      vertex -2.4748737341529163 2.4748737341529163 0
      vertex -2.5 0 0
    endloop
  endfacet
  facet normal 0 0 -1
    outer loop
      vertex -2.4748737341529163 2.4748737341529163 0
      vertex -2.4879618166804924 0.2450428508239015 0
      vertex -2.5 0 0
    endloop
  endfacet
  facet normal 0 0 -1
    outer loop
      vertex -2.4748737341529163 2.4748737341529163 0
      vertex -2.451963201008076 0.4877258050403206 0
      vertex -2.4879618166804924 0.2450428508239015 0
    endloop
  endfacet
  facet normal 0 0 -1
    outer loop
      vertex -2.4748737341529163 2.4748737341529163 0
      vertex -2.392350839330522 0.7257116931361558 0
      vertex -2.451963201008076 0.4877258050403206 0
    endloop
  endfacet
  facet normal 0 0 -1
    outer loop
      vertex -2.4748737341529163 2.4748737341529163 0
      vertex -2.309698831278217 0.9567085809127245 0
      vertex -2.392350839330522 0.7257116931361558 0
    endloop
  endfacet
  facet normal 0 0 -1
    outer loop
      vertex -2.220376494572759 2.7055365867695795 0
      vertex -2.204803160870888 1.1784918420649941 0
      vertex -2.309698831278217 0.9567085809127245 0
    endloop
  endfacet
  facet normal -0.9987954562051723 0.049067674327417904 0
    outer loop
      vertex -3.5 0 0
      vertex -3.483146543352689 0.3430599911534621 14
      vertex -3.483146543352689 0.3430599911534621 0
    endloop
  endfacet
  facet normal -0.9891765099647809 0.14673047445536205 0
    outer loop
      vertex -3.483146543352689 0.3430599911534621 0
      vertex -3.4327484814113065 0.6828161270564489 14
      vertex -3.4327484814113065 0.6828161270564489 0
    endloop
  endfacet
  facet normal -0.9700312531945441 0.24298017990326393 0
    outer loop
      vertex -3.4327484814113065 0.6828161270564489 0
      vertex -3.349291175062731 1.015996370390618 14
      vertex -3.349291175062731 1.015996370390618 0
    endloop
  endfacet
  facet normal -0.9415440651830208 0.33688985339222016 0
    outer loop
      vertex -3.349291175062731 1.015996370390618 0
      vertex -3.2335783637895035 1.3393920132778143 14
      vertex -3.2335783637895035 1.3393920132778143 0
    endloop
  endfacet
  facet normal -0.9039892931234437 0.4275550934302814 0
    outer loop
      vertex -3.2335783637895035 1.3393920132778143 0
      vertex -3.0867244252192427 1.6498885788909918 14
      vertex -3.0867244252192427 1.6498885788909918 0
    endloop
  endfacet
  facet normal 0 0 -1
    outer loop
      vertex -2.4748737341529163 2.4748737341529163 0
      vertex -2.220376494572759 2.7055365867695795 0
      vertex -2.309698831278217 0.9567085809127245 0
    endloop
  endfacet
  facet normal 0 0 -1
    outer loop
      vertex -2.220376494572759 2.7055365867695795 0
      vertex -2.078674030756363 1.3889255825490054 0
      vertex -2.204803160870888 1.1784918420649941 0
    endloop
  endfacet
  facet normal 0 0 -1
    outer loop
      vertex -1.9444958155686076 2.9101436430589085 0
      vertex -1.9325261334068424 1.5859832104091138 0
      vertex -2.078674030756363 1.3889255825490054 0
    endloop
  endfacet
  facet normal 0 0 -1
    outer loop
      vertex -1.9444958155686076 2.9101436430589085 0
      vertex -1.7677669529663689 1.7677669529663689 0
      vertex -1.9325261334068424 1.5859832104091138 0
    endloop
  endfacet
  facet normal 0 0 -1
    outer loop
      vertex -2.220376494572759 2.7055365867695795 0
      vertex -1.9444958155686076 2.9101436430589085 0
      vertex -2.078674030756363 1.3889255825490054 0
    endloop
  endfacet
  facet normal 0 0 -1
    outer loop
      vertex -1.9444958155686076 2.9101436430589085 0
      vertex -1.6498885788909918 3.0867244252192427 0
      vertex -1.7677669529663689 1.7677669529663689 0
    endloop
  endfacet
  facet normal -0.8577286100002719 0.5141027441932219 0
    outer loop
      vertex -3.0867244252192427 1.6498885788909918 0
      vertex -2.9101436430589085 1.9444958155686076 14
      vertex -2.9101436430589085 1.9444958155686076 0
    endloop
  endfacet
  facet normal -0.8032075314806448 0.5956993044924332 0
    outer loop
      vertex -2.9101436430589085 1.9444958155686076 0
      vertex -2.7055365867695795 2.220376494572759 14
      vertex -2.7055365867695795 2.220376494572759 0
    endloop
  endfacet
  facet normal -0.740951125354959 0.6715589548470184 0
    outer loop
      vertex -2.7055365867695795 2.220376494572759 0
      vertex -2.4748737341529163 2.4748737341529163 14
      vertex -2.4748737341529163 2.4748737341529163 0
    endloop
  endfacet
  facet normal -0.6715589548470184 0.740951125354959 0
    outer loop
      vertex -2.4748737341529163 2.4748737341529163 0
      vertex -2.4748737341529163 2.4748737341529163 14
      vertex -2.220376494572759 2.7055365867695795 0
    endloop
  endfacet
  facet normal -0.5956993044924332 0.8032075314806448 0
    outer loop
      vertex -2.220376494572759 2.7055365867695795 0
      vertex -2.220376494572759 2.7055365867695795 14
      vertex -1.9444958155686076 2.9101436430589085 0
    endloop
  endfacet
  facet normal -0.5141027441932219 0.8577286100002719 0
    outer loop
      vertex -1.9444958155686076 2.9101436430589085 0
      vertex -1.9444958155686076 2.9101436430589085 14
      vertex -1.6498885788909918 3.0867244252192427 0
    endloop
  endfacet
  facet normal 0 0 -1
    outer loop
      vertex -1.6498885788909918 3.0867244252192427 0
      vertex -1.5859832104091138 1.9325261334068424 0
      vertex -1.7677669529663689 1.7677669529663689 0
    endloop
  endfacet
  facet normal 0 0 -1
    outer loop
      vertex -1.3393920132778143 3.2335783637895035 0
      vertex -1.3889255825490054 2.078674030756363 0
      vertex -1.5859832104091138 1.9325261334068424 0
    endloop
  endfacet
  facet normal 0 0 -1
    outer loop
      vertex -1.3393920132778143 3.2335783637895035 0
      vertex -1.1784918420649941 2.204803160870888 0
      vertex -1.3889255825490054 2.078674030756363 0
    endloop
  endfacet
  facet normal 0 0 -1
    outer loop
      vertex -1.015996370390618 3.349291175062731 0
      vertex -0.9567085809127245 2.309698831278217 0
      vertex -1.1784918420649941 2.204803160870888 0
    endloop
  endfacet
  facet normal 0 0 -1
    outer loop
      vertex -1.6498885788909918 3.0867244252192427 0
      vertex -1.3393920132778143 3.2335783637895035 0
      vertex -1.5859832104091138 1.9325261334068424 0
    endloop
  endfacet
  facet normal 0 0 -1
    outer loop
      vertex -1.3393920132778143 3.2335783637895035 0
      vertex -1.015996370390618 3.349291175062731 0
      vertex -1.1784918420649941 2.204803160870888 0
    endloop
  endfacet
  facet normal 0 0 -1
    outer loop
      vertex -1.015996370390618 3.349291175062731 0
      vertex -0.6828161270564489 3.4327484814113065 0
      vertex -0.9567085809127245 2.309698831278217 0
    endloop
  endfacet
  facet normal 0 0 -1
    outer loop
      vertex -0.6828161270564489 3.4327484814113065 0
      vertex -0.7257116931361558 2.392350839330522 0
      vertex -0.9567085809127245 2.309698831278217 0
    endloop
  endfacet
  facet normal 0 0 -1
    outer loop
      vertex -0.6828161270564489 3.4327484814113065 0
      vertex -0.4877258050403206 2.451963201008076 0
      vertex -0.7257116931361558 2.392350839330522 0
    endloop
  endfacet
  facet normal 0 0 -1
    outer loop
      vertex -0.6828161270564489 3.4327484814113065 0
      vertex -0.3430599911534621 3.483146543352689 0
      vertex -0.4877258050403206 2.451963201008076 0
    endloop
  endfacet
  facet normal 0 0 -1
    outer loop
      vertex -0.3430599911534621 3.483146543352689 0
      vertex -0.2450428508239015 2.4879618166804924 0
      vertex -0.4877258050403206 2.451963201008076 0
    endloop
  endfacet
  facet normal 0 0 -1
    outer loop
      vertex 0 3.5 0
      vertex 0 2.5 0
      vertex -0.2450428508239015 2.4879618166804924 0
    endloop
  endfacet
  facet normal 0 0 -1
    outer loop
      vertex -0.3430599911534621 3.483146543352689 0
      vertex 0 3.5 0
      vertex -0.2450428508239015 2.4879618166804924 0
    endloop
  endfacet
  facet normal -0.4275550934302814 0.9039892931234437 0
    outer loop
      vertex -1.6498885788909918 3.0867244252192427 0
      vertex -1.6498885788909918 3.0867244252192427 14
      vertex -1.3393920132778143 3.2335783637895035 0
    endloop
  endfacet
  facet normal -0.33688985339222016 0.9415440651830208 0
    outer loop
      vertex -1.3393920132778143 3.2335783637895035 0
      vertex -1.3393920132778143 3.2335783637895035 14
      vertex -1.015996370390618 3.349291175062731 0
    endloop
  endfacet
  facet normal -0.24298017990326393 0.9700312531945441 0
    outer loop
      vertex -1.015996370390618 3.349291175062731 0
      vertex -1.015996370390618 3.349291175062731 14
      vertex -0.6828161270564489 3.4327484814113065 0
    endloop
  endfacet
  facet normal -0.14673047445536205 0.9891765099647809 0
    outer loop
      vertex -0.6828161270564489 3.4327484814113065 0
      vertex -0.6828161270564489 3.4327484814113065 14
      vertex -0.3430599911534621 3.483146543352689 0
    endloop
  endfacet
  facet normal -0.049067674327417904 0.9987954562051723 0
    outer loop
      vertex -0.3430599911534621 3.483146543352689 0
      vertex -0.3430599911534621 3.483146543352689 14
      vertex 0 3.5 0
    endloop
  endfacet
  facet normal -0.9987954562051723 0.049067674327417904 0
    outer loop
      vertex -3.5 0 0
      vertex -3.5 0 14
      vertex -3.483146543352689 0.3430599911534621 14
    endloop
  endfacet
  facet normal -0.9891765099647809 0.14673047445536205 0
    outer loop
      vertex -3.483146543352689 0.3430599911534621 0
      vertex -3.483146543352689 0.3430599911534621 14
      vertex -3.4327484814113065 0.6828161270564489 14
    endloop
  endfacet
  facet normal -0.9700312531945441 0.24298017990326393 0
    outer loop
      vertex -3.4327484814113065 0.6828161270564489 0
      vertex -3.4327484814113065 0.6828161270564489 14
      vertex -3.349291175062731 1.015996370390618 14
    endloop
  endfacet
  facet normal -0.9415440651830208 0.33688985339222016 0
    outer loop
      vertex -3.349291175062731 1.015996370390618 0
      vertex -3.349291175062731 1.015996370390618 14
      vertex -3.2335783637895035 1.3393920132778143 14
    endloop
  endfacet
  facet normal -0.9039892931234437 0.4275550934302814 0
    outer loop
      vertex -3.2335783637895035 1.3393920132778143 0
      vertex -3.2335783637895035 1.3393920132778143 14
      vertex -3.0867244252192427 1.6498885788909918 14
    endloop
  endfacet
  facet normal -0.8577286100002719 0.5141027441932219 0
    outer loop
      vertex -3.0867244252192427 1.6498885788909918 0
      vertex -3.0867244252192427 1.6498885788909918 14
      vertex -2.9101436430589085 1.9444958155686076 14
    endloop
  endfacet
  facet normal 0 0 1
    outer loop
      vertex -3.483146543352689 -0.3430599911534621 14
      vertex -3.483146543352689 0.3430599911534621 14
      vertex -3.5 0 14
    endloop
  endfacet
  facet normal 0 0 1
    outer loop
      vertex -3.4327484814113065 -0.6828161270564489 14
      vertex -3.4327484814113065 0.6828161270564489 14
      vertex -3.483146543352689 0.3430599911534621 14
    endloop
  endfacet
  facet normal 0 0 1
    outer loop
      vertex -3.349291175062731 -1.015996370390618 14
      vertex -3.349291175062731 1.015996370390618 14
      vertex -3.4327484814113065 0.6828161270564489 14
    endloop
  endfacet
  facet normal 0 0 1
    outer loop
      vertex -3.2335783637895035 -1.3393920132778143 14
      vertex -3.2335783637895035 1.3393920132778143 14
      vertex -3.349291175062731 1.015996370390618 14
    endloop
  endfacet
  facet normal 0 0 1
    outer loop
      vertex -3.0867244252192427 -1.6498885788909918 14
      vertex -3.0867244252192427 1.6498885788909918 14
      vertex -3.2335783637895035 1.3393920132778143 14
    endloop
  endfacet
  facet normal 0 0 1
    outer loop
      vertex -2.9101436430589085 -1.9444958155686076 14
      vertex -2.9101436430589085 1.9444958155686076 14
      vertex -3.0867244252192427 1.6498885788909918 14
    endloop
  endfacet
  facet normal 0 0 1
    outer loop
      vertex -2.7055365867695795 -2.220376494572759 14
      vertex -2.7055365867695795 2.220376494572759 14
      vertex -2.9101436430589085 1.9444958155686076 14
    endloop
  endfacet
  facet normal 0 0 1
    outer loop
      vertex -2.7055365867695795 2.220376494572759 14
      vertex -2.5 0 14
      vertex -2.4879618166804924 0.2450428508239015 14
    endloop
  endfacet
  facet normal 0 0 1
    outer loop
      vertex -2.7055365867695795 2.220376494572759 14
      vertex -2.4879618166804924 0.2450428508239015 14
      vertex -2.451963201008076 0.4877258050403206 14
    endloop
  endfacet
  facet normal 0 0 1
    outer loop
      vertex -2.4748737341529163 2.4748737341529163 14
      vertex -2.451963201008076 0.4877258050403206 14
      vertex -2.392350839330522 0.7257116931361558 14
    endloop
  endfacet
  facet normal 0 0 1
    outer loop
      vertex -2.7055365867695795 2.220376494572759 14
      vertex -2.451963201008076 0.4877258050403206 14
      vertex -2.4748737341529163 2.4748737341529163 14
    endloop
  endfacet
  facet normal 0 0 1
    outer loop
      vertex -2.4748737341529163 2.4748737341529163 14
      vertex -2.392350839330522 0.7257116931361558 14
      vertex -2.309698831278217 0.9567085809127245 14
    endloop
  endfacet
  facet normal 0 0 1
    outer loop
      vertex -2.4748737341529163 2.4748737341529163 14
      vertex -2.309698831278217 0.9567085809127245 14
      vertex -2.204803160870888 1.1784918420649941 14
    endloop
  endfacet
  facet normal -0.8032075314806448 0.5956993044924332 0
    outer loop
      vertex -2.9101436430589085 1.9444958155686076 0
      vertex -2.9101436430589085 1.9444958155686076 14
      vertex -2.7055365867695795 2.220376494572759 14
    endloop
  endfacet
  facet normal -0.740951125354959 0.6715589548470184 0
    outer loop
      vertex -2.7055365867695795 2.220376494572759 0
      vertex -2.7055365867695795 2.220376494572759 14
      vertex -2.4748737341529163 2.4748737341529163 14
    endloop
  endfacet
  facet normal -0.6715589548470184 0.740951125354959 0
    outer loop
      vertex -2.220376494572759 2.7055365867695795 0
      vertex -2.4748737341529163 2.4748737341529163 14
      vertex -2.220376494572759 2.7055365867695795 14
    endloop
  endfacet
  facet normal -0.5956993044924332 0.8032075314806448 0
    outer loop
      vertex -1.9444958155686076 2.9101436430589085 0
      vertex -2.220376494572759 2.7055365867695795 14
      vertex -1.9444958155686076 2.9101436430589085 14
    endloop
  endfacet
  facet normal 0 0 1
    outer loop
      vertex -2.4748737341529163 2.4748737341529163 14
      vertex -2.204803160870888 1.1784918420649941 14
      vertex -2.220376494572759 2.7055365867695795 14
    endloop
  endfacet
  facet normal 0 0 1
    outer loop
      vertex -2.220376494572759 2.7055365867695795 14
      vertex -2.204803160870888 1.1784918420649941 14
      vertex -2.078674030756363 1.3889255825490054 14
    endloop
  endfacet
  facet normal 0 0 1
    outer loop
      vertex -2.220376494572759 2.7055365867695795 14
      vertex -2.078674030756363 1.3889255825490054 14
      vertex -1.9325261334068424 1.5859832104091138 14
    endloop
  endfacet
  facet normal 0 0 1
    outer loop
      vertex -1.9444958155686076 2.9101436430589085 14
      vertex -1.9325261334068424 1.5859832104091138 14
      vertex -1.7677669529663689 1.7677669529663689 14
    endloop
  endfacet
  facet normal 0 0 1
    outer loop
      vertex -2.220376494572759 2.7055365867695795 14
      vertex -1.9325261334068424 1.5859832104091138 14
      vertex -1.9444958155686076 2.9101436430589085 14
    endloop
  endfacet
  facet normal 0 0 1
    outer loop
      vertex -1.9444958155686076 2.9101436430589085 14
      vertex -1.7677669529663689 1.7677669529663689 14
      vertex -1.5859832104091138 1.9325261334068424 14
    endloop
  endfacet
  facet normal -0.5141027441932219 0.8577286100002719 0
    outer loop
      vertex -1.6498885788909918 3.0867244252192427 0
      vertex -1.9444958155686076 2.9101436430589085 14
      vertex -1.6498885788909918 3.0867244252192427 14
    endloop
  endfacet
  facet normal -0.4275550934302814 0.9039892931234437 0
    outer loop
      vertex -1.3393920132778143 3.2335783637895035 0
      vertex -1.6498885788909918 3.0867244252192427 14
      vertex -1.3393920132778143 3.2335783637895035 14
    endloop
  endfacet
  facet normal -0.33688985339222016 0.9415440651830208 0
    outer loop
      vertex -1.015996370390618 3.349291175062731 0
      vertex -1.3393920132778143 3.2335783637895035 14
      vertex -1.015996370390618 3.349291175062731 14
    endloop
  endfacet
  facet normal -0.24298017990326393 0.9700312531945441 0
    outer loop
      vertex -0.6828161270564489 3.4327484814113065 0
      vertex -1.015996370390618 3.349291175062731 14
      vertex -0.6828161270564489 3.4327484814113065 14
    endloop
  endfacet
  facet normal -0.14673047445536205 0.9891765099647809 0
    outer loop
      vertex -0.3430599911534621 3.483146543352689 0
      vertex -0.6828161270564489 3.4327484814113065 14
      vertex -0.3430599911534621 3.483146543352689 14
    endloop
  endfacet
  facet normal -0.049067674327417904 0.9987954562051723 0
    outer loop
      vertex -0.3430599911534621 3.483146543352689 14
      vertex 0 3.5 14
      vertex 0 3.5 0
    endloop
  endfacet
  facet normal 0 0 1
    outer loop
      vertex -1.6498885788909918 3.0867244252192427 14
      vertex -1.5859832104091138 1.9325261334068424 14
      vertex -1.3889255825490054 2.078674030756363 14
    endloop
  endfacet
  facet normal 0 0 1
    outer loop
      vertex -1.6498885788909918 3.0867244252192427 14
      vertex -1.3889255825490054 2.078674030756363 14
      vertex -1.1784918420649941 2.204803160870888 14
    endloop
  endfacet
  facet normal 0 0 1
    outer loop
      vertex -1.3393920132778143 3.2335783637895035 14
      vertex -1.1784918420649941 2.204803160870888 14
      vertex -0.9567085809127245 2.309698831278217 14
    endloop
  endfacet
  facet normal 0 0 1
    outer loop
      vertex -1.9444958155686076 2.9101436430589085 14
      vertex -1.5859832104091138 1.9325261334068424 14
      vertex -1.6498885788909918 3.0867244252192427 14
    endloop
  endfacet
  facet normal 0 0 1
    outer loop
      vertex -1.6498885788909918 3.0867244252192427 14
      vertex -1.1784918420649941 2.204803160870888 14
      vertex -1.3393920132778143 3.2335783637895035 14
    endloop
  endfacet
  facet normal 0 0 1
    outer loop
      vertex -1.3393920132778143 3.2335783637895035 14
      vertex -0.9567085809127245 2.309698831278217 14
      vertex -1.015996370390618 3.349291175062731 14
    endloop
  endfacet
  facet normal 0 0 1
    outer loop
      vertex -1.015996370390618 3.349291175062731 14
      vertex -0.9567085809127245 2.309698831278217 14
      vertex -0.7257116931361558 2.392350839330522 14
    endloop
  endfacet
  facet normal 0 0 1
    outer loop
      vertex -1.015996370390618 3.349291175062731 14
      vertex -0.7257116931361558 2.392350839330522 14
      vertex -0.4877258050403206 2.451963201008076 14
    endloop
  endfacet
  facet normal 0 0 1
    outer loop
      vertex -0.6828161270564489 3.4327484814113065 14
      vertex -0.4877258050403206 2.451963201008076 14
      vertex -0.2450428508239015 2.4879618166804924 14
    endloop
  endfacet
  facet normal 0 0 1
    outer loop
      vertex -1.015996370390618 3.349291175062731 14
      vertex -0.4877258050403206 2.451963201008076 14
      vertex -0.6828161270564489 3.4327484814113065 14
    endloop
  endfacet
  facet normal 0 0 1
    outer loop
      vertex 0 3.5 14
      vertex -0.2450428508239015 2.4879618166804924 14
      vertex 0 2.5 14
    endloop
  endfacet
  facet normal 0 0 1
    outer loop
      vertex -0.6828161270564489 3.4327484814113065 14
      vertex -0.2450428508239015 2.4879618166804924 14
      vertex -0.3430599911534621 3.483146543352689 14
    endloop
  endfacet
  facet normal 0 0 1
    outer loop
      vertex -0.3430599911534621 3.483146543352689 14
      vertex -0.2450428508239015 2.4879618166804924 14
      vertex 0 3.5 14
    endloop
  endfacet
  facet normal 0 0 -1
    outer loop
      vertex 0 -3.5 0
      vertex 0.2450428508239015 -2.4879618166804924 0
      vertex 0.3430599911534621 -3.483146543352689 0
    endloop
  endfacet
  facet normal 0 0 -1
    outer loop
      vertex 0 -3.5 0
      vertex 0 -2.5 0
      vertex 0.2450428508239015 -2.4879618166804924 0
    endloop
  endfacet
  facet normal 0 0 -1
    outer loop
      vertex 0.3430599911534621 -3.483146543352689 0
      vertex 0.2450428508239015 -2.4879618166804924 0
      vertex 0.4877258050403206 -2.451963201008076 0
    endloop
  endfacet
  facet normal 0 0 -1
    outer loop
      vertex 0.3430599911534621 -3.483146543352689 0
      vertex 0.4877258050403206 -2.451963201008076 0
      vertex 0.6828161270564489 -3.4327484814113065 0
    endloop
  endfacet
  facet normal 0 0 -1
    outer loop
      vertex 0.6828161270564489 -3.4327484814113065 0
      vertex 0.4877258050403206 -2.451963201008076 0
      vertex 0.7257116931361558 -2.392350839330522 0
    endloop
  endfacet
  facet normal 0 0 -1
    outer loop
      vertex 0.6828161270564489 -3.4327484814113065 0
      vertex 0.7257116931361558 -2.392350839330522 0
      vertex 0.9567085809127245 -2.309698831278217 0
    endloop
  endfacet
  facet normal 0 0 -1
    outer loop
      vertex 0.6828161270564489 -3.4327484814113065 0
      vertex 0.9567085809127245 -2.309698831278217 0
      vertex 1.015996370390618 -3.349291175062731 0
    endloop
  endfacet
  facet normal 0 0 -1
    outer loop
      vertex 1.015996370390618 -3.349291175062731 0
      vertex 1.1784918420649941 -2.204803160870888 0
      vertex 1.3393920132778143 -3.2335783637895035 0
    endloop
  endfacet
  facet normal 0 0 -1
    outer loop
      vertex 1.3393920132778143 -3.2335783637895035 0
      vertex 1.5859832104091138 -1.9325261334068424 0
      vertex 1.6498885788909918 -3.0867244252192427 0
    endloop
  endfacet
  facet normal 0 0 -1
    outer loop
      vertex 1.015996370390618 -3.349291175062731 0
      vertex 0.9567085809127245 -2.309698831278217 0
      vertex 1.1784918420649941 -2.204803160870888 0
    endloop
  endfacet
  facet normal 0 0 -1
    outer loop
      vertex 1.3393920132778143 -3.2335783637895035 0
      vertex 1.1784918420649941 -2.204803160870888 0
      vertex 1.3889255825490054 -2.078674030756363 0
    endloop
  endfacet
  facet normal 0 0 -1
    outer loop
      vertex 1.3393920132778143 -3.2335783637895035 0
      vertex 1.3889255825490054 -2.078674030756363 0
      vertex 1.5859832104091138 -1.9325261334068424 0
    endloop
  endfacet
  facet normal 0 0 -1
    outer loop
      vertex 1.6498885788909918 -3.0867244252192427 0
      vertex 1.5859832104091138 -1.9325261334068424 0
      vertex 1.7677669529663689 -1.7677669529663689 0
    endloop
  endfacet
  facet normal 0.049067674327417904 -0.9987954562051723 0
    outer loop
      vertex 0 -3.5 0
      vertex 0.3430599911534621 -3.483146543352689 0
      vertex 0.3430599911534621 -3.483146543352689 14
    endloop
  endfacet
  facet normal 0.14673047445536205 -0.9891765099647809 0
    outer loop
      vertex 0.3430599911534621 -3.483146543352689 0
      vertex 0.6828161270564489 -3.4327484814113065 0
      vertex 0.6828161270564489 -3.4327484814113065 14
    endloop
  endfacet
  facet normal 0.24298017990326393 -0.9700312531945441 0
    outer loop
      vertex 0.6828161270564489 -3.4327484814113065 0
      vertex 1.015996370390618 -3.349291175062731 0
      vertex 1.015996370390618 -3.349291175062731 14
    endloop
  endfacet
  facet normal 0.33688985339222016 -0.9415440651830208 0
    outer loop
      vertex 1.015996370390618 -3.349291175062731 0
      vertex 1.3393920132778143 -3.2335783637895035 0
      vertex 1.3393920132778143 -3.2335783637895035 14
    endloop
  endfacet
  facet normal 0.4275550934302814 -0.9039892931234437 0
    outer loop
      vertex 1.3393920132778143 -3.2335783637895035 0
      vertex 1.6498885788909918 -3.0867244252192427 0
      vertex 1.6498885788909918 -3.0867244252192427 14
    endloop
  endfacet
  facet normal 0 0 -1
    outer loop
      vertex 1.6498885788909918 -3.0867244252192427 0
      vertex 1.7677669529663689 -1.7677669529663689 0
      vertex 1.9444958155686076 -2.9101436430589085 0
    endloop
  endfacet
  facet normal 0 0 -1
    outer loop
      vertex 1.9444958155686076 -2.9101436430589085 0
      vertex 2.078674030756363 -1.3889255825490054 0
      vertex 2.220376494572759 -2.7055365867695795 0
    endloop
  endfacet
  facet normal 0 0 -1
    outer loop
      vertex 1.9444958155686076 -2.9101436430589085 0
      vertex 1.7677669529663689 -1.7677669529663689 0
      vertex 1.9325261334068424 -1.5859832104091138 0
    endloop
  endfacet
  facet normal 0 0 -1
    outer loop
      vertex 1.9444958155686076 -2.9101436430589085 0
      vertex 1.9325261334068424 -1.5859832104091138 0
      vertex 2.078674030756363 -1.3889255825490054 0
    endloop
  endfacet
  facet normal 0 0 -1
    outer loop
      vertex 2.220376494572759 -2.7055365867695795 0
      vertex 2.078674030756363 -1.3889255825490054 0
      vertex 2.204803160870888 -1.1784918420649941 0
    endloop
  endfacet
  facet normal 0 0 -1
    outer loop
      vertex 2.220376494572759 -2.7055365867695795 0
      vertex 2.309698831278217 -0.9567085809127245 0
      vertex 2.4748737341529163 -2.4748737341529163 0
    endloop
  endfacet
  facet normal 0.5141027441932219 -0.8577286100002719 0
    outer loop
      vertex 1.6498885788909918 -3.0867244252192427 0
      vertex 1.9444958155686076 -2.9101436430589085 0
      vertex 1.9444958155686076 -2.9101436430589085 14
    endloop
  endfacet
  facet normal 0.5956993044924332 -0.8032075314806448 0
    outer loop
      vertex 1.9444958155686076 -2.9101436430589085 0
      vertex 2.220376494572759 -2.7055365867695795 0
      vertex 2.220376494572759 -2.7055365867695795 14
    endloop
  endfacet
  facet normal 0.6715589548470184 -0.740951125354959 0
    outer loop
      vertex 2.220376494572759 -2.7055365867695795 0
      vertex 2.4748737341529163 -2.4748737341529163 0
      vertex 2.4748737341529163 -2.4748737341529163 14
    endloop
  endfacet
  facet normal 0.740951125354959 -0.6715589548470184 0
    outer loop
      vertex 2.4748737341529163 -2.4748737341529163 0
      vertex 2.7055365867695795 -2.220376494572759 0
      vertex 2.4748737341529163 -2.4748737341529163 14
    endloop
  endfacet
  facet normal 0.8032075314806448 -0.5956993044924332 0
    outer loop
      vertex 2.7055365867695795 -2.220376494572759 0
      vertex 2.9101436430589085 -1.9444958155686076 0
      vertex 2.7055365867695795 -2.220376494572759 14
    endloop
  endfacet
  facet normal 0.8577286100002719 -0.5141027441932219 0
    outer loop
      vertex 2.9101436430589085 -1.9444958155686076 0
      vertex 3.0867244252192427 -1.6498885788909918 0
      vertex 2.9101436430589085 -1.9444958155686076 14
    endloop
  endfacet
  facet normal 0 0 -1
    outer loop
      vertex 2.220376494572759 -2.7055365867695795 0
      vertex 2.204803160870888 -1.1784918420649941 0
      vertex 2.309698831278217 -0.9567085809127245 0
    endloop
  endfacet
  facet normal 0 0 -1
    outer loop
      vertex 2.4748737341529163 -2.4748737341529163 0
      vertex 2.309698831278217 -0.9567085809127245 0
      vertex 2.392350839330522 -0.7257116931361558 0
    endloop
  endfacet
  facet normal 0 0 -1
    outer loop
      vertex 2.4748737341529163 -2.4748737341529163 0
      vertex 2.392350839330522 -0.7257116931361558 0
      vertex 2.451963201008076 -0.4877258050403206 0
    endloop
  endfacet
  facet normal 0 0 -1
    outer loop
      vertex 2.4748737341529163 -2.4748737341529163 0
      vertex 2.451963201008076 -0.4877258050403206 0
      vertex 2.4879618166804924 -0.2450428508239015 0
    endloop
  endfacet
  facet normal 0 0 -1
    outer loop
      vertex 2.4748737341529163 -2.4748737341529163 0
      vertex 2.4879618166804924 -0.2450428508239015 0
      vertex 2.5 0 0
    endloop
  endfacet
  facet normal 0 0 -1
    outer loop
      vertex 2.4748737341529163 -2.4748737341529163 0
      vertex 2.5 0 0
      vertex 2.7055365867695795 2.220376494572759 0
    endloop
  endfacet
  facet normal 0 0 -1
    outer loop
      vertex 2.4748737341529163 -2.4748737341529163 0
      vertex 2.7055365867695795 2.220376494572759 0
      vertex 2.7055365867695795 -2.220376494572759 0
    endloop
  endfacet
  facet normal 0 0 -1
    outer loop
      vertex 2.7055365867695795 -2.220376494572759 0
      vertex 2.9101436430589085 1.9444958155686076 0
      vertex 2.9101436430589085 -1.9444958155686076 0
    endloop
  endfacet
  facet normal 0 0 -1
    outer loop
      vertex 2.9101436430589085 -1.9444958155686076 0
      vertex 3.0867244252192427 1.6498885788909918 0
      vertex 3.0867244252192427 -1.6498885788909918 0
    endloop
  endfacet
  facet normal 0 0 -1
    outer loop
      vertex 3.0867244252192427 -1.6498885788909918 0
      vertex 3.2335783637895035 1.3393920132778143 0
      vertex 3.2335783637895035 -1.3393920132778143 0
    endloop
  endfacet
  facet normal 0 0 -1
    outer loop
      vertex 3.2335783637895035 -1.3393920132778143 0
      vertex 3.349291175062731 1.015996370390618 0
      vertex 3.349291175062731 -1.015996370390618 0
    endloop
  endfacet
  facet normal 0 0 -1
    outer loop
      vertex 3.349291175062731 -1.015996370390618 0
      vertex 3.4327484814113065 0.6828161270564489 0
      vertex 3.4327484814113065 -0.6828161270564489 0
    endloop
  endfacet
  facet normal 0 0 -1
    outer loop
      vertex 3.4327484814113065 -0.6828161270564489 0
      vertex 3.483146543352689 0.3430599911534621 0
      vertex 3.483146543352689 -0.3430599911534621 0
    endloop
  endfacet
  facet normal 0.9039892931234437 -0.4275550934302814 0
    outer loop
      vertex 3.0867244252192427 -1.6498885788909918 0
      vertex 3.2335783637895035 -1.3393920132778143 0
      vertex 3.0867244252192427 -1.6498885788909918 14
    endloop
  endfacet
  facet normal 0.9415440651830208 -0.33688985339222016 0
    outer loop
      vertex 3.2335783637895035 -1.3393920132778143 0
      vertex 3.349291175062731 -1.015996370390618 0
      vertex 3.2335783637895035 -1.3393920132778143 14
    endloop
  endfacet
  facet normal 0.9700312531945441 -0.24298017990326393 0
    outer loop
      vertex 3.349291175062731 -1.015996370390618 0
      vertex 3.4327484814113065 -0.6828161270564489 0
      vertex 3.349291175062731 -1.015996370390618 14
    endloop
  endfacet
  facet normal 0.9891765099647809 -0.14673047445536205 0
    outer loop
      vertex 3.4327484814113065 -0.6828161270564489 0
      vertex 3.483146543352689 -0.3430599911534621 0
      vertex 3.4327484814113065 -0.6828161270564489 14
    endloop
  endfacet
  facet normal 0.9987954562051723 -0.049067674327417904 0
    outer loop
      vertex 3.483146543352689 -0.3430599911534621 0
      vertex 3.5 0 0
      vertex 3.483146543352689 -0.3430599911534621 14
    endloop
  endfacet
  facet normal 0.049067674327417904 -0.9987954562051723 0
    outer loop
      vertex 0 -3.5 0
      vertex 0.3430599911534621 -3.483146543352689 14
      vertex 0 -3.5 14
    endloop
  endfacet
  facet normal 0.14673047445536205 -0.9891765099647809 0
    outer loop
      vertex 0.3430599911534621 -3.483146543352689 0
      vertex 0.6828161270564489 -3.4327484814113065 14
      vertex 0.3430599911534621 -3.483146543352689 14
    endloop
  endfacet
  facet normal 0.24298017990326393 -0.9700312531945441 0
    outer loop
      vertex 0.6828161270564489 -3.4327484814113065 0
      vertex 1.015996370390618 -3.349291175062731 14
      vertex 0.6828161270564489 -3.4327484814113065 14
    endloop
  endfacet
  facet normal 0.33688985339222016 -0.9415440651830208 0
    outer loop
      vertex 1.015996370390618 -3.349291175062731 0
      vertex 1.3393920132778143 -3.2335783637895035 14
      vertex 1.015996370390618 -3.349291175062731 14
    endloop
  endfacet
  facet normal 0.4275550934302814 -0.9039892931234437 0
    outer loop
      vertex 1.3393920132778143 -3.2335783637895035 0
      vertex 1.6498885788909918 -3.0867244252192427 14
      vertex 1.3393920132778143 -3.2335783637895035 14
    endloop
  endfacet
  facet normal 0.5141027441932219 -0.8577286100002719 0
    outer loop
      vertex 1.6498885788909918 -3.0867244252192427 0
      vertex 1.9444958155686076 -2.9101436430589085 14
      vertex 1.6498885788909918 -3.0867244252192427 14
    endloop
  endfacet
  facet normal 0 0 1
    outer loop
      vertex 0 -3.5 14
      vertex 0.3430599911534621 -3.483146543352689 14
      vertex 0.2450428508239015 -2.4879618166804924 14
    endloop
  endfacet
  facet normal 0 0 1
    outer loop
      vertex 0.3430599911534621 -3.483146543352689 14
      vertex 0.6828161270564489 -3.4327484814113065 14
      vertex 0.2450428508239015 -2.4879618166804924 14
    endloop
  endfacet
  facet normal 0 0 1
    outer loop
      vertex 0 -3.5 14
      vertex 0.2450428508239015 -2.4879618166804924 14
      vertex 0 -2.5 14
    endloop
  endfacet
  facet normal 0 0 1
    outer loop
      vertex 0.6828161270564489 -3.4327484814113065 14
      vertex 1.015996370390618 -3.349291175062731 14
      vertex 0.4877258050403206 -2.451963201008076 14
    endloop
  endfacet
  facet normal 0 0 1
    outer loop
      vertex 0.6828161270564489 -3.4327484814113065 14
      vertex 0.4877258050403206 -2.451963201008076 14
      vertex 0.2450428508239015 -2.4879618166804924 14
    endloop
  endfacet
  facet normal 0 0 1
    outer loop
      vertex 1.015996370390618 -3.349291175062731 14
      vertex 0.7257116931361558 -2.392350839330522 14
      vertex 0.4877258050403206 -2.451963201008076 14
    endloop
  endfacet
  facet normal 0 0 1
    outer loop
      vertex 1.015996370390618 -3.349291175062731 14
      vertex 0.9567085809127245 -2.309698831278217 14
      vertex 0.7257116931361558 -2.392350839330522 14
    endloop
  endfacet
  facet normal 0 0 1
    outer loop
      vertex 1.015996370390618 -3.349291175062731 14
      vertex 1.3393920132778143 -3.2335783637895035 14
      vertex 0.9567085809127245 -2.309698831278217 14
    endloop
  endfacet
  facet normal 0 0 1
    outer loop
      vertex 1.3393920132778143 -3.2335783637895035 14
      vertex 1.6498885788909918 -3.0867244252192427 14
      vertex 1.1784918420649941 -2.204803160870888 14
    endloop
  endfacet
  facet normal 0 0 1
    outer loop
      vertex 1.6498885788909918 -3.0867244252192427 14
      vertex 1.9444958155686076 -2.9101436430589085 14
      vertex 1.5859832104091138 -1.9325261334068424 14
    endloop
  endfacet
  facet normal 0 0 1
    outer loop
      vertex 1.3393920132778143 -3.2335783637895035 14
      vertex 1.1784918420649941 -2.204803160870888 14
      vertex 0.9567085809127245 -2.309698831278217 14
    endloop
  endfacet
  facet normal 0 0 1
    outer loop
      vertex 1.6498885788909918 -3.0867244252192427 14
      vertex 1.3889255825490054 -2.078674030756363 14
      vertex 1.1784918420649941 -2.204803160870888 14
    endloop
  endfacet
  facet normal 0 0 1
    outer loop
      vertex 1.6498885788909918 -3.0867244252192427 14
      vertex 1.5859832104091138 -1.9325261334068424 14
      vertex 1.3889255825490054 -2.078674030756363 14
    endloop
  endfacet
  facet normal 0.5956993044924332 -0.8032075314806448 0
    outer loop
      vertex 1.9444958155686076 -2.9101436430589085 0
      vertex 2.220376494572759 -2.7055365867695795 14
      vertex 1.9444958155686076 -2.9101436430589085 14
    endloop
  endfacet
  facet normal 0.6715589548470184 -0.740951125354959 0
    outer loop
      vertex 2.220376494572759 -2.7055365867695795 0
      vertex 2.4748737341529163 -2.4748737341529163 14
      vertex 2.220376494572759 -2.7055365867695795 14
    endloop
  endfacet
  facet normal 0.740951125354959 -0.6715589548470184 0
    outer loop
      vertex 2.7055365867695795 -2.220376494572759 0
      vertex 2.7055365867695795 -2.220376494572759 14
      vertex 2.4748737341529163 -2.4748737341529163 14
    endloop
  endfacet
  facet normal 0.8032075314806448 -0.5956993044924332 0
    outer loop
      vertex 2.9101436430589085 -1.9444958155686076 0
      vertex 2.9101436430589085 -1.9444958155686076 14
      vertex 2.7055365867695795 -2.220376494572759 14
    endloop
  endfacet
  facet normal 0 0 1
    outer loop
      vertex 1.9444958155686076 -2.9101436430589085 14
      vertex 1.7677669529663689 -1.7677669529663689 14
      vertex 1.5859832104091138 -1.9325261334068424 14
    endloop
  endfacet
  facet normal 0 0 1
    outer loop
      vertex 1.9444958155686076 -2.9101436430589085 14
      vertex 2.220376494572759 -2.7055365867695795 14
      vertex 1.9325261334068424 -1.5859832104091138 14
    endloop
  endfacet
  facet normal 0 0 1
    outer loop
      vertex 1.9444958155686076 -2.9101436430589085 14
      vertex 1.9325261334068424 -1.5859832104091138 14
      vertex 1.7677669529663689 -1.7677669529663689 14
    endloop
  endfacet
  facet normal 0 0 1
    outer loop
      vertex 2.220376494572759 -2.7055365867695795 14
      vertex 2.078674030756363 -1.3889255825490054 14
      vertex 1.9325261334068424 -1.5859832104091138 14
    endloop
  endfacet
  facet normal 0 0 1
    outer loop
      vertex 2.220376494572759 -2.7055365867695795 14
      vertex 2.204803160870888 -1.1784918420649941 14
      vertex 2.078674030756363 -1.3889255825490054 14
    endloop
  endfacet
  facet normal 0 0 1
    outer loop
      vertex 2.220376494572759 -2.7055365867695795 14
      vertex 2.4748737341529163 -2.4748737341529163 14
      vertex 2.204803160870888 -1.1784918420649941 14
    endloop
  endfacet
  facet normal 0.8577286100002719 -0.5141027441932219 0
    outer loop
      vertex 3.0867244252192427 -1.6498885788909918 0
      vertex 3.0867244252192427 -1.6498885788909918 14
      vertex 2.9101436430589085 -1.9444958155686076 14
    endloop
  endfacet
  facet normal 0.9039892931234437 -0.4275550934302814 0
    outer loop
      vertex 3.2335783637895035 -1.3393920132778143 0
      vertex 3.2335783637895035 -1.3393920132778143 14
      vertex 3.0867244252192427 -1.6498885788909918 14
    endloop
  endfacet
  facet normal 0.9415440651830208 -0.33688985339222016 0
    outer loop
      vertex 3.349291175062731 -1.015996370390618 0
      vertex 3.349291175062731 -1.015996370390618 14
      vertex 3.2335783637895035 -1.3393920132778143 14
    endloop
  endfacet
  facet normal 0.9700312531945441 -0.24298017990326393 0
    outer loop
      vertex 3.4327484814113065 -0.6828161270564489 0
      vertex 3.4327484814113065 -0.6828161270564489 14
      vertex 3.349291175062731 -1.015996370390618 14
    endloop
  endfacet
  facet normal 0.9891765099647809 -0.14673047445536205 0
    outer loop
      vertex 3.483146543352689 -0.3430599911534621 0
      vertex 3.483146543352689 -0.3430599911534621 14
      vertex 3.4327484814113065 -0.6828161270564489 14
    endloop
  endfacet
  facet normal 0.9987954562051723 -0.049067674327417904 0
    outer loop
      vertex 3.483146543352689 -0.3430599911534621 14
      vertex 3.5 0 0
      vertex 3.5 0 14
    endloop
  endfacet
  facet normal 0 0 1
    outer loop
      vertex 2.4748737341529163 -2.4748737341529163 14
      vertex 2.309698831278217 -0.9567085809127245 14
      vertex 2.204803160870888 -1.1784918420649941 14
    endloop
  endfacet
  facet normal 0 0 1
    outer loop
      vertex 2.4748737341529163 -2.4748737341529163 14
      vertex 2.392350839330522 -0.7257116931361558 14
      vertex 2.309698831278217 -0.9567085809127245 14
    endloop
  endfacet
  facet normal 0 0 1
    outer loop
      vertex 2.4748737341529163 -2.4748737341529163 14
      vertex 2.7055365867695795 -2.220376494572759 14
      vertex 2.451963201008076 -0.4877258050403206 14
    endloop
  endfacet
  facet normal 0 0 1
    outer loop
      vertex 2.4748737341529163 -2.4748737341529163 14
      vertex 2.451963201008076 -0.4877258050403206 14
      vertex 2.392350839330522 -0.7257116931361558 14
    endloop
  endfacet
  facet normal 0 0 1
    outer loop
      vertex 2.7055365867695795 -2.220376494572759 14
      vertex 2.4879618166804924 -0.2450428508239015 14
      vertex 2.451963201008076 -0.4877258050403206 14
    endloop
  endfacet
  facet normal 0 0 1
    outer loop
      vertex 2.7055365867695795 -2.220376494572759 14
      vertex 2.5 0 14
      vertex 2.4879618166804924 -0.2450428508239015 14
    endloop
  endfacet
  facet normal 0 0 1
    outer loop
      vertex 2.7055365867695795 -2.220376494572759 14
      vertex 2.9101436430589085 -1.9444958155686076 14
      vertex 2.7055365867695795 2.220376494572759 14
    endloop
  endfacet
  facet normal 0 0 1
    outer loop
      vertex 2.9101436430589085 -1.9444958155686076 14
      vertex 3.0867244252192427 -1.6498885788909918 14
      vertex 2.9101436430589085 1.9444958155686076 14
    endloop
  endfacet
  facet normal 0 0 1
    outer loop
      vertex 3.0867244252192427 -1.6498885788909918 14
      vertex 3.2335783637895035 -1.3393920132778143 14
      vertex 3.0867244252192427 1.6498885788909918 14
    endloop
  endfacet
  facet normal 0 0 1
    outer loop
      vertex 3.2335783637895035 -1.3393920132778143 14
      vertex 3.349291175062731 -1.015996370390618 14
      vertex 3.2335783637895035 1.3393920132778143 14
    endloop
  endfacet
  facet normal 0 0 1
    outer loop
      vertex 3.349291175062731 -1.015996370390618 14
      vertex 3.4327484814113065 -0.6828161270564489 14
      vertex 3.349291175062731 1.015996370390618 14
    endloop
  endfacet
  facet normal 0 0 1
    outer loop
      vertex 3.4327484814113065 -0.6828161270564489 14
      vertex 3.483146543352689 -0.3430599911534621 14
      vertex 3.4327484814113065 0.6828161270564489 14
    endloop
  endfacet
  facet normal 0 0 -1
    outer loop
      vertex 0 3.5 0
      vertex 0.2450428508239015 2.4879618166804924 0
      vertex 0 2.5 0
    endloop
  endfacet
  facet normal 0 0 -1
    outer loop
      vertex 0 3.5 0
      vertex 0.3430599911534621 3.483146543352689 0
      vertex 0.2450428508239015 2.4879618166804924 0
    endloop
  endfacet
  facet normal 0 0 -1
    outer loop
      vertex 0.3430599911534621 3.483146543352689 0
      vertex 0.6828161270564489 3.4327484814113065 0
      vertex 0.2450428508239015 2.4879618166804924 0
    endloop
  endfacet
  facet normal 0 0 -1
    outer loop
      vertex 0.6828161270564489 3.4327484814113065 0
      vertex 0.4877258050403206 2.451963201008076 0
      vertex 0.2450428508239015 2.4879618166804924 0
    endloop
  endfacet
  facet normal 0 0 -1
    outer loop
      vertex 1.015996370390618 3.349291175062731 0
      vertex 0.7257116931361558 2.392350839330522 0
      vertex 0.4877258050403206 2.451963201008076 0
    endloop
  endfacet
  facet normal 0 0 -1
    outer loop
      vertex 0.6828161270564489 3.4327484814113065 0
      vertex 1.015996370390618 3.349291175062731 0
      vertex 0.4877258050403206 2.451963201008076 0
    endloop
  endfacet
  facet normal 0 0 -1
    outer loop
      vertex 1.3393920132778143 3.2335783637895035 0
      vertex 1.1784918420649941 2.204803160870888 0
      vertex 0.9567085809127245 2.309698831278217 0
    endloop
  endfacet
  facet normal 0 0 -1
    outer loop
      vertex 1.6498885788909918 3.0867244252192427 0
      vertex 1.3889255825490054 2.078674030756363 0
      vertex 1.1784918420649941 2.204803160870888 0
    endloop
  endfacet
  facet normal 0 0 -1
    outer loop
      vertex 1.6498885788909918 3.0867244252192427 0
      vertex 1.5859832104091138 1.9325261334068424 0
      vertex 1.3889255825490054 2.078674030756363 0
    endloop
  endfacet
  facet normal 0 0 -1
    outer loop
      vertex 1.015996370390618 3.349291175062731 0
      vertex 0.9567085809127245 2.309698831278217 0
      vertex 0.7257116931361558 2.392350839330522 0
    endloop
  endfacet
  facet normal 0 0 -1
    outer loop
      vertex 1.015996370390618 3.349291175062731 0
      vertex 1.3393920132778143 3.2335783637895035 0
      vertex 0.9567085809127245 2.309698831278217 0
    endloop
  endfacet
  facet normal 0 0 -1
    outer loop
      vertex 1.3393920132778143 3.2335783637895035 0
      vertex 1.6498885788909918 3.0867244252192427 0
      vertex 1.1784918420649941 2.204803160870888 0
    endloop
  endfacet
  facet normal 0 0 -1
    outer loop
      vertex 1.6498885788909918 3.0867244252192427 0
      vertex 1.9444958155686076 2.9101436430589085 0
      vertex 1.5859832104091138 1.9325261334068424 0
    endloop
  endfacet
  facet normal 0.049067674327417904 0.9987954562051723 0
    outer loop
      vertex 0 3.5 0
      vertex 0 3.5 14
      vertex 0.3430599911534621 3.483146543352689 0
    endloop
  endfacet
  facet normal 0.14673047445536205 0.9891765099647809 0
    outer loop
      vertex 0.3430599911534621 3.483146543352689 0
      vertex 0.3430599911534621 3.483146543352689 14
      vertex 0.6828161270564489 3.4327484814113065 0
    endloop
  endfacet
  facet normal 0.24298017990326393 0.9700312531945441 0
    outer loop
      vertex 0.6828161270564489 3.4327484814113065 0
      vertex 0.6828161270564489 3.4327484814113065 14
      vertex 1.015996370390618 3.349291175062731 0
    endloop
  endfacet
  facet normal 0.33688985339222016 0.9415440651830208 0
    outer loop
      vertex 1.015996370390618 3.349291175062731 0
      vertex 1.015996370390618 3.349291175062731 14
      vertex 1.3393920132778143 3.2335783637895035 0
    endloop
  endfacet
  facet normal 0.5141027441932219 0.8577286100002719 0
    outer loop
      vertex 1.6498885788909918 3.0867244252192427 0
      vertex 1.6498885788909918 3.0867244252192427 14
      vertex 1.9444958155686076 2.9101436430589085 0
    endloop
  endfacet
  facet normal 0.4275550934302814 0.9039892931234437 0
    outer loop
      vertex 1.3393920132778143 3.2335783637895035 0
      vertex 1.3393920132778143 3.2335783637895035 14
      vertex 1.6498885788909918 3.0867244252192427 0
    endloop
  endfacet
  facet normal 0 0 -1
    outer loop
      vertex 2.7055365867695795 2.220376494572759 0
      vertex 2.5 0 0
      vertex 2.4879618166804924 0.2450428508239015 0
    endloop
  endfacet
  facet normal 0 0 -1
    outer loop
      vertex 2.7055365867695795 2.220376494572759 0
      vertex 2.4879618166804924 0.2450428508239015 0
      vertex 2.451963201008076 0.4877258050403206 0
    endloop
  endfacet
  facet normal 0 0 -1
    outer loop
      vertex 2.4748737341529163 2.4748737341529163 0
      vertex 2.451963201008076 0.4877258050403206 0
      vertex 2.392350839330522 0.7257116931361558 0
    endloop
  endfacet
  facet normal 0 0 -1
    outer loop
      vertex 2.4748737341529163 2.4748737341529163 0
      vertex 2.392350839330522 0.7257116931361558 0
      vertex 2.309698831278217 0.9567085809127245 0
    endloop
  endfacet
  facet normal 0 0 -1
    outer loop
      vertex 2.4748737341529163 2.4748737341529163 0
      vertex 2.309698831278217 0.9567085809127245 0
      vertex 2.204803160870888 1.1784918420649941 0
    endloop
  endfacet
  facet normal 0 0 -1
    outer loop
      vertex 2.4748737341529163 2.4748737341529163 0
      vertex 2.7055365867695795 2.220376494572759 0
      vertex 2.451963201008076 0.4877258050403206 0
    endloop
  endfacet
  facet normal 0 0 -1
    outer loop
      vertex 2.7055365867695795 -2.220376494572759 0
      vertex 2.7055365867695795 2.220376494572759 0
      vertex 2.9101436430589085 1.9444958155686076 0
    endloop
  endfacet
  facet normal 0 0 -1
    outer loop
      vertex 2.9101436430589085 -1.9444958155686076 0
      vertex 2.9101436430589085 1.9444958155686076 0
      vertex 3.0867244252192427 1.6498885788909918 0
    endloop
  endfacet
  facet normal 0 0 -1
    outer loop
      vertex 3.2335783637895035 -1.3393920132778143 0
      vertex 3.2335783637895035 1.3393920132778143 0
      vertex 3.349291175062731 1.015996370390618 0
    endloop
  endfacet
  facet normal 0 0 -1
    outer loop
      vertex 3.483146543352689 -0.3430599911534621 0
      vertex 3.483146543352689 0.3430599911534621 0
      vertex 3.5 0 0
    endloop
  endfacet
  facet normal 0 0 -1
    outer loop
      vertex 3.4327484814113065 -0.6828161270564489 0
      vertex 3.4327484814113065 0.6828161270564489 0
      vertex 3.483146543352689 0.3430599911534621 0
    endloop
  endfacet
  facet normal 0 0 -1
    outer loop
      vertex 3.349291175062731 -1.015996370390618 0
      vertex 3.349291175062731 1.015996370390618 0
      vertex 3.4327484814113065 0.6828161270564489 0
    endloop
  endfacet
  facet normal 0 0 -1
    outer loop
      vertex 3.0867244252192427 -1.6498885788909918 0
      vertex 3.0867244252192427 1.6498885788909918 0
      vertex 3.2335783637895035 1.3393920132778143 0
    endloop
  endfacet
  facet normal 0.9987954562051723 0.049067674327417904 0
    outer loop
      vertex 3.5 0 0
      vertex 3.483146543352689 0.3430599911534621 0
      vertex 3.5 0 14
    endloop
  endfacet
  facet normal 0.9891765099647809 0.14673047445536205 0
    outer loop
      vertex 3.483146543352689 0.3430599911534621 0
      vertex 3.4327484814113065 0.6828161270564489 0
      vertex 3.483146543352689 0.3430599911534621 14
    endloop
  endfacet
  facet normal 0.9700312531945441 0.24298017990326393 0
    outer loop
      vertex 3.4327484814113065 0.6828161270564489 0
      vertex 3.349291175062731 1.015996370390618 0
      vertex 3.4327484814113065 0.6828161270564489 14
    endloop
  endfacet
  facet normal 0.8577286100002719 0.5141027441932219 0
    outer loop
      vertex 3.0867244252192427 1.6498885788909918 0
      vertex 2.9101436430589085 1.9444958155686076 0
      vertex 3.0867244252192427 1.6498885788909918 14
    endloop
  endfacet
  facet normal 0.9415440651830208 0.33688985339222016 0
    outer loop
      vertex 3.349291175062731 1.015996370390618 0
      vertex 3.2335783637895035 1.3393920132778143 0
      vertex 3.349291175062731 1.015996370390618 14
    endloop
  endfacet
  facet normal 0.9039892931234437 0.4275550934302814 0
    outer loop
      vertex 3.2335783637895035 1.3393920132778143 0
      vertex 3.0867244252192427 1.6498885788909918 0
      vertex 3.2335783637895035 1.3393920132778143 14
    endloop
  endfacet
  facet normal 0 0 -1
    outer loop
      vertex 1.9444958155686076 2.9101436430589085 0
      vertex 1.9325261334068424 1.5859832104091138 0
      vertex 1.7677669529663689 1.7677669529663689 0
    endloop
  endfacet
  facet normal 0 0 -1
    outer loop
      vertex 2.220376494572759 2.7055365867695795 0
      vertex 2.078674030756363 1.3889255825490054 0
      vertex 1.9325261334068424 1.5859832104091138 0
    endloop
  endfacet
  facet normal 0 0 -1
    outer loop
      vertex 2.220376494572759 2.7055365867695795 0
      vertex 2.204803160870888 1.1784918420649941 0
      vertex 2.078674030756363 1.3889255825490054 0
    endloop
  endfacet
  facet normal 0 0 -1
    outer loop
      vertex 1.9444958155686076 2.9101436430589085 0
      vertex 1.7677669529663689 1.7677669529663689 0
      vertex 1.5859832104091138 1.9325261334068424 0
    endloop
  endfacet
  facet normal 0 0 -1
    outer loop
      vertex 1.9444958155686076 2.9101436430589085 0
      vertex 2.220376494572759 2.7055365867695795 0
      vertex 1.9325261334068424 1.5859832104091138 0
    endloop
  endfacet
  facet normal 0 0 -1
    outer loop
      vertex 2.4748737341529163 2.4748737341529163 0
      vertex 2.204803160870888 1.1784918420649941 0
      vertex 2.220376494572759 2.7055365867695795 0
    endloop
  endfacet
  facet normal 0.5956993044924332 0.8032075314806448 0
    outer loop
      vertex 1.9444958155686076 2.9101436430589085 0
      vertex 1.9444958155686076 2.9101436430589085 14
      vertex 2.220376494572759 2.7055365867695795 0
    endloop
  endfacet
  facet normal 0.6715589548470184 0.740951125354959 0
    outer loop
      vertex 2.4748737341529163 2.4748737341529163 0
      vertex 2.220376494572759 2.7055365867695795 0
      vertex 2.220376494572759 2.7055365867695795 14
    endloop
  endfacet
  facet normal 0.8032075314806448 0.5956993044924332 0
    outer loop
      vertex 2.9101436430589085 1.9444958155686076 0
      vertex 2.7055365867695795 2.220376494572759 0
      vertex 2.9101436430589085 1.9444958155686076 14
    endloop
  endfacet
  facet normal 0.740951125354959 0.6715589548470184 0
    outer loop
      vertex 2.4748737341529163 2.4748737341529163 0
      vertex 2.7055365867695795 2.220376494572759 14
      vertex 2.7055365867695795 2.220376494572759 0
    endloop
  endfacet
  facet normal 0.049067674327417904 0.9987954562051723 0
    outer loop
      vertex 0.3430599911534621 3.483146543352689 0
      vertex 0 3.5 14
      vertex 0.3430599911534621 3.483146543352689 14
    endloop
  endfacet
  facet normal 0.14673047445536205 0.9891765099647809 0
    outer loop
      vertex 0.6828161270564489 3.4327484814113065 0
      vertex 0.3430599911534621 3.483146543352689 14
      vertex 0.6828161270564489 3.4327484814113065 14
    endloop
  endfacet
  facet normal 0.24298017990326393 0.9700312531945441 0
    outer loop
      vertex 1.015996370390618 3.349291175062731 0
      vertex 0.6828161270564489 3.4327484814113065 14
      vertex 1.015996370390618 3.349291175062731 14
    endloop
  endfacet
  facet normal 0.33688985339222016 0.9415440651830208 0
    outer loop
      vertex 1.3393920132778143 3.2335783637895035 0
      vertex 1.015996370390618 3.349291175062731 14
      vertex 1.3393920132778143 3.2335783637895035 14
    endloop
  endfacet
  facet normal 0.4275550934302814 0.9039892931234437 0
    outer loop
      vertex 1.6498885788909918 3.0867244252192427 0
      vertex 1.3393920132778143 3.2335783637895035 14
      vertex 1.6498885788909918 3.0867244252192427 14
    endloop
  endfacet
  facet normal 0 0 1
    outer loop
      vertex 0 3.5 14
      vertex 0 2.5 14
      vertex 0.2450428508239015 2.4879618166804924 14
    endloop
  endfacet
  facet normal 0 0 1
    outer loop
      vertex 0.3430599911534621 3.483146543352689 14
      vertex 0.2450428508239015 2.4879618166804924 14
      vertex 0.4877258050403206 2.451963201008076 14
    endloop
  endfacet
  facet normal 0 0 1
    outer loop
      vertex 0 3.5 14
      vertex 0.2450428508239015 2.4879618166804924 14
      vertex 0.3430599911534621 3.483146543352689 14
    endloop
  endfacet
  facet normal 0 0 1
    outer loop
      vertex 0.6828161270564489 3.4327484814113065 14
      vertex 0.4877258050403206 2.451963201008076 14
      vertex 0.7257116931361558 2.392350839330522 14
    endloop
  endfacet
  facet normal 0 0 1
    outer loop
      vertex 0.6828161270564489 3.4327484814113065 14
      vertex 0.7257116931361558 2.392350839330522 14
      vertex 0.9567085809127245 2.309698831278217 14
    endloop
  endfacet
  facet normal 0 0 1
    outer loop
      vertex 0.3430599911534621 3.483146543352689 14
      vertex 0.4877258050403206 2.451963201008076 14
      vertex 0.6828161270564489 3.4327484814113065 14
    endloop
  endfacet
  facet normal 0 0 1
    outer loop
      vertex 1.015996370390618 3.349291175062731 14
      vertex 0.9567085809127245 2.309698831278217 14
      vertex 1.1784918420649941 2.204803160870888 14
    endloop
  endfacet
  facet normal 0 0 1
    outer loop
      vertex 1.3393920132778143 3.2335783637895035 14
      vertex 1.1784918420649941 2.204803160870888 14
      vertex 1.3889255825490054 2.078674030756363 14
    endloop
  endfacet
  facet normal 0 0 1
    outer loop
      vertex 1.3393920132778143 3.2335783637895035 14
      vertex 1.3889255825490054 2.078674030756363 14
      vertex 1.5859832104091138 1.9325261334068424 14
    endloop
  endfacet
  facet normal 0 0 1
    outer loop
      vertex 1.6498885788909918 3.0867244252192427 14
      vertex 1.5859832104091138 1.9325261334068424 14
      vertex 1.7677669529663689 1.7677669529663689 14
    endloop
  endfacet
  facet normal 0 0 1
    outer loop
      vertex 0.6828161270564489 3.4327484814113065 14
      vertex 0.9567085809127245 2.309698831278217 14
      vertex 1.015996370390618 3.349291175062731 14
    endloop
  endfacet
  facet normal 0 0 1
    outer loop
      vertex 1.015996370390618 3.349291175062731 14
      vertex 1.1784918420649941 2.204803160870888 14
      vertex 1.3393920132778143 3.2335783637895035 14
    endloop
  endfacet
  facet normal 0 0 1
    outer loop
      vertex 1.3393920132778143 3.2335783637895035 14
      vertex 1.5859832104091138 1.9325261334068424 14
      vertex 1.6498885788909918 3.0867244252192427 14
    endloop
  endfacet
  facet normal 0.9987954562051723 0.049067674327417904 0
    outer loop
      vertex 3.483146543352689 0.3430599911534621 0
      vertex 3.483146543352689 0.3430599911534621 14
      vertex 3.5 0 14
    endloop
  endfacet
  facet normal 0.9891765099647809 0.14673047445536205 0
    outer loop
      vertex 3.4327484814113065 0.6828161270564489 0
      vertex 3.4327484814113065 0.6828161270564489 14
      vertex 3.483146543352689 0.3430599911534621 14
    endloop
  endfacet
  facet normal 0.9415440651830208 0.33688985339222016 0
    outer loop
      vertex 3.2335783637895035 1.3393920132778143 0
      vertex 3.2335783637895035 1.3393920132778143 14
      vertex 3.349291175062731 1.015996370390618 14
    endloop
  endfacet
  facet normal 0.9700312531945441 0.24298017990326393 0
    outer loop
      vertex 3.349291175062731 1.015996370390618 0
      vertex 3.349291175062731 1.015996370390618 14
      vertex 3.4327484814113065 0.6828161270564489 14
    endloop
  endfacet
  facet normal 0.9039892931234437 0.4275550934302814 0
    outer loop
      vertex 3.0867244252192427 1.6498885788909918 0
      vertex 3.0867244252192427 1.6498885788909918 14
      vertex 3.2335783637895035 1.3393920132778143 14
    endloop
  endfacet
  facet normal 0 0 1
    outer loop
      vertex 2.7055365867695795 -2.220376494572759 14
      vertex 2.4748737341529163 2.4748737341529163 14
      vertex 2.5 0 14
    endloop
  endfacet
  facet normal 0 0 1
    outer loop
      vertex 2.4748737341529163 2.4748737341529163 14
      vertex 2.4879618166804924 0.2450428508239015 14
      vertex 2.5 0 14
    endloop
  endfacet
  facet normal 0 0 1
    outer loop
      vertex 2.4748737341529163 2.4748737341529163 14
      vertex 2.451963201008076 0.4877258050403206 14
      vertex 2.4879618166804924 0.2450428508239015 14
    endloop
  endfacet
  facet normal 0 0 1
    outer loop
      vertex 2.4748737341529163 2.4748737341529163 14
      vertex 2.392350839330522 0.7257116931361558 14
      vertex 2.451963201008076 0.4877258050403206 14
    endloop
  endfacet
  facet normal 0 0 1
    outer loop
      vertex 2.4748737341529163 2.4748737341529163 14
      vertex 2.309698831278217 0.9567085809127245 14
      vertex 2.392350839330522 0.7257116931361558 14
    endloop
  endfacet
  facet normal 0 0 1
    outer loop
      vertex 2.220376494572759 2.7055365867695795 14
      vertex 2.204803160870888 1.1784918420649941 14
      vertex 2.309698831278217 0.9567085809127245 14
    endloop
  endfacet
  facet normal 0 0 1
    outer loop
      vertex 2.7055365867695795 -2.220376494572759 14
      vertex 2.7055365867695795 2.220376494572759 14
      vertex 2.4748737341529163 2.4748737341529163 14
    endloop
  endfacet
  facet normal 0 0 1
    outer loop
      vertex 2.9101436430589085 -1.9444958155686076 14
      vertex 2.9101436430589085 1.9444958155686076 14
      vertex 2.7055365867695795 2.220376494572759 14
    endloop
  endfacet
  facet normal 0 0 1
    outer loop
      vertex 3.0867244252192427 -1.6498885788909918 14
      vertex 3.0867244252192427 1.6498885788909918 14
      vertex 2.9101436430589085 1.9444958155686076 14
    endloop
  endfacet
  facet normal 0 0 1
    outer loop
      vertex 3.483146543352689 -0.3430599911534621 14
      vertex 3.5 0 14
      vertex 3.483146543352689 0.3430599911534621 14
    endloop
  endfacet
  facet normal 0 0 1
    outer loop
      vertex 3.483146543352689 -0.3430599911534621 14
      vertex 3.483146543352689 0.3430599911534621 14
      vertex 3.4327484814113065 0.6828161270564489 14
    endloop
  endfacet
  facet normal 0 0 1
    outer loop
      vertex 3.4327484814113065 -0.6828161270564489 14
      vertex 3.4327484814113065 0.6828161270564489 14
      vertex 3.349291175062731 1.015996370390618 14
    endloop
  endfacet
  facet normal 0 0 1
    outer loop
      vertex 3.2335783637895035 -1.3393920132778143 14
      vertex 3.2335783637895035 1.3393920132778143 14
      vertex 3.0867244252192427 1.6498885788909918 14
    endloop
  endfacet
  facet normal 0 0 1
    outer loop
      vertex 3.349291175062731 -1.015996370390618 14
      vertex 3.349291175062731 1.015996370390618 14
      vertex 3.2335783637895035 1.3393920132778143 14
    endloop
  endfacet
  facet normal 0.6715589548470184 0.740951125354959 0
    outer loop
      vertex 2.4748737341529163 2.4748737341529163 0
      vertex 2.220376494572759 2.7055365867695795 14
      vertex 2.4748737341529163 2.4748737341529163 14
    endloop
  endfacet
  facet normal 0.740951125354959 0.6715589548470184 0
    outer loop
      vertex 2.4748737341529163 2.4748737341529163 0
      vertex 2.4748737341529163 2.4748737341529163 14
      vertex 2.7055365867695795 2.220376494572759 14
    endloop
  endfacet
  facet normal 0.5141027441932219 0.8577286100002719 0
    outer loop
      vertex 1.9444958155686076 2.9101436430589085 0
      vertex 1.6498885788909918 3.0867244252192427 14
      vertex 1.9444958155686076 2.9101436430589085 14
    endloop
  endfacet
  facet normal 0.5956993044924332 0.8032075314806448 0
    outer loop
      vertex 2.220376494572759 2.7055365867695795 0
      vertex 1.9444958155686076 2.9101436430589085 14
      vertex 2.220376494572759 2.7055365867695795 14
    endloop
  endfacet
  facet normal 0.8032075314806448 0.5956993044924332 0
    outer loop
      vertex 2.7055365867695795 2.220376494572759 0
      vertex 2.7055365867695795 2.220376494572759 14
      vertex 2.9101436430589085 1.9444958155686076 14
    endloop
  endfacet
  facet normal 0.8577286100002719 0.5141027441932219 0
    outer loop
      vertex 2.9101436430589085 1.9444958155686076 0
      vertex 2.9101436430589085 1.9444958155686076 14
      vertex 3.0867244252192427 1.6498885788909918 14
    endloop
  endfacet
  facet normal 0 0 1
    outer loop
      vertex 1.9444958155686076 2.9101436430589085 14
      vertex 1.7677669529663689 1.7677669529663689 14
      vertex 1.9325261334068424 1.5859832104091138 14
    endloop
  endfacet
  facet normal 0 0 1
    outer loop
      vertex 1.9444958155686076 2.9101436430589085 14
      vertex 1.9325261334068424 1.5859832104091138 14
      vertex 2.078674030756363 1.3889255825490054 14
    endloop
  endfacet
  facet normal 0 0 1
    outer loop
      vertex 2.220376494572759 2.7055365867695795 14
      vertex 2.078674030756363 1.3889255825490054 14
      vertex 2.204803160870888 1.1784918420649941 14
    endloop
  endfacet
  facet normal 0 0 1
    outer loop
      vertex 1.6498885788909918 3.0867244252192427 14
      vertex 1.7677669529663689 1.7677669529663689 14
      vertex 1.9444958155686076 2.9101436430589085 14
    endloop
  endfacet
  facet normal 0 0 1
    outer loop
      vertex 1.9444958155686076 2.9101436430589085 14
      vertex 2.078674030756363 1.3889255825490054 14
      vertex 2.220376494572759 2.7055365867695795 14
    endloop
  endfacet
  facet normal 0 0 1
    outer loop
      vertex 2.4748737341529163 2.4748737341529163 14
      vertex 2.220376494572759 2.7055365867695795 14
      vertex 2.309698831278217 0.9567085809127245 14
    endloop
  endfacet
  facet normal 0.9039892931234436 0.4275550934302817 0
    outer loop
      vertex -2.204803160870888 -1.1784918420649941 0
      vertex -2.309698831278217 -0.9567085809127245 0
      vertex -2.309698831278217 -0.9567085809127245 14
    endloop
  endfacet
  facet normal 0.803207531480645 0.595699304492433 0
    outer loop
      vertex -1.9325261334068424 -1.5859832104091138 0
      vertex -2.078674030756363 -1.3889255825490054 0
      vertex -2.078674030756363 -1.3889255825490054 14
    endloop
  endfacet
  facet normal 0.7409511253549591 0.6715589548470183 0
    outer loop
      vertex -1.7677669529663689 -1.7677669529663689 0
      vertex -1.9325261334068424 -1.5859832104091138 0
      vertex -1.9325261334068424 -1.5859832104091138 14
    endloop
  endfacet
  facet normal 0.8577286100002717 0.5141027441932224 0
    outer loop
      vertex -2.078674030756363 -1.3889255825490054 0
      vertex -2.204803160870888 -1.1784918420649941 0
      vertex -2.204803160870888 -1.1784918420649941 14
    endloop
  endfacet
  facet normal 0.9700312531945439 0.2429801799032646 0
    outer loop
      vertex -2.451963201008076 -0.4877258050403206 14
      vertex -2.392350839330522 -0.7257116931361558 0
      vertex -2.451963201008076 -0.4877258050403206 0
    endloop
  endfacet
  facet normal 0.9415440651830213 0.33688985339221883 0
    outer loop
      vertex -2.309698831278217 -0.9567085809127245 0
      vertex -2.392350839330522 -0.7257116931361558 0
      vertex -2.392350839330522 -0.7257116931361558 14
    endloop
  endfacet
  facet normal 0.9891765099647808 0.14673047445536283 0
    outer loop
      vertex -2.451963201008076 -0.4877258050403206 0
      vertex -2.4879618166804924 -0.2450428508239015 0
      vertex -2.4879618166804924 -0.2450428508239015 14
    endloop
  endfacet
  facet normal 0.9987954562051725 0.049067674327417134 0
    outer loop
      vertex -2.4879618166804924 -0.2450428508239015 0
      vertex -2.5 0 0
      vertex -2.5 0 14
    endloop
  endfacet
  facet normal 0.6715589548470183 0.7409511253549591 0
    outer loop
      vertex -1.7677669529663689 -1.7677669529663689 0
      vertex -1.7677669529663689 -1.7677669529663689 14
      vertex -1.5859832104091138 -1.9325261334068424 0
    endloop
  endfacet
  facet normal 0.595699304492433 0.803207531480645 0
    outer loop
      vertex -1.5859832104091138 -1.9325261334068424 0
      vertex -1.5859832104091138 -1.9325261334068424 14
      vertex -1.3889255825490054 -2.078674030756363 0
    endloop
  endfacet
  facet normal 0.5141027441932224 0.8577286100002717 0
    outer loop
      vertex -1.3889255825490054 -2.078674030756363 0
      vertex -1.3889255825490054 -2.078674030756363 14
      vertex -1.1784918420649941 -2.204803160870888 0
    endloop
  endfacet
  facet normal 0.4275550934302817 0.9039892931234436 0
    outer loop
      vertex -1.1784918420649941 -2.204803160870888 0
      vertex -1.1784918420649941 -2.204803160870888 14
      vertex -0.9567085809127245 -2.309698831278217 0
    endloop
  endfacet
  facet normal 0.33688985339221883 0.9415440651830213 0
    outer loop
      vertex -0.9567085809127245 -2.309698831278217 0
      vertex -0.9567085809127245 -2.309698831278217 14
      vertex -0.7257116931361558 -2.392350839330522 0
    endloop
  endfacet
  facet normal 0.2429801799032646 0.9700312531945439 0
    outer loop
      vertex -0.7257116931361558 -2.392350839330522 0
      vertex -0.7257116931361558 -2.392350839330522 14
      vertex -0.4877258050403206 -2.451963201008076 0
    endloop
  endfacet
  facet normal 0.14673047445536283 0.9891765099647808 0
    outer loop
      vertex -0.4877258050403206 -2.451963201008076 0
      vertex -0.4877258050403206 -2.451963201008076 14
      vertex -0.2450428508239015 -2.4879618166804924 0
    endloop
  endfacet
  facet normal 0.049067674327417134 0.9987954562051725 0
    outer loop
      vertex -0.2450428508239015 -2.4879618166804924 0
      vertex -0.2450428508239015 -2.4879618166804924 14
      vertex 0 -2.5 0
    endloop
  endfacet
  facet normal 0.9039892931234436 0.4275550934302817 0
    outer loop
      vertex -2.309698831278217 -0.9567085809127245 14
      vertex -2.204803160870888 -1.1784918420649941 14
      vertex -2.204803160870888 -1.1784918420649941 0
    endloop
  endfacet
  facet normal 0.9415440651830213 0.33688985339221883 0
    outer loop
      vertex -2.309698831278217 -0.9567085809127245 0
      vertex -2.392350839330522 -0.7257116931361558 14
      vertex -2.309698831278217 -0.9567085809127245 14
    endloop
  endfacet
  facet normal 0.8577286100002717 0.5141027441932224 0
    outer loop
      vertex -2.078674030756363 -1.3889255825490054 0
      vertex -2.204803160870888 -1.1784918420649941 14
      vertex -2.078674030756363 -1.3889255825490054 14
    endloop
  endfacet
  facet normal 0.803207531480645 0.595699304492433 0
    outer loop
      vertex -2.078674030756363 -1.3889255825490054 14
      vertex -1.9325261334068424 -1.5859832104091138 14
      vertex -1.9325261334068424 -1.5859832104091138 0
    endloop
  endfacet
  facet normal 0.7409511253549591 0.6715589548470183 0
    outer loop
      vertex -1.7677669529663689 -1.7677669529663689 0
      vertex -1.9325261334068424 -1.5859832104091138 14
      vertex -1.7677669529663689 -1.7677669529663689 14
    endloop
  endfacet
  facet normal 0.9700312531945439 0.2429801799032646 0
    outer loop
      vertex -2.451963201008076 -0.4877258050403206 14
      vertex -2.392350839330522 -0.7257116931361558 14
      vertex -2.392350839330522 -0.7257116931361558 0
    endloop
  endfacet
  facet normal 0.9891765099647808 0.14673047445536283 0
    outer loop
      vertex -2.4879618166804924 -0.2450428508239015 14
      vertex -2.451963201008076 -0.4877258050403206 14
      vertex -2.451963201008076 -0.4877258050403206 0
    endloop
  endfacet
  facet normal 0.9987954562051725 0.049067674327417134 0
    outer loop
      vertex -2.4879618166804924 -0.2450428508239015 0
      vertex -2.5 0 14
      vertex -2.4879618166804924 -0.2450428508239015 14
    endloop
  endfacet
  facet normal 0.6715589548470183 0.7409511253549591 0
    outer loop
      vertex -1.5859832104091138 -1.9325261334068424 0
      vertex -1.7677669529663689 -1.7677669529663689 14
      vertex -1.5859832104091138 -1.9325261334068424 14
    endloop
  endfacet
  facet normal 0.595699304492433 0.803207531480645 0
    outer loop
      vertex -1.5859832104091138 -1.9325261334068424 14
      vertex -1.3889255825490054 -2.078674030756363 14
      vertex -1.3889255825490054 -2.078674030756363 0
    endloop
  endfacet
  facet normal 0.4275550934302817 0.9039892931234436 0
    outer loop
      vertex -0.9567085809127245 -2.309698831278217 0
      vertex -1.1784918420649941 -2.204803160870888 14
      vertex -0.9567085809127245 -2.309698831278217 14
    endloop
  endfacet
  facet normal 0.5141027441932224 0.8577286100002717 0
    outer loop
      vertex -1.1784918420649941 -2.204803160870888 0
      vertex -1.3889255825490054 -2.078674030756363 14
      vertex -1.1784918420649941 -2.204803160870888 14
    endloop
  endfacet
  facet normal 0.33688985339221883 0.9415440651830213 0
    outer loop
      vertex -0.9567085809127245 -2.309698831278217 14
      vertex -0.7257116931361558 -2.392350839330522 14
      vertex -0.7257116931361558 -2.392350839330522 0
    endloop
  endfacet
  facet normal 0.2429801799032646 0.9700312531945439 0
    outer loop
      vertex -0.4877258050403206 -2.451963201008076 0
      vertex -0.7257116931361558 -2.392350839330522 14
      vertex -0.4877258050403206 -2.451963201008076 14
    endloop
  endfacet
  facet normal 0.14673047445536283 0.9891765099647808 0
    outer loop
      vertex -0.2450428508239015 -2.4879618166804924 0
      vertex -0.4877258050403206 -2.451963201008076 14
      vertex -0.2450428508239015 -2.4879618166804924 14
    endloop
  endfacet
  facet normal 0.049067674327417134 0.9987954562051725 0
    outer loop
      vertex 0 -2.5 0
      vertex -0.2450428508239015 -2.4879618166804924 14
      vertex 0 -2.5 14
    endloop
  endfacet
  facet normal 0.9987954562051725 -0.049067674327417134 0
    outer loop
      vertex -2.5 0 0
      vertex -2.4879618166804924 0.2450428508239015 0
      vertex -2.4879618166804924 0.2450428508239015 14
    endloop
  endfacet
  facet normal 0.9891765099647808 -0.14673047445536283 0
    outer loop
      vertex -2.4879618166804924 0.2450428508239015 0
      vertex -2.451963201008076 0.4877258050403206 0
      vertex -2.451963201008076 0.4877258050403206 14
    endloop
  endfacet
  facet normal 0.9700312531945439 -0.2429801799032646 0
    outer loop
      vertex -2.392350839330522 0.7257116931361558 14
      vertex -2.451963201008076 0.4877258050403206 0
      vertex -2.392350839330522 0.7257116931361558 0
    endloop
  endfacet
  facet normal 0.9415440651830213 -0.33688985339221883 0
    outer loop
      vertex -2.392350839330522 0.7257116931361558 0
      vertex -2.309698831278217 0.9567085809127245 0
      vertex -2.309698831278217 0.9567085809127245 14
    endloop
  endfacet
  facet normal 0.9039892931234436 -0.4275550934302817 0
    outer loop
      vertex -2.309698831278217 0.9567085809127245 0
      vertex -2.204803160870888 1.1784918420649941 0
      vertex -2.204803160870888 1.1784918420649941 14
    endloop
  endfacet
  facet normal 0.8577286100002717 -0.5141027441932224 0
    outer loop
      vertex -2.204803160870888 1.1784918420649941 0
      vertex -2.078674030756363 1.3889255825490054 0
      vertex -2.078674030756363 1.3889255825490054 14
    endloop
  endfacet
  facet normal 0.803207531480645 -0.595699304492433 0
    outer loop
      vertex -2.078674030756363 1.3889255825490054 0
      vertex -1.9325261334068424 1.5859832104091138 0
      vertex -1.9325261334068424 1.5859832104091138 14
    endloop
  endfacet
  facet normal 0.7409511253549591 -0.6715589548470183 0
    outer loop
      vertex -1.9325261334068424 1.5859832104091138 0
      vertex -1.7677669529663689 1.7677669529663689 0
      vertex -1.7677669529663689 1.7677669529663689 14
    endloop
  endfacet
  facet normal 0.6715589548470183 -0.7409511253549591 0
    outer loop
      vertex -1.5859832104091138 1.9325261334068424 0
      vertex -1.5859832104091138 1.9325261334068424 14
      vertex -1.7677669529663689 1.7677669529663689 0
    endloop
  endfacet
  facet normal 0.595699304492433 -0.803207531480645 0
    outer loop
      vertex -1.3889255825490054 2.078674030756363 0
      vertex -1.3889255825490054 2.078674030756363 14
      vertex -1.5859832104091138 1.9325261334068424 0
    endloop
  endfacet
  facet normal 0.5141027441932224 -0.8577286100002717 0
    outer loop
      vertex -1.1784918420649941 2.204803160870888 0
      vertex -1.1784918420649941 2.204803160870888 14
      vertex -1.3889255825490054 2.078674030756363 0
    endloop
  endfacet
  facet normal 0.4275550934302817 -0.9039892931234436 0
    outer loop
      vertex -0.9567085809127245 2.309698831278217 0
      vertex -0.9567085809127245 2.309698831278217 14
      vertex -1.1784918420649941 2.204803160870888 0
    endloop
  endfacet
  facet normal 0.33688985339221883 -0.9415440651830213 0
    outer loop
      vertex -0.7257116931361558 2.392350839330522 0
      vertex -0.7257116931361558 2.392350839330522 14
      vertex -0.9567085809127245 2.309698831278217 0
    endloop
  endfacet
  facet normal 0.2429801799032646 -0.9700312531945439 0
    outer loop
      vertex -0.4877258050403206 2.451963201008076 0
      vertex -0.4877258050403206 2.451963201008076 14
      vertex -0.7257116931361558 2.392350839330522 0
    endloop
  endfacet
  facet normal 0.14673047445536283 -0.9891765099647808 0
    outer loop
      vertex -0.2450428508239015 2.4879618166804924 0
      vertex -0.2450428508239015 2.4879618166804924 14
      vertex -0.4877258050403206 2.451963201008076 0
    endloop
  endfacet
  facet normal 0.049067674327417134 -0.9987954562051725 0
    outer loop
      vertex -0.2450428508239015 2.4879618166804924 0
      vertex 0 2.5 0
      vertex 0 2.5 14
    endloop
  endfacet
  facet normal 0.9987954562051725 -0.049067674327417134 0
    outer loop
      vertex -2.5 0 0
      vertex -2.4879618166804924 0.2450428508239015 14
      vertex -2.5 0 14
    endloop
  endfacet
  facet normal 0.9891765099647808 -0.14673047445536283 0
    outer loop
      vertex -2.451963201008076 0.4877258050403206 14
      vertex -2.4879618166804924 0.2450428508239015 14
      vertex -2.4879618166804924 0.2450428508239015 0
    endloop
  endfacet
  facet normal 0.9700312531945439 -0.2429801799032646 0
    outer loop
      vertex -2.392350839330522 0.7257116931361558 14
      vertex -2.451963201008076 0.4877258050403206 14
      vertex -2.451963201008076 0.4877258050403206 0
    endloop
  endfacet
  facet normal 0.9415440651830213 -0.33688985339221883 0
    outer loop
      vertex -2.309698831278217 0.9567085809127245 14
      vertex -2.392350839330522 0.7257116931361558 14
      vertex -2.392350839330522 0.7257116931361558 0
    endloop
  endfacet
  facet normal 0.9039892931234436 -0.4275550934302817 0
    outer loop
      vertex -2.204803160870888 1.1784918420649941 14
      vertex -2.309698831278217 0.9567085809127245 14
      vertex -2.309698831278217 0.9567085809127245 0
    endloop
  endfacet
  facet normal 0.8577286100002717 -0.5141027441932224 0
    outer loop
      vertex -2.078674030756363 1.3889255825490054 14
      vertex -2.204803160870888 1.1784918420649941 14
      vertex -2.204803160870888 1.1784918420649941 0
    endloop
  endfacet
  facet normal 0.803207531480645 -0.595699304492433 0
    outer loop
      vertex -1.9325261334068424 1.5859832104091138 14
      vertex -2.078674030756363 1.3889255825490054 14
      vertex -2.078674030756363 1.3889255825490054 0
    endloop
  endfacet
  facet normal 0.7409511253549591 -0.6715589548470183 0
    outer loop
      vertex -1.7677669529663689 1.7677669529663689 14
      vertex -1.9325261334068424 1.5859832104091138 14
      vertex -1.9325261334068424 1.5859832104091138 0
    endloop
  endfacet
  facet normal 0.6715589548470183 -0.7409511253549591 0
    outer loop
      vertex -1.7677669529663689 1.7677669529663689 0
      vertex -1.5859832104091138 1.9325261334068424 14
      vertex -1.7677669529663689 1.7677669529663689 14
    endloop
  endfacet
  facet normal 0.595699304492433 -0.803207531480645 0
    outer loop
      vertex -1.5859832104091138 1.9325261334068424 0
      vertex -1.3889255825490054 2.078674030756363 14
      vertex -1.5859832104091138 1.9325261334068424 14
    endloop
  endfacet
  facet normal 0.5141027441932224 -0.8577286100002717 0
    outer loop
      vertex -1.3889255825490054 2.078674030756363 0
      vertex -1.1784918420649941 2.204803160870888 14
      vertex -1.3889255825490054 2.078674030756363 14
    endloop
  endfacet
  facet normal 0.4275550934302817 -0.9039892931234436 0
    outer loop
      vertex -1.1784918420649941 2.204803160870888 0
      vertex -0.9567085809127245 2.309698831278217 14
      vertex -1.1784918420649941 2.204803160870888 14
    endloop
  endfacet
  facet normal 0.33688985339221883 -0.9415440651830213 0
    outer loop
      vertex -0.9567085809127245 2.309698831278217 0
      vertex -0.7257116931361558 2.392350839330522 14
      vertex -0.9567085809127245 2.309698831278217 14
    endloop
  endfacet
  facet normal 0.2429801799032646 -0.9700312531945439 0
    outer loop
      vertex -0.7257116931361558 2.392350839330522 0
      vertex -0.4877258050403206 2.451963201008076 14
      vertex -0.7257116931361558 2.392350839330522 14
    endloop
  endfacet
  facet normal 0.14673047445536283 -0.9891765099647808 0
    outer loop
      vertex -0.4877258050403206 2.451963201008076 0
      vertex -0.2450428508239015 2.4879618166804924 14
      vertex -0.4877258050403206 2.451963201008076 14
    endloop
  endfacet
  facet normal 0.049067674327417134 -0.9987954562051725 0
    outer loop
      vertex 0 2.5 14
      vertex -0.2450428508239015 2.4879618166804924 14
      vertex -0.2450428508239015 2.4879618166804924 0
    endloop
  endfacet
  facet normal -0.049067674327417134 0.9987954562051725 0
    outer loop
      vertex 0 -2.5 14
      vertex 0.2450428508239015 -2.4879618166804924 0
      vertex 0 -2.5 0
    endloop
  endfacet
  facet normal -0.14673047445536283 0.9891765099647808 0
    outer loop
      vertex 0.2450428508239015 -2.4879618166804924 0
      vertex 0.2450428508239015 -2.4879618166804924 14
      vertex 0.4877258050403206 -2.451963201008076 0
    endloop
  endfacet
  facet normal -0.2429801799032646 0.9700312531945439 0
    outer loop
      vertex 0.4877258050403206 -2.451963201008076 0
      vertex 0.4877258050403206 -2.451963201008076 14
      vertex 0.7257116931361558 -2.392350839330522 0
    endloop
  endfacet
  facet normal -0.33688985339221883 0.9415440651830213 0
    outer loop
      vertex 0.7257116931361558 -2.392350839330522 14
      vertex 0.9567085809127245 -2.309698831278217 0
      vertex 0.7257116931361558 -2.392350839330522 0
    endloop
  endfacet
  facet normal -0.4275550934302817 0.9039892931234436 0
    outer loop
      vertex 0.9567085809127245 -2.309698831278217 0
      vertex 0.9567085809127245 -2.309698831278217 14
      vertex 1.1784918420649941 -2.204803160870888 0
    endloop
  endfacet
  facet normal -0.5141027441932224 0.8577286100002717 0
    outer loop
      vertex 1.1784918420649941 -2.204803160870888 0
      vertex 1.1784918420649941 -2.204803160870888 14
      vertex 1.3889255825490054 -2.078674030756363 0
    endloop
  endfacet
  facet normal -0.595699304492433 0.803207531480645 0
    outer loop
      vertex 1.3889255825490054 -2.078674030756363 14
      vertex 1.5859832104091138 -1.9325261334068424 0
      vertex 1.3889255825490054 -2.078674030756363 0
    endloop
  endfacet
  facet normal -0.6715589548470183 0.7409511253549591 0
    outer loop
      vertex 1.5859832104091138 -1.9325261334068424 0
      vertex 1.5859832104091138 -1.9325261334068424 14
      vertex 1.7677669529663689 -1.7677669529663689 0
    endloop
  endfacet
  facet normal -0.7409511253549591 0.6715589548470183 0
    outer loop
      vertex 1.7677669529663689 -1.7677669529663689 0
      vertex 1.7677669529663689 -1.7677669529663689 14
      vertex 1.9325261334068424 -1.5859832104091138 0
    endloop
  endfacet
  facet normal -0.803207531480645 0.595699304492433 0
    outer loop
      vertex 2.078674030756363 -1.3889255825490054 0
      vertex 1.9325261334068424 -1.5859832104091138 0
      vertex 1.9325261334068424 -1.5859832104091138 14
    endloop
  endfacet
  facet normal -0.8577286100002717 0.5141027441932224 0
    outer loop
      vertex 2.204803160870888 -1.1784918420649941 0
      vertex 2.078674030756363 -1.3889255825490054 0
      vertex 2.078674030756363 -1.3889255825490054 14
    endloop
  endfacet
  facet normal -0.9039892931234436 0.4275550934302817 0
    outer loop
      vertex 2.309698831278217 -0.9567085809127245 0
      vertex 2.204803160870888 -1.1784918420649941 0
      vertex 2.204803160870888 -1.1784918420649941 14
    endloop
  endfacet
  facet normal -0.9415440651830213 0.33688985339221883 0
    outer loop
      vertex 2.392350839330522 -0.7257116931361558 0
      vertex 2.309698831278217 -0.9567085809127245 0
      vertex 2.309698831278217 -0.9567085809127245 14
    endloop
  endfacet
  facet normal -0.9700312531945439 0.2429801799032646 0
    outer loop
      vertex 2.451963201008076 -0.4877258050403206 0
      vertex 2.392350839330522 -0.7257116931361558 0
      vertex 2.392350839330522 -0.7257116931361558 14
    endloop
  endfacet
  facet normal -0.9891765099647808 0.14673047445536283 0
    outer loop
      vertex 2.4879618166804924 -0.2450428508239015 0
      vertex 2.451963201008076 -0.4877258050403206 0
      vertex 2.451963201008076 -0.4877258050403206 14
    endloop
  endfacet
  facet normal -0.9987954562051725 0.049067674327417134 0
    outer loop
      vertex 2.4879618166804924 -0.2450428508239015 0
      vertex 2.4879618166804924 -0.2450428508239015 14
      vertex 2.5 0 0
    endloop
  endfacet
  facet normal -0.049067674327417134 0.9987954562051725 0
    outer loop
      vertex 0.2450428508239015 -2.4879618166804924 0
      vertex 0 -2.5 14
      vertex 0.2450428508239015 -2.4879618166804924 14
    endloop
  endfacet
  facet normal -0.14673047445536283 0.9891765099647808 0
    outer loop
      vertex 0.4877258050403206 -2.451963201008076 0
      vertex 0.2450428508239015 -2.4879618166804924 14
      vertex 0.4877258050403206 -2.451963201008076 14
    endloop
  endfacet
  facet normal -0.2429801799032646 0.9700312531945439 0
    outer loop
      vertex 0.7257116931361558 -2.392350839330522 14
      vertex 0.7257116931361558 -2.392350839330522 0
      vertex 0.4877258050403206 -2.451963201008076 14
    endloop
  endfacet
  facet normal -0.33688985339221883 0.9415440651830213 0
    outer loop
      vertex 0.9567085809127245 -2.309698831278217 0
      vertex 0.7257116931361558 -2.392350839330522 14
      vertex 0.9567085809127245 -2.309698831278217 14
    endloop
  endfacet
  facet normal -0.4275550934302817 0.9039892931234436 0
    outer loop
      vertex 1.1784918420649941 -2.204803160870888 0
      vertex 0.9567085809127245 -2.309698831278217 14
      vertex 1.1784918420649941 -2.204803160870888 14
    endloop
  endfacet
  facet normal -0.5141027441932224 0.8577286100002717 0
    outer loop
      vertex 1.3889255825490054 -2.078674030756363 14
      vertex 1.3889255825490054 -2.078674030756363 0
      vertex 1.1784918420649941 -2.204803160870888 14
    endloop
  endfacet
  facet normal -0.595699304492433 0.803207531480645 0
    outer loop
      vertex 1.5859832104091138 -1.9325261334068424 0
      vertex 1.3889255825490054 -2.078674030756363 14
      vertex 1.5859832104091138 -1.9325261334068424 14
    endloop
  endfacet
  facet normal -0.6715589548470183 0.7409511253549591 0
    outer loop
      vertex 1.7677669529663689 -1.7677669529663689 0
      vertex 1.5859832104091138 -1.9325261334068424 14
      vertex 1.7677669529663689 -1.7677669529663689 14
    endloop
  endfacet
  facet normal -0.7409511253549591 0.6715589548470183 0
    outer loop
      vertex 1.7677669529663689 -1.7677669529663689 14
      vertex 1.9325261334068424 -1.5859832104091138 14
      vertex 1.9325261334068424 -1.5859832104091138 0
    endloop
  endfacet
  facet normal -0.803207531480645 0.595699304492433 0
    outer loop
      vertex 1.9325261334068424 -1.5859832104091138 14
      vertex 2.078674030756363 -1.3889255825490054 14
      vertex 2.078674030756363 -1.3889255825490054 0
    endloop
  endfacet
  facet normal -0.8577286100002717 0.5141027441932224 0
    outer loop
      vertex 2.078674030756363 -1.3889255825490054 14
      vertex 2.204803160870888 -1.1784918420649941 14
      vertex 2.204803160870888 -1.1784918420649941 0
    endloop
  endfacet
  facet normal -0.9039892931234436 0.4275550934302817 0
    outer loop
      vertex 2.204803160870888 -1.1784918420649941 14
      vertex 2.309698831278217 -0.9567085809127245 14
      vertex 2.309698831278217 -0.9567085809127245 0
    endloop
  endfacet
  facet normal -0.9415440651830213 0.33688985339221883 0
    outer loop
      vertex 2.309698831278217 -0.9567085809127245 14
      vertex 2.392350839330522 -0.7257116931361558 14
      vertex 2.392350839330522 -0.7257116931361558 0
    endloop
  endfacet
  facet normal -0.9700312531945439 0.2429801799032646 0
    outer loop
      vertex 2.451963201008076 -0.4877258050403206 0
      vertex 2.392350839330522 -0.7257116931361558 14
      vertex 2.451963201008076 -0.4877258050403206 14
    endloop
  endfacet
  facet normal -0.9891765099647808 0.14673047445536283 0
    outer loop
      vertex 2.451963201008076 -0.4877258050403206 14
      vertex 2.4879618166804924 -0.2450428508239015 14
      vertex 2.4879618166804924 -0.2450428508239015 0
    endloop
  endfacet
  facet normal -0.9987954562051725 0.049067674327417134 0
    outer loop
      vertex 2.4879618166804924 -0.2450428508239015 14
      vertex 2.5 0 14
      vertex 2.5 0 0
    endloop
  endfacet
  facet normal -0.049067674327417134 -0.9987954562051725 0
    outer loop
      vertex 0.2450428508239015 2.4879618166804924 0
      vertex 0.2450428508239015 2.4879618166804924 14
      vertex 0 2.5 0
    endloop
  endfacet
  facet normal -0.14673047445536283 -0.9891765099647808 0
    outer loop
      vertex 0.4877258050403206 2.451963201008076 0
      vertex 0.4877258050403206 2.451963201008076 14
      vertex 0.2450428508239015 2.4879618166804924 0
    endloop
  endfacet
  facet normal -0.2429801799032646 -0.9700312531945439 0
    outer loop
      vertex 0.7257116931361558 2.392350839330522 14
      vertex 0.4877258050403206 2.451963201008076 0
      vertex 0.7257116931361558 2.392350839330522 0
    endloop
  endfacet
  facet normal -0.33688985339221883 -0.9415440651830213 0
    outer loop
      vertex 0.9567085809127245 2.309698831278217 0
      vertex 0.9567085809127245 2.309698831278217 14
      vertex 0.7257116931361558 2.392350839330522 0
    endloop
  endfacet
  facet normal -0.4275550934302817 -0.9039892931234436 0
    outer loop
      vertex 1.1784918420649941 2.204803160870888 0
      vertex 1.1784918420649941 2.204803160870888 14
      vertex 0.9567085809127245 2.309698831278217 0
    endloop
  endfacet
  facet normal -0.5141027441932224 -0.8577286100002717 0
    outer loop
      vertex 1.3889255825490054 2.078674030756363 14
      vertex 1.1784918420649941 2.204803160870888 0
      vertex 1.3889255825490054 2.078674030756363 0
    endloop
  endfacet
  facet normal -0.595699304492433 -0.803207531480645 0
    outer loop
      vertex 1.5859832104091138 1.9325261334068424 0
      vertex 1.5859832104091138 1.9325261334068424 14
      vertex 1.3889255825490054 2.078674030756363 0
    endloop
  endfacet
  facet normal -0.6715589548470183 -0.7409511253549591 0
    outer loop
      vertex 1.5859832104091138 1.9325261334068424 0
      vertex 1.7677669529663689 1.7677669529663689 0
      vertex 1.7677669529663689 1.7677669529663689 14
    endloop
  endfacet
  facet normal -0.9987954562051725 -0.049067674327417134 0
    outer loop
      vertex 2.5 0 0
      vertex 2.5 0 14
      vertex 2.4879618166804924 0.2450428508239015 0
    endloop
  endfacet
  facet normal -0.9891765099647808 -0.14673047445536283 0
    outer loop
      vertex 2.451963201008076 0.4877258050403206 0
      vertex 2.4879618166804924 0.2450428508239015 0
      vertex 2.4879618166804924 0.2450428508239015 14
    endloop
  endfacet
  facet normal -0.9415440651830213 -0.33688985339221883 0
    outer loop
      vertex 2.309698831278217 0.9567085809127245 0
      vertex 2.392350839330522 0.7257116931361558 0
      vertex 2.392350839330522 0.7257116931361558 14
    endloop
  endfacet
  facet normal -0.9700312531945439 -0.2429801799032646 0
    outer loop
      vertex 2.392350839330522 0.7257116931361558 0
      vertex 2.451963201008076 0.4877258050403206 0
      vertex 2.451963201008076 0.4877258050403206 14
    endloop
  endfacet
  facet normal -0.8577286100002717 -0.5141027441932224 0
    outer loop
      vertex 2.078674030756363 1.3889255825490054 0
      vertex 2.204803160870888 1.1784918420649941 0
      vertex 2.204803160870888 1.1784918420649941 14
    endloop
  endfacet
  facet normal -0.7409511253549591 -0.6715589548470183 0
    outer loop
      vertex 1.7677669529663689 1.7677669529663689 0
      vertex 1.9325261334068424 1.5859832104091138 0
      vertex 1.9325261334068424 1.5859832104091138 14
    endloop
  endfacet
  facet normal -0.803207531480645 -0.595699304492433 0
    outer loop
      vertex 1.9325261334068424 1.5859832104091138 0
      vertex 2.078674030756363 1.3889255825490054 0
      vertex 2.078674030756363 1.3889255825490054 14
    endloop
  endfacet
  facet normal -0.9039892931234436 -0.4275550934302817 0
    outer loop
      vertex 2.204803160870888 1.1784918420649941 0
      vertex 2.309698831278217 0.9567085809127245 0
      vertex 2.309698831278217 0.9567085809127245 14
    endloop
  endfacet
  facet normal -0.049067674327417134 -0.9987954562051725 0
    outer loop
      vertex 0 2.5 14
      vertex 0 2.5 0
      vertex 0.2450428508239015 2.4879618166804924 14
    endloop
  endfacet
  facet normal -0.14673047445536283 -0.9891765099647808 0
    outer loop
      vertex 0.2450428508239015 2.4879618166804924 0
      vertex 0.4877258050403206 2.451963201008076 14
      vertex 0.2450428508239015 2.4879618166804924 14
    endloop
  endfacet
  facet normal -0.2429801799032646 -0.9700312531945439 0
    outer loop
      vertex 0.4877258050403206 2.451963201008076 0
      vertex 0.7257116931361558 2.392350839330522 14
      vertex 0.4877258050403206 2.451963201008076 14
    endloop
  endfacet
  facet normal -0.33688985339221883 -0.9415440651830213 0
    outer loop
      vertex 0.9567085809127245 2.309698831278217 14
      vertex 0.7257116931361558 2.392350839330522 14
      vertex 0.7257116931361558 2.392350839330522 0
    endloop
  endfacet
  facet normal -0.5141027441932224 -0.8577286100002717 0
    outer loop
      vertex 1.1784918420649941 2.204803160870888 0
      vertex 1.3889255825490054 2.078674030756363 14
      vertex 1.1784918420649941 2.204803160870888 14
    endloop
  endfacet
  facet normal -0.4275550934302817 -0.9039892931234436 0
    outer loop
      vertex 0.9567085809127245 2.309698831278217 0
      vertex 1.1784918420649941 2.204803160870888 14
      vertex 0.9567085809127245 2.309698831278217 14
    endloop
  endfacet
  facet normal -0.595699304492433 -0.803207531480645 0
    outer loop
      vertex 1.5859832104091138 1.9325261334068424 14
      vertex 1.3889255825490054 2.078674030756363 14
      vertex 1.3889255825490054 2.078674030756363 0
    endloop
  endfacet
  facet normal -0.6715589548470183 -0.7409511253549591 0
    outer loop
      vertex 1.5859832104091138 1.9325261334068424 0
      vertex 1.7677669529663689 1.7677669529663689 14
      vertex 1.5859832104091138 1.9325261334068424 14
    endloop
  endfacet
  facet normal -0.9987954562051725 -0.049067674327417134 0
    outer loop
      vertex 2.5 0 14
      vertex 2.4879618166804924 0.2450428508239015 14
      vertex 2.4879618166804924 0.2450428508239015 0
    endloop
  endfacet
  facet normal -0.9891765099647808 -0.14673047445536283 0
    outer loop
      vertex 2.4879618166804924 0.2450428508239015 14
      vertex 2.451963201008076 0.4877258050403206 14
      vertex 2.451963201008076 0.4877258050403206 0
    endloop
  endfacet
  facet normal -0.9700312531945439 -0.2429801799032646 0
    outer loop
      vertex 2.392350839330522 0.7257116931361558 0
      vertex 2.451963201008076 0.4877258050403206 14
      vertex 2.392350839330522 0.7257116931361558 14
    endloop
  endfacet
  facet normal -0.7409511253549591 -0.6715589548470183 0
    outer loop
      vertex 1.7677669529663689 1.7677669529663689 0
      vertex 1.9325261334068424 1.5859832104091138 14
      vertex 1.7677669529663689 1.7677669529663689 14
    endloop
  endfacet
  facet normal -0.803207531480645 -0.595699304492433 0
    outer loop
      vertex 2.078674030756363 1.3889255825490054 14
      vertex 1.9325261334068424 1.5859832104091138 14
      vertex 1.9325261334068424 1.5859832104091138 0
    endloop
  endfacet
  facet normal -0.8577286100002717 -0.5141027441932224 0
    outer loop
      vertex 2.078674030756363 1.3889255825490054 0
      vertex 2.204803160870888 1.1784918420649941 14
      vertex 2.078674030756363 1.3889255825490054 14
    endloop
  endfacet
  facet normal -0.9415440651830213 -0.33688985339221883 0
    outer loop
      vertex 2.309698831278217 0.9567085809127245 0
      vertex 2.392350839330522 0.7257116931361558 14
      vertex 2.309698831278217 0.9567085809127245 14
    endloop
  endfacet
  facet normal -0.9039892931234436 -0.4275550934302817 0
    outer loop
      vertex 2.309698831278217 0.9567085809127245 14
      vertex 2.204803160870888 1.1784918420649941 14
      vertex 2.204803160870888 1.1784918420649941 0
    endloop
  endfacet
endsolid OpenSCAD_Model
