solid OpenSCAD_Model
  facet normal -0.7491363945234611 -0.6624157775901697 0
    outer loop
      vertex -45.43253079038907 -39.1903705772266 0
      vertex -44.457067521297546 -40.29353729082111 0
      vertex -45.43253079038907 -39.1903705772266 1.5
    endloop
  endfacet
  facet normal -0.7651672656224566 -0.6438315428897942 0
    outer loop
      vertex -46.38062720176422 -38.06359704981873 0
      vertex -45.43253079038907 -39.1903705772266 0
      vertex -46.38062720176422 -38.06359704981873 1.5
    endloop
  endfacet
  facet normal -0.780737228572096 -0.6248594881423842 0
    outer loop
      vertex -46.38062720176422 -38.06359704981873 0
      vertex -46.38062720176422 -38.06359704981873 1.5
      vertex -47.30078565759638 -36.913895434837606 1.5
    endloop
  endfacet
  facet normal -0.7651672656224566 -0.6438315428897942 0
    outer loop
      vertex -45.43253079038907 -39.1903705772266 0
      vertex -45.43253079038907 -39.1903705772266 1.5
      vertex -46.38062720176422 -38.06359704981873 1.5
    endloop
  endfacet
  facet normal -0.8104571982525953 -0.5857978574564382 0
    outer loop
      vertex -49.055088789095024 -34.54849148507072 0
      vertex -48.1924518888387 -35.741958269546004 0
      vertex -49.055088789095024 -34.54849148507072 1.5
    endloop
  endfacet
  facet normal -0.8245893027850257 -0.5657318107836126 0
    outer loop
      vertex -49.055088789095024 -34.54849148507072 0
      vertex -49.055088789095024 -34.54849148507072 1.5
      vertex -49.888176738152715 -33.334213981176134 1.5
    endloop
  endfacet
  facet normal 0 0 -1
    outer loop
      vertex -50.69121391498243 -32.09985719322583 0
      vertex -51.46371660001632 -30.846164651593305 0
      vertex -49.888176738152715 -33.334213981176134 0
    endloop
  endfacet
  facet normal -0.8513551931052666 -0.5245896826784664 0
    outer loop
      vertex -50.69121391498243 -32.09985719322583 0
      vertex -51.46371660001632 -30.846164651593305 1.5
      vertex -51.46371660001632 -30.846164651593305 0
    endloop
  endfacet
  facet normal -0.8639728561215857 -0.5035383837257191 0
    outer loop
      vertex -51.46371660001632 -30.846164651593305 0
      vertex -51.46371660001632 -30.846164651593305 1.5
      vertex -52.205219466522685 -29.57389153378704 1.5
    endloop
  endfacet
  facet normal -0.8513551931052666 -0.5245896826784664 0
    outer loop
      vertex -50.69121391498243 -32.09985719322583 0
      vertex -50.69121391498243 -32.09985719322583 1.5
      vertex -51.46371660001632 -30.846164651593305 1.5
    endloop
  endfacet
  facet normal -0.8382247055548383 -0.545324988422046 0
    outer loop
      vertex -50.69121391498243 -32.09985719322583 0
      vertex -49.888176738152715 -33.334213981176134 0
      vertex -50.69121391498243 -32.09985719322583 1.5
    endloop
  endfacet
  facet normal -0.8245893027850257 -0.5657318107836126 0
    outer loop
      vertex -49.055088789095024 -34.54849148507072 0
      vertex -49.888176738152715 -33.334213981176134 1.5
      vertex -49.888176738152715 -33.334213981176134 0
    endloop
  endfacet
  facet normal -0.8382247055548383 -0.545324988422046 0
    outer loop
      vertex -50.69121391498243 -32.09985719322583 1.5
      vertex -49.888176738152715 -33.334213981176134 0
      vertex -49.888176738152715 -33.334213981176134 1.5
    endloop
  endfacet
  facet normal -0.7958369046088817 -0.6055110414043278 0
    outer loop
      vertex -48.1924518888387 -35.741958269546004 0
      vertex -47.30078565759638 -36.913895434837606 0
      vertex -48.1924518888387 -35.741958269546004 1.5
    endloop
  endfacet
  facet normal -0.780737228572096 -0.6248594881423842 0
    outer loop
      vertex -46.38062720176422 -38.06359704981873 0
      vertex -47.30078565759638 -36.913895434837606 1.5
      vertex -47.30078565759638 -36.913895434837606 0
    endloop
  endfacet
  facet normal -0.7958369046088817 -0.6055110414043278 0
    outer loop
      vertex -47.30078565759638 -36.913895434837606 0
      vertex -47.30078565759638 -36.913895434837606 1.5
      vertex -48.1924518888387 -35.741958269546004 1.5
    endloop
  endfacet
  facet normal -0.8104571982525953 -0.5857978574564382 0
    outer loop
      vertex -49.055088789095024 -34.54849148507072 1.5
      vertex -48.1924518888387 -35.741958269546004 0
      vertex -48.1924518888387 -35.741958269546004 1.5
    endloop
  endfacet
  facet normal 0 0 -1
    outer loop
      vertex -45.43253079038907 -39.1903705772266 0
      vertex -45.24170780134982 -23.64149512441008 0
      vertex -44.457067521297546 -40.29353729082111 0
    endloop
  endfacet
  facet normal 0 0 1
    outer loop
      vertex -48.1924518888387 -35.741958269546004 1.5
      vertex -47.30078565759638 -36.913895434837606 1.5
      vertex -47.629282380513416 -18.372641615111146 1.5
    endloop
  endfacet
  facet normal 0 0 -1
    outer loop
      vertex -46.38062720176422 -38.06359704981873 0
      vertex -47.30078565759638 -36.913895434837606 0
      vertex -46.38062720176422 -21.32023178014856 0
    endloop
  endfacet
  facet normal 0 0 -1
    outer loop
      vertex -46.38062720176422 -38.06359704981873 0
      vertex -45.43253079038907 -23.273704010385146 0
      vertex -45.43253079038907 -39.1903705772266 0
    endloop
  endfacet
  facet normal 0 0 1
    outer loop
      vertex -46.38062720176422 -38.06359704981873 1.5
      vertex -45.43253079038907 -39.1903705772266 1.5
      vertex -46.14865341395178 -21.8266875196159 1.5
    endloop
  endfacet
  facet normal 0 0 1
    outer loop
      vertex -46.38062720176422 -38.06359704981873 1.5
      vertex -46.670408028665236 -20.68756907995473 1.5
      vertex -47.30078565759638 -36.913895434837606 1.5
    endloop
  endfacet
  facet normal -0.6624157775901697 -0.7491363945234611 0
    outer loop
      vertex -39.1903705772266 -45.43253079038907 0
      vertex -39.1903705772266 -45.43253079038907 1.5
      vertex -40.29353729082111 -44.457067521297546 0
    endloop
  endfacet
  facet normal -0.6438315428897942 -0.7651672656224566 0
    outer loop
      vertex -39.1903705772266 -45.43253079038907 0
      vertex -38.06359704981873 -46.38062720176422 0
      vertex -38.06359704981873 -46.38062720176422 1.5
    endloop
  endfacet
  facet normal -0.6438315428897942 -0.7651672656224566 0
    outer loop
      vertex -39.1903705772266 -45.43253079038907 0
      vertex -38.06359704981873 -46.38062720176422 1.5
      vertex -39.1903705772266 -45.43253079038907 1.5
    endloop
  endfacet
  facet normal -0.6248594881423842 -0.780737228572096 0
    outer loop
      vertex -38.06359704981873 -46.38062720176422 0
      vertex -36.913895434837606 -47.30078565759638 1.5
      vertex -38.06359704981873 -46.38062720176422 1.5
    endloop
  endfacet
  facet normal -0.5857978574564382 -0.8104571982525953 0
    outer loop
      vertex -34.54849148507072 -49.055088789095024 0
      vertex -34.54849148507072 -49.055088789095024 1.5
      vertex -35.741958269546004 -48.1924518888387 0
    endloop
  endfacet
  facet normal -0.5657318107836126 -0.8245893027850257 0
    outer loop
      vertex -34.54849148507072 -49.055088789095024 0
      vertex -33.334213981176134 -49.888176738152715 1.5
      vertex -34.54849148507072 -49.055088789095024 1.5
    endloop
  endfacet
  facet normal -0.6248594881423842 -0.780737228572096 0
    outer loop
      vertex -38.06359704981873 -46.38062720176422 0
      vertex -36.913895434837606 -47.30078565759638 0
      vertex -36.913895434837606 -47.30078565759638 1.5
    endloop
  endfacet
  facet normal -0.6055110414043278 -0.7958369046088817 0
    outer loop
      vertex -36.913895434837606 -47.30078565759638 0
      vertex -35.741958269546004 -48.1924518888387 0
      vertex -35.741958269546004 -48.1924518888387 1.5
    endloop
  endfacet
  facet normal -0.6055110414043278 -0.7958369046088817 0
    outer loop
      vertex -36.913895434837606 -47.30078565759638 0
      vertex -35.741958269546004 -48.1924518888387 1.5
      vertex -36.913895434837606 -47.30078565759638 1.5
    endloop
  endfacet
  facet normal -0.5857978574564382 -0.8104571982525953 0
    outer loop
      vertex -34.54849148507072 -49.055088789095024 1.5
      vertex -35.741958269546004 -48.1924518888387 1.5
      vertex -35.741958269546004 -48.1924518888387 0
    endloop
  endfacet
  facet normal 0 0 1
    outer loop
      vertex -34.54849148507072 -49.055088789095024 1.5
      vertex -33.334213981176134 -49.888176738152715 1.5
      vertex -34.28308464494029 -37.82555494937066 1.5
    endloop
  endfacet
  facet normal -0.5657318107836126 -0.8245893027850257 0
    outer loop
      vertex -34.54849148507072 -49.055088789095024 0
      vertex -33.334213981176134 -49.888176738152715 0
      vertex -33.334213981176134 -49.888176738152715 1.5
    endloop
  endfacet
  facet normal -0.545324988422046 -0.8382247055548383 0
    outer loop
      vertex -32.09985719322583 -50.69121391498243 0
      vertex -32.09985719322583 -50.69121391498243 1.5
      vertex -33.334213981176134 -49.888176738152715 0
    endloop
  endfacet
  facet normal -0.545324988422046 -0.8382247055548383 0
    outer loop
      vertex -32.09985719322583 -50.69121391498243 1.5
      vertex -33.334213981176134 -49.888176738152715 1.5
      vertex -33.334213981176134 -49.888176738152715 0
    endloop
  endfacet
  facet normal -0.5245896826784664 -0.8513551931052666 0
    outer loop
      vertex -32.09985719322583 -50.69121391498243 0
      vertex -30.846164651593305 -51.46371660001632 0
      vertex -30.846164651593305 -51.46371660001632 1.5
    endloop
  endfacet
  facet normal -0.5245896826784664 -0.8513551931052666 0
    outer loop
      vertex -32.09985719322583 -50.69121391498243 0
      vertex -30.846164651593305 -51.46371660001632 1.5
      vertex -32.09985719322583 -50.69121391498243 1.5
    endloop
  endfacet
  facet normal -0.5035383837257191 -0.8639728561215857 0
    outer loop
      vertex -30.846164651593305 -51.46371660001632 0
      vertex -29.57389153378704 -52.205219466522685 1.5
      vertex -30.846164651593305 -51.46371660001632 1.5
    endloop
  endfacet
  facet normal 0 0 -1
    outer loop
      vertex -34.54849148507072 -49.055088789095024 0
      vertex -33.334213981176134 -38.66414435058509 0
      vertex -33.334213981176134 -49.888176738152715 0
    endloop
  endfacet
  facet normal 0 0 -1
    outer loop
      vertex -32.09985719322583 -50.69121391498243 0
      vertex -33.334213981176134 -49.888176738152715 0
      vertex -32.09985719322583 -39.691018385738516 0
    endloop
  endfacet
  facet normal 0 0 1
    outer loop
      vertex -32.09985719322583 -50.69121391498243 1.5
      vertex -32.3857771565541 -39.46218364416772 1.5
      vertex -33.334213981176134 -49.888176738152715 1.5
    endloop
  endfacet
  facet normal 0 0 -1
    outer loop
      vertex -32.09985719322583 -50.69121391498243 0
      vertex -30.846164651593305 -40.672231408117916 0
      vertex -30.846164651593305 -51.46371660001632 0
    endloop
  endfacet
  facet normal 0 0 1
    outer loop
      vertex -32.09985719322583 -50.69121391498243 1.5
      vertex -30.846164651593305 -51.46371660001632 1.5
      vertex -31.407572699140996 -40.24508513033825 1.5
    endloop
  endfacet
  facet normal 0 0 1
    outer loop
      vertex -30.846164651593305 -51.46371660001632 1.5
      vertex -29.57389153378704 -52.205219466522685 1.5
      vertex -30.41044949433872 -41.00374448208692 1.5
    endloop
  endfacet
  facet normal -0.7157308252838191 -0.6983762494089724 0
    outer loop
      vertex -43.45482497708802 -41.37243268422401 0
      vertex -42.42640687119285 -42.42640687119285 0
      vertex -43.45482497708802 -41.37243268422401 1.5
    endloop
  endfacet
  facet normal -0.6983762494089724 -0.7157308252838191 0
    outer loop
      vertex -41.37243268422401 -43.45482497708802 0
      vertex -41.37243268422401 -43.45482497708802 1.5
      vertex -42.42640687119285 -42.42640687119285 0
    endloop
  endfacet
  facet normal -0.7157308252838191 -0.6983762494089724 0
    outer loop
      vertex -43.45482497708802 -41.37243268422401 1.5
      vertex -42.42640687119285 -42.42640687119285 0
      vertex -42.42640687119285 -42.42640687119285 1.5
    endloop
  endfacet
  facet normal -0.6983762494089724 -0.7157308252838191 0
    outer loop
      vertex -41.37243268422401 -43.45482497708802 1.5
      vertex -42.42640687119285 -42.42640687119285 1.5
      vertex -42.42640687119285 -42.42640687119285 0
    endloop
  endfacet
  facet normal -0.7326542716724126 -0.6806009977954534 0
    outer loop
      vertex -43.45482497708802 -41.37243268422401 0
      vertex -44.457067521297546 -40.29353729082111 1.5
      vertex -44.457067521297546 -40.29353729082111 0
    endloop
  endfacet
  facet normal -0.7491363945234611 -0.6624157775901697 0
    outer loop
      vertex -45.43253079038907 -39.1903705772266 1.5
      vertex -44.457067521297546 -40.29353729082111 0
      vertex -44.457067521297546 -40.29353729082111 1.5
    endloop
  endfacet
  facet normal -0.7326542716724126 -0.6806009977954534 0
    outer loop
      vertex -43.45482497708802 -41.37243268422401 0
      vertex -43.45482497708802 -41.37243268422401 1.5
      vertex -44.457067521297546 -40.29353729082111 1.5
    endloop
  endfacet
  facet normal 0 0 -1
    outer loop
      vertex -41.37243268422401 -43.45482497708802 0
      vertex -42.42640687119285 -42.42640687119285 0
      vertex -41.37243268422401 -29.900365676978517 0
    endloop
  endfacet
  facet normal 0 0 1
    outer loop
      vertex -41.37243268422401 -43.45482497708802 1.5
      vertex -41.737704711388346 -29.395008171881003 1.5
      vertex -42.42640687119285 -42.42640687119285 1.5
    endloop
  endfacet
  facet normal -0.6806009977954534 -0.7326542716724126 0
    outer loop
      vertex -41.37243268422401 -43.45482497708802 0
      vertex -40.29353729082111 -44.457067521297546 0
      vertex -40.29353729082111 -44.457067521297546 1.5
    endloop
  endfacet
  facet normal -0.6806009977954534 -0.7326542716724126 0
    outer loop
      vertex -41.37243268422401 -43.45482497708802 0
      vertex -40.29353729082111 -44.457067521297546 1.5
      vertex -41.37243268422401 -43.45482497708802 1.5
    endloop
  endfacet
  facet normal -0.6624157775901697 -0.7491363945234611 0
    outer loop
      vertex -39.1903705772266 -45.43253079038907 1.5
      vertex -40.29353729082111 -44.457067521297546 1.5
      vertex -40.29353729082111 -44.457067521297546 0
    endloop
  endfacet
  facet normal 0 0 -1
    outer loop
      vertex -39.1903705772266 -45.43253079038907 0
      vertex -38.06359704981873 -34.013879099258396 0
      vertex -38.06359704981873 -46.38062720176422 0
    endloop
  endfacet
  facet normal 0 0 1
    outer loop
      vertex -39.1903705772266 -45.43253079038907 1.5
      vertex -38.06359704981873 -46.38062720176422 1.5
      vertex -38.65551161415603 -33.344473632790304 1.5
    endloop
  endfacet
  facet normal 0 0 1
    outer loop
      vertex -38.06359704981873 -46.38062720176422 1.5
      vertex -36.913895434837606 -47.30078565759638 1.5
      vertex -37.82555494937066 -34.28308464494029 1.5
    endloop
  endfacet
  facet normal 0 0 -1
    outer loop
      vertex -39.1903705772266 -45.43253079038907 0
      vertex -40.29353729082111 -44.457067521297546 0
      vertex -39.1903705772266 -32.70881578907943 0
    endloop
  endfacet
  facet normal 0 0 1
    outer loop
      vertex -41.37243268422401 -43.45482497708802 1.5
      vertex -40.29353729082111 -44.457067521297546 1.5
      vertex -41.00374448208692 -30.41044949433872 1.5
    endloop
  endfacet
  facet normal 0 0 1
    outer loop
      vertex -39.1903705772266 -45.43253079038907 1.5
      vertex -39.46218364416772 -32.3857771565541 1.5
      vertex -40.29353729082111 -44.457067521297546 1.5
    endloop
  endfacet
  facet normal 0 0 -1
    outer loop
      vertex -41.37243268422401 -43.45482497708802 0
      vertex -41.20886334833147 -30.12666549013098 0
      vertex -40.29353729082111 -44.457067521297546 0
    endloop
  endfacet
  facet normal 0 0 -1
    outer loop
      vertex -38.06359704981873 -46.38062720176422 0
      vertex -37.91390420397804 -34.18316908692597 0
      vertex -36.913895434837606 -35.26142706844897 0
    endloop
  endfacet
  facet normal 0 0 -1
    outer loop
      vertex -38.06359704981873 -46.38062720176422 0
      vertex -38.06359704981873 -34.013879099258396 0
      vertex -37.91390420397804 -34.18316908692597 0
    endloop
  endfacet
  facet normal 0 0 1
    outer loop
      vertex -38.06359704981873 -46.38062720176422 1.5
      vertex -37.82555494937066 -34.28308464494029 1.5
      vertex -38.65551161415603 -33.344473632790304 1.5
    endloop
  endfacet
  facet normal 0 0 -1
    outer loop
      vertex -43.45482497708802 -41.37243268422401 0
      vertex -44.457067521297546 -40.29353729082111 0
      vertex -43.45482497708802 -26.784104954988177 0
    endloop
  endfacet
  facet normal 0 0 1
    outer loop
      vertex -43.45482497708802 -41.37243268422401 1.5
      vertex -43.78704554051389 -26.24494509106397 1.5
      vertex -44.457067521297546 -40.29353729082111 1.5
    endloop
  endfacet
  facet normal 0 0 1
    outer loop
      vertex -45.43253079038907 -39.1903705772266 1.5
      vertex -44.457067521297546 -40.29353729082111 1.5
      vertex -45.022080544983524 -24.064803414967177 1.5
    endloop
  endfacet
  facet normal 0 0 -1
    outer loop
      vertex -43.45482497708802 -41.37243268422401 0
      vertex -42.42640687119285 -28.391181936631597 0
      vertex -42.42640687119285 -42.42640687119285 0
    endloop
  endfacet
  facet normal 0 0 1
    outer loop
      vertex -43.45482497708802 -41.37243268422401 1.5
      vertex -42.42640687119285 -42.42640687119285 1.5
      vertex -43.129774505997545 -27.31162849523631 1.5
    endloop
  endfacet
  facet normal 0 0 -1
    outer loop
      vertex -41.37243268422401 -43.45482497708802 0
      vertex -41.37243268422401 -29.900365676978517 0
      vertex -41.20886334833147 -30.12666549013098 0
    endloop
  endfacet
  facet normal 0 0 1
    outer loop
      vertex -41.37243268422401 -43.45482497708802 1.5
      vertex -41.00374448208692 -30.41044949433872 1.5
      vertex -41.737704711388346 -29.395008171881003 1.5
    endloop
  endfacet
  facet normal 0 0 -1
    outer loop
      vertex -43.45482497708802 -41.37243268422401 0
      vertex -43.45482497708802 -26.784104954988177 0
      vertex -43.279286464982626 -27.068985936840235 0
    endloop
  endfacet
  facet normal 0 0 -1
    outer loop
      vertex -44.457067521297546 -40.29353729082111 0
      vertex -43.45482497708802 -24.42382854358372 0
      vertex -43.45482497708802 -26.784104954988177 0
    endloop
  endfacet
  facet normal 0 0 1
    outer loop
      vertex -44.457067521297546 -40.29353729082111 1.5
      vertex -43.78704554051389 -26.24494509106397 1.5
      vertex -44.417940896099715 -25.162452713330474 1.5
    endloop
  endfacet
  facet normal 0 0 1
    outer loop
      vertex -43.45482497708802 -41.37243268422401 1.5
      vertex -43.129774505997545 -27.31162849523631 1.5
      vertex -43.78704554051389 -26.24494509106397 1.5
    endloop
  endfacet
  facet normal 0 0 -1
    outer loop
      vertex -42.42640687119285 -42.42640687119285 0
      vertex -42.42640687119285 -28.391181936631597 0
      vertex -42.257187083979424 -28.637830301980674 0
    endloop
  endfacet
  facet normal 0 0 -1
    outer loop
      vertex -43.45482497708802 -41.37243268422401 0
      vertex -43.279286464982626 -27.068985936840235 0
      vertex -42.42640687119285 -28.391181936631597 0
    endloop
  endfacet
  facet normal 0 0 -1
    outer loop
      vertex -42.42640687119285 -42.42640687119285 0
      vertex -42.257187083979424 -28.637830301980674 0
      vertex -41.37243268422401 -29.900365676978517 0
    endloop
  endfacet
  facet normal 0 0 1
    outer loop
      vertex -42.42640687119285 -42.42640687119285 1.5
      vertex -41.737704711388346 -29.395008171881003 1.5
      vertex -42.44652370804493 -28.36186039565069 1.5
    endloop
  endfacet
  facet normal 0 0 1
    outer loop
      vertex -42.42640687119285 -42.42640687119285 1.5
      vertex -42.44652370804493 -28.36186039565069 1.5
      vertex -43.129774505997545 -27.31162849523631 1.5
    endloop
  endfacet
  facet normal 0 0 -1
    outer loop
      vertex -40.29353729082111 -44.457067521297546 0
      vertex -39.299069417186324 -30.669294790444248 0
      vertex -39.1903705772266 -32.70881578907943 0
    endloop
  endfacet
  facet normal 0 0 1
    outer loop
      vertex -40.29353729082111 -44.457067521297546 1.5
      vertex -39.46218364416772 -32.3857771565541 1.5
      vertex -40.24508513033825 -31.407572699140996 1.5
    endloop
  endfacet
  facet normal 0 0 -1
    outer loop
      vertex -40.29353729082111 -44.457067521297546 0
      vertex -41.20886334833147 -30.12666549013098 0
      vertex -40.039895444310154 -29.695610328947804 0
    endloop
  endfacet
  facet normal 0 0 -1
    outer loop
      vertex -40.29353729082111 -44.457067521297546 0
      vertex -40.039895444310154 -29.695610328947804 0
      vertex -39.299069417186324 -30.669294790444248 0
    endloop
  endfacet
  facet normal 0 0 1
    outer loop
      vertex -40.29353729082111 -44.457067521297546 1.5
      vertex -40.24508513033825 -31.407572699140996 1.5
      vertex -41.00374448208692 -30.41044949433872 1.5
    endloop
  endfacet
  facet normal 0 0 -1
    outer loop
      vertex -39.1903705772266 -45.43253079038907 0
      vertex -39.1903705772266 -32.70881578907943 0
      vertex -39.03646403903337 -32.89172736943189 0
    endloop
  endfacet
  facet normal 0 0 -1
    outer loop
      vertex -39.1903705772266 -45.43253079038907 0
      vertex -39.03646403903337 -32.89172736943189 0
      vertex -38.06359704981873 -34.013879099258396 0
    endloop
  endfacet
  facet normal 0 0 1
    outer loop
      vertex -39.1903705772266 -45.43253079038907 1.5
      vertex -38.65551161415603 -33.344473632790304 1.5
      vertex -39.46218364416772 -32.3857771565541 1.5
    endloop
  endfacet
  facet normal 0 0 -1
    outer loop
      vertex -39.03646403903337 -32.89172736943189 0
      vertex -38.53457110013244 -31.62450521555773 0
      vertex -38.06359704981873 -32.184238472241866 0
    endloop
  endfacet
  facet normal 0 0 -1
    outer loop
      vertex -38.06359704981873 -34.013879099258396 0
      vertex -39.03646403903337 -32.89172736943189 0
      vertex -38.06359704981873 -32.184238472241866 0
    endloop
  endfacet
  facet normal 0 0 -1
    outer loop
      vertex -37.91390420397804 -34.18316908692597 0
      vertex -37.746860998348254 -32.560666221245775 0
      vertex -36.93641359894471 -33.47721389912387 0
    endloop
  endfacet
  facet normal 0 0 -1
    outer loop
      vertex -37.91390420397804 -34.18316908692597 0
      vertex -37.89187699447473 -32.38832068388741 0
      vertex -37.746860998348254 -32.560666221245775 0
    endloop
  endfacet
  facet normal 0 0 -1
    outer loop
      vertex -39.1903705772266 -32.70881578907943 0
      vertex -39.299069417186324 -30.669294790444248 0
      vertex -39.1903705772266 -30.805109693905898 0
    endloop
  endfacet
  facet normal 0 0 -1
    outer loop
      vertex -39.03646403903337 -32.89172736943189 0
      vertex -39.013567197460226 -31.026018527556392 0
      vertex -38.53457110013244 -31.62450521555773 0
    endloop
  endfacet
  facet normal 0 0 -1
    outer loop
      vertex -36.913895434837606 -47.30078565759638 0
      vertex -35.741958269546004 -36.44501584199199 0
      vertex -35.741958269546004 -48.1924518888387 0
    endloop
  endfacet
  facet normal 0 0 1
    outer loop
      vertex -36.913895434837606 -47.30078565759638 1.5
      vertex -35.741958269546004 -48.1924518888387 1.5
      vertex -36.09780117957325 -36.09780117957325 1.5
    endloop
  endfacet
  facet normal 0 0 -1
    outer loop
      vertex -38.06359704981873 -46.38062720176422 0
      vertex -36.913895434837606 -35.26142706844897 0
      vertex -36.913895434837606 -47.30078565759638 0
    endloop
  endfacet
  facet normal 0 0 -1
    outer loop
      vertex -34.54849148507072 -49.055088789095024 0
      vertex -35.741958269546004 -48.1924518888387 0
      vertex -34.54849148507072 -37.579004608782085 0
    endloop
  endfacet
  facet normal 0 0 1
    outer loop
      vertex -34.54849148507072 -49.055088789095024 1.5
      vertex -35.20104480882726 -36.97281358467239 1.5
      vertex -35.741958269546004 -48.1924518888387 1.5
    endloop
  endfacet
  facet normal 0 0 -1
    outer loop
      vertex -34.54849148507072 -49.055088789095024 0
      vertex -34.54849148507072 -37.579004608782085 0
      vertex -34.40923922388062 -37.708363341237046 0
    endloop
  endfacet
  facet normal 0 0 -1
    outer loop
      vertex -34.54849148507072 -49.055088789095024 0
      vertex -34.40923922388062 -37.708363341237046 0
      vertex -33.334213981176134 -38.66414435058509 0
    endloop
  endfacet
  facet normal 0 0 1
    outer loop
      vertex -34.54849148507072 -49.055088789095024 1.5
      vertex -34.28308464494029 -37.82555494937066 1.5
      vertex -35.20104480882726 -36.97281358467239 1.5
    endloop
  endfacet
  facet normal 0 0 -1
    outer loop
      vertex -35.741958269546004 -48.1924518888387 0
      vertex -35.741958269546004 -36.44501584199199 0
      vertex -35.599494292726725 -36.58402544489331 0
    endloop
  endfacet
  facet normal 0 0 -1
    outer loop
      vertex -36.913895434837606 -47.30078565759638 0
      vertex -36.767978124493204 -35.41097040851012 0
      vertex -35.741958269546004 -36.44501584199199 0
    endloop
  endfacet
  facet normal 0 0 1
    outer loop
      vertex -36.913895434837606 -47.30078565759638 1.5
      vertex -36.09780117957325 -36.09780117957325 1.5
      vertex -36.97281358467239 -35.20104480882726 1.5
    endloop
  endfacet
  facet normal 0 0 1
    outer loop
      vertex -35.741958269546004 -48.1924518888387 1.5
      vertex -35.20104480882726 -36.97281358467239 1.5
      vertex -36.09780117957325 -36.09780117957325 1.5
    endloop
  endfacet
  facet normal 0 0 -1
    outer loop
      vertex -36.913895434837606 -47.30078565759638 0
      vertex -36.913895434837606 -35.26142706844897 0
      vertex -36.767978124493204 -35.41097040851012 0
    endloop
  endfacet
  facet normal 0 0 1
    outer loop
      vertex -36.913895434837606 -47.30078565759638 1.5
      vertex -36.97281358467239 -35.20104480882726 1.5
      vertex -37.82555494937066 -34.28308464494029 1.5
    endloop
  endfacet
  facet normal 0 0 -1
    outer loop
      vertex -35.741958269546004 -48.1924518888387 0
      vertex -35.599494292726725 -36.58402544489331 0
      vertex -34.54849148507072 -37.579004608782085 0
    endloop
  endfacet
  facet normal 0 0 -1
    outer loop
      vertex -32.09985719322583 -50.69121391498243 0
      vertex -32.09985719322583 -39.691018385738516 0
      vertex -31.96617080314524 -39.79801367969951 0
    endloop
  endfacet
  facet normal 0 0 1
    outer loop
      vertex -32.09985719322583 -50.69121391498243 1.5
      vertex -31.407572699140996 -40.24508513033825 1.5
      vertex -32.3857771565541 -39.46218364416772 1.5
    endloop
  endfacet
  facet normal 0 0 -1
    outer loop
      vertex -33.334213981176134 -49.888176738152715 0
      vertex -33.334213981176134 -38.66414435058509 0
      vertex -33.19787534877619 -38.77886320487655 0
    endloop
  endfacet
  facet normal 0 0 -1
    outer loop
      vertex -33.334213981176134 -49.888176738152715 0
      vertex -33.19787534877619 -38.77886320487655 0
      vertex -32.09985719322583 -39.691018385738516 0
    endloop
  endfacet
  facet normal 0 0 1
    outer loop
      vertex -33.334213981176134 -49.888176738152715 1.5
      vertex -32.3857771565541 -39.46218364416772 1.5
      vertex -33.344473632790304 -38.65551161415603 1.5
    endloop
  endfacet
  facet normal 0 0 1
    outer loop
      vertex -33.334213981176134 -49.888176738152715 1.5
      vertex -33.344473632790304 -38.65551161415603 1.5
      vertex -34.28308464494029 -37.82555494937066 1.5
    endloop
  endfacet
  facet normal 0 0 -1
    outer loop
      vertex -32.09985719322583 -50.69121391498243 0
      vertex -31.96617080314524 -39.79801367969951 0
      vertex -30.846164651593305 -40.672231408117916 0
    endloop
  endfacet
  facet normal 0 0 -1
    outer loop
      vertex -30.846164651593305 -51.46371660001632 0
      vertex -30.846164651593305 -40.672231408117916 0
      vertex -30.71495175341735 -40.77206449974773 0
    endloop
  endfacet
  facet normal 0 0 -1
    outer loop
      vertex -30.846164651593305 -51.46371660001632 0
      vertex -30.71495175341735 -40.77206449974773 0
      vertex -29.57389153378704 -41.608407951034934 0
    endloop
  endfacet
  facet normal 0 0 1
    outer loop
      vertex -30.846164651593305 -51.46371660001632 1.5
      vertex -30.41044949433872 -41.00374448208692 1.5
      vertex -31.407572699140996 -40.24508513033825 1.5
    endloop
  endfacet
  facet normal 0 0 -1
    outer loop
      vertex -34.40923922388062 -37.708363341237046 0
      vertex -33.334213981176134 -37.819521957243126 0
      vertex -33.334213981176134 -38.66414435058509 0
    endloop
  endfacet
  facet normal 0 0 -1
    outer loop
      vertex -34.40923922388062 -37.708363341237046 0
      vertex -33.32334906231393 -37.07246692149631 0
      vertex -33.334213981176134 -37.819521957243126 0
    endloop
  endfacet
  facet normal 0 0 -1
    outer loop
      vertex -33.19787534877619 -38.77886320487655 0
      vertex -33.17850547711579 -37.20054329960233 0
      vertex -32.560666221245775 -37.746860998348254 0
    endloop
  endfacet
  facet normal 0 0 -1
    outer loop
      vertex -32.09985719322583 -39.691018385738516 0
      vertex -33.19787534877619 -38.77886320487655 0
      vertex -32.09985719322583 -38.13459764210846 0
    endloop
  endfacet
  facet normal 0 0 -1
    outer loop
      vertex -33.19787534877619 -38.77886320487655 0
      vertex -32.560666221245775 -37.746860998348254 0
      vertex -32.09985719322583 -38.13459764210846 0
    endloop
  endfacet
  facet normal 0 0 -1
    outer loop
      vertex -31.96617080314524 -39.79801367969951 0
      vertex -30.846164651593305 -39.1575124286621 0
      vertex -30.846164651593305 -40.672231408117916 0
    endloop
  endfacet
  facet normal 0 0 -1
    outer loop
      vertex -30.71495175341735 -40.77206449974773 0
      vertex -30.696606218119157 -39.27721084032738 0
      vertex -30.669294790444248 -39.299069417186324 0
    endloop
  endfacet
  facet normal 0 0 -1
    outer loop
      vertex -30.71495175341735 -40.77206449974773 0
      vertex -30.669294790444248 -39.299069417186324 0
      vertex -29.695610328947804 -40.039895444310154 0
    endloop
  endfacet
  facet normal 0 0 -1
    outer loop
      vertex -31.96617080314524 -39.79801367969951 0
      vertex -31.62450521555773 -38.53457110013244 0
      vertex -30.846164651593305 -39.1575124286621 0
    endloop
  endfacet
  facet normal 0 0 -1
    outer loop
      vertex -31.96617080314524 -39.79801367969951 0
      vertex -31.947331627448712 -38.26293660112618 0
      vertex -31.62450521555773 -38.53457110013244 0
    endloop
  endfacet
  facet normal 0 0 -1
    outer loop
      vertex -37.91390420397804 -34.18316908692597 0
      vertex -36.913895434837606 -33.5014542825155 0
      vertex -36.913895434837606 -35.26142706844897 0
    endloop
  endfacet
  facet normal 0 0 -1
    outer loop
      vertex -36.767978124493204 -35.41097040851012 0
      vertex -36.10371708513063 -34.373596155142785 0
      vertex -35.741958269546004 -34.744344639002605 0
    endloop
  endfacet
  facet normal 0 0 -1
    outer loop
      vertex -35.741958269546004 -36.44501584199199 0
      vertex -36.767978124493204 -35.41097040851012 0
      vertex -35.741958269546004 -34.744344639002605 0
    endloop
  endfacet
  facet normal 0 0 -1
    outer loop
      vertex -36.767978124493204 -35.41097040851012 0
      vertex -36.746751806962116 -33.681381278424205 0
      vertex -36.10371708513063 -34.373596155142785 0
    endloop
  endfacet
  facet normal 0 0 -1
    outer loop
      vertex -34.54849148507072 -37.579004608782085 0
      vertex -35.599494292726725 -36.58402544489331 0
      vertex -34.54849148507072 -35.93306250349265 0
    endloop
  endfacet
  facet normal 0 0 -1
    outer loop
      vertex -35.599494292726725 -36.58402544489331 0
      vertex -35.2492730421494 -35.2492730421494 0
      vertex -34.54849148507072 -35.93306250349265 0
    endloop
  endfacet
  facet normal 0 0 -1
    outer loop
      vertex -34.40923922388062 -37.708363341237046 0
      vertex -34.389357522466526 -36.08833788919793 0
      vertex -34.373596155142785 -36.10371708513063 0
    endloop
  endfacet
  facet normal 0 0 -1
    outer loop
      vertex -34.40923922388062 -37.708363341237046 0
      vertex -34.373596155142785 -36.10371708513063 0
      vertex -33.47721389912387 -36.93641359894471 0
    endloop
  endfacet
  facet normal 0 0 -1
    outer loop
      vertex -35.599494292726725 -36.58402544489331 0
      vertex -35.57896689217412 -34.911386334849574 0
      vertex -35.2492730421494 -35.2492730421494 0
    endloop
  endfacet
  facet normal 0 0 -1
    outer loop
      vertex -37.91390420397804 -34.18316908692597 0
      vertex -36.93641359894471 -33.47721389912387 0
      vertex -36.913895434837606 -33.5014542825155 0
    endloop
  endfacet
  facet normal 0 0 -1
    outer loop
      vertex -34.40923922388062 -37.708363341237046 0
      vertex -33.47721389912387 -36.93641359894471 0
      vertex -33.32334906231393 -37.07246692149631 0
    endloop
  endfacet
  facet normal -0.876070094195406 -0.4821837720791236 0
    outer loop
      vertex -52.9152758609013 -28.283804209559857 0
      vertex -52.205219466522685 -29.57389153378704 0
      vertex -52.9152758609013 -28.283804209559857 1.5
    endloop
  endfacet
  facet normal -0.8876396204028536 -0.46053871095824067 0
    outer loop
      vertex -52.9152758609013 -28.283804209559857 0
      vertex -53.59345807173092 -26.976679779276395 1.5
      vertex -53.59345807173092 -26.976679779276395 0
    endloop
  endfacet
  facet normal -0.8986744656939539 -0.4386162385385272 0
    outer loop
      vertex -53.59345807173092 -26.976679779276395 0
      vertex -53.59345807173092 -26.976679779276395 1.5
      vertex -54.2393575874066 -25.653305605816925 1.5
    endloop
  endfacet
  facet normal -0.8876396204028536 -0.46053871095824067 0
    outer loop
      vertex -52.9152758609013 -28.283804209559857 0
      vertex -52.9152758609013 -28.283804209559857 1.5
      vertex -53.59345807173092 -26.976679779276395 1.5
    endloop
  endfacet
  facet normal -0.9091679830905232 -0.4164295600976356 0
    outer loop
      vertex -54.85258534221184 -24.31447884029939 0
      vertex -54.2393575874066 -25.653305605816925 0
      vertex -54.85258534221184 -24.31447884029939 1.5
    endloop
  endfacet
  facet normal -0.9091679830905232 -0.4164295600976356 0
    outer loop
      vertex -54.85258534221184 -24.31447884029939 1.5
      vertex -54.2393575874066 -25.653305605816925 0
      vertex -54.2393575874066 -25.653305605816925 1.5
    endloop
  endfacet
  facet normal -0.9191138516900569 -0.3939920400610501 0
    outer loop
      vertex -55.43277195067721 -22.961005941905388 0
      vertex -54.85258534221184 -24.31447884029939 0
      vertex -55.43277195067721 -22.961005941905388 1.5
    endloop
  endfacet
  facet normal -0.928506080473217 -0.371317193951834 0
    outer loop
      vertex -55.43277195067721 -22.961005941905388 0
      vertex -55.43277195067721 -22.961005941905388 1.5
      vertex -55.97956793008433 -21.59370219209929 1.5
    endloop
  endfacet
  facet normal -0.9191138516900569 -0.3939920400610501 0
    outer loop
      vertex -54.85258534221184 -24.31447884029939 0
      vertex -54.85258534221184 -24.31447884029939 1.5
      vertex -55.43277195067721 -22.961005941905388 1.5
    endloop
  endfacet
  facet normal -0.8986744656939539 -0.4386162385385272 0
    outer loop
      vertex -53.59345807173092 -26.976679779276395 0
      vertex -54.2393575874066 -25.653305605816925 1.5
      vertex -54.2393575874066 -25.653305605816925 0
    endloop
  endfacet
  facet normal -0.9373390119125733 -0.34841868024943917 0
    outer loop
      vertex -56.49264391098125 -20.213391203533202 0
      vertex -55.97956793008433 -21.59370219209929 0
      vertex -56.49264391098125 -20.213391203533202 1.5
    endloop
  endfacet
  facet normal -0.9456073253805216 -0.32531029216226215 0
    outer loop
      vertex -56.49264391098125 -20.213391203533202 0
      vertex -56.9716908355822 -18.82090442393349 1.5
      vertex -56.9716908355822 -18.82090442393349 0
    endloop
  endfacet
  facet normal -0.9456073253805216 -0.32531029216226215 0
    outer loop
      vertex -56.49264391098125 -20.213391203533202 0
      vertex -56.49264391098125 -20.213391203533202 1.5
      vertex -56.9716908355822 -18.82090442393349 1.5
    endloop
  endfacet
  facet normal -0.9533060403541952 -0.30200594931922325 0
    outer loop
      vertex -56.9716908355822 -18.82090442393349 0
      vertex -57.41642014393253 -17.41708063526774 1.5
      vertex -57.41642014393253 -17.41708063526774 0
    endloop
  endfacet
  facet normal -0.9604305194155649 -0.2785196893850564 0
    outer loop
      vertex -57.41642014393253 -17.41708063526774 0
      vertex -57.41642014393253 -17.41708063526774 1.5
      vertex -57.82656394772639 -16.002765448493903 1.5
    endloop
  endfacet
  facet normal -0.9533060403541952 -0.30200594931922325 0
    outer loop
      vertex -56.9716908355822 -18.82090442393349 0
      vertex -56.9716908355822 -18.82090442393349 1.5
      vertex -57.41642014393253 -17.41708063526774 1.5
    endloop
  endfacet
  facet normal -0.9604305194155649 -0.2785196893850564 0
    outer loop
      vertex -57.41642014393253 -17.41708063526774 0
      vertex -57.82656394772639 -16.002765448493903 1.5
      vertex -57.82656394772639 -16.002765448493903 0
    endloop
  endfacet
  facet normal -0.9669764710448518 -0.2548656596045156 0
    outer loop
      vertex -57.82656394772639 -16.002765448493903 0
      vertex -58.20187519167264 -14.578810794195832 1.5
      vertex -58.20187519167264 -14.578810794195832 0
    endloop
  endfacet
  facet normal -0.9669764710448518 -0.2548656596045156 0
    outer loop
      vertex -57.82656394772639 -16.002765448493903 0
      vertex -57.82656394772639 -16.002765448493903 1.5
      vertex -58.20187519167264 -14.578810794195832 1.5
    endloop
  endfacet
  facet normal -0.928506080473217 -0.371317193951834 0
    outer loop
      vertex -55.43277195067721 -22.961005941905388 0
      vertex -55.97956793008433 -21.59370219209929 1.5
      vertex -55.97956793008433 -21.59370219209929 0
    endloop
  endfacet
  facet normal -0.9373390119125733 -0.34841868024943917 0
    outer loop
      vertex -56.49264391098125 -20.213391203533202 1.5
      vertex -55.97956793008433 -21.59370219209929 0
      vertex -55.97956793008433 -21.59370219209929 1.5
    endloop
  endfacet
  facet normal -0.8639728561215857 -0.5035383837257191 0
    outer loop
      vertex -51.46371660001632 -30.846164651593305 0
      vertex -52.205219466522685 -29.57389153378704 1.5
      vertex -52.205219466522685 -29.57389153378704 0
    endloop
  endfacet
  facet normal -0.876070094195406 -0.4821837720791236 0
    outer loop
      vertex -52.9152758609013 -28.283804209559857 1.5
      vertex -52.205219466522685 -29.57389153378704 0
      vertex -52.205219466522685 -29.57389153378704 1.5
    endloop
  endfacet
  facet normal 0 0 1
    outer loop
      vertex -49.055088789095024 -34.54849148507072 1.5
      vertex -49.52009547558147 -12.40413818406162 1.5
      vertex -49.888176738152715 -33.334213981176134 1.5
    endloop
  endfacet
  facet normal 0 0 -1
    outer loop
      vertex -49.055088789095024 -34.54849148507072 0
      vertex -49.888176738152715 -33.334213981176134 0
      vertex -49.31044902174433 -7.314514151599783 0
    endloop
  endfacet
  facet normal 0 0 1
    outer loop
      vertex -50.69121391498243 -32.09985719322583 1.5
      vertex -49.888176738152715 -33.334213981176134 1.5
      vertex -50.298423643955445 -8.727604421213377 1.5
    endloop
  endfacet
  facet normal 0 0 -1
    outer loop
      vertex -48.1924518888387 -35.741958269546004 0
      vertex -47.33397980256288 -15.637034758884743 0
      vertex -47.30078565759638 -36.913895434837606 0
    endloop
  endfacet
  facet normal 0 0 1
    outer loop
      vertex -49.055088789095024 -34.54849148507072 1.5
      vertex -48.1924518888387 -35.741958269546004 1.5
      vertex -48.47341361927452 -16.01345284736341 1.5
    endloop
  endfacet
  facet normal 0 0 -1
    outer loop
      vertex -49.055088789095024 -34.54849148507072 0
      vertex -48.356057971748015 -12.112561968177705 0
      vertex -48.1924518888387 -35.741958269546004 0
    endloop
  endfacet
  facet normal 0 0 -1
    outer loop
      vertex -45.43253079038907 -39.1903705772266 0
      vertex -45.43253079038907 -23.273704010385146 0
      vertex -45.24170780134982 -23.64149512441008 0
    endloop
  endfacet
  facet normal 0 0 1
    outer loop
      vertex -45.43253079038907 -39.1903705772266 1.5
      vertex -45.022080544983524 -24.064803414967177 1.5
      vertex -45.599100576031056 -22.952658378867664 1.5
    endloop
  endfacet
  facet normal 0 0 -1
    outer loop
      vertex -46.38062720176422 -38.06359704981873 0
      vertex -46.180506865422934 -21.757143613506756 0
      vertex -45.43253079038907 -23.273704010385146 0
    endloop
  endfacet
  facet normal 0 0 -1
    outer loop
      vertex -46.38062720176422 -38.06359704981873 0
      vertex -46.38062720176422 -21.32023178014856 0
      vertex -46.180506865422934 -21.757143613506756 0
    endloop
  endfacet
  facet normal 0 0 1
    outer loop
      vertex -46.38062720176422 -38.06359704981873 1.5
      vertex -46.14865341395178 -21.8266875196159 1.5
      vertex -46.670408028665236 -20.68756907995473 1.5
    endloop
  endfacet
  facet normal 0 0 1
    outer loop
      vertex -45.43253079038907 -39.1903705772266 1.5
      vertex -45.599100576031056 -22.952658378867664 1.5
      vertex -46.14865341395178 -21.8266875196159 1.5
    endloop
  endfacet
  facet normal 0 0 1
    outer loop
      vertex -47.30078565759638 -36.913895434837606 1.5
      vertex -46.670408028665236 -20.68756907995473 1.5
      vertex -47.164050134701185 -19.53598922223783 1.5
    endloop
  endfacet
  facet normal 0 0 1
    outer loop
      vertex -47.30078565759638 -36.913895434837606 1.5
      vertex -47.164050134701185 -19.53598922223783 1.5
      vertex -47.629282380513416 -18.372641615111146 1.5
    endloop
  endfacet
  facet normal 0 0 -1
    outer loop
      vertex -47.30078565759638 -36.913895434837606 0
      vertex -46.93597164937359 -16.79395919160217 0
      vertex -46.509691021911735 -17.94076757126916 0
    endloop
  endfacet
  facet normal 0 0 -1
    outer loop
      vertex -47.30078565759638 -36.913895434837606 0
      vertex -47.33397980256288 -15.637034758884743 0
      vertex -46.93597164937359 -16.79395919160217 0
    endloop
  endfacet
  facet normal 0 0 1
    outer loop
      vertex -48.1924518888387 -35.741958269546004 1.5
      vertex -47.629282380513416 -18.372641615111146 1.5
      vertex -48.06582452759321 -17.19822701567283 1.5
    endloop
  endfacet
  facet normal 0 0 1
    outer loop
      vertex -48.1924518888387 -35.741958269546004 1.5
      vertex -48.06582452759321 -17.19822701567283 1.5
      vertex -48.47341361927452 -16.01345284736341 1.5
    endloop
  endfacet
  facet normal 0 0 -1
    outer loop
      vertex -47.30078565759638 -36.913895434837606 0
      vertex -46.509691021911735 -17.94076757126916 0
      vertex -46.38062720176422 -21.32023178014856 0
    endloop
  endfacet
  facet normal 0 0 1
    outer loop
      vertex -49.055088789095024 -34.54849148507072 1.5
      vertex -48.47341361927452 -16.01345284736341 1.5
      vertex -48.85180413912926 -14.819032773840302 1.5
    endloop
  endfacet
  facet normal 0 0 1
    outer loop
      vertex -49.055088789095024 -34.54849148507072 1.5
      vertex -48.85180413912926 -14.819032773840302 1.5
      vertex -49.2007681588572 -13.615686269093564 1.5
    endloop
  endfacet
  facet normal 0 0 1
    outer loop
      vertex -49.888176738152715 -33.334213981176134 1.5
      vertex -49.52009547558147 -12.40413818406162 1.5
      vertex -49.80959373846688 -11.185118310008203 1.5
    endloop
  endfacet
  facet normal 0 0 1
    outer loop
      vertex -49.055088789095024 -34.54849148507072 1.5
      vertex -49.2007681588572 -13.615686269093564 1.5
      vertex -49.52009547558147 -12.40413818406162 1.5
    endloop
  endfacet
  facet normal 0 0 -1
    outer loop
      vertex -49.055088789095024 -34.54849148507072 0
      vertex -48.89214622810104 -9.725252552503994 0
      vertex -48.63875118242065 -10.92219682181996 0
    endloop
  endfacet
  facet normal 0 0 -1
    outer loop
      vertex -49.055088789095024 -34.54849148507072 0
      vertex -49.11609047308872 -8.522450154701016 0
      vertex -48.89214622810104 -9.725252552503994 0
    endloop
  endfacet
  facet normal 0 0 1
    outer loop
      vertex -49.888176738152715 -33.334213981176134 1.5
      vertex -49.80959373846688 -11.185118310008203 1.5
      vertex -50.06908856458491 -9.959360938923346 1.5
    endloop
  endfacet
  facet normal 0 0 1
    outer loop
      vertex -49.888176738152715 -33.334213981176134 1.5
      vertex -50.06908856458491 -9.959360938923346 1.5
      vertex -50.298423643955445 -8.727604421213377 1.5
    endloop
  endfacet
  facet normal 0 0 -1
    outer loop
      vertex -49.055088789095024 -34.54849148507072 0
      vertex -49.31044902174433 -7.314514151599783 0
      vertex -49.11609047308872 -8.522450154701016 0
    endloop
  endfacet
  facet normal 0 0 -1
    outer loop
      vertex -49.888176738152715 -33.334213981176134 0
      vertex -49.475104799745694 -6.102172158680927 0
      vertex -49.31044902174433 -7.314514151599783 0
    endloop
  endfacet
  facet normal 0 0 1
    outer loop
      vertex -50.69121391498243 -32.09985719322583 1.5
      vertex -50.298423643955445 -8.727604421213377 1.5
      vertex -50.49746083370207 -7.490590720946217 1.5
    endloop
  endfacet
  facet normal 0 0 1
    outer loop
      vertex -50.69121391498243 -32.09985719322583 1.5
      vertex -50.49746083370207 -7.490590720946217 1.5
      vertex -50.66608024126414 -6.249064968919987 1.5
    endloop
  endfacet
  facet normal 0 0 -1
    outer loop
      vertex -48.1924518888387 -35.741958269546004 0
      vertex -48.04423687990268 -13.295630960123686 0
      vertex -47.70347573625061 -14.470691161134948 0
    endloop
  endfacet
  facet normal 0 0 -1
    outer loop
      vertex -48.1924518888387 -35.741958269546004 0
      vertex -47.70347573625061 -14.470691161134948 0
      vertex -47.33397980256288 -15.637034758884743 0
    endloop
  endfacet
  facet normal 0 0 -1
    outer loop
      vertex -48.1924518888387 -35.741958269546004 0
      vertex -48.356057971748015 -12.112561968177705 0
      vertex -48.04423687990268 -13.295630960123686 0
    endloop
  endfacet
  facet normal 0 0 -1
    outer loop
      vertex -49.055088789095024 -34.54849148507072 0
      vertex -48.63875118242065 -10.92219682181996 0
      vertex -48.356057971748015 -12.112561968177705 0
    endloop
  endfacet
  facet normal 0 0 -1
    outer loop
      vertex -45.43253079038907 -23.273704010385146 0
      vertex -46.180506865422934 -21.757143613506756 0
      vertex -45.43253079038907 -20.50873621767594 0
    endloop
  endfacet
  facet normal 0 0 -1
    outer loop
      vertex -45.24170780134982 -23.64149512441008 0
      vertex -45.20924384112741 -20.99622645555209 0
      vertex -45.06386626220365 -21.313621407499564 0
    endloop
  endfacet
  facet normal 0 0 -1
    outer loop
      vertex -46.180506865422934 -21.757143613506756 0
      vertex -45.57335632182101 -20.201279503148744 0
      vertex -45.43253079038907 -20.50873621767594 0
    endloop
  endfacet
  facet normal 0 0 -1
    outer loop
      vertex -46.180506865422934 -21.757143613506756 0
      vertex -46.14865341395178 -19.161621175875123 0
      vertex -45.57335632182101 -20.201279503148744 0
    endloop
  endfacet
  facet normal 0 0 -1
    outer loop
      vertex -46.38062720176422 -21.32023178014856 0
      vertex -46.509691021911735 -17.94076757126916 0
      vertex -46.38062720176422 -18.263501190202014 0
    endloop
  endfacet
  facet normal 0 0 -1
    outer loop
      vertex -46.14865341395178 -19.161621175875123 0
      vertex -46.152084033657594 -18.834990269334554 0
      vertex -46.055394695687646 -19.076769103399727 0
    endloop
  endfacet
  facet normal 0 0 -1
    outer loop
      vertex -46.14865341395178 -19.161621175875123 0
      vertex -46.055394695687646 -19.076769103399727 0
      vertex -45.57335632182101 -20.201279503148744 0
    endloop
  endfacet
  facet normal -0.9729399522055606 -0.23105810828066917 0
    outer loop
      vertex -58.20187519167264 -14.578810794195832 0
      vertex -58.54212780231171 -13.146074409412188 1.5
      vertex -58.54212780231171 -13.146074409412188 0
    endloop
  endfacet
  facet normal -0.9729399522055606 -0.23105810828066917 0
    outer loop
      vertex -58.20187519167264 -14.578810794195832 0
      vertex -58.20187519167264 -14.578810794195832 1.5
      vertex -58.54212780231171 -13.146074409412188 1.5
    endloop
  endfacet
  facet normal -0.9783173707196275 -0.20711137619221853 0
    outer loop
      vertex -58.54212780231171 -13.146074409412188 0
      vertex -58.847116824193826 -11.705419320967694 1.5
      vertex -58.847116824193826 -11.705419320967694 0
    endloop
  endfacet
  facet normal -0.9783173707196275 -0.20711137619221853 0
    outer loop
      vertex -58.54212780231171 -13.146074409412188 0
      vertex -58.54212780231171 -13.146074409412188 1.5
      vertex -58.847116824193826 -11.705419320967694 1.5
    endloop
  endfacet
  facet normal -0.9831054874312166 -0.18303988795513895 0
    outer loop
      vertex -58.847116824193826 -11.705419320967694 0
      vertex -59.11665854333647 -10.257713325618074 1.5
      vertex -59.11665854333647 -10.257713325618074 0
    endloop
  endfacet
  facet normal -0.9873014181578573 -0.158858143333868 0
    outer loop
      vertex -59.11665854333647 -10.257713325618074 0
      vertex -59.11665854333647 -10.257713325618074 1.5
      vertex -59.350590597886864 -8.803828467321704 1.5
    endloop
  endfacet
  facet normal -0.9831054874312166 -0.18303988795513895 0
    outer loop
      vertex -58.847116824193826 -11.705419320967694 0
      vertex -58.847116824193826 -11.705419320967694 1.5
      vertex -59.11665854333647 -10.257713325618074 1.5
    endloop
  endfacet
  facet normal -0.9873014181578573 -0.158858143333868 0
    outer loop
      vertex -59.11665854333647 -10.257713325618074 0
      vertex -59.350590597886864 -8.803828467321704 1.5
      vertex -59.350590597886864 -8.803828467321704 0
    endloop
  endfacet
  facet normal -0.9909026354277807 -0.13458070850712217 0
    outer loop
      vertex -59.350590597886864 -8.803828467321704 0
      vertex -59.5487720759226 -7.344640511952972 1.5
      vertex -59.5487720759226 -7.344640511952972 0
    endloop
  endfacet
  facet normal -0.9909026354277807 -0.13458070850712217 0
    outer loop
      vertex -59.350590597886864 -8.803828467321704 0
      vertex -59.350590597886864 -8.803828467321704 1.5
      vertex -59.5487720759226 -7.344640511952972 1.5
    endloop
  endfacet
  facet normal 0 0 -1
    outer loop
      vertex -55.43277195067721 -22.961005941905388 0
      vertex -54.85258534221184 24.31447884029939 0
      vertex -54.85258534221184 -24.31447884029939 0
    endloop
  endfacet
  facet normal 0 0 -1
    outer loop
      vertex -54.85258534221184 -24.31447884029939 0
      vertex -54.2393575874066 25.653305605816925 0
      vertex -54.2393575874066 -25.653305605816925 0
    endloop
  endfacet
  facet normal 0 0 1
    outer loop
      vertex -55.43277195067721 -22.961005941905388 1.5
      vertex -55.97956793008433 21.59370219209929 1.5
      vertex -55.97956793008433 -21.59370219209929 1.5
    endloop
  endfacet
  facet normal 0 0 1
    outer loop
      vertex -54.85258534221184 -24.31447884029939 1.5
      vertex -54.2393575874066 -25.653305605816925 1.5
      vertex -54.85258534221184 24.31447884029939 1.5
    endloop
  endfacet
  facet normal 0 0 1
    outer loop
      vertex -55.43277195067721 -22.961005941905388 1.5
      vertex -54.85258534221184 -24.31447884029939 1.5
      vertex -55.43277195067721 22.961005941905388 1.5
    endloop
  endfacet
  facet normal 0 0 1
    outer loop
      vertex -52.9152758609013 -28.283804209559857 1.5
      vertex -53.59345807173092 26.976679779276395 1.5
      vertex -53.59345807173092 -26.976679779276395 1.5
    endloop
  endfacet
  facet normal 0 0 1
    outer loop
      vertex -52.9152758609013 -28.283804209559857 1.5
      vertex -52.205219466522685 -29.57389153378704 1.5
      vertex -52.9152758609013 28.283804209559857 1.5
    endloop
  endfacet
  facet normal 0 0 -1
    outer loop
      vertex -53.59345807173092 -26.976679779276395 0
      vertex -54.2393575874066 -25.653305605816925 0
      vertex -53.59345807173092 26.976679779276395 0
    endloop
  endfacet
  facet normal 0 0 -1
    outer loop
      vertex -52.9152758609013 -28.283804209559857 0
      vertex -53.59345807173092 -26.976679779276395 0
      vertex -52.9152758609013 28.283804209559857 0
    endloop
  endfacet
  facet normal 0 0 1
    outer loop
      vertex -53.59345807173092 -26.976679779276395 1.5
      vertex -54.2393575874066 25.653305605816925 1.5
      vertex -54.2393575874066 -25.653305605816925 1.5
    endloop
  endfacet
  facet normal -0.9939069700023555 -0.11022220729388692 0
    outer loop
      vertex -59.5487720759226 -7.344640511952972 0
      vertex -59.71108360033182 -5.881028419773636 1.5
      vertex -59.71108360033182 -5.881028419773636 0
    endloop
  endfacet
  facet normal -0.9939069700023555 -0.11022220729388692 0
    outer loop
      vertex -59.5487720759226 -7.344640511952972 0
      vertex -59.5487720759226 -7.344640511952972 1.5
      vertex -59.71108360033182 -5.881028419773636 1.5
    endloop
  endfacet
  facet normal -0.9963126121827786 -0.08579731234443426 0
    outer loop
      vertex -59.71108360033182 -5.881028419773636 0
      vertex -59.83742740072141 -4.413873815980046 1.5
      vertex -59.83742740072141 -4.413873815980046 0
    endloop
  endfacet
  facet normal 0 0 -1
    outer loop
      vertex -58.54212780231171 -13.146074409412188 0
      vertex -58.847116824193826 -11.705419320967694 0
      vertex -58.54212780231171 13.146074409412188 0
    endloop
  endfacet
  facet normal 0 0 -1
    outer loop
      vertex -58.20187519167264 -14.578810794195832 0
      vertex -58.54212780231171 -13.146074409412188 0
      vertex -58.20187519167264 14.578810794195832 0
    endloop
  endfacet
  facet normal -0.9963126121827786 -0.08579731234443426 0
    outer loop
      vertex -59.71108360033182 -5.881028419773636 0
      vertex -59.71108360033182 -5.881028419773636 1.5
      vertex -59.83742740072141 -4.413873815980046 1.5
    endloop
  endfacet
  facet normal -0.998118112900149 -0.06132073630221063 0
    outer loop
      vertex -59.83742740072141 -4.413873815980046 0
      vertex -59.83742740072141 -4.413873815980046 1.5
      vertex -59.92772737231034 -2.944060459645081 1.5
    endloop
  endfacet
  facet normal 0 0 1
    outer loop
      vertex -58.20187519167264 -14.578810794195832 1.5
      vertex -58.54212780231171 13.146074409412188 1.5
      vertex -58.54212780231171 -13.146074409412188 1.5
    endloop
  endfacet
  facet normal 0 0 1
    outer loop
      vertex -58.54212780231171 -13.146074409412188 1.5
      vertex -58.847116824193826 11.705419320967694 1.5
      vertex -58.847116824193826 -11.705419320967694 1.5
    endloop
  endfacet
  facet normal 0 0 1
    outer loop
      vertex -58.847116824193826 -11.705419320967694 1.5
      vertex -59.11665854333647 10.257713325618074 1.5
      vertex -59.11665854333647 -10.257713325618074 1.5
    endloop
  endfacet
  facet normal 0 0 -1
    outer loop
      vertex -56.9716908355822 -18.82090442393349 0
      vertex -57.41642014393253 -17.41708063526774 0
      vertex -56.9716908355822 18.82090442393349 0
    endloop
  endfacet
  facet normal 0 0 -1
    outer loop
      vertex -56.49264391098125 -20.213391203533202 0
      vertex -56.9716908355822 -18.82090442393349 0
      vertex -56.49264391098125 20.213391203533202 0
    endloop
  endfacet
  facet normal 0 0 1
    outer loop
      vertex -57.41642014393253 -17.41708063526774 1.5
      vertex -57.82656394772639 16.002765448493903 1.5
      vertex -57.82656394772639 -16.002765448493903 1.5
    endloop
  endfacet
  facet normal 0 0 1
    outer loop
      vertex -56.9716908355822 -18.82090442393349 1.5
      vertex -57.41642014393253 17.41708063526774 1.5
      vertex -57.41642014393253 -17.41708063526774 1.5
    endloop
  endfacet
  facet normal 0 0 1
    outer loop
      vertex -56.49264391098125 -20.213391203533202 1.5
      vertex -56.9716908355822 18.82090442393349 1.5
      vertex -56.9716908355822 -18.82090442393349 1.5
    endloop
  endfacet
  facet normal 0 0 1
    outer loop
      vertex -56.49264391098125 -20.213391203533202 1.5
      vertex -55.97956793008433 -21.59370219209929 1.5
      vertex -56.49264391098125 20.213391203533202 1.5
    endloop
  endfacet
  facet normal 0 0 -1
    outer loop
      vertex -57.82656394772639 -16.002765448493903 0
      vertex -58.20187519167264 -14.578810794195832 0
      vertex -57.82656394772639 16.002765448493903 0
    endloop
  endfacet
  facet normal 0 0 -1
    outer loop
      vertex -57.41642014393253 -17.41708063526774 0
      vertex -57.82656394772639 -16.002765448493903 0
      vertex -57.41642014393253 17.41708063526774 0
    endloop
  endfacet
  facet normal 0 0 1
    outer loop
      vertex -57.82656394772639 -16.002765448493903 1.5
      vertex -58.20187519167264 14.578810794195832 1.5
      vertex -58.20187519167264 -14.578810794195832 1.5
    endloop
  endfacet
  facet normal 0 0 -1
    outer loop
      vertex -59.11665854333647 -10.257713325618074 0
      vertex -59.350590597886864 -8.803828467321704 0
      vertex -59.11665854333647 10.257713325618074 0
    endloop
  endfacet
  facet normal -0.998118112900149 -0.06132073630221063 0
    outer loop
      vertex -59.83742740072141 -4.413873815980046 0
      vertex -59.92772737231034 -2.944060459645081 1.5
      vertex -59.92772737231034 -2.944060459645081 0
    endloop
  endfacet
  facet normal 0 0 -1
    outer loop
      vertex -59.5487720759226 -7.344640511952972 0
      vertex -59.71108360033182 -5.881028419773636 0
      vertex -59.5487720759226 7.344640511952972 0
    endloop
  endfacet
  facet normal 0 0 -1
    outer loop
      vertex -59.350590597886864 -8.803828467321704 0
      vertex -59.5487720759226 -7.344640511952972 0
      vertex -59.350590597886864 8.803828467321704 0
    endloop
  endfacet
  facet normal -0.9993223845883494 -0.03680722294135924 0
    outer loop
      vertex -59.92772737231034 -2.944060459645081 0
      vertex -59.981929121772254 -1.4724737113747373 1.5
      vertex -59.981929121772254 -1.4724737113747373 0
    endloop
  endfacet
  facet normal 0 0 -1
    outer loop
      vertex -58.847116824193826 -11.705419320967694 0
      vertex -59.11665854333647 -10.257713325618074 0
      vertex -58.847116824193826 11.705419320967694 0
    endloop
  endfacet
  facet normal 0 0 1
    outer loop
      vertex -59.11665854333647 -10.257713325618074 1.5
      vertex -59.350590597886864 8.803828467321704 1.5
      vertex -59.350590597886864 -8.803828467321704 1.5
    endloop
  endfacet
  facet normal 0 0 1
    outer loop
      vertex -59.350590597886864 -8.803828467321704 1.5
      vertex -59.5487720759226 7.344640511952972 1.5
      vertex -59.5487720759226 -7.344640511952972 1.5
    endloop
  endfacet
  facet normal -0.9993223845883494 -0.03680722294135924 0
    outer loop
      vertex -59.92772737231034 -2.944060459645081 0
      vertex -59.92772737231034 -2.944060459645081 1.5
      vertex -59.981929121772254 -1.4724737113747373 1.5
    endloop
  endfacet
  facet normal 0 0 1
    outer loop
      vertex -59.5487720759226 -7.344640511952972 1.5
      vertex -59.71108360033182 5.881028419773636 1.5
      vertex -59.71108360033182 -5.881028419773636 1.5
    endloop
  endfacet
  facet normal 0 0 1
    outer loop
      vertex -59.71108360033182 -5.881028419773636 1.5
      vertex -59.83742740072141 4.413873815980046 1.5
      vertex -59.83742740072141 -4.413873815980046 1.5
    endloop
  endfacet
  facet normal 0 0 -1
    outer loop
      vertex -59.71108360033182 -5.881028419773636 0
      vertex -59.83742740072141 -4.413873815980046 0
      vertex -59.71108360033182 5.881028419773636 0
    endloop
  endfacet
  facet normal 0 0 -1
    outer loop
      vertex -59.83742740072141 -4.413873815980046 0
      vertex -59.92772737231034 -2.944060459645081 0
      vertex -59.83742740072141 4.413873815980046 0
    endloop
  endfacet
  facet normal 0 0 -1
    outer loop
      vertex -59.92772737231034 -2.944060459645081 0
      vertex -59.981929121772254 -1.4724737113747373 0
      vertex -59.92772737231034 2.944060459645081 0
    endloop
  endfacet
  facet normal -0.9999247018391446 -0.012271538285719617 0
    outer loop
      vertex -59.981929121772254 -1.4724737113747373 0
      vertex -60 0 1.5
      vertex -60 0 0
    endloop
  endfacet
  facet normal -0.9999247018391446 -0.012271538285719617 0
    outer loop
      vertex -59.981929121772254 -1.4724737113747373 0
      vertex -59.981929121772254 -1.4724737113747373 1.5
      vertex -60 0 1.5
    endloop
  endfacet
  facet normal 0 0 1
    outer loop
      vertex -59.83742740072141 -4.413873815980046 1.5
      vertex -59.92772737231034 2.944060459645081 1.5
      vertex -59.92772737231034 -2.944060459645081 1.5
    endloop
  endfacet
  facet normal 0 0 1
    outer loop
      vertex -59.92772737231034 -2.944060459645081 1.5
      vertex -59.981929121772254 1.4724737113747373 1.5
      vertex -59.981929121772254 -1.4724737113747373 1.5
    endloop
  endfacet
  facet normal 0 0 -1
    outer loop
      vertex -56.49264391098125 -20.213391203533202 0
      vertex -55.97956793008433 21.59370219209929 0
      vertex -55.97956793008433 -21.59370219209929 0
    endloop
  endfacet
  facet normal 0 0 -1
    outer loop
      vertex -55.43277195067721 -22.961005941905388 0
      vertex -55.97956793008433 -21.59370219209929 0
      vertex -55.43277195067721 22.961005941905388 0
    endloop
  endfacet
  facet normal 0 0 1
    outer loop
      vertex -50.69121391498243 -32.09985719322583 1.5
      vertex -50.66608024126414 -6.249064968919987 1.5
      vertex -50.80418029661565 -5.003775013824068 1.5
    endloop
  endfacet
  facet normal 0 0 1
    outer loop
      vertex -50.69121391498243 -32.09985719322583 1.5
      vertex -50.80418029661565 -5.003775013824068 1.5
      vertex -50.911677813447135 -3.755470971763022 1.5
    endloop
  endfacet
  facet normal 0 0 1
    outer loop
      vertex -50.69121391498243 -32.09985719322583 1.5
      vertex -50.911677813447135 -3.755470971763022 1.5
      vertex -50.98850803927405 -2.5049047744146895 1.5
    endloop
  endfacet
  facet normal 0 0 1
    outer loop
      vertex -50.69121391498243 -32.09985719322583 1.5
      vertex -50.98850803927405 -2.5049047744146895 1.5
      vertex -51.03462469444123 -1.2528297160946722 1.5
    endloop
  endfacet
  facet normal 0 0 -1
    outer loop
      vertex -49.888176738152715 -33.334213981176134 0
      vertex -49.71492926543271 -3.667193495443421 0
      vertex -49.60995862460902 -4.886154445428597 0
    endloop
  endfacet
  facet normal 0 0 -1
    outer loop
      vertex -49.888176738152715 -33.334213981176134 0
      vertex -49.789953491827845 -2.4460235652217883 0
      vertex -49.71492926543271 -3.667193495443421 0
    endloop
  endfacet
  facet normal 0 0 -1
    outer loop
      vertex -49.888176738152715 -33.334213981176134 0
      vertex -49.60995862460902 -4.886154445428597 0
      vertex -49.475104799745694 -6.102172158680927 0
    endloop
  endfacet
  facet normal 0 0 -1
    outer loop
      vertex -49.888176738152715 -33.334213981176134 0
      vertex -49.83498611200579 -1.2233802418671775 0
      vertex -49.789953491827845 -2.4460235652217883 0
    endloop
  endfacet
  facet normal 0 0 -1
    outer loop
      vertex -49.888176738152715 -33.334213981176134 0
      vertex -49.85 0 0
      vertex -49.83498611200579 -1.2233802418671775 0
    endloop
  endfacet
  facet normal 0 0 -1
    outer loop
      vertex -52.9152758609013 -28.283804209559857 0
      vertex -52.205219466522685 29.57389153378704 0
      vertex -52.205219466522685 -29.57389153378704 0
    endloop
  endfacet
  facet normal 0 0 -1
    outer loop
      vertex -51.46371660001632 -30.846164651593305 0
      vertex -52.205219466522685 -29.57389153378704 0
      vertex -51.46371660001632 30.846164651593305 0
    endloop
  endfacet
  facet normal 0 0 -1
    outer loop
      vertex -51.46371660001632 -30.846164651593305 0
      vertex -50.69121391498243 32.09985719322583 0
      vertex -49.888176738152715 -33.334213981176134 0
    endloop
  endfacet
  facet normal 0 0 1
    outer loop
      vertex -51.46371660001632 -30.846164651593305 1.5
      vertex -52.205219466522685 29.57389153378704 1.5
      vertex -52.205219466522685 -29.57389153378704 1.5
    endloop
  endfacet
  facet normal 0 0 1
    outer loop
      vertex -50.69121391498243 -32.09985719322583 1.5
      vertex -51.46371660001632 30.846164651593305 1.5
      vertex -51.46371660001632 -30.846164651593305 1.5
    endloop
  endfacet
  facet normal 0 0 1
    outer loop
      vertex -50.69121391498243 -32.09985719322583 1.5
      vertex -51.03462469444123 -1.2528297160946722 1.5
      vertex -51.46371660001632 30.846164651593305 1.5
    endloop
  endfacet
  facet normal 0 0 -1
    outer loop
      vertex -44.457067521297546 -40.29353729082111 0
      vertex -45.24170780134982 -23.64149512441008 0
      vertex -44.52723141459644 -22.41312478328214 0
    endloop
  endfacet
  facet normal 0 0 -1
    outer loop
      vertex -44.457067521297546 -40.29353729082111 0
      vertex -44.52723141459644 -22.41312478328214 0
      vertex -43.9637750277655 -23.499127330775984 0
    endloop
  endfacet
  facet normal 0 0 -1
    outer loop
      vertex -44.457067521297546 -40.29353729082111 0
      vertex -43.9637750277655 -23.499127330775984 0
      vertex -43.45482497708802 -24.42382854358372 0
    endloop
  endfacet
  facet normal 0 0 1
    outer loop
      vertex -44.457067521297546 -40.29353729082111 1.5
      vertex -44.417940896099715 -25.162452713330474 1.5
      vertex -45.022080544983524 -24.064803414967177 1.5
    endloop
  endfacet
  facet normal 0 0 -1
    outer loop
      vertex -42.257187083979424 -28.637830301980674 0
      vertex -41.37243268422401 -27.80642817890549 0
      vertex -41.37243268422401 -29.900365676978517 0
    endloop
  endfacet
  facet normal 0 0 -1
    outer loop
      vertex -43.279286464982626 -27.068985936840235 0
      vertex -42.42640687119285 -26.722675346237118 0
      vertex -42.42640687119285 -28.391181936631597 0
    endloop
  endfacet
  facet normal 0 0 -1
    outer loop
      vertex -42.257187083979424 -28.637830301980674 0
      vertex -42.23074605408431 -26.48332951172852 0
      vertex -42.1159502276979 -26.669631351371795 0
    endloop
  endfacet
  facet normal 0 0 -1
    outer loop
      vertex -43.279286464982626 -27.068985936840235 0
      vertex -42.417172305622366 -26.180778846668357 0
      vertex -42.42640687119285 -26.722675346237118 0
    endloop
  endfacet
  facet normal 0 0 -1
    outer loop
      vertex -43.279286464982626 -27.068985936840235 0
      vertex -42.75777120851356 -25.628021798032105 0
      vertex -42.417172305622366 -26.180778846668357 0
    endloop
  endfacet
  facet normal 0 0 -1
    outer loop
      vertex -42.257187083979424 -28.637830301980674 0
      vertex -42.1159502276979 -26.669631351371795 0
      vertex -41.44876017328188 -27.69517611602717 0
    endloop
  endfacet
  facet normal 0 0 -1
    outer loop
      vertex -42.257187083979424 -28.637830301980674 0
      vertex -41.44876017328188 -27.69517611602717 0
      vertex -41.37243268422401 -27.80642817890549 0
    endloop
  endfacet
  facet normal 0 0 -1
    outer loop
      vertex -43.279286464982626 -27.068985936840235 0
      vertex -43.25121184208618 -24.781374695660666 0
      vertex -42.75777120851356 -25.628021798032105 0
    endloop
  endfacet
  facet normal 0 0 -1
    outer loop
      vertex -41.20886334833147 -30.12666549013098 0
      vertex -40.75660293560645 -28.70403834217959 0
      vertex -40.039895444310154 -29.695610328947804 0
    endloop
  endfacet
  facet normal 0 0 -1
    outer loop
      vertex -41.20886334833147 -30.12666549013098 0
      vertex -41.183763219447634 -28.0814256590742 0
      vertex -40.75660293560645 -28.70403834217959 0
    endloop
  endfacet
  facet normal 0 0 -1
    outer loop
      vertex -45.24170780134982 -23.64149512441008 0
      vertex -45.06386626220365 -21.313621407499564 0
      vertex -44.52723141459644 -22.41312478328214 0
    endloop
  endfacet
  facet normal -0.4821837720791236 -0.876070094195406 0
    outer loop
      vertex -28.283804209559857 -52.9152758609013 0
      vertex -28.283804209559857 -52.9152758609013 1.5
      vertex -29.57389153378704 -52.205219466522685 0
    endloop
  endfacet
  facet normal -0.46053871095824067 -0.8876396204028536 0
    outer loop
      vertex -28.283804209559857 -52.9152758609013 0
      vertex -26.976679779276395 -53.59345807173092 0
      vertex -26.976679779276395 -53.59345807173092 1.5
    endloop
  endfacet
  facet normal -0.46053871095824067 -0.8876396204028536 0
    outer loop
      vertex -28.283804209559857 -52.9152758609013 0
      vertex -26.976679779276395 -53.59345807173092 1.5
      vertex -28.283804209559857 -52.9152758609013 1.5
    endloop
  endfacet
  facet normal -0.4386162385385272 -0.8986744656939539 0
    outer loop
      vertex -26.976679779276395 -53.59345807173092 0
      vertex -25.653305605816925 -54.2393575874066 1.5
      vertex -26.976679779276395 -53.59345807173092 1.5
    endloop
  endfacet
  facet normal -0.4164295600976356 -0.9091679830905232 0
    outer loop
      vertex -25.653305605816925 -54.2393575874066 0
      vertex -24.31447884029939 -54.85258534221184 0
      vertex -24.31447884029939 -54.85258534221184 1.5
    endloop
  endfacet
  facet normal -0.4164295600976356 -0.9091679830905232 0
    outer loop
      vertex -25.653305605816925 -54.2393575874066 0
      vertex -24.31447884029939 -54.85258534221184 1.5
      vertex -25.653305605816925 -54.2393575874066 1.5
    endloop
  endfacet
  facet normal -0.4386162385385272 -0.8986744656939539 0
    outer loop
      vertex -26.976679779276395 -53.59345807173092 0
      vertex -25.653305605816925 -54.2393575874066 0
      vertex -25.653305605816925 -54.2393575874066 1.5
    endloop
  endfacet
  facet normal -0.3939920400610501 -0.9191138516900569 0
    outer loop
      vertex -24.31447884029939 -54.85258534221184 0
      vertex -22.961005941905388 -55.43277195067721 0
      vertex -22.961005941905388 -55.43277195067721 1.5
    endloop
  endfacet
  facet normal -0.3939920400610501 -0.9191138516900569 0
    outer loop
      vertex -24.31447884029939 -54.85258534221184 0
      vertex -22.961005941905388 -55.43277195067721 1.5
      vertex -24.31447884029939 -54.85258534221184 1.5
    endloop
  endfacet
  facet normal -0.371317193951834 -0.928506080473217 0
    outer loop
      vertex -22.961005941905388 -55.43277195067721 0
      vertex -21.59370219209929 -55.97956793008433 1.5
      vertex -22.961005941905388 -55.43277195067721 1.5
    endloop
  endfacet
  facet normal -0.5035383837257191 -0.8639728561215857 0
    outer loop
      vertex -30.846164651593305 -51.46371660001632 0
      vertex -29.57389153378704 -52.205219466522685 0
      vertex -29.57389153378704 -52.205219466522685 1.5
    endloop
  endfacet
  facet normal -0.4821837720791236 -0.876070094195406 0
    outer loop
      vertex -28.283804209559857 -52.9152758609013 1.5
      vertex -29.57389153378704 -52.205219466522685 1.5
      vertex -29.57389153378704 -52.205219466522685 0
    endloop
  endfacet
  facet normal 0 0 -1
    outer loop
      vertex -28.283804209559857 -52.9152758609013 0
      vertex -29.57389153378704 -52.205219466522685 0
      vertex -28.283804209559857 -42.49730482734883 0
    endloop
  endfacet
  facet normal 0 0 1
    outer loop
      vertex -28.283804209559857 -52.9152758609013 1.5
      vertex -29.395008171881003 -41.737704711388346 1.5
      vertex -29.57389153378704 -52.205219466522685 1.5
    endloop
  endfacet
  facet normal 0 0 -1
    outer loop
      vertex -28.283804209559857 -52.9152758609013 0
      vertex -26.976679779276395 -43.33616385094073 0
      vertex -26.976679779276395 -53.59345807173092 0
    endloop
  endfacet
  facet normal 0 0 1
    outer loop
      vertex -28.283804209559857 -52.9152758609013 1.5
      vertex -26.976679779276395 -53.59345807173092 1.5
      vertex -27.31162849523631 -43.129774505997545 1.5
    endloop
  endfacet
  facet normal 0 0 1
    outer loop
      vertex -26.976679779276395 -53.59345807173092 1.5
      vertex -25.653305605816925 -54.2393575874066 1.5
      vertex -26.24494509106397 -43.78704554051389 1.5
    endloop
  endfacet
  facet normal 0 0 -1
    outer loop
      vertex -30.846164651593305 -51.46371660001632 0
      vertex -29.57389153378704 -41.608407951034934 0
      vertex -29.57389153378704 -52.205219466522685 0
    endloop
  endfacet
  facet normal 0 0 -1
    outer loop
      vertex -29.57389153378704 -52.205219466522685 0
      vertex -29.57389153378704 -41.608407951034934 0
      vertex -29.44498602288833 -41.701580758015496 0
    endloop
  endfacet
  facet normal 0 0 -1
    outer loop
      vertex -29.57389153378704 -52.205219466522685 0
      vertex -29.44498602288833 -41.701580758015496 0
      vertex -28.283804209559857 -42.49730482734883 0
    endloop
  endfacet
  facet normal 0 0 -1
    outer loop
      vertex -28.283804209559857 -52.9152758609013 0
      vertex -28.283804209559857 -42.49730482734883 0
      vertex -28.156962768324078 -42.579824236541796 0
    endloop
  endfacet
  facet normal 0 0 1
    outer loop
      vertex -28.283804209559857 -52.9152758609013 1.5
      vertex -28.36186039565069 -42.44652370804493 1.5
      vertex -29.395008171881003 -41.737704711388346 1.5
    endloop
  endfacet
  facet normal 0 0 -1
    outer loop
      vertex -26.976679779276395 -53.59345807173092 0
      vertex -26.851742307679842 -43.413148062830516 0
      vertex -25.653305605816925 -44.13186330653371 0
    endloop
  endfacet
  facet normal 0 0 -1
    outer loop
      vertex -28.283804209559857 -52.9152758609013 0
      vertex -28.156962768324078 -42.579824236541796 0
      vertex -26.976679779276395 -43.33616385094073 0
    endloop
  endfacet
  facet normal 0 0 -1
    outer loop
      vertex -26.976679779276395 -53.59345807173092 0
      vertex -26.976679779276395 -43.33616385094073 0
      vertex -26.851742307679842 -43.413148062830516 0
    endloop
  endfacet
  facet normal 0 0 1
    outer loop
      vertex -28.283804209559857 -52.9152758609013 1.5
      vertex -27.31162849523631 -43.129774505997545 1.5
      vertex -28.36186039565069 -42.44652370804493 1.5
    endloop
  endfacet
  facet normal 0 0 1
    outer loop
      vertex -26.976679779276395 -53.59345807173092 1.5
      vertex -26.24494509106397 -43.78704554051389 1.5
      vertex -27.31162849523631 -43.129774505997545 1.5
    endloop
  endfacet
  facet normal 0 0 -1
    outer loop
      vertex -26.976679779276395 -53.59345807173092 0
      vertex -25.653305605816925 -44.13186330653371 0
      vertex -25.653305605816925 -54.2393575874066 0
    endloop
  endfacet
  facet normal 0 0 -1
    outer loop
      vertex -25.653305605816925 -54.2393575874066 0
      vertex -24.31447884029939 -44.88466067506693 0
      vertex -24.31447884029939 -54.85258534221184 0
    endloop
  endfacet
  facet normal 0 0 1
    outer loop
      vertex -25.653305605816925 -54.2393575874066 1.5
      vertex -24.31447884029939 -54.85258534221184 1.5
      vertex -25.162452713330474 -44.417940896099715 1.5
    endloop
  endfacet
  facet normal 0 0 -1
    outer loop
      vertex -24.31447884029939 -54.85258534221184 0
      vertex -24.192968623705802 -44.95153917596709 0
      vertex -22.961005941905388 -55.43277195067721 0
    endloop
  endfacet
  facet normal 0 0 1
    outer loop
      vertex -24.31447884029939 -54.85258534221184 1.5
      vertex -22.961005941905388 -55.43277195067721 1.5
      vertex -24.064803414967177 -45.022080544983524 1.5
    endloop
  endfacet
  facet normal 0 0 1
    outer loop
      vertex -22.961005941905388 -55.43277195067721 1.5
      vertex -21.8266875196159 -46.14865341395178 1.5
      vertex -22.952658378867664 -45.599100576031056 1.5
    endloop
  endfacet
  facet normal 0 0 -1
    outer loop
      vertex -25.653305605816925 -54.2393575874066 0
      vertex -25.653305605816925 -44.13186330653371 0
      vertex -25.530142698033522 -44.20364478795503 0
    endloop
  endfacet
  facet normal 0 0 -1
    outer loop
      vertex -25.653305605816925 -54.2393575874066 0
      vertex -25.530142698033522 -44.20364478795503 0
      vertex -24.31447884029939 -44.88466067506693 0
    endloop
  endfacet
  facet normal 0 0 1
    outer loop
      vertex -25.653305605816925 -54.2393575874066 1.5
      vertex -25.162452713330474 -44.417940896099715 1.5
      vertex -26.24494509106397 -43.78704554051389 1.5
    endloop
  endfacet
  facet normal 0 0 1
    outer loop
      vertex -24.31447884029939 -54.85258534221184 1.5
      vertex -24.064803414967177 -45.022080544983524 1.5
      vertex -25.162452713330474 -44.417940896099715 1.5
    endloop
  endfacet
  facet normal 0 0 -1
    outer loop
      vertex -24.31447884029939 -54.85258534221184 0
      vertex -24.31447884029939 -44.88466067506693 0
      vertex -24.192968623705802 -44.95153917596709 0
    endloop
  endfacet
  facet normal 0 0 -1
    outer loop
      vertex -22.961005941905388 -55.43277195067721 0
      vertex -24.192968623705802 -44.95153917596709 0
      vertex -23.499127330775984 -43.9637750277655 0
    endloop
  endfacet
  facet normal 0 0 -1
    outer loop
      vertex -22.961005941905388 -55.43277195067721 0
      vertex -23.499127330775984 -43.9637750277655 0
      vertex -22.41312478328214 -44.52723141459644 0
    endloop
  endfacet
  facet normal 0 0 1
    outer loop
      vertex -22.961005941905388 -55.43277195067721 1.5
      vertex -22.952658378867664 -45.599100576031056 1.5
      vertex -24.064803414967177 -45.022080544983524 1.5
    endloop
  endfacet
  facet normal -0.34841868024943917 -0.9373390119125733 0
    outer loop
      vertex -20.213391203533202 -56.49264391098125 0
      vertex -20.213391203533202 -56.49264391098125 1.5
      vertex -21.59370219209929 -55.97956793008433 0
    endloop
  endfacet
  facet normal -0.32531029216226215 -0.9456073253805216 0
    outer loop
      vertex -20.213391203533202 -56.49264391098125 0
      vertex -18.82090442393349 -56.9716908355822 0
      vertex -18.82090442393349 -56.9716908355822 1.5
    endloop
  endfacet
  facet normal -0.32531029216226215 -0.9456073253805216 0
    outer loop
      vertex -20.213391203533202 -56.49264391098125 0
      vertex -18.82090442393349 -56.9716908355822 1.5
      vertex -20.213391203533202 -56.49264391098125 1.5
    endloop
  endfacet
  facet normal -0.371317193951834 -0.928506080473217 0
    outer loop
      vertex -22.961005941905388 -55.43277195067721 0
      vertex -21.59370219209929 -55.97956793008433 0
      vertex -21.59370219209929 -55.97956793008433 1.5
    endloop
  endfacet
  facet normal -0.34841868024943917 -0.9373390119125733 0
    outer loop
      vertex -20.213391203533202 -56.49264391098125 1.5
      vertex -21.59370219209929 -55.97956793008433 1.5
      vertex -21.59370219209929 -55.97956793008433 0
    endloop
  endfacet
  facet normal 0 0 -1
    outer loop
      vertex -22.961005941905388 -55.43277195067721 0
      vertex -21.59370219209929 -46.255368541685534 0
      vertex -21.59370219209929 -55.97956793008433 0
    endloop
  endfacet
  facet normal 0 0 -1
    outer loop
      vertex -20.213391203533202 -56.49264391098125 0
      vertex -21.59370219209929 -55.97956793008433 0
      vertex -20.213391203533202 -46.87367154007855 0
    endloop
  endfacet
  facet normal 0 0 1
    outer loop
      vertex -22.961005941905388 -55.43277195067721 1.5
      vertex -21.59370219209929 -55.97956793008433 1.5
      vertex -21.8266875196159 -46.14865341395178 1.5
    endloop
  endfacet
  facet normal 0 0 1
    outer loop
      vertex -20.213391203533202 -56.49264391098125 1.5
      vertex -20.68756907995473 -46.670408028665236 1.5
      vertex -21.59370219209929 -55.97956793008433 1.5
    endloop
  endfacet
  facet normal 0 0 -1
    outer loop
      vertex -20.213391203533202 -56.49264391098125 0
      vertex -18.82090442393349 -47.450018408176206 0
      vertex -18.82090442393349 -56.9716908355822 0
    endloop
  endfacet
  facet normal 0 0 1
    outer loop
      vertex -20.213391203533202 -56.49264391098125 1.5
      vertex -18.82090442393349 -56.9716908355822 1.5
      vertex -19.53598922223783 -47.164050134701185 1.5
    endloop
  endfacet
  facet normal -0.30200594931922325 -0.9533060403541952 0
    outer loop
      vertex -18.82090442393349 -56.9716908355822 0
      vertex -17.41708063526774 -57.41642014393253 0
      vertex -17.41708063526774 -57.41642014393253 1.5
    endloop
  endfacet
  facet normal -0.30200594931922325 -0.9533060403541952 0
    outer loop
      vertex -18.82090442393349 -56.9716908355822 0
      vertex -17.41708063526774 -57.41642014393253 1.5
      vertex -18.82090442393349 -56.9716908355822 1.5
    endloop
  endfacet
  facet normal -0.2785196893850564 -0.9604305194155649 0
    outer loop
      vertex -17.41708063526774 -57.41642014393253 0
      vertex -16.002765448493903 -57.82656394772639 1.5
      vertex -17.41708063526774 -57.41642014393253 1.5
    endloop
  endfacet
  facet normal -0.2785196893850564 -0.9604305194155649 0
    outer loop
      vertex -17.41708063526774 -57.41642014393253 0
      vertex -16.002765448493903 -57.82656394772639 0
      vertex -16.002765448493903 -57.82656394772639 1.5
    endloop
  endfacet
  facet normal -0.2548656596045156 -0.9669764710448518 0
    outer loop
      vertex -16.002765448493903 -57.82656394772639 0
      vertex -14.578810794195832 -58.20187519167264 0
      vertex -14.578810794195832 -58.20187519167264 1.5
    endloop
  endfacet
  facet normal -0.2548656596045156 -0.9669764710448518 0
    outer loop
      vertex -16.002765448493903 -57.82656394772639 0
      vertex -14.578810794195832 -58.20187519167264 1.5
      vertex -16.002765448493903 -57.82656394772639 1.5
    endloop
  endfacet
  facet normal 0 0 -1
    outer loop
      vertex -18.82090442393349 -56.9716908355822 0
      vertex -17.41708063526774 -47.984474356163254 0
      vertex -17.41708063526774 -57.41642014393253 0
    endloop
  endfacet
  facet normal 0 0 1
    outer loop
      vertex -18.82090442393349 -56.9716908355822 1.5
      vertex -17.41708063526774 -57.41642014393253 1.5
      vertex -18.372641615111146 -47.629282380513416 1.5
    endloop
  endfacet
  facet normal 0 0 -1
    outer loop
      vertex -17.41708063526774 -57.41642014393253 0
      vertex -16.002765448493903 -48.47679937149333 0
      vertex -16.002765448493903 -57.82656394772639 0
    endloop
  endfacet
  facet normal 0 0 -1
    outer loop
      vertex -16.002765448493903 -57.82656394772639 0
      vertex -14.578810794195832 -48.921467222300286 0
      vertex -14.578810794195832 -58.20187519167264 0
    endloop
  endfacet
  facet normal 0 0 1
    outer loop
      vertex -17.41708063526774 -57.41642014393253 1.5
      vertex -16.002765448493903 -57.82656394772639 1.5
      vertex -17.19822701567283 -48.06582452759321 1.5
    endloop
  endfacet
  facet normal 0 0 1
    outer loop
      vertex -16.002765448493903 -57.82656394772639 1.5
      vertex -14.578810794195832 -58.20187519167264 1.5
      vertex -14.819032773840302 -48.85180413912926 1.5
    endloop
  endfacet
  facet normal 0 0 -1
    outer loop
      vertex -21.59370219209929 -55.97956793008433 0
      vertex -21.475029404543378 -46.309724675685636 0
      vertex -20.213391203533202 -46.87367154007855 0
    endloop
  endfacet
  facet normal 0 0 -1
    outer loop
      vertex -21.59370219209929 -55.97956793008433 0
      vertex -21.59370219209929 -46.255368541685534 0
      vertex -21.475029404543378 -46.309724675685636 0
    endloop
  endfacet
  facet normal 0 0 1
    outer loop
      vertex -21.59370219209929 -55.97956793008433 1.5
      vertex -20.68756907995473 -46.670408028665236 1.5
      vertex -21.8266875196159 -46.14865341395178 1.5
    endloop
  endfacet
  facet normal 0 0 -1
    outer loop
      vertex -18.82090442393349 -56.9716908355822 0
      vertex -18.82090442393349 -47.450018408176206 0
      vertex -18.704620761020287 -47.496521198328495 0
    endloop
  endfacet
  facet normal 0 0 -1
    outer loop
      vertex -20.213391203533202 -56.49264391098125 0
      vertex -20.213391203533202 -46.87367154007855 0
      vertex -20.09596050363963 -46.92400998393051 0
    endloop
  endfacet
  facet normal 0 0 -1
    outer loop
      vertex -20.213391203533202 -56.49264391098125 0
      vertex -20.09596050363963 -46.92400998393051 0
      vertex -18.82090442393349 -47.450018408176206 0
    endloop
  endfacet
  facet normal 0 0 1
    outer loop
      vertex -20.213391203533202 -56.49264391098125 1.5
      vertex -19.53598922223783 -47.164050134701185 1.5
      vertex -20.68756907995473 -46.670408028665236 1.5
    endloop
  endfacet
  facet normal 0 0 1
    outer loop
      vertex -18.82090442393349 -56.9716908355822 1.5
      vertex -18.372641615111146 -47.629282380513416 1.5
      vertex -19.53598922223783 -47.164050134701185 1.5
    endloop
  endfacet
  facet normal 0 0 -1
    outer loop
      vertex -22.961005941905388 -55.43277195067721 0
      vertex -22.41312478328214 -44.52723141459644 0
      vertex -21.59370219209929 -46.255368541685534 0
    endloop
  endfacet
  facet normal 0 0 -1
    outer loop
      vertex -21.59370219209929 -46.255368541685534 0
      vertex -22.41312478328214 -44.52723141459644 0
      vertex -21.59370219209929 -44.9271671738044 0
    endloop
  endfacet
  facet normal 0 0 -1
    outer loop
      vertex -21.475029404543378 -46.309724675685636 0
      vertex -20.213391203533202 -45.567808755082034 0
      vertex -20.213391203533202 -46.87367154007855 0
    endloop
  endfacet
  facet normal 0 0 -1
    outer loop
      vertex -21.475029404543378 -46.309724675685636 0
      vertex -21.45886964276448 -44.99297492497504 0
      vertex -21.313621407499564 -45.06386626220365 0
    endloop
  endfacet
  facet normal 0 0 -1
    outer loop
      vertex -21.475029404543378 -46.309724675685636 0
      vertex -21.313621407499564 -45.06386626220365 0
      vertex -20.213391203533202 -45.567808755082034 0
    endloop
  endfacet
  facet normal 0 0 -1
    outer loop
      vertex -20.09596050363963 -46.92400998393051 0
      vertex -20.080022563036355 -45.62533494135611 0
      vertex -19.076769103399727 -46.055394695687646 0
    endloop
  endfacet
  facet normal 0 0 -1
    outer loop
      vertex -20.09596050363963 -46.92400998393051 0
      vertex -19.076769103399727 -46.055394695687646 0
      vertex -18.82090442393349 -47.450018408176206 0
    endloop
  endfacet
  facet normal 0 0 -1
    outer loop
      vertex -18.82090442393349 -47.450018408176206 0
      vertex -19.076769103399727 -46.055394695687646 0
      vertex -18.82090442393349 -46.15771707871649 0
    endloop
  endfacet
  facet normal 0 0 -1
    outer loop
      vertex -18.82090442393349 -56.9716908355822 0
      vertex -18.704620761020287 -47.496521198328495 0
      vertex -17.41708063526774 -47.984474356163254 0
    endloop
  endfacet
  facet normal 0 0 -1
    outer loop
      vertex -17.41708063526774 -57.41642014393253 0
      vertex -17.41708063526774 -47.984474356163254 0
      vertex -17.301853080730442 -48.02730563915695 0
    endloop
  endfacet
  facet normal 0 0 -1
    outer loop
      vertex -17.41708063526774 -57.41642014393253 0
      vertex -17.301853080730442 -48.02730563915695 0
      vertex -16.002765448493903 -48.47679937149333 0
    endloop
  endfacet
  facet normal 0 0 1
    outer loop
      vertex -17.41708063526774 -57.41642014393253 1.5
      vertex -17.19822701567283 -48.06582452759321 1.5
      vertex -18.372641615111146 -47.629282380513416 1.5
    endloop
  endfacet
  facet normal 0 0 -1
    outer loop
      vertex -16.002765448493903 -57.82656394772639 0
      vertex -16.002765448493903 -48.47679937149333 0
      vertex -15.888465202173798 -48.513009521157855 0
    endloop
  endfacet
  facet normal 0 0 -1
    outer loop
      vertex -16.002765448493903 -57.82656394772639 0
      vertex -15.888465202173798 -48.513009521157855 0
      vertex -14.578810794195832 -48.921467222300286 0
    endloop
  endfacet
  facet normal 0 0 1
    outer loop
      vertex -16.002765448493903 -57.82656394772639 1.5
      vertex -16.01345284736341 -48.47341361927452 1.5
      vertex -17.19822701567283 -48.06582452759321 1.5
    endloop
  endfacet
  facet normal 0 0 1
    outer loop
      vertex -16.002765448493903 -57.82656394772639 1.5
      vertex -14.819032773840302 -48.85180413912926 1.5
      vertex -16.01345284736341 -48.47341361927452 1.5
    endloop
  endfacet
  facet normal 0 0 -1
    outer loop
      vertex -18.704620761020287 -47.496521198328495 0
      vertex -17.41708063526774 -46.7043509142096 0
      vertex -17.41708063526774 -47.984474356163254 0
    endloop
  endfacet
  facet normal 0 0 -1
    outer loop
      vertex -18.704620761020287 -47.496521198328495 0
      vertex -17.94076757126916 -46.509691021911735 0
      vertex -17.41708063526774 -46.7043509142096 0
    endloop
  endfacet
  facet normal 0 0 -1
    outer loop
      vertex -17.301853080730442 -48.02730563915695 0
      vertex -17.286214155630443 -46.752995348661415 0
      vertex -16.79395919160217 -46.93597164937359 0
    endloop
  endfacet
  facet normal 0 0 -1
    outer loop
      vertex -18.704620761020287 -47.496521198328495 0
      vertex -18.688838498678994 -46.21053132497017 0
      vertex -17.94076757126916 -46.509691021911735 0
    endloop
  endfacet
  facet normal 0 0 -1
    outer loop
      vertex -17.301853080730442 -48.02730563915695 0
      vertex -16.002765448493903 -47.6025697300073 0
      vertex -16.002765448493903 -48.47679937149333 0
    endloop
  endfacet
  facet normal 0 0 -1
    outer loop
      vertex -17.301853080730442 -48.02730563915695 0
      vertex -16.79395919160217 -46.93597164937359 0
      vertex -15.997376617130307 -47.21001405902659 0
    endloop
  endfacet
  facet normal 0 0 -1
    outer loop
      vertex -17.301853080730442 -48.02730563915695 0
      vertex -15.997376617130307 -47.21001405902659 0
      vertex -16.002765448493903 -47.6025697300073 0
    endloop
  endfacet
  facet normal 0 0 -1
    outer loop
      vertex -15.888465202173798 -48.513009521157855 0
      vertex -14.578810794195832 -47.66922359576227 0
      vertex -14.578810794195832 -48.921467222300286 0
    endloop
  endfacet
  facet normal 0 0 -1
    outer loop
      vertex -15.888465202173798 -48.513009521157855 0
      vertex -15.637034758884743 -47.33397980256288 0
      vertex -14.578810794195832 -47.66922359576227 0
    endloop
  endfacet
  facet normal 0 0 -1
    outer loop
      vertex -15.888465202173798 -48.513009521157855 0
      vertex -15.87299936071235 -47.252802646358425 0
      vertex -15.637034758884743 -47.33397980256288 0
    endloop
  endfacet
  facet normal 0 0 1
    outer loop
      vertex -30.41044949433872 -41.00374448208692 1.5
      vertex -29.57389153378704 -52.205219466522685 1.5
      vertex -29.395008171881003 -41.737704711388346 1.5
    endloop
  endfacet
  facet normal 0 0 -1
    outer loop
      vertex -29.44498602288833 -41.701580758015496 0
      vertex -28.283804209559857 -41.04491593699645 0
      vertex -28.283804209559857 -42.49730482734883 0
    endloop
  endfacet
  facet normal 0 0 -1
    outer loop
      vertex -28.156962768324078 -42.579824236541796 0
      vertex -26.976679779276395 -41.91619331373143 0
      vertex -26.976679779276395 -43.33616385094073 0
    endloop
  endfacet
  facet normal 0 0 -1
    outer loop
      vertex -28.156962768324078 -42.579824236541796 0
      vertex -28.139342014695696 -41.144028136019955 0
      vertex -27.69517611602717 -41.44876017328188 0
    endloop
  endfacet
  facet normal 0 0 -1
    outer loop
      vertex -28.156962768324078 -42.579824236541796 0
      vertex -27.69517611602717 -41.44876017328188 0
      vertex -26.976679779276395 -41.91619331373143 0
    endloop
  endfacet
  facet normal 0 0 -1
    outer loop
      vertex -26.851742307679842 -43.413148062830516 0
      vertex -26.834506117358334 -42.00868742661739 0
      vertex -26.669631351371795 -42.1159502276979 0
    endloop
  endfacet
  facet normal 0 0 -1
    outer loop
      vertex -26.851742307679842 -43.413148062830516 0
      vertex -26.669631351371795 -42.1159502276979 0
      vertex -25.653305605816925 -42.7421917831337 0
    endloop
  endfacet
  facet normal 0 0 -1
    outer loop
      vertex -30.71495175341735 -40.77206449974773 0
      vertex -29.57389153378704 -40.127873698524056 0
      vertex -29.57389153378704 -41.608407951034934 0
    endloop
  endfacet
  facet normal 0 0 -1
    outer loop
      vertex -30.71495175341735 -40.77206449974773 0
      vertex -29.695610328947804 -40.039895444310154 0
      vertex -29.57389153378704 -40.127873698524056 0
    endloop
  endfacet
  facet normal 0 0 -1
    outer loop
      vertex -29.44498602288833 -41.701580758015496 0
      vertex -29.42697598053323 -40.234064150664736 0
      vertex -28.70403834217959 -40.75660293560645 0
    endloop
  endfacet
  facet normal 0 0 -1
    outer loop
      vertex -29.44498602288833 -41.701580758015496 0
      vertex -28.70403834217959 -40.75660293560645 0
      vertex -28.283804209559857 -41.04491593699645 0
    endloop
  endfacet
  facet normal 0 0 -1
    outer loop
      vertex -26.851742307679842 -43.413148062830516 0
      vertex -25.653305605816925 -42.7421917831337 0
      vertex -25.653305605816925 -44.13186330653371 0
    endloop
  endfacet
  facet normal 0 0 -1
    outer loop
      vertex -25.530142698033522 -44.20364478795503 0
      vertex -24.31447884029939 -43.51501040375048 0
      vertex -24.31447884029939 -44.88466067506693 0
    endloop
  endfacet
  facet normal 0 0 -1
    outer loop
      vertex -25.530142698033522 -44.20364478795503 0
      vertex -25.513219405001657 -42.82468003675372 0
      vertex -24.570974882654735 -43.373836506769265 0
    endloop
  endfacet
  facet normal 0 0 -1
    outer loop
      vertex -25.530142698033522 -44.20364478795503 0
      vertex -24.570974882654735 -43.373836506769265 0
      vertex -24.31447884029939 -43.51501040375048 0
    endloop
  endfacet
  facet normal 0 0 -1
    outer loop
      vertex -24.192968623705802 -44.95153917596709 0
      vertex -24.176272419964047 -43.591078395940144 0
      vertex -23.499127330775984 -43.9637750277655 0
    endloop
  endfacet
  facet normal -0.23105810828066917 -0.9729399522055606 0
    outer loop
      vertex -14.578810794195832 -58.20187519167264 0
      vertex -13.146074409412188 -58.54212780231171 0
      vertex -13.146074409412188 -58.54212780231171 1.5
    endloop
  endfacet
  facet normal -0.23105810828066917 -0.9729399522055606 0
    outer loop
      vertex -14.578810794195832 -58.20187519167264 0
      vertex -13.146074409412188 -58.54212780231171 1.5
      vertex -14.578810794195832 -58.20187519167264 1.5
    endloop
  endfacet
  facet normal -0.20711137619221853 -0.9783173707196275 0
    outer loop
      vertex -13.146074409412188 -58.54212780231171 0
      vertex -11.705419320967694 -58.847116824193826 0
      vertex -11.705419320967694 -58.847116824193826 1.5
    endloop
  endfacet
  facet normal -0.20711137619221853 -0.9783173707196275 0
    outer loop
      vertex -13.146074409412188 -58.54212780231171 0
      vertex -11.705419320967694 -58.847116824193826 1.5
      vertex -13.146074409412188 -58.54212780231171 1.5
    endloop
  endfacet
  facet normal 0 0 -1
    outer loop
      vertex -14.578810794195832 -58.20187519167264 0
      vertex -13.146074409412188 -49.32454359699839 0
      vertex -13.146074409412188 -58.54212780231171 0
    endloop
  endfacet
  facet normal 0 0 1
    outer loop
      vertex -14.578810794195832 -58.20187519167264 1.5
      vertex -13.146074409412188 -58.54212780231171 1.5
      vertex -13.615686269093564 -49.2007681588572 1.5
    endloop
  endfacet
  facet normal 0 0 -1
    outer loop
      vertex -13.146074409412188 -58.54212780231171 0
      vertex -11.705419320967694 -49.686030339660725 0
      vertex -11.705419320967694 -58.847116824193826 0
    endloop
  endfacet
  facet normal 0 0 1
    outer loop
      vertex -13.146074409412188 -58.54212780231171 1.5
      vertex -11.705419320967694 -58.847116824193826 1.5
      vertex -12.40413818406162 -49.52009547558147 1.5
    endloop
  endfacet
  facet normal 0 0 -1
    outer loop
      vertex -13.146074409412188 -58.54212780231171 0
      vertex -13.03331668565058 -49.354263111901325 0
      vertex -11.705419320967694 -49.686030339660725 0
    endloop
  endfacet
  facet normal 0 0 -1
    outer loop
      vertex -11.705419320967694 -58.847116824193826 0
      vertex -11.705419320967694 -49.686030339660725 0
      vertex -11.593316956198318 -49.71265290796896 0
    endloop
  endfacet
  facet normal 0 0 1
    outer loop
      vertex -11.705419320967694 -58.847116824193826 1.5
      vertex -11.185118310008203 -49.80959373846688 1.5
      vertex -12.40413818406162 -49.52009547558147 1.5
    endloop
  endfacet
  facet normal -0.18303988795513895 -0.9831054874312166 0
    outer loop
      vertex -11.705419320967694 -58.847116824193826 0
      vertex -10.257713325618074 -59.11665854333647 0
      vertex -10.257713325618074 -59.11665854333647 1.5
    endloop
  endfacet
  facet normal -0.18303988795513895 -0.9831054874312166 0
    outer loop
      vertex -11.705419320967694 -58.847116824193826 0
      vertex -10.257713325618074 -59.11665854333647 1.5
      vertex -11.705419320967694 -58.847116824193826 1.5
    endloop
  endfacet
  facet normal -0.158858143333868 -0.9873014181578573 0
    outer loop
      vertex -10.257713325618074 -59.11665854333647 0
      vertex -8.803828467321704 -59.350590597886864 1.5
      vertex -10.257713325618074 -59.11665854333647 1.5
    endloop
  endfacet
  facet normal -0.158858143333868 -0.9873014181578573 0
    outer loop
      vertex -10.257713325618074 -59.11665854333647 0
      vertex -8.803828467321704 -59.350590597886864 0
      vertex -8.803828467321704 -59.350590597886864 1.5
    endloop
  endfacet
  facet normal -0.13458070850712217 -0.9909026354277807 0
    outer loop
      vertex -8.803828467321704 -59.350590597886864 0
      vertex -7.344640511952972 -59.5487720759226 0
      vertex -7.344640511952972 -59.5487720759226 1.5
    endloop
  endfacet
  facet normal -0.13458070850712217 -0.9909026354277807 0
    outer loop
      vertex -8.803828467321704 -59.350590597886864 0
      vertex -7.344640511952972 -59.5487720759226 1.5
      vertex -8.803828467321704 -59.350590597886864 1.5
    endloop
  endfacet
  facet normal 0 0 -1
    outer loop
      vertex -8.803828467321704 -59.350590597886864 0
      vertex -7.344640511952972 -50.51728324796439 0
      vertex -7.344640511952972 -59.5487720759226 0
    endloop
  endfacet
  facet normal 0 0 1
    outer loop
      vertex -8.803828467321704 -59.350590597886864 1.5
      vertex -7.344640511952972 -59.5487720759226 1.5
      vertex -7.490590720946217 -50.49746083370207 1.5
    endloop
  endfacet
  facet normal 0 0 -1
    outer loop
      vertex -11.705419320967694 -58.847116824193826 0
      vertex -10.257713325618074 -50.0059268797902 0
      vertex -10.257713325618074 -59.11665854333647 0
    endloop
  endfacet
  facet normal 0 0 -1
    outer loop
      vertex -10.257713325618074 -59.11665854333647 0
      vertex -10.14619195771697 -50.02953613448824 0
      vertex -8.803828467321704 -59.350590597886864 0
    endloop
  endfacet
  facet normal 0 0 1
    outer loop
      vertex -11.705419320967694 -58.847116824193826 1.5
      vertex -10.257713325618074 -59.11665854333647 1.5
      vertex -11.185118310008203 -49.80959373846688 1.5
    endloop
  endfacet
  facet normal 0 0 1
    outer loop
      vertex -10.257713325618074 -59.11665854333647 1.5
      vertex -8.803828467321704 -59.350590597886864 1.5
      vertex -9.959360938923346 -50.06908856458491 1.5
    endloop
  endfacet
  facet normal 0 0 -1
    outer loop
      vertex -11.705419320967694 -58.847116824193826 0
      vertex -11.593316956198318 -49.71265290796896 0
      vertex -10.257713325618074 -50.0059268797902 0
    endloop
  endfacet
  facet normal 0 0 -1
    outer loop
      vertex -10.257713325618074 -59.11665854333647 0
      vertex -10.257713325618074 -50.0059268797902 0
      vertex -10.14619195771697 -50.02953613448824 0
    endloop
  endfacet
  facet normal 0 0 1
    outer loop
      vertex -10.257713325618074 -59.11665854333647 1.5
      vertex -9.959360938923346 -50.06908856458491 1.5
      vertex -11.185118310008203 -49.80959373846688 1.5
    endloop
  endfacet
  facet normal 0 0 -1
    outer loop
      vertex -8.803828467321704 -59.350590597886864 0
      vertex -10.14619195771697 -50.02953613448824 0
      vertex -8.522450154701016 -49.11609047308872 0
    endloop
  endfacet
  facet normal 0 0 -1
    outer loop
      vertex -8.803828467321704 -59.350590597886864 0
      vertex -8.522450154701016 -49.11609047308872 0
      vertex -7.344640511952972 -49.30560164931774 0
    endloop
  endfacet
  facet normal 0 0 -1
    outer loop
      vertex -8.803828467321704 -59.350590597886864 0
      vertex -7.344640511952972 -49.30560164931774 0
      vertex -7.344640511952972 -50.51728324796439 0
    endloop
  endfacet
  facet normal 0 0 1
    outer loop
      vertex -8.803828467321704 -59.350590597886864 1.5
      vertex -8.727604421213377 -50.298423643955445 1.5
      vertex -9.959360938923346 -50.06908856458491 1.5
    endloop
  endfacet
  facet normal 0 0 1
    outer loop
      vertex -8.803828467321704 -59.350590597886864 1.5
      vertex -7.490590720946217 -50.49746083370207 1.5
      vertex -8.727604421213377 -50.298423643955445 1.5
    endloop
  endfacet
  facet normal 0 0 -1
    outer loop
      vertex -14.578810794195832 -58.20187519167264 0
      vertex -14.578810794195832 -48.921467222300286 0
      vertex -14.465321239962545 -48.95437858314786 0
    endloop
  endfacet
  facet normal 0 0 -1
    outer loop
      vertex -14.578810794195832 -58.20187519167264 0
      vertex -14.465321239962545 -48.95437858314786 0
      vertex -13.146074409412188 -49.32454359699839 0
    endloop
  endfacet
  facet normal 0 0 1
    outer loop
      vertex -14.578810794195832 -58.20187519167264 1.5
      vertex -13.615686269093564 -49.2007681588572 1.5
      vertex -14.819032773840302 -48.85180413912926 1.5
    endloop
  endfacet
  facet normal 0 0 -1
    outer loop
      vertex -14.465321239962545 -48.95437858314786 0
      vertex -13.295630960123686 -48.04423687990268 0
      vertex -13.146074409412188 -49.32454359699839 0
    endloop
  endfacet
  facet normal 0 0 -1
    outer loop
      vertex -13.146074409412188 -58.54212780231171 0
      vertex -13.146074409412188 -49.32454359699839 0
      vertex -13.03331668565058 -49.354263111901325 0
    endloop
  endfacet
  facet normal 0 0 1
    outer loop
      vertex -13.146074409412188 -58.54212780231171 1.5
      vertex -12.40413818406162 -49.52009547558147 1.5
      vertex -13.615686269093564 -49.2007681588572 1.5
    endloop
  endfacet
  facet normal 0 0 -1
    outer loop
      vertex -13.03331668565058 -49.354263111901325 0
      vertex -11.705419320967694 -48.4527480189102 0
      vertex -11.705419320967694 -49.686030339660725 0
    endloop
  endfacet
  facet normal 0 0 -1
    outer loop
      vertex -11.593316956198318 -49.71265290796896 0
      vertex -11.578225529562644 -48.482954566354856 0
      vertex -10.92219682181996 -48.63875118242065 0
    endloop
  endfacet
  facet normal 0 0 -1
    outer loop
      vertex -14.465321239962545 -48.95437858314786 0
      vertex -14.450043067328538 -47.70946357249394 0
      vertex -13.295630960123686 -48.04423687990268 0
    endloop
  endfacet
  facet normal 0 0 -1
    outer loop
      vertex -13.146074409412188 -49.32454359699839 0
      vertex -13.295630960123686 -48.04423687990268 0
      vertex -13.146074409412188 -48.083655449109514 0
    endloop
  endfacet
  facet normal 0 0 -1
    outer loop
      vertex -13.03331668565058 -49.354263111901325 0
      vertex -13.018137033381382 -48.117375859798436 0
      vertex -12.112561968177705 -48.356057971748015 0
    endloop
  endfacet
  facet normal 0 0 -1
    outer loop
      vertex -13.03331668565058 -49.354263111901325 0
      vertex -12.112561968177705 -48.356057971748015 0
      vertex -11.705419320967694 -48.4527480189102 0
    endloop
  endfacet
  facet normal 0 0 -1
    outer loop
      vertex -11.593316956198318 -49.71265290796896 0
      vertex -10.92219682181996 -48.63875118242065 0
      vertex -10.257713325618074 -48.779423417703725 0
    endloop
  endfacet
  facet normal 0 0 -1
    outer loop
      vertex -11.593316956198318 -49.71265290796896 0
      vertex -10.257713325618074 -48.779423417703725 0
      vertex -10.257713325618074 -50.0059268797902 0
    endloop
  endfacet
  facet normal 0 0 -1
    outer loop
      vertex -10.14619195771697 -50.02953613448824 0
      vertex -10.131178745948851 -48.80621099371489 0
      vertex -9.725252552503994 -48.89214622810104 0
    endloop
  endfacet
  facet normal 0 0 -1
    outer loop
      vertex -10.14619195771697 -50.02953613448824 0
      vertex -9.725252552503994 -48.89214622810104 0
      vertex -8.522450154701016 -49.11609047308872 0
    endloop
  endfacet
  facet normal -0.11022220729388692 -0.9939069700023555 0
    outer loop
      vertex -7.344640511952972 -59.5487720759226 0
      vertex -5.881028419773636 -59.71108360033182 0
      vertex -5.881028419773636 -59.71108360033182 1.5
    endloop
  endfacet
  facet normal -0.11022220729388692 -0.9939069700023555 0
    outer loop
      vertex -7.344640511952972 -59.5487720759226 0
      vertex -5.881028419773636 -59.71108360033182 1.5
      vertex -7.344640511952972 -59.5487720759226 1.5
    endloop
  endfacet
  facet normal 0 0 -1
    outer loop
      vertex -7.344640511952972 -59.5487720759226 0
      vertex -5.881028419773636 -50.706894725955436 0
      vertex -5.881028419773636 -59.71108360033182 0
    endloop
  endfacet
  facet normal 0 0 1
    outer loop
      vertex -7.344640511952972 -59.5487720759226 1.5
      vertex -5.881028419773636 -59.71108360033182 1.5
      vertex -6.249064968919987 -50.66608024126414 1.5
    endloop
  endfacet
  facet normal -0.08579731234443426 -0.9963126121827786 0
    outer loop
      vertex -5.881028419773636 -59.71108360033182 0
      vertex -4.413873815980046 -59.83742740072141 0
      vertex -4.413873815980046 -59.83742740072141 1.5
    endloop
  endfacet
  facet normal -0.08579731234443426 -0.9963126121827786 0
    outer loop
      vertex -5.881028419773636 -59.71108360033182 0
      vertex -4.413873815980046 -59.83742740072141 1.5
      vertex -5.881028419773636 -59.71108360033182 1.5
    endloop
  endfacet
  facet normal -0.06132073630221063 -0.998118112900149 0
    outer loop
      vertex -4.413873815980046 -59.83742740072141 0
      vertex -2.944060459645081 -59.92772737231034 1.5
      vertex -4.413873815980046 -59.83742740072141 1.5
    endloop
  endfacet
  facet normal 0 0 -1
    outer loop
      vertex -5.881028419773636 -59.71108360033182 0
      vertex -4.413873815980046 -50.85497955048929 0
      vertex -4.413873815980046 -59.83742740072141 0
    endloop
  endfacet
  facet normal 0 0 1
    outer loop
      vertex -5.881028419773636 -59.71108360033182 1.5
      vertex -4.413873815980046 -59.83742740072141 1.5
      vertex -5.003775013824068 -50.80418029661565 1.5
    endloop
  endfacet
  facet normal 0 0 -1
    outer loop
      vertex -7.344640511952972 -59.5487720759226 0
      vertex -7.344640511952972 -50.51728324796439 0
      vertex -7.233986343467334 -50.532311885351795 0
    endloop
  endfacet
  facet normal 0 0 -1
    outer loop
      vertex -7.344640511952972 -59.5487720759226 0
      vertex -7.233986343467334 -50.532311885351795 0
      vertex -5.881028419773636 -50.706894725955436 0
    endloop
  endfacet
  facet normal 0 0 -1
    outer loop
      vertex -5.881028419773636 -59.71108360033182 0
      vertex -5.881028419773636 -50.706894725955436 0
      vertex -5.770675040449511 -50.719132685260035 0
    endloop
  endfacet
  facet normal 0 0 1
    outer loop
      vertex -7.344640511952972 -59.5487720759226 1.5
      vertex -6.249064968919987 -50.66608024126414 1.5
      vertex -7.490590720946217 -50.49746083370207 1.5
    endloop
  endfacet
  facet normal 0 0 1
    outer loop
      vertex -5.881028419773636 -59.71108360033182 1.5
      vertex -5.003775013824068 -50.80418029661565 1.5
      vertex -6.249064968919987 -50.66608024126414 1.5
    endloop
  endfacet
  facet normal 0 0 -1
    outer loop
      vertex -5.881028419773636 -59.71108360033182 0
      vertex -5.770675040449511 -50.719132685260035 0
      vertex -4.413873815980046 -50.85497955048929 0
    endloop
  endfacet
  facet normal 0 0 -1
    outer loop
      vertex -4.413873815980046 -59.83742740072141 0
      vertex -4.413873815980046 -50.85497955048929 0
      vertex -4.303753442417286 -50.864462550072474 0
    endloop
  endfacet
  facet normal 0 0 -1
    outer loop
      vertex -4.413873815980046 -59.83742740072141 0
      vertex -4.303753442417286 -50.864462550072474 0
      vertex -2.944060459645081 -50.961527915758026 0
    endloop
  endfacet
  facet normal 0 0 1
    outer loop
      vertex -4.413873815980046 -59.83742740072141 1.5
      vertex -3.755470971763022 -50.911677813447135 1.5
      vertex -5.003775013824068 -50.80418029661565 1.5
    endloop
  endfacet
  facet normal -0.06132073630221063 -0.998118112900149 0
    outer loop
      vertex -4.413873815980046 -59.83742740072141 0
      vertex -2.944060459645081 -59.92772737231034 0
      vertex -2.944060459645081 -59.92772737231034 1.5
    endloop
  endfacet
  facet normal -0.03680722294135924 -0.9993223845883494 0
    outer loop
      vertex -2.944060459645081 -59.92772737231034 0
      vertex -1.4724737113747373 -59.981929121772254 0
      vertex -1.4724737113747373 -59.981929121772254 1.5
    endloop
  endfacet
  facet normal -0.03680722294135924 -0.9993223845883494 0
    outer loop
      vertex -2.944060459645081 -59.92772737231034 0
      vertex -1.4724737113747373 -59.981929121772254 1.5
      vertex -2.944060459645081 -59.92772737231034 1.5
    endloop
  endfacet
  facet normal 0 0 -1
    outer loop
      vertex -4.413873815980046 -59.83742740072141 0
      vertex -2.944060459645081 -50.961527915758026 0
      vertex -2.944060459645081 -59.92772737231034 0
    endloop
  endfacet
  facet normal 0 0 -1
    outer loop
      vertex -2.944060459645081 -59.92772737231034 0
      vertex -1.4724737113747373 -51.02653472705264 0
      vertex -1.4724737113747373 -59.981929121772254 0
    endloop
  endfacet
  facet normal 0 0 1
    outer loop
      vertex -4.413873815980046 -59.83742740072141 1.5
      vertex -2.944060459645081 -59.92772737231034 1.5
      vertex -3.755470971763022 -50.911677813447135 1.5
    endloop
  endfacet
  facet normal 0 0 1
    outer loop
      vertex -2.944060459645081 -59.92772737231034 1.5
      vertex -1.4724737113747373 -59.981929121772254 1.5
      vertex -2.5049047744146895 -50.98850803927405 1.5
    endloop
  endfacet
  facet normal -0.012271538285719617 -0.9999247018391446 0
    outer loop
      vertex -1.4724737113747373 -59.981929121772254 0
      vertex 0 -60 0
      vertex 0 -60 1.5
    endloop
  endfacet
  facet normal -0.012271538285719617 -0.9999247018391446 0
    outer loop
      vertex -1.4724737113747373 -59.981929121772254 0
      vertex 0 -60 1.5
      vertex -1.4724737113747373 -59.981929121772254 1.5
    endloop
  endfacet
  facet normal 0 0 -1
    outer loop
      vertex -1.4724737113747373 -59.981929121772254 0
      vertex -1.362618627437296 -51.030580929387426 0
      vertex 0 -60 0
    endloop
  endfacet
  facet normal 0 0 1
    outer loop
      vertex -1.4724737113747373 -59.981929121772254 1.5
      vertex 0 -60 1.5
      vertex -1.2528297160946722 -51.03462469444123 1.5
    endloop
  endfacet
  facet normal 0 0 -1
    outer loop
      vertex -2.944060459645081 -59.92772737231034 0
      vertex -2.944060459645081 -50.961527915758026 0
      vertex -2.8341060170635233 -50.96828311566038 0
    endloop
  endfacet
  facet normal 0 0 -1
    outer loop
      vertex -2.944060459645081 -59.92772737231034 0
      vertex -2.8341060170635233 -50.96828311566038 0
      vertex -1.4724737113747373 -51.02653472705264 0
    endloop
  endfacet
  facet normal 0 0 1
    outer loop
      vertex -2.944060459645081 -59.92772737231034 1.5
      vertex -2.5049047744146895 -50.98850803927405 1.5
      vertex -3.755470971763022 -50.911677813447135 1.5
    endloop
  endfacet
  facet normal 0 0 -1
    outer loop
      vertex -1.4724737113747373 -59.981929121772254 0
      vertex -1.4724737113747373 -51.02653472705264 0
      vertex -1.362618627437296 -51.030580929387426 0
    endloop
  endfacet
  facet normal 0 0 -1
    outer loop
      vertex -1.362618627437296 -51.030580929387426 0
      vertex 0 -49.85 0
      vertex 0 -60 0
    endloop
  endfacet
  facet normal 0 0 1
    outer loop
      vertex -1.4724737113747373 -59.981929121772254 1.5
      vertex -1.2528297160946722 -51.03462469444123 1.5
      vertex -2.5049047744146895 -50.98850803927405 1.5
    endloop
  endfacet
  facet normal 0 0 1
    outer loop
      vertex -1.2528297160946722 -51.03462469444123 1.5
      vertex 0 -60 1.5
      vertex 0 -51.05 1.5
    endloop
  endfacet
  facet normal 0 0 -1
    outer loop
      vertex -7.233986343467334 -50.532311885351795 0
      vertex -7.219150030374288 -49.32340102181157 0
      vertex -6.102172158680927 -49.475104799745694 0
    endloop
  endfacet
  facet normal 0 0 -1
    outer loop
      vertex -5.881028419773636 -50.706894725955436 0
      vertex -7.233986343467334 -50.532311885351795 0
      vertex -6.102172158680927 -49.475104799745694 0
    endloop
  endfacet
  facet normal 0 0 -1
    outer loop
      vertex -5.881028419773636 -50.706894725955436 0
      vertex -6.102172158680927 -49.475104799745694 0
      vertex -5.881028419773636 -49.49962917855302 0
    endloop
  endfacet
  facet normal 0 0 -1
    outer loop
      vertex -5.770675040449511 -50.719132685260035 0
      vertex -5.755879056629516 -49.513507981563265 0
      vertex -4.886154445428597 -49.60995862460902 0
    endloop
  endfacet
  facet normal 0 0 -1
    outer loop
      vertex -5.770675040449511 -50.719132685260035 0
      vertex -4.413873815980046 -49.6506290007375 0
      vertex -4.413873815980046 -50.85497955048929 0
    endloop
  endfacet
  facet normal 0 0 -1
    outer loop
      vertex -5.770675040449511 -50.719132685260035 0
      vertex -4.886154445428597 -49.60995862460902 0
      vertex -4.413873815980046 -49.6506290007375 0
    endloop
  endfacet
  facet normal 0 0 -1
    outer loop
      vertex -4.303753442417286 -50.864462550072474 0
      vertex -4.288988699593229 -49.66138346395195 0
      vertex -3.667193495443421 -49.71492926543271 0
    endloop
  endfacet
  facet normal 0 0 -1
    outer loop
      vertex -4.303753442417286 -50.864462550072474 0
      vertex -2.944060459645081 -49.75935592158341 0
      vertex -2.944060459645081 -50.961527915758026 0
    endloop
  endfacet
  facet normal 0 0 -1
    outer loop
      vertex -4.303753442417286 -50.864462550072474 0
      vertex -3.667193495443421 -49.71492926543271 0
      vertex -2.944060459645081 -49.75935592158341 0
    endloop
  endfacet
  facet normal 0 0 -1
    outer loop
      vertex -2.8341060170635233 -50.96828311566038 0
      vertex -2.819363521968789 -49.767016846612336 0
      vertex -2.4460235652217883 -49.789953491827845 0
    endloop
  endfacet
  facet normal 0 0 -1
    outer loop
      vertex -2.8341060170635233 -50.96828311566038 0
      vertex -2.4460235652217883 -49.789953491827845 0
      vertex -1.4724737113747373 -49.82581145625225 0
    endloop
  endfacet
  facet normal 0 0 -1
    outer loop
      vertex -2.8341060170635233 -50.96828311566038 0
      vertex -1.4724737113747373 -49.82581145625225 0
      vertex -1.4724737113747373 -51.02653472705264 0
    endloop
  endfacet
  facet normal 0 0 -1
    outer loop
      vertex -1.362618627437296 -51.030580929387426 0
      vertex -1.3478894541719408 -49.830400166162654 0
      vertex -1.2233802418671775 -49.83498611200579 0
    endloop
  endfacet
  facet normal 0 0 -1
    outer loop
      vertex -1.362618627437296 -51.030580929387426 0
      vertex -1.2233802418671775 -49.83498611200579 0
      vertex 0 -49.85 0
    endloop
  endfacet
  facet normal 0 0 -1
    outer loop
      vertex -59.981929121772254 -1.4724737113747373 0
      vertex -60 0 0
      vertex -59.981929121772254 1.4724737113747373 0
    endloop
  endfacet
  facet normal 0 0 -1
    outer loop
      vertex -59.981929121772254 -1.4724737113747373 0
      vertex -59.981929121772254 1.4724737113747373 0
      vertex -59.92772737231034 2.944060459645081 0
    endloop
  endfacet
  facet normal 0 0 -1
    outer loop
      vertex -59.92772737231034 -2.944060459645081 0
      vertex -59.92772737231034 2.944060459645081 0
      vertex -59.83742740072141 4.413873815980046 0
    endloop
  endfacet
  facet normal -0.9999247018391446 0.012271538285719617 0
    outer loop
      vertex -60 0 0
      vertex -59.981929121772254 1.4724737113747373 1.5
      vertex -59.981929121772254 1.4724737113747373 0
    endloop
  endfacet
  facet normal -0.9999247018391446 0.012271538285719617 0
    outer loop
      vertex -60 0 0
      vertex -60 0 1.5
      vertex -59.981929121772254 1.4724737113747373 1.5
    endloop
  endfacet
  facet normal 0 0 1
    outer loop
      vertex -59.981929121772254 -1.4724737113747373 1.5
      vertex -59.981929121772254 1.4724737113747373 1.5
      vertex -60 0 1.5
    endloop
  endfacet
  facet normal 0 0 1
    outer loop
      vertex -59.92772737231034 -2.944060459645081 1.5
      vertex -59.92772737231034 2.944060459645081 1.5
      vertex -59.981929121772254 1.4724737113747373 1.5
    endloop
  endfacet
  facet normal 0 0 1
    outer loop
      vertex -59.83742740072141 -4.413873815980046 1.5
      vertex -59.83742740072141 4.413873815980046 1.5
      vertex -59.92772737231034 2.944060459645081 1.5
    endloop
  endfacet
  facet normal 0 0 1
    outer loop
      vertex -59.71108360033182 -5.881028419773636 1.5
      vertex -59.71108360033182 5.881028419773636 1.5
      vertex -59.83742740072141 4.413873815980046 1.5
    endloop
  endfacet
  facet normal 0 0 -1
    outer loop
      vertex -59.83742740072141 -4.413873815980046 0
      vertex -59.83742740072141 4.413873815980046 0
      vertex -59.71108360033182 5.881028419773636 0
    endloop
  endfacet
  facet normal 0 0 -1
    outer loop
      vertex -59.71108360033182 -5.881028419773636 0
      vertex -59.71108360033182 5.881028419773636 0
      vertex -59.5487720759226 7.344640511952972 0
    endloop
  endfacet
  facet normal -0.9993223845883494 0.03680722294135924 0
    outer loop
      vertex -59.981929121772254 1.4724737113747373 0
      vertex -59.92772737231034 2.944060459645081 1.5
      vertex -59.92772737231034 2.944060459645081 0
    endloop
  endfacet
  facet normal 0 0 -1
    outer loop
      vertex -59.5487720759226 -7.344640511952972 0
      vertex -59.5487720759226 7.344640511952972 0
      vertex -59.350590597886864 8.803828467321704 0
    endloop
  endfacet
  facet normal 0 0 -1
    outer loop
      vertex -59.350590597886864 -8.803828467321704 0
      vertex -59.350590597886864 8.803828467321704 0
      vertex -59.11665854333647 10.257713325618074 0
    endloop
  endfacet
  facet normal -0.9993223845883494 0.03680722294135924 0
    outer loop
      vertex -59.981929121772254 1.4724737113747373 0
      vertex -59.981929121772254 1.4724737113747373 1.5
      vertex -59.92772737231034 2.944060459645081 1.5
    endloop
  endfacet
  facet normal 0 0 1
    outer loop
      vertex -59.5487720759226 -7.344640511952972 1.5
      vertex -59.5487720759226 7.344640511952972 1.5
      vertex -59.71108360033182 5.881028419773636 1.5
    endloop
  endfacet
  facet normal 0 0 1
    outer loop
      vertex -59.350590597886864 -8.803828467321704 1.5
      vertex -59.350590597886864 8.803828467321704 1.5
      vertex -59.5487720759226 7.344640511952972 1.5
    endloop
  endfacet
  facet normal -0.998118112900149 0.06132073630221063 0
    outer loop
      vertex -59.92772737231034 2.944060459645081 0
      vertex -59.92772737231034 2.944060459645081 1.5
      vertex -59.83742740072141 4.413873815980046 1.5
    endloop
  endfacet
  facet normal 0 0 1
    outer loop
      vertex -59.11665854333647 -10.257713325618074 1.5
      vertex -59.11665854333647 10.257713325618074 1.5
      vertex -59.350590597886864 8.803828467321704 1.5
    endloop
  endfacet
  facet normal 0 0 1
    outer loop
      vertex -58.847116824193826 -11.705419320967694 1.5
      vertex -58.847116824193826 11.705419320967694 1.5
      vertex -59.11665854333647 10.257713325618074 1.5
    endloop
  endfacet
  facet normal -0.998118112900149 0.06132073630221063 0
    outer loop
      vertex -59.92772737231034 2.944060459645081 0
      vertex -59.83742740072141 4.413873815980046 1.5
      vertex -59.83742740072141 4.413873815980046 0
    endloop
  endfacet
  facet normal -0.9963126121827786 0.08579731234443426 0
    outer loop
      vertex -59.83742740072141 4.413873815980046 0
      vertex -59.71108360033182 5.881028419773636 1.5
      vertex -59.71108360033182 5.881028419773636 0
    endloop
  endfacet
  facet normal 0 0 -1
    outer loop
      vertex -59.11665854333647 -10.257713325618074 0
      vertex -59.11665854333647 10.257713325618074 0
      vertex -58.847116824193826 11.705419320967694 0
    endloop
  endfacet
  facet normal 0 0 -1
    outer loop
      vertex -58.847116824193826 -11.705419320967694 0
      vertex -58.847116824193826 11.705419320967694 0
      vertex -58.54212780231171 13.146074409412188 0
    endloop
  endfacet
  facet normal 0 0 -1
    outer loop
      vertex -58.54212780231171 -13.146074409412188 0
      vertex -58.54212780231171 13.146074409412188 0
      vertex -58.20187519167264 14.578810794195832 0
    endloop
  endfacet
  facet normal -0.9963126121827786 0.08579731234443426 0
    outer loop
      vertex -59.83742740072141 4.413873815980046 0
      vertex -59.83742740072141 4.413873815980046 1.5
      vertex -59.71108360033182 5.881028419773636 1.5
    endloop
  endfacet
  facet normal 0 0 1
    outer loop
      vertex -58.54212780231171 -13.146074409412188 1.5
      vertex -58.54212780231171 13.146074409412188 1.5
      vertex -58.847116824193826 11.705419320967694 1.5
    endloop
  endfacet
  facet normal 0 0 1
    outer loop
      vertex -58.20187519167264 -14.578810794195832 1.5
      vertex -58.20187519167264 14.578810794195832 1.5
      vertex -58.54212780231171 13.146074409412188 1.5
    endloop
  endfacet
  facet normal -0.9939069700023555 0.11022220729388692 0
    outer loop
      vertex -59.71108360033182 5.881028419773636 0
      vertex -59.5487720759226 7.344640511952972 1.5
      vertex -59.5487720759226 7.344640511952972 0
    endloop
  endfacet
  facet normal -0.9939069700023555 0.11022220729388692 0
    outer loop
      vertex -59.71108360033182 5.881028419773636 0
      vertex -59.71108360033182 5.881028419773636 1.5
      vertex -59.5487720759226 7.344640511952972 1.5
    endloop
  endfacet
  facet normal 0 0 -1
    outer loop
      vertex -58.20187519167264 -14.578810794195832 0
      vertex -58.20187519167264 14.578810794195832 0
      vertex -57.82656394772639 16.002765448493903 0
    endloop
  endfacet
  facet normal 0 0 1
    outer loop
      vertex -57.82656394772639 -16.002765448493903 1.5
      vertex -57.82656394772639 16.002765448493903 1.5
      vertex -58.20187519167264 14.578810794195832 1.5
    endloop
  endfacet
  facet normal 0 0 1
    outer loop
      vertex -57.41642014393253 -17.41708063526774 1.5
      vertex -57.41642014393253 17.41708063526774 1.5
      vertex -57.82656394772639 16.002765448493903 1.5
    endloop
  endfacet
  facet normal 0 0 -1
    outer loop
      vertex -57.82656394772639 -16.002765448493903 0
      vertex -57.82656394772639 16.002765448493903 0
      vertex -57.41642014393253 17.41708063526774 0
    endloop
  endfacet
  facet normal 0 0 -1
    outer loop
      vertex -57.41642014393253 -17.41708063526774 0
      vertex -57.41642014393253 17.41708063526774 0
      vertex -56.9716908355822 18.82090442393349 0
    endloop
  endfacet
  facet normal 0 0 -1
    outer loop
      vertex -56.9716908355822 -18.82090442393349 0
      vertex -56.9716908355822 18.82090442393349 0
      vertex -56.49264391098125 20.213391203533202 0
    endloop
  endfacet
  facet normal 0 0 -1
    outer loop
      vertex -56.49264391098125 -20.213391203533202 0
      vertex -56.49264391098125 20.213391203533202 0
      vertex -55.97956793008433 21.59370219209929 0
    endloop
  endfacet
  facet normal 0 0 1
    outer loop
      vertex -56.9716908355822 -18.82090442393349 1.5
      vertex -56.9716908355822 18.82090442393349 1.5
      vertex -57.41642014393253 17.41708063526774 1.5
    endloop
  endfacet
  facet normal 0 0 1
    outer loop
      vertex -56.49264391098125 -20.213391203533202 1.5
      vertex -56.49264391098125 20.213391203533202 1.5
      vertex -56.9716908355822 18.82090442393349 1.5
    endloop
  endfacet
  facet normal 0 0 1
    outer loop
      vertex -55.97956793008433 -21.59370219209929 1.5
      vertex -55.97956793008433 21.59370219209929 1.5
      vertex -56.49264391098125 20.213391203533202 1.5
    endloop
  endfacet
  facet normal 0 0 1
    outer loop
      vertex -55.43277195067721 -22.961005941905388 1.5
      vertex -55.43277195067721 22.961005941905388 1.5
      vertex -55.97956793008433 21.59370219209929 1.5
    endloop
  endfacet
  facet normal -0.9909026354277807 0.13458070850712217 0
    outer loop
      vertex -59.5487720759226 7.344640511952972 0
      vertex -59.350590597886864 8.803828467321704 1.5
      vertex -59.350590597886864 8.803828467321704 0
    endloop
  endfacet
  facet normal -0.9909026354277807 0.13458070850712217 0
    outer loop
      vertex -59.5487720759226 7.344640511952972 0
      vertex -59.5487720759226 7.344640511952972 1.5
      vertex -59.350590597886864 8.803828467321704 1.5
    endloop
  endfacet
  facet normal -0.9873014181578573 0.158858143333868 0
    outer loop
      vertex -59.350590597886864 8.803828467321704 0
      vertex -59.350590597886864 8.803828467321704 1.5
      vertex -59.11665854333647 10.257713325618074 1.5
    endloop
  endfacet
  facet normal -0.9873014181578573 0.158858143333868 0
    outer loop
      vertex -59.350590597886864 8.803828467321704 0
      vertex -59.11665854333647 10.257713325618074 1.5
      vertex -59.11665854333647 10.257713325618074 0
    endloop
  endfacet
  facet normal -0.9831054874312166 0.18303988795513895 0
    outer loop
      vertex -59.11665854333647 10.257713325618074 0
      vertex -58.847116824193826 11.705419320967694 1.5
      vertex -58.847116824193826 11.705419320967694 0
    endloop
  endfacet
  facet normal -0.9831054874312166 0.18303988795513895 0
    outer loop
      vertex -59.11665854333647 10.257713325618074 0
      vertex -59.11665854333647 10.257713325618074 1.5
      vertex -58.847116824193826 11.705419320967694 1.5
    endloop
  endfacet
  facet normal -0.9783173707196275 0.20711137619221853 0
    outer loop
      vertex -58.847116824193826 11.705419320967694 0
      vertex -58.54212780231171 13.146074409412188 1.5
      vertex -58.54212780231171 13.146074409412188 0
    endloop
  endfacet
  facet normal -0.9783173707196275 0.20711137619221853 0
    outer loop
      vertex -58.847116824193826 11.705419320967694 0
      vertex -58.847116824193826 11.705419320967694 1.5
      vertex -58.54212780231171 13.146074409412188 1.5
    endloop
  endfacet
  facet normal -0.9729399522055606 0.23105810828066917 0
    outer loop
      vertex -58.54212780231171 13.146074409412188 0
      vertex -58.20187519167264 14.578810794195832 1.5
      vertex -58.20187519167264 14.578810794195832 0
    endloop
  endfacet
  facet normal -0.9729399522055606 0.23105810828066917 0
    outer loop
      vertex -58.54212780231171 13.146074409412188 0
      vertex -58.54212780231171 13.146074409412188 1.5
      vertex -58.20187519167264 14.578810794195832 1.5
    endloop
  endfacet
  facet normal 0 0 -1
    outer loop
      vertex -55.97956793008433 -21.59370219209929 0
      vertex -55.97956793008433 21.59370219209929 0
      vertex -55.43277195067721 22.961005941905388 0
    endloop
  endfacet
  facet normal 0 0 -1
    outer loop
      vertex -55.43277195067721 -22.961005941905388 0
      vertex -55.43277195067721 22.961005941905388 0
      vertex -54.85258534221184 24.31447884029939 0
    endloop
  endfacet
  facet normal 0 0 -1
    outer loop
      vertex -54.85258534221184 -24.31447884029939 0
      vertex -54.85258534221184 24.31447884029939 0
      vertex -54.2393575874066 25.653305605816925 0
    endloop
  endfacet
  facet normal 0 0 1
    outer loop
      vertex -54.85258534221184 -24.31447884029939 1.5
      vertex -54.85258534221184 24.31447884029939 1.5
      vertex -55.43277195067721 22.961005941905388 1.5
    endloop
  endfacet
  facet normal 0 0 1
    outer loop
      vertex -54.2393575874066 -25.653305605816925 1.5
      vertex -54.2393575874066 25.653305605816925 1.5
      vertex -54.85258534221184 24.31447884029939 1.5
    endloop
  endfacet
  facet normal 0 0 -1
    outer loop
      vertex -54.2393575874066 -25.653305605816925 0
      vertex -54.2393575874066 25.653305605816925 0
      vertex -53.59345807173092 26.976679779276395 0
    endloop
  endfacet
  facet normal 0 0 1
    outer loop
      vertex -53.59345807173092 -26.976679779276395 1.5
      vertex -53.59345807173092 26.976679779276395 1.5
      vertex -54.2393575874066 25.653305605816925 1.5
    endloop
  endfacet
  facet normal 0 0 1
    outer loop
      vertex -52.9152758609013 -28.283804209559857 1.5
      vertex -52.9152758609013 28.283804209559857 1.5
      vertex -53.59345807173092 26.976679779276395 1.5
    endloop
  endfacet
  facet normal 0 0 -1
    outer loop
      vertex -53.59345807173092 -26.976679779276395 0
      vertex -53.59345807173092 26.976679779276395 0
      vertex -52.9152758609013 28.283804209559857 0
    endloop
  endfacet
  facet normal 0 0 -1
    outer loop
      vertex -52.9152758609013 -28.283804209559857 0
      vertex -52.9152758609013 28.283804209559857 0
      vertex -52.205219466522685 29.57389153378704 0
    endloop
  endfacet
  facet normal 0 0 -1
    outer loop
      vertex -49.888176738152715 -33.334213981176134 0
      vertex -49.888176738152715 33.334213981176134 0
      vertex -49.85 0 0
    endloop
  endfacet
  facet normal 0 0 -1
    outer loop
      vertex -52.205219466522685 -29.57389153378704 0
      vertex -52.205219466522685 29.57389153378704 0
      vertex -51.46371660001632 30.846164651593305 0
    endloop
  endfacet
  facet normal 0 0 -1
    outer loop
      vertex -51.46371660001632 -30.846164651593305 0
      vertex -51.46371660001632 30.846164651593305 0
      vertex -50.69121391498243 32.09985719322583 0
    endloop
  endfacet
  facet normal 0 0 1
    outer loop
      vertex -52.205219466522685 -29.57389153378704 1.5
      vertex -52.205219466522685 29.57389153378704 1.5
      vertex -52.9152758609013 28.283804209559857 1.5
    endloop
  endfacet
  facet normal 0 0 1
    outer loop
      vertex -51.46371660001632 -30.846164651593305 1.5
      vertex -51.46371660001632 30.846164651593305 1.5
      vertex -52.205219466522685 29.57389153378704 1.5
    endloop
  endfacet
  facet normal 0 0 1
    outer loop
      vertex -51.03462469444123 -1.2528297160946722 1.5
      vertex -51.05 0 1.5
      vertex -51.46371660001632 30.846164651593305 1.5
    endloop
  endfacet
  facet normal 0 0 1
    outer loop
      vertex -51.05 0 1.5
      vertex -51.03462469444123 1.2528297160946722 1.5
      vertex -51.46371660001632 30.846164651593305 1.5
    endloop
  endfacet
  facet normal 0 0 -1
    outer loop
      vertex -49.888176738152715 -33.334213981176134 0
      vertex -50.69121391498243 32.09985719322583 0
      vertex -49.888176738152715 33.334213981176134 0
    endloop
  endfacet
  facet normal 0 0 1
    outer loop
      vertex -51.03462469444123 1.2528297160946722 1.5
      vertex -50.98850803927405 2.5049047744146895 1.5
      vertex -51.46371660001632 30.846164651593305 1.5
    endloop
  endfacet
  facet normal 0 0 1
    outer loop
      vertex -50.98850803927405 2.5049047744146895 1.5
      vertex -50.911677813447135 3.755470971763022 1.5
      vertex -51.46371660001632 30.846164651593305 1.5
    endloop
  endfacet
  facet normal 0 0 1
    outer loop
      vertex -50.911677813447135 3.755470971763022 1.5
      vertex -50.80418029661565 5.003775013824068 1.5
      vertex -51.46371660001632 30.846164651593305 1.5
    endloop
  endfacet
  facet normal 0 0 1
    outer loop
      vertex -50.80418029661565 5.003775013824068 1.5
      vertex -50.66608024126414 6.249064968919987 1.5
      vertex -51.46371660001632 30.846164651593305 1.5
    endloop
  endfacet
  facet normal 0 0 -1
    outer loop
      vertex -49.888176738152715 33.334213981176134 0
      vertex -49.83498611200579 1.2233802418671775 0
      vertex -49.85 0 0
    endloop
  endfacet
  facet normal 0 0 -1
    outer loop
      vertex -49.888176738152715 33.334213981176134 0
      vertex -49.789953491827845 2.4460235652217883 0
      vertex -49.83498611200579 1.2233802418671775 0
    endloop
  endfacet
  facet normal 0 0 -1
    outer loop
      vertex -49.888176738152715 33.334213981176134 0
      vertex -49.71492926543271 3.667193495443421 0
      vertex -49.789953491827845 2.4460235652217883 0
    endloop
  endfacet
  facet normal 0 0 -1
    outer loop
      vertex -49.888176738152715 33.334213981176134 0
      vertex -49.60995862460902 4.886154445428597 0
      vertex -49.71492926543271 3.667193495443421 0
    endloop
  endfacet
  facet normal 0 0 -1
    outer loop
      vertex -49.888176738152715 33.334213981176134 0
      vertex -49.475104799745694 6.102172158680927 0
      vertex -49.60995862460902 4.886154445428597 0
    endloop
  endfacet
  facet normal -0.9669764710448518 0.2548656596045156 0
    outer loop
      vertex -58.20187519167264 14.578810794195832 0
      vertex -57.82656394772639 16.002765448493903 1.5
      vertex -57.82656394772639 16.002765448493903 0
    endloop
  endfacet
  facet normal -0.9669764710448518 0.2548656596045156 0
    outer loop
      vertex -58.20187519167264 14.578810794195832 0
      vertex -58.20187519167264 14.578810794195832 1.5
      vertex -57.82656394772639 16.002765448493903 1.5
    endloop
  endfacet
  facet normal -0.9604305194155649 0.2785196893850564 0
    outer loop
      vertex -57.82656394772639 16.002765448493903 0
      vertex -57.82656394772639 16.002765448493903 1.5
      vertex -57.41642014393253 17.41708063526774 1.5
    endloop
  endfacet
  facet normal -0.9604305194155649 0.2785196893850564 0
    outer loop
      vertex -57.82656394772639 16.002765448493903 0
      vertex -57.41642014393253 17.41708063526774 1.5
      vertex -57.41642014393253 17.41708063526774 0
    endloop
  endfacet
  facet normal -0.9533060403541952 0.30200594931922325 0
    outer loop
      vertex -57.41642014393253 17.41708063526774 0
      vertex -56.9716908355822 18.82090442393349 1.5
      vertex -56.9716908355822 18.82090442393349 0
    endloop
  endfacet
  facet normal -0.9533060403541952 0.30200594931922325 0
    outer loop
      vertex -57.41642014393253 17.41708063526774 0
      vertex -57.41642014393253 17.41708063526774 1.5
      vertex -56.9716908355822 18.82090442393349 1.5
    endloop
  endfacet
  facet normal -0.9456073253805216 0.32531029216226215 0
    outer loop
      vertex -56.9716908355822 18.82090442393349 0
      vertex -56.49264391098125 20.213391203533202 1.5
      vertex -56.49264391098125 20.213391203533202 0
    endloop
  endfacet
  facet normal -0.9456073253805216 0.32531029216226215 0
    outer loop
      vertex -56.9716908355822 18.82090442393349 0
      vertex -56.9716908355822 18.82090442393349 1.5
      vertex -56.49264391098125 20.213391203533202 1.5
    endloop
  endfacet
  facet normal -0.9373390119125733 0.34841868024943917 0
    outer loop
      vertex -56.49264391098125 20.213391203533202 0
      vertex -56.49264391098125 20.213391203533202 1.5
      vertex -55.97956793008433 21.59370219209929 1.5
    endloop
  endfacet
  facet normal -0.9373390119125733 0.34841868024943917 0
    outer loop
      vertex -56.49264391098125 20.213391203533202 0
      vertex -55.97956793008433 21.59370219209929 1.5
      vertex -55.97956793008433 21.59370219209929 0
    endloop
  endfacet
  facet normal -0.928506080473217 0.371317193951834 0
    outer loop
      vertex -55.97956793008433 21.59370219209929 0
      vertex -55.97956793008433 21.59370219209929 1.5
      vertex -55.43277195067721 22.961005941905388 1.5
    endloop
  endfacet
  facet normal -0.928506080473217 0.371317193951834 0
    outer loop
      vertex -55.97956793008433 21.59370219209929 0
      vertex -55.43277195067721 22.961005941905388 1.5
      vertex -55.43277195067721 22.961005941905388 0
    endloop
  endfacet
  facet normal -0.9191138516900569 0.3939920400610501 0
    outer loop
      vertex -55.43277195067721 22.961005941905388 0
      vertex -54.85258534221184 24.31447884029939 1.5
      vertex -54.85258534221184 24.31447884029939 0
    endloop
  endfacet
  facet normal -0.9191138516900569 0.3939920400610501 0
    outer loop
      vertex -55.43277195067721 22.961005941905388 0
      vertex -55.43277195067721 22.961005941905388 1.5
      vertex -54.85258534221184 24.31447884029939 1.5
    endloop
  endfacet
  facet normal -0.9091679830905232 0.4164295600976356 0
    outer loop
      vertex -54.85258534221184 24.31447884029939 0
      vertex -54.2393575874066 25.653305605816925 1.5
      vertex -54.2393575874066 25.653305605816925 0
    endloop
  endfacet
  facet normal -0.9091679830905232 0.4164295600976356 0
    outer loop
      vertex -54.85258534221184 24.31447884029939 0
      vertex -54.85258534221184 24.31447884029939 1.5
      vertex -54.2393575874066 25.653305605816925 1.5
    endloop
  endfacet
  facet normal -0.8986744656939539 0.4386162385385272 0
    outer loop
      vertex -54.2393575874066 25.653305605816925 0
      vertex -54.2393575874066 25.653305605816925 1.5
      vertex -53.59345807173092 26.976679779276395 1.5
    endloop
  endfacet
  facet normal -0.8986744656939539 0.4386162385385272 0
    outer loop
      vertex -54.2393575874066 25.653305605816925 0
      vertex -53.59345807173092 26.976679779276395 1.5
      vertex -53.59345807173092 26.976679779276395 0
    endloop
  endfacet
  facet normal -0.8876396204028536 0.46053871095824067 0
    outer loop
      vertex -53.59345807173092 26.976679779276395 0
      vertex -52.9152758609013 28.283804209559857 1.5
      vertex -52.9152758609013 28.283804209559857 0
    endloop
  endfacet
  facet normal -0.8876396204028536 0.46053871095824067 0
    outer loop
      vertex -53.59345807173092 26.976679779276395 0
      vertex -53.59345807173092 26.976679779276395 1.5
      vertex -52.9152758609013 28.283804209559857 1.5
    endloop
  endfacet
  facet normal -0.876070094195406 0.4821837720791236 0
    outer loop
      vertex -52.9152758609013 28.283804209559857 0
      vertex -52.9152758609013 28.283804209559857 1.5
      vertex -52.205219466522685 29.57389153378704 1.5
    endloop
  endfacet
  facet normal 0 0 -1
    outer loop
      vertex -49.888176738152715 33.334213981176134 0
      vertex -49.31044902174433 7.314514151599783 0
      vertex -49.475104799745694 6.102172158680927 0
    endloop
  endfacet
  facet normal 0 0 -1
    outer loop
      vertex -49.888176738152715 33.334213981176134 0
      vertex -49.11609047308872 8.522450154701016 0
      vertex -49.31044902174433 7.314514151599783 0
    endloop
  endfacet
  facet normal 0 0 1
    outer loop
      vertex -50.66608024126414 6.249064968919987 1.5
      vertex -50.49746083370207 7.490590720946217 1.5
      vertex -50.69121391498243 32.09985719322583 1.5
    endloop
  endfacet
  facet normal 0 0 1
    outer loop
      vertex -50.49746083370207 7.490590720946217 1.5
      vertex -50.298423643955445 8.727604421213377 1.5
      vertex -50.69121391498243 32.09985719322583 1.5
    endloop
  endfacet
  facet normal 0 0 -1
    outer loop
      vertex -49.055088789095024 34.54849148507072 0
      vertex -48.89214622810104 9.725252552503994 0
      vertex -49.11609047308872 8.522450154701016 0
    endloop
  endfacet
  facet normal 0 0 -1
    outer loop
      vertex -49.055088789095024 34.54849148507072 0
      vertex -48.63875118242065 10.92219682181996 0
      vertex -48.89214622810104 9.725252552503994 0
    endloop
  endfacet
  facet normal 0 0 1
    outer loop
      vertex -50.298423643955445 8.727604421213377 1.5
      vertex -50.06908856458491 9.959360938923346 1.5
      vertex -50.69121391498243 32.09985719322583 1.5
    endloop
  endfacet
  facet normal 0 0 1
    outer loop
      vertex -50.06908856458491 9.959360938923346 1.5
      vertex -49.80959373846688 11.185118310008203 1.5
      vertex -50.69121391498243 32.09985719322583 1.5
    endloop
  endfacet
  facet normal 0 0 1
    outer loop
      vertex -49.80959373846688 11.185118310008203 1.5
      vertex -49.52009547558147 12.40413818406162 1.5
      vertex -49.888176738152715 33.334213981176134 1.5
    endloop
  endfacet
  facet normal 0 0 1
    outer loop
      vertex -49.52009547558147 12.40413818406162 1.5
      vertex -49.2007681588572 13.615686269093564 1.5
      vertex -49.888176738152715 33.334213981176134 1.5
    endloop
  endfacet
  facet normal 0 0 1
    outer loop
      vertex -49.2007681588572 13.615686269093564 1.5
      vertex -48.85180413912926 14.819032773840302 1.5
      vertex -49.888176738152715 33.334213981176134 1.5
    endloop
  endfacet
  facet normal 0 0 1
    outer loop
      vertex -48.85180413912926 14.819032773840302 1.5
      vertex -48.47341361927452 16.01345284736341 1.5
      vertex -49.055088789095024 34.54849148507072 1.5
    endloop
  endfacet
  facet normal 0 0 -1
    outer loop
      vertex -49.055088789095024 34.54849148507072 0
      vertex -48.356057971748015 12.112561968177705 0
      vertex -48.63875118242065 10.92219682181996 0
    endloop
  endfacet
  facet normal 0 0 -1
    outer loop
      vertex -48.1924518888387 35.741958269546004 0
      vertex -48.04423687990268 13.295630960123686 0
      vertex -48.356057971748015 12.112561968177705 0
    endloop
  endfacet
  facet normal 0 0 -1
    outer loop
      vertex -48.1924518888387 35.741958269546004 0
      vertex -47.70347573625061 14.470691161134948 0
      vertex -48.04423687990268 13.295630960123686 0
    endloop
  endfacet
  facet normal 0 0 -1
    outer loop
      vertex -48.1924518888387 35.741958269546004 0
      vertex -47.33397980256288 15.637034758884743 0
      vertex -47.70347573625061 14.470691161134948 0
    endloop
  endfacet
  facet normal 0 0 1
    outer loop
      vertex -50.66608024126414 6.249064968919987 1.5
      vertex -50.69121391498243 32.09985719322583 1.5
      vertex -51.46371660001632 30.846164651593305 1.5
    endloop
  endfacet
  facet normal 0 0 -1
    outer loop
      vertex -49.888176738152715 33.334213981176134 0
      vertex -49.055088789095024 34.54849148507072 0
      vertex -49.11609047308872 8.522450154701016 0
    endloop
  endfacet
  facet normal 0 0 1
    outer loop
      vertex -49.80959373846688 11.185118310008203 1.5
      vertex -49.888176738152715 33.334213981176134 1.5
      vertex -50.69121391498243 32.09985719322583 1.5
    endloop
  endfacet
  facet normal -0.876070094195406 0.4821837720791236 0
    outer loop
      vertex -52.9152758609013 28.283804209559857 0
      vertex -52.205219466522685 29.57389153378704 1.5
      vertex -52.205219466522685 29.57389153378704 0
    endloop
  endfacet
  facet normal -0.8639728561215857 0.5035383837257191 0
    outer loop
      vertex -52.205219466522685 29.57389153378704 0
      vertex -52.205219466522685 29.57389153378704 1.5
      vertex -51.46371660001632 30.846164651593305 1.5
    endloop
  endfacet
  facet normal 0 0 1
    outer loop
      vertex -48.85180413912926 14.819032773840302 1.5
      vertex -49.055088789095024 34.54849148507072 1.5
      vertex -49.888176738152715 33.334213981176134 1.5
    endloop
  endfacet
  facet normal 0 0 -1
    outer loop
      vertex -48.1924518888387 35.741958269546004 0
      vertex -46.93597164937359 16.79395919160217 0
      vertex -47.33397980256288 15.637034758884743 0
    endloop
  endfacet
  facet normal 0 0 -1
    outer loop
      vertex -47.30078565759638 36.913895434837606 0
      vertex -46.509691021911735 17.94076757126916 0
      vertex -46.93597164937359 16.79395919160217 0
    endloop
  endfacet
  facet normal 0 0 1
    outer loop
      vertex -48.47341361927452 16.01345284736341 1.5
      vertex -48.06582452759321 17.19822701567283 1.5
      vertex -49.055088789095024 34.54849148507072 1.5
    endloop
  endfacet
  facet normal 0 0 1
    outer loop
      vertex -48.06582452759321 17.19822701567283 1.5
      vertex -47.629282380513416 18.372641615111146 1.5
      vertex -48.1924518888387 35.741958269546004 1.5
    endloop
  endfacet
  facet normal 0 0 1
    outer loop
      vertex -47.629282380513416 18.372641615111146 1.5
      vertex -47.164050134701185 19.53598922223783 1.5
      vertex -48.1924518888387 35.741958269546004 1.5
    endloop
  endfacet
  facet normal 0 0 1
    outer loop
      vertex -47.164050134701185 19.53598922223783 1.5
      vertex -46.670408028665236 20.68756907995473 1.5
      vertex -47.30078565759638 36.913895434837606 1.5
    endloop
  endfacet
  facet normal 0 0 -1
    outer loop
      vertex -46.38062720176422 38.06359704981873 0
      vertex -46.055394695687646 19.076769103399727 0
      vertex -46.509691021911735 17.94076757126916 0
    endloop
  endfacet
  facet normal 0 0 -1
    outer loop
      vertex -45.43253079038907 39.1903705772266 0
      vertex -45.57335632182101 20.201279503148744 0
      vertex -46.055394695687646 19.076769103399727 0
    endloop
  endfacet
  facet normal 0 0 -1
    outer loop
      vertex -49.055088789095024 34.54849148507072 0
      vertex -48.1924518888387 35.741958269546004 0
      vertex -48.356057971748015 12.112561968177705 0
    endloop
  endfacet
  facet normal 0 0 -1
    outer loop
      vertex -48.1924518888387 35.741958269546004 0
      vertex -47.30078565759638 36.913895434837606 0
      vertex -46.93597164937359 16.79395919160217 0
    endloop
  endfacet
  facet normal 0 0 1
    outer loop
      vertex -48.06582452759321 17.19822701567283 1.5
      vertex -48.1924518888387 35.741958269546004 1.5
      vertex -49.055088789095024 34.54849148507072 1.5
    endloop
  endfacet
  facet normal 0 0 -1
    outer loop
      vertex -45.43253079038907 39.1903705772266 0
      vertex -45.06386626220365 21.313621407499564 0
      vertex -45.57335632182101 20.201279503148744 0
    endloop
  endfacet
  facet normal 0 0 1
    outer loop
      vertex -46.670408028665236 20.68756907995473 1.5
      vertex -46.14865341395178 21.8266875196159 1.5
      vertex -47.30078565759638 36.913895434837606 1.5
    endloop
  endfacet
  facet normal 0 0 1
    outer loop
      vertex -46.14865341395178 21.8266875196159 1.5
      vertex -45.599100576031056 22.952658378867664 1.5
      vertex -46.38062720176422 38.06359704981873 1.5
    endloop
  endfacet
  facet normal 0 0 -1
    outer loop
      vertex -44.6478905103368 24.74466183800458 0
      vertex -45.06386626220365 21.313621407499564 0
      vertex -45.43253079038907 39.1903705772266 0
    endloop
  endfacet
  facet normal 0 0 1
    outer loop
      vertex -45.599100576031056 22.952658378867664 1.5
      vertex -45.022080544983524 24.064803414967177 1.5
      vertex -46.38062720176422 38.06359704981873 1.5
    endloop
  endfacet
  facet normal 0 0 -1
    outer loop
      vertex -44.6478905103368 24.74466183800458 0
      vertex -44.68035447055921 22.099393169146577 0
      vertex -45.06386626220365 21.313621407499564 0
    endloop
  endfacet
  facet normal 0 0 -1
    outer loop
      vertex -44.6478905103368 24.74466183800458 0
      vertex -44.457067521297546 40.29353729082111 0
      vertex -44.49197509458391 22.481077608458584 0
    endloop
  endfacet
  facet normal 0 0 -1
    outer loop
      vertex -43.45482497708802 41.37243268422401 0
      vertex -43.9637750277655 23.499127330775984 0
      vertex -44.49197509458391 22.481077608458584 0
    endloop
  endfacet
  facet normal 0 0 -1
    outer loop
      vertex -43.45482497708802 41.37243268422401 0
      vertex -43.373836506769265 24.570974882654735 0
      vertex -43.9637750277655 23.499127330775984 0
    endloop
  endfacet
  facet normal 0 0 1
    outer loop
      vertex -45.022080544983524 24.064803414967177 1.5
      vertex -44.417940896099715 25.162452713330474 1.5
      vertex -45.43253079038907 39.1903705772266 1.5
    endloop
  endfacet
  facet normal 0 0 -1
    outer loop
      vertex -40.457106626713646 31.1289080343405 0
      vertex -40.48220675559748 29.08366820328372 0
      vertex -40.75660293560645 28.70403834217959 0
    endloop
  endfacet
  facet normal -0.8639728561215857 0.5035383837257191 0
    outer loop
      vertex -52.205219466522685 29.57389153378704 0
      vertex -51.46371660001632 30.846164651593305 1.5
      vertex -51.46371660001632 30.846164651593305 0
    endloop
  endfacet
  facet normal -0.8513551931052666 0.5245896826784664 0
    outer loop
      vertex -51.46371660001632 30.846164651593305 0
      vertex -50.69121391498243 32.09985719322583 1.5
      vertex -50.69121391498243 32.09985719322583 0
    endloop
  endfacet
  facet normal -0.8513551931052666 0.5245896826784664 0
    outer loop
      vertex -51.46371660001632 30.846164651593305 0
      vertex -51.46371660001632 30.846164651593305 1.5
      vertex -50.69121391498243 32.09985719322583 1.5
    endloop
  endfacet
  facet normal -0.8382247055548383 0.545324988422046 0
    outer loop
      vertex -50.69121391498243 32.09985719322583 0
      vertex -49.888176738152715 33.334213981176134 1.5
      vertex -49.888176738152715 33.334213981176134 0
    endloop
  endfacet
  facet normal -0.8382247055548383 0.545324988422046 0
    outer loop
      vertex -50.69121391498243 32.09985719322583 0
      vertex -50.69121391498243 32.09985719322583 1.5
      vertex -49.888176738152715 33.334213981176134 1.5
    endloop
  endfacet
  facet normal -0.8245893027850257 0.5657318107836126 0
    outer loop
      vertex -49.888176738152715 33.334213981176134 0
      vertex -49.888176738152715 33.334213981176134 1.5
      vertex -49.055088789095024 34.54849148507072 1.5
    endloop
  endfacet
  facet normal -0.8245893027850257 0.5657318107836126 0
    outer loop
      vertex -49.888176738152715 33.334213981176134 0
      vertex -49.055088789095024 34.54849148507072 1.5
      vertex -49.055088789095024 34.54849148507072 0
    endloop
  endfacet
  facet normal -0.8104571982525953 0.5857978574564382 0
    outer loop
      vertex -49.055088789095024 34.54849148507072 0
      vertex -49.055088789095024 34.54849148507072 1.5
      vertex -48.1924518888387 35.741958269546004 1.5
    endloop
  endfacet
  facet normal 0 0 1
    outer loop
      vertex -47.164050134701185 19.53598922223783 1.5
      vertex -47.30078565759638 36.913895434837606 1.5
      vertex -48.1924518888387 35.741958269546004 1.5
    endloop
  endfacet
  facet normal 0 0 -1
    outer loop
      vertex -47.30078565759638 36.913895434837606 0
      vertex -46.38062720176422 38.06359704981873 0
      vertex -46.509691021911735 17.94076757126916 0
    endloop
  endfacet
  facet normal 0 0 -1
    outer loop
      vertex -46.38062720176422 38.06359704981873 0
      vertex -45.43253079038907 39.1903705772266 0
      vertex -46.055394695687646 19.076769103399727 0
    endloop
  endfacet
  facet normal 0 0 1
    outer loop
      vertex -46.14865341395178 21.8266875196159 1.5
      vertex -46.38062720176422 38.06359704981873 1.5
      vertex -47.30078565759638 36.913895434837606 1.5
    endloop
  endfacet
  facet normal -0.8104571982525953 0.5857978574564382 0
    outer loop
      vertex -49.055088789095024 34.54849148507072 0
      vertex -48.1924518888387 35.741958269546004 1.5
      vertex -48.1924518888387 35.741958269546004 0
    endloop
  endfacet
  facet normal -0.7958369046088817 0.6055110414043278 0
    outer loop
      vertex -48.1924518888387 35.741958269546004 0
      vertex -47.30078565759638 36.913895434837606 1.5
      vertex -47.30078565759638 36.913895434837606 0
    endloop
  endfacet
  facet normal -0.7958369046088817 0.6055110414043278 0
    outer loop
      vertex -48.1924518888387 35.741958269546004 0
      vertex -48.1924518888387 35.741958269546004 1.5
      vertex -47.30078565759638 36.913895434837606 1.5
    endloop
  endfacet
  facet normal -0.780737228572096 0.6248594881423842 0
    outer loop
      vertex -47.30078565759638 36.913895434837606 0
      vertex -47.30078565759638 36.913895434837606 1.5
      vertex -46.38062720176422 38.06359704981873 1.5
    endloop
  endfacet
  facet normal 0 0 1
    outer loop
      vertex -45.022080544983524 24.064803414967177 1.5
      vertex -45.43253079038907 39.1903705772266 1.5
      vertex -46.38062720176422 38.06359704981873 1.5
    endloop
  endfacet
  facet normal -0.780737228572096 0.6248594881423842 0
    outer loop
      vertex -47.30078565759638 36.913895434837606 0
      vertex -46.38062720176422 38.06359704981873 1.5
      vertex -46.38062720176422 38.06359704981873 0
    endloop
  endfacet
  facet normal -0.7651672656224566 0.6438315428897942 0
    outer loop
      vertex -46.38062720176422 38.06359704981873 0
      vertex -45.43253079038907 39.1903705772266 1.5
      vertex -45.43253079038907 39.1903705772266 0
    endloop
  endfacet
  facet normal -0.7651672656224566 0.6438315428897942 0
    outer loop
      vertex -46.38062720176422 38.06359704981873 0
      vertex -46.38062720176422 38.06359704981873 1.5
      vertex -45.43253079038907 39.1903705772266 1.5
    endloop
  endfacet
  facet normal -0.7491363945234611 0.6624157775901697 0
    outer loop
      vertex -45.43253079038907 39.1903705772266 0
      vertex -45.43253079038907 39.1903705772266 1.5
      vertex -44.457067521297546 40.29353729082111 1.5
    endloop
  endfacet
  facet normal 0 0 1
    outer loop
      vertex -44.417940896099715 25.162452713330474 1.5
      vertex -43.78704554051389 26.24494509106397 1.5
      vertex -44.457067521297546 40.29353729082111 1.5
    endloop
  endfacet
  facet normal 0 0 1
    outer loop
      vertex -43.78704554051389 26.24494509106397 1.5
      vertex -43.129774505997545 27.31162849523631 1.5
      vertex -44.457067521297546 40.29353729082111 1.5
    endloop
  endfacet
  facet normal 0 0 -1
    outer loop
      vertex -42.42640687119285 42.42640687119285 0
      vertex -42.75777120851356 25.628021798032105 0
      vertex -43.373836506769265 24.570974882654735 0
    endloop
  endfacet
  facet normal 0 0 -1
    outer loop
      vertex -42.42640687119285 42.42640687119285 0
      vertex -42.1159502276979 26.669631351371795 0
      vertex -42.75777120851356 25.628021798032105 0
    endloop
  endfacet
  facet normal 0 0 -1
    outer loop
      vertex -41.37243268422401 43.45482497708802 0
      vertex -41.44876017328188 27.69517611602717 0
      vertex -42.1159502276979 26.669631351371795 0
    endloop
  endfacet
  facet normal 0 0 1
    outer loop
      vertex -43.129774505997545 27.31162849523631 1.5
      vertex -42.44652370804493 28.36186039565069 1.5
      vertex -43.45482497708802 41.37243268422401 1.5
    endloop
  endfacet
  facet normal 0 0 1
    outer loop
      vertex -42.44652370804493 28.36186039565069 1.5
      vertex -41.737704711388346 29.395008171881003 1.5
      vertex -43.45482497708802 41.37243268422401 1.5
    endloop
  endfacet
  facet normal 0 0 -1
    outer loop
      vertex -44.6478905103368 24.74466183800458 0
      vertex -45.43253079038907 39.1903705772266 0
      vertex -44.457067521297546 40.29353729082111 0
    endloop
  endfacet
  facet normal 0 0 -1
    outer loop
      vertex -44.457067521297546 40.29353729082111 0
      vertex -43.45482497708802 41.37243268422401 0
      vertex -44.49197509458391 22.481077608458584 0
    endloop
  endfacet
  facet normal 0 0 1
    outer loop
      vertex -44.417940896099715 25.162452713330474 1.5
      vertex -44.457067521297546 40.29353729082111 1.5
      vertex -45.43253079038907 39.1903705772266 1.5
    endloop
  endfacet
  facet normal 0 0 1
    outer loop
      vertex -43.129774505997545 27.31162849523631 1.5
      vertex -43.45482497708802 41.37243268422401 1.5
      vertex -44.457067521297546 40.29353729082111 1.5
    endloop
  endfacet
  facet normal 0 0 1
    outer loop
      vertex -41.737704711388346 29.395008171881003 1.5
      vertex -41.00374448208692 30.41044949433872 1.5
      vertex -42.42640687119285 42.42640687119285 1.5
    endloop
  endfacet
  facet normal 0 0 -1
    outer loop
      vertex -43.45482497708802 41.37243268422401 0
      vertex -42.42640687119285 42.42640687119285 0
      vertex -43.373836506769265 24.570974882654735 0
    endloop
  endfacet
  facet normal 0 0 -1
    outer loop
      vertex -41.37243268422401 43.45482497708802 0
      vertex -40.75660293560645 28.70403834217959 0
      vertex -41.44876017328188 27.69517611602717 0
    endloop
  endfacet
  facet normal 0 0 -1
    outer loop
      vertex -38.217503588011965 33.83982378080703 0
      vertex -38.24040042958511 31.974114938931535 0
      vertex -38.53457110013244 31.62450521555773 0
    endloop
  endfacet
  facet normal 0 0 -1
    outer loop
      vertex -40.457106626713646 31.1289080343405 0
      vertex -40.75660293560645 28.70403834217959 0
      vertex -41.37243268422401 43.45482497708802 0
    endloop
  endfacet
  facet normal 0 0 -1
    outer loop
      vertex -40.457106626713646 31.1289080343405 0
      vertex -40.29353729082111 44.457067521297546 0
      vertex -40.37269033539217 29.23518526664008 0
    endloop
  endfacet
  facet normal 0 0 -1
    outer loop
      vertex -39.1903705772266 45.43253079038907 0
      vertex -40.039895444310154 29.695610328947804 0
      vertex -40.37269033539217 29.23518526664008 0
    endloop
  endfacet
  facet normal 0 0 -1
    outer loop
      vertex -39.1903705772266 45.43253079038907 0
      vertex -39.299069417186324 30.669294790444248 0
      vertex -40.039895444310154 29.695610328947804 0
    endloop
  endfacet
  facet normal 0 0 1
    outer loop
      vertex -41.00374448208692 30.41044949433872 1.5
      vertex -40.24508513033825 31.407572699140996 1.5
      vertex -41.37243268422401 43.45482497708802 1.5
    endloop
  endfacet
  facet normal 0 0 1
    outer loop
      vertex -40.24508513033825 31.407572699140996 1.5
      vertex -39.46218364416772 32.3857771565541 1.5
      vertex -40.29353729082111 44.457067521297546 1.5
    endloop
  endfacet
  facet normal 0 0 1
    outer loop
      vertex -39.46218364416772 32.3857771565541 1.5
      vertex -38.65551161415603 33.344473632790304 1.5
      vertex -40.29353729082111 44.457067521297546 1.5
    endloop
  endfacet
  facet normal 0 0 -1
    outer loop
      vertex -39.1903705772266 45.43253079038907 0
      vertex -38.53457110013244 31.62450521555773 0
      vertex -39.299069417186324 30.669294790444248 0
    endloop
  endfacet
  facet normal 0 0 -1
    outer loop
      vertex -38.217503588011965 33.83982378080703 0
      vertex -38.53457110013244 31.62450521555773 0
      vertex -39.1903705772266 45.43253079038907 0
    endloop
  endfacet
  facet normal 0 0 -1
    outer loop
      vertex -38.06359704981873 46.38062720176422 0
      vertex -37.746860998348254 32.560666221245775 0
      vertex -38.202717042972566 32.018900091526405 0
    endloop
  endfacet
  facet normal 0 0 -1
    outer loop
      vertex -38.217503588011965 33.83982378080703 0
      vertex -38.06359704981873 46.38062720176422 0
      vertex -38.202717042972566 32.018900091526405 0
    endloop
  endfacet
  facet normal -0.7491363945234611 0.6624157775901697 0
    outer loop
      vertex -45.43253079038907 39.1903705772266 0
      vertex -44.457067521297546 40.29353729082111 1.5
      vertex -44.457067521297546 40.29353729082111 0
    endloop
  endfacet
  facet normal -0.7326542716724126 0.6806009977954534 0
    outer loop
      vertex -44.457067521297546 40.29353729082111 0
      vertex -43.45482497708802 41.37243268422401 1.5
      vertex -43.45482497708802 41.37243268422401 0
    endloop
  endfacet
  facet normal -0.7326542716724126 0.6806009977954534 0
    outer loop
      vertex -44.457067521297546 40.29353729082111 0
      vertex -44.457067521297546 40.29353729082111 1.5
      vertex -43.45482497708802 41.37243268422401 1.5
    endloop
  endfacet
  facet normal 0 0 -1
    outer loop
      vertex -42.42640687119285 42.42640687119285 0
      vertex -41.37243268422401 43.45482497708802 0
      vertex -42.1159502276979 26.669631351371795 0
    endloop
  endfacet
  facet normal 0 0 1
    outer loop
      vertex -41.737704711388346 29.395008171881003 1.5
      vertex -42.42640687119285 42.42640687119285 1.5
      vertex -43.45482497708802 41.37243268422401 1.5
    endloop
  endfacet
  facet normal 0 0 1
    outer loop
      vertex -41.00374448208692 30.41044949433872 1.5
      vertex -41.37243268422401 43.45482497708802 1.5
      vertex -42.42640687119285 42.42640687119285 1.5
    endloop
  endfacet
  facet normal -0.7157308252838191 0.6983762494089724 0
    outer loop
      vertex -43.45482497708802 41.37243268422401 0
      vertex -42.42640687119285 42.42640687119285 1.5
      vertex -42.42640687119285 42.42640687119285 0
    endloop
  endfacet
  facet normal -0.6983762494089724 0.7157308252838191 0
    outer loop
      vertex -42.42640687119285 42.42640687119285 0
      vertex -42.42640687119285 42.42640687119285 1.5
      vertex -41.37243268422401 43.45482497708802 0
    endloop
  endfacet
  facet normal -0.7157308252838191 0.6983762494089724 0
    outer loop
      vertex -43.45482497708802 41.37243268422401 0
      vertex -43.45482497708802 41.37243268422401 1.5
      vertex -42.42640687119285 42.42640687119285 1.5
    endloop
  endfacet
  facet normal -0.6983762494089724 0.7157308252838191 0
    outer loop
      vertex -42.42640687119285 42.42640687119285 1.5
      vertex -41.37243268422401 43.45482497708802 1.5
      vertex -41.37243268422401 43.45482497708802 0
    endloop
  endfacet
  facet normal 0 0 -1
    outer loop
      vertex -40.457106626713646 31.1289080343405 0
      vertex -41.37243268422401 43.45482497708802 0
      vertex -40.29353729082111 44.457067521297546 0
    endloop
  endfacet
  facet normal 0 0 -1
    outer loop
      vertex -40.29353729082111 44.457067521297546 0
      vertex -39.1903705772266 45.43253079038907 0
      vertex -40.37269033539217 29.23518526664008 0
    endloop
  endfacet
  facet normal 0 0 1
    outer loop
      vertex -40.24508513033825 31.407572699140996 1.5
      vertex -40.29353729082111 44.457067521297546 1.5
      vertex -41.37243268422401 43.45482497708802 1.5
    endloop
  endfacet
  facet normal 0 0 1
    outer loop
      vertex -38.65551161415603 33.344473632790304 1.5
      vertex -39.1903705772266 45.43253079038907 1.5
      vertex -40.29353729082111 44.457067521297546 1.5
    endloop
  endfacet
  facet normal 0 0 1
    outer loop
      vertex -38.65551161415603 33.344473632790304 1.5
      vertex -37.82555494937066 34.28308464494029 1.5
      vertex -39.1903705772266 45.43253079038907 1.5
    endloop
  endfacet
  facet normal 0 0 1
    outer loop
      vertex -37.82555494937066 34.28308464494029 1.5
      vertex -36.97281358467239 35.20104480882726 1.5
      vertex -38.06359704981873 46.38062720176422 1.5
    endloop
  endfacet
  facet normal -0.6806009977954534 0.7326542716724126 0
    outer loop
      vertex -41.37243268422401 43.45482497708802 0
      vertex -41.37243268422401 43.45482497708802 1.5
      vertex -40.29353729082111 44.457067521297546 0
    endloop
  endfacet
  facet normal -0.6624157775901697 0.7491363945234611 0
    outer loop
      vertex -40.29353729082111 44.457067521297546 0
      vertex -40.29353729082111 44.457067521297546 1.5
      vertex -39.1903705772266 45.43253079038907 0
    endloop
  endfacet
  facet normal -0.6806009977954534 0.7326542716724126 0
    outer loop
      vertex -41.37243268422401 43.45482497708802 1.5
      vertex -40.29353729082111 44.457067521297546 1.5
      vertex -40.29353729082111 44.457067521297546 0
    endloop
  endfacet
  facet normal 0 0 -1
    outer loop
      vertex -38.217503588011965 33.83982378080703 0
      vertex -39.1903705772266 45.43253079038907 0
      vertex -38.06359704981873 46.38062720176422 0
    endloop
  endfacet
  facet normal 0 0 -1
    outer loop
      vertex -38.06359704981873 46.38062720176422 0
      vertex -36.913895434837606 47.30078565759638 0
      vertex -37.746860998348254 32.560666221245775 0
    endloop
  endfacet
  facet normal 0 0 1
    outer loop
      vertex -37.82555494937066 34.28308464494029 1.5
      vertex -38.06359704981873 46.38062720176422 1.5
      vertex -39.1903705772266 45.43253079038907 1.5
    endloop
  endfacet
  facet normal 0 0 -1
    outer loop
      vertex -34.69095546189 37.44666234514963 0
      vertex -34.7114828624426 35.774023235105915 0
      vertex -35.2492730421494 35.2492730421494 0
    endloop
  endfacet
  facet normal 0 0 -1
    outer loop
      vertex -36.913895434837606 47.30078565759638 0
      vertex -36.93641359894471 33.47721389912387 0
      vertex -37.746860998348254 32.560666221245775 0
    endloop
  endfacet
  facet normal 0 0 -1
    outer loop
      vertex -36.913895434837606 47.30078565759638 0
      vertex -36.10371708513063 34.373596155142785 0
      vertex -36.93641359894471 33.47721389912387 0
    endloop
  endfacet
  facet normal 0 0 -1
    outer loop
      vertex -35.741958269546004 48.1924518888387 0
      vertex -35.2492730421494 35.2492730421494 0
      vertex -36.10371708513063 34.373596155142785 0
    endloop
  endfacet
  facet normal 0 0 1
    outer loop
      vertex -36.97281358467239 35.20104480882726 1.5
      vertex -36.09780117957325 36.09780117957325 1.5
      vertex -38.06359704981873 46.38062720176422 1.5
    endloop
  endfacet
  facet normal 0 0 1
    outer loop
      vertex -36.09780117957325 36.09780117957325 1.5
      vertex -35.20104480882726 36.97281358467239 1.5
      vertex -36.913895434837606 47.30078565759638 1.5
    endloop
  endfacet
  facet normal 0 0 -1
    outer loop
      vertex -34.69095546189 37.44666234514963 0
      vertex -35.2492730421494 35.2492730421494 0
      vertex -35.741958269546004 48.1924518888387 0
    endloop
  endfacet
  facet normal 0 0 -1
    outer loop
      vertex -34.54849148507072 49.055088789095024 0
      vertex -34.373596155142785 36.10371708513063 0
      vertex -34.6799466841206 35.80479474467234 0
    endloop
  endfacet
  facet normal 0 0 -1
    outer loop
      vertex -34.69095546189 37.44666234514963 0
      vertex -34.54849148507072 49.055088789095024 0
      vertex -34.6799466841206 35.80479474467234 0
    endloop
  endfacet
  facet normal 0 0 1
    outer loop
      vertex -35.20104480882726 36.97281358467239 1.5
      vertex -34.28308464494029 37.82555494937066 1.5
      vertex -35.741958269546004 48.1924518888387 1.5
    endloop
  endfacet
  facet normal 0 0 -1
    outer loop
      vertex -36.913895434837606 47.30078565759638 0
      vertex -35.741958269546004 48.1924518888387 0
      vertex -36.10371708513063 34.373596155142785 0
    endloop
  endfacet
  facet normal 0 0 1
    outer loop
      vertex -36.09780117957325 36.09780117957325 1.5
      vertex -36.913895434837606 47.30078565759638 1.5
      vertex -38.06359704981873 46.38062720176422 1.5
    endloop
  endfacet
  facet normal 0 0 1
    outer loop
      vertex -35.20104480882726 36.97281358467239 1.5
      vertex -35.741958269546004 48.1924518888387 1.5
      vertex -36.913895434837606 47.30078565759638 1.5
    endloop
  endfacet
  facet normal 0 0 1
    outer loop
      vertex -34.28308464494029 37.82555494937066 1.5
      vertex -33.344473632790304 38.65551161415603 1.5
      vertex -34.54849148507072 49.055088789095024 1.5
    endloop
  endfacet
  facet normal 0 0 -1
    outer loop
      vertex -34.69095546189 37.44666234514963 0
      vertex -35.741958269546004 48.1924518888387 0
      vertex -34.54849148507072 49.055088789095024 0
    endloop
  endfacet
  facet normal 0 0 -1
    outer loop
      vertex -33.334213981176134 49.888176738152715 0
      vertex -33.47721389912387 36.93641359894471 0
      vertex -34.373596155142785 36.10371708513063 0
    endloop
  endfacet
  facet normal 0 0 -1
    outer loop
      vertex -29.705104431962997 41.51356736625409 0
      vertex -29.72344996726119 40.01871370683375 0
      vertex -30.669294790444248 39.299069417186324 0
    endloop
  endfacet
  facet normal 0 0 -1
    outer loop
      vertex -33.334213981176134 49.888176738152715 0
      vertex -32.560666221245775 37.746860998348254 0
      vertex -33.47721389912387 36.93641359894471 0
    endloop
  endfacet
  facet normal 0 0 -1
    outer loop
      vertex -32.09985719322583 50.69121391498243 0
      vertex -31.62450521555773 38.53457110013244 0
      vertex -32.560666221245775 37.746860998348254 0
    endloop
  endfacet
  facet normal 0 0 1
    outer loop
      vertex -33.344473632790304 38.65551161415603 1.5
      vertex -32.3857771565541 39.46218364416772 1.5
      vertex -34.54849148507072 49.055088789095024 1.5
    endloop
  endfacet
  facet normal 0 0 1
    outer loop
      vertex -32.3857771565541 39.46218364416772 1.5
      vertex -31.407572699140996 40.24508513033825 1.5
      vertex -33.334213981176134 49.888176738152715 1.5
    endloop
  endfacet
  facet normal 0 0 -1
    outer loop
      vertex -30.846164651593305 51.46371660001632 0
      vertex -30.669294790444248 39.299069417186324 0
      vertex -31.62450521555773 38.53457110013244 0
    endloop
  endfacet
  facet normal 0 0 -1
    outer loop
      vertex -30.846164651593305 51.46371660001632 0
      vertex -29.705104431962997 41.51356736625409 0
      vertex -30.669294790444248 39.299069417186324 0
    endloop
  endfacet
  facet normal 0 0 1
    outer loop
      vertex -31.407572699140996 40.24508513033825 1.5
      vertex -30.41044949433872 41.00374448208692 1.5
      vertex -32.09985719322583 50.69121391498243 1.5
    endloop
  endfacet
  facet normal 0 0 1
    outer loop
      vertex -30.41044949433872 41.00374448208692 1.5
      vertex -29.395008171881003 41.737704711388346 1.5
      vertex -30.846164651593305 51.46371660001632 1.5
    endloop
  endfacet
  facet normal -0.6624157775901697 0.7491363945234611 0
    outer loop
      vertex -40.29353729082111 44.457067521297546 1.5
      vertex -39.1903705772266 45.43253079038907 1.5
      vertex -39.1903705772266 45.43253079038907 0
    endloop
  endfacet
  facet normal -0.6438315428897942 0.7651672656224566 0
    outer loop
      vertex -39.1903705772266 45.43253079038907 0
      vertex -39.1903705772266 45.43253079038907 1.5
      vertex -38.06359704981873 46.38062720176422 0
    endloop
  endfacet
  facet normal -0.6248594881423842 0.780737228572096 0
    outer loop
      vertex -38.06359704981873 46.38062720176422 0
      vertex -38.06359704981873 46.38062720176422 1.5
      vertex -36.913895434837606 47.30078565759638 0
    endloop
  endfacet
  facet normal -0.6438315428897942 0.7651672656224566 0
    outer loop
      vertex -38.06359704981873 46.38062720176422 0
      vertex -39.1903705772266 45.43253079038907 1.5
      vertex -38.06359704981873 46.38062720176422 1.5
    endloop
  endfacet
  facet normal -0.6055110414043278 0.7958369046088817 0
    outer loop
      vertex -36.913895434837606 47.30078565759638 0
      vertex -36.913895434837606 47.30078565759638 1.5
      vertex -35.741958269546004 48.1924518888387 0
    endloop
  endfacet
  facet normal -0.6248594881423842 0.780737228572096 0
    outer loop
      vertex -38.06359704981873 46.38062720176422 1.5
      vertex -36.913895434837606 47.30078565759638 1.5
      vertex -36.913895434837606 47.30078565759638 0
    endloop
  endfacet
  facet normal -0.6055110414043278 0.7958369046088817 0
    outer loop
      vertex -35.741958269546004 48.1924518888387 0
      vertex -36.913895434837606 47.30078565759638 1.5
      vertex -35.741958269546004 48.1924518888387 1.5
    endloop
  endfacet
  facet normal 0 0 -1
    outer loop
      vertex -34.54849148507072 49.055088789095024 0
      vertex -33.334213981176134 49.888176738152715 0
      vertex -34.373596155142785 36.10371708513063 0
    endloop
  endfacet
  facet normal 0 0 1
    outer loop
      vertex -34.28308464494029 37.82555494937066 1.5
      vertex -34.54849148507072 49.055088789095024 1.5
      vertex -35.741958269546004 48.1924518888387 1.5
    endloop
  endfacet
  facet normal -0.5857978574564382 0.8104571982525953 0
    outer loop
      vertex -35.741958269546004 48.1924518888387 0
      vertex -35.741958269546004 48.1924518888387 1.5
      vertex -34.54849148507072 49.055088789095024 0
    endloop
  endfacet
  facet normal -0.5657318107836126 0.8245893027850257 0
    outer loop
      vertex -34.54849148507072 49.055088789095024 0
      vertex -34.54849148507072 49.055088789095024 1.5
      vertex -33.334213981176134 49.888176738152715 0
    endloop
  endfacet
  facet normal -0.5857978574564382 0.8104571982525953 0
    outer loop
      vertex -35.741958269546004 48.1924518888387 1.5
      vertex -34.54849148507072 49.055088789095024 1.5
      vertex -34.54849148507072 49.055088789095024 0
    endloop
  endfacet
  facet normal 0 0 -1
    outer loop
      vertex -33.334213981176134 49.888176738152715 0
      vertex -32.09985719322583 50.69121391498243 0
      vertex -32.560666221245775 37.746860998348254 0
    endloop
  endfacet
  facet normal 0 0 1
    outer loop
      vertex -32.3857771565541 39.46218364416772 1.5
      vertex -33.334213981176134 49.888176738152715 1.5
      vertex -34.54849148507072 49.055088789095024 1.5
    endloop
  endfacet
  facet normal 0 0 1
    outer loop
      vertex -31.407572699140996 40.24508513033825 1.5
      vertex -32.09985719322583 50.69121391498243 1.5
      vertex -33.334213981176134 49.888176738152715 1.5
    endloop
  endfacet
  facet normal 0 0 -1
    outer loop
      vertex -32.09985719322583 50.69121391498243 0
      vertex -30.846164651593305 51.46371660001632 0
      vertex -31.62450521555773 38.53457110013244 0
    endloop
  endfacet
  facet normal 0 0 -1
    outer loop
      vertex -30.846164651593305 51.46371660001632 0
      vertex -29.57389153378704 52.205219466522685 0
      vertex -29.705104431962997 41.51356736625409 0
    endloop
  endfacet
  facet normal 0 0 1
    outer loop
      vertex -30.41044949433872 41.00374448208692 1.5
      vertex -30.846164651593305 51.46371660001632 1.5
      vertex -32.09985719322583 50.69121391498243 1.5
    endloop
  endfacet
  facet normal -0.545324988422046 0.8382247055548383 0
    outer loop
      vertex -33.334213981176134 49.888176738152715 0
      vertex -33.334213981176134 49.888176738152715 1.5
      vertex -32.09985719322583 50.69121391498243 0
    endloop
  endfacet
  facet normal -0.5657318107836126 0.8245893027850257 0
    outer loop
      vertex -34.54849148507072 49.055088789095024 1.5
      vertex -33.334213981176134 49.888176738152715 1.5
      vertex -33.334213981176134 49.888176738152715 0
    endloop
  endfacet
  facet normal -0.545324988422046 0.8382247055548383 0
    outer loop
      vertex -33.334213981176134 49.888176738152715 1.5
      vertex -32.09985719322583 50.69121391498243 1.5
      vertex -32.09985719322583 50.69121391498243 0
    endloop
  endfacet
  facet normal -0.5245896826784664 0.8513551931052666 0
    outer loop
      vertex -32.09985719322583 50.69121391498243 0
      vertex -32.09985719322583 50.69121391498243 1.5
      vertex -30.846164651593305 51.46371660001632 0
    endloop
  endfacet
  facet normal -0.5035383837257191 0.8639728561215857 0
    outer loop
      vertex -30.846164651593305 51.46371660001632 0
      vertex -30.846164651593305 51.46371660001632 1.5
      vertex -29.57389153378704 52.205219466522685 0
    endloop
  endfacet
  facet normal -0.5245896826784664 0.8513551931052666 0
    outer loop
      vertex -32.09985719322583 50.69121391498243 1.5
      vertex -30.846164651593305 51.46371660001632 1.5
      vertex -30.846164651593305 51.46371660001632 0
    endloop
  endfacet
  facet normal 0 0 -1
    outer loop
      vertex -29.705104431962997 41.51356736625409 0
      vertex -29.57389153378704 52.205219466522685 0
      vertex -29.691657402464497 40.04275261661931 0
    endloop
  endfacet
  facet normal 0 0 -1
    outer loop
      vertex -28.283804209559857 52.9152758609013 0
      vertex -28.70403834217959 40.75660293560645 0
      vertex -29.691657402464497 40.04275261661931 0
    endloop
  endfacet
  facet normal 0 0 -1
    outer loop
      vertex -24.437641748082793 44.816872542760265 0
      vertex -24.570974882654735 43.373836506769265 0
      vertex -25.628021798032105 42.75777120851356 0
    endloop
  endfacet
  facet normal 0 0 -1
    outer loop
      vertex -24.437641748082793 44.816872542760265 0
      vertex -24.45456504111466 43.437907791558956 0
      vertex -24.570974882654735 43.373836506769265 0
    endloop
  endfacet
  facet normal 0 0 -1
    outer loop
      vertex -23.082516158498976 45.53172578443245 0
      vertex -23.499127330775984 43.9637750277655 0
      vertex -24.42929362180524 43.45181703052185 0
    endloop
  endfacet
  facet normal 0 0 -1
    outer loop
      vertex -23.082516158498976 45.53172578443245 0
      vertex -23.09921236224073 44.171265004405505 0
      vertex -23.499127330775984 43.9637750277655 0
    endloop
  endfacet
  facet normal 0 0 -1
    outer loop
      vertex -22.961005941905388 44.91891409188893 0
      vertex -22.41312478328214 44.52723141459644 0
      vertex -22.970467727449986 44.23806225723928 0
    endloop
  endfacet
  facet normal 0 0 -1
    outer loop
      vertex -28.283804209559857 52.9152758609013 0
      vertex -27.69517611602717 41.44876017328188 0
      vertex -28.70403834217959 40.75660293560645 0
    endloop
  endfacet
  facet normal 0 0 1
    outer loop
      vertex -29.395008171881003 41.737704711388346 1.5
      vertex -28.36186039565069 42.44652370804493 1.5
      vertex -29.57389153378704 52.205219466522685 1.5
    endloop
  endfacet
  facet normal 0 0 1
    outer loop
      vertex -28.36186039565069 42.44652370804493 1.5
      vertex -27.31162849523631 43.129774505997545 1.5
      vertex -29.57389153378704 52.205219466522685 1.5
    endloop
  endfacet
  facet normal 0 0 -1
    outer loop
      vertex -29.57389153378704 52.205219466522685 0
      vertex -28.283804209559857 52.9152758609013 0
      vertex -29.691657402464497 40.04275261661931 0
    endloop
  endfacet
  facet normal 0 0 1
    outer loop
      vertex -30.846164651593305 51.46371660001632 1.5
      vertex -29.395008171881003 41.737704711388346 1.5
      vertex -29.57389153378704 52.205219466522685 1.5
    endloop
  endfacet
  facet normal 0 0 -1
    outer loop
      vertex -26.976679779276395 53.59345807173092 0
      vertex -26.669631351371795 42.1159502276979 0
      vertex -27.69517611602717 41.44876017328188 0
    endloop
  endfacet
  facet normal 0 0 1
    outer loop
      vertex -27.31162849523631 43.129774505997545 1.5
      vertex -26.24494509106397 43.78704554051389 1.5
      vertex -28.283804209559857 52.9152758609013 1.5
    endloop
  endfacet
  facet normal 0 0 1
    outer loop
      vertex -27.31162849523631 43.129774505997545 1.5
      vertex -28.283804209559857 52.9152758609013 1.5
      vertex -29.57389153378704 52.205219466522685 1.5
    endloop
  endfacet
  facet normal -0.4821837720791236 0.876070094195406 0
    outer loop
      vertex -29.57389153378704 52.205219466522685 0
      vertex -29.57389153378704 52.205219466522685 1.5
      vertex -28.283804209559857 52.9152758609013 0
    endloop
  endfacet
  facet normal -0.5035383837257191 0.8639728561215857 0
    outer loop
      vertex -30.846164651593305 51.46371660001632 1.5
      vertex -29.57389153378704 52.205219466522685 1.5
      vertex -29.57389153378704 52.205219466522685 0
    endloop
  endfacet
  facet normal 0 0 -1
    outer loop
      vertex -28.283804209559857 52.9152758609013 0
      vertex -26.976679779276395 53.59345807173092 0
      vertex -27.69517611602717 41.44876017328188 0
    endloop
  endfacet
  facet normal 0 0 -1
    outer loop
      vertex -26.976679779276395 53.59345807173092 0
      vertex -25.653305605816925 54.2393575874066 0
      vertex -26.669631351371795 42.1159502276979 0
    endloop
  endfacet
  facet normal 0 0 1
    outer loop
      vertex -26.24494509106397 43.78704554051389 1.5
      vertex -26.976679779276395 53.59345807173092 1.5
      vertex -28.283804209559857 52.9152758609013 1.5
    endloop
  endfacet
  facet normal 0 0 -1
    outer loop
      vertex -25.653305605816925 54.2393575874066 0
      vertex -25.628021798032105 42.75777120851356 0
      vertex -26.669631351371795 42.1159502276979 0
    endloop
  endfacet
  facet normal 0 0 -1
    outer loop
      vertex -24.437641748082793 44.816872542760265 0
      vertex -25.628021798032105 42.75777120851356 0
      vertex -25.653305605816925 54.2393575874066 0
    endloop
  endfacet
  facet normal 0 0 -1
    outer loop
      vertex -24.437641748082793 44.816872542760265 0
      vertex -24.31447884029939 54.85258534221184 0
      vertex -24.42929362180524 43.45181703052185 0
    endloop
  endfacet
  facet normal 0 0 1
    outer loop
      vertex -26.24494509106397 43.78704554051389 1.5
      vertex -25.162452713330474 44.417940896099715 1.5
      vertex -26.976679779276395 53.59345807173092 1.5
    endloop
  endfacet
  facet normal 0 0 1
    outer loop
      vertex -25.162452713330474 44.417940896099715 1.5
      vertex -24.064803414967177 45.022080544983524 1.5
      vertex -25.653305605816925 54.2393575874066 1.5
    endloop
  endfacet
  facet normal 0 0 -1
    outer loop
      vertex -23.082516158498976 45.53172578443245 0
      vertex -24.42929362180524 43.45181703052185 0
      vertex -24.31447884029939 54.85258534221184 0
    endloop
  endfacet
  facet normal 0 0 -1
    outer loop
      vertex -22.961005941905388 44.91891409188893 0
      vertex -23.082516158498976 45.53172578443245 0
      vertex -22.961005941905388 55.43277195067721 0
    endloop
  endfacet
  facet normal 0 0 1
    outer loop
      vertex -24.064803414967177 45.022080544983524 1.5
      vertex -22.952658378867664 45.599100576031056 1.5
      vertex -24.31447884029939 54.85258534221184 1.5
    endloop
  endfacet
  facet normal 0 0 -1
    outer loop
      vertex -24.437641748082793 44.816872542760265 0
      vertex -25.653305605816925 54.2393575874066 0
      vertex -24.31447884029939 54.85258534221184 0
    endloop
  endfacet
  facet normal 0 0 1
    outer loop
      vertex -25.162452713330474 44.417940896099715 1.5
      vertex -25.653305605816925 54.2393575874066 1.5
      vertex -26.976679779276395 53.59345807173092 1.5
    endloop
  endfacet
  facet normal 0 0 1
    outer loop
      vertex -24.064803414967177 45.022080544983524 1.5
      vertex -24.31447884029939 54.85258534221184 1.5
      vertex -25.653305605816925 54.2393575874066 1.5
    endloop
  endfacet
  facet normal 0 0 1
    outer loop
      vertex -22.952658378867664 45.599100576031056 1.5
      vertex -21.8266875196159 46.14865341395178 1.5
      vertex -22.961005941905388 55.43277195067721 1.5
    endloop
  endfacet
  facet normal 0 0 -1
    outer loop
      vertex -23.082516158498976 45.53172578443245 0
      vertex -24.31447884029939 54.85258534221184 0
      vertex -22.961005941905388 55.43277195067721 0
    endloop
  endfacet
  facet normal 0 0 -1
    outer loop
      vertex -22.961005941905388 44.91891409188893 0
      vertex -22.961005941905388 55.43277195067721 0
      vertex -21.59370219209929 55.97956793008433 0
    endloop
  endfacet
  facet normal 0 0 1
    outer loop
      vertex -22.952658378867664 45.599100576031056 1.5
      vertex -22.961005941905388 55.43277195067721 1.5
      vertex -24.31447884029939 54.85258534221184 1.5
    endloop
  endfacet
  facet normal -0.4821837720791236 0.876070094195406 0
    outer loop
      vertex -29.57389153378704 52.205219466522685 1.5
      vertex -28.283804209559857 52.9152758609013 1.5
      vertex -28.283804209559857 52.9152758609013 0
    endloop
  endfacet
  facet normal -0.46053871095824067 0.8876396204028536 0
    outer loop
      vertex -28.283804209559857 52.9152758609013 0
      vertex -28.283804209559857 52.9152758609013 1.5
      vertex -26.976679779276395 53.59345807173092 0
    endloop
  endfacet
  facet normal -0.4386162385385272 0.8986744656939539 0
    outer loop
      vertex -26.976679779276395 53.59345807173092 0
      vertex -26.976679779276395 53.59345807173092 1.5
      vertex -25.653305605816925 54.2393575874066 0
    endloop
  endfacet
  facet normal -0.46053871095824067 0.8876396204028536 0
    outer loop
      vertex -28.283804209559857 52.9152758609013 1.5
      vertex -26.976679779276395 53.59345807173092 1.5
      vertex -26.976679779276395 53.59345807173092 0
    endloop
  endfacet
  facet normal -0.4386162385385272 0.8986744656939539 0
    outer loop
      vertex -26.976679779276395 53.59345807173092 1.5
      vertex -25.653305605816925 54.2393575874066 1.5
      vertex -25.653305605816925 54.2393575874066 0
    endloop
  endfacet
  facet normal -0.4164295600976356 0.9091679830905232 0
    outer loop
      vertex -25.653305605816925 54.2393575874066 0
      vertex -25.653305605816925 54.2393575874066 1.5
      vertex -24.31447884029939 54.85258534221184 0
    endloop
  endfacet
  facet normal -0.4164295600976356 0.9091679830905232 0
    outer loop
      vertex -25.653305605816925 54.2393575874066 1.5
      vertex -24.31447884029939 54.85258534221184 1.5
      vertex -24.31447884029939 54.85258534221184 0
    endloop
  endfacet
  facet normal -0.3939920400610501 0.9191138516900569 0
    outer loop
      vertex -24.31447884029939 54.85258534221184 0
      vertex -24.31447884029939 54.85258534221184 1.5
      vertex -22.961005941905388 55.43277195067721 0
    endloop
  endfacet
  facet normal -0.371317193951834 0.928506080473217 0
    outer loop
      vertex -22.961005941905388 55.43277195067721 0
      vertex -22.961005941905388 55.43277195067721 1.5
      vertex -21.59370219209929 55.97956793008433 0
    endloop
  endfacet
  facet normal -0.3939920400610501 0.9191138516900569 0
    outer loop
      vertex -22.961005941905388 55.43277195067721 0
      vertex -24.31447884029939 54.85258534221184 1.5
      vertex -22.961005941905388 55.43277195067721 1.5
    endloop
  endfacet
  facet normal 0 0 -1
    outer loop
      vertex -22.961005941905388 44.91891409188893 0
      vertex -21.59370219209929 55.97956793008433 0
      vertex -22.41312478328214 44.52723141459644 0
    endloop
  endfacet
  facet normal 0 0 -1
    outer loop
      vertex -21.59370219209929 55.97956793008433 0
      vertex -21.313621407499564 45.06386626220365 0
      vertex -22.41312478328214 44.52723141459644 0
    endloop
  endfacet
  facet normal 0 0 -1
    outer loop
      vertex -18.938335123827063 47.40305690853147 0
      vertex -19.076769103399727 46.055394695687646 0
      vertex -20.201279503148744 45.57335632182101 0
    endloop
  endfacet
  facet normal 0 0 -1
    outer loop
      vertex -18.938335123827063 47.40305690853147 0
      vertex -18.95427306443034 46.10438186595706 0
      vertex -19.076769103399727 46.055394695687646 0
    endloop
  endfacet
  facet normal 0 0 1
    outer loop
      vertex -22.961005941905388 55.43277195067721 1.5
      vertex -21.8266875196159 46.14865341395178 1.5
      vertex -20.68756907995473 46.670408028665236 1.5
    endloop
  endfacet
  facet normal 0 0 -1
    outer loop
      vertex -20.213391203533202 56.49264391098125 0
      vertex -20.201279503148744 45.57335632182101 0
      vertex -21.313621407499564 45.06386626220365 0
    endloop
  endfacet
  facet normal 0 0 -1
    outer loop
      vertex -18.938335123827063 47.40305690853147 0
      vertex -20.201279503148744 45.57335632182101 0
      vertex -20.213391203533202 56.49264391098125 0
    endloop
  endfacet
  facet normal 0 0 -1
    outer loop
      vertex -18.938335123827063 47.40305690853147 0
      vertex -18.82090442393349 56.9716908355822 0
      vertex -18.934159886704844 46.11242529062767 0
    endloop
  endfacet
  facet normal 0 0 1
    outer loop
      vertex -20.68756907995473 46.670408028665236 1.5
      vertex -19.53598922223783 47.164050134701185 1.5
      vertex -21.59370219209929 55.97956793008433 1.5
    endloop
  endfacet
  facet normal 0 0 1
    outer loop
      vertex -19.53598922223783 47.164050134701185 1.5
      vertex -18.372641615111146 47.629282380513416 1.5
      vertex -20.213391203533202 56.49264391098125 1.5
    endloop
  endfacet
  facet normal 0 0 -1
    outer loop
      vertex -17.533364298180945 47.94125050667883 0
      vertex -17.94076757126916 46.509691021911735 0
      vertex -18.934159886704844 46.11242529062767 0
    endloop
  endfacet
  facet normal 0 0 -1
    outer loop
      vertex -17.533364298180945 47.94125050667883 0
      vertex -17.54914656052224 46.6552606333205 0
      vertex -17.94076757126916 46.509691021911735 0
    endloop
  endfacet
  facet normal 0 0 -1
    outer loop
      vertex -17.533364298180945 47.94125050667883 0
      vertex -18.934159886704844 46.11242529062767 0
      vertex -18.82090442393349 56.9716908355822 0
    endloop
  endfacet
  facet normal 0 0 -1
    outer loop
      vertex -17.41708063526774 57.41642014393253 0
      vertex -16.79395919160217 46.93597164937359 0
      vertex -17.524978696528574 46.66424408025924 0
    endloop
  endfacet
  facet normal 0 0 -1
    outer loop
      vertex -17.533364298180945 47.94125050667883 0
      vertex -17.41708063526774 57.41642014393253 0
      vertex -17.524978696528574 46.66424408025924 0
    endloop
  endfacet
  facet normal 0 0 1
    outer loop
      vertex -18.372641615111146 47.629282380513416 1.5
      vertex -17.19822701567283 48.06582452759321 1.5
      vertex -18.82090442393349 56.9716908355822 1.5
    endloop
  endfacet
  facet normal 0 0 1
    outer loop
      vertex -17.19822701567283 48.06582452759321 1.5
      vertex -16.01345284736341 48.47341361927452 1.5
      vertex -17.41708063526774 57.41642014393253 1.5
    endloop
  endfacet
  facet normal 0 0 -1
    outer loop
      vertex -16.002765448493903 57.82656394772639 0
      vertex -15.637034758884743 47.33397980256288 0
      vertex -16.79395919160217 46.93597164937359 0
    endloop
  endfacet
  facet normal 0 0 1
    outer loop
      vertex -16.01345284736341 48.47341361927452 1.5
      vertex -14.819032773840302 48.85180413912926 1.5
      vertex -17.41708063526774 57.41642014393253 1.5
    endloop
  endfacet
  facet normal 0 0 -1
    outer loop
      vertex -21.59370219209929 55.97956793008433 0
      vertex -20.213391203533202 56.49264391098125 0
      vertex -21.313621407499564 45.06386626220365 0
    endloop
  endfacet
  facet normal 0 0 1
    outer loop
      vertex -22.961005941905388 55.43277195067721 1.5
      vertex -20.68756907995473 46.670408028665236 1.5
      vertex -21.59370219209929 55.97956793008433 1.5
    endloop
  endfacet
  facet normal -0.34841868024943917 0.9373390119125733 0
    outer loop
      vertex -21.59370219209929 55.97956793008433 0
      vertex -21.59370219209929 55.97956793008433 1.5
      vertex -20.213391203533202 56.49264391098125 0
    endloop
  endfacet
  facet normal -0.371317193951834 0.928506080473217 0
    outer loop
      vertex -22.961005941905388 55.43277195067721 1.5
      vertex -21.59370219209929 55.97956793008433 1.5
      vertex -21.59370219209929 55.97956793008433 0
    endloop
  endfacet
  facet normal 0 0 -1
    outer loop
      vertex -18.938335123827063 47.40305690853147 0
      vertex -20.213391203533202 56.49264391098125 0
      vertex -18.82090442393349 56.9716908355822 0
    endloop
  endfacet
  facet normal 0 0 1
    outer loop
      vertex -19.53598922223783 47.164050134701185 1.5
      vertex -20.213391203533202 56.49264391098125 1.5
      vertex -21.59370219209929 55.97956793008433 1.5
    endloop
  endfacet
  facet normal 0 0 1
    outer loop
      vertex -18.372641615111146 47.629282380513416 1.5
      vertex -18.82090442393349 56.9716908355822 1.5
      vertex -20.213391203533202 56.49264391098125 1.5
    endloop
  endfacet
  facet normal -0.34841868024943917 0.9373390119125733 0
    outer loop
      vertex -21.59370219209929 55.97956793008433 1.5
      vertex -20.213391203533202 56.49264391098125 1.5
      vertex -20.213391203533202 56.49264391098125 0
    endloop
  endfacet
  facet normal -0.32531029216226215 0.9456073253805216 0
    outer loop
      vertex -20.213391203533202 56.49264391098125 0
      vertex -20.213391203533202 56.49264391098125 1.5
      vertex -18.82090442393349 56.9716908355822 0
    endloop
  endfacet
  facet normal -0.32531029216226215 0.9456073253805216 0
    outer loop
      vertex -18.82090442393349 56.9716908355822 0
      vertex -20.213391203533202 56.49264391098125 1.5
      vertex -18.82090442393349 56.9716908355822 1.5
    endloop
  endfacet
  facet normal 0 0 -1
    outer loop
      vertex -17.533364298180945 47.94125050667883 0
      vertex -18.82090442393349 56.9716908355822 0
      vertex -17.41708063526774 57.41642014393253 0
    endloop
  endfacet
  facet normal 0 0 1
    outer loop
      vertex -17.19822701567283 48.06582452759321 1.5
      vertex -17.41708063526774 57.41642014393253 1.5
      vertex -18.82090442393349 56.9716908355822 1.5
    endloop
  endfacet
  facet normal 0 0 -1
    outer loop
      vertex -17.41708063526774 57.41642014393253 0
      vertex -16.002765448493903 57.82656394772639 0
      vertex -16.79395919160217 46.93597164937359 0
    endloop
  endfacet
  facet normal 0 0 -1
    outer loop
      vertex -16.002765448493903 57.82656394772639 0
      vertex -14.578810794195832 58.20187519167264 0
      vertex -15.637034758884743 47.33397980256288 0
    endloop
  endfacet
  facet normal 0 0 1
    outer loop
      vertex -17.41708063526774 57.41642014393253 1.5
      vertex -14.819032773840302 48.85180413912926 1.5
      vertex -16.002765448493903 57.82656394772639 1.5
    endloop
  endfacet
  facet normal -0.30200594931922325 0.9533060403541952 0
    outer loop
      vertex -18.82090442393349 56.9716908355822 0
      vertex -18.82090442393349 56.9716908355822 1.5
      vertex -17.41708063526774 57.41642014393253 0
    endloop
  endfacet
  facet normal -0.2785196893850564 0.9604305194155649 0
    outer loop
      vertex -17.41708063526774 57.41642014393253 0
      vertex -17.41708063526774 57.41642014393253 1.5
      vertex -16.002765448493903 57.82656394772639 0
    endloop
  endfacet
  facet normal -0.30200594931922325 0.9533060403541952 0
    outer loop
      vertex -18.82090442393349 56.9716908355822 1.5
      vertex -17.41708063526774 57.41642014393253 1.5
      vertex -17.41708063526774 57.41642014393253 0
    endloop
  endfacet
  facet normal -0.2548656596045156 0.9669764710448518 0
    outer loop
      vertex -16.002765448493903 57.82656394772639 0
      vertex -16.002765448493903 57.82656394772639 1.5
      vertex -14.578810794195832 58.20187519167264 0
    endloop
  endfacet
  facet normal -0.2785196893850564 0.9604305194155649 0
    outer loop
      vertex -17.41708063526774 57.41642014393253 1.5
      vertex -16.002765448493903 57.82656394772639 1.5
      vertex -16.002765448493903 57.82656394772639 0
    endloop
  endfacet
  facet normal -0.2548656596045156 0.9669764710448518 0
    outer loop
      vertex -16.002765448493903 57.82656394772639 1.5
      vertex -14.578810794195832 58.20187519167264 1.5
      vertex -14.578810794195832 58.20187519167264 0
    endloop
  endfacet
  facet normal 0 0 -1
    outer loop
      vertex -11.818177044729302 49.65925213378345 0
      vertex -12.112561968177705 48.356057971748015 0
      vertex -13.295630960123686 48.04423687990268 0
    endloop
  endfacet
  facet normal 0 0 -1
    outer loop
      vertex -14.578810794195832 58.20187519167264 0
      vertex -14.470691161134948 47.70347573625061 0
      vertex -15.637034758884743 47.33397980256288 0
    endloop
  endfacet
  facet normal 0 0 -1
    outer loop
      vertex -14.578810794195832 58.20187519167264 0
      vertex -13.295630960123686 48.04423687990268 0
      vertex -14.470691161134948 47.70347573625061 0
    endloop
  endfacet
  facet normal 0 0 1
    outer loop
      vertex -16.002765448493903 57.82656394772639 1.5
      vertex -14.819032773840302 48.85180413912926 1.5
      vertex -13.615686269093564 49.2007681588572 1.5
    endloop
  endfacet
  facet normal 0 0 1
    outer loop
      vertex -13.615686269093564 49.2007681588572 1.5
      vertex -12.40413818406162 49.52009547558147 1.5
      vertex -14.578810794195832 58.20187519167264 1.5
    endloop
  endfacet
  facet normal 0 0 -1
    outer loop
      vertex -11.818177044729302 49.65925213378345 0
      vertex -11.8333566969985 48.42236488168055 0
      vertex -12.112561968177705 48.356057971748015 0
    endloop
  endfacet
  facet normal 0 0 -1
    outer loop
      vertex -11.818177044729302 49.65925213378345 0
      vertex -13.295630960123686 48.04423687990268 0
      vertex -13.146074409412188 58.54212780231171 0
    endloop
  endfacet
  facet normal 0 0 -1
    outer loop
      vertex -11.818177044729302 49.65925213378345 0
      vertex -11.705419320967694 58.847116824193826 0
      vertex -11.8148873662522 48.426751060512835 0
    endloop
  endfacet
  facet normal 0 0 -1
    outer loop
      vertex -10.36981569038745 49.982194627111596 0
      vertex -11.8148873662522 48.426751060512835 0
      vertex -11.705419320967694 58.847116824193826 0
    endloop
  endfacet
  facet normal 0 0 -1
    outer loop
      vertex -10.36981569038745 49.982194627111596 0
      vertex -10.92219682181996 48.63875118242065 0
      vertex -11.8148873662522 48.426751060512835 0
    endloop
  endfacet
  facet normal 0 0 -1
    outer loop
      vertex -10.36981569038745 49.982194627111596 0
      vertex -10.384907117023124 48.75249628549751 0
      vertex -10.92219682181996 48.63875118242065 0
    endloop
  endfacet
  facet normal 0 0 -1
    outer loop
      vertex -8.915349835222807 50.263468189038626 0
      vertex -9.725252552503994 48.89214622810104 0
      vertex -10.364145266120545 48.75689160305133 0
    endloop
  endfacet
  facet normal 0 0 -1
    outer loop
      vertex -8.915349835222807 50.263468189038626 0
      vertex -8.930363046990927 49.04014304826527 0
      vertex -9.725252552503994 48.89214622810104 0
    endloop
  endfacet
  facet normal 0 0 -1
    outer loop
      vertex -14.578810794195832 58.20187519167264 0
      vertex -13.146074409412188 58.54212780231171 0
      vertex -13.295630960123686 48.04423687990268 0
    endloop
  endfacet
  facet normal 0 0 1
    outer loop
      vertex -16.002765448493903 57.82656394772639 1.5
      vertex -13.615686269093564 49.2007681588572 1.5
      vertex -14.578810794195832 58.20187519167264 1.5
    endloop
  endfacet
  facet normal 0 0 1
    outer loop
      vertex -12.40413818406162 49.52009547558147 1.5
      vertex -13.146074409412188 58.54212780231171 1.5
      vertex -14.578810794195832 58.20187519167264 1.5
    endloop
  endfacet
  facet normal 0 0 1
    outer loop
      vertex -12.40413818406162 49.52009547558147 1.5
      vertex -11.185118310008203 49.80959373846688 1.5
      vertex -13.146074409412188 58.54212780231171 1.5
    endloop
  endfacet
  facet normal 0 0 -1
    outer loop
      vertex -11.818177044729302 49.65925213378345 0
      vertex -13.146074409412188 58.54212780231171 0
      vertex -11.705419320967694 58.847116824193826 0
    endloop
  endfacet
  facet normal 0 0 1
    outer loop
      vertex -11.185118310008203 49.80959373846688 1.5
      vertex -11.705419320967694 58.847116824193826 1.5
      vertex -13.146074409412188 58.54212780231171 1.5
    endloop
  endfacet
  facet normal -0.23105810828066917 0.9729399522055606 0
    outer loop
      vertex -14.578810794195832 58.20187519167264 0
      vertex -14.578810794195832 58.20187519167264 1.5
      vertex -13.146074409412188 58.54212780231171 0
    endloop
  endfacet
  facet normal -0.23105810828066917 0.9729399522055606 0
    outer loop
      vertex -13.146074409412188 58.54212780231171 0
      vertex -14.578810794195832 58.20187519167264 1.5
      vertex -13.146074409412188 58.54212780231171 1.5
    endloop
  endfacet
  facet normal -0.20711137619221853 0.9783173707196275 0
    outer loop
      vertex -13.146074409412188 58.54212780231171 0
      vertex -13.146074409412188 58.54212780231171 1.5
      vertex -11.705419320967694 58.847116824193826 0
    endloop
  endfacet
  facet normal -0.20711137619221853 0.9783173707196275 0
    outer loop
      vertex -13.146074409412188 58.54212780231171 1.5
      vertex -11.705419320967694 58.847116824193826 1.5
      vertex -11.705419320967694 58.847116824193826 0
    endloop
  endfacet
  facet normal 0 0 -1
    outer loop
      vertex -10.36981569038745 49.982194627111596 0
      vertex -10.257713325618074 59.11665854333647 0
      vertex -10.364145266120545 48.75689160305133 0
    endloop
  endfacet
  facet normal 0 0 -1
    outer loop
      vertex -8.915349835222807 50.263468189038626 0
      vertex -10.364145266120545 48.75689160305133 0
      vertex -10.257713325618074 59.11665854333647 0
    endloop
  endfacet
  facet normal 0 0 1
    outer loop
      vertex -11.185118310008203 49.80959373846688 1.5
      vertex -9.959360938923346 50.06908856458491 1.5
      vertex -11.705419320967694 58.847116824193826 1.5
    endloop
  endfacet
  facet normal 0 0 1
    outer loop
      vertex -9.959360938923346 50.06908856458491 1.5
      vertex -8.727604421213377 50.298423643955445 1.5
      vertex -10.257713325618074 59.11665854333647 1.5
    endloop
  endfacet
  facet normal 0 0 -1
    outer loop
      vertex -10.36981569038745 49.982194627111596 0
      vertex -11.705419320967694 58.847116824193826 0
      vertex -10.257713325618074 59.11665854333647 0
    endloop
  endfacet
  facet normal 0 0 1
    outer loop
      vertex -9.959360938923346 50.06908856458491 1.5
      vertex -10.257713325618074 59.11665854333647 1.5
      vertex -11.705419320967694 58.847116824193826 1.5
    endloop
  endfacet
  facet normal 0 0 -1
    outer loop
      vertex -8.803828467321704 59.350590597886864 0
      vertex -8.522450154701016 49.11609047308872 0
      vertex -8.893384405696931 49.04702793136858 0
    endloop
  endfacet
  facet normal 0 0 -1
    outer loop
      vertex -8.915349835222807 50.263468189038626 0
      vertex -8.803828467321704 59.350590597886864 0
      vertex -8.893384405696931 49.04702793136858 0
    endloop
  endfacet
  facet normal 0 0 -1
    outer loop
      vertex -7.344640511952972 59.5487720759226 0
      vertex -7.314514151599783 49.31044902174433 0
      vertex -8.522450154701016 49.11609047308872 0
    endloop
  endfacet
  facet normal 0 0 1
    outer loop
      vertex -8.727604421213377 50.298423643955445 1.5
      vertex -7.490590720946217 50.49746083370207 1.5
      vertex -8.803828467321704 59.350590597886864 1.5
    endloop
  endfacet
  facet normal 0 0 1
    outer loop
      vertex -8.803828467321704 59.350590597886864 1.5
      vertex -7.490590720946217 50.49746083370207 1.5
      vertex -6.249064968919987 50.66608024126414 1.5
    endloop
  endfacet
  facet normal 0 0 -1
    outer loop
      vertex -8.915349835222807 50.263468189038626 0
      vertex -10.257713325618074 59.11665854333647 0
      vertex -8.803828467321704 59.350590597886864 0
    endloop
  endfacet
  facet normal 0 0 -1
    outer loop
      vertex -8.803828467321704 59.350590597886864 0
      vertex -7.344640511952972 59.5487720759226 0
      vertex -8.522450154701016 49.11609047308872 0
    endloop
  endfacet
  facet normal -0.18303988795513895 0.9831054874312166 0
    outer loop
      vertex -11.705419320967694 58.847116824193826 0
      vertex -11.705419320967694 58.847116824193826 1.5
      vertex -10.257713325618074 59.11665854333647 0
    endloop
  endfacet
  facet normal -0.158858143333868 0.9873014181578573 0
    outer loop
      vertex -10.257713325618074 59.11665854333647 0
      vertex -10.257713325618074 59.11665854333647 1.5
      vertex -8.803828467321704 59.350590597886864 0
    endloop
  endfacet
  facet normal -0.18303988795513895 0.9831054874312166 0
    outer loop
      vertex -11.705419320967694 58.847116824193826 1.5
      vertex -10.257713325618074 59.11665854333647 1.5
      vertex -10.257713325618074 59.11665854333647 0
    endloop
  endfacet
  facet normal 0 0 1
    outer loop
      vertex -8.727604421213377 50.298423643955445 1.5
      vertex -8.803828467321704 59.350590597886864 1.5
      vertex -10.257713325618074 59.11665854333647 1.5
    endloop
  endfacet
  facet normal -0.13458070850712217 0.9909026354277807 0
    outer loop
      vertex -8.803828467321704 59.350590597886864 0
      vertex -8.803828467321704 59.350590597886864 1.5
      vertex -7.344640511952972 59.5487720759226 0
    endloop
  endfacet
  facet normal -0.158858143333868 0.9873014181578573 0
    outer loop
      vertex -10.257713325618074 59.11665854333647 1.5
      vertex -8.803828467321704 59.350590597886864 1.5
      vertex -8.803828467321704 59.350590597886864 0
    endloop
  endfacet
  facet normal -0.13458070850712217 0.9909026354277807 0
    outer loop
      vertex -8.803828467321704 59.350590597886864 1.5
      vertex -7.344640511952972 59.5487720759226 1.5
      vertex -7.344640511952972 59.5487720759226 0
    endloop
  endfacet
  facet normal 0 0 -1
    outer loop
      vertex -3.0541808332078406 50.95476252166141 0
      vertex -3.667193495443421 49.71492926543271 0
      vertex -4.886154445428597 49.60995862460902 0
    endloop
  endfacet
  facet normal 0 0 -1
    outer loop
      vertex -3.0541808332078406 50.95476252166141 0
      vertex -3.068945576031898 49.75168343554088 0
      vertex -3.667193495443421 49.71492926543271 0
    endloop
  endfacet
  facet normal 0 0 -1
    outer loop
      vertex -1.582428153956295 51.02248486512229 0
      vertex -2.4460235652217883 49.789953491827845 0
      vertex -3.050478503828932 49.75281798509989 0
    endloop
  endfacet
  facet normal 0 0 -1
    outer loop
      vertex -1.582428153956295 51.02248486512229 0
      vertex -1.597170649051029 49.82121859607425 0
      vertex -2.4460235652217883 49.789953491827845 0
    endloop
  endfacet
  facet normal 0 0 -1
    outer loop
      vertex -7.344640511952972 59.5487720759226 0
      vertex -6.102172158680927 49.475104799745694 0
      vertex -7.314514151599783 49.31044902174433 0
    endloop
  endfacet
  facet normal 0 0 1
    outer loop
      vertex -6.249064968919987 50.66608024126414 1.5
      vertex -5.003775013824068 50.80418029661565 1.5
      vertex -7.344640511952972 59.5487720759226 1.5
    endloop
  endfacet
  facet normal 0 0 -1
    outer loop
      vertex -7.344640511952972 59.5487720759226 0
      vertex -5.881028419773636 59.71108360033182 0
      vertex -6.102172158680927 49.475104799745694 0
    endloop
  endfacet
  facet normal 0 0 -1
    outer loop
      vertex -5.881028419773636 59.71108360033182 0
      vertex -4.886154445428597 49.60995862460902 0
      vertex -6.102172158680927 49.475104799745694 0
    endloop
  endfacet
  facet normal 0 0 -1
    outer loop
      vertex -3.0541808332078406 50.95476252166141 0
      vertex -4.886154445428597 49.60995862460902 0
      vertex -4.413873815980046 59.83742740072141 0
    endloop
  endfacet
  facet normal 0 0 1
    outer loop
      vertex -5.003775013824068 50.80418029661565 1.5
      vertex -3.755470971763022 50.911677813447135 1.5
      vertex -5.881028419773636 59.71108360033182 1.5
    endloop
  endfacet
  facet normal 0 0 1
    outer loop
      vertex -8.803828467321704 59.350590597886864 1.5
      vertex -6.249064968919987 50.66608024126414 1.5
      vertex -7.344640511952972 59.5487720759226 1.5
    endloop
  endfacet
  facet normal 0 0 1
    outer loop
      vertex -5.003775013824068 50.80418029661565 1.5
      vertex -5.881028419773636 59.71108360033182 1.5
      vertex -7.344640511952972 59.5487720759226 1.5
    endloop
  endfacet
  facet normal -0.11022220729388692 0.9939069700023555 0
    outer loop
      vertex -7.344640511952972 59.5487720759226 0
      vertex -7.344640511952972 59.5487720759226 1.5
      vertex -5.881028419773636 59.71108360033182 0
    endloop
  endfacet
  facet normal -0.11022220729388692 0.9939069700023555 0
    outer loop
      vertex -5.881028419773636 59.71108360033182 0
      vertex -7.344640511952972 59.5487720759226 1.5
      vertex -5.881028419773636 59.71108360033182 1.5
    endloop
  endfacet
  facet normal 0 0 -1
    outer loop
      vertex -5.881028419773636 59.71108360033182 0
      vertex -4.413873815980046 59.83742740072141 0
      vertex -4.886154445428597 49.60995862460902 0
    endloop
  endfacet
  facet normal 0 0 1
    outer loop
      vertex -3.755470971763022 50.911677813447135 1.5
      vertex -4.413873815980046 59.83742740072141 1.5
      vertex -5.881028419773636 59.71108360033182 1.5
    endloop
  endfacet
  facet normal -0.08579731234443426 0.9963126121827786 0
    outer loop
      vertex -5.881028419773636 59.71108360033182 0
      vertex -5.881028419773636 59.71108360033182 1.5
      vertex -4.413873815980046 59.83742740072141 0
    endloop
  endfacet
  facet normal -0.06132073630221063 0.998118112900149 0
    outer loop
      vertex -4.413873815980046 59.83742740072141 0
      vertex -4.413873815980046 59.83742740072141 1.5
      vertex -2.944060459645081 59.92772737231034 0
    endloop
  endfacet
  facet normal -0.08579731234443426 0.9963126121827786 0
    outer loop
      vertex -5.881028419773636 59.71108360033182 1.5
      vertex -4.413873815980046 59.83742740072141 1.5
      vertex -4.413873815980046 59.83742740072141 0
    endloop
  endfacet
  facet normal 0 0 -1
    outer loop
      vertex -3.0541808332078406 50.95476252166141 0
      vertex -2.944060459645081 59.92772737231034 0
      vertex -3.050478503828932 49.75281798509989 0
    endloop
  endfacet
  facet normal 0 0 -1
    outer loop
      vertex -1.582428153956295 51.02248486512229 0
      vertex -3.050478503828932 49.75281798509989 0
      vertex -2.944060459645081 59.92772737231034 0
    endloop
  endfacet
  facet normal 0 0 1
    outer loop
      vertex -3.755470971763022 50.911677813447135 1.5
      vertex -2.5049047744146895 50.98850803927405 1.5
      vertex -4.413873815980046 59.83742740072141 1.5
    endloop
  endfacet
  facet normal 0 0 1
    outer loop
      vertex -2.5049047744146895 50.98850803927405 1.5
      vertex -1.2528297160946722 51.03462469444123 1.5
      vertex -2.944060459645081 59.92772737231034 1.5
    endloop
  endfacet
  facet normal 0 0 -1
    outer loop
      vertex -1.4724737113747373 59.981929121772254 0
      vertex -1.2233802418671775 49.83498611200579 0
      vertex -1.5750480167104035 49.82203342087271 0
    endloop
  endfacet
  facet normal 0 0 -1
    outer loop
      vertex -1.582428153956295 51.02248486512229 0
      vertex -1.4724737113747373 59.981929121772254 0
      vertex -1.5750480167104035 49.82203342087271 0
    endloop
  endfacet
  facet normal 0 0 -1
    outer loop
      vertex -1.4724737113747373 59.981929121772254 0
      vertex 0 49.85 0
      vertex -1.2233802418671775 49.83498611200579 0
    endloop
  endfacet
  facet normal 0 0 1
    outer loop
      vertex -1.2528297160946722 51.03462469444123 1.5
      vertex 0 51.05 1.5
      vertex -1.4724737113747373 59.981929121772254 1.5
    endloop
  endfacet
  facet normal 0 0 -1
    outer loop
      vertex -3.0541808332078406 50.95476252166141 0
      vertex -4.413873815980046 59.83742740072141 0
      vertex -2.944060459645081 59.92772737231034 0
    endloop
  endfacet
  facet normal 0 0 -1
    outer loop
      vertex -1.582428153956295 51.02248486512229 0
      vertex -2.944060459645081 59.92772737231034 0
      vertex -1.4724737113747373 59.981929121772254 0
    endloop
  endfacet
  facet normal 0 0 1
    outer loop
      vertex -2.5049047744146895 50.98850803927405 1.5
      vertex -2.944060459645081 59.92772737231034 1.5
      vertex -4.413873815980046 59.83742740072141 1.5
    endloop
  endfacet
  facet normal 0 0 1
    outer loop
      vertex -1.2528297160946722 51.03462469444123 1.5
      vertex -1.4724737113747373 59.981929121772254 1.5
      vertex -2.944060459645081 59.92772737231034 1.5
    endloop
  endfacet
  facet normal -0.03680722294135924 0.9993223845883494 0
    outer loop
      vertex -2.944060459645081 59.92772737231034 0
      vertex -2.944060459645081 59.92772737231034 1.5
      vertex -1.4724737113747373 59.981929121772254 0
    endloop
  endfacet
  facet normal -0.06132073630221063 0.998118112900149 0
    outer loop
      vertex -4.413873815980046 59.83742740072141 1.5
      vertex -2.944060459645081 59.92772737231034 1.5
      vertex -2.944060459645081 59.92772737231034 0
    endloop
  endfacet
  facet normal -0.03680722294135924 0.9993223845883494 0
    outer loop
      vertex -2.944060459645081 59.92772737231034 1.5
      vertex -1.4724737113747373 59.981929121772254 1.5
      vertex -1.4724737113747373 59.981929121772254 0
    endloop
  endfacet
  facet normal 0 0 -1
    outer loop
      vertex -1.4724737113747373 59.981929121772254 0
      vertex 0 60 0
      vertex 0 49.85 0
    endloop
  endfacet
  facet normal 0 0 1
    outer loop
      vertex -1.4724737113747373 59.981929121772254 1.5
      vertex 0 51.05 1.5
      vertex 0 60 1.5
    endloop
  endfacet
  facet normal -0.012271538285719617 0.9999247018391446 0
    outer loop
      vertex -1.4724737113747373 59.981929121772254 0
      vertex -1.4724737113747373 59.981929121772254 1.5
      vertex 0 60 0
    endloop
  endfacet
  facet normal -0.012271538285719617 0.9999247018391446 0
    outer loop
      vertex -1.4724737113747373 59.981929121772254 1.5
      vertex 0 60 1.5
      vertex 0 60 0
    endloop
  endfacet
  facet normal 0.012271538285719617 -0.9999247018391446 0
    outer loop
      vertex 0 -60 0
      vertex 1.4724737113747373 -59.981929121772254 0
      vertex 1.4724737113747373 -59.981929121772254 1.5
    endloop
  endfacet
  facet normal 0.012271538285719617 -0.9999247018391446 0
    outer loop
      vertex 0 -60 0
      vertex 1.4724737113747373 -59.981929121772254 1.5
      vertex 0 -60 1.5
    endloop
  endfacet
  facet normal 0 0 -1
    outer loop
      vertex 0 -60 0
      vertex 1.4724737113747373 -51.02653472705264 0
      vertex 1.4724737113747373 -59.981929121772254 0
    endloop
  endfacet
  facet normal 0 0 1
    outer loop
      vertex 0 -60 1.5
      vertex 1.4724737113747373 -59.981929121772254 1.5
      vertex 0 -51.05 1.5
    endloop
  endfacet
  facet normal 0.03680722294135924 -0.9993223845883494 0
    outer loop
      vertex 1.4724737113747373 -59.981929121772254 0
      vertex 2.944060459645081 -59.92772737231034 0
      vertex 2.944060459645081 -59.92772737231034 1.5
    endloop
  endfacet
  facet normal 0.03680722294135924 -0.9993223845883494 0
    outer loop
      vertex 1.4724737113747373 -59.981929121772254 0
      vertex 2.944060459645081 -59.92772737231034 1.5
      vertex 1.4724737113747373 -59.981929121772254 1.5
    endloop
  endfacet
  facet normal 0.06132073630221063 -0.998118112900149 0
    outer loop
      vertex 2.944060459645081 -59.92772737231034 0
      vertex 4.413873815980046 -59.83742740072141 1.5
      vertex 2.944060459645081 -59.92772737231034 1.5
    endloop
  endfacet
  facet normal 0 0 -1
    outer loop
      vertex 1.4724737113747373 -59.981929121772254 0
      vertex 1.582428153956295 -51.02248486512229 0
      vertex 2.944060459645081 -59.92772737231034 0
    endloop
  endfacet
  facet normal 0 0 -1
    outer loop
      vertex 2.944060459645081 -59.92772737231034 0
      vertex 3.0541808332078406 -50.95476252166141 0
      vertex 4.413873815980046 -59.83742740072141 0
    endloop
  endfacet
  facet normal 0 0 1
    outer loop
      vertex 1.4724737113747373 -59.981929121772254 1.5
      vertex 2.944060459645081 -59.92772737231034 1.5
      vertex 1.2528297160946722 -51.03462469444123 1.5
    endloop
  endfacet
  facet normal 0 0 1
    outer loop
      vertex 2.944060459645081 -59.92772737231034 1.5
      vertex 4.413873815980046 -59.83742740072141 1.5
      vertex 2.5049047744146895 -50.98850803927405 1.5
    endloop
  endfacet
  facet normal 0 0 -1
    outer loop
      vertex 0 -60 0
      vertex 1.2233802418671775 -49.83498611200579 0
      vertex 1.4724737113747373 -51.02653472705264 0
    endloop
  endfacet
  facet normal 0 0 -1
    outer loop
      vertex 0 -60 0
      vertex 0 -49.85 0
      vertex 1.2233802418671775 -49.83498611200579 0
    endloop
  endfacet
  facet normal 0 0 -1
    outer loop
      vertex 1.4724737113747373 -59.981929121772254 0
      vertex 1.4724737113747373 -51.02653472705264 0
      vertex 1.582428153956295 -51.02248486512229 0
    endloop
  endfacet
  facet normal 0 0 1
    outer loop
      vertex 1.4724737113747373 -59.981929121772254 1.5
      vertex 1.2528297160946722 -51.03462469444123 1.5
      vertex 0 -51.05 1.5
    endloop
  endfacet
  facet normal 0 0 -1
    outer loop
      vertex 2.944060459645081 -59.92772737231034 0
      vertex 1.582428153956295 -51.02248486512229 0
      vertex 2.944060459645081 -50.961527915758026 0
    endloop
  endfacet
  facet normal 0 0 -1
    outer loop
      vertex 2.944060459645081 -59.92772737231034 0
      vertex 2.944060459645081 -50.961527915758026 0
      vertex 3.0541808332078406 -50.95476252166141 0
    endloop
  endfacet
  facet normal 0 0 1
    outer loop
      vertex 2.944060459645081 -59.92772737231034 1.5
      vertex 2.5049047744146895 -50.98850803927405 1.5
      vertex 1.2528297160946722 -51.03462469444123 1.5
    endloop
  endfacet
  facet normal 0 0 1
    outer loop
      vertex 4.413873815980046 -59.83742740072141 1.5
      vertex 3.755470971763022 -50.911677813447135 1.5
      vertex 2.5049047744146895 -50.98850803927405 1.5
    endloop
  endfacet
  facet normal 0.06132073630221063 -0.998118112900149 0
    outer loop
      vertex 2.944060459645081 -59.92772737231034 0
      vertex 4.413873815980046 -59.83742740072141 0
      vertex 4.413873815980046 -59.83742740072141 1.5
    endloop
  endfacet
  facet normal 0.08579731234443426 -0.9963126121827786 0
    outer loop
      vertex 4.413873815980046 -59.83742740072141 0
      vertex 5.881028419773636 -59.71108360033182 0
      vertex 5.881028419773636 -59.71108360033182 1.5
    endloop
  endfacet
  facet normal 0.08579731234443426 -0.9963126121827786 0
    outer loop
      vertex 4.413873815980046 -59.83742740072141 0
      vertex 5.881028419773636 -59.71108360033182 1.5
      vertex 4.413873815980046 -59.83742740072141 1.5
    endloop
  endfacet
  facet normal 0 0 -1
    outer loop
      vertex 4.413873815980046 -59.83742740072141 0
      vertex 4.524227195304171 -50.845476485649634 0
      vertex 5.881028419773636 -59.71108360033182 0
    endloop
  endfacet
  facet normal 0 0 1
    outer loop
      vertex 4.413873815980046 -59.83742740072141 1.5
      vertex 5.881028419773636 -59.71108360033182 1.5
      vertex 3.755470971763022 -50.911677813447135 1.5
    endloop
  endfacet
  facet normal 0.11022220729388692 -0.9939069700023555 0
    outer loop
      vertex 5.881028419773636 -59.71108360033182 0
      vertex 7.344640511952972 -59.5487720759226 0
      vertex 7.344640511952972 -59.5487720759226 1.5
    endloop
  endfacet
  facet normal 0.11022220729388692 -0.9939069700023555 0
    outer loop
      vertex 5.881028419773636 -59.71108360033182 0
      vertex 7.344640511952972 -59.5487720759226 1.5
      vertex 5.881028419773636 -59.71108360033182 1.5
    endloop
  endfacet
  facet normal 0 0 -1
    outer loop
      vertex 5.881028419773636 -59.71108360033182 0
      vertex 5.991682588259273 -50.694623409761 0
      vertex 7.344640511952972 -59.5487720759226 0
    endloop
  endfacet
  facet normal 0 0 1
    outer loop
      vertex 5.881028419773636 -59.71108360033182 1.5
      vertex 7.344640511952972 -59.5487720759226 1.5
      vertex 5.003775013824068 -50.80418029661565 1.5
    endloop
  endfacet
  facet normal 0 0 1
    outer loop
      vertex 7.344640511952972 -59.5487720759226 1.5
      vertex 8.803828467321704 -59.350590597886864 1.5
      vertex 6.249064968919987 -50.66608024126414 1.5
    endloop
  endfacet
  facet normal 0 0 -1
    outer loop
      vertex 4.413873815980046 -59.83742740072141 0
      vertex 3.0541808332078406 -50.95476252166141 0
      vertex 4.413873815980046 -50.85497955048929 0
    endloop
  endfacet
  facet normal 0 0 -1
    outer loop
      vertex 4.413873815980046 -59.83742740072141 0
      vertex 4.413873815980046 -50.85497955048929 0
      vertex 4.524227195304171 -50.845476485649634 0
    endloop
  endfacet
  facet normal 0 0 -1
    outer loop
      vertex 5.881028419773636 -59.71108360033182 0
      vertex 4.524227195304171 -50.845476485649634 0
      vertex 5.881028419773636 -50.706894725955436 0
    endloop
  endfacet
  facet normal 0 0 1
    outer loop
      vertex 5.881028419773636 -59.71108360033182 1.5
      vertex 5.003775013824068 -50.80418029661565 1.5
      vertex 3.755470971763022 -50.911677813447135 1.5
    endloop
  endfacet
  facet normal 0 0 -1
    outer loop
      vertex 5.881028419773636 -59.71108360033182 0
      vertex 5.881028419773636 -50.706894725955436 0
      vertex 5.991682588259273 -50.694623409761 0
    endloop
  endfacet
  facet normal 0 0 -1
    outer loop
      vertex 7.344640511952972 -59.5487720759226 0
      vertex 5.991682588259273 -50.694623409761 0
      vertex 7.344640511952972 -50.51728324796439 0
    endloop
  endfacet
  facet normal 0 0 -1
    outer loop
      vertex 7.344640511952972 -59.5487720759226 0
      vertex 7.344640511952972 -50.51728324796439 0
      vertex 7.455664173082917 -50.50220442746103 0
    endloop
  endfacet
  facet normal 0 0 1
    outer loop
      vertex 7.344640511952972 -59.5487720759226 1.5
      vertex 6.249064968919987 -50.66608024126414 1.5
      vertex 5.003775013824068 -50.80418029661565 1.5
    endloop
  endfacet
  facet normal 0 0 -1
    outer loop
      vertex 1.4724737113747373 -51.02653472705264 0
      vertex 1.2233802418671775 -49.83498611200579 0
      vertex 1.4724737113747373 -49.82581145625225 0
    endloop
  endfacet
  facet normal 0 0 -1
    outer loop
      vertex 1.582428153956295 -51.02248486512229 0
      vertex 1.597170649051029 -49.82121859607425 0
      vertex 2.4460235652217883 -49.789953491827845 0
    endloop
  endfacet
  facet normal 0 0 -1
    outer loop
      vertex 1.582428153956295 -51.02248486512229 0
      vertex 2.4460235652217883 -49.789953491827845 0
      vertex 2.944060459645081 -50.961527915758026 0
    endloop
  endfacet
  facet normal 0 0 -1
    outer loop
      vertex 2.944060459645081 -50.961527915758026 0
      vertex 2.4460235652217883 -49.789953491827845 0
      vertex 2.944060459645081 -49.75935592158341 0
    endloop
  endfacet
  facet normal 0 0 -1
    outer loop
      vertex 3.0541808332078406 -50.95476252166141 0
      vertex 3.068945576031898 -49.75168343554088 0
      vertex 3.667193495443421 -49.71492926543271 0
    endloop
  endfacet
  facet normal 0 0 -1
    outer loop
      vertex 3.0541808332078406 -50.95476252166141 0
      vertex 3.667193495443421 -49.71492926543271 0
      vertex 4.413873815980046 -50.85497955048929 0
    endloop
  endfacet
  facet normal 0 0 -1
    outer loop
      vertex 4.413873815980046 -50.85497955048929 0
      vertex 3.667193495443421 -49.71492926543271 0
      vertex 4.413873815980046 -49.6506290007375 0
    endloop
  endfacet
  facet normal 0 0 -1
    outer loop
      vertex 4.524227195304171 -50.845476485649634 0
      vertex 4.539023179124165 -49.63985178195287 0
      vertex 4.886154445428597 -49.60995862460902 0
    endloop
  endfacet
  facet normal 0 0 -1
    outer loop
      vertex 4.524227195304171 -50.845476485649634 0
      vertex 4.886154445428597 -49.60995862460902 0
      vertex 5.881028419773636 -50.706894725955436 0
    endloop
  endfacet
  facet normal 0 0 -1
    outer loop
      vertex 5.881028419773636 -50.706894725955436 0
      vertex 4.886154445428597 -49.60995862460902 0
      vertex 5.881028419773636 -49.49962917855302 0
    endloop
  endfacet
  facet normal 0 0 -1
    outer loop
      vertex 5.991682588259273 -50.694623409761 0
      vertex 6.00651890135232 -49.48571254622078 0
      vertex 6.102172158680927 -49.475104799745694 0
    endloop
  endfacet
  facet normal 0 0 -1
    outer loop
      vertex 5.991682588259273 -50.694623409761 0
      vertex 6.102172158680927 -49.475104799745694 0
      vertex 7.314514151599783 -49.31044902174433 0
    endloop
  endfacet
  facet normal 0 0 -1
    outer loop
      vertex 5.991682588259273 -50.694623409761 0
      vertex 7.314514151599783 -49.31044902174433 0
      vertex 7.344640511952972 -50.51728324796439 0
    endloop
  endfacet
  facet normal 0 0 -1
    outer loop
      vertex 7.344640511952972 -50.51728324796439 0
      vertex 7.314514151599783 -49.31044902174433 0
      vertex 7.344640511952972 -49.30560164931774 0
    endloop
  endfacet
  facet normal 0.13458070850712217 -0.9909026354277807 0
    outer loop
      vertex 7.344640511952972 -59.5487720759226 0
      vertex 8.803828467321704 -59.350590597886864 0
      vertex 8.803828467321704 -59.350590597886864 1.5
    endloop
  endfacet
  facet normal 0.13458070850712217 -0.9909026354277807 0
    outer loop
      vertex 7.344640511952972 -59.5487720759226 0
      vertex 8.803828467321704 -59.350590597886864 1.5
      vertex 7.344640511952972 -59.5487720759226 1.5
    endloop
  endfacet
  facet normal 0.158858143333868 -0.9873014181578573 0
    outer loop
      vertex 8.803828467321704 -59.350590597886864 0
      vertex 10.257713325618074 -59.11665854333647 1.5
      vertex 8.803828467321704 -59.350590597886864 1.5
    endloop
  endfacet
  facet normal 0 0 -1
    outer loop
      vertex 7.344640511952972 -59.5487720759226 0
      vertex 7.455664173082917 -50.50220442746103 0
      vertex 8.803828467321704 -59.350590597886864 0
    endloop
  endfacet
  facet normal 0 0 1
    outer loop
      vertex 8.803828467321704 -59.350590597886864 1.5
      vertex 10.257713325618074 -59.11665854333647 1.5
      vertex 8.727604421213377 -50.298423643955445 1.5
    endloop
  endfacet
  facet normal 0.158858143333868 -0.9873014181578573 0
    outer loop
      vertex 8.803828467321704 -59.350590597886864 0
      vertex 10.257713325618074 -59.11665854333647 0
      vertex 10.257713325618074 -59.11665854333647 1.5
    endloop
  endfacet
  facet normal 0.18303988795513895 -0.9831054874312166 0
    outer loop
      vertex 10.257713325618074 -59.11665854333647 0
      vertex 11.705419320967694 -58.847116824193826 0
      vertex 11.705419320967694 -58.847116824193826 1.5
    endloop
  endfacet
  facet normal 0.18303988795513895 -0.9831054874312166 0
    outer loop
      vertex 10.257713325618074 -59.11665854333647 0
      vertex 11.705419320967694 -58.847116824193826 1.5
      vertex 10.257713325618074 -59.11665854333647 1.5
    endloop
  endfacet
  facet normal 0 0 -1
    outer loop
      vertex 8.803828467321704 -59.350590597886864 0
      vertex 8.915349835222807 -50.263468189038626 0
      vertex 10.257713325618074 -59.11665854333647 0
    endloop
  endfacet
  facet normal 0 0 -1
    outer loop
      vertex 7.455664173082917 -50.50220442746103 0
      vertex 8.803828467321704 -50.28423183947716 0
      vertex 8.803828467321704 -59.350590597886864 0
    endloop
  endfacet
  facet normal 0 0 -1
    outer loop
      vertex 8.803828467321704 -59.350590597886864 0
      vertex 8.803828467321704 -50.28423183947716 0
      vertex 8.915349835222807 -50.263468189038626 0
    endloop
  endfacet
  facet normal 0 0 1
    outer loop
      vertex 6.249064968919987 -50.66608024126414 1.5
      vertex 8.803828467321704 -59.350590597886864 1.5
      vertex 7.490590720946217 -50.49746083370207 1.5
    endloop
  endfacet
  facet normal 0 0 1
    outer loop
      vertex 7.490590720946217 -50.49746083370207 1.5
      vertex 8.803828467321704 -59.350590597886864 1.5
      vertex 8.727604421213377 -50.298423643955445 1.5
    endloop
  endfacet
  facet normal 0 0 -1
    outer loop
      vertex 10.257713325618074 -59.11665854333647 0
      vertex 10.36981569038745 -49.982194627111596 0
      vertex 11.705419320967694 -58.847116824193826 0
    endloop
  endfacet
  facet normal 0 0 1
    outer loop
      vertex 10.257713325618074 -59.11665854333647 1.5
      vertex 11.705419320967694 -58.847116824193826 1.5
      vertex 9.959360938923346 -50.06908856458491 1.5
    endloop
  endfacet
  facet normal 0 0 -1
    outer loop
      vertex 10.257713325618074 -59.11665854333647 0
      vertex 8.915349835222807 -50.263468189038626 0
      vertex 10.257713325618074 -50.0059268797902 0
    endloop
  endfacet
  facet normal 0 0 -1
    outer loop
      vertex 10.257713325618074 -59.11665854333647 0
      vertex 10.257713325618074 -50.0059268797902 0
      vertex 10.36981569038745 -49.982194627111596 0
    endloop
  endfacet
  facet normal 0 0 1
    outer loop
      vertex 10.257713325618074 -59.11665854333647 1.5
      vertex 9.959360938923346 -50.06908856458491 1.5
      vertex 8.727604421213377 -50.298423643955445 1.5
    endloop
  endfacet
  facet normal 0 0 1
    outer loop
      vertex 11.705419320967694 -58.847116824193826 1.5
      vertex 11.185118310008203 -49.80959373846688 1.5
      vertex 9.959360938923346 -50.06908856458491 1.5
    endloop
  endfacet
  facet normal 0.20711137619221853 -0.9783173707196275 0
    outer loop
      vertex 11.705419320967694 -58.847116824193826 0
      vertex 13.146074409412188 -58.54212780231171 0
      vertex 13.146074409412188 -58.54212780231171 1.5
    endloop
  endfacet
  facet normal 0.20711137619221853 -0.9783173707196275 0
    outer loop
      vertex 11.705419320967694 -58.847116824193826 0
      vertex 13.146074409412188 -58.54212780231171 1.5
      vertex 11.705419320967694 -58.847116824193826 1.5
    endloop
  endfacet
  facet normal 0.23105810828066917 -0.9729399522055606 0
    outer loop
      vertex 13.146074409412188 -58.54212780231171 0
      vertex 14.578810794195832 -58.20187519167264 0
      vertex 14.578810794195832 -58.20187519167264 1.5
    endloop
  endfacet
  facet normal 0.23105810828066917 -0.9729399522055606 0
    outer loop
      vertex 13.146074409412188 -58.54212780231171 0
      vertex 14.578810794195832 -58.20187519167264 1.5
      vertex 13.146074409412188 -58.54212780231171 1.5
    endloop
  endfacet
  facet normal 0 0 -1
    outer loop
      vertex 11.705419320967694 -58.847116824193826 0
      vertex 11.818177044729302 -49.65925213378345 0
      vertex 13.146074409412188 -58.54212780231171 0
    endloop
  endfacet
  facet normal 0 0 1
    outer loop
      vertex 11.705419320967694 -58.847116824193826 1.5
      vertex 13.146074409412188 -58.54212780231171 1.5
      vertex 11.185118310008203 -49.80959373846688 1.5
    endloop
  endfacet
  facet normal 0 0 -1
    outer loop
      vertex 11.705419320967694 -58.847116824193826 0
      vertex 10.36981569038745 -49.982194627111596 0
      vertex 11.705419320967694 -49.686030339660725 0
    endloop
  endfacet
  facet normal 0 0 -1
    outer loop
      vertex 11.705419320967694 -58.847116824193826 0
      vertex 11.705419320967694 -49.686030339660725 0
      vertex 11.818177044729302 -49.65925213378345 0
    endloop
  endfacet
  facet normal 0 0 -1
    outer loop
      vertex 13.146074409412188 -58.54212780231171 0
      vertex 11.818177044729302 -49.65925213378345 0
      vertex 13.146074409412188 -49.32454359699839 0
    endloop
  endfacet
  facet normal 0 0 1
    outer loop
      vertex 13.146074409412188 -58.54212780231171 1.5
      vertex 12.40413818406162 -49.52009547558147 1.5
      vertex 11.185118310008203 -49.80959373846688 1.5
    endloop
  endfacet
  facet normal 0 0 -1
    outer loop
      vertex 13.146074409412188 -58.54212780231171 0
      vertex 13.259563963645475 -49.29463119378693 0
      vertex 14.578810794195832 -58.20187519167264 0
    endloop
  endfacet
  facet normal 0 0 1
    outer loop
      vertex 13.146074409412188 -58.54212780231171 1.5
      vertex 14.578810794195832 -58.20187519167264 1.5
      vertex 12.40413818406162 -49.52009547558147 1.5
    endloop
  endfacet
  facet normal 0 0 1
    outer loop
      vertex 14.578810794195832 -58.20187519167264 1.5
      vertex 16.002765448493903 -57.82656394772639 1.5
      vertex 13.615686269093564 -49.2007681588572 1.5
    endloop
  endfacet
  facet normal 0 0 -1
    outer loop
      vertex 7.455664173082917 -50.50220442746103 0
      vertex 8.522450154701016 -49.11609047308872 0
      vertex 8.803828467321704 -50.28423183947716 0
    endloop
  endfacet
  facet normal 0 0 -1
    outer loop
      vertex 7.455664173082917 -50.50220442746103 0
      vertex 7.47059815867342 -49.285334892348985 0
      vertex 8.522450154701016 -49.11609047308872 0
    endloop
  endfacet
  facet normal 0 0 -1
    outer loop
      vertex 8.803828467321704 -50.28423183947716 0
      vertex 8.522450154701016 -49.11609047308872 0
      vertex 8.803828467321704 -49.063701939535036 0
    endloop
  endfacet
  facet normal 0 0 -1
    outer loop
      vertex 8.915349835222807 -50.263468189038626 0
      vertex 8.930363046990927 -49.04014304826527 0
      vertex 9.725252552503994 -48.89214622810104 0
    endloop
  endfacet
  facet normal 0 0 -1
    outer loop
      vertex 8.915349835222807 -50.263468189038626 0
      vertex 9.725252552503994 -48.89214622810104 0
      vertex 10.257713325618074 -50.0059268797902 0
    endloop
  endfacet
  facet normal 0 0 -1
    outer loop
      vertex 10.257713325618074 -50.0059268797902 0
      vertex 9.725252552503994 -48.89214622810104 0
      vertex 10.257713325618074 -48.779423417703725 0
    endloop
  endfacet
  facet normal 0 0 -1
    outer loop
      vertex 10.36981569038745 -49.982194627111596 0
      vertex 10.384907117023124 -48.75249628549751 0
      vertex 10.92219682181996 -48.63875118242065 0
    endloop
  endfacet
  facet normal 0 0 -1
    outer loop
      vertex 10.36981569038745 -49.982194627111596 0
      vertex 10.92219682181996 -48.63875118242065 0
      vertex 11.705419320967694 -49.686030339660725 0
    endloop
  endfacet
  facet normal 0 0 -1
    outer loop
      vertex 11.705419320967694 -49.686030339660725 0
      vertex 10.92219682181996 -48.63875118242065 0
      vertex 11.705419320967694 -48.4527480189102 0
    endloop
  endfacet
  facet normal 0 0 -1
    outer loop
      vertex 11.818177044729302 -49.65925213378345 0
      vertex 11.8333566969985 -48.42236488168055 0
      vertex 12.112561968177705 -48.356057971748015 0
    endloop
  endfacet
  facet normal 0 0 -1
    outer loop
      vertex 11.818177044729302 -49.65925213378345 0
      vertex 13.146074409412188 -48.083655449109514 0
      vertex 13.146074409412188 -49.32454359699839 0
    endloop
  endfacet
  facet normal 0 0 -1
    outer loop
      vertex 13.146074409412188 -58.54212780231171 0
      vertex 13.146074409412188 -49.32454359699839 0
      vertex 13.259563963645475 -49.29463119378693 0
    endloop
  endfacet
  facet normal 0 0 -1
    outer loop
      vertex 14.578810794195832 -58.20187519167264 0
      vertex 13.259563963645475 -49.29463119378693 0
      vertex 14.578810794195832 -48.921467222300286 0
    endloop
  endfacet
  facet normal 0 0 -1
    outer loop
      vertex 14.578810794195832 -58.20187519167264 0
      vertex 14.578810794195832 -48.921467222300286 0
      vertex 14.693111040515937 -48.888320765104105 0
    endloop
  endfacet
  facet normal 0 0 1
    outer loop
      vertex 14.578810794195832 -58.20187519167264 1.5
      vertex 13.615686269093564 -49.2007681588572 1.5
      vertex 12.40413818406162 -49.52009547558147 1.5
    endloop
  endfacet
  facet normal 0 0 1
    outer loop
      vertex 13.615686269093564 -49.2007681588572 1.5
      vertex 16.002765448493903 -57.82656394772639 1.5
      vertex 14.819032773840302 -48.85180413912926 1.5
    endloop
  endfacet
  facet normal 0 0 -1
    outer loop
      vertex 11.818177044729302 -49.65925213378345 0
      vertex 12.112561968177705 -48.356057971748015 0
      vertex 13.146074409412188 -48.083655449109514 0
    endloop
  endfacet
  facet normal 0 0 -1
    outer loop
      vertex 13.259563963645475 -49.29463119378693 0
      vertex 13.274842136279482 -48.049716183133015 0
      vertex 13.295630960123686 -48.04423687990268 0
    endloop
  endfacet
  facet normal 0 0 -1
    outer loop
      vertex 13.259563963645475 -49.29463119378693 0
      vertex 13.295630960123686 -48.04423687990268 0
      vertex 14.470691161134948 -47.70347573625061 0
    endloop
  endfacet
  facet normal 0 0 -1
    outer loop
      vertex 13.259563963645475 -49.29463119378693 0
      vertex 14.470691161134948 -47.70347573625061 0
      vertex 14.578810794195832 -48.921467222300286 0
    endloop
  endfacet
  facet normal 0 0 -1
    outer loop
      vertex 14.578810794195832 -48.921467222300286 0
      vertex 14.470691161134948 -47.70347573625061 0
      vertex 14.578810794195832 -47.66922359576227 0
    endloop
  endfacet
  facet normal 0.2548656596045156 -0.9669764710448518 0
    outer loop
      vertex 14.578810794195832 -58.20187519167264 0
      vertex 16.002765448493903 -57.82656394772639 0
      vertex 16.002765448493903 -57.82656394772639 1.5
    endloop
  endfacet
  facet normal 0.2548656596045156 -0.9669764710448518 0
    outer loop
      vertex 14.578810794195832 -58.20187519167264 0
      vertex 16.002765448493903 -57.82656394772639 1.5
      vertex 14.578810794195832 -58.20187519167264 1.5
    endloop
  endfacet
  facet normal 0.2785196893850564 -0.9604305194155649 0
    outer loop
      vertex 16.002765448493903 -57.82656394772639 0
      vertex 17.41708063526774 -57.41642014393253 1.5
      vertex 16.002765448493903 -57.82656394772639 1.5
    endloop
  endfacet
  facet normal 0.2785196893850564 -0.9604305194155649 0
    outer loop
      vertex 16.002765448493903 -57.82656394772639 0
      vertex 17.41708063526774 -57.41642014393253 0
      vertex 17.41708063526774 -57.41642014393253 1.5
    endloop
  endfacet
  facet normal 0.30200594931922325 -0.9533060403541952 0
    outer loop
      vertex 17.41708063526774 -57.41642014393253 0
      vertex 18.82090442393349 -56.9716908355822 0
      vertex 18.82090442393349 -56.9716908355822 1.5
    endloop
  endfacet
  facet normal 0.30200594931922325 -0.9533060403541952 0
    outer loop
      vertex 17.41708063526774 -57.41642014393253 0
      vertex 18.82090442393349 -56.9716908355822 1.5
      vertex 17.41708063526774 -57.41642014393253 1.5
    endloop
  endfacet
  facet normal 0 0 -1
    outer loop
      vertex 14.578810794195832 -58.20187519167264 0
      vertex 14.693111040515937 -48.888320765104105 0
      vertex 16.002765448493903 -57.82656394772639 0
    endloop
  endfacet
  facet normal 0 0 1
    outer loop
      vertex 14.819032773840302 -48.85180413912926 1.5
      vertex 16.002765448493903 -57.82656394772639 1.5
      vertex 17.41708063526774 -57.41642014393253 1.5
    endloop
  endfacet
  facet normal 0 0 -1
    outer loop
      vertex 16.002765448493903 -57.82656394772639 0
      vertex 15.637034758884743 -47.33397980256288 0
      vertex 17.41708063526774 -57.41642014393253 0
    endloop
  endfacet
  facet normal 0 0 -1
    outer loop
      vertex 17.41708063526774 -57.41642014393253 0
      vertex 17.533364298180945 -47.94125050667883 0
      vertex 18.82090442393349 -56.9716908355822 0
    endloop
  endfacet
  facet normal 0 0 1
    outer loop
      vertex 17.41708063526774 -57.41642014393253 1.5
      vertex 18.82090442393349 -56.9716908355822 1.5
      vertex 17.19822701567283 -48.06582452759321 1.5
    endloop
  endfacet
  facet normal 0.32531029216226215 -0.9456073253805216 0
    outer loop
      vertex 18.82090442393349 -56.9716908355822 0
      vertex 20.213391203533202 -56.49264391098125 0
      vertex 20.213391203533202 -56.49264391098125 1.5
    endloop
  endfacet
  facet normal 0.32531029216226215 -0.9456073253805216 0
    outer loop
      vertex 18.82090442393349 -56.9716908355822 0
      vertex 20.213391203533202 -56.49264391098125 1.5
      vertex 18.82090442393349 -56.9716908355822 1.5
    endloop
  endfacet
  facet normal 0.34841868024943917 -0.9373390119125733 0
    outer loop
      vertex 20.213391203533202 -56.49264391098125 0
      vertex 21.59370219209929 -55.97956793008433 1.5
      vertex 20.213391203533202 -56.49264391098125 1.5
    endloop
  endfacet
  facet normal 0 0 -1
    outer loop
      vertex 18.82090442393349 -56.9716908355822 0
      vertex 18.938335123827063 -47.40305690853147 0
      vertex 20.213391203533202 -56.49264391098125 0
    endloop
  endfacet
  facet normal 0 0 1
    outer loop
      vertex 18.82090442393349 -56.9716908355822 1.5
      vertex 20.213391203533202 -56.49264391098125 1.5
      vertex 18.372641615111146 -47.629282380513416 1.5
    endloop
  endfacet
  facet normal 0 0 1
    outer loop
      vertex 20.213391203533202 -56.49264391098125 1.5
      vertex 21.59370219209929 -55.97956793008433 1.5
      vertex 19.53598922223783 -47.164050134701185 1.5
    endloop
  endfacet
  facet normal 0.34841868024943917 -0.9373390119125733 0
    outer loop
      vertex 20.213391203533202 -56.49264391098125 0
      vertex 21.59370219209929 -55.97956793008433 0
      vertex 21.59370219209929 -55.97956793008433 1.5
    endloop
  endfacet
  facet normal 0.371317193951834 -0.928506080473217 0
    outer loop
      vertex 21.59370219209929 -55.97956793008433 0
      vertex 22.961005941905388 -55.43277195067721 1.5
      vertex 21.59370219209929 -55.97956793008433 1.5
    endloop
  endfacet
  facet normal 0 0 -1
    outer loop
      vertex 20.213391203533202 -56.49264391098125 0
      vertex 20.332063991089115 -46.822800656582544 0
      vertex 21.59370219209929 -55.97956793008433 0
    endloop
  endfacet
  facet normal 0 0 -1
    outer loop
      vertex 21.59370219209929 -55.97956793008433 0
      vertex 21.71371668889193 -46.20039785966172 0
      vertex 22.961005941905388 -55.43277195067721 0
    endloop
  endfacet
  facet normal 0 0 1
    outer loop
      vertex 21.59370219209929 -55.97956793008433 1.5
      vertex 22.961005941905388 -55.43277195067721 1.5
      vertex 20.68756907995473 -46.670408028665236 1.5
    endloop
  endfacet
  facet normal 0 0 -1
    outer loop
      vertex 14.693111040515937 -48.888320765104105 0
      vertex 15.637034758884743 -47.33397980256288 0
      vertex 16.002765448493903 -57.82656394772639 0
    endloop
  endfacet
  facet normal 0 0 1
    outer loop
      vertex 14.819032773840302 -48.85180413912926 1.5
      vertex 17.41708063526774 -57.41642014393253 1.5
      vertex 16.01345284736341 -48.47341361927452 1.5
    endloop
  endfacet
  facet normal 0 0 -1
    outer loop
      vertex 17.41708063526774 -57.41642014393253 0
      vertex 15.637034758884743 -47.33397980256288 0
      vertex 16.79395919160217 -46.93597164937359 0
    endloop
  endfacet
  facet normal 0 0 -1
    outer loop
      vertex 17.41708063526774 -57.41642014393253 0
      vertex 16.79395919160217 -46.93597164937359 0
      vertex 17.41708063526774 -47.984474356163254 0
    endloop
  endfacet
  facet normal 0 0 -1
    outer loop
      vertex 17.41708063526774 -57.41642014393253 0
      vertex 17.41708063526774 -47.984474356163254 0
      vertex 17.533364298180945 -47.94125050667883 0
    endloop
  endfacet
  facet normal 0 0 -1
    outer loop
      vertex 18.82090442393349 -56.9716908355822 0
      vertex 17.533364298180945 -47.94125050667883 0
      vertex 18.82090442393349 -47.450018408176206 0
    endloop
  endfacet
  facet normal 0 0 1
    outer loop
      vertex 17.41708063526774 -57.41642014393253 1.5
      vertex 17.19822701567283 -48.06582452759321 1.5
      vertex 16.01345284736341 -48.47341361927452 1.5
    endloop
  endfacet
  facet normal 0 0 1
    outer loop
      vertex 18.82090442393349 -56.9716908355822 1.5
      vertex 18.372641615111146 -47.629282380513416 1.5
      vertex 17.19822701567283 -48.06582452759321 1.5
    endloop
  endfacet
  facet normal 0 0 -1
    outer loop
      vertex 14.693111040515937 -48.888320765104105 0
      vertex 14.708576881977384 -47.62811389030467 0
      vertex 15.637034758884743 -47.33397980256288 0
    endloop
  endfacet
  facet normal 0 0 -1
    outer loop
      vertex 17.41708063526774 -47.984474356163254 0
      vertex 16.79395919160217 -46.93597164937359 0
      vertex 17.41708063526774 -46.7043509142096 0
    endloop
  endfacet
  facet normal 0 0 -1
    outer loop
      vertex 17.533364298180945 -47.94125050667883 0
      vertex 17.54914656052224 -46.6552606333205 0
      vertex 17.94076757126916 -46.509691021911735 0
    endloop
  endfacet
  facet normal 0 0 -1
    outer loop
      vertex 17.533364298180945 -47.94125050667883 0
      vertex 17.94076757126916 -46.509691021911735 0
      vertex 18.82090442393349 -47.450018408176206 0
    endloop
  endfacet
  facet normal 0 0 -1
    outer loop
      vertex 18.82090442393349 -47.450018408176206 0
      vertex 17.94076757126916 -46.509691021911735 0
      vertex 18.82090442393349 -46.15771707871649 0
    endloop
  endfacet
  facet normal 0 0 -1
    outer loop
      vertex 18.82090442393349 -56.9716908355822 0
      vertex 18.82090442393349 -47.450018408176206 0
      vertex 18.938335123827063 -47.40305690853147 0
    endloop
  endfacet
  facet normal 0 0 -1
    outer loop
      vertex 20.213391203533202 -56.49264391098125 0
      vertex 18.938335123827063 -47.40305690853147 0
      vertex 20.213391203533202 -46.87367154007855 0
    endloop
  endfacet
  facet normal 0 0 -1
    outer loop
      vertex 20.213391203533202 -56.49264391098125 0
      vertex 20.213391203533202 -46.87367154007855 0
      vertex 20.332063991089115 -46.822800656582544 0
    endloop
  endfacet
  facet normal 0 0 1
    outer loop
      vertex 20.213391203533202 -56.49264391098125 1.5
      vertex 19.53598922223783 -47.164050134701185 1.5
      vertex 18.372641615111146 -47.629282380513416 1.5
    endloop
  endfacet
  facet normal 0 0 1
    outer loop
      vertex 21.59370219209929 -55.97956793008433 1.5
      vertex 20.68756907995473 -46.670408028665236 1.5
      vertex 19.53598922223783 -47.164050134701185 1.5
    endloop
  endfacet
  facet normal 0 0 -1
    outer loop
      vertex 21.59370219209929 -55.97956793008433 0
      vertex 20.332063991089115 -46.822800656582544 0
      vertex 21.59370219209929 -46.255368541685534 0
    endloop
  endfacet
  facet normal 0 0 -1
    outer loop
      vertex 21.59370219209929 -55.97956793008433 0
      vertex 21.59370219209929 -46.255368541685534 0
      vertex 21.71371668889193 -46.20039785966172 0
    endloop
  endfacet
  facet normal 0 0 1
    outer loop
      vertex 20.68756907995473 -46.670408028665236 1.5
      vertex 22.961005941905388 -55.43277195067721 1.5
      vertex 21.8266875196159 -46.14865341395178 1.5
    endloop
  endfacet
  facet normal 0 0 -1
    outer loop
      vertex 18.938335123827063 -47.40305690853147 0
      vertex 18.95427306443034 -46.10438186595706 0
      vertex 19.076769103399727 -46.055394695687646 0
    endloop
  endfacet
  facet normal 0 0 -1
    outer loop
      vertex 18.938335123827063 -47.40305690853147 0
      vertex 19.076769103399727 -46.055394695687646 0
      vertex 20.201279503148744 -45.57335632182101 0
    endloop
  endfacet
  facet normal 0 0 -1
    outer loop
      vertex 18.938335123827063 -47.40305690853147 0
      vertex 20.201279503148744 -45.57335632182101 0
      vertex 20.213391203533202 -46.87367154007855 0
    endloop
  endfacet
  facet normal 0 0 -1
    outer loop
      vertex 20.213391203533202 -46.87367154007855 0
      vertex 20.201279503148744 -45.57335632182101 0
      vertex 20.213391203533202 -45.567808755082034 0
    endloop
  endfacet
  facet normal 0 0 -1
    outer loop
      vertex 20.332063991089115 -46.822800656582544 0
      vertex 20.348223752868012 -45.50605090587195 0
      vertex 21.59370219209929 -46.255368541685534 0
    endloop
  endfacet
  facet normal 0 0 -1
    outer loop
      vertex 21.59370219209929 -46.255368541685534 0
      vertex 20.348223752868012 -45.50605090587195 0
      vertex 21.313621407499564 -45.06386626220365 0
    endloop
  endfacet
  facet normal 0 0 -1
    outer loop
      vertex 21.59370219209929 -46.255368541685534 0
      vertex 21.313621407499564 -45.06386626220365 0
      vertex 21.59370219209929 -44.9271671738044 0
    endloop
  endfacet
  facet normal 0 0 -1
    outer loop
      vertex 21.71371668889193 -46.20039785966172 0
      vertex 21.73015972107613 -44.86056631847258 0
      vertex 22.961005941905388 -45.594769566201535 0
    endloop
  endfacet
  facet normal 0.371317193951834 -0.928506080473217 0
    outer loop
      vertex 21.59370219209929 -55.97956793008433 0
      vertex 22.961005941905388 -55.43277195067721 0
      vertex 22.961005941905388 -55.43277195067721 1.5
    endloop
  endfacet
  facet normal 0.3939920400610501 -0.9191138516900569 0
    outer loop
      vertex 22.961005941905388 -55.43277195067721 0
      vertex 24.31447884029939 -54.85258534221184 0
      vertex 24.31447884029939 -54.85258534221184 1.5
    endloop
  endfacet
  facet normal 0.3939920400610501 -0.9191138516900569 0
    outer loop
      vertex 22.961005941905388 -55.43277195067721 0
      vertex 24.31447884029939 -54.85258534221184 1.5
      vertex 22.961005941905388 -55.43277195067721 1.5
    endloop
  endfacet
  facet normal 0.4164295600976356 -0.9091679830905232 0
    outer loop
      vertex 24.31447884029939 -54.85258534221184 0
      vertex 25.653305605816925 -54.2393575874066 0
      vertex 25.653305605816925 -54.2393575874066 1.5
    endloop
  endfacet
  facet normal 0.4164295600976356 -0.9091679830905232 0
    outer loop
      vertex 24.31447884029939 -54.85258534221184 0
      vertex 25.653305605816925 -54.2393575874066 1.5
      vertex 24.31447884029939 -54.85258534221184 1.5
    endloop
  endfacet
  facet normal 0.4386162385385272 -0.8986744656939539 0
    outer loop
      vertex 25.653305605816925 -54.2393575874066 0
      vertex 26.976679779276395 -53.59345807173092 1.5
      vertex 25.653305605816925 -54.2393575874066 1.5
    endloop
  endfacet
  facet normal 0.4386162385385272 -0.8986744656939539 0
    outer loop
      vertex 25.653305605816925 -54.2393575874066 0
      vertex 26.976679779276395 -53.59345807173092 0
      vertex 26.976679779276395 -53.59345807173092 1.5
    endloop
  endfacet
  facet normal 0.46053871095824067 -0.8876396204028536 0
    outer loop
      vertex 26.976679779276395 -53.59345807173092 0
      vertex 28.283804209559857 -52.9152758609013 0
      vertex 28.283804209559857 -52.9152758609013 1.5
    endloop
  endfacet
  facet normal 0.46053871095824067 -0.8876396204028536 0
    outer loop
      vertex 26.976679779276395 -53.59345807173092 0
      vertex 28.283804209559857 -52.9152758609013 1.5
      vertex 26.976679779276395 -53.59345807173092 1.5
    endloop
  endfacet
  facet normal 0.4821837720791236 -0.876070094195406 0
    outer loop
      vertex 28.283804209559857 -52.9152758609013 0
      vertex 29.57389153378704 -52.205219466522685 1.5
      vertex 28.283804209559857 -52.9152758609013 1.5
    endloop
  endfacet
  facet normal 0 0 -1
    outer loop
      vertex 22.961005941905388 -55.43277195067721 0
      vertex 23.082516158498976 -45.53172578443245 0
      vertex 24.31447884029939 -54.85258534221184 0
    endloop
  endfacet
  facet normal 0 0 1
    outer loop
      vertex 22.961005941905388 -55.43277195067721 1.5
      vertex 24.31447884029939 -54.85258534221184 1.5
      vertex 22.952658378867664 -45.599100576031056 1.5
    endloop
  endfacet
  facet normal 0 0 -1
    outer loop
      vertex 21.71371668889193 -46.20039785966172 0
      vertex 22.961005941905388 -45.594769566201535 0
      vertex 22.961005941905388 -55.43277195067721 0
    endloop
  endfacet
  facet normal 0 0 -1
    outer loop
      vertex 22.961005941905388 -55.43277195067721 0
      vertex 22.961005941905388 -45.594769566201535 0
      vertex 23.082516158498976 -45.53172578443245 0
    endloop
  endfacet
  facet normal 0 0 1
    outer loop
      vertex 21.8266875196159 -46.14865341395178 1.5
      vertex 22.961005941905388 -55.43277195067721 1.5
      vertex 22.952658378867664 -45.599100576031056 1.5
    endloop
  endfacet
  facet normal 0 0 -1
    outer loop
      vertex 24.31447884029939 -54.85258534221184 0
      vertex 24.437641748082793 -44.816872542760265 0
      vertex 25.653305605816925 -54.2393575874066 0
    endloop
  endfacet
  facet normal 0 0 -1
    outer loop
      vertex 25.653305605816925 -54.2393575874066 0
      vertex 25.778243077413478 -44.059047578506195 0
      vertex 26.976679779276395 -53.59345807173092 0
    endloop
  endfacet
  facet normal 0 0 1
    outer loop
      vertex 24.31447884029939 -54.85258534221184 1.5
      vertex 25.653305605816925 -54.2393575874066 1.5
      vertex 24.064803414967177 -45.022080544983524 1.5
    endloop
  endfacet
  facet normal 0 0 1
    outer loop
      vertex 25.653305605816925 -54.2393575874066 1.5
      vertex 26.976679779276395 -53.59345807173092 1.5
      vertex 25.162452713330474 -44.417940896099715 1.5
    endloop
  endfacet
  facet normal 0 0 -1
    outer loop
      vertex 24.31447884029939 -54.85258534221184 0
      vertex 23.082516158498976 -45.53172578443245 0
      vertex 24.31447884029939 -44.88466067506693 0
    endloop
  endfacet
  facet normal 0 0 -1
    outer loop
      vertex 24.31447884029939 -54.85258534221184 0
      vertex 24.31447884029939 -44.88466067506693 0
      vertex 24.437641748082793 -44.816872542760265 0
    endloop
  endfacet
  facet normal 0 0 1
    outer loop
      vertex 24.31447884029939 -54.85258534221184 1.5
      vertex 24.064803414967177 -45.022080544983524 1.5
      vertex 22.952658378867664 -45.599100576031056 1.5
    endloop
  endfacet
  facet normal 0 0 -1
    outer loop
      vertex 22.961005941905388 -45.594769566201535 0
      vertex 22.41312478328214 -44.52723141459644 0
      vertex 22.961005941905388 -44.91891409188893 0
    endloop
  endfacet
  facet normal 0 0 -1
    outer loop
      vertex 25.653305605816925 -54.2393575874066 0
      vertex 24.437641748082793 -44.816872542760265 0
      vertex 25.653305605816925 -44.13186330653371 0
    endloop
  endfacet
  facet normal 0 0 -1
    outer loop
      vertex 25.653305605816925 -54.2393575874066 0
      vertex 25.653305605816925 -44.13186330653371 0
      vertex 25.778243077413478 -44.059047578506195 0
    endloop
  endfacet
  facet normal 0 0 1
    outer loop
      vertex 25.653305605816925 -54.2393575874066 1.5
      vertex 25.162452713330474 -44.417940896099715 1.5
      vertex 24.064803414967177 -45.022080544983524 1.5
    endloop
  endfacet
  facet normal 0 0 1
    outer loop
      vertex 26.976679779276395 -53.59345807173092 1.5
      vertex 26.24494509106397 -43.78704554051389 1.5
      vertex 25.162452713330474 -44.417940896099715 1.5
    endloop
  endfacet
  facet normal 0 0 -1
    outer loop
      vertex 26.976679779276395 -53.59345807173092 0
      vertex 27.103521220512174 -43.258006447371415 0
      vertex 28.283804209559857 -52.9152758609013 0
    endloop
  endfacet
  facet normal 0 0 1
    outer loop
      vertex 26.976679779276395 -53.59345807173092 1.5
      vertex 28.283804209559857 -52.9152758609013 1.5
      vertex 26.24494509106397 -43.78704554051389 1.5
    endloop
  endfacet
  facet normal 0.4821837720791236 -0.876070094195406 0
    outer loop
      vertex 28.283804209559857 -52.9152758609013 0
      vertex 29.57389153378704 -52.205219466522685 0
      vertex 29.57389153378704 -52.205219466522685 1.5
    endloop
  endfacet
  facet normal 0.5035383837257191 -0.8639728561215857 0
    outer loop
      vertex 29.57389153378704 -52.205219466522685 0
      vertex 30.846164651593305 -51.46371660001632 1.5
      vertex 29.57389153378704 -52.205219466522685 1.5
    endloop
  endfacet
  facet normal 0 0 1
    outer loop
      vertex 28.283804209559857 -52.9152758609013 1.5
      vertex 29.57389153378704 -52.205219466522685 1.5
      vertex 27.31162849523631 -43.129774505997545 1.5
    endloop
  endfacet
  facet normal 0 0 -1
    outer loop
      vertex 26.976679779276395 -53.59345807173092 0
      vertex 25.778243077413478 -44.059047578506195 0
      vertex 26.976679779276395 -43.33616385094073 0
    endloop
  endfacet
  facet normal 0 0 -1
    outer loop
      vertex 26.976679779276395 -53.59345807173092 0
      vertex 26.976679779276395 -43.33616385094073 0
      vertex 27.103521220512174 -43.258006447371415 0
    endloop
  endfacet
  facet normal 0 0 -1
    outer loop
      vertex 28.283804209559857 -52.9152758609013 0
      vertex 27.103521220512174 -43.258006447371415 0
      vertex 27.121141974140556 -41.822210346849566 0
    endloop
  endfacet
  facet normal 0 0 -1
    outer loop
      vertex 28.283804209559857 -52.9152758609013 0
      vertex 27.121141974140556 -41.822210346849566 0
      vertex 27.69517611602717 -41.44876017328188 0
    endloop
  endfacet
  facet normal 0 0 1
    outer loop
      vertex 28.283804209559857 -52.9152758609013 1.5
      vertex 27.31162849523631 -43.129774505997545 1.5
      vertex 26.24494509106397 -43.78704554051389 1.5
    endloop
  endfacet
  facet normal 0 0 -1
    outer loop
      vertex 28.283804209559857 -52.9152758609013 0
      vertex 28.70403834217959 -40.75660293560645 0
      vertex 29.57389153378704 -52.205219466522685 0
    endloop
  endfacet
  facet normal 0 0 1
    outer loop
      vertex 29.57389153378704 -52.205219466522685 1.5
      vertex 30.846164651593305 -51.46371660001632 1.5
      vertex 29.395008171881003 -41.737704711388346 1.5
    endloop
  endfacet
  facet normal 0 0 -1
    outer loop
      vertex 28.283804209559857 -52.9152758609013 0
      vertex 27.69517611602717 -41.44876017328188 0
      vertex 28.70403834217959 -40.75660293560645 0
    endloop
  endfacet
  facet normal 0 0 -1
    outer loop
      vertex 29.57389153378704 -52.205219466522685 0
      vertex 29.57389153378704 -41.608407951034934 0
      vertex 29.705104431962997 -41.51356736625409 0
    endloop
  endfacet
  facet normal 0 0 1
    outer loop
      vertex 29.57389153378704 -52.205219466522685 1.5
      vertex 28.36186039565069 -42.44652370804493 1.5
      vertex 27.31162849523631 -43.129774505997545 1.5
    endloop
  endfacet
  facet normal 0 0 1
    outer loop
      vertex 29.57389153378704 -52.205219466522685 1.5
      vertex 29.395008171881003 -41.737704711388346 1.5
      vertex 28.36186039565069 -42.44652370804493 1.5
    endloop
  endfacet
  facet normal 0 0 -1
    outer loop
      vertex 22.961005941905388 -45.594769566201535 0
      vertex 21.73015972107613 -44.86056631847258 0
      vertex 22.41312478328214 -44.52723141459644 0
    endloop
  endfacet
  facet normal 0 0 -1
    outer loop
      vertex 22.961005941905388 -44.91891409188893 0
      vertex 22.41312478328214 -44.52723141459644 0
      vertex 22.970467727449986 -44.23806225723928 0
    endloop
  endfacet
  facet normal 0 0 -1
    outer loop
      vertex 23.082516158498976 -45.53172578443245 0
      vertex 23.09921236224073 -44.171265004405505 0
      vertex 23.499127330775984 -43.9637750277655 0
    endloop
  endfacet
  facet normal 0 0 -1
    outer loop
      vertex 23.082516158498976 -45.53172578443245 0
      vertex 23.499127330775984 -43.9637750277655 0
      vertex 24.31447884029939 -44.88466067506693 0
    endloop
  endfacet
  facet normal 0 0 -1
    outer loop
      vertex 24.31447884029939 -44.88466067506693 0
      vertex 23.499127330775984 -43.9637750277655 0
      vertex 24.31447884029939 -43.51501040375048 0
    endloop
  endfacet
  facet normal 0 0 -1
    outer loop
      vertex 24.437641748082793 -44.816872542760265 0
      vertex 24.570974882654735 -43.373836506769265 0
      vertex 25.653305605816925 -44.13186330653371 0
    endloop
  endfacet
  facet normal 0 0 -1
    outer loop
      vertex 24.437641748082793 -44.816872542760265 0
      vertex 24.45456504111466 -43.437907791558956 0
      vertex 24.570974882654735 -43.373836506769265 0
    endloop
  endfacet
  facet normal 0 0 -1
    outer loop
      vertex 25.653305605816925 -44.13186330653371 0
      vertex 24.570974882654735 -43.373836506769265 0
      vertex 25.628021798032105 -42.75777120851356 0
    endloop
  endfacet
  facet normal 0 0 -1
    outer loop
      vertex 25.653305605816925 -44.13186330653371 0
      vertex 25.628021798032105 -42.75777120851356 0
      vertex 25.653305605816925 -42.7421917831337 0
    endloop
  endfacet
  facet normal 0 0 -1
    outer loop
      vertex 25.778243077413478 -44.059047578506195 0
      vertex 25.795479267734986 -42.654586942293065 0
      vertex 26.976679779276395 -43.33616385094073 0
    endloop
  endfacet
  facet normal 0 0 -1
    outer loop
      vertex 26.976679779276395 -43.33616385094073 0
      vertex 25.795479267734986 -42.654586942293065 0
      vertex 26.669631351371795 -42.1159502276979 0
    endloop
  endfacet
  facet normal 0 0 -1
    outer loop
      vertex 26.976679779276395 -43.33616385094073 0
      vertex 26.669631351371795 -42.1159502276979 0
      vertex 26.976679779276395 -41.91619331373143 0
    endloop
  endfacet
  facet normal 0 0 -1
    outer loop
      vertex 29.57389153378704 -52.205219466522685 0
      vertex 28.70403834217959 -40.75660293560645 0
      vertex 29.57389153378704 -41.608407951034934 0
    endloop
  endfacet
  facet normal 0 0 -1
    outer loop
      vertex 28.70403834217959 -40.75660293560645 0
      vertex 29.57389153378704 -40.127873698524056 0
      vertex 29.57389153378704 -41.608407951034934 0
    endloop
  endfacet
  facet normal 0.5035383837257191 -0.8639728561215857 0
    outer loop
      vertex 29.57389153378704 -52.205219466522685 0
      vertex 30.846164651593305 -51.46371660001632 0
      vertex 30.846164651593305 -51.46371660001632 1.5
    endloop
  endfacet
  facet normal 0.5245896826784664 -0.8513551931052666 0
    outer loop
      vertex 30.846164651593305 -51.46371660001632 0
      vertex 32.09985719322583 -50.69121391498243 0
      vertex 32.09985719322583 -50.69121391498243 1.5
    endloop
  endfacet
  facet normal 0.5245896826784664 -0.8513551931052666 0
    outer loop
      vertex 30.846164651593305 -51.46371660001632 0
      vertex 32.09985719322583 -50.69121391498243 1.5
      vertex 30.846164651593305 -51.46371660001632 1.5
    endloop
  endfacet
  facet normal 0.545324988422046 -0.8382247055548383 0
    outer loop
      vertex 32.09985719322583 -50.69121391498243 0
      vertex 33.334213981176134 -49.888176738152715 0
      vertex 33.334213981176134 -49.888176738152715 1.5
    endloop
  endfacet
  facet normal 0.545324988422046 -0.8382247055548383 0
    outer loop
      vertex 32.09985719322583 -50.69121391498243 0
      vertex 33.334213981176134 -49.888176738152715 1.5
      vertex 32.09985719322583 -50.69121391498243 1.5
    endloop
  endfacet
  facet normal 0.5657318107836126 -0.8245893027850257 0
    outer loop
      vertex 33.334213981176134 -49.888176738152715 0
      vertex 34.54849148507072 -49.055088789095024 1.5
      vertex 33.334213981176134 -49.888176738152715 1.5
    endloop
  endfacet
  facet normal 0 0 -1
    outer loop
      vertex 29.57389153378704 -52.205219466522685 0
      vertex 29.705104431962997 -41.51356736625409 0
      vertex 30.846164651593305 -51.46371660001632 0
    endloop
  endfacet
  facet normal 0 0 -1
    outer loop
      vertex 30.846164651593305 -51.46371660001632 0
      vertex 30.979851041673896 -40.57051636473341 0
      vertex 32.09985719322583 -50.69121391498243 0
    endloop
  endfacet
  facet normal 0 0 1
    outer loop
      vertex 30.846164651593305 -51.46371660001632 1.5
      vertex 32.09985719322583 -50.69121391498243 1.5
      vertex 30.41044949433872 -41.00374448208692 1.5
    endloop
  endfacet
  facet normal 0 0 1
    outer loop
      vertex 32.09985719322583 -50.69121391498243 1.5
      vertex 33.334213981176134 -49.888176738152715 1.5
      vertex 31.407572699140996 -40.24508513033825 1.5
    endloop
  endfacet
  facet normal 0 0 -1
    outer loop
      vertex 32.09985719322583 -50.69121391498243 0
      vertex 32.23619582562577 -39.58190038170626 0
      vertex 33.334213981176134 -49.888176738152715 0
    endloop
  endfacet
  facet normal 0 0 1
    outer loop
      vertex 33.334213981176134 -49.888176738152715 1.5
      vertex 34.54849148507072 -49.055088789095024 1.5
      vertex 32.3857771565541 -39.46218364416772 1.5
    endloop
  endfacet
  facet normal 0.5657318107836126 -0.8245893027850257 0
    outer loop
      vertex 33.334213981176134 -49.888176738152715 0
      vertex 34.54849148507072 -49.055088789095024 0
      vertex 34.54849148507072 -49.055088789095024 1.5
    endloop
  endfacet
  facet normal 0.5857978574564382 -0.8104571982525953 0
    outer loop
      vertex 34.54849148507072 -49.055088789095024 0
      vertex 35.741958269546004 -48.1924518888387 1.5
      vertex 34.54849148507072 -49.055088789095024 1.5
    endloop
  endfacet
  facet normal 0.5857978574564382 -0.8104571982525953 0
    outer loop
      vertex 34.54849148507072 -49.055088789095024 0
      vertex 35.741958269546004 -48.1924518888387 0
      vertex 35.741958269546004 -48.1924518888387 1.5
    endloop
  endfacet
  facet normal 0 0 -1
    outer loop
      vertex 33.334213981176134 -49.888176738152715 0
      vertex 33.47721389912387 -36.93641359894471 0
      vertex 34.54849148507072 -49.055088789095024 0
    endloop
  endfacet
  facet normal 0 0 1
    outer loop
      vertex 34.54849148507072 -49.055088789095024 1.5
      vertex 35.741958269546004 -48.1924518888387 1.5
      vertex 34.28308464494029 -37.82555494937066 1.5
    endloop
  endfacet
  facet normal 0.6055110414043278 -0.7958369046088817 0
    outer loop
      vertex 35.741958269546004 -48.1924518888387 0
      vertex 36.913895434837606 -47.30078565759638 0
      vertex 36.913895434837606 -47.30078565759638 1.5
    endloop
  endfacet
  facet normal 0.6055110414043278 -0.7958369046088817 0
    outer loop
      vertex 35.741958269546004 -48.1924518888387 0
      vertex 36.913895434837606 -47.30078565759638 1.5
      vertex 35.741958269546004 -48.1924518888387 1.5
    endloop
  endfacet
  facet normal 0.6248594881423842 -0.780737228572096 0
    outer loop
      vertex 36.913895434837606 -47.30078565759638 0
      vertex 38.06359704981873 -46.38062720176422 1.5
      vertex 36.913895434837606 -47.30078565759638 1.5
    endloop
  endfacet
  facet normal 0.6248594881423842 -0.780737228572096 0
    outer loop
      vertex 36.913895434837606 -47.30078565759638 0
      vertex 38.06359704981873 -46.38062720176422 0
      vertex 38.06359704981873 -46.38062720176422 1.5
    endloop
  endfacet
  facet normal 0.6438315428897942 -0.7651672656224566 0
    outer loop
      vertex 38.06359704981873 -46.38062720176422 0
      vertex 39.1903705772266 -45.43253079038907 0
      vertex 39.1903705772266 -45.43253079038907 1.5
    endloop
  endfacet
  facet normal 0.6438315428897942 -0.7651672656224566 0
    outer loop
      vertex 38.06359704981873 -46.38062720176422 0
      vertex 39.1903705772266 -45.43253079038907 1.5
      vertex 38.06359704981873 -46.38062720176422 1.5
    endloop
  endfacet
  facet normal 0.6624157775901697 -0.7491363945234611 0
    outer loop
      vertex 39.1903705772266 -45.43253079038907 0
      vertex 40.29353729082111 -44.457067521297546 1.5
      vertex 39.1903705772266 -45.43253079038907 1.5
    endloop
  endfacet
  facet normal 0 0 -1
    outer loop
      vertex 29.705104431962997 -41.51356736625409 0
      vertex 30.846164651593305 -40.672231408117916 0
      vertex 30.846164651593305 -51.46371660001632 0
    endloop
  endfacet
  facet normal 0 0 -1
    outer loop
      vertex 30.846164651593305 -51.46371660001632 0
      vertex 30.846164651593305 -40.672231408117916 0
      vertex 30.979851041673896 -40.57051636473341 0
    endloop
  endfacet
  facet normal 0 0 -1
    outer loop
      vertex 32.09985719322583 -50.69121391498243 0
      vertex 30.979851041673896 -40.57051636473341 0
      vertex 32.09985719322583 -39.691018385738516 0
    endloop
  endfacet
  facet normal 0 0 1
    outer loop
      vertex 29.395008171881003 -41.737704711388346 1.5
      vertex 30.846164651593305 -51.46371660001632 1.5
      vertex 30.41044949433872 -41.00374448208692 1.5
    endloop
  endfacet
  facet normal 0 0 1
    outer loop
      vertex 32.09985719322583 -50.69121391498243 1.5
      vertex 31.407572699140996 -40.24508513033825 1.5
      vertex 30.41044949433872 -41.00374448208692 1.5
    endloop
  endfacet
  facet normal 0 0 -1
    outer loop
      vertex 32.09985719322583 -50.69121391498243 0
      vertex 32.09985719322583 -39.691018385738516 0
      vertex 32.23619582562577 -39.58190038170626 0
    endloop
  endfacet
  facet normal 0 0 1
    outer loop
      vertex 33.334213981176134 -49.888176738152715 1.5
      vertex 32.3857771565541 -39.46218364416772 1.5
      vertex 31.407572699140996 -40.24508513033825 1.5
    endloop
  endfacet
  facet normal 0 0 -1
    outer loop
      vertex 33.334213981176134 -49.888176738152715 0
      vertex 32.23619582562577 -39.58190038170626 0
      vertex 33.47721389912387 -36.93641359894471 0
    endloop
  endfacet
  facet normal 0 0 1
    outer loop
      vertex 34.54849148507072 -49.055088789095024 1.5
      vertex 33.344473632790304 -38.65551161415603 1.5
      vertex 32.3857771565541 -39.46218364416772 1.5
    endloop
  endfacet
  facet normal 0 0 -1
    outer loop
      vertex 29.705104431962997 -41.51356736625409 0
      vertex 30.669294790444248 -39.299069417186324 0
      vertex 30.846164651593305 -40.672231408117916 0
    endloop
  endfacet
  facet normal 0 0 -1
    outer loop
      vertex 29.705104431962997 -41.51356736625409 0
      vertex 29.72344996726119 -40.01871370683375 0
      vertex 30.669294790444248 -39.299069417186324 0
    endloop
  endfacet
  facet normal 0 0 -1
    outer loop
      vertex 30.846164651593305 -40.672231408117916 0
      vertex 30.669294790444248 -39.299069417186324 0
      vertex 30.846164651593305 -39.1575124286621 0
    endloop
  endfacet
  facet normal 0 0 -1
    outer loop
      vertex 30.979851041673896 -40.57051636473341 0
      vertex 30.998690217370424 -39.03543928616008 0
      vertex 32.09985719322583 -39.691018385738516 0
    endloop
  endfacet
  facet normal 0 0 -1
    outer loop
      vertex 32.09985719322583 -39.691018385738516 0
      vertex 30.998690217370424 -39.03543928616008 0
      vertex 31.62450521555773 -38.53457110013244 0
    endloop
  endfacet
  facet normal 0 0 -1
    outer loop
      vertex 32.09985719322583 -39.691018385738516 0
      vertex 31.62450521555773 -38.53457110013244 0
      vertex 32.09985719322583 -38.13459764210846 0
    endloop
  endfacet
  facet normal 0 0 -1
    outer loop
      vertex 32.23619582562577 -39.58190038170626 0
      vertex 32.255565697286166 -38.00358047643204 0
      vertex 32.560666221245775 -37.746860998348254 0
    endloop
  endfacet
  facet normal 0 0 -1
    outer loop
      vertex 32.23619582562577 -39.58190038170626 0
      vertex 32.560666221245775 -37.746860998348254 0
      vertex 33.47721389912387 -36.93641359894471 0
    endloop
  endfacet
  facet normal 0 0 -1
    outer loop
      vertex 34.54849148507072 -49.055088789095024 0
      vertex 34.69095546189 -37.44666234514963 0
      vertex 35.741958269546004 -48.1924518888387 0
    endloop
  endfacet
  facet normal 0 0 -1
    outer loop
      vertex 34.54849148507072 -49.055088789095024 0
      vertex 34.54849148507072 -37.579004608782085 0
      vertex 34.69095546189 -37.44666234514963 0
    endloop
  endfacet
  facet normal 0 0 1
    outer loop
      vertex 34.54849148507072 -49.055088789095024 1.5
      vertex 34.28308464494029 -37.82555494937066 1.5
      vertex 33.344473632790304 -38.65551161415603 1.5
    endloop
  endfacet
  facet normal 0 0 -1
    outer loop
      vertex 35.741958269546004 -48.1924518888387 0
      vertex 35.887875579890405 -36.302636639752436 0
      vertex 36.913895434837606 -47.30078565759638 0
    endloop
  endfacet
  facet normal 0 0 1
    outer loop
      vertex 35.741958269546004 -48.1924518888387 1.5
      vertex 36.913895434837606 -47.30078565759638 1.5
      vertex 35.20104480882726 -36.97281358467239 1.5
    endloop
  endfacet
  facet normal 0 0 1
    outer loop
      vertex 36.913895434837606 -47.30078565759638 1.5
      vertex 38.06359704981873 -46.38062720176422 1.5
      vertex 36.09780117957325 -36.09780117957325 1.5
    endloop
  endfacet
  facet normal 0 0 -1
    outer loop
      vertex 36.913895434837606 -47.30078565759638 0
      vertex 36.93641359894471 -33.47721389912387 0
      vertex 38.06359704981873 -46.38062720176422 0
    endloop
  endfacet
  facet normal 0 0 -1
    outer loop
      vertex 34.54849148507072 -49.055088789095024 0
      vertex 33.47721389912387 -36.93641359894471 0
      vertex 34.54849148507072 -37.579004608782085 0
    endloop
  endfacet
  facet normal 0 0 -1
    outer loop
      vertex 35.741958269546004 -48.1924518888387 0
      vertex 34.69095546189 -37.44666234514963 0
      vertex 35.741958269546004 -36.44501584199199 0
    endloop
  endfacet
  facet normal 0 0 1
    outer loop
      vertex 35.741958269546004 -48.1924518888387 1.5
      vertex 35.20104480882726 -36.97281358467239 1.5
      vertex 34.28308464494029 -37.82555494937066 1.5
    endloop
  endfacet
  facet normal 0 0 -1
    outer loop
      vertex 35.741958269546004 -48.1924518888387 0
      vertex 35.741958269546004 -36.44501584199199 0
      vertex 35.887875579890405 -36.302636639752436 0
    endloop
  endfacet
  facet normal 0 0 1
    outer loop
      vertex 36.913895434837606 -47.30078565759638 1.5
      vertex 36.09780117957325 -36.09780117957325 1.5
      vertex 35.20104480882726 -36.97281358467239 1.5
    endloop
  endfacet
  facet normal 0 0 -1
    outer loop
      vertex 36.913895434837606 -47.30078565759638 0
      vertex 35.887875579890405 -36.302636639752436 0
      vertex 36.10371708513063 -34.373596155142785 0
    endloop
  endfacet
  facet normal 0 0 -1
    outer loop
      vertex 36.913895434837606 -47.30078565759638 0
      vertex 36.10371708513063 -34.373596155142785 0
      vertex 36.93641359894471 -33.47721389912387 0
    endloop
  endfacet
  facet normal 0 0 1
    outer loop
      vertex 38.06359704981873 -46.38062720176422 1.5
      vertex 36.97281358467239 -35.20104480882726 1.5
      vertex 36.09780117957325 -36.09780117957325 1.5
    endloop
  endfacet
  facet normal 0 0 -1
    outer loop
      vertex 34.54849148507072 -37.579004608782085 0
      vertex 33.47721389912387 -36.93641359894471 0
      vertex 34.373596155142785 -36.10371708513063 0
    endloop
  endfacet
  facet normal 0 0 -1
    outer loop
      vertex 34.54849148507072 -37.579004608782085 0
      vertex 34.373596155142785 -36.10371708513063 0
      vertex 34.54849148507072 -35.93306250349265 0
    endloop
  endfacet
  facet normal 0 0 -1
    outer loop
      vertex 34.69095546189 -37.44666234514963 0
      vertex 34.7114828624426 -35.774023235105915 0
      vertex 35.741958269546004 -36.44501584199199 0
    endloop
  endfacet
  facet normal 0 0 -1
    outer loop
      vertex 35.741958269546004 -36.44501584199199 0
      vertex 34.7114828624426 -35.774023235105915 0
      vertex 35.2492730421494 -35.2492730421494 0
    endloop
  endfacet
  facet normal 0 0 -1
    outer loop
      vertex 35.741958269546004 -36.44501584199199 0
      vertex 35.2492730421494 -35.2492730421494 0
      vertex 35.741958269546004 -34.744344639002605 0
    endloop
  endfacet
  facet normal 0 0 -1
    outer loop
      vertex 35.887875579890405 -36.302636639752436 0
      vertex 35.90910189742149 -34.57304750966652 0
      vertex 36.10371708513063 -34.373596155142785 0
    endloop
  endfacet
  facet normal 0 0 -1
    outer loop
      vertex 38.06359704981873 -46.38062720176422 0
      vertex 38.217503588011965 -33.83982378080703 0
      vertex 39.1903705772266 -45.43253079038907 0
    endloop
  endfacet
  facet normal 0 0 1
    outer loop
      vertex 38.06359704981873 -46.38062720176422 1.5
      vertex 39.1903705772266 -45.43253079038907 1.5
      vertex 37.82555494937066 -34.28308464494029 1.5
    endloop
  endfacet
  facet normal 0.6624157775901697 -0.7491363945234611 0
    outer loop
      vertex 39.1903705772266 -45.43253079038907 0
      vertex 40.29353729082111 -44.457067521297546 0
      vertex 40.29353729082111 -44.457067521297546 1.5
    endloop
  endfacet
  facet normal 0.6806009977954534 -0.7326542716724126 0
    outer loop
      vertex 40.29353729082111 -44.457067521297546 0
      vertex 41.37243268422401 -43.45482497708802 0
      vertex 41.37243268422401 -43.45482497708802 1.5
    endloop
  endfacet
  facet normal 0.6806009977954534 -0.7326542716724126 0
    outer loop
      vertex 40.29353729082111 -44.457067521297546 0
      vertex 41.37243268422401 -43.45482497708802 1.5
      vertex 40.29353729082111 -44.457067521297546 1.5
    endloop
  endfacet
  facet normal 0 0 -1
    outer loop
      vertex 38.06359704981873 -46.38062720176422 0
      vertex 37.746860998348254 -32.560666221245775 0
      vertex 38.06359704981873 -34.013879099258396 0
    endloop
  endfacet
  facet normal 0 0 -1
    outer loop
      vertex 38.06359704981873 -46.38062720176422 0
      vertex 38.06359704981873 -34.013879099258396 0
      vertex 38.217503588011965 -33.83982378080703 0
    endloop
  endfacet
  facet normal 0 0 1
    outer loop
      vertex 38.06359704981873 -46.38062720176422 1.5
      vertex 37.82555494937066 -34.28308464494029 1.5
      vertex 36.97281358467239 -35.20104480882726 1.5
    endloop
  endfacet
  facet normal 0 0 1
    outer loop
      vertex 39.1903705772266 -45.43253079038907 1.5
      vertex 38.65551161415603 -33.344473632790304 1.5
      vertex 37.82555494937066 -34.28308464494029 1.5
    endloop
  endfacet
  facet normal 0 0 -1
    outer loop
      vertex 39.1903705772266 -45.43253079038907 0
      vertex 39.348833117121515 -32.52048958839227 0
      vertex 40.29353729082111 -44.457067521297546 0
    endloop
  endfacet
  facet normal 0 0 -1
    outer loop
      vertex 40.29353729082111 -44.457067521297546 0
      vertex 40.457106626713646 -31.1289080343405 0
      vertex 41.37243268422401 -43.45482497708802 0
    endloop
  endfacet
  facet normal 0 0 1
    outer loop
      vertex 39.1903705772266 -45.43253079038907 1.5
      vertex 40.29353729082111 -44.457067521297546 1.5
      vertex 38.65551161415603 -33.344473632790304 1.5
    endloop
  endfacet
  facet normal 0 0 1
    outer loop
      vertex 40.29353729082111 -44.457067521297546 1.5
      vertex 41.37243268422401 -43.45482497708802 1.5
      vertex 40.24508513033825 -31.407572699140996 1.5
    endloop
  endfacet
  facet normal 0.6983762494089724 -0.7157308252838191 0
    outer loop
      vertex 41.37243268422401 -43.45482497708802 0
      vertex 42.42640687119285 -42.42640687119285 0
      vertex 42.42640687119285 -42.42640687119285 1.5
    endloop
  endfacet
  facet normal 0.7157308252838191 -0.6983762494089724 0
    outer loop
      vertex 42.42640687119285 -42.42640687119285 0
      vertex 43.45482497708802 -41.37243268422401 0
      vertex 42.42640687119285 -42.42640687119285 1.5
    endloop
  endfacet
  facet normal 0.6983762494089724 -0.7157308252838191 0
    outer loop
      vertex 41.37243268422401 -43.45482497708802 0
      vertex 42.42640687119285 -42.42640687119285 1.5
      vertex 41.37243268422401 -43.45482497708802 1.5
    endloop
  endfacet
  facet normal 0.7157308252838191 -0.6983762494089724 0
    outer loop
      vertex 42.42640687119285 -42.42640687119285 1.5
      vertex 43.45482497708802 -41.37243268422401 0
      vertex 43.45482497708802 -41.37243268422401 1.5
    endloop
  endfacet
  facet normal 0 0 -1
    outer loop
      vertex 41.37243268422401 -43.45482497708802 0
      vertex 41.54165247143744 -29.66624840787585 0
      vertex 42.42640687119285 -42.42640687119285 0
    endloop
  endfacet
  facet normal 0 0 1
    outer loop
      vertex 41.37243268422401 -43.45482497708802 1.5
      vertex 42.42640687119285 -42.42640687119285 1.5
      vertex 41.00374448208692 -30.41044949433872 1.5
    endloop
  endfacet
  facet normal 0 0 1
    outer loop
      vertex 42.42640687119285 -42.42640687119285 1.5
      vertex 43.45482497708802 -41.37243268422401 1.5
      vertex 41.737704711388346 -29.395008171881003 1.5
    endloop
  endfacet
  facet normal 0.7326542716724126 -0.6806009977954534 0
    outer loop
      vertex 43.45482497708802 -41.37243268422401 0
      vertex 44.457067521297546 -40.29353729082111 0
      vertex 43.45482497708802 -41.37243268422401 1.5
    endloop
  endfacet
  facet normal 0.7491363945234611 -0.6624157775901697 0
    outer loop
      vertex 44.457067521297546 -40.29353729082111 0
      vertex 45.43253079038907 -39.1903705772266 0
      vertex 44.457067521297546 -40.29353729082111 1.5
    endloop
  endfacet
  facet normal 0.7326542716724126 -0.6806009977954534 0
    outer loop
      vertex 43.45482497708802 -41.37243268422401 1.5
      vertex 44.457067521297546 -40.29353729082111 0
      vertex 44.457067521297546 -40.29353729082111 1.5
    endloop
  endfacet
  facet normal 0 0 -1
    outer loop
      vertex 38.06359704981873 -46.38062720176422 0
      vertex 36.93641359894471 -33.47721389912387 0
      vertex 37.746860998348254 -32.560666221245775 0
    endloop
  endfacet
  facet normal 0 0 -1
    outer loop
      vertex 39.1903705772266 -45.43253079038907 0
      vertex 38.217503588011965 -33.83982378080703 0
      vertex 39.1903705772266 -32.70881578907943 0
    endloop
  endfacet
  facet normal 0 0 -1
    outer loop
      vertex 39.1903705772266 -45.43253079038907 0
      vertex 39.1903705772266 -32.70881578907943 0
      vertex 39.348833117121515 -32.52048958839227 0
    endloop
  endfacet
  facet normal 0 0 -1
    outer loop
      vertex 40.29353729082111 -44.457067521297546 0
      vertex 39.348833117121515 -32.52048958839227 0
      vertex 40.29353729082111 -31.343890924931138 0
    endloop
  endfacet
  facet normal 0 0 -1
    outer loop
      vertex 40.29353729082111 -44.457067521297546 0
      vertex 40.29353729082111 -31.343890924931138 0
      vertex 40.457106626713646 -31.1289080343405 0
    endloop
  endfacet
  facet normal 0 0 1
    outer loop
      vertex 40.29353729082111 -44.457067521297546 1.5
      vertex 39.46218364416772 -32.3857771565541 1.5
      vertex 38.65551161415603 -33.344473632790304 1.5
    endloop
  endfacet
  facet normal 0 0 1
    outer loop
      vertex 40.29353729082111 -44.457067521297546 1.5
      vertex 40.24508513033825 -31.407572699140996 1.5
      vertex 39.46218364416772 -32.3857771565541 1.5
    endloop
  endfacet
  facet normal 0 0 -1
    outer loop
      vertex 41.37243268422401 -43.45482497708802 0
      vertex 40.457106626713646 -31.1289080343405 0
      vertex 41.37243268422401 -29.900365676978517 0
    endloop
  endfacet
  facet normal 0 0 1
    outer loop
      vertex 41.37243268422401 -43.45482497708802 1.5
      vertex 41.00374448208692 -30.41044949433872 1.5
      vertex 40.24508513033825 -31.407572699140996 1.5
    endloop
  endfacet
  facet normal 0 0 -1
    outer loop
      vertex 37.746860998348254 -32.560666221245775 0
      vertex 38.06359704981873 -32.184238472241866 0
      vertex 38.06359704981873 -34.013879099258396 0
    endloop
  endfacet
  facet normal 0 0 -1
    outer loop
      vertex 38.217503588011965 -33.83982378080703 0
      vertex 38.24040042958511 -31.974114938931535 0
      vertex 39.1903705772266 -32.70881578907943 0
    endloop
  endfacet
  facet normal 0 0 -1
    outer loop
      vertex 39.1903705772266 -32.70881578907943 0
      vertex 38.24040042958511 -31.974114938931535 0
      vertex 38.53457110013244 -31.62450521555773 0
    endloop
  endfacet
  facet normal 0 0 -1
    outer loop
      vertex 39.1903705772266 -32.70881578907943 0
      vertex 38.53457110013244 -31.62450521555773 0
      vertex 39.1903705772266 -30.805109693905898 0
    endloop
  endfacet
  facet normal 0 0 -1
    outer loop
      vertex 39.348833117121515 -32.52048958839227 0
      vertex 40.039895444310154 -29.695610328947804 0
      vertex 40.29353729082111 -31.343890924931138 0
    endloop
  endfacet
  facet normal 0 0 -1
    outer loop
      vertex 39.348833117121515 -32.52048958839227 0
      vertex 39.372740142658984 -30.572467683898882 0
      vertex 40.039895444310154 -29.695610328947804 0
    endloop
  endfacet
  facet normal 0 0 -1
    outer loop
      vertex 40.29353729082111 -31.343890924931138 0
      vertex 40.039895444310154 -29.695610328947804 0
      vertex 40.29353729082111 -29.344694295940347 0
    endloop
  endfacet
  facet normal 0 0 -1
    outer loop
      vertex 42.42640687119285 -42.42640687119285 0
      vertex 42.1159502276979 -26.669631351371795 0
      vertex 43.45482497708802 -41.37243268422401 0
    endloop
  endfacet
  facet normal 0 0 -1
    outer loop
      vertex 41.37243268422401 -43.45482497708802 0
      vertex 41.37243268422401 -29.900365676978517 0
      vertex 41.54165247143744 -29.66624840787585 0
    endloop
  endfacet
  facet normal 0 0 1
    outer loop
      vertex 42.42640687119285 -42.42640687119285 1.5
      vertex 41.737704711388346 -29.395008171881003 1.5
      vertex 41.00374448208692 -30.41044949433872 1.5
    endloop
  endfacet
  facet normal 0 0 -1
    outer loop
      vertex 43.45482497708802 -41.37243268422401 0
      vertex 43.63749796850005 -26.48764544574917 0
      vertex 44.457067521297546 -40.29353729082111 0
    endloop
  endfacet
  facet normal 0 0 1
    outer loop
      vertex 43.45482497708802 -41.37243268422401 1.5
      vertex 44.457067521297546 -40.29353729082111 1.5
      vertex 43.129774505997545 -27.31162849523631 1.5
    endloop
  endfacet
  facet normal 0 0 -1
    outer loop
      vertex 44.457067521297546 -40.29353729082111 0
      vertex 44.6478905103368 -24.74466183800458 0
      vertex 45.43253079038907 -39.1903705772266 0
    endloop
  endfacet
  facet normal 0 0 1
    outer loop
      vertex 44.457067521297546 -40.29353729082111 1.5
      vertex 45.43253079038907 -39.1903705772266 1.5
      vertex 44.417940896099715 -25.162452713330474 1.5
    endloop
  endfacet
  facet normal 0 0 -1
    outer loop
      vertex 42.42640687119285 -42.42640687119285 0
      vertex 41.54165247143744 -29.66624840787585 0
      vertex 42.1159502276979 -26.669631351371795 0
    endloop
  endfacet
  facet normal 0 0 1
    outer loop
      vertex 43.45482497708802 -41.37243268422401 1.5
      vertex 42.44652370804493 -28.36186039565069 1.5
      vertex 41.737704711388346 -29.395008171881003 1.5
    endloop
  endfacet
  facet normal 0 0 1
    outer loop
      vertex 43.45482497708802 -41.37243268422401 1.5
      vertex 43.129774505997545 -27.31162849523631 1.5
      vertex 42.44652370804493 -28.36186039565069 1.5
    endloop
  endfacet
  facet normal 0 0 -1
    outer loop
      vertex 43.45482497708802 -41.37243268422401 0
      vertex 42.1159502276979 -26.669631351371795 0
      vertex 42.75777120851356 -25.628021798032105 0
    endloop
  endfacet
  facet normal 0 0 -1
    outer loop
      vertex 43.45482497708802 -41.37243268422401 0
      vertex 43.45482497708802 -26.784104954988177 0
      vertex 43.63749796850005 -26.48764544574917 0
    endloop
  endfacet
  facet normal 0 0 -1
    outer loop
      vertex 43.45482497708802 -41.37243268422401 0
      vertex 42.75777120851356 -25.628021798032105 0
      vertex 43.45482497708802 -26.784104954988177 0
    endloop
  endfacet
  facet normal 0 0 -1
    outer loop
      vertex 44.457067521297546 -40.29353729082111 0
      vertex 43.63749796850005 -26.48764544574917 0
      vertex 44.457067521297546 -25.091364327102106 0
    endloop
  endfacet
  facet normal 0 0 -1
    outer loop
      vertex 44.457067521297546 -40.29353729082111 0
      vertex 44.457067521297546 -25.091364327102106 0
      vertex 44.6478905103368 -24.74466183800458 0
    endloop
  endfacet
  facet normal 0 0 1
    outer loop
      vertex 44.457067521297546 -40.29353729082111 1.5
      vertex 43.78704554051389 -26.24494509106397 1.5
      vertex 43.129774505997545 -27.31162849523631 1.5
    endloop
  endfacet
  facet normal 0 0 1
    outer loop
      vertex 44.457067521297546 -40.29353729082111 1.5
      vertex 44.417940896099715 -25.162452713330474 1.5
      vertex 43.78704554051389 -26.24494509106397 1.5
    endloop
  endfacet
  facet normal 0.7491363945234611 -0.6624157775901697 0
    outer loop
      vertex 44.457067521297546 -40.29353729082111 1.5
      vertex 45.43253079038907 -39.1903705772266 0
      vertex 45.43253079038907 -39.1903705772266 1.5
    endloop
  endfacet
  facet normal 0.7651672656224566 -0.6438315428897942 0
    outer loop
      vertex 45.43253079038907 -39.1903705772266 0
      vertex 46.38062720176422 -38.06359704981873 0
      vertex 45.43253079038907 -39.1903705772266 1.5
    endloop
  endfacet
  facet normal 0.780737228572096 -0.6248594881423842 0
    outer loop
      vertex 46.38062720176422 -38.06359704981873 0
      vertex 47.30078565759638 -36.913895434837606 0
      vertex 46.38062720176422 -38.06359704981873 1.5
    endloop
  endfacet
  facet normal 0.7651672656224566 -0.6438315428897942 0
    outer loop
      vertex 46.38062720176422 -38.06359704981873 0
      vertex 46.38062720176422 -38.06359704981873 1.5
      vertex 45.43253079038907 -39.1903705772266 1.5
    endloop
  endfacet
  facet normal 0 0 1
    outer loop
      vertex 45.43253079038907 -39.1903705772266 1.5
      vertex 46.38062720176422 -38.06359704981873 1.5
      vertex 45.022080544983524 -24.064803414967177 1.5
    endloop
  endfacet
  facet normal 0.7958369046088817 -0.6055110414043278 0
    outer loop
      vertex 47.30078565759638 -36.913895434837606 0
      vertex 48.1924518888387 -35.741958269546004 0
      vertex 47.30078565759638 -36.913895434837606 1.5
    endloop
  endfacet
  facet normal 0.780737228572096 -0.6248594881423842 0
    outer loop
      vertex 46.38062720176422 -38.06359704981873 1.5
      vertex 47.30078565759638 -36.913895434837606 0
      vertex 47.30078565759638 -36.913895434837606 1.5
    endloop
  endfacet
  facet normal 0.7958369046088817 -0.6055110414043278 0
    outer loop
      vertex 48.1924518888387 -35.741958269546004 0
      vertex 48.1924518888387 -35.741958269546004 1.5
      vertex 47.30078565759638 -36.913895434837606 1.5
    endloop
  endfacet
  facet normal 0.8104571982525953 -0.5857978574564382 0
    outer loop
      vertex 48.1924518888387 -35.741958269546004 0
      vertex 49.055088789095024 -34.54849148507072 0
      vertex 48.1924518888387 -35.741958269546004 1.5
    endloop
  endfacet
  facet normal 0 0 -1
    outer loop
      vertex 45.43253079038907 -39.1903705772266 0
      vertex 45.57335632182101 -20.201279503148744 0
      vertex 46.38062720176422 -38.06359704981873 0
    endloop
  endfacet
  facet normal 0 0 -1
    outer loop
      vertex 46.38062720176422 -38.06359704981873 0
      vertex 46.59176675280379 -20.859262295359162 0
      vertex 47.30078565759638 -36.913895434837606 0
    endloop
  endfacet
  facet normal 0 0 1
    outer loop
      vertex 46.38062720176422 -38.06359704981873 1.5
      vertex 47.30078565759638 -36.913895434837606 1.5
      vertex 46.14865341395178 -21.8266875196159 1.5
    endloop
  endfacet
  facet normal 0 0 -1
    outer loop
      vertex 47.30078565759638 -36.913895434837606 0
      vertex 47.525136446417925 -18.633066218763542 0
      vertex 48.1924518888387 -35.741958269546004 0
    endloop
  endfacet
  facet normal 0 0 1
    outer loop
      vertex 47.30078565759638 -36.913895434837606 1.5
      vertex 48.1924518888387 -35.741958269546004 1.5
      vertex 47.164050134701185 -19.53598922223783 1.5
    endloop
  endfacet
  facet normal 0.8245893027850257 -0.5657318107836126 0
    outer loop
      vertex 49.055088789095024 -34.54849148507072 0
      vertex 49.888176738152715 -33.334213981176134 0
      vertex 49.055088789095024 -34.54849148507072 1.5
    endloop
  endfacet
  facet normal 0.8104571982525953 -0.5857978574564382 0
    outer loop
      vertex 48.1924518888387 -35.741958269546004 1.5
      vertex 49.055088789095024 -34.54849148507072 0
      vertex 49.055088789095024 -34.54849148507072 1.5
    endloop
  endfacet
  facet normal 0.8382247055548383 -0.545324988422046 0
    outer loop
      vertex 49.888176738152715 -33.334213981176134 0
      vertex 50.69121391498243 -32.09985719322583 0
      vertex 49.888176738152715 -33.334213981176134 1.5
    endloop
  endfacet
  facet normal 0.8245893027850257 -0.5657318107836126 0
    outer loop
      vertex 49.055088789095024 -34.54849148507072 1.5
      vertex 49.888176738152715 -33.334213981176134 0
      vertex 49.888176738152715 -33.334213981176134 1.5
    endloop
  endfacet
  facet normal 0.8382247055548383 -0.545324988422046 0
    outer loop
      vertex 49.888176738152715 -33.334213981176134 1.5
      vertex 50.69121391498243 -32.09985719322583 0
      vertex 50.69121391498243 -32.09985719322583 1.5
    endloop
  endfacet
  facet normal 0.8513551931052666 -0.5245896826784664 0
    outer loop
      vertex 50.69121391498243 -32.09985719322583 0
      vertex 51.46371660001632 -30.846164651593305 0
      vertex 50.69121391498243 -32.09985719322583 1.5
    endloop
  endfacet
  facet normal 0.8639728561215857 -0.5035383837257191 0
    outer loop
      vertex 51.46371660001632 -30.846164651593305 0
      vertex 52.205219466522685 -29.57389153378704 0
      vertex 51.46371660001632 -30.846164651593305 1.5
    endloop
  endfacet
  facet normal 0.8513551931052666 -0.5245896826784664 0
    outer loop
      vertex 50.69121391498243 -32.09985719322583 1.5
      vertex 51.46371660001632 -30.846164651593305 0
      vertex 51.46371660001632 -30.846164651593305 1.5
    endloop
  endfacet
  facet normal 0 0 -1
    outer loop
      vertex 40.457106626713646 -31.1289080343405 0
      vertex 40.48220675559748 -29.08366820328372 0
      vertex 40.75660293560645 -28.70403834217959 0
    endloop
  endfacet
  facet normal 0 0 -1
    outer loop
      vertex 40.457106626713646 -31.1289080343405 0
      vertex 40.75660293560645 -28.70403834217959 0
      vertex 41.37243268422401 -29.900365676978517 0
    endloop
  endfacet
  facet normal 0 0 -1
    outer loop
      vertex 41.37243268422401 -29.900365676978517 0
      vertex 40.75660293560645 -28.70403834217959 0
      vertex 41.37243268422401 -27.80642817890549 0
    endloop
  endfacet
  facet normal 0 0 -1
    outer loop
      vertex 41.54165247143744 -29.66624840787585 0
      vertex 41.568093501332555 -27.51174761762369 0
      vertex 42.1159502276979 -26.669631351371795 0
    endloop
  endfacet
  facet normal 0 0 -1
    outer loop
      vertex 45.43253079038907 -39.1903705772266 0
      vertex 44.6478905103368 -24.74466183800458 0
      vertex 44.68035447055921 -22.099393169146577 0
    endloop
  endfacet
  facet normal 0 0 1
    outer loop
      vertex 45.43253079038907 -39.1903705772266 1.5
      vertex 45.022080544983524 -24.064803414967177 1.5
      vertex 44.417940896099715 -25.162452713330474 1.5
    endloop
  endfacet
  facet normal 0 0 -1
    outer loop
      vertex 43.45482497708802 -26.784104954988177 0
      vertex 42.75777120851356 -25.628021798032105 0
      vertex 43.373836506769265 -24.570974882654735 0
    endloop
  endfacet
  facet normal 0 0 -1
    outer loop
      vertex 43.45482497708802 -26.784104954988177 0
      vertex 43.373836506769265 -24.570974882654735 0
      vertex 43.45482497708802 -24.42382854358372 0
    endloop
  endfacet
  facet normal 0 0 -1
    outer loop
      vertex 43.63749796850005 -26.48764544574917 0
      vertex 43.66756978073409 -24.0372967460366 0
      vertex 44.457067521297546 -25.091364327102106 0
    endloop
  endfacet
  facet normal 0 0 -1
    outer loop
      vertex 44.457067521297546 -25.091364327102106 0
      vertex 43.66756978073409 -24.0372967460366 0
      vertex 43.9637750277655 -23.499127330775984 0
    endloop
  endfacet
  facet normal 0 0 -1
    outer loop
      vertex 44.457067521297546 -25.091364327102106 0
      vertex 43.9637750277655 -23.499127330775984 0
      vertex 44.457067521297546 -22.54835826123285 0
    endloop
  endfacet
  facet normal 0 0 1
    outer loop
      vertex 46.38062720176422 -38.06359704981873 1.5
      vertex 45.599100576031056 -22.952658378867664 1.5
      vertex 45.022080544983524 -24.064803414967177 1.5
    endloop
  endfacet
  facet normal 0 0 -1
    outer loop
      vertex 45.43253079038907 -39.1903705772266 0
      vertex 44.68035447055921 -22.099393169146577 0
      vertex 45.06386626220365 -21.313621407499564 0
    endloop
  endfacet
  facet normal 0 0 -1
    outer loop
      vertex 45.43253079038907 -39.1903705772266 0
      vertex 45.06386626220365 -21.313621407499564 0
      vertex 45.57335632182101 -20.201279503148744 0
    endloop
  endfacet
  facet normal 0 0 -1
    outer loop
      vertex 46.38062720176422 -38.06359704981873 0
      vertex 46.38062720176422 -21.32023178014856 0
      vertex 46.59176675280379 -20.859262295359162 0
    endloop
  endfacet
  facet normal 0 0 1
    outer loop
      vertex 46.38062720176422 -38.06359704981873 1.5
      vertex 46.14865341395178 -21.8266875196159 1.5
      vertex 45.599100576031056 -22.952658378867664 1.5
    endloop
  endfacet
  facet normal 0 0 1
    outer loop
      vertex 47.30078565759638 -36.913895434837606 1.5
      vertex 46.670408028665236 -20.68756907995473 1.5
      vertex 46.14865341395178 -21.8266875196159 1.5
    endloop
  endfacet
  facet normal 0 0 -1
    outer loop
      vertex 48.1924518888387 -35.741958269546004 0
      vertex 48.43313225547251 -16.13054214212356 0
      vertex 49.055088789095024 -34.54849148507072 0
    endloop
  endfacet
  facet normal 0 0 1
    outer loop
      vertex 48.1924518888387 -35.741958269546004 1.5
      vertex 49.055088789095024 -34.54849148507072 1.5
      vertex 48.06582452759321 -17.19822701567283 1.5
    endloop
  endfacet
  facet normal 0 0 -1
    outer loop
      vertex 46.38062720176422 -38.06359704981873 0
      vertex 46.055394695687646 -19.076769103399727 0
      vertex 46.38062720176422 -21.32023178014856 0
    endloop
  endfacet
  facet normal 0 0 -1
    outer loop
      vertex 46.38062720176422 -38.06359704981873 0
      vertex 45.57335632182101 -20.201279503148744 0
      vertex 46.055394695687646 -19.076769103399727 0
    endloop
  endfacet
  facet normal 0 0 -1
    outer loop
      vertex 47.30078565759638 -36.913895434837606 0
      vertex 46.59176675280379 -20.859262295359162 0
      vertex 47.30078565759638 -19.19407194371466 0
    endloop
  endfacet
  facet normal 0 0 -1
    outer loop
      vertex 47.30078565759638 -36.913895434837606 0
      vertex 47.30078565759638 -19.19407194371466 0
      vertex 47.525136446417925 -18.633066218763542 0
    endloop
  endfacet
  facet normal 0 0 1
    outer loop
      vertex 47.30078565759638 -36.913895434837606 1.5
      vertex 47.164050134701185 -19.53598922223783 1.5
      vertex 46.670408028665236 -20.68756907995473 1.5
    endloop
  endfacet
  facet normal 0 0 1
    outer loop
      vertex 48.1924518888387 -35.741958269546004 1.5
      vertex 47.629282380513416 -18.372641615111146 1.5
      vertex 47.164050134701185 -19.53598922223783 1.5
    endloop
  endfacet
  facet normal 0 0 -1
    outer loop
      vertex 48.1924518888387 -35.741958269546004 0
      vertex 47.525136446417925 -18.633066218763542 0
      vertex 48.1924518888387 -16.830148404967165 0
    endloop
  endfacet
  facet normal 0 0 -1
    outer loop
      vertex 48.1924518888387 -35.741958269546004 0
      vertex 48.1924518888387 -16.830148404967165 0
      vertex 48.43313225547251 -16.13054214212356 0
    endloop
  endfacet
  facet normal 0 0 1
    outer loop
      vertex 48.1924518888387 -35.741958269546004 1.5
      vertex 48.06582452759321 -17.19822701567283 1.5
      vertex 47.629282380513416 -18.372641615111146 1.5
    endloop
  endfacet
  facet normal 0 0 1
    outer loop
      vertex 49.055088789095024 -34.54849148507072 1.5
      vertex 48.47341361927452 -16.01345284736341 1.5
      vertex 48.06582452759321 -17.19822701567283 1.5
    endloop
  endfacet
  facet normal 0 0 -1
    outer loop
      vertex 49.055088789095024 -34.54849148507072 0
      vertex 48.47341361927452 -12.8482860995972 0
      vertex 49.888176738152715 -33.334213981176134 0
    endloop
  endfacet
  facet normal 0 0 1
    outer loop
      vertex 49.055088789095024 -34.54849148507072 1.5
      vertex 49.888176738152715 -33.334213981176134 1.5
      vertex 48.85180413912926 -14.819032773840302 1.5
    endloop
  endfacet
  facet normal 0.876070094195406 -0.4821837720791236 0
    outer loop
      vertex 52.205219466522685 -29.57389153378704 0
      vertex 52.9152758609013 -28.283804209559857 0
      vertex 52.205219466522685 -29.57389153378704 1.5
    endloop
  endfacet
  facet normal 0.8639728561215857 -0.5035383837257191 0
    outer loop
      vertex 51.46371660001632 -30.846164651593305 1.5
      vertex 52.205219466522685 -29.57389153378704 0
      vertex 52.205219466522685 -29.57389153378704 1.5
    endloop
  endfacet
  facet normal 0 0 1
    outer loop
      vertex 49.888176738152715 -33.334213981176134 1.5
      vertex 50.69121391498243 -32.09985719322583 1.5
      vertex 49.80959373846688 -11.185118310008203 1.5
    endloop
  endfacet
  facet normal 0 0 1
    outer loop
      vertex 50.69121391498243 -32.09985719322583 1.5
      vertex 51.46371660001632 -30.846164651593305 1.5
      vertex 50.66608024126414 -6.249064968919987 1.5
    endloop
  endfacet
  facet normal 0 0 -1
    outer loop
      vertex 46.38062720176422 -21.32023178014856 0
      vertex 46.055394695687646 -19.076769103399727 0
      vertex 46.38062720176422 -18.263501190202014 0
    endloop
  endfacet
  facet normal 0 0 -1
    outer loop
      vertex 46.59176675280379 -20.859262295359162 0
      vertex 46.63160914145425 -17.612775370551315 0
      vertex 47.30078565759638 -19.19407194371466 0
    endloop
  endfacet
  facet normal 0 0 -1
    outer loop
      vertex 49.055088789095024 -34.54849148507072 0
      vertex 48.43313225547251 -16.13054214212356 0
      vertex 48.47341361927452 -12.8482860995972 0
    endloop
  endfacet
  facet normal 0 0 -1
    outer loop
      vertex 47.30078565759638 -19.19407194371466 0
      vertex 46.63160914145425 -17.612775370551315 0
      vertex 46.93597164937359 -16.79395919160217 0
    endloop
  endfacet
  facet normal 0 0 -1
    outer loop
      vertex 47.30078565759638 -19.19407194371466 0
      vertex 46.93597164937359 -16.79395919160217 0
      vertex 47.30078565759638 -15.733523026844031 0
    endloop
  endfacet
  facet normal 0 0 -1
    outer loop
      vertex 47.525136446417925 -18.633066218763542 0
      vertex 47.571090566872286 -14.888575583299982 0
      vertex 48.1924518888387 -16.830148404967165 0
    endloop
  endfacet
  facet normal 0 0 -1
    outer loop
      vertex 48.1924518888387 -16.830148404967165 0
      vertex 47.571090566872286 -14.888575583299982 0
      vertex 47.70347573625061 -14.470691161134948 0
    endloop
  endfacet
  facet normal 0 0 1
    outer loop
      vertex 49.055088789095024 -34.54849148507072 1.5
      vertex 48.85180413912926 -14.819032773840302 1.5
      vertex 48.47341361927452 -16.01345284736341 1.5
    endloop
  endfacet
  facet normal 0 0 -1
    outer loop
      vertex 49.888176738152715 -33.334213981176134 0
      vertex 48.47341361927452 -12.8482860995972 0
      vertex 48.63875118242065 -10.92219682181996 0
    endloop
  endfacet
  facet normal 0 0 1
    outer loop
      vertex 49.888176738152715 -33.334213981176134 1.5
      vertex 49.2007681588572 -13.615686269093564 1.5
      vertex 48.85180413912926 -14.819032773840302 1.5
    endloop
  endfacet
  facet normal 0 0 1
    outer loop
      vertex 49.888176738152715 -33.334213981176134 1.5
      vertex 49.52009547558147 -12.40413818406162 1.5
      vertex 49.2007681588572 -13.615686269093564 1.5
    endloop
  endfacet
  facet normal 0 0 1
    outer loop
      vertex 49.888176738152715 -33.334213981176134 1.5
      vertex 49.80959373846688 -11.185118310008203 1.5
      vertex 49.52009547558147 -12.40413818406162 1.5
    endloop
  endfacet
  facet normal 0 0 -1
    outer loop
      vertex 49.888176738152715 -33.334213981176134 0
      vertex 48.63875118242065 -10.92219682181996 0
      vertex 48.89214622810104 -9.725252552503994 0
    endloop
  endfacet
  facet normal 0 0 -1
    outer loop
      vertex 49.888176738152715 -33.334213981176134 0
      vertex 48.89214622810104 -9.725252552503994 0
      vertex 49.11609047308872 -8.522450154701016 0
    endloop
  endfacet
  facet normal 0 0 1
    outer loop
      vertex 50.69121391498243 -32.09985719322583 1.5
      vertex 50.06908856458491 -9.959360938923346 1.5
      vertex 49.80959373846688 -11.185118310008203 1.5
    endloop
  endfacet
  facet normal 0 0 1
    outer loop
      vertex 50.69121391498243 -32.09985719322583 1.5
      vertex 50.298423643955445 -8.727604421213377 1.5
      vertex 50.06908856458491 -9.959360938923346 1.5
    endloop
  endfacet
  facet normal 0 0 -1
    outer loop
      vertex 49.888176738152715 -33.334213981176134 0
      vertex 49.11609047308872 -8.522450154701016 0
      vertex 49.31044902174433 -7.314514151599783 0
    endloop
  endfacet
  facet normal 0 0 -1
    outer loop
      vertex 49.888176738152715 -33.334213981176134 0
      vertex 49.31044902174433 -7.314514151599783 0
      vertex 49.475104799745694 -6.102172158680927 0
    endloop
  endfacet
  facet normal 0 0 1
    outer loop
      vertex 50.69121391498243 -32.09985719322583 1.5
      vertex 50.49746083370207 -7.490590720946217 1.5
      vertex 50.298423643955445 -8.727604421213377 1.5
    endloop
  endfacet
  facet normal 0 0 1
    outer loop
      vertex 50.69121391498243 -32.09985719322583 1.5
      vertex 50.66608024126414 -6.249064968919987 1.5
      vertex 50.49746083370207 -7.490590720946217 1.5
    endloop
  endfacet
  facet normal 0.876070094195406 -0.4821837720791236 0
    outer loop
      vertex 52.205219466522685 -29.57389153378704 1.5
      vertex 52.9152758609013 -28.283804209559857 0
      vertex 52.9152758609013 -28.283804209559857 1.5
    endloop
  endfacet
  facet normal 0.8876396204028536 -0.46053871095824067 0
    outer loop
      vertex 52.9152758609013 -28.283804209559857 0
      vertex 53.59345807173092 -26.976679779276395 0
      vertex 52.9152758609013 -28.283804209559857 1.5
    endloop
  endfacet
  facet normal 0.8986744656939539 -0.4386162385385272 0
    outer loop
      vertex 53.59345807173092 -26.976679779276395 0
      vertex 54.2393575874066 -25.653305605816925 0
      vertex 53.59345807173092 -26.976679779276395 1.5
    endloop
  endfacet
  facet normal 0.8876396204028536 -0.46053871095824067 0
    outer loop
      vertex 52.9152758609013 -28.283804209559857 1.5
      vertex 53.59345807173092 -26.976679779276395 0
      vertex 53.59345807173092 -26.976679779276395 1.5
    endloop
  endfacet
  facet normal 0.8986744656939539 -0.4386162385385272 0
    outer loop
      vertex 53.59345807173092 -26.976679779276395 1.5
      vertex 54.2393575874066 -25.653305605816925 0
      vertex 54.2393575874066 -25.653305605816925 1.5
    endloop
  endfacet
  facet normal 0.9091679830905232 -0.4164295600976356 0
    outer loop
      vertex 54.2393575874066 -25.653305605816925 0
      vertex 54.85258534221184 -24.31447884029939 0
      vertex 54.2393575874066 -25.653305605816925 1.5
    endloop
  endfacet
  facet normal 0.9091679830905232 -0.4164295600976356 0
    outer loop
      vertex 54.2393575874066 -25.653305605816925 1.5
      vertex 54.85258534221184 -24.31447884029939 0
      vertex 54.85258534221184 -24.31447884029939 1.5
    endloop
  endfacet
  facet normal 0.9191138516900569 -0.3939920400610501 0
    outer loop
      vertex 54.85258534221184 -24.31447884029939 0
      vertex 55.43277195067721 -22.961005941905388 0
      vertex 54.85258534221184 -24.31447884029939 1.5
    endloop
  endfacet
  facet normal 0.928506080473217 -0.371317193951834 0
    outer loop
      vertex 55.43277195067721 -22.961005941905388 0
      vertex 55.97956793008433 -21.59370219209929 0
      vertex 55.43277195067721 -22.961005941905388 1.5
    endloop
  endfacet
  facet normal 0.9191138516900569 -0.3939920400610501 0
    outer loop
      vertex 55.43277195067721 -22.961005941905388 0
      vertex 55.43277195067721 -22.961005941905388 1.5
      vertex 54.85258534221184 -24.31447884029939 1.5
    endloop
  endfacet
  facet normal 0.9373390119125733 -0.34841868024943917 0
    outer loop
      vertex 55.97956793008433 -21.59370219209929 0
      vertex 56.49264391098125 -20.213391203533202 0
      vertex 55.97956793008433 -21.59370219209929 1.5
    endloop
  endfacet
  facet normal 0.928506080473217 -0.371317193951834 0
    outer loop
      vertex 55.43277195067721 -22.961005941905388 1.5
      vertex 55.97956793008433 -21.59370219209929 0
      vertex 55.97956793008433 -21.59370219209929 1.5
    endloop
  endfacet
  facet normal 0.9373390119125733 -0.34841868024943917 0
    outer loop
      vertex 55.97956793008433 -21.59370219209929 1.5
      vertex 56.49264391098125 -20.213391203533202 0
      vertex 56.49264391098125 -20.213391203533202 1.5
    endloop
  endfacet
  facet normal 0.9456073253805216 -0.32531029216226215 0
    outer loop
      vertex 56.49264391098125 -20.213391203533202 0
      vertex 56.9716908355822 -18.82090442393349 0
      vertex 56.49264391098125 -20.213391203533202 1.5
    endloop
  endfacet
  facet normal 0.9456073253805216 -0.32531029216226215 0
    outer loop
      vertex 56.9716908355822 -18.82090442393349 0
      vertex 56.9716908355822 -18.82090442393349 1.5
      vertex 56.49264391098125 -20.213391203533202 1.5
    endloop
  endfacet
  facet normal 0.9533060403541952 -0.30200594931922325 0
    outer loop
      vertex 56.9716908355822 -18.82090442393349 0
      vertex 57.41642014393253 -17.41708063526774 0
      vertex 56.9716908355822 -18.82090442393349 1.5
    endloop
  endfacet
  facet normal 0.9604305194155649 -0.2785196893850564 0
    outer loop
      vertex 57.41642014393253 -17.41708063526774 0
      vertex 57.82656394772639 -16.002765448493903 0
      vertex 57.41642014393253 -17.41708063526774 1.5
    endloop
  endfacet
  facet normal 0.9533060403541952 -0.30200594931922325 0
    outer loop
      vertex 56.9716908355822 -18.82090442393349 1.5
      vertex 57.41642014393253 -17.41708063526774 0
      vertex 57.41642014393253 -17.41708063526774 1.5
    endloop
  endfacet
  facet normal 0.9669764710448518 -0.2548656596045156 0
    outer loop
      vertex 57.82656394772639 -16.002765448493903 0
      vertex 58.20187519167264 -14.578810794195832 0
      vertex 57.82656394772639 -16.002765448493903 1.5
    endloop
  endfacet
  facet normal 0.9604305194155649 -0.2785196893850564 0
    outer loop
      vertex 57.41642014393253 -17.41708063526774 1.5
      vertex 57.82656394772639 -16.002765448493903 0
      vertex 57.82656394772639 -16.002765448493903 1.5
    endloop
  endfacet
  facet normal 0.9669764710448518 -0.2548656596045156 0
    outer loop
      vertex 57.82656394772639 -16.002765448493903 1.5
      vertex 58.20187519167264 -14.578810794195832 0
      vertex 58.20187519167264 -14.578810794195832 1.5
    endloop
  endfacet
  facet normal 0 0 -1
    outer loop
      vertex 48.1924518888387 -16.830148404967165 0
      vertex 47.70347573625061 -14.470691161134948 0
      vertex 48.04423687990268 -13.295630960123686 0
    endloop
  endfacet
  facet normal 0 0 -1
    outer loop
      vertex 48.1924518888387 -16.830148404967165 0
      vertex 48.04423687990268 -13.295630960123686 0
      vertex 48.1924518888387 -12.733293819375767 0
    endloop
  endfacet
  facet normal 0 0 -1
    outer loop
      vertex 48.47341361927452 -12.8482860995972 0
      vertex 48.42509255179792 -11.821871018121557 0
      vertex 48.63875118242065 -10.92219682181996 0
    endloop
  endfacet
  facet normal 0 0 -1
    outer loop
      vertex 49.888176738152715 -33.334213981176134 0
      vertex 49.475104799745694 -6.102172158680927 0
      vertex 49.60995862460902 -4.886154445428597 0
    endloop
  endfacet
  facet normal 0 0 -1
    outer loop
      vertex 49.888176738152715 -33.334213981176134 0
      vertex 49.60995862460902 -4.886154445428597 0
      vertex 49.71492926543271 -3.667193495443421 0
    endloop
  endfacet
  facet normal 0 0 -1
    outer loop
      vertex 49.888176738152715 -33.334213981176134 0
      vertex 49.71492926543271 -3.667193495443421 0
      vertex 49.789953491827845 -2.4460235652217883 0
    endloop
  endfacet
  facet normal 0 0 -1
    outer loop
      vertex 49.888176738152715 -33.334213981176134 0
      vertex 49.789953491827845 -2.4460235652217883 0
      vertex 49.83498611200579 -1.2233802418671775 0
    endloop
  endfacet
  facet normal 0 0 -1
    outer loop
      vertex 49.888176738152715 -33.334213981176134 0
      vertex 49.83498611200579 -1.2233802418671775 0
      vertex 49.85 0 0
    endloop
  endfacet
  facet normal 0 0 1
    outer loop
      vertex 51.46371660001632 -30.846164651593305 1.5
      vertex 50.80418029661565 -5.003775013824068 1.5
      vertex 50.66608024126414 -6.249064968919987 1.5
    endloop
  endfacet
  facet normal 0 0 1
    outer loop
      vertex 51.46371660001632 -30.846164651593305 1.5
      vertex 50.911677813447135 -3.755470971763022 1.5
      vertex 50.80418029661565 -5.003775013824068 1.5
    endloop
  endfacet
  facet normal 0 0 1
    outer loop
      vertex 51.46371660001632 -30.846164651593305 1.5
      vertex 50.98850803927405 -2.5049047744146895 1.5
      vertex 50.911677813447135 -3.755470971763022 1.5
    endloop
  endfacet
  facet normal 0 0 1
    outer loop
      vertex 51.46371660001632 -30.846164651593305 1.5
      vertex 51.03462469444123 -1.2528297160946722 1.5
      vertex 50.98850803927405 -2.5049047744146895 1.5
    endloop
  endfacet
  facet normal 0 0 -1
    outer loop
      vertex 49.888176738152715 -33.334213981176134 0
      vertex 50.69121391498243 32.09985719322583 0
      vertex 50.69121391498243 -32.09985719322583 0
    endloop
  endfacet
  facet normal 0 0 -1
    outer loop
      vertex 50.69121391498243 -32.09985719322583 0
      vertex 51.46371660001632 30.846164651593305 0
      vertex 51.46371660001632 -30.846164651593305 0
    endloop
  endfacet
  facet normal 0 0 -1
    outer loop
      vertex 51.46371660001632 -30.846164651593305 0
      vertex 52.205219466522685 29.57389153378704 0
      vertex 52.205219466522685 -29.57389153378704 0
    endloop
  endfacet
  facet normal 0 0 1
    outer loop
      vertex 51.46371660001632 -30.846164651593305 1.5
      vertex 51.05 0 1.5
      vertex 51.03462469444123 -1.2528297160946722 1.5
    endloop
  endfacet
  facet normal 0 0 1
    outer loop
      vertex 51.46371660001632 -30.846164651593305 1.5
      vertex 51.03462469444123 1.2528297160946722 1.5
      vertex 51.05 0 1.5
    endloop
  endfacet
  facet normal 0 0 1
    outer loop
      vertex 51.46371660001632 -30.846164651593305 1.5
      vertex 52.205219466522685 -29.57389153378704 1.5
      vertex 51.46371660001632 30.846164651593305 1.5
    endloop
  endfacet
  facet normal 0 0 1
    outer loop
      vertex 52.205219466522685 -29.57389153378704 1.5
      vertex 52.9152758609013 -28.283804209559857 1.5
      vertex 52.205219466522685 29.57389153378704 1.5
    endloop
  endfacet
  facet normal 0 0 -1
    outer loop
      vertex 52.205219466522685 -29.57389153378704 0
      vertex 52.9152758609013 28.283804209559857 0
      vertex 52.9152758609013 -28.283804209559857 0
    endloop
  endfacet
  facet normal 0 0 -1
    outer loop
      vertex 52.9152758609013 -28.283804209559857 0
      vertex 53.59345807173092 26.976679779276395 0
      vertex 53.59345807173092 -26.976679779276395 0
    endloop
  endfacet
  facet normal 0 0 -1
    outer loop
      vertex 53.59345807173092 -26.976679779276395 0
      vertex 54.2393575874066 25.653305605816925 0
      vertex 54.2393575874066 -25.653305605816925 0
    endloop
  endfacet
  facet normal 0 0 1
    outer loop
      vertex 52.9152758609013 -28.283804209559857 1.5
      vertex 53.59345807173092 -26.976679779276395 1.5
      vertex 52.9152758609013 28.283804209559857 1.5
    endloop
  endfacet
  facet normal 0 0 1
    outer loop
      vertex 53.59345807173092 -26.976679779276395 1.5
      vertex 54.2393575874066 -25.653305605816925 1.5
      vertex 53.59345807173092 26.976679779276395 1.5
    endloop
  endfacet
  facet normal 0 0 -1
    outer loop
      vertex 54.2393575874066 -25.653305605816925 0
      vertex 54.85258534221184 24.31447884029939 0
      vertex 54.85258534221184 -24.31447884029939 0
    endloop
  endfacet
  facet normal 0 0 -1
    outer loop
      vertex 54.85258534221184 -24.31447884029939 0
      vertex 55.43277195067721 22.961005941905388 0
      vertex 55.43277195067721 -22.961005941905388 0
    endloop
  endfacet
  facet normal 0 0 -1
    outer loop
      vertex 55.43277195067721 -22.961005941905388 0
      vertex 55.97956793008433 21.59370219209929 0
      vertex 55.97956793008433 -21.59370219209929 0
    endloop
  endfacet
  facet normal 0 0 1
    outer loop
      vertex 54.2393575874066 -25.653305605816925 1.5
      vertex 54.85258534221184 -24.31447884029939 1.5
      vertex 54.2393575874066 25.653305605816925 1.5
    endloop
  endfacet
  facet normal 0 0 1
    outer loop
      vertex 54.85258534221184 -24.31447884029939 1.5
      vertex 55.43277195067721 -22.961005941905388 1.5
      vertex 54.85258534221184 24.31447884029939 1.5
    endloop
  endfacet
  facet normal 0.9729399522055606 -0.23105810828066917 0
    outer loop
      vertex 58.20187519167264 -14.578810794195832 0
      vertex 58.54212780231171 -13.146074409412188 0
      vertex 58.20187519167264 -14.578810794195832 1.5
    endloop
  endfacet
  facet normal 0.9729399522055606 -0.23105810828066917 0
    outer loop
      vertex 58.54212780231171 -13.146074409412188 0
      vertex 58.54212780231171 -13.146074409412188 1.5
      vertex 58.20187519167264 -14.578810794195832 1.5
    endloop
  endfacet
  facet normal 0.9783173707196275 -0.20711137619221853 0
    outer loop
      vertex 58.54212780231171 -13.146074409412188 0
      vertex 58.847116824193826 -11.705419320967694 0
      vertex 58.54212780231171 -13.146074409412188 1.5
    endloop
  endfacet
  facet normal 0.9783173707196275 -0.20711137619221853 0
    outer loop
      vertex 58.54212780231171 -13.146074409412188 1.5
      vertex 58.847116824193826 -11.705419320967694 0
      vertex 58.847116824193826 -11.705419320967694 1.5
    endloop
  endfacet
  facet normal 0.9831054874312166 -0.18303988795513895 0
    outer loop
      vertex 58.847116824193826 -11.705419320967694 0
      vertex 59.11665854333647 -10.257713325618074 0
      vertex 58.847116824193826 -11.705419320967694 1.5
    endloop
  endfacet
  facet normal 0.9873014181578573 -0.158858143333868 0
    outer loop
      vertex 59.11665854333647 -10.257713325618074 0
      vertex 59.350590597886864 -8.803828467321704 0
      vertex 59.11665854333647 -10.257713325618074 1.5
    endloop
  endfacet
  facet normal 0.9831054874312166 -0.18303988795513895 0
    outer loop
      vertex 58.847116824193826 -11.705419320967694 1.5
      vertex 59.11665854333647 -10.257713325618074 0
      vertex 59.11665854333647 -10.257713325618074 1.5
    endloop
  endfacet
  facet normal 0.9909026354277807 -0.13458070850712217 0
    outer loop
      vertex 59.350590597886864 -8.803828467321704 0
      vertex 59.5487720759226 -7.344640511952972 0
      vertex 59.350590597886864 -8.803828467321704 1.5
    endloop
  endfacet
  facet normal 0.9873014181578573 -0.158858143333868 0
    outer loop
      vertex 59.11665854333647 -10.257713325618074 1.5
      vertex 59.350590597886864 -8.803828467321704 0
      vertex 59.350590597886864 -8.803828467321704 1.5
    endloop
  endfacet
  facet normal 0.9909026354277807 -0.13458070850712217 0
    outer loop
      vertex 59.350590597886864 -8.803828467321704 1.5
      vertex 59.5487720759226 -7.344640511952972 0
      vertex 59.5487720759226 -7.344640511952972 1.5
    endloop
  endfacet
  facet normal 0 0 1
    outer loop
      vertex 55.43277195067721 -22.961005941905388 1.5
      vertex 55.97956793008433 -21.59370219209929 1.5
      vertex 55.43277195067721 22.961005941905388 1.5
    endloop
  endfacet
  facet normal 0 0 1
    outer loop
      vertex 55.97956793008433 -21.59370219209929 1.5
      vertex 56.49264391098125 -20.213391203533202 1.5
      vertex 55.97956793008433 21.59370219209929 1.5
    endloop
  endfacet
  facet normal 0 0 -1
    outer loop
      vertex 55.97956793008433 -21.59370219209929 0
      vertex 56.49264391098125 20.213391203533202 0
      vertex 56.49264391098125 -20.213391203533202 0
    endloop
  endfacet
  facet normal 0 0 -1
    outer loop
      vertex 56.49264391098125 -20.213391203533202 0
      vertex 56.9716908355822 18.82090442393349 0
      vertex 56.9716908355822 -18.82090442393349 0
    endloop
  endfacet
  facet normal 0 0 -1
    outer loop
      vertex 56.9716908355822 -18.82090442393349 0
      vertex 57.41642014393253 17.41708063526774 0
      vertex 57.41642014393253 -17.41708063526774 0
    endloop
  endfacet
  facet normal 0 0 -1
    outer loop
      vertex 57.41642014393253 -17.41708063526774 0
      vertex 57.82656394772639 16.002765448493903 0
      vertex 57.82656394772639 -16.002765448493903 0
    endloop
  endfacet
  facet normal 0 0 1
    outer loop
      vertex 56.49264391098125 -20.213391203533202 1.5
      vertex 56.9716908355822 -18.82090442393349 1.5
      vertex 56.49264391098125 20.213391203533202 1.5
    endloop
  endfacet
  facet normal 0 0 1
    outer loop
      vertex 56.9716908355822 -18.82090442393349 1.5
      vertex 57.41642014393253 -17.41708063526774 1.5
      vertex 56.9716908355822 18.82090442393349 1.5
    endloop
  endfacet
  facet normal 0 0 -1
    outer loop
      vertex 57.82656394772639 -16.002765448493903 0
      vertex 58.20187519167264 14.578810794195832 0
      vertex 58.20187519167264 -14.578810794195832 0
    endloop
  endfacet
  facet normal 0 0 1
    outer loop
      vertex 57.41642014393253 -17.41708063526774 1.5
      vertex 57.82656394772639 -16.002765448493903 1.5
      vertex 57.41642014393253 17.41708063526774 1.5
    endloop
  endfacet
  facet normal 0 0 1
    outer loop
      vertex 57.82656394772639 -16.002765448493903 1.5
      vertex 58.20187519167264 -14.578810794195832 1.5
      vertex 57.82656394772639 16.002765448493903 1.5
    endloop
  endfacet
  facet normal 0.9939069700023555 -0.11022220729388692 0
    outer loop
      vertex 59.5487720759226 -7.344640511952972 0
      vertex 59.71108360033182 -5.881028419773636 0
      vertex 59.5487720759226 -7.344640511952972 1.5
    endloop
  endfacet
  facet normal 0.9939069700023555 -0.11022220729388692 0
    outer loop
      vertex 59.71108360033182 -5.881028419773636 0
      vertex 59.71108360033182 -5.881028419773636 1.5
      vertex 59.5487720759226 -7.344640511952972 1.5
    endloop
  endfacet
  facet normal 0 0 -1
    outer loop
      vertex 58.20187519167264 -14.578810794195832 0
      vertex 58.54212780231171 13.146074409412188 0
      vertex 58.54212780231171 -13.146074409412188 0
    endloop
  endfacet
  facet normal 0 0 -1
    outer loop
      vertex 58.54212780231171 -13.146074409412188 0
      vertex 58.847116824193826 11.705419320967694 0
      vertex 58.847116824193826 -11.705419320967694 0
    endloop
  endfacet
  facet normal 0 0 -1
    outer loop
      vertex 58.847116824193826 -11.705419320967694 0
      vertex 59.11665854333647 10.257713325618074 0
      vertex 59.11665854333647 -10.257713325618074 0
    endloop
  endfacet
  facet normal 0.9963126121827786 -0.08579731234443426 0
    outer loop
      vertex 59.71108360033182 -5.881028419773636 0
      vertex 59.83742740072141 -4.413873815980046 0
      vertex 59.71108360033182 -5.881028419773636 1.5
    endloop
  endfacet
  facet normal 0.998118112900149 -0.06132073630221063 0
    outer loop
      vertex 59.83742740072141 -4.413873815980046 0
      vertex 59.92772737231034 -2.944060459645081 0
      vertex 59.83742740072141 -4.413873815980046 1.5
    endloop
  endfacet
  facet normal 0 0 1
    outer loop
      vertex 58.20187519167264 -14.578810794195832 1.5
      vertex 58.54212780231171 -13.146074409412188 1.5
      vertex 58.20187519167264 14.578810794195832 1.5
    endloop
  endfacet
  facet normal 0 0 1
    outer loop
      vertex 58.54212780231171 -13.146074409412188 1.5
      vertex 58.847116824193826 -11.705419320967694 1.5
      vertex 58.54212780231171 13.146074409412188 1.5
    endloop
  endfacet
  facet normal 0.9963126121827786 -0.08579731234443426 0
    outer loop
      vertex 59.71108360033182 -5.881028419773636 1.5
      vertex 59.83742740072141 -4.413873815980046 0
      vertex 59.83742740072141 -4.413873815980046 1.5
    endloop
  endfacet
  facet normal 0 0 -1
    outer loop
      vertex 59.11665854333647 -10.257713325618074 0
      vertex 59.350590597886864 8.803828467321704 0
      vertex 59.350590597886864 -8.803828467321704 0
    endloop
  endfacet
  facet normal 0 0 -1
    outer loop
      vertex 59.350590597886864 -8.803828467321704 0
      vertex 59.5487720759226 7.344640511952972 0
      vertex 59.5487720759226 -7.344640511952972 0
    endloop
  endfacet
  facet normal 0 0 -1
    outer loop
      vertex 59.5487720759226 -7.344640511952972 0
      vertex 59.71108360033182 5.881028419773636 0
      vertex 59.71108360033182 -5.881028419773636 0
    endloop
  endfacet
  facet normal 0 0 -1
    outer loop
      vertex 59.71108360033182 -5.881028419773636 0
      vertex 59.83742740072141 4.413873815980046 0
      vertex 59.83742740072141 -4.413873815980046 0
    endloop
  endfacet
  facet normal 0.9993223845883494 -0.03680722294135924 0
    outer loop
      vertex 59.92772737231034 -2.944060459645081 0
      vertex 59.981929121772254 -1.4724737113747373 0
      vertex 59.92772737231034 -2.944060459645081 1.5
    endloop
  endfacet
  facet normal 0 0 1
    outer loop
      vertex 58.847116824193826 -11.705419320967694 1.5
      vertex 59.11665854333647 -10.257713325618074 1.5
      vertex 58.847116824193826 11.705419320967694 1.5
    endloop
  endfacet
  facet normal 0.998118112900149 -0.06132073630221063 0
    outer loop
      vertex 59.83742740072141 -4.413873815980046 1.5
      vertex 59.92772737231034 -2.944060459645081 0
      vertex 59.92772737231034 -2.944060459645081 1.5
    endloop
  endfacet
  facet normal 0 0 1
    outer loop
      vertex 59.11665854333647 -10.257713325618074 1.5
      vertex 59.350590597886864 -8.803828467321704 1.5
      vertex 59.11665854333647 10.257713325618074 1.5
    endloop
  endfacet
  facet normal 0.9993223845883494 -0.03680722294135924 0
    outer loop
      vertex 59.92772737231034 -2.944060459645081 1.5
      vertex 59.981929121772254 -1.4724737113747373 0
      vertex 59.981929121772254 -1.4724737113747373 1.5
    endloop
  endfacet
  facet normal 0 0 1
    outer loop
      vertex 59.350590597886864 -8.803828467321704 1.5
      vertex 59.5487720759226 -7.344640511952972 1.5
      vertex 59.350590597886864 8.803828467321704 1.5
    endloop
  endfacet
  facet normal 0 0 1
    outer loop
      vertex 59.5487720759226 -7.344640511952972 1.5
      vertex 59.71108360033182 -5.881028419773636 1.5
      vertex 59.5487720759226 7.344640511952972 1.5
    endloop
  endfacet
  facet normal 0 0 -1
    outer loop
      vertex 59.83742740072141 -4.413873815980046 0
      vertex 59.92772737231034 2.944060459645081 0
      vertex 59.92772737231034 -2.944060459645081 0
    endloop
  endfacet
  facet normal 0 0 -1
    outer loop
      vertex 59.92772737231034 -2.944060459645081 0
      vertex 59.981929121772254 1.4724737113747373 0
      vertex 59.981929121772254 -1.4724737113747373 0
    endloop
  endfacet
  facet normal 0.9999247018391446 -0.012271538285719617 0
    outer loop
      vertex 59.981929121772254 -1.4724737113747373 0
      vertex 60 0 0
      vertex 59.981929121772254 -1.4724737113747373 1.5
    endloop
  endfacet
  facet normal 0 0 1
    outer loop
      vertex 59.71108360033182 -5.881028419773636 1.5
      vertex 59.83742740072141 -4.413873815980046 1.5
      vertex 59.71108360033182 5.881028419773636 1.5
    endloop
  endfacet
  facet normal 0 0 1
    outer loop
      vertex 59.83742740072141 -4.413873815980046 1.5
      vertex 59.92772737231034 -2.944060459645081 1.5
      vertex 59.83742740072141 4.413873815980046 1.5
    endloop
  endfacet
  facet normal 0.9999247018391446 -0.012271538285719617 0
    outer loop
      vertex 59.981929121772254 -1.4724737113747373 1.5
      vertex 60 0 0
      vertex 60 0 1.5
    endloop
  endfacet
  facet normal 0 0 1
    outer loop
      vertex 59.92772737231034 -2.944060459645081 1.5
      vertex 59.981929121772254 -1.4724737113747373 1.5
      vertex 59.92772737231034 2.944060459645081 1.5
    endloop
  endfacet
  facet normal 0 0 -1
    outer loop
      vertex 5.770675040449511 50.719132685260035 0
      vertex 4.886154445428597 49.60995862460902 0
      vertex 3.667193495443421 49.71492926543271 0
    endloop
  endfacet
  facet normal 0 0 -1
    outer loop
      vertex 5.770675040449511 50.719132685260035 0
      vertex 5.755879056629516 49.513507981563265 0
      vertex 4.886154445428597 49.60995862460902 0
    endloop
  endfacet
  facet normal 0 0 -1
    outer loop
      vertex 7.233986343467334 50.532311885351795 0
      vertex 6.102172158680927 49.475104799745694 0
      vertex 5.775111520518538 49.51137514148313 0
    endloop
  endfacet
  facet normal 0 0 -1
    outer loop
      vertex 7.233986343467334 50.532311885351795 0
      vertex 7.219150030374288 49.32340102181157 0
      vertex 6.102172158680927 49.475104799745694 0
    endloop
  endfacet
  facet normal 0 0 -1
    outer loop
      vertex 7.233986343467334 50.532311885351795 0
      vertex 7.314514151599783 49.31044902174433 0
      vertex 7.245234699328062 49.3198582991429 0
    endloop
  endfacet
  facet normal 0 0 -1
    outer loop
      vertex 0 60 0
      vertex 1.2233802418671775 49.83498611200579 0
      vertex 0 49.85 0
    endloop
  endfacet
  facet normal 0 0 1
    outer loop
      vertex 0 51.05 1.5
      vertex 1.2528297160946722 51.03462469444123 1.5
      vertex 0 60 1.5
    endloop
  endfacet
  facet normal 0 0 1
    outer loop
      vertex 1.2528297160946722 51.03462469444123 1.5
      vertex 2.5049047744146895 50.98850803927405 1.5
      vertex 1.4724737113747373 59.981929121772254 1.5
    endloop
  endfacet
  facet normal 0 0 -1
    outer loop
      vertex 2.944060459645081 59.92772737231034 0
      vertex 2.4460235652217883 49.789953491827845 0
      vertex 1.2233802418671775 49.83498611200579 0
    endloop
  endfacet
  facet normal 0 0 -1
    outer loop
      vertex 4.413873815980046 59.83742740072141 0
      vertex 3.667193495443421 49.71492926543271 0
      vertex 2.4460235652217883 49.789953491827845 0
    endloop
  endfacet
  facet normal 0 0 1
    outer loop
      vertex 2.5049047744146895 50.98850803927405 1.5
      vertex 3.755470971763022 50.911677813447135 1.5
      vertex 2.944060459645081 59.92772737231034 1.5
    endloop
  endfacet
  facet normal 0 0 -1
    outer loop
      vertex 0 60 0
      vertex 1.4724737113747373 59.981929121772254 0
      vertex 1.2233802418671775 49.83498611200579 0
    endloop
  endfacet
  facet normal 0 0 1
    outer loop
      vertex 1.2528297160946722 51.03462469444123 1.5
      vertex 1.4724737113747373 59.981929121772254 1.5
      vertex 0 60 1.5
    endloop
  endfacet
  facet normal 0.012271538285719617 0.9999247018391446 0
    outer loop
      vertex 0 60 0
      vertex 0 60 1.5
      vertex 1.4724737113747373 59.981929121772254 0
    endloop
  endfacet
  facet normal 0.012271538285719617 0.9999247018391446 0
    outer loop
      vertex 1.4724737113747373 59.981929121772254 0
      vertex 0 60 1.5
      vertex 1.4724737113747373 59.981929121772254 1.5
    endloop
  endfacet
  facet normal 0 0 -1
    outer loop
      vertex 1.4724737113747373 59.981929121772254 0
      vertex 2.944060459645081 59.92772737231034 0
      vertex 1.2233802418671775 49.83498611200579 0
    endloop
  endfacet
  facet normal 0 0 -1
    outer loop
      vertex 2.944060459645081 59.92772737231034 0
      vertex 4.413873815980046 59.83742740072141 0
      vertex 2.4460235652217883 49.789953491827845 0
    endloop
  endfacet
  facet normal 0 0 1
    outer loop
      vertex 2.5049047744146895 50.98850803927405 1.5
      vertex 2.944060459645081 59.92772737231034 1.5
      vertex 1.4724737113747373 59.981929121772254 1.5
    endloop
  endfacet
  facet normal 0 0 1
    outer loop
      vertex 3.755470971763022 50.911677813447135 1.5
      vertex 4.413873815980046 59.83742740072141 1.5
      vertex 2.944060459645081 59.92772737231034 1.5
    endloop
  endfacet
  facet normal 0.03680722294135924 0.9993223845883494 0
    outer loop
      vertex 1.4724737113747373 59.981929121772254 0
      vertex 1.4724737113747373 59.981929121772254 1.5
      vertex 2.944060459645081 59.92772737231034 0
    endloop
  endfacet
  facet normal 0.06132073630221063 0.998118112900149 0
    outer loop
      vertex 2.944060459645081 59.92772737231034 0
      vertex 2.944060459645081 59.92772737231034 1.5
      vertex 4.413873815980046 59.83742740072141 0
    endloop
  endfacet
  facet normal 0.03680722294135924 0.9993223845883494 0
    outer loop
      vertex 1.4724737113747373 59.981929121772254 1.5
      vertex 2.944060459645081 59.92772737231034 1.5
      vertex 2.944060459645081 59.92772737231034 0
    endloop
  endfacet
  facet normal 0 0 -1
    outer loop
      vertex 5.770675040449511 50.719132685260035 0
      vertex 3.667193495443421 49.71492926543271 0
      vertex 4.413873815980046 59.83742740072141 0
    endloop
  endfacet
  facet normal 0 0 1
    outer loop
      vertex 3.755470971763022 50.911677813447135 1.5
      vertex 5.003775013824068 50.80418029661565 1.5
      vertex 4.413873815980046 59.83742740072141 1.5
    endloop
  endfacet
  facet normal 0 0 -1
    outer loop
      vertex 5.770675040449511 50.719132685260035 0
      vertex 5.881028419773636 59.71108360033182 0
      vertex 5.775111520518538 49.51137514148313 0
    endloop
  endfacet
  facet normal 0 0 -1
    outer loop
      vertex 7.233986343467334 50.532311885351795 0
      vertex 5.775111520518538 49.51137514148313 0
      vertex 5.881028419773636 59.71108360033182 0
    endloop
  endfacet
  facet normal 0 0 -1
    outer loop
      vertex 7.233986343467334 50.532311885351795 0
      vertex 7.344640511952972 59.5487720759226 0
      vertex 7.314514151599783 49.31044902174433 0
    endloop
  endfacet
  facet normal 0 0 1
    outer loop
      vertex 5.003775013824068 50.80418029661565 1.5
      vertex 6.249064968919987 50.66608024126414 1.5
      vertex 5.881028419773636 59.71108360033182 1.5
    endloop
  endfacet
  facet normal 0 0 1
    outer loop
      vertex 7.490590720946217 50.49746083370207 1.5
      vertex 7.344640511952972 59.5487720759226 1.5
      vertex 6.249064968919987 50.66608024126414 1.5
    endloop
  endfacet
  facet normal 0 0 -1
    outer loop
      vertex 5.770675040449511 50.719132685260035 0
      vertex 4.413873815980046 59.83742740072141 0
      vertex 5.881028419773636 59.71108360033182 0
    endloop
  endfacet
  facet normal 0 0 1
    outer loop
      vertex 5.003775013824068 50.80418029661565 1.5
      vertex 5.881028419773636 59.71108360033182 1.5
      vertex 4.413873815980046 59.83742740072141 1.5
    endloop
  endfacet
  facet normal 0.08579731234443426 0.9963126121827786 0
    outer loop
      vertex 4.413873815980046 59.83742740072141 0
      vertex 4.413873815980046 59.83742740072141 1.5
      vertex 5.881028419773636 59.71108360033182 0
    endloop
  endfacet
  facet normal 0.06132073630221063 0.998118112900149 0
    outer loop
      vertex 2.944060459645081 59.92772737231034 1.5
      vertex 4.413873815980046 59.83742740072141 1.5
      vertex 4.413873815980046 59.83742740072141 0
    endloop
  endfacet
  facet normal 0.08579731234443426 0.9963126121827786 0
    outer loop
      vertex 4.413873815980046 59.83742740072141 1.5
      vertex 5.881028419773636 59.71108360033182 1.5
      vertex 5.881028419773636 59.71108360033182 0
    endloop
  endfacet
  facet normal 0 0 -1
    outer loop
      vertex 7.233986343467334 50.532311885351795 0
      vertex 5.881028419773636 59.71108360033182 0
      vertex 7.344640511952972 59.5487720759226 0
    endloop
  endfacet
  facet normal 0 0 1
    outer loop
      vertex 6.249064968919987 50.66608024126414 1.5
      vertex 7.344640511952972 59.5487720759226 1.5
      vertex 5.881028419773636 59.71108360033182 1.5
    endloop
  endfacet
  facet normal 0.11022220729388692 0.9939069700023555 0
    outer loop
      vertex 5.881028419773636 59.71108360033182 0
      vertex 5.881028419773636 59.71108360033182 1.5
      vertex 7.344640511952972 59.5487720759226 0
    endloop
  endfacet
  facet normal 0.11022220729388692 0.9939069700023555 0
    outer loop
      vertex 7.344640511952972 59.5487720759226 0
      vertex 5.881028419773636 59.71108360033182 1.5
      vertex 7.344640511952972 59.5487720759226 1.5
    endloop
  endfacet
  facet normal 0 0 -1
    outer loop
      vertex 10.257713325618074 59.11665854333647 0
      vertex 9.725252552503994 48.89214622810104 0
      vertex 8.522450154701016 49.11609047308872 0
    endloop
  endfacet
  facet normal 0 0 -1
    outer loop
      vertex 11.705419320967694 58.847116824193826 0
      vertex 10.92219682181996 48.63875118242065 0
      vertex 9.725252552503994 48.89214622810104 0
    endloop
  endfacet
  facet normal 0 0 -1
    outer loop
      vertex 13.03331668565058 49.354263111901325 0
      vertex 13.018137033381382 48.117375859798436 0
      vertex 12.112561968177705 48.356057971748015 0
    endloop
  endfacet
  facet normal 0 0 -1
    outer loop
      vertex 14.465321239962545 48.95437858314786 0
      vertex 13.295630960123686 48.04423687990268 0
      vertex 13.036961446748668 48.1124143155694 0
    endloop
  endfacet
  facet normal 0 0 -1
    outer loop
      vertex 14.465321239962545 48.95437858314786 0
      vertex 14.450043067328538 47.70946357249394 0
      vertex 13.295630960123686 48.04423687990268 0
    endloop
  endfacet
  facet normal 0 0 -1
    outer loop
      vertex 13.03331668565058 49.354263111901325 0
      vertex 12.112561968177705 48.356057971748015 0
      vertex 10.92219682181996 48.63875118242065 0
    endloop
  endfacet
  facet normal 0 0 -1
    outer loop
      vertex 13.03331668565058 49.354263111901325 0
      vertex 10.92219682181996 48.63875118242065 0
      vertex 11.705419320967694 58.847116824193826 0
    endloop
  endfacet
  facet normal 0 0 -1
    outer loop
      vertex 13.03331668565058 49.354263111901325 0
      vertex 13.146074409412188 58.54212780231171 0
      vertex 13.036961446748668 48.1124143155694 0
    endloop
  endfacet
  facet normal 0 0 1
    outer loop
      vertex 12.40413818406162 49.52009547558147 1.5
      vertex 13.615686269093564 49.2007681588572 1.5
      vertex 13.146074409412188 58.54212780231171 1.5
    endloop
  endfacet
  facet normal 0 0 -1
    outer loop
      vertex 14.465321239962545 48.95437858314786 0
      vertex 13.036961446748668 48.1124143155694 0
      vertex 13.146074409412188 58.54212780231171 0
    endloop
  endfacet
  facet normal 0 0 -1
    outer loop
      vertex 14.578810794195832 58.20187519167264 0
      vertex 15.888465202173798 48.513009521157855 0
      vertex 14.472539487693295 47.7028901891196 0
    endloop
  endfacet
  facet normal 0 0 -1
    outer loop
      vertex 14.465321239962545 48.95437858314786 0
      vertex 14.578810794195832 58.20187519167264 0
      vertex 14.472539487693295 47.7028901891196 0
    endloop
  endfacet
  facet normal 0 0 1
    outer loop
      vertex 13.615686269093564 49.2007681588572 1.5
      vertex 14.819032773840302 48.85180413912926 1.5
      vertex 14.578810794195832 58.20187519167264 1.5
    endloop
  endfacet
  facet normal 0 0 -1
    outer loop
      vertex 8.803828467321704 59.350590597886864 0
      vertex 8.522450154701016 49.11609047308872 0
      vertex 7.314514151599783 49.31044902174433 0
    endloop
  endfacet
  facet normal 0 0 1
    outer loop
      vertex 7.490590720946217 50.49746083370207 1.5
      vertex 8.727604421213377 50.298423643955445 1.5
      vertex 8.803828467321704 59.350590597886864 1.5
    endloop
  endfacet
  facet normal 0 0 1
    outer loop
      vertex 8.727604421213377 50.298423643955445 1.5
      vertex 9.959360938923346 50.06908856458491 1.5
      vertex 8.803828467321704 59.350590597886864 1.5
    endloop
  endfacet
  facet normal 0 0 -1
    outer loop
      vertex 7.344640511952972 59.5487720759226 0
      vertex 8.803828467321704 59.350590597886864 0
      vertex 7.314514151599783 49.31044902174433 0
    endloop
  endfacet
  facet normal 0 0 -1
    outer loop
      vertex 8.803828467321704 59.350590597886864 0
      vertex 10.257713325618074 59.11665854333647 0
      vertex 8.522450154701016 49.11609047308872 0
    endloop
  endfacet
  facet normal 0 0 1
    outer loop
      vertex 9.959360938923346 50.06908856458491 1.5
      vertex 11.185118310008203 49.80959373846688 1.5
      vertex 10.257713325618074 59.11665854333647 1.5
    endloop
  endfacet
  facet normal 0 0 -1
    outer loop
      vertex 10.257713325618074 59.11665854333647 0
      vertex 11.705419320967694 58.847116824193826 0
      vertex 9.725252552503994 48.89214622810104 0
    endloop
  endfacet
  facet normal 0 0 1
    outer loop
      vertex 9.959360938923346 50.06908856458491 1.5
      vertex 10.257713325618074 59.11665854333647 1.5
      vertex 8.803828467321704 59.350590597886864 1.5
    endloop
  endfacet
  facet normal 0 0 1
    outer loop
      vertex 11.185118310008203 49.80959373846688 1.5
      vertex 11.705419320967694 58.847116824193826 1.5
      vertex 10.257713325618074 59.11665854333647 1.5
    endloop
  endfacet
  facet normal 0 0 1
    outer loop
      vertex 7.490590720946217 50.49746083370207 1.5
      vertex 8.803828467321704 59.350590597886864 1.5
      vertex 7.344640511952972 59.5487720759226 1.5
    endloop
  endfacet
  facet normal 0.13458070850712217 0.9909026354277807 0
    outer loop
      vertex 7.344640511952972 59.5487720759226 0
      vertex 7.344640511952972 59.5487720759226 1.5
      vertex 8.803828467321704 59.350590597886864 0
    endloop
  endfacet
  facet normal 0.158858143333868 0.9873014181578573 0
    outer loop
      vertex 8.803828467321704 59.350590597886864 0
      vertex 8.803828467321704 59.350590597886864 1.5
      vertex 10.257713325618074 59.11665854333647 0
    endloop
  endfacet
  facet normal 0.13458070850712217 0.9909026354277807 0
    outer loop
      vertex 7.344640511952972 59.5487720759226 1.5
      vertex 8.803828467321704 59.350590597886864 1.5
      vertex 8.803828467321704 59.350590597886864 0
    endloop
  endfacet
  facet normal 0.18303988795513895 0.9831054874312166 0
    outer loop
      vertex 10.257713325618074 59.11665854333647 0
      vertex 10.257713325618074 59.11665854333647 1.5
      vertex 11.705419320967694 58.847116824193826 0
    endloop
  endfacet
  facet normal 0.158858143333868 0.9873014181578573 0
    outer loop
      vertex 8.803828467321704 59.350590597886864 1.5
      vertex 10.257713325618074 59.11665854333647 1.5
      vertex 10.257713325618074 59.11665854333647 0
    endloop
  endfacet
  facet normal 0.18303988795513895 0.9831054874312166 0
    outer loop
      vertex 10.257713325618074 59.11665854333647 1.5
      vertex 11.705419320967694 58.847116824193826 1.5
      vertex 11.705419320967694 58.847116824193826 0
    endloop
  endfacet
  facet normal 0 0 1
    outer loop
      vertex 11.185118310008203 49.80959373846688 1.5
      vertex 12.40413818406162 49.52009547558147 1.5
      vertex 11.705419320967694 58.847116824193826 1.5
    endloop
  endfacet
  facet normal 0 0 -1
    outer loop
      vertex 13.03331668565058 49.354263111901325 0
      vertex 11.705419320967694 58.847116824193826 0
      vertex 13.146074409412188 58.54212780231171 0
    endloop
  endfacet
  facet normal 0 0 1
    outer loop
      vertex 12.40413818406162 49.52009547558147 1.5
      vertex 13.146074409412188 58.54212780231171 1.5
      vertex 11.705419320967694 58.847116824193826 1.5
    endloop
  endfacet
  facet normal 0 0 -1
    outer loop
      vertex 14.465321239962545 48.95437858314786 0
      vertex 13.146074409412188 58.54212780231171 0
      vertex 14.578810794195832 58.20187519167264 0
    endloop
  endfacet
  facet normal 0 0 1
    outer loop
      vertex 13.615686269093564 49.2007681588572 1.5
      vertex 14.578810794195832 58.20187519167264 1.5
      vertex 13.146074409412188 58.54212780231171 1.5
    endloop
  endfacet
  facet normal 0.20711137619221853 0.9783173707196275 0
    outer loop
      vertex 11.705419320967694 58.847116824193826 0
      vertex 11.705419320967694 58.847116824193826 1.5
      vertex 13.146074409412188 58.54212780231171 0
    endloop
  endfacet
  facet normal 0.20711137619221853 0.9783173707196275 0
    outer loop
      vertex 11.705419320967694 58.847116824193826 1.5
      vertex 13.146074409412188 58.54212780231171 1.5
      vertex 13.146074409412188 58.54212780231171 0
    endloop
  endfacet
  facet normal 0.23105810828066917 0.9729399522055606 0
    outer loop
      vertex 13.146074409412188 58.54212780231171 0
      vertex 13.146074409412188 58.54212780231171 1.5
      vertex 14.578810794195832 58.20187519167264 0
    endloop
  endfacet
  facet normal 0.23105810828066917 0.9729399522055606 0
    outer loop
      vertex 14.578810794195832 58.20187519167264 0
      vertex 13.146074409412188 58.54212780231171 1.5
      vertex 14.578810794195832 58.20187519167264 1.5
    endloop
  endfacet
  facet normal 0 0 -1
    outer loop
      vertex 26.851742307679842 43.413148062830516 0
      vertex 26.669631351371795 42.1159502276979 0
      vertex 25.628021798032105 42.75777120851356 0
    endloop
  endfacet
  facet normal 0 0 -1
    outer loop
      vertex 26.851742307679842 43.413148062830516 0
      vertex 26.834506117358334 42.00868742661739 0
      vertex 26.669631351371795 42.1159502276979 0
    endloop
  endfacet
  facet normal 0 0 -1
    outer loop
      vertex 28.156962768324078 42.579824236541796 0
      vertex 27.69517611602717 41.44876017328188 0
      vertex 26.858175187148515 41.993289007644826 0
    endloop
  endfacet
  facet normal 0 0 -1
    outer loop
      vertex 28.156962768324078 42.579824236541796 0
      vertex 28.139342014695696 41.144028136019955 0
      vertex 27.69517611602717 41.44876017328188 0
    endloop
  endfacet
  facet normal 0 0 -1
    outer loop
      vertex 29.57389153378704 52.205219466522685 0
      vertex 28.70403834217959 40.75660293560645 0
      vertex 28.18562903972539 41.1122716696222 0
    endloop
  endfacet
  facet normal 0 0 -1
    outer loop
      vertex 29.57389153378704 52.205219466522685 0
      vertex 29.695610328947804 40.039895444310154 0
      vertex 28.70403834217959 40.75660293560645 0
    endloop
  endfacet
  facet normal 0 0 1
    outer loop
      vertex 29.395008171881003 41.737704711388346 1.5
      vertex 30.41044949433872 41.00374448208692 1.5
      vertex 29.57389153378704 52.205219466522685 1.5
    endloop
  endfacet
  facet normal 0 0 -1
    outer loop
      vertex 15.888465202173798 48.513009521157855 0
      vertex 15.87299936071235 47.252802646358425 0
      vertex 15.637034758884743 47.33397980256288 0
    endloop
  endfacet
  facet normal 0 0 -1
    outer loop
      vertex 15.888465202173798 48.513009521157855 0
      vertex 15.637034758884743 47.33397980256288 0
      vertex 14.472539487693295 47.7028901891196 0
    endloop
  endfacet
  facet normal 0 0 -1
    outer loop
      vertex 17.41708063526774 57.41642014393253 0
      vertex 16.79395919160217 46.93597164937359 0
      vertex 15.997376617130307 47.21001405902659 0
    endloop
  endfacet
  facet normal 0 0 -1
    outer loop
      vertex 15.888465202173798 48.513009521157855 0
      vertex 16.002765448493903 57.82656394772639 0
      vertex 16.002765448493903 47.6025697300073 0
    endloop
  endfacet
  facet normal 0 0 -1
    outer loop
      vertex 16.002765448493903 47.6025697300073 0
      vertex 17.41708063526774 57.41642014393253 0
      vertex 15.997376617130307 47.21001405902659 0
    endloop
  endfacet
  facet normal 0 0 1
    outer loop
      vertex 14.819032773840302 48.85180413912926 1.5
      vertex 16.01345284736341 48.47341361927452 1.5
      vertex 16.002765448493903 57.82656394772639 1.5
    endloop
  endfacet
  facet normal 0 0 1
    outer loop
      vertex 16.01345284736341 48.47341361927452 1.5
      vertex 17.19822701567283 48.06582452759321 1.5
      vertex 16.002765448493903 57.82656394772639 1.5
    endloop
  endfacet
  facet normal 0 0 -1
    outer loop
      vertex 18.82090442393349 56.9716908355822 0
      vertex 17.94076757126916 46.509691021911735 0
      vertex 16.79395919160217 46.93597164937359 0
    endloop
  endfacet
  facet normal 0 0 1
    outer loop
      vertex 17.19822701567283 48.06582452759321 1.5
      vertex 18.372641615111146 47.629282380513416 1.5
      vertex 17.41708063526774 57.41642014393253 1.5
    endloop
  endfacet
  facet normal 0 0 -1
    outer loop
      vertex 20.09596050363963 46.92400998393051 0
      vertex 19.076769103399727 46.055394695687646 0
      vertex 17.94076757126916 46.509691021911735 0
    endloop
  endfacet
  facet normal 0 0 -1
    outer loop
      vertex 20.09596050363963 46.92400998393051 0
      vertex 20.080022563036355 45.62533494135611 0
      vertex 19.076769103399727 46.055394695687646 0
    endloop
  endfacet
  facet normal 0 0 -1
    outer loop
      vertex 20.09596050363963 46.92400998393051 0
      vertex 20.201279503148744 45.57335632182101 0
      vertex 20.09990755307608 45.616810939919354 0
    endloop
  endfacet
  facet normal 0 0 -1
    outer loop
      vertex 21.475029404543378 46.309724675685636 0
      vertex 21.313621407499564 45.06386626220365 0
      vertex 20.201279503148744 45.57335632182101 0
    endloop
  endfacet
  facet normal 0 0 -1
    outer loop
      vertex 21.475029404543378 46.309724675685636 0
      vertex 21.45886964276448 44.99297492497504 0
      vertex 21.313621407499564 45.06386626220365 0
    endloop
  endfacet
  facet normal 0 0 -1
    outer loop
      vertex 22.961005941905388 55.43277195067721 0
      vertex 22.41312478328214 44.52723141459644 0
      vertex 21.48326505276712 44.98106825200119 0
    endloop
  endfacet
  facet normal 0 0 -1
    outer loop
      vertex 20.09596050363963 46.92400998393051 0
      vertex 17.94076757126916 46.509691021911735 0
      vertex 18.82090442393349 56.9716908355822 0
    endloop
  endfacet
  facet normal 0 0 -1
    outer loop
      vertex 20.09596050363963 46.92400998393051 0
      vertex 20.213391203533202 56.49264391098125 0
      vertex 20.201279503148744 45.57335632182101 0
    endloop
  endfacet
  facet normal 0 0 1
    outer loop
      vertex 18.372641615111146 47.629282380513416 1.5
      vertex 19.53598922223783 47.164050134701185 1.5
      vertex 18.82090442393349 56.9716908355822 1.5
    endloop
  endfacet
  facet normal 0 0 1
    outer loop
      vertex 19.53598922223783 47.164050134701185 1.5
      vertex 20.68756907995473 46.670408028665236 1.5
      vertex 20.213391203533202 56.49264391098125 1.5
    endloop
  endfacet
  facet normal 0 0 -1
    outer loop
      vertex 21.475029404543378 46.309724675685636 0
      vertex 20.201279503148744 45.57335632182101 0
      vertex 20.213391203533202 56.49264391098125 0
    endloop
  endfacet
  facet normal 0 0 -1
    outer loop
      vertex 21.475029404543378 46.309724675685636 0
      vertex 21.59370219209929 55.97956793008433 0
      vertex 21.48326505276712 44.98106825200119 0
    endloop
  endfacet
  facet normal 0 0 1
    outer loop
      vertex 20.68756907995473 46.670408028665236 1.5
      vertex 21.8266875196159 46.14865341395178 1.5
      vertex 21.59370219209929 55.97956793008433 1.5
    endloop
  endfacet
  facet normal 0 0 -1
    outer loop
      vertex 21.59370219209929 55.97956793008433 0
      vertex 22.961005941905388 55.43277195067721 0
      vertex 21.48326505276712 44.98106825200119 0
    endloop
  endfacet
  facet normal 0 0 -1
    outer loop
      vertex 16.002765448493903 47.6025697300073 0
      vertex 16.002765448493903 57.82656394772639 0
      vertex 17.41708063526774 57.41642014393253 0
    endloop
  endfacet
  facet normal 0 0 -1
    outer loop
      vertex 14.578810794195832 58.20187519167264 0
      vertex 16.002765448493903 57.82656394772639 0
      vertex 15.888465202173798 48.513009521157855 0
    endloop
  endfacet
  facet normal 0 0 1
    outer loop
      vertex 14.819032773840302 48.85180413912926 1.5
      vertex 16.002765448493903 57.82656394772639 1.5
      vertex 14.578810794195832 58.20187519167264 1.5
    endloop
  endfacet
  facet normal 0 0 1
    outer loop
      vertex 17.19822701567283 48.06582452759321 1.5
      vertex 17.41708063526774 57.41642014393253 1.5
      vertex 16.002765448493903 57.82656394772639 1.5
    endloop
  endfacet
  facet normal 0 0 -1
    outer loop
      vertex 17.41708063526774 57.41642014393253 0
      vertex 18.82090442393349 56.9716908355822 0
      vertex 16.79395919160217 46.93597164937359 0
    endloop
  endfacet
  facet normal 0 0 1
    outer loop
      vertex 18.372641615111146 47.629282380513416 1.5
      vertex 18.82090442393349 56.9716908355822 1.5
      vertex 17.41708063526774 57.41642014393253 1.5
    endloop
  endfacet
  facet normal 0.2548656596045156 0.9669764710448518 0
    outer loop
      vertex 14.578810794195832 58.20187519167264 0
      vertex 14.578810794195832 58.20187519167264 1.5
      vertex 16.002765448493903 57.82656394772639 0
    endloop
  endfacet
  facet normal 0.2785196893850564 0.9604305194155649 0
    outer loop
      vertex 16.002765448493903 57.82656394772639 0
      vertex 16.002765448493903 57.82656394772639 1.5
      vertex 17.41708063526774 57.41642014393253 0
    endloop
  endfacet
  facet normal 0.2548656596045156 0.9669764710448518 0
    outer loop
      vertex 14.578810794195832 58.20187519167264 1.5
      vertex 16.002765448493903 57.82656394772639 1.5
      vertex 16.002765448493903 57.82656394772639 0
    endloop
  endfacet
  facet normal 0.30200594931922325 0.9533060403541952 0
    outer loop
      vertex 17.41708063526774 57.41642014393253 0
      vertex 17.41708063526774 57.41642014393253 1.5
      vertex 18.82090442393349 56.9716908355822 0
    endloop
  endfacet
  facet normal 0.2785196893850564 0.9604305194155649 0
    outer loop
      vertex 16.002765448493903 57.82656394772639 1.5
      vertex 17.41708063526774 57.41642014393253 1.5
      vertex 17.41708063526774 57.41642014393253 0
    endloop
  endfacet
  facet normal 0.30200594931922325 0.9533060403541952 0
    outer loop
      vertex 17.41708063526774 57.41642014393253 1.5
      vertex 18.82090442393349 56.9716908355822 1.5
      vertex 18.82090442393349 56.9716908355822 0
    endloop
  endfacet
  facet normal 0 0 -1
    outer loop
      vertex 20.09596050363963 46.92400998393051 0
      vertex 18.82090442393349 56.9716908355822 0
      vertex 20.213391203533202 56.49264391098125 0
    endloop
  endfacet
  facet normal 0 0 1
    outer loop
      vertex 19.53598922223783 47.164050134701185 1.5
      vertex 20.213391203533202 56.49264391098125 1.5
      vertex 18.82090442393349 56.9716908355822 1.5
    endloop
  endfacet
  facet normal 0 0 -1
    outer loop
      vertex 21.475029404543378 46.309724675685636 0
      vertex 20.213391203533202 56.49264391098125 0
      vertex 21.59370219209929 55.97956793008433 0
    endloop
  endfacet
  facet normal 0 0 1
    outer loop
      vertex 20.68756907995473 46.670408028665236 1.5
      vertex 21.59370219209929 55.97956793008433 1.5
      vertex 20.213391203533202 56.49264391098125 1.5
    endloop
  endfacet
  facet normal 0 0 1
    outer loop
      vertex 21.8266875196159 46.14865341395178 1.5
      vertex 22.961005941905388 55.43277195067721 1.5
      vertex 21.59370219209929 55.97956793008433 1.5
    endloop
  endfacet
  facet normal 0.371317193951834 0.928506080473217 0
    outer loop
      vertex 21.59370219209929 55.97956793008433 0
      vertex 21.59370219209929 55.97956793008433 1.5
      vertex 22.961005941905388 55.43277195067721 0
    endloop
  endfacet
  facet normal 0.34841868024943917 0.9373390119125733 0
    outer loop
      vertex 21.59370219209929 55.97956793008433 0
      vertex 20.213391203533202 56.49264391098125 1.5
      vertex 21.59370219209929 55.97956793008433 1.5
    endloop
  endfacet
  facet normal 0.32531029216226215 0.9456073253805216 0
    outer loop
      vertex 18.82090442393349 56.9716908355822 0
      vertex 18.82090442393349 56.9716908355822 1.5
      vertex 20.213391203533202 56.49264391098125 0
    endloop
  endfacet
  facet normal 0.32531029216226215 0.9456073253805216 0
    outer loop
      vertex 20.213391203533202 56.49264391098125 0
      vertex 18.82090442393349 56.9716908355822 1.5
      vertex 20.213391203533202 56.49264391098125 1.5
    endloop
  endfacet
  facet normal 0.34841868024943917 0.9373390119125733 0
    outer loop
      vertex 21.59370219209929 55.97956793008433 0
      vertex 20.213391203533202 56.49264391098125 0
      vertex 20.213391203533202 56.49264391098125 1.5
    endloop
  endfacet
  facet normal 0 0 -1
    outer loop
      vertex 24.31447884029939 54.85258534221184 0
      vertex 23.499127330775984 43.9637750277655 0
      vertex 22.41312478328214 44.52723141459644 0
    endloop
  endfacet
  facet normal 0 0 1
    outer loop
      vertex 22.952658378867664 45.599100576031056 1.5
      vertex 24.064803414967177 45.022080544983524 1.5
      vertex 22.961005941905388 55.43277195067721 1.5
    endloop
  endfacet
  facet normal 0 0 -1
    outer loop
      vertex 25.653305605816925 54.2393575874066 0
      vertex 25.628021798032105 42.75777120851356 0
      vertex 24.570974882654735 43.373836506769265 0
    endloop
  endfacet
  facet normal 0 0 -1
    outer loop
      vertex 26.851742307679842 43.413148062830516 0
      vertex 25.628021798032105 42.75777120851356 0
      vertex 25.653305605816925 54.2393575874066 0
    endloop
  endfacet
  facet normal 0 0 -1
    outer loop
      vertex 25.653305605816925 54.2393575874066 0
      vertex 24.570974882654735 43.373836506769265 0
      vertex 23.499127330775984 43.9637750277655 0
    endloop
  endfacet
  facet normal 0 0 1
    outer loop
      vertex 25.162452713330474 44.417940896099715 1.5
      vertex 24.31447884029939 54.85258534221184 1.5
      vertex 24.064803414967177 45.022080544983524 1.5
    endloop
  endfacet
  facet normal 0 0 1
    outer loop
      vertex 25.162452713330474 44.417940896099715 1.5
      vertex 26.24494509106397 43.78704554051389 1.5
      vertex 25.653305605816925 54.2393575874066 1.5
    endloop
  endfacet
  facet normal 0 0 1
    outer loop
      vertex 21.8266875196159 46.14865341395178 1.5
      vertex 22.952658378867664 45.599100576031056 1.5
      vertex 22.961005941905388 55.43277195067721 1.5
    endloop
  endfacet
  facet normal 0 0 -1
    outer loop
      vertex 22.961005941905388 55.43277195067721 0
      vertex 24.31447884029939 54.85258534221184 0
      vertex 22.41312478328214 44.52723141459644 0
    endloop
  endfacet
  facet normal 0 0 1
    outer loop
      vertex 24.064803414967177 45.022080544983524 1.5
      vertex 24.31447884029939 54.85258534221184 1.5
      vertex 22.961005941905388 55.43277195067721 1.5
    endloop
  endfacet
  facet normal 0 0 -1
    outer loop
      vertex 24.31447884029939 54.85258534221184 0
      vertex 25.653305605816925 54.2393575874066 0
      vertex 23.499127330775984 43.9637750277655 0
    endloop
  endfacet
  facet normal 0 0 1
    outer loop
      vertex 25.162452713330474 44.417940896099715 1.5
      vertex 25.653305605816925 54.2393575874066 1.5
      vertex 24.31447884029939 54.85258534221184 1.5
    endloop
  endfacet
  facet normal 0 0 -1
    outer loop
      vertex 26.851742307679842 43.413148062830516 0
      vertex 26.976679779276395 53.59345807173092 0
      vertex 26.858175187148515 41.993289007644826 0
    endloop
  endfacet
  facet normal 0 0 -1
    outer loop
      vertex 28.156962768324078 42.579824236541796 0
      vertex 26.858175187148515 41.993289007644826 0
      vertex 26.976679779276395 53.59345807173092 0
    endloop
  endfacet
  facet normal 0 0 1
    outer loop
      vertex 26.24494509106397 43.78704554051389 1.5
      vertex 27.31162849523631 43.129774505997545 1.5
      vertex 26.976679779276395 53.59345807173092 1.5
    endloop
  endfacet
  facet normal 0 0 1
    outer loop
      vertex 27.31162849523631 43.129774505997545 1.5
      vertex 28.36186039565069 42.44652370804493 1.5
      vertex 28.283804209559857 52.9152758609013 1.5
    endloop
  endfacet
  facet normal 0 0 -1
    outer loop
      vertex 28.156962768324078 42.579824236541796 0
      vertex 28.283804209559857 52.9152758609013 0
      vertex 28.18562903972539 41.1122716696222 0
    endloop
  endfacet
  facet normal 0 0 1
    outer loop
      vertex 28.36186039565069 42.44652370804493 1.5
      vertex 29.395008171881003 41.737704711388346 1.5
      vertex 28.283804209559857 52.9152758609013 1.5
    endloop
  endfacet
  facet normal 0 0 -1
    outer loop
      vertex 29.57389153378704 52.205219466522685 0
      vertex 28.18562903972539 41.1122716696222 0
      vertex 28.283804209559857 52.9152758609013 0
    endloop
  endfacet
  facet normal 0 0 -1
    outer loop
      vertex 26.851742307679842 43.413148062830516 0
      vertex 25.653305605816925 54.2393575874066 0
      vertex 26.976679779276395 53.59345807173092 0
    endloop
  endfacet
  facet normal 0 0 -1
    outer loop
      vertex 28.156962768324078 42.579824236541796 0
      vertex 26.976679779276395 53.59345807173092 0
      vertex 28.283804209559857 52.9152758609013 0
    endloop
  endfacet
  facet normal 0 0 1
    outer loop
      vertex 26.24494509106397 43.78704554051389 1.5
      vertex 26.976679779276395 53.59345807173092 1.5
      vertex 25.653305605816925 54.2393575874066 1.5
    endloop
  endfacet
  facet normal 0 0 1
    outer loop
      vertex 27.31162849523631 43.129774505997545 1.5
      vertex 28.283804209559857 52.9152758609013 1.5
      vertex 26.976679779276395 53.59345807173092 1.5
    endloop
  endfacet
  facet normal 0 0 1
    outer loop
      vertex 29.395008171881003 41.737704711388346 1.5
      vertex 29.57389153378704 52.205219466522685 1.5
      vertex 28.283804209559857 52.9152758609013 1.5
    endloop
  endfacet
  facet normal 0.5035383837257191 0.8639728561215857 0
    outer loop
      vertex 29.57389153378704 52.205219466522685 0
      vertex 29.57389153378704 52.205219466522685 1.5
      vertex 30.846164651593305 51.46371660001632 0
    endloop
  endfacet
  facet normal 0.4821837720791236 0.876070094195406 0
    outer loop
      vertex 29.57389153378704 52.205219466522685 0
      vertex 28.283804209559857 52.9152758609013 1.5
      vertex 29.57389153378704 52.205219466522685 1.5
    endloop
  endfacet
  facet normal 0.3939920400610501 0.9191138516900569 0
    outer loop
      vertex 22.961005941905388 55.43277195067721 0
      vertex 22.961005941905388 55.43277195067721 1.5
      vertex 24.31447884029939 54.85258534221184 0
    endloop
  endfacet
  facet normal 0.371317193951834 0.928506080473217 0
    outer loop
      vertex 21.59370219209929 55.97956793008433 1.5
      vertex 22.961005941905388 55.43277195067721 1.5
      vertex 22.961005941905388 55.43277195067721 0
    endloop
  endfacet
  facet normal 0.3939920400610501 0.9191138516900569 0
    outer loop
      vertex 24.31447884029939 54.85258534221184 0
      vertex 22.961005941905388 55.43277195067721 1.5
      vertex 24.31447884029939 54.85258534221184 1.5
    endloop
  endfacet
  facet normal 0.4386162385385272 0.8986744656939539 0
    outer loop
      vertex 25.653305605816925 54.2393575874066 0
      vertex 25.653305605816925 54.2393575874066 1.5
      vertex 26.976679779276395 53.59345807173092 0
    endloop
  endfacet
  facet normal 0.4164295600976356 0.9091679830905232 0
    outer loop
      vertex 24.31447884029939 54.85258534221184 0
      vertex 24.31447884029939 54.85258534221184 1.5
      vertex 25.653305605816925 54.2393575874066 0
    endloop
  endfacet
  facet normal 0.4164295600976356 0.9091679830905232 0
    outer loop
      vertex 24.31447884029939 54.85258534221184 1.5
      vertex 25.653305605816925 54.2393575874066 1.5
      vertex 25.653305605816925 54.2393575874066 0
    endloop
  endfacet
  facet normal 0.46053871095824067 0.8876396204028536 0
    outer loop
      vertex 26.976679779276395 53.59345807173092 0
      vertex 26.976679779276395 53.59345807173092 1.5
      vertex 28.283804209559857 52.9152758609013 0
    endloop
  endfacet
  facet normal 0.4386162385385272 0.8986744656939539 0
    outer loop
      vertex 25.653305605816925 54.2393575874066 1.5
      vertex 26.976679779276395 53.59345807173092 1.5
      vertex 26.976679779276395 53.59345807173092 0
    endloop
  endfacet
  facet normal 0.46053871095824067 0.8876396204028536 0
    outer loop
      vertex 26.976679779276395 53.59345807173092 1.5
      vertex 28.283804209559857 52.9152758609013 1.5
      vertex 28.283804209559857 52.9152758609013 0
    endloop
  endfacet
  facet normal 0.4821837720791236 0.876070094195406 0
    outer loop
      vertex 29.57389153378704 52.205219466522685 0
      vertex 28.283804209559857 52.9152758609013 0
      vertex 28.283804209559857 52.9152758609013 1.5
    endloop
  endfacet
  facet normal 0 0 -1
    outer loop
      vertex 45.24170780134982 23.64149512441008 0
      vertex 45.06386626220365 21.313621407499564 0
      vertex 44.52723141459644 22.41312478328214 0
    endloop
  endfacet
  facet normal 0 0 -1
    outer loop
      vertex 45.24170780134982 23.64149512441008 0
      vertex 44.52723141459644 22.41312478328214 0
      vertex 43.9637750277655 23.499127330775984 0
    endloop
  endfacet
  facet normal 0 0 -1
    outer loop
      vertex 42.257187083979424 28.637830301980674 0
      vertex 42.1159502276979 26.669631351371795 0
      vertex 41.44876017328188 27.69517611602717 0
    endloop
  endfacet
  facet normal 0 0 -1
    outer loop
      vertex 42.257187083979424 28.637830301980674 0
      vertex 42.23074605408431 26.48332951172852 0
      vertex 42.1159502276979 26.669631351371795 0
    endloop
  endfacet
  facet normal 0 0 -1
    outer loop
      vertex 42.257187083979424 28.637830301980674 0
      vertex 41.44876017328188 27.69517611602717 0
      vertex 40.75660293560645 28.70403834217959 0
    endloop
  endfacet
  facet normal 0 0 -1
    outer loop
      vertex 44.457067521297546 40.29353729082111 0
      vertex 43.9637750277655 23.499127330775984 0
      vertex 43.373836506769265 24.570974882654735 0
    endloop
  endfacet
  facet normal 0 0 -1
    outer loop
      vertex 45.24170780134982 23.64149512441008 0
      vertex 43.9637750277655 23.499127330775984 0
      vertex 44.457067521297546 40.29353729082111 0
    endloop
  endfacet
  facet normal 0 0 1
    outer loop
      vertex 44.417940896099715 25.162452713330474 1.5
      vertex 45.022080544983524 24.064803414967177 1.5
      vertex 44.457067521297546 40.29353729082111 1.5
    endloop
  endfacet
  facet normal 0 0 -1
    outer loop
      vertex 49.888176738152715 -33.334213981176134 0
      vertex 49.85 0 0
      vertex 49.888176738152715 33.334213981176134 0
    endloop
  endfacet
  facet normal 0 0 1
    outer loop
      vertex 51.46371660001632 -30.846164651593305 1.5
      vertex 50.69121391498243 32.09985719322583 1.5
      vertex 51.03462469444123 1.2528297160946722 1.5
    endloop
  endfacet
  facet normal 0 0 -1
    outer loop
      vertex 49.888176738152715 -33.334213981176134 0
      vertex 49.888176738152715 33.334213981176134 0
      vertex 50.69121391498243 32.09985719322583 0
    endloop
  endfacet
  facet normal 0 0 -1
    outer loop
      vertex 50.69121391498243 -32.09985719322583 0
      vertex 50.69121391498243 32.09985719322583 0
      vertex 51.46371660001632 30.846164651593305 0
    endloop
  endfacet
  facet normal 0 0 -1
    outer loop
      vertex 51.46371660001632 -30.846164651593305 0
      vertex 51.46371660001632 30.846164651593305 0
      vertex 52.205219466522685 29.57389153378704 0
    endloop
  endfacet
  facet normal 0 0 -1
    outer loop
      vertex 52.205219466522685 -29.57389153378704 0
      vertex 52.205219466522685 29.57389153378704 0
      vertex 52.9152758609013 28.283804209559857 0
    endloop
  endfacet
  facet normal 0 0 1
    outer loop
      vertex 51.46371660001632 -30.846164651593305 1.5
      vertex 51.46371660001632 30.846164651593305 1.5
      vertex 50.69121391498243 32.09985719322583 1.5
    endloop
  endfacet
  facet normal 0 0 1
    outer loop
      vertex 52.205219466522685 -29.57389153378704 1.5
      vertex 52.205219466522685 29.57389153378704 1.5
      vertex 51.46371660001632 30.846164651593305 1.5
    endloop
  endfacet
  facet normal 0 0 -1
    outer loop
      vertex 49.888176738152715 33.334213981176134 0
      vertex 49.85 0 0
      vertex 49.83498611200579 1.2233802418671775 0
    endloop
  endfacet
  facet normal 0 0 -1
    outer loop
      vertex 49.888176738152715 33.334213981176134 0
      vertex 49.83498611200579 1.2233802418671775 0
      vertex 49.789953491827845 2.4460235652217883 0
    endloop
  endfacet
  facet normal 0 0 -1
    outer loop
      vertex 49.888176738152715 33.334213981176134 0
      vertex 49.60995862460902 4.886154445428597 0
      vertex 49.475104799745694 6.102172158680927 0
    endloop
  endfacet
  facet normal 0 0 -1
    outer loop
      vertex 49.888176738152715 33.334213981176134 0
      vertex 49.789953491827845 2.4460235652217883 0
      vertex 49.71492926543271 3.667193495443421 0
    endloop
  endfacet
  facet normal 0 0 -1
    outer loop
      vertex 49.888176738152715 33.334213981176134 0
      vertex 49.71492926543271 3.667193495443421 0
      vertex 49.60995862460902 4.886154445428597 0
    endloop
  endfacet
  facet normal 0 0 1
    outer loop
      vertex 51.03462469444123 1.2528297160946722 1.5
      vertex 50.69121391498243 32.09985719322583 1.5
      vertex 50.98850803927405 2.5049047744146895 1.5
    endloop
  endfacet
  facet normal 0 0 1
    outer loop
      vertex 50.98850803927405 2.5049047744146895 1.5
      vertex 50.69121391498243 32.09985719322583 1.5
      vertex 50.911677813447135 3.755470971763022 1.5
    endloop
  endfacet
  facet normal 0 0 1
    outer loop
      vertex 50.911677813447135 3.755470971763022 1.5
      vertex 50.69121391498243 32.09985719322583 1.5
      vertex 50.80418029661565 5.003775013824068 1.5
    endloop
  endfacet
  facet normal 0 0 1
    outer loop
      vertex 50.80418029661565 5.003775013824068 1.5
      vertex 50.69121391498243 32.09985719322583 1.5
      vertex 50.66608024126414 6.249064968919987 1.5
    endloop
  endfacet
  facet normal 0 0 -1
    outer loop
      vertex 55.43277195067721 -22.961005941905388 0
      vertex 55.43277195067721 22.961005941905388 0
      vertex 55.97956793008433 21.59370219209929 0
    endloop
  endfacet
  facet normal 0 0 -1
    outer loop
      vertex 55.97956793008433 -21.59370219209929 0
      vertex 55.97956793008433 21.59370219209929 0
      vertex 56.49264391098125 20.213391203533202 0
    endloop
  endfacet
  facet normal 0 0 -1
    outer loop
      vertex 59.981929121772254 -1.4724737113747373 0
      vertex 59.981929121772254 1.4724737113747373 0
      vertex 60 0 0
    endloop
  endfacet
  facet normal 0 0 -1
    outer loop
      vertex 59.92772737231034 -2.944060459645081 0
      vertex 59.92772737231034 2.944060459645081 0
      vertex 59.981929121772254 1.4724737113747373 0
    endloop
  endfacet
  facet normal 0.9999247018391446 0.012271538285719617 0
    outer loop
      vertex 60 0 0
      vertex 59.981929121772254 1.4724737113747373 0
      vertex 60 0 1.5
    endloop
  endfacet
  facet normal 0 0 -1
    outer loop
      vertex 59.83742740072141 -4.413873815980046 0
      vertex 59.83742740072141 4.413873815980046 0
      vertex 59.92772737231034 2.944060459645081 0
    endloop
  endfacet
  facet normal 0 0 -1
    outer loop
      vertex 59.71108360033182 -5.881028419773636 0
      vertex 59.71108360033182 5.881028419773636 0
      vertex 59.83742740072141 4.413873815980046 0
    endloop
  endfacet
  facet normal 0 0 1
    outer loop
      vertex 59.981929121772254 -1.4724737113747373 1.5
      vertex 60 0 1.5
      vertex 59.981929121772254 1.4724737113747373 1.5
    endloop
  endfacet
  facet normal 0.9999247018391446 0.012271538285719617 0
    outer loop
      vertex 59.981929121772254 1.4724737113747373 0
      vertex 59.981929121772254 1.4724737113747373 1.5
      vertex 60 0 1.5
    endloop
  endfacet
  facet normal 0 0 1
    outer loop
      vertex 59.981929121772254 -1.4724737113747373 1.5
      vertex 59.981929121772254 1.4724737113747373 1.5
      vertex 59.92772737231034 2.944060459645081 1.5
    endloop
  endfacet
  facet normal 0 0 1
    outer loop
      vertex 59.92772737231034 -2.944060459645081 1.5
      vertex 59.92772737231034 2.944060459645081 1.5
      vertex 59.83742740072141 4.413873815980046 1.5
    endloop
  endfacet
  facet normal 0 0 -1
    outer loop
      vertex 58.847116824193826 -11.705419320967694 0
      vertex 58.847116824193826 11.705419320967694 0
      vertex 59.11665854333647 10.257713325618074 0
    endloop
  endfacet
  facet normal 0 0 -1
    outer loop
      vertex 59.350590597886864 -8.803828467321704 0
      vertex 59.350590597886864 8.803828467321704 0
      vertex 59.5487720759226 7.344640511952972 0
    endloop
  endfacet
  facet normal 0 0 -1
    outer loop
      vertex 59.5487720759226 -7.344640511952972 0
      vertex 59.5487720759226 7.344640511952972 0
      vertex 59.71108360033182 5.881028419773636 0
    endloop
  endfacet
  facet normal 0.9993223845883494 0.03680722294135924 0
    outer loop
      vertex 59.981929121772254 1.4724737113747373 0
      vertex 59.92772737231034 2.944060459645081 0
      vertex 59.981929121772254 1.4724737113747373 1.5
    endloop
  endfacet
  facet normal 0 0 -1
    outer loop
      vertex 59.11665854333647 -10.257713325618074 0
      vertex 59.11665854333647 10.257713325618074 0
      vertex 59.350590597886864 8.803828467321704 0
    endloop
  endfacet
  facet normal 0.998118112900149 0.06132073630221063 0
    outer loop
      vertex 59.92772737231034 2.944060459645081 0
      vertex 59.83742740072141 4.413873815980046 0
      vertex 59.92772737231034 2.944060459645081 1.5
    endloop
  endfacet
  facet normal 0.9993223845883494 0.03680722294135924 0
    outer loop
      vertex 59.981929121772254 1.4724737113747373 1.5
      vertex 59.92772737231034 2.944060459645081 0
      vertex 59.92772737231034 2.944060459645081 1.5
    endloop
  endfacet
  facet normal 0 0 1
    outer loop
      vertex 59.83742740072141 -4.413873815980046 1.5
      vertex 59.83742740072141 4.413873815980046 1.5
      vertex 59.71108360033182 5.881028419773636 1.5
    endloop
  endfacet
  facet normal 0 0 1
    outer loop
      vertex 59.71108360033182 -5.881028419773636 1.5
      vertex 59.71108360033182 5.881028419773636 1.5
      vertex 59.5487720759226 7.344640511952972 1.5
    endloop
  endfacet
  facet normal 0 0 1
    outer loop
      vertex 59.5487720759226 -7.344640511952972 1.5
      vertex 59.5487720759226 7.344640511952972 1.5
      vertex 59.350590597886864 8.803828467321704 1.5
    endloop
  endfacet
  facet normal 0 0 1
    outer loop
      vertex 59.350590597886864 -8.803828467321704 1.5
      vertex 59.350590597886864 8.803828467321704 1.5
      vertex 59.11665854333647 10.257713325618074 1.5
    endloop
  endfacet
  facet normal 0 0 -1
    outer loop
      vertex 57.41642014393253 -17.41708063526774 0
      vertex 57.41642014393253 17.41708063526774 0
      vertex 57.82656394772639 16.002765448493903 0
    endloop
  endfacet
  facet normal 0 0 -1
    outer loop
      vertex 57.82656394772639 -16.002765448493903 0
      vertex 57.82656394772639 16.002765448493903 0
      vertex 58.20187519167264 14.578810794195832 0
    endloop
  endfacet
  facet normal 0 0 1
    outer loop
      vertex 58.20187519167264 -14.578810794195832 1.5
      vertex 58.20187519167264 14.578810794195832 1.5
      vertex 57.82656394772639 16.002765448493903 1.5
    endloop
  endfacet
  facet normal 0 0 -1
    outer loop
      vertex 56.49264391098125 -20.213391203533202 0
      vertex 56.49264391098125 20.213391203533202 0
      vertex 56.9716908355822 18.82090442393349 0
    endloop
  endfacet
  facet normal 0 0 -1
    outer loop
      vertex 56.9716908355822 -18.82090442393349 0
      vertex 56.9716908355822 18.82090442393349 0
      vertex 57.41642014393253 17.41708063526774 0
    endloop
  endfacet
  facet normal 0 0 1
    outer loop
      vertex 56.49264391098125 -20.213391203533202 1.5
      vertex 56.49264391098125 20.213391203533202 1.5
      vertex 55.97956793008433 21.59370219209929 1.5
    endloop
  endfacet
  facet normal 0 0 1
    outer loop
      vertex 56.9716908355822 -18.82090442393349 1.5
      vertex 56.9716908355822 18.82090442393349 1.5
      vertex 56.49264391098125 20.213391203533202 1.5
    endloop
  endfacet
  facet normal 0 0 1
    outer loop
      vertex 57.41642014393253 -17.41708063526774 1.5
      vertex 57.41642014393253 17.41708063526774 1.5
      vertex 56.9716908355822 18.82090442393349 1.5
    endloop
  endfacet
  facet normal 0 0 1
    outer loop
      vertex 57.82656394772639 -16.002765448493903 1.5
      vertex 57.82656394772639 16.002765448493903 1.5
      vertex 57.41642014393253 17.41708063526774 1.5
    endloop
  endfacet
  facet normal 0 0 -1
    outer loop
      vertex 58.20187519167264 -14.578810794195832 0
      vertex 58.20187519167264 14.578810794195832 0
      vertex 58.54212780231171 13.146074409412188 0
    endloop
  endfacet
  facet normal 0 0 -1
    outer loop
      vertex 58.54212780231171 -13.146074409412188 0
      vertex 58.54212780231171 13.146074409412188 0
      vertex 58.847116824193826 11.705419320967694 0
    endloop
  endfacet
  facet normal 0.9963126121827786 0.08579731234443426 0
    outer loop
      vertex 59.83742740072141 4.413873815980046 0
      vertex 59.71108360033182 5.881028419773636 0
      vertex 59.83742740072141 4.413873815980046 1.5
    endloop
  endfacet
  facet normal 0 0 1
    outer loop
      vertex 59.11665854333647 -10.257713325618074 1.5
      vertex 59.11665854333647 10.257713325618074 1.5
      vertex 58.847116824193826 11.705419320967694 1.5
    endloop
  endfacet
  facet normal 0 0 1
    outer loop
      vertex 58.847116824193826 -11.705419320967694 1.5
      vertex 58.847116824193826 11.705419320967694 1.5
      vertex 58.54212780231171 13.146074409412188 1.5
    endloop
  endfacet
  facet normal 0 0 1
    outer loop
      vertex 58.54212780231171 -13.146074409412188 1.5
      vertex 58.54212780231171 13.146074409412188 1.5
      vertex 58.20187519167264 14.578810794195832 1.5
    endloop
  endfacet
  facet normal 0.998118112900149 0.06132073630221063 0
    outer loop
      vertex 59.92772737231034 2.944060459645081 1.5
      vertex 59.83742740072141 4.413873815980046 0
      vertex 59.83742740072141 4.413873815980046 1.5
    endloop
  endfacet
  facet normal 0.9963126121827786 0.08579731234443426 0
    outer loop
      vertex 59.83742740072141 4.413873815980046 1.5
      vertex 59.71108360033182 5.881028419773636 0
      vertex 59.71108360033182 5.881028419773636 1.5
    endloop
  endfacet
  facet normal 0.9939069700023555 0.11022220729388692 0
    outer loop
      vertex 59.71108360033182 5.881028419773636 0
      vertex 59.5487720759226 7.344640511952972 0
      vertex 59.71108360033182 5.881028419773636 1.5
    endloop
  endfacet
  facet normal 0.9939069700023555 0.11022220729388692 0
    outer loop
      vertex 59.5487720759226 7.344640511952972 0
      vertex 59.5487720759226 7.344640511952972 1.5
      vertex 59.71108360033182 5.881028419773636 1.5
    endloop
  endfacet
  facet normal 0 0 -1
    outer loop
      vertex 52.9152758609013 -28.283804209559857 0
      vertex 52.9152758609013 28.283804209559857 0
      vertex 53.59345807173092 26.976679779276395 0
    endloop
  endfacet
  facet normal 0 0 -1
    outer loop
      vertex 53.59345807173092 -26.976679779276395 0
      vertex 53.59345807173092 26.976679779276395 0
      vertex 54.2393575874066 25.653305605816925 0
    endloop
  endfacet
  facet normal 0 0 1
    outer loop
      vertex 54.2393575874066 -25.653305605816925 1.5
      vertex 54.2393575874066 25.653305605816925 1.5
      vertex 53.59345807173092 26.976679779276395 1.5
    endloop
  endfacet
  facet normal 0 0 1
    outer loop
      vertex 52.9152758609013 -28.283804209559857 1.5
      vertex 52.9152758609013 28.283804209559857 1.5
      vertex 52.205219466522685 29.57389153378704 1.5
    endloop
  endfacet
  facet normal 0 0 1
    outer loop
      vertex 53.59345807173092 -26.976679779276395 1.5
      vertex 53.59345807173092 26.976679779276395 1.5
      vertex 52.9152758609013 28.283804209559857 1.5
    endloop
  endfacet
  facet normal 0 0 -1
    outer loop
      vertex 54.2393575874066 -25.653305605816925 0
      vertex 54.2393575874066 25.653305605816925 0
      vertex 54.85258534221184 24.31447884029939 0
    endloop
  endfacet
  facet normal 0 0 -1
    outer loop
      vertex 54.85258534221184 -24.31447884029939 0
      vertex 54.85258534221184 24.31447884029939 0
      vertex 55.43277195067721 22.961005941905388 0
    endloop
  endfacet
  facet normal 0 0 1
    outer loop
      vertex 55.43277195067721 -22.961005941905388 1.5
      vertex 55.43277195067721 22.961005941905388 1.5
      vertex 54.85258534221184 24.31447884029939 1.5
    endloop
  endfacet
  facet normal 0 0 1
    outer loop
      vertex 54.85258534221184 -24.31447884029939 1.5
      vertex 54.85258534221184 24.31447884029939 1.5
      vertex 54.2393575874066 25.653305605816925 1.5
    endloop
  endfacet
  facet normal 0 0 1
    outer loop
      vertex 55.97956793008433 -21.59370219209929 1.5
      vertex 55.97956793008433 21.59370219209929 1.5
      vertex 55.43277195067721 22.961005941905388 1.5
    endloop
  endfacet
  facet normal 0.9909026354277807 0.13458070850712217 0
    outer loop
      vertex 59.5487720759226 7.344640511952972 0
      vertex 59.350590597886864 8.803828467321704 0
      vertex 59.5487720759226 7.344640511952972 1.5
    endloop
  endfacet
  facet normal 0.9873014181578573 0.158858143333868 0
    outer loop
      vertex 59.350590597886864 8.803828467321704 0
      vertex 59.11665854333647 10.257713325618074 0
      vertex 59.350590597886864 8.803828467321704 1.5
    endloop
  endfacet
  facet normal 0.9909026354277807 0.13458070850712217 0
    outer loop
      vertex 59.5487720759226 7.344640511952972 1.5
      vertex 59.350590597886864 8.803828467321704 0
      vertex 59.350590597886864 8.803828467321704 1.5
    endloop
  endfacet
  facet normal 0.9831054874312166 0.18303988795513895 0
    outer loop
      vertex 59.11665854333647 10.257713325618074 0
      vertex 58.847116824193826 11.705419320967694 0
      vertex 59.11665854333647 10.257713325618074 1.5
    endloop
  endfacet
  facet normal 0.9831054874312166 0.18303988795513895 0
    outer loop
      vertex 59.11665854333647 10.257713325618074 1.5
      vertex 58.847116824193826 11.705419320967694 0
      vertex 58.847116824193826 11.705419320967694 1.5
    endloop
  endfacet
  facet normal 0.9873014181578573 0.158858143333868 0
    outer loop
      vertex 59.350590597886864 8.803828467321704 1.5
      vertex 59.11665854333647 10.257713325618074 0
      vertex 59.11665854333647 10.257713325618074 1.5
    endloop
  endfacet
  facet normal 0.9783173707196275 0.20711137619221853 0
    outer loop
      vertex 58.847116824193826 11.705419320967694 0
      vertex 58.54212780231171 13.146074409412188 0
      vertex 58.847116824193826 11.705419320967694 1.5
    endloop
  endfacet
  facet normal 0.9783173707196275 0.20711137619221853 0
    outer loop
      vertex 58.847116824193826 11.705419320967694 1.5
      vertex 58.54212780231171 13.146074409412188 0
      vertex 58.54212780231171 13.146074409412188 1.5
    endloop
  endfacet
  facet normal 0.9729399522055606 0.23105810828066917 0
    outer loop
      vertex 58.54212780231171 13.146074409412188 0
      vertex 58.20187519167264 14.578810794195832 0
      vertex 58.54212780231171 13.146074409412188 1.5
    endloop
  endfacet
  facet normal 0.9729399522055606 0.23105810828066917 0
    outer loop
      vertex 58.20187519167264 14.578810794195832 0
      vertex 58.20187519167264 14.578810794195832 1.5
      vertex 58.54212780231171 13.146074409412188 1.5
    endloop
  endfacet
  facet normal 0 0 -1
    outer loop
      vertex 45.24170780134982 23.64149512441008 0
      vertex 45.20924384112741 20.99622645555209 0
      vertex 45.06386626220365 21.313621407499564 0
    endloop
  endfacet
  facet normal 0 0 -1
    outer loop
      vertex 49.055088789095024 34.54849148507072 0
      vertex 48.63875118242065 10.92219682181996 0
      vertex 48.356057971748015 12.112561968177705 0
    endloop
  endfacet
  facet normal 0 0 -1
    outer loop
      vertex 49.055088789095024 34.54849148507072 0
      vertex 48.356057971748015 12.112561968177705 0
      vertex 48.04423687990268 13.295630960123686 0
    endloop
  endfacet
  facet normal 0 0 -1
    outer loop
      vertex 48.1924518888387 35.741958269546004 0
      vertex 47.70347573625061 14.470691161134948 0
      vertex 47.33397980256288 15.637034758884743 0
    endloop
  endfacet
  facet normal 0 0 -1
    outer loop
      vertex 48.1924518888387 35.741958269546004 0
      vertex 48.04423687990268 13.295630960123686 0
      vertex 47.70347573625061 14.470691161134948 0
    endloop
  endfacet
  facet normal 0 0 -1
    outer loop
      vertex 49.888176738152715 33.334213981176134 0
      vertex 49.475104799745694 6.102172158680927 0
      vertex 49.31044902174433 7.314514151599783 0
    endloop
  endfacet
  facet normal 0 0 -1
    outer loop
      vertex 49.055088789095024 34.54849148507072 0
      vertex 49.31044902174433 7.314514151599783 0
      vertex 49.11609047308872 8.522450154701016 0
    endloop
  endfacet
  facet normal 0 0 1
    outer loop
      vertex 50.49746083370207 7.490590720946217 1.5
      vertex 50.66608024126414 6.249064968919987 1.5
      vertex 50.69121391498243 32.09985719322583 1.5
    endloop
  endfacet
  facet normal 0 0 1
    outer loop
      vertex 50.49746083370207 7.490590720946217 1.5
      vertex 50.69121391498243 32.09985719322583 1.5
      vertex 50.298423643955445 8.727604421213377 1.5
    endloop
  endfacet
  facet normal 0 0 -1
    outer loop
      vertex 49.055088789095024 34.54849148507072 0
      vertex 49.11609047308872 8.522450154701016 0
      vertex 48.89214622810104 9.725252552503994 0
    endloop
  endfacet
  facet normal 0 0 -1
    outer loop
      vertex 49.055088789095024 34.54849148507072 0
      vertex 48.89214622810104 9.725252552503994 0
      vertex 48.63875118242065 10.92219682181996 0
    endloop
  endfacet
  facet normal 0 0 1
    outer loop
      vertex 50.298423643955445 8.727604421213377 1.5
      vertex 49.888176738152715 33.334213981176134 1.5
      vertex 50.06908856458491 9.959360938923346 1.5
    endloop
  endfacet
  facet normal 0 0 1
    outer loop
      vertex 50.06908856458491 9.959360938923346 1.5
      vertex 49.888176738152715 33.334213981176134 1.5
      vertex 49.80959373846688 11.185118310008203 1.5
    endloop
  endfacet
  facet normal 0 0 1
    outer loop
      vertex 49.52009547558147 12.40413818406162 1.5
      vertex 49.055088789095024 34.54849148507072 1.5
      vertex 49.2007681588572 13.615686269093564 1.5
    endloop
  endfacet
  facet normal 0 0 1
    outer loop
      vertex 49.80959373846688 11.185118310008203 1.5
      vertex 49.888176738152715 33.334213981176134 1.5
      vertex 49.52009547558147 12.40413818406162 1.5
    endloop
  endfacet
  facet normal 0 0 1
    outer loop
      vertex 49.2007681588572 13.615686269093564 1.5
      vertex 49.055088789095024 34.54849148507072 1.5
      vertex 48.85180413912926 14.819032773840302 1.5
    endloop
  endfacet
  facet normal 0 0 1
    outer loop
      vertex 48.85180413912926 14.819032773840302 1.5
      vertex 49.055088789095024 34.54849148507072 1.5
      vertex 48.47341361927452 16.01345284736341 1.5
    endloop
  endfacet
  facet normal 0 0 -1
    outer loop
      vertex 47.30078565759638 36.913895434837606 0
      vertex 46.509691021911735 17.94076757126916 0
      vertex 46.055394695687646 19.076769103399727 0
    endloop
  endfacet
  facet normal 0 0 -1
    outer loop
      vertex 46.38062720176422 38.06359704981873 0
      vertex 46.055394695687646 19.076769103399727 0
      vertex 45.57335632182101 20.201279503148744 0
    endloop
  endfacet
  facet normal 0 0 -1
    outer loop
      vertex 48.1924518888387 35.741958269546004 0
      vertex 47.33397980256288 15.637034758884743 0
      vertex 46.93597164937359 16.79395919160217 0
    endloop
  endfacet
  facet normal 0 0 -1
    outer loop
      vertex 47.30078565759638 36.913895434837606 0
      vertex 46.93597164937359 16.79395919160217 0
      vertex 46.509691021911735 17.94076757126916 0
    endloop
  endfacet
  facet normal 0 0 1
    outer loop
      vertex 48.47341361927452 16.01345284736341 1.5
      vertex 48.1924518888387 35.741958269546004 1.5
      vertex 48.06582452759321 17.19822701567283 1.5
    endloop
  endfacet
  facet normal 0 0 1
    outer loop
      vertex 47.629282380513416 18.372641615111146 1.5
      vertex 48.06582452759321 17.19822701567283 1.5
      vertex 48.1924518888387 35.741958269546004 1.5
    endloop
  endfacet
  facet normal 0 0 1
    outer loop
      vertex 47.629282380513416 18.372641615111146 1.5
      vertex 47.30078565759638 36.913895434837606 1.5
      vertex 47.164050134701185 19.53598922223783 1.5
    endloop
  endfacet
  facet normal 0 0 1
    outer loop
      vertex 46.670408028665236 20.68756907995473 1.5
      vertex 47.164050134701185 19.53598922223783 1.5
      vertex 47.30078565759638 36.913895434837606 1.5
    endloop
  endfacet
  facet normal 0 0 -1
    outer loop
      vertex 46.38062720176422 38.06359704981873 0
      vertex 45.57335632182101 20.201279503148744 0
      vertex 45.27914426899999 20.843616657604077 0
    endloop
  endfacet
  facet normal 0 0 -1
    outer loop
      vertex 45.24170780134982 23.64149512441008 0
      vertex 45.43253079038907 39.1903705772266 0
      vertex 45.27914426899999 20.843616657604077 0
    endloop
  endfacet
  facet normal 0 0 1
    outer loop
      vertex 46.14865341395178 21.8266875196159 1.5
      vertex 45.43253079038907 39.1903705772266 1.5
      vertex 45.599100576031056 22.952658378867664 1.5
    endloop
  endfacet
  facet normal 0 0 1
    outer loop
      vertex 46.670408028665236 20.68756907995473 1.5
      vertex 46.38062720176422 38.06359704981873 1.5
      vertex 46.14865341395178 21.8266875196159 1.5
    endloop
  endfacet
  facet normal 0 0 1
    outer loop
      vertex 45.599100576031056 22.952658378867664 1.5
      vertex 45.43253079038907 39.1903705772266 1.5
      vertex 45.022080544983524 24.064803414967177 1.5
    endloop
  endfacet
  facet normal 0 0 -1
    outer loop
      vertex 48.1924518888387 35.741958269546004 0
      vertex 49.055088789095024 34.54849148507072 0
      vertex 48.04423687990268 13.295630960123686 0
    endloop
  endfacet
  facet normal 0 0 -1
    outer loop
      vertex 47.30078565759638 36.913895434837606 0
      vertex 48.1924518888387 35.741958269546004 0
      vertex 46.93597164937359 16.79395919160217 0
    endloop
  endfacet
  facet normal 0 0 1
    outer loop
      vertex 48.47341361927452 16.01345284736341 1.5
      vertex 49.055088789095024 34.54849148507072 1.5
      vertex 48.1924518888387 35.741958269546004 1.5
    endloop
  endfacet
  facet normal 0 0 -1
    outer loop
      vertex 49.888176738152715 33.334213981176134 0
      vertex 49.31044902174433 7.314514151599783 0
      vertex 49.055088789095024 34.54849148507072 0
    endloop
  endfacet
  facet normal 0 0 1
    outer loop
      vertex 50.298423643955445 8.727604421213377 1.5
      vertex 50.69121391498243 32.09985719322583 1.5
      vertex 49.888176738152715 33.334213981176134 1.5
    endloop
  endfacet
  facet normal 0 0 1
    outer loop
      vertex 49.52009547558147 12.40413818406162 1.5
      vertex 49.888176738152715 33.334213981176134 1.5
      vertex 49.055088789095024 34.54849148507072 1.5
    endloop
  endfacet
  facet normal 0.8639728561215857 0.5035383837257191 0
    outer loop
      vertex 52.205219466522685 29.57389153378704 0
      vertex 51.46371660001632 30.846164651593305 0
      vertex 52.205219466522685 29.57389153378704 1.5
    endloop
  endfacet
  facet normal 0.876070094195406 0.4821837720791236 0
    outer loop
      vertex 52.205219466522685 29.57389153378704 0
      vertex 52.205219466522685 29.57389153378704 1.5
      vertex 52.9152758609013 28.283804209559857 1.5
    endloop
  endfacet
  facet normal 0.928506080473217 0.371317193951834 0
    outer loop
      vertex 55.97956793008433 21.59370219209929 0
      vertex 55.43277195067721 22.961005941905388 0
      vertex 55.97956793008433 21.59370219209929 1.5
    endloop
  endfacet
  facet normal 0.9373390119125733 0.34841868024943917 0
    outer loop
      vertex 55.97956793008433 21.59370219209929 0
      vertex 55.97956793008433 21.59370219209929 1.5
      vertex 56.49264391098125 20.213391203533202 1.5
    endloop
  endfacet
  facet normal 0.9669764710448518 0.2548656596045156 0
    outer loop
      vertex 58.20187519167264 14.578810794195832 0
      vertex 57.82656394772639 16.002765448493903 0
      vertex 58.20187519167264 14.578810794195832 1.5
    endloop
  endfacet
  facet normal 0.9604305194155649 0.2785196893850564 0
    outer loop
      vertex 57.82656394772639 16.002765448493903 0
      vertex 57.41642014393253 17.41708063526774 0
      vertex 57.82656394772639 16.002765448493903 1.5
    endloop
  endfacet
  facet normal 0.9669764710448518 0.2548656596045156 0
    outer loop
      vertex 58.20187519167264 14.578810794195832 1.5
      vertex 57.82656394772639 16.002765448493903 0
      vertex 57.82656394772639 16.002765448493903 1.5
    endloop
  endfacet
  facet normal 0.9533060403541952 0.30200594931922325 0
    outer loop
      vertex 57.41642014393253 17.41708063526774 0
      vertex 56.9716908355822 18.82090442393349 0
      vertex 57.41642014393253 17.41708063526774 1.5
    endloop
  endfacet
  facet normal 0.9533060403541952 0.30200594931922325 0
    outer loop
      vertex 57.41642014393253 17.41708063526774 1.5
      vertex 56.9716908355822 18.82090442393349 0
      vertex 56.9716908355822 18.82090442393349 1.5
    endloop
  endfacet
  facet normal 0.9604305194155649 0.2785196893850564 0
    outer loop
      vertex 57.82656394772639 16.002765448493903 1.5
      vertex 57.41642014393253 17.41708063526774 0
      vertex 57.41642014393253 17.41708063526774 1.5
    endloop
  endfacet
  facet normal 0.9456073253805216 0.32531029216226215 0
    outer loop
      vertex 56.9716908355822 18.82090442393349 0
      vertex 56.49264391098125 20.213391203533202 0
      vertex 56.9716908355822 18.82090442393349 1.5
    endloop
  endfacet
  facet normal 0.9456073253805216 0.32531029216226215 0
    outer loop
      vertex 56.49264391098125 20.213391203533202 0
      vertex 56.49264391098125 20.213391203533202 1.5
      vertex 56.9716908355822 18.82090442393349 1.5
    endloop
  endfacet
  facet normal 0.9373390119125733 0.34841868024943917 0
    outer loop
      vertex 55.97956793008433 21.59370219209929 0
      vertex 56.49264391098125 20.213391203533202 1.5
      vertex 56.49264391098125 20.213391203533202 0
    endloop
  endfacet
  facet normal 0.8986744656939539 0.4386162385385272 0
    outer loop
      vertex 54.2393575874066 25.653305605816925 0
      vertex 53.59345807173092 26.976679779276395 0
      vertex 54.2393575874066 25.653305605816925 1.5
    endloop
  endfacet
  facet normal 0.9191138516900569 0.3939920400610501 0
    outer loop
      vertex 54.85258534221184 24.31447884029939 0
      vertex 55.43277195067721 22.961005941905388 1.5
      vertex 55.43277195067721 22.961005941905388 0
    endloop
  endfacet
  facet normal 0.9191138516900569 0.3939920400610501 0
    outer loop
      vertex 54.85258534221184 24.31447884029939 0
      vertex 54.85258534221184 24.31447884029939 1.5
      vertex 55.43277195067721 22.961005941905388 1.5
    endloop
  endfacet
  facet normal 0.928506080473217 0.371317193951834 0
    outer loop
      vertex 55.97956793008433 21.59370219209929 1.5
      vertex 55.43277195067721 22.961005941905388 0
      vertex 55.43277195067721 22.961005941905388 1.5
    endloop
  endfacet
  facet normal 0.9091679830905232 0.4164295600976356 0
    outer loop
      vertex 54.2393575874066 25.653305605816925 0
      vertex 54.85258534221184 24.31447884029939 1.5
      vertex 54.85258534221184 24.31447884029939 0
    endloop
  endfacet
  facet normal 0.9091679830905232 0.4164295600976356 0
    outer loop
      vertex 54.2393575874066 25.653305605816925 0
      vertex 54.2393575874066 25.653305605816925 1.5
      vertex 54.85258534221184 24.31447884029939 1.5
    endloop
  endfacet
  facet normal 0.8876396204028536 0.46053871095824067 0
    outer loop
      vertex 53.59345807173092 26.976679779276395 0
      vertex 52.9152758609013 28.283804209559857 0
      vertex 53.59345807173092 26.976679779276395 1.5
    endloop
  endfacet
  facet normal 0.8876396204028536 0.46053871095824067 0
    outer loop
      vertex 53.59345807173092 26.976679779276395 1.5
      vertex 52.9152758609013 28.283804209559857 0
      vertex 52.9152758609013 28.283804209559857 1.5
    endloop
  endfacet
  facet normal 0.8986744656939539 0.4386162385385272 0
    outer loop
      vertex 54.2393575874066 25.653305605816925 1.5
      vertex 53.59345807173092 26.976679779276395 0
      vertex 53.59345807173092 26.976679779276395 1.5
    endloop
  endfacet
  facet normal 0.876070094195406 0.4821837720791236 0
    outer loop
      vertex 52.205219466522685 29.57389153378704 0
      vertex 52.9152758609013 28.283804209559857 1.5
      vertex 52.9152758609013 28.283804209559857 0
    endloop
  endfacet
  facet normal 0 0 -1
    outer loop
      vertex 35.599494292726725 36.58402544489331 0
      vertex 35.57896689217412 34.911386334849574 0
      vertex 35.2492730421494 35.2492730421494 0
    endloop
  endfacet
  facet normal 0 0 -1
    outer loop
      vertex 35.599494292726725 36.58402544489331 0
      vertex 35.2492730421494 35.2492730421494 0
      vertex 34.373596155142785 36.10371708513063 0
    endloop
  endfacet
  facet normal 0 0 -1
    outer loop
      vertex 36.767978124493204 35.41097040851012 0
      vertex 36.746751806962116 33.681381278424205 0
      vertex 36.10371708513063 34.373596155142785 0
    endloop
  endfacet
  facet normal 0 0 -1
    outer loop
      vertex 36.767978124493204 35.41097040851012 0
      vertex 36.10371708513063 34.373596155142785 0
      vertex 35.60771942232459 34.881919307368314 0
    endloop
  endfacet
  facet normal 0 0 -1
    outer loop
      vertex 31.96617080314524 39.79801367969951 0
      vertex 31.947331627448712 38.26293660112618 0
      vertex 31.62450521555773 38.53457110013244 0
    endloop
  endfacet
  facet normal 0 0 -1
    outer loop
      vertex 31.96617080314524 39.79801367969951 0
      vertex 31.62450521555773 38.53457110013244 0
      vertex 30.669294790444248 39.299069417186324 0
    endloop
  endfacet
  facet normal 0 0 -1
    outer loop
      vertex 33.19787534877619 38.77886320487655 0
      vertex 32.560666221245775 37.746860998348254 0
      vertex 31.97498581241876 38.23966765409126 0
    endloop
  endfacet
  facet normal 0 0 -1
    outer loop
      vertex 33.19787534877619 38.77886320487655 0
      vertex 33.17850547711579 37.20054329960233 0
      vertex 32.560666221245775 37.746860998348254 0
    endloop
  endfacet
  facet normal 0 0 -1
    outer loop
      vertex 30.846164651593305 51.46371660001632 0
      vertex 30.669294790444248 39.299069417186324 0
      vertex 29.695610328947804 40.039895444310154 0
    endloop
  endfacet
  facet normal 0 0 -1
    outer loop
      vertex 31.96617080314524 39.79801367969951 0
      vertex 30.669294790444248 39.299069417186324 0
      vertex 30.846164651593305 51.46371660001632 0
    endloop
  endfacet
  facet normal 0 0 1
    outer loop
      vertex 30.41044949433872 41.00374448208692 1.5
      vertex 31.407572699140996 40.24508513033825 1.5
      vertex 30.846164651593305 51.46371660001632 1.5
    endloop
  endfacet
  facet normal 0 0 -1
    outer loop
      vertex 31.96617080314524 39.79801367969951 0
      vertex 32.09985719322583 50.69121391498243 0
      vertex 31.97498581241876 38.23966765409126 0
    endloop
  endfacet
  facet normal 0 0 -1
    outer loop
      vertex 33.19787534877619 38.77886320487655 0
      vertex 31.97498581241876 38.23966765409126 0
      vertex 32.09985719322583 50.69121391498243 0
    endloop
  endfacet
  facet normal 0 0 -1
    outer loop
      vertex 33.334213981176134 37.819521957243126 0
      vertex 34.54849148507072 49.055088789095024 0
      vertex 33.32334906231393 37.07246692149631 0
    endloop
  endfacet
  facet normal 0 0 -1
    outer loop
      vertex 33.334213981176134 37.819521957243126 0
      vertex 33.19787534877619 38.77886320487655 0
      vertex 33.334213981176134 49.888176738152715 0
    endloop
  endfacet
  facet normal 0 0 1
    outer loop
      vertex 33.344473632790304 38.65551161415603 1.5
      vertex 34.28308464494029 37.82555494937066 1.5
      vertex 33.334213981176134 49.888176738152715 1.5
    endloop
  endfacet
  facet normal 0 0 1
    outer loop
      vertex 33.344473632790304 38.65551161415603 1.5
      vertex 33.334213981176134 49.888176738152715 1.5
      vertex 32.3857771565541 39.46218364416772 1.5
    endloop
  endfacet
  facet normal 0 0 1
    outer loop
      vertex 31.407572699140996 40.24508513033825 1.5
      vertex 32.3857771565541 39.46218364416772 1.5
      vertex 32.09985719322583 50.69121391498243 1.5
    endloop
  endfacet
  facet normal 0 0 -1
    outer loop
      vertex 34.54849148507072 49.055088789095024 0
      vertex 34.373596155142785 36.10371708513063 0
      vertex 33.47721389912387 36.93641359894471 0
    endloop
  endfacet
  facet normal 0 0 -1
    outer loop
      vertex 34.54849148507072 49.055088789095024 0
      vertex 33.47721389912387 36.93641359894471 0
      vertex 33.32334906231393 37.07246692149631 0
    endloop
  endfacet
  facet normal 0 0 -1
    outer loop
      vertex 35.599494292726725 36.58402544489331 0
      vertex 34.373596155142785 36.10371708513063 0
      vertex 34.54849148507072 49.055088789095024 0
    endloop
  endfacet
  facet normal 0 0 -1
    outer loop
      vertex 38.06359704981873 46.38062720176422 0
      vertex 36.93641359894471 33.47721389912387 0
      vertex 36.82066199197084 33.60181834369131 0
    endloop
  endfacet
  facet normal 0 0 -1
    outer loop
      vertex 36.767978124493204 35.41097040851012 0
      vertex 36.913895434837606 47.30078565759638 0
      vertex 36.82066199197084 33.60181834369131 0
    endloop
  endfacet
  facet normal 0 0 1
    outer loop
      vertex 36.97281358467239 35.20104480882726 1.5
      vertex 37.82555494937066 34.28308464494029 1.5
      vertex 36.913895434837606 47.30078565759638 1.5
    endloop
  endfacet
  facet normal 0 0 -1
    outer loop
      vertex 36.767978124493204 35.41097040851012 0
      vertex 35.60771942232459 34.881919307368314 0
      vertex 35.741958269546004 48.1924518888387 0
    endloop
  endfacet
  facet normal 0 0 -1
    outer loop
      vertex 35.599494292726725 36.58402544489331 0
      vertex 35.741958269546004 48.1924518888387 0
      vertex 35.60771942232459 34.881919307368314 0
    endloop
  endfacet
  facet normal 0 0 1
    outer loop
      vertex 35.20104480882726 36.97281358467239 1.5
      vertex 36.09780117957325 36.09780117957325 1.5
      vertex 35.741958269546004 48.1924518888387 1.5
    endloop
  endfacet
  facet normal 0 0 1
    outer loop
      vertex 36.97281358467239 35.20104480882726 1.5
      vertex 36.913895434837606 47.30078565759638 1.5
      vertex 36.09780117957325 36.09780117957325 1.5
    endloop
  endfacet
  facet normal 0 0 1
    outer loop
      vertex 35.20104480882726 36.97281358467239 1.5
      vertex 34.54849148507072 49.055088789095024 1.5
      vertex 34.28308464494029 37.82555494937066 1.5
    endloop
  endfacet
  facet normal 0 0 -1
    outer loop
      vertex 35.599494292726725 36.58402544489331 0
      vertex 34.54849148507072 49.055088789095024 0
      vertex 35.741958269546004 48.1924518888387 0
    endloop
  endfacet
  facet normal 0 0 1
    outer loop
      vertex 35.20104480882726 36.97281358467239 1.5
      vertex 35.741958269546004 48.1924518888387 1.5
      vertex 34.54849148507072 49.055088789095024 1.5
    endloop
  endfacet
  facet normal 0 0 -1
    outer loop
      vertex 36.913895434837606 47.30078565759638 0
      vertex 38.06359704981873 46.38062720176422 0
      vertex 36.82066199197084 33.60181834369131 0
    endloop
  endfacet
  facet normal 0 0 -1
    outer loop
      vertex 36.767978124493204 35.41097040851012 0
      vertex 35.741958269546004 48.1924518888387 0
      vertex 36.913895434837606 47.30078565759638 0
    endloop
  endfacet
  facet normal 0 0 1
    outer loop
      vertex 36.09780117957325 36.09780117957325 1.5
      vertex 36.913895434837606 47.30078565759638 1.5
      vertex 35.741958269546004 48.1924518888387 1.5
    endloop
  endfacet
  facet normal 0 0 -1
    outer loop
      vertex 39.03646403903337 32.89172736943189 0
      vertex 39.013567197460226 31.026018527556392 0
      vertex 38.53457110013244 31.62450521555773 0
    endloop
  endfacet
  facet normal 0 0 -1
    outer loop
      vertex 39.03646403903337 32.89172736943189 0
      vertex 38.53457110013244 31.62450521555773 0
      vertex 37.746860998348254 32.560666221245775 0
    endloop
  endfacet
  facet normal 0 0 -1
    outer loop
      vertex 38.06359704981873 46.38062720176422 0
      vertex 37.746860998348254 32.560666221245775 0
      vertex 36.93641359894471 33.47721389912387 0
    endloop
  endfacet
  facet normal 0 0 -1
    outer loop
      vertex 39.03646403903337 32.89172736943189 0
      vertex 37.746860998348254 32.560666221245775 0
      vertex 38.06359704981873 46.38062720176422 0
    endloop
  endfacet
  facet normal 0 0 -1
    outer loop
      vertex 39.03646403903337 32.89172736943189 0
      vertex 39.1903705772266 45.43253079038907 0
      vertex 39.049443723766466 30.98119222620279 0
    endloop
  endfacet
  facet normal 0 0 1
    outer loop
      vertex 38.65551161415603 33.344473632790304 1.5
      vertex 39.46218364416772 32.3857771565541 1.5
      vertex 39.1903705772266 45.43253079038907 1.5
    endloop
  endfacet
  facet normal 0 0 -1
    outer loop
      vertex 40.29353729082111 44.457067521297546 0
      vertex 39.299069417186324 30.669294790444248 0
      vertex 39.049443723766466 30.98119222620279 0
    endloop
  endfacet
  facet normal 0 0 -1
    outer loop
      vertex 40.29353729082111 44.457067521297546 0
      vertex 40.039895444310154 29.695610328947804 0
      vertex 39.299069417186324 30.669294790444248 0
    endloop
  endfacet
  facet normal 0 0 -1
    outer loop
      vertex 41.37243268422401 43.45482497708802 0
      vertex 40.75660293560645 28.70403834217959 0
      vertex 40.039895444310154 29.695610328947804 0
    endloop
  endfacet
  facet normal 0 0 1
    outer loop
      vertex 40.24508513033825 31.407572699140996 1.5
      vertex 41.00374448208692 30.41044949433872 1.5
      vertex 40.29353729082111 44.457067521297546 1.5
    endloop
  endfacet
  facet normal 0 0 1
    outer loop
      vertex 40.24508513033825 31.407572699140996 1.5
      vertex 40.29353729082111 44.457067521297546 1.5
      vertex 39.46218364416772 32.3857771565541 1.5
    endloop
  endfacet
  facet normal 0 0 -1
    outer loop
      vertex 43.45482497708802 41.37243268422401 0
      vertex 42.75777120851356 25.628021798032105 0
      vertex 42.417172305622366 26.180778846668357 0
    endloop
  endfacet
  facet normal 0 0 -1
    outer loop
      vertex 42.42640687119285 26.722675346237118 0
      vertex 43.45482497708802 41.37243268422401 0
      vertex 42.417172305622366 26.180778846668357 0
    endloop
  endfacet
  facet normal 0 0 -1
    outer loop
      vertex 42.257187083979424 28.637830301980674 0
      vertex 40.75660293560645 28.70403834217959 0
      vertex 41.37243268422401 43.45482497708802 0
    endloop
  endfacet
  facet normal 0 0 -1
    outer loop
      vertex 42.42640687119285 26.722675346237118 0
      vertex 42.257187083979424 28.637830301980674 0
      vertex 42.42640687119285 42.42640687119285 0
    endloop
  endfacet
  facet normal 0 0 1
    outer loop
      vertex 42.44652370804493 28.36186039565069 1.5
      vertex 43.129774505997545 27.31162849523631 1.5
      vertex 42.42640687119285 42.42640687119285 1.5
    endloop
  endfacet
  facet normal 0 0 1
    outer loop
      vertex 41.737704711388346 29.395008171881003 1.5
      vertex 42.44652370804493 28.36186039565069 1.5
      vertex 42.42640687119285 42.42640687119285 1.5
    endloop
  endfacet
  facet normal 0 0 -1
    outer loop
      vertex 43.45482497708802 41.37243268422401 0
      vertex 43.373836506769265 24.570974882654735 0
      vertex 42.75777120851356 25.628021798032105 0
    endloop
  endfacet
  facet normal 0 0 1
    outer loop
      vertex 43.78704554051389 26.24494509106397 1.5
      vertex 43.45482497708802 41.37243268422401 1.5
      vertex 43.129774505997545 27.31162849523631 1.5
    endloop
  endfacet
  facet normal 0 0 1
    outer loop
      vertex 43.78704554051389 26.24494509106397 1.5
      vertex 44.417940896099715 25.162452713330474 1.5
      vertex 44.457067521297546 40.29353729082111 1.5
    endloop
  endfacet
  facet normal 0 0 1
    outer loop
      vertex 41.737704711388346 29.395008171881003 1.5
      vertex 41.37243268422401 43.45482497708802 1.5
      vertex 41.00374448208692 30.41044949433872 1.5
    endloop
  endfacet
  facet normal 0 0 -1
    outer loop
      vertex 42.42640687119285 26.722675346237118 0
      vertex 42.42640687119285 42.42640687119285 0
      vertex 43.45482497708802 41.37243268422401 0
    endloop
  endfacet
  facet normal 0 0 1
    outer loop
      vertex 43.129774505997545 27.31162849523631 1.5
      vertex 43.45482497708802 41.37243268422401 1.5
      vertex 42.42640687119285 42.42640687119285 1.5
    endloop
  endfacet
  facet normal 0 0 -1
    outer loop
      vertex 44.457067521297546 40.29353729082111 0
      vertex 43.373836506769265 24.570974882654735 0
      vertex 43.45482497708802 41.37243268422401 0
    endloop
  endfacet
  facet normal 0 0 1
    outer loop
      vertex 45.022080544983524 24.064803414967177 1.5
      vertex 45.43253079038907 39.1903705772266 1.5
      vertex 44.457067521297546 40.29353729082111 1.5
    endloop
  endfacet
  facet normal 0 0 1
    outer loop
      vertex 43.78704554051389 26.24494509106397 1.5
      vertex 44.457067521297546 40.29353729082111 1.5
      vertex 43.45482497708802 41.37243268422401 1.5
    endloop
  endfacet
  facet normal 0 0 1
    outer loop
      vertex 38.65551161415603 33.344473632790304 1.5
      vertex 38.06359704981873 46.38062720176422 1.5
      vertex 37.82555494937066 34.28308464494029 1.5
    endloop
  endfacet
  facet normal 0 0 -1
    outer loop
      vertex 40.29353729082111 44.457067521297546 0
      vertex 41.37243268422401 43.45482497708802 0
      vertex 40.039895444310154 29.695610328947804 0
    endloop
  endfacet
  facet normal 0 0 -1
    outer loop
      vertex 40.29353729082111 44.457067521297546 0
      vertex 39.049443723766466 30.98119222620279 0
      vertex 39.1903705772266 45.43253079038907 0
    endloop
  endfacet
  facet normal 0 0 1
    outer loop
      vertex 39.46218364416772 32.3857771565541 1.5
      vertex 40.29353729082111 44.457067521297546 1.5
      vertex 39.1903705772266 45.43253079038907 1.5
    endloop
  endfacet
  facet normal 0 0 1
    outer loop
      vertex 41.00374448208692 30.41044949433872 1.5
      vertex 41.37243268422401 43.45482497708802 1.5
      vertex 40.29353729082111 44.457067521297546 1.5
    endloop
  endfacet
  facet normal 0 0 -1
    outer loop
      vertex 39.03646403903337 32.89172736943189 0
      vertex 38.06359704981873 46.38062720176422 0
      vertex 39.1903705772266 45.43253079038907 0
    endloop
  endfacet
  facet normal 0 0 1
    outer loop
      vertex 37.82555494937066 34.28308464494029 1.5
      vertex 38.06359704981873 46.38062720176422 1.5
      vertex 36.913895434837606 47.30078565759638 1.5
    endloop
  endfacet
  facet normal 0 0 1
    outer loop
      vertex 38.65551161415603 33.344473632790304 1.5
      vertex 39.1903705772266 45.43253079038907 1.5
      vertex 38.06359704981873 46.38062720176422 1.5
    endloop
  endfacet
  facet normal 0.6806009977954534 0.7326542716724126 0
    outer loop
      vertex 40.29353729082111 44.457067521297546 0
      vertex 40.29353729082111 44.457067521297546 1.5
      vertex 41.37243268422401 43.45482497708802 0
    endloop
  endfacet
  facet normal 0.6624157775901697 0.7491363945234611 0
    outer loop
      vertex 40.29353729082111 44.457067521297546 0
      vertex 39.1903705772266 45.43253079038907 1.5
      vertex 40.29353729082111 44.457067521297546 1.5
    endloop
  endfacet
  facet normal 0.6806009977954534 0.7326542716724126 0
    outer loop
      vertex 40.29353729082111 44.457067521297546 1.5
      vertex 41.37243268422401 43.45482497708802 1.5
      vertex 41.37243268422401 43.45482497708802 0
    endloop
  endfacet
  facet normal 0 0 -1
    outer loop
      vertex 42.257187083979424 28.637830301980674 0
      vertex 41.37243268422401 43.45482497708802 0
      vertex 42.42640687119285 42.42640687119285 0
    endloop
  endfacet
  facet normal 0 0 1
    outer loop
      vertex 41.737704711388346 29.395008171881003 1.5
      vertex 42.42640687119285 42.42640687119285 1.5
      vertex 41.37243268422401 43.45482497708802 1.5
    endloop
  endfacet
  facet normal 0.7326542716724126 0.6806009977954534 0
    outer loop
      vertex 44.457067521297546 40.29353729082111 0
      vertex 43.45482497708802 41.37243268422401 0
      vertex 44.457067521297546 40.29353729082111 1.5
    endloop
  endfacet
  facet normal 0.7326542716724126 0.6806009977954534 0
    outer loop
      vertex 44.457067521297546 40.29353729082111 1.5
      vertex 43.45482497708802 41.37243268422401 0
      vertex 43.45482497708802 41.37243268422401 1.5
    endloop
  endfacet
  facet normal 0.7491363945234611 0.6624157775901697 0
    outer loop
      vertex 44.457067521297546 40.29353729082111 0
      vertex 44.457067521297546 40.29353729082111 1.5
      vertex 45.43253079038907 39.1903705772266 1.5
    endloop
  endfacet
  facet normal 0.6983762494089724 0.7157308252838191 0
    outer loop
      vertex 42.42640687119285 42.42640687119285 0
      vertex 41.37243268422401 43.45482497708802 0
      vertex 41.37243268422401 43.45482497708802 1.5
    endloop
  endfacet
  facet normal 0.7157308252838191 0.6983762494089724 0
    outer loop
      vertex 42.42640687119285 42.42640687119285 0
      vertex 43.45482497708802 41.37243268422401 1.5
      vertex 43.45482497708802 41.37243268422401 0
    endloop
  endfacet
  facet normal 0.6983762494089724 0.7157308252838191 0
    outer loop
      vertex 42.42640687119285 42.42640687119285 0
      vertex 41.37243268422401 43.45482497708802 1.5
      vertex 42.42640687119285 42.42640687119285 1.5
    endloop
  endfacet
  facet normal 0.7157308252838191 0.6983762494089724 0
    outer loop
      vertex 42.42640687119285 42.42640687119285 0
      vertex 42.42640687119285 42.42640687119285 1.5
      vertex 43.45482497708802 41.37243268422401 1.5
    endloop
  endfacet
  facet normal 0 0 -1
    outer loop
      vertex 29.57389153378704 52.205219466522685 0
      vertex 30.846164651593305 51.46371660001632 0
      vertex 29.695610328947804 40.039895444310154 0
    endloop
  endfacet
  facet normal 0 0 -1
    outer loop
      vertex 31.96617080314524 39.79801367969951 0
      vertex 30.846164651593305 51.46371660001632 0
      vertex 32.09985719322583 50.69121391498243 0
    endloop
  endfacet
  facet normal 0 0 1
    outer loop
      vertex 29.57389153378704 52.205219466522685 1.5
      vertex 30.41044949433872 41.00374448208692 1.5
      vertex 30.846164651593305 51.46371660001632 1.5
    endloop
  endfacet
  facet normal 0 0 1
    outer loop
      vertex 31.407572699140996 40.24508513033825 1.5
      vertex 32.09985719322583 50.69121391498243 1.5
      vertex 30.846164651593305 51.46371660001632 1.5
    endloop
  endfacet
  facet normal 0 0 -1
    outer loop
      vertex 33.334213981176134 37.819521957243126 0
      vertex 33.334213981176134 49.888176738152715 0
      vertex 34.54849148507072 49.055088789095024 0
    endloop
  endfacet
  facet normal 0 0 -1
    outer loop
      vertex 33.19787534877619 38.77886320487655 0
      vertex 32.09985719322583 50.69121391498243 0
      vertex 33.334213981176134 49.888176738152715 0
    endloop
  endfacet
  facet normal 0 0 1
    outer loop
      vertex 32.3857771565541 39.46218364416772 1.5
      vertex 33.334213981176134 49.888176738152715 1.5
      vertex 32.09985719322583 50.69121391498243 1.5
    endloop
  endfacet
  facet normal 0.5245896826784664 0.8513551931052666 0
    outer loop
      vertex 30.846164651593305 51.46371660001632 0
      vertex 30.846164651593305 51.46371660001632 1.5
      vertex 32.09985719322583 50.69121391498243 0
    endloop
  endfacet
  facet normal 0.5035383837257191 0.8639728561215857 0
    outer loop
      vertex 29.57389153378704 52.205219466522685 1.5
      vertex 30.846164651593305 51.46371660001632 1.5
      vertex 30.846164651593305 51.46371660001632 0
    endloop
  endfacet
  facet normal 0.5245896826784664 0.8513551931052666 0
    outer loop
      vertex 30.846164651593305 51.46371660001632 1.5
      vertex 32.09985719322583 50.69121391498243 1.5
      vertex 32.09985719322583 50.69121391498243 0
    endloop
  endfacet
  facet normal 0.545324988422046 0.8382247055548383 0
    outer loop
      vertex 33.334213981176134 49.888176738152715 0
      vertex 32.09985719322583 50.69121391498243 0
      vertex 32.09985719322583 50.69121391498243 1.5
    endloop
  endfacet
  facet normal 0.5657318107836126 0.8245893027850257 0
    outer loop
      vertex 33.334213981176134 49.888176738152715 0
      vertex 33.334213981176134 49.888176738152715 1.5
      vertex 34.54849148507072 49.055088789095024 0
    endloop
  endfacet
  facet normal 0.545324988422046 0.8382247055548383 0
    outer loop
      vertex 33.334213981176134 49.888176738152715 0
      vertex 32.09985719322583 50.69121391498243 1.5
      vertex 33.334213981176134 49.888176738152715 1.5
    endloop
  endfacet
  facet normal 0 0 1
    outer loop
      vertex 34.28308464494029 37.82555494937066 1.5
      vertex 34.54849148507072 49.055088789095024 1.5
      vertex 33.334213981176134 49.888176738152715 1.5
    endloop
  endfacet
  facet normal 0.5857978574564382 0.8104571982525953 0
    outer loop
      vertex 35.741958269546004 48.1924518888387 0
      vertex 34.54849148507072 49.055088789095024 1.5
      vertex 35.741958269546004 48.1924518888387 1.5
    endloop
  endfacet
  facet normal 0.6055110414043278 0.7958369046088817 0
    outer loop
      vertex 35.741958269546004 48.1924518888387 0
      vertex 35.741958269546004 48.1924518888387 1.5
      vertex 36.913895434837606 47.30078565759638 0
    endloop
  endfacet
  facet normal 0.6248594881423842 0.780737228572096 0
    outer loop
      vertex 36.913895434837606 47.30078565759638 0
      vertex 36.913895434837606 47.30078565759638 1.5
      vertex 38.06359704981873 46.38062720176422 0
    endloop
  endfacet
  facet normal 0.6055110414043278 0.7958369046088817 0
    outer loop
      vertex 36.913895434837606 47.30078565759638 0
      vertex 35.741958269546004 48.1924518888387 1.5
      vertex 36.913895434837606 47.30078565759638 1.5
    endloop
  endfacet
  facet normal 0.5857978574564382 0.8104571982525953 0
    outer loop
      vertex 35.741958269546004 48.1924518888387 0
      vertex 34.54849148507072 49.055088789095024 0
      vertex 34.54849148507072 49.055088789095024 1.5
    endloop
  endfacet
  facet normal 0.5657318107836126 0.8245893027850257 0
    outer loop
      vertex 33.334213981176134 49.888176738152715 1.5
      vertex 34.54849148507072 49.055088789095024 1.5
      vertex 34.54849148507072 49.055088789095024 0
    endloop
  endfacet
  facet normal 0.6438315428897942 0.7651672656224566 0
    outer loop
      vertex 38.06359704981873 46.38062720176422 0
      vertex 38.06359704981873 46.38062720176422 1.5
      vertex 39.1903705772266 45.43253079038907 0
    endloop
  endfacet
  facet normal 0.6248594881423842 0.780737228572096 0
    outer loop
      vertex 36.913895434837606 47.30078565759638 1.5
      vertex 38.06359704981873 46.38062720176422 1.5
      vertex 38.06359704981873 46.38062720176422 0
    endloop
  endfacet
  facet normal 0.6438315428897942 0.7651672656224566 0
    outer loop
      vertex 39.1903705772266 45.43253079038907 0
      vertex 38.06359704981873 46.38062720176422 1.5
      vertex 39.1903705772266 45.43253079038907 1.5
    endloop
  endfacet
  facet normal 0.6624157775901697 0.7491363945234611 0
    outer loop
      vertex 40.29353729082111 44.457067521297546 0
      vertex 39.1903705772266 45.43253079038907 0
      vertex 39.1903705772266 45.43253079038907 1.5
    endloop
  endfacet
  facet normal 0 0 -1
    outer loop
      vertex 47.30078565759638 36.913895434837606 0
      vertex 46.055394695687646 19.076769103399727 0
      vertex 46.38062720176422 38.06359704981873 0
    endloop
  endfacet
  facet normal 0 0 -1
    outer loop
      vertex 45.43253079038907 39.1903705772266 0
      vertex 46.38062720176422 38.06359704981873 0
      vertex 45.27914426899999 20.843616657604077 0
    endloop
  endfacet
  facet normal 0 0 1
    outer loop
      vertex 46.670408028665236 20.68756907995473 1.5
      vertex 47.30078565759638 36.913895434837606 1.5
      vertex 46.38062720176422 38.06359704981873 1.5
    endloop
  endfacet
  facet normal 0 0 1
    outer loop
      vertex 46.14865341395178 21.8266875196159 1.5
      vertex 46.38062720176422 38.06359704981873 1.5
      vertex 45.43253079038907 39.1903705772266 1.5
    endloop
  endfacet
  facet normal 0 0 1
    outer loop
      vertex 47.629282380513416 18.372641615111146 1.5
      vertex 48.1924518888387 35.741958269546004 1.5
      vertex 47.30078565759638 36.913895434837606 1.5
    endloop
  endfacet
  facet normal 0 0 -1
    outer loop
      vertex 45.24170780134982 23.64149512441008 0
      vertex 44.457067521297546 40.29353729082111 0
      vertex 45.43253079038907 39.1903705772266 0
    endloop
  endfacet
  facet normal 0.8104571982525953 0.5857978574564382 0
    outer loop
      vertex 48.1924518888387 35.741958269546004 0
      vertex 48.1924518888387 35.741958269546004 1.5
      vertex 49.055088789095024 34.54849148507072 1.5
    endloop
  endfacet
  facet normal 0.780737228572096 0.6248594881423842 0
    outer loop
      vertex 47.30078565759638 36.913895434837606 0
      vertex 46.38062720176422 38.06359704981873 0
      vertex 47.30078565759638 36.913895434837606 1.5
    endloop
  endfacet
  facet normal 0.7958369046088817 0.6055110414043278 0
    outer loop
      vertex 47.30078565759638 36.913895434837606 0
      vertex 48.1924518888387 35.741958269546004 1.5
      vertex 48.1924518888387 35.741958269546004 0
    endloop
  endfacet
  facet normal 0.7958369046088817 0.6055110414043278 0
    outer loop
      vertex 47.30078565759638 36.913895434837606 0
      vertex 47.30078565759638 36.913895434837606 1.5
      vertex 48.1924518888387 35.741958269546004 1.5
    endloop
  endfacet
  facet normal 0.8245893027850257 0.5657318107836126 0
    outer loop
      vertex 49.888176738152715 33.334213981176134 0
      vertex 49.055088789095024 34.54849148507072 0
      vertex 49.888176738152715 33.334213981176134 1.5
    endloop
  endfacet
  facet normal 0.8382247055548383 0.545324988422046 0
    outer loop
      vertex 49.888176738152715 33.334213981176134 0
      vertex 50.69121391498243 32.09985719322583 1.5
      vertex 50.69121391498243 32.09985719322583 0
    endloop
  endfacet
  facet normal 0.8382247055548383 0.545324988422046 0
    outer loop
      vertex 49.888176738152715 33.334213981176134 0
      vertex 49.888176738152715 33.334213981176134 1.5
      vertex 50.69121391498243 32.09985719322583 1.5
    endloop
  endfacet
  facet normal 0.8513551931052666 0.5245896826784664 0
    outer loop
      vertex 51.46371660001632 30.846164651593305 0
      vertex 50.69121391498243 32.09985719322583 0
      vertex 51.46371660001632 30.846164651593305 1.5
    endloop
  endfacet
  facet normal 0.8513551931052666 0.5245896826784664 0
    outer loop
      vertex 51.46371660001632 30.846164651593305 1.5
      vertex 50.69121391498243 32.09985719322583 0
      vertex 50.69121391498243 32.09985719322583 1.5
    endloop
  endfacet
  facet normal 0.8639728561215857 0.5035383837257191 0
    outer loop
      vertex 52.205219466522685 29.57389153378704 1.5
      vertex 51.46371660001632 30.846164651593305 0
      vertex 51.46371660001632 30.846164651593305 1.5
    endloop
  endfacet
  facet normal 0.8104571982525953 0.5857978574564382 0
    outer loop
      vertex 48.1924518888387 35.741958269546004 0
      vertex 49.055088789095024 34.54849148507072 1.5
      vertex 49.055088789095024 34.54849148507072 0
    endloop
  endfacet
  facet normal 0.8245893027850257 0.5657318107836126 0
    outer loop
      vertex 49.888176738152715 33.334213981176134 1.5
      vertex 49.055088789095024 34.54849148507072 0
      vertex 49.055088789095024 34.54849148507072 1.5
    endloop
  endfacet
  facet normal 0.7651672656224566 0.6438315428897942 0
    outer loop
      vertex 45.43253079038907 39.1903705772266 0
      vertex 46.38062720176422 38.06359704981873 1.5
      vertex 46.38062720176422 38.06359704981873 0
    endloop
  endfacet
  facet normal 0.7651672656224566 0.6438315428897942 0
    outer loop
      vertex 45.43253079038907 39.1903705772266 0
      vertex 45.43253079038907 39.1903705772266 1.5
      vertex 46.38062720176422 38.06359704981873 1.5
    endloop
  endfacet
  facet normal 0.780737228572096 0.6248594881423842 0
    outer loop
      vertex 47.30078565759638 36.913895434837606 1.5
      vertex 46.38062720176422 38.06359704981873 0
      vertex 46.38062720176422 38.06359704981873 1.5
    endloop
  endfacet
  facet normal 0.7491363945234611 0.6624157775901697 0
    outer loop
      vertex 44.457067521297546 40.29353729082111 0
      vertex 45.43253079038907 39.1903705772266 1.5
      vertex 45.43253079038907 39.1903705772266 0
    endloop
  endfacet
  facet normal 0 0 -1
    outer loop
      vertex -39.03646403903337 -32.89172736943189 0
      vertex -39.1903705772266 -32.70881578907943 0
      vertex -39.013567197460226 -31.026018527556392 0
    endloop
  endfacet
  facet normal 0 0 -1
    outer loop
      vertex -38.06359704981873 -34.013879099258396 0
      vertex -38.06359704981873 -32.184238472241866 0
      vertex -37.89187699447473 -32.38832068388741 0
    endloop
  endfacet
  facet normal 0 0 -1
    outer loop
      vertex -38.06359704981873 -34.013879099258396 0
      vertex -37.89187699447473 -32.38832068388741 0
      vertex -37.91390420397804 -34.18316908692597 0
    endloop
  endfacet
  facet normal 0 0 -1
    outer loop
      vertex -39.1903705772266 -32.70881578907943 0
      vertex -39.1903705772266 -30.805109693905898 0
      vertex -39.013567197460226 -31.026018527556392 0
    endloop
  endfacet
  facet normal 0 0 -1
    outer loop
      vertex -33.334213981176134 -38.66414435058509 0
      vertex -33.334213981176134 -37.819521957243126 0
      vertex -33.17850547711579 -37.20054329960233 0
    endloop
  endfacet
  facet normal 0 0 -1
    outer loop
      vertex -33.334213981176134 -38.66414435058509 0
      vertex -33.17850547711579 -37.20054329960233 0
      vertex -33.19787534877619 -38.77886320487655 0
    endloop
  endfacet
  facet normal 0 0 -1
    outer loop
      vertex -32.09985719322583 -39.691018385738516 0
      vertex -31.947331627448712 -38.26293660112618 0
      vertex -31.96617080314524 -39.79801367969951 0
    endloop
  endfacet
  facet normal 0 0 -1
    outer loop
      vertex -32.09985719322583 -39.691018385738516 0
      vertex -32.09985719322583 -38.13459764210846 0
      vertex -31.947331627448712 -38.26293660112618 0
    endloop
  endfacet
  facet normal 0 0 -1
    outer loop
      vertex -30.846164651593305 -40.672231408117916 0
      vertex -30.696606218119157 -39.27721084032738 0
      vertex -30.71495175341735 -40.77206449974773 0
    endloop
  endfacet
  facet normal 0 0 -1
    outer loop
      vertex -30.846164651593305 -40.672231408117916 0
      vertex -30.846164651593305 -39.1575124286621 0
      vertex -30.696606218119157 -39.27721084032738 0
    endloop
  endfacet
  facet normal 0 0 -1
    outer loop
      vertex -35.741958269546004 -36.44501584199199 0
      vertex -35.57896689217412 -34.911386334849574 0
      vertex -35.599494292726725 -36.58402544489331 0
    endloop
  endfacet
  facet normal 0 0 -1
    outer loop
      vertex -36.913895434837606 -35.26142706844897 0
      vertex -36.746751806962116 -33.681381278424205 0
      vertex -36.767978124493204 -35.41097040851012 0
    endloop
  endfacet
  facet normal 0 0 -1
    outer loop
      vertex -36.913895434837606 -35.26142706844897 0
      vertex -36.913895434837606 -33.5014542825155 0
      vertex -36.746751806962116 -33.681381278424205 0
    endloop
  endfacet
  facet normal 0 0 -1
    outer loop
      vertex -35.741958269546004 -36.44501584199199 0
      vertex -35.741958269546004 -34.744344639002605 0
      vertex -35.57896689217412 -34.911386334849574 0
    endloop
  endfacet
  facet normal 0 0 -1
    outer loop
      vertex -34.54849148507072 -37.579004608782085 0
      vertex -34.389357522466526 -36.08833788919793 0
      vertex -34.40923922388062 -37.708363341237046 0
    endloop
  endfacet
  facet normal 0 0 -1
    outer loop
      vertex -34.54849148507072 -37.579004608782085 0
      vertex -34.54849148507072 -35.93306250349265 0
      vertex -34.389357522466526 -36.08833788919793 0
    endloop
  endfacet
  facet normal 0 0 -1
    outer loop
      vertex -33.334213981176134 -37.819521957243126 0
      vertex -33.32334906231393 -37.07246692149631 0
      vertex -33.17850547711579 -37.20054329960233 0
    endloop
  endfacet
  facet normal -0.7491363945234603 -0.6624157775901708 0
    outer loop
      vertex -37.82555494937066 -34.28308464494029 1.5
      vertex -37.82555494937066 -34.28308464494029 60
      vertex -38.65551161415603 -33.344473632790304 1.5
    endloop
  endfacet
  facet normal -0.7807372285720937 -0.6248594881423875 0
    outer loop
      vertex -39.46218364416772 -32.3857771565541 1.5
      vertex -39.46218364416772 -32.3857771565541 60
      vertex -40.24508513033825 -31.407572699140996 1.5
    endloop
  endfacet
  facet normal -0.7958369046088841 -0.6055110414043248 0
    outer loop
      vertex -41.00374448208692 -30.41044949433872 1.5
      vertex -40.24508513033825 -31.407572699140996 1.5
      vertex -40.24508513033825 -31.407572699140996 60
    endloop
  endfacet
  facet normal -0.8104571982525949 -0.5857978574564386 0
    outer loop
      vertex -41.00374448208692 -30.41044949433872 1.5
      vertex -41.00374448208692 -30.41044949433872 60
      vertex -41.737704711388346 -29.395008171881003 1.5
    endloop
  endfacet
  facet normal -0.7651672656224588 -0.6438315428897916 0
    outer loop
      vertex -39.46218364416772 -32.3857771565541 1.5
      vertex -38.65551161415603 -33.344473632790304 1.5
      vertex -38.65551161415603 -33.344473632790304 60
    endloop
  endfacet
  facet normal -0.6806009977954541 -0.7326542716724117 0
    outer loop
      vertex -34.28308464494029 -37.82555494937066 1.5
      vertex -34.28308464494029 -37.82555494937066 60
      vertex -35.20104480882726 -36.97281358467239 1.5
    endloop
  endfacet
  facet normal -0.6624157775901708 -0.7491363945234603 0
    outer loop
      vertex -34.28308464494029 -37.82555494937066 1.5
      vertex -33.344473632790304 -38.65551161415603 1.5
      vertex -33.344473632790304 -38.65551161415603 60
    endloop
  endfacet
  facet normal -0.6438315428897916 -0.7651672656224588 0
    outer loop
      vertex -32.3857771565541 -39.46218364416772 1.5
      vertex -32.3857771565541 -39.46218364416772 60
      vertex -33.344473632790304 -38.65551161415603 1.5
    endloop
  endfacet
  facet normal -0.6248594881423875 -0.7807372285720937 0
    outer loop
      vertex -32.3857771565541 -39.46218364416772 1.5
      vertex -31.407572699140996 -40.24508513033825 1.5
      vertex -31.407572699140996 -40.24508513033825 60
    endloop
  endfacet
  facet normal -0.6055110414043248 -0.7958369046088841 0
    outer loop
      vertex -31.407572699140996 -40.24508513033825 1.5
      vertex -30.41044949433872 -41.00374448208692 1.5
      vertex -30.41044949433872 -41.00374448208692 60
    endloop
  endfacet
  facet normal -0.715730825283821 -0.6983762494089704 0
    outer loop
      vertex -36.09780117957325 -36.09780117957325 1.5
      vertex -36.09780117957325 -36.09780117957325 60
      vertex -36.97281358467239 -35.20104480882726 1.5
    endloop
  endfacet
  facet normal -0.7326542716724117 -0.6806009977954541 0
    outer loop
      vertex -37.82555494937066 -34.28308464494029 1.5
      vertex -36.97281358467239 -35.20104480882726 1.5
      vertex -36.97281358467239 -35.20104480882726 60
    endloop
  endfacet
  facet normal -0.6983762494089704 -0.715730825283821 0
    outer loop
      vertex -36.09780117957325 -36.09780117957325 1.5
      vertex -35.20104480882726 -36.97281358467239 1.5
      vertex -35.20104480882726 -36.97281358467239 60
    endloop
  endfacet
  facet normal 0 0 -1
    outer loop
      vertex -45.24170780134982 -23.64149512441008 0
      vertex -45.43253079038907 -23.273704010385146 0
      vertex -45.20924384112741 -20.99622645555209 0
    endloop
  endfacet
  facet normal 0 0 -1
    outer loop
      vertex -46.180506865422934 -21.757143613506756 0
      vertex -46.38062720176422 -21.32023178014856 0
      vertex -46.14865341395178 -19.161621175875123 0
    endloop
  endfacet
  facet normal 0 0 -1
    outer loop
      vertex -45.43253079038907 -23.273704010385146 0
      vertex -45.43253079038907 -20.50873621767594 0
      vertex -45.20924384112741 -20.99622645555209 0
    endloop
  endfacet
  facet normal 0 0 -1
    outer loop
      vertex -46.38062720176422 -21.32023178014856 0
      vertex -46.38062720176422 -18.263501190202014 0
      vertex -46.14865341395178 -19.161621175875123 0
    endloop
  endfacet
  facet normal 0 0 -1
    outer loop
      vertex -46.14865341395178 -19.161621175875123 0
      vertex -46.38062720176422 -18.263501190202014 0
      vertex -46.152084033657594 -18.834990269334554 0
    endloop
  endfacet
  facet normal 0 0 -1
    outer loop
      vertex -41.20886334833147 -30.12666549013098 0
      vertex -41.37243268422401 -29.900365676978517 0
      vertex -41.183763219447634 -28.0814256590742 0
    endloop
  endfacet
  facet normal 0 0 -1
    outer loop
      vertex -41.37243268422401 -29.900365676978517 0
      vertex -41.37243268422401 -27.80642817890549 0
      vertex -41.183763219447634 -28.0814256590742 0
    endloop
  endfacet
  facet normal 0 0 -1
    outer loop
      vertex -42.257187083979424 -28.637830301980674 0
      vertex -42.42640687119285 -28.391181936631597 0
      vertex -42.23074605408431 -26.48332951172852 0
    endloop
  endfacet
  facet normal 0 0 -1
    outer loop
      vertex -42.42640687119285 -28.391181936631597 0
      vertex -42.42640687119285 -26.722675346237118 0
      vertex -42.23074605408431 -26.48332951172852 0
    endloop
  endfacet
  facet normal 0 0 -1
    outer loop
      vertex -42.42640687119285 -26.722675346237118 0
      vertex -42.417172305622366 -26.180778846668357 0
      vertex -42.23074605408431 -26.48332951172852 0
    endloop
  endfacet
  facet normal 0 0 -1
    outer loop
      vertex -43.45482497708802 -26.784104954988177 0
      vertex -43.25121184208618 -24.781374695660666 0
      vertex -43.279286464982626 -27.068985936840235 0
    endloop
  endfacet
  facet normal 0 0 -1
    outer loop
      vertex -43.45482497708802 -26.784104954988177 0
      vertex -43.373836506769265 -24.570974882654735 0
      vertex -43.25121184208618 -24.781374695660666 0
    endloop
  endfacet
  facet normal 0 0 -1
    outer loop
      vertex -43.45482497708802 -26.784104954988177 0
      vertex -43.45482497708802 -24.42382854358372 0
      vertex -43.373836506769265 -24.570974882654735 0
    endloop
  endfacet
  facet normal -0.8876396204028542 -0.46053871095823945 0
    outer loop
      vertex -45.022080544983524 -24.064803414967177 1.5
      vertex -45.022080544983524 -24.064803414967177 60
      vertex -45.599100576031056 -22.952658378867664 1.5
    endloop
  endfacet
  facet normal -0.8986744656939549 -0.4386162385385256 0
    outer loop
      vertex -45.599100576031056 -22.952658378867664 1.5
      vertex -45.599100576031056 -22.952658378867664 60
      vertex -46.14865341395178 -21.8266875196159 1.5
    endloop
  endfacet
  facet normal -0.9285060804732153 -0.37131719395183843 0
    outer loop
      vertex -47.164050134701185 -19.53598922223783 1.5
      vertex -47.164050134701185 -19.53598922223783 60
      vertex -47.629282380513416 -18.372641615111146 1.5
    endloop
  endfacet
  facet normal -0.9091679830905222 -0.41642956009763765 0
    outer loop
      vertex -46.14865341395178 -21.8266875196159 1.5
      vertex -46.14865341395178 -21.8266875196159 60
      vertex -46.670408028665236 -20.68756907995473 1.5
    endloop
  endfacet
  facet normal -0.9191138516900575 -0.39399204006104827 0
    outer loop
      vertex -47.164050134701185 -19.53598922223783 1.5
      vertex -46.670408028665236 -20.68756907995473 1.5
      vertex -46.670408028665236 -20.68756907995473 60
    endloop
  endfacet
  facet normal -0.9373390119125751 -0.34841868024943423 0
    outer loop
      vertex -48.06582452759321 -17.19822701567283 1.5
      vertex -47.629282380513416 -18.372641615111146 1.5
      vertex -47.629282380513416 -18.372641615111146 60
    endloop
  endfacet
  facet normal -0.9456073253805215 -0.3253102921622624 0
    outer loop
      vertex -48.06582452759321 -17.19822701567283 1.5
      vertex -48.06582452759321 -17.19822701567283 60
      vertex -48.47341361927452 -16.01345284736341 1.5
    endloop
  endfacet
  facet normal -0.9533060403541941 -0.30200594931922703 0
    outer loop
      vertex -48.47341361927452 -16.01345284736341 1.5
      vertex -48.47341361927452 -16.01345284736341 60
      vertex -48.85180413912926 -14.819032773840302 1.5
    endloop
  endfacet
  facet normal -0.9604305194155653 -0.2785196893850549 0
    outer loop
      vertex -48.85180413912926 -14.819032773840302 1.5
      vertex -48.85180413912926 -14.819032773840302 60
      vertex -49.2007681588572 -13.615686269093564 1.5
    endloop
  endfacet
  facet normal -0.9669764710448514 -0.25486565960451696 0
    outer loop
      vertex -49.2007681588572 -13.615686269093564 1.5
      vertex -49.2007681588572 -13.615686269093564 60
      vertex -49.52009547558147 -12.40413818406162 1.5
    endloop
  endfacet
  facet normal -0.9729399522055604 -0.23105810828066983 0
    outer loop
      vertex -49.52009547558147 -12.40413818406162 1.5
      vertex -49.52009547558147 -12.40413818406162 60
      vertex -49.80959373846688 -11.185118310008203 1.5
    endloop
  endfacet
  facet normal -0.9783173707196282 -0.20711137619221592 0
    outer loop
      vertex -49.80959373846688 -11.185118310008203 1.5
      vertex -49.80959373846688 -11.185118310008203 60
      vertex -50.06908856458491 -9.959360938923346 1.5
    endloop
  endfacet
  facet normal -0.9831054874312163 -0.18303988795514076 0
    outer loop
      vertex -50.06908856458491 -9.959360938923346 1.5
      vertex -50.06908856458491 -9.959360938923346 60
      vertex -50.298423643955445 -8.727604421213377 1.5
    endloop
  endfacet
  facet normal -0.9873014181578574 -0.15885814333386766 0
    outer loop
      vertex -50.298423643955445 -8.727604421213377 1.5
      vertex -50.298423643955445 -8.727604421213377 60
      vertex -50.49746083370207 -7.490590720946217 1.5
    endloop
  endfacet
  facet normal -0.9939069700023557 -0.11022220729388485 0
    outer loop
      vertex -50.66608024126414 -6.249064968919987 1.5
      vertex -50.66608024126414 -6.249064968919987 60
      vertex -50.80418029661565 -5.003775013824068 1.5
    endloop
  endfacet
  facet normal -0.9963126121827779 -0.08579731234444148 0
    outer loop
      vertex -50.80418029661565 -5.003775013824068 1.5
      vertex -50.80418029661565 -5.003775013824068 60
      vertex -50.911677813447135 -3.755470971763022 1.5
    endloop
  endfacet
  facet normal -0.9909026354277808 -0.13458070850712023 0
    outer loop
      vertex -50.66608024126414 -6.249064968919987 1.5
      vertex -50.49746083370207 -7.490590720946217 1.5
      vertex -50.49746083370207 -7.490590720946217 60
    endloop
  endfacet
  facet normal -0.9981181129001491 -0.06132073630221034 0
    outer loop
      vertex -50.911677813447135 -3.755470971763022 1.5
      vertex -50.911677813447135 -3.755470971763022 60
      vertex -50.98850803927405 -2.5049047744146895 1.5
    endloop
  endfacet
  facet normal -0.9993223845883494 -0.03680722294135918 0
    outer loop
      vertex -50.98850803927405 -2.5049047744146895 1.5
      vertex -50.98850803927405 -2.5049047744146895 60
      vertex -51.03462469444123 -1.2528297160946722 1.5
    endloop
  endfacet
  facet normal -0.9999247018391446 -0.01227153828571627 0
    outer loop
      vertex -51.03462469444123 -1.2528297160946722 1.5
      vertex -51.03462469444123 -1.2528297160946722 60
      vertex -51.05 0 1.5
    endloop
  endfacet
  facet normal -0.8513551931052653 -0.5245896826784688 0
    outer loop
      vertex -43.129774505997545 -27.31162849523631 1.5
      vertex -43.129774505997545 -27.31162849523631 60
      vertex -43.78704554051389 -26.24494509106397 1.5
    endloop
  endfacet
  facet normal -0.8245893027850276 -0.5657318107836098 0
    outer loop
      vertex -42.44652370804493 -28.36186039565069 1.5
      vertex -41.737704711388346 -29.395008171881003 1.5
      vertex -41.737704711388346 -29.395008171881003 60
    endloop
  endfacet
  facet normal -0.8382247055548363 -0.5453249884220492 0
    outer loop
      vertex -43.129774505997545 -27.31162849523631 1.5
      vertex -42.44652370804493 -28.36186039565069 1.5
      vertex -42.44652370804493 -28.36186039565069 60
    endloop
  endfacet
  facet normal -0.8760700941954063 -0.4821837720791236 0
    outer loop
      vertex -45.022080544983524 -24.064803414967177 1.5
      vertex -44.417940896099715 -25.162452713330474 1.5
      vertex -44.417940896099715 -25.162452713330474 60
    endloop
  endfacet
  facet normal -0.8639728561215869 -0.503538383725717 0
    outer loop
      vertex -44.417940896099715 -25.162452713330474 1.5
      vertex -43.78704554051389 -26.24494509106397 1.5
      vertex -43.78704554051389 -26.24494509106397 60
    endloop
  endfacet
  facet normal 0 0 -1
    outer loop
      vertex -21.59370219209929 -46.255368541685534 0
      vertex -21.45886964276448 -44.99297492497504 0
      vertex -21.475029404543378 -46.309724675685636 0
    endloop
  endfacet
  facet normal 0 0 -1
    outer loop
      vertex -21.59370219209929 -46.255368541685534 0
      vertex -21.59370219209929 -44.9271671738044 0
      vertex -21.45886964276448 -44.99297492497504 0
    endloop
  endfacet
  facet normal 0 0 -1
    outer loop
      vertex -20.213391203533202 -46.87367154007855 0
      vertex -20.213391203533202 -45.567808755082034 0
      vertex -20.201279503148744 -45.57335632182101 0
    endloop
  endfacet
  facet normal 0 0 -1
    outer loop
      vertex -20.213391203533202 -46.87367154007855 0
      vertex -20.201279503148744 -45.57335632182101 0
      vertex -20.080022563036355 -45.62533494135611 0
    endloop
  endfacet
  facet normal 0 0 -1
    outer loop
      vertex -20.09596050363963 -46.92400998393051 0
      vertex -20.213391203533202 -46.87367154007855 0
      vertex -20.080022563036355 -45.62533494135611 0
    endloop
  endfacet
  facet normal 0 0 -1
    outer loop
      vertex -18.82090442393349 -47.450018408176206 0
      vertex -18.82090442393349 -46.15771707871649 0
      vertex -18.688838498678994 -46.21053132497017 0
    endloop
  endfacet
  facet normal 0 0 -1
    outer loop
      vertex -18.82090442393349 -47.450018408176206 0
      vertex -18.688838498678994 -46.21053132497017 0
      vertex -18.704620761020287 -47.496521198328495 0
    endloop
  endfacet
  facet normal 0 0 -1
    outer loop
      vertex -17.41708063526774 -47.984474356163254 0
      vertex -17.41708063526774 -46.7043509142096 0
      vertex -17.286214155630443 -46.752995348661415 0
    endloop
  endfacet
  facet normal 0 0 -1
    outer loop
      vertex -17.41708063526774 -47.984474356163254 0
      vertex -17.286214155630443 -46.752995348661415 0
      vertex -17.301853080730442 -48.02730563915695 0
    endloop
  endfacet
  facet normal 0 0 -1
    outer loop
      vertex -16.002765448493903 -48.47679937149333 0
      vertex -16.002765448493903 -47.6025697300073 0
      vertex -15.87299936071235 -47.252802646358425 0
    endloop
  endfacet
  facet normal 0 0 -1
    outer loop
      vertex -16.002765448493903 -47.6025697300073 0
      vertex -15.997376617130307 -47.21001405902659 0
      vertex -15.87299936071235 -47.252802646358425 0
    endloop
  endfacet
  facet normal 0 0 -1
    outer loop
      vertex -16.002765448493903 -48.47679937149333 0
      vertex -15.87299936071235 -47.252802646358425 0
      vertex -15.888465202173798 -48.513009521157855 0
    endloop
  endfacet
  facet normal 0 0 -1
    outer loop
      vertex -28.283804209559857 -42.49730482734883 0
      vertex -28.139342014695696 -41.144028136019955 0
      vertex -28.156962768324078 -42.579824236541796 0
    endloop
  endfacet
  facet normal 0 0 -1
    outer loop
      vertex -28.283804209559857 -42.49730482734883 0
      vertex -28.283804209559857 -41.04491593699645 0
      vertex -28.139342014695696 -41.144028136019955 0
    endloop
  endfacet
  facet normal 0 0 -1
    outer loop
      vertex -26.976679779276395 -43.33616385094073 0
      vertex -26.834506117358334 -42.00868742661739 0
      vertex -26.851742307679842 -43.413148062830516 0
    endloop
  endfacet
  facet normal 0 0 -1
    outer loop
      vertex -26.976679779276395 -43.33616385094073 0
      vertex -26.976679779276395 -41.91619331373143 0
      vertex -26.834506117358334 -42.00868742661739 0
    endloop
  endfacet
  facet normal 0 0 -1
    outer loop
      vertex -29.57389153378704 -41.608407951034934 0
      vertex -29.42697598053323 -40.234064150664736 0
      vertex -29.44498602288833 -41.701580758015496 0
    endloop
  endfacet
  facet normal 0 0 -1
    outer loop
      vertex -29.57389153378704 -41.608407951034934 0
      vertex -29.57389153378704 -40.127873698524056 0
      vertex -29.42697598053323 -40.234064150664736 0
    endloop
  endfacet
  facet normal 0 0 -1
    outer loop
      vertex -25.653305605816925 -44.13186330653371 0
      vertex -25.513219405001657 -42.82468003675372 0
      vertex -25.530142698033522 -44.20364478795503 0
    endloop
  endfacet
  facet normal 0 0 -1
    outer loop
      vertex -25.653305605816925 -44.13186330653371 0
      vertex -25.628021798032105 -42.75777120851356 0
      vertex -25.513219405001657 -42.82468003675372 0
    endloop
  endfacet
  facet normal 0 0 -1
    outer loop
      vertex -25.653305605816925 -44.13186330653371 0
      vertex -25.653305605816925 -42.7421917831337 0
      vertex -25.628021798032105 -42.75777120851356 0
    endloop
  endfacet
  facet normal 0 0 -1
    outer loop
      vertex -24.31447884029939 -44.88466067506693 0
      vertex -24.176272419964047 -43.591078395940144 0
      vertex -24.192968623705802 -44.95153917596709 0
    endloop
  endfacet
  facet normal 0 0 -1
    outer loop
      vertex -24.31447884029939 -44.88466067506693 0
      vertex -24.31447884029939 -43.51501040375048 0
      vertex -24.176272419964047 -43.591078395940144 0
    endloop
  endfacet
  facet normal 0 0 -1
    outer loop
      vertex -13.146074409412188 -49.32454359699839 0
      vertex -13.018137033381382 -48.117375859798436 0
      vertex -13.03331668565058 -49.354263111901325 0
    endloop
  endfacet
  facet normal 0 0 -1
    outer loop
      vertex -11.593316956198318 -49.71265290796896 0
      vertex -11.705419320967694 -49.686030339660725 0
      vertex -11.578225529562644 -48.482954566354856 0
    endloop
  endfacet
  facet normal 0 0 -1
    outer loop
      vertex -11.705419320967694 -49.686030339660725 0
      vertex -11.705419320967694 -48.4527480189102 0
      vertex -11.578225529562644 -48.482954566354856 0
    endloop
  endfacet
  facet normal 0 0 -1
    outer loop
      vertex -14.578810794195832 -48.921467222300286 0
      vertex -14.578810794195832 -47.66922359576227 0
      vertex -14.470691161134948 -47.70347573625061 0
    endloop
  endfacet
  facet normal 0 0 -1
    outer loop
      vertex -14.578810794195832 -48.921467222300286 0
      vertex -14.470691161134948 -47.70347573625061 0
      vertex -14.465321239962545 -48.95437858314786 0
    endloop
  endfacet
  facet normal 0 0 -1
    outer loop
      vertex -14.465321239962545 -48.95437858314786 0
      vertex -14.470691161134948 -47.70347573625061 0
      vertex -14.450043067328538 -47.70946357249394 0
    endloop
  endfacet
  facet normal 0 0 -1
    outer loop
      vertex -13.146074409412188 -49.32454359699839 0
      vertex -13.146074409412188 -48.083655449109514 0
      vertex -13.018137033381382 -48.117375859798436 0
    endloop
  endfacet
  facet normal 0 0 -1
    outer loop
      vertex -10.257713325618074 -50.0059268797902 0
      vertex -10.131178745948851 -48.80621099371489 0
      vertex -10.14619195771697 -50.02953613448824 0
    endloop
  endfacet
  facet normal 0 0 -1
    outer loop
      vertex -10.257713325618074 -50.0059268797902 0
      vertex -10.257713325618074 -48.779423417703725 0
      vertex -10.131178745948851 -48.80621099371489 0
    endloop
  endfacet
  facet normal 0 0 -1
    outer loop
      vertex -7.344640511952972 -50.51728324796439 0
      vertex -7.219150030374288 -49.32340102181157 0
      vertex -7.233986343467334 -50.532311885351795 0
    endloop
  endfacet
  facet normal 0 0 -1
    outer loop
      vertex -7.344640511952972 -50.51728324796439 0
      vertex -7.344640511952972 -49.30560164931774 0
      vertex -7.314514151599783 -49.31044902174433 0
    endloop
  endfacet
  facet normal 0 0 -1
    outer loop
      vertex -7.344640511952972 -50.51728324796439 0
      vertex -7.314514151599783 -49.31044902174433 0
      vertex -7.219150030374288 -49.32340102181157 0
    endloop
  endfacet
  facet normal 0 0 -1
    outer loop
      vertex -5.881028419773636 -50.706894725955436 0
      vertex -5.755879056629516 -49.513507981563265 0
      vertex -5.770675040449511 -50.719132685260035 0
    endloop
  endfacet
  facet normal 0 0 -1
    outer loop
      vertex -5.881028419773636 -50.706894725955436 0
      vertex -5.881028419773636 -49.49962917855302 0
      vertex -5.755879056629516 -49.513507981563265 0
    endloop
  endfacet
  facet normal 0 0 -1
    outer loop
      vertex -4.303753442417286 -50.864462550072474 0
      vertex -4.413873815980046 -50.85497955048929 0
      vertex -4.288988699593229 -49.66138346395195 0
    endloop
  endfacet
  facet normal 0 0 -1
    outer loop
      vertex -4.413873815980046 -50.85497955048929 0
      vertex -4.413873815980046 -49.6506290007375 0
      vertex -4.288988699593229 -49.66138346395195 0
    endloop
  endfacet
  facet normal 0 0 -1
    outer loop
      vertex -2.944060459645081 -50.961527915758026 0
      vertex -2.819363521968789 -49.767016846612336 0
      vertex -2.8341060170635233 -50.96828311566038 0
    endloop
  endfacet
  facet normal 0 0 -1
    outer loop
      vertex -2.944060459645081 -50.961527915758026 0
      vertex -2.944060459645081 -49.75935592158341 0
      vertex -2.819363521968789 -49.767016846612336 0
    endloop
  endfacet
  facet normal 0 0 -1
    outer loop
      vertex -1.4724737113747373 -51.02653472705264 0
      vertex -1.3478894541719408 -49.830400166162654 0
      vertex -1.362618627437296 -51.030580929387426 0
    endloop
  endfacet
  facet normal 0 0 -1
    outer loop
      vertex -1.4724737113747373 -51.02653472705264 0
      vertex -1.4724737113747373 -49.82581145625225 0
      vertex -1.3478894541719408 -49.830400166162654 0
    endloop
  endfacet
  facet normal -0.46053871095823945 -0.8876396204028542 0
    outer loop
      vertex -24.064803414967177 -45.022080544983524 1.5
      vertex -22.952658378867664 -45.599100576031056 1.5
      vertex -22.952658378867664 -45.599100576031056 60
    endloop
  endfacet
  facet normal -0.4386162385385256 -0.8986744656939549 0
    outer loop
      vertex -22.952658378867664 -45.599100576031056 1.5
      vertex -21.8266875196159 -46.14865341395178 1.5
      vertex -21.8266875196159 -46.14865341395178 60
    endloop
  endfacet
  facet normal -0.41642956009763765 -0.9091679830905222 0
    outer loop
      vertex -21.8266875196159 -46.14865341395178 1.5
      vertex -20.68756907995473 -46.670408028665236 1.5
      vertex -20.68756907995473 -46.670408028665236 60
    endloop
  endfacet
  facet normal -0.39399204006104827 -0.9191138516900575 0
    outer loop
      vertex -20.68756907995473 -46.670408028665236 1.5
      vertex -19.53598922223783 -47.164050134701185 1.5
      vertex -19.53598922223783 -47.164050134701185 60
    endloop
  endfacet
  facet normal -0.37131719395183843 -0.9285060804732153 0
    outer loop
      vertex -19.53598922223783 -47.164050134701185 1.5
      vertex -18.372641615111146 -47.629282380513416 1.5
      vertex -18.372641615111146 -47.629282380513416 60
    endloop
  endfacet
  facet normal -0.34841868024943423 -0.9373390119125751 0
    outer loop
      vertex -18.372641615111146 -47.629282380513416 1.5
      vertex -17.19822701567283 -48.06582452759321 1.5
      vertex -17.19822701567283 -48.06582452759321 60
    endloop
  endfacet
  facet normal -0.3253102921622624 -0.9456073253805215 0
    outer loop
      vertex -17.19822701567283 -48.06582452759321 1.5
      vertex -16.01345284736341 -48.47341361927452 1.5
      vertex -16.01345284736341 -48.47341361927452 60
    endloop
  endfacet
  facet normal -0.30200594931922703 -0.9533060403541941 0
    outer loop
      vertex -16.01345284736341 -48.47341361927452 1.5
      vertex -14.819032773840302 -48.85180413912926 1.5
      vertex -14.819032773840302 -48.85180413912926 60
    endloop
  endfacet
  facet normal -0.5857978574564386 -0.8104571982525949 0
    outer loop
      vertex -30.41044949433872 -41.00374448208692 1.5
      vertex -29.395008171881003 -41.737704711388346 1.5
      vertex -29.395008171881003 -41.737704711388346 60
    endloop
  endfacet
  facet normal -0.5657318107836098 -0.8245893027850276 0
    outer loop
      vertex -29.395008171881003 -41.737704711388346 1.5
      vertex -28.36186039565069 -42.44652370804493 1.5
      vertex -28.36186039565069 -42.44652370804493 60
    endloop
  endfacet
  facet normal -0.5245896826784688 -0.8513551931052653 0
    outer loop
      vertex -27.31162849523631 -43.129774505997545 1.5
      vertex -26.24494509106397 -43.78704554051389 1.5
      vertex -26.24494509106397 -43.78704554051389 60
    endloop
  endfacet
  facet normal -0.5453249884220492 -0.8382247055548363 0
    outer loop
      vertex -28.36186039565069 -42.44652370804493 1.5
      vertex -27.31162849523631 -43.129774505997545 1.5
      vertex -27.31162849523631 -43.129774505997545 60
    endloop
  endfacet
  facet normal -0.503538383725717 -0.8639728561215869 0
    outer loop
      vertex -26.24494509106397 -43.78704554051389 1.5
      vertex -25.162452713330474 -44.417940896099715 1.5
      vertex -25.162452713330474 -44.417940896099715 60
    endloop
  endfacet
  facet normal -0.4821837720791236 -0.8760700941954063 0
    outer loop
      vertex -24.064803414967177 -45.022080544983524 1.5
      vertex -24.064803414967177 -45.022080544983524 60
      vertex -25.162452713330474 -44.417940896099715 1.5
    endloop
  endfacet
  facet normal -0.2785196893850549 -0.9604305194155653 0
    outer loop
      vertex -14.819032773840302 -48.85180413912926 1.5
      vertex -13.615686269093564 -49.2007681588572 1.5
      vertex -13.615686269093564 -49.2007681588572 60
    endloop
  endfacet
  facet normal -0.25486565960451696 -0.9669764710448514 0
    outer loop
      vertex -13.615686269093564 -49.2007681588572 1.5
      vertex -12.40413818406162 -49.52009547558147 1.5
      vertex -12.40413818406162 -49.52009547558147 60
    endloop
  endfacet
  facet normal -0.23105810828066983 -0.9729399522055604 0
    outer loop
      vertex -12.40413818406162 -49.52009547558147 1.5
      vertex -11.185118310008203 -49.80959373846688 1.5
      vertex -11.185118310008203 -49.80959373846688 60
    endloop
  endfacet
  facet normal -0.20711137619221592 -0.9783173707196282 0
    outer loop
      vertex -11.185118310008203 -49.80959373846688 1.5
      vertex -9.959360938923346 -50.06908856458491 1.5
      vertex -9.959360938923346 -50.06908856458491 60
    endloop
  endfacet
  facet normal -0.18303988795514076 -0.9831054874312163 0
    outer loop
      vertex -9.959360938923346 -50.06908856458491 1.5
      vertex -8.727604421213377 -50.298423643955445 1.5
      vertex -8.727604421213377 -50.298423643955445 60
    endloop
  endfacet
  facet normal -0.15885814333386766 -0.9873014181578574 0
    outer loop
      vertex -8.727604421213377 -50.298423643955445 1.5
      vertex -7.490590720946217 -50.49746083370207 1.5
      vertex -7.490590720946217 -50.49746083370207 60
    endloop
  endfacet
  facet normal -0.13458070850712023 -0.9909026354277808 0
    outer loop
      vertex -6.249064968919987 -50.66608024126414 1.5
      vertex -6.249064968919987 -50.66608024126414 60
      vertex -7.490590720946217 -50.49746083370207 1.5
    endloop
  endfacet
  facet normal -0.11022220729388485 -0.9939069700023557 0
    outer loop
      vertex -6.249064968919987 -50.66608024126414 1.5
      vertex -5.003775013824068 -50.80418029661565 1.5
      vertex -5.003775013824068 -50.80418029661565 60
    endloop
  endfacet
  facet normal -0.08579731234444148 -0.9963126121827779 0
    outer loop
      vertex -5.003775013824068 -50.80418029661565 1.5
      vertex -3.755470971763022 -50.911677813447135 1.5
      vertex -3.755470971763022 -50.911677813447135 60
    endloop
  endfacet
  facet normal -0.06132073630221034 -0.9981181129001491 0
    outer loop
      vertex -3.755470971763022 -50.911677813447135 1.5
      vertex -2.5049047744146895 -50.98850803927405 1.5
      vertex -2.5049047744146895 -50.98850803927405 60
    endloop
  endfacet
  facet normal -0.03680722294135918 -0.9993223845883494 0
    outer loop
      vertex -2.5049047744146895 -50.98850803927405 1.5
      vertex -1.2528297160946722 -51.03462469444123 1.5
      vertex -1.2528297160946722 -51.03462469444123 60
    endloop
  endfacet
  facet normal -0.01227153828571627 -0.9999247018391446 0
    outer loop
      vertex -1.2528297160946722 -51.03462469444123 1.5
      vertex 0 -51.05 1.5
      vertex 0 -51.05 60
    endloop
  endfacet
  facet normal -0.7326542716724117 -0.6806009977954541 0
    outer loop
      vertex -37.82555494937066 -34.28308464494029 1.5
      vertex -36.97281358467239 -35.20104480882726 60
      vertex -37.82555494937066 -34.28308464494029 60
    endloop
  endfacet
  facet normal -0.7958369046088841 -0.6055110414043248 0
    outer loop
      vertex -41.00374448208692 -30.41044949433872 1.5
      vertex -40.24508513033825 -31.407572699140996 60
      vertex -41.00374448208692 -30.41044949433872 60
    endloop
  endfacet
  facet normal -0.7807372285720937 -0.6248594881423875 0
    outer loop
      vertex -40.24508513033825 -31.407572699140996 1.5
      vertex -39.46218364416772 -32.3857771565541 60
      vertex -40.24508513033825 -31.407572699140996 60
    endloop
  endfacet
  facet normal -0.7651672656224588 -0.6438315428897916 0
    outer loop
      vertex -39.46218364416772 -32.3857771565541 1.5
      vertex -38.65551161415603 -33.344473632790304 60
      vertex -39.46218364416772 -32.3857771565541 60
    endloop
  endfacet
  facet normal -0.7491363945234603 -0.6624157775901708 0
    outer loop
      vertex -38.65551161415603 -33.344473632790304 1.5
      vertex -37.82555494937066 -34.28308464494029 60
      vertex -38.65551161415603 -33.344473632790304 60
    endloop
  endfacet
  facet normal -0.6624157775901708 -0.7491363945234603 0
    outer loop
      vertex -34.28308464494029 -37.82555494937066 1.5
      vertex -33.344473632790304 -38.65551161415603 60
      vertex -34.28308464494029 -37.82555494937066 60
    endloop
  endfacet
  facet normal -0.6248594881423875 -0.7807372285720937 0
    outer loop
      vertex -32.3857771565541 -39.46218364416772 1.5
      vertex -31.407572699140996 -40.24508513033825 60
      vertex -32.3857771565541 -39.46218364416772 60
    endloop
  endfacet
  facet normal -0.6438315428897916 -0.7651672656224588 0
    outer loop
      vertex -33.344473632790304 -38.65551161415603 1.5
      vertex -32.3857771565541 -39.46218364416772 60
      vertex -33.344473632790304 -38.65551161415603 60
    endloop
  endfacet
  facet normal -0.6055110414043248 -0.7958369046088841 0
    outer loop
      vertex -31.407572699140996 -40.24508513033825 1.5
      vertex -30.41044949433872 -41.00374448208692 60
      vertex -31.407572699140996 -40.24508513033825 60
    endloop
  endfacet
  facet normal -0.5857978574564386 -0.8104571982525949 0
    outer loop
      vertex -30.41044949433872 -41.00374448208692 1.5
      vertex -29.395008171881003 -41.737704711388346 60
      vertex -30.41044949433872 -41.00374448208692 60
    endloop
  endfacet
  facet normal -0.6983762494089704 -0.715730825283821 0
    outer loop
      vertex -36.09780117957325 -36.09780117957325 1.5
      vertex -35.20104480882726 -36.97281358467239 60
      vertex -36.09780117957325 -36.09780117957325 60
    endloop
  endfacet
  facet normal -0.715730825283821 -0.6983762494089704 0
    outer loop
      vertex -36.97281358467239 -35.20104480882726 1.5
      vertex -36.09780117957325 -36.09780117957325 60
      vertex -36.97281358467239 -35.20104480882726 60
    endloop
  endfacet
  facet normal -0.6806009977954541 -0.7326542716724117 0
    outer loop
      vertex -35.20104480882726 -36.97281358467239 1.5
      vertex -34.28308464494029 -37.82555494937066 60
      vertex -35.20104480882726 -36.97281358467239 60
    endloop
  endfacet
  facet normal 0 0 1
    outer loop
      vertex -37.82555494937066 -34.28308464494029 60
      vertex -36.97281358467239 -35.20104480882726 60
      vertex -37.746860998348254 -32.560666221245775 60
    endloop
  endfacet
  facet normal 0 0 1
    outer loop
      vertex -41.00374448208692 -30.41044949433872 60
      vertex -40.24508513033825 -31.407572699140996 60
      vertex -40.75660293560645 -28.70403834217959 60
    endloop
  endfacet
  facet normal 0 0 1
    outer loop
      vertex -39.46218364416772 -32.3857771565541 60
      vertex -40.039895444310154 -29.695610328947804 60
      vertex -40.24508513033825 -31.407572699140996 60
    endloop
  endfacet
  facet normal 0 0 1
    outer loop
      vertex -39.46218364416772 -32.3857771565541 60
      vertex -39.299069417186324 -30.669294790444248 60
      vertex -40.039895444310154 -29.695610328947804 60
    endloop
  endfacet
  facet normal 0 0 1
    outer loop
      vertex -39.46218364416772 -32.3857771565541 60
      vertex -38.65551161415603 -33.344473632790304 60
      vertex -39.299069417186324 -30.669294790444248 60
    endloop
  endfacet
  facet normal 0 0 1
    outer loop
      vertex -38.65551161415603 -33.344473632790304 60
      vertex -38.53457110013244 -31.62450521555773 60
      vertex -39.299069417186324 -30.669294790444248 60
    endloop
  endfacet
  facet normal 0 0 1
    outer loop
      vertex -37.82555494937066 -34.28308464494029 60
      vertex -38.53457110013244 -31.62450521555773 60
      vertex -38.65551161415603 -33.344473632790304 60
    endloop
  endfacet
  facet normal 0 0 1
    outer loop
      vertex -37.82555494937066 -34.28308464494029 60
      vertex -37.746860998348254 -32.560666221245775 60
      vertex -38.53457110013244 -31.62450521555773 60
    endloop
  endfacet
  facet normal 0 0 1
    outer loop
      vertex -34.28308464494029 -37.82555494937066 60
      vertex -33.344473632790304 -38.65551161415603 60
      vertex -33.47721389912387 -36.93641359894471 60
    endloop
  endfacet
  facet normal 0 0 1
    outer loop
      vertex -33.344473632790304 -38.65551161415603 60
      vertex -32.560666221245775 -37.746860998348254 60
      vertex -33.47721389912387 -36.93641359894471 60
    endloop
  endfacet
  facet normal 0 0 1
    outer loop
      vertex -32.3857771565541 -39.46218364416772 60
      vertex -32.560666221245775 -37.746860998348254 60
      vertex -33.344473632790304 -38.65551161415603 60
    endloop
  endfacet
  facet normal 0 0 1
    outer loop
      vertex -32.3857771565541 -39.46218364416772 60
      vertex -31.62450521555773 -38.53457110013244 60
      vertex -32.560666221245775 -37.746860998348254 60
    endloop
  endfacet
  facet normal 0 0 1
    outer loop
      vertex -32.3857771565541 -39.46218364416772 60
      vertex -31.407572699140996 -40.24508513033825 60
      vertex -31.62450521555773 -38.53457110013244 60
    endloop
  endfacet
  facet normal 0 0 1
    outer loop
      vertex -31.407572699140996 -40.24508513033825 60
      vertex -30.41044949433872 -41.00374448208692 60
      vertex -30.669294790444248 -39.299069417186324 60
    endloop
  endfacet
  facet normal 0 0 1
    outer loop
      vertex -30.41044949433872 -41.00374448208692 60
      vertex -29.695610328947804 -40.039895444310154 60
      vertex -30.669294790444248 -39.299069417186324 60
    endloop
  endfacet
  facet normal 0 0 1
    outer loop
      vertex -31.407572699140996 -40.24508513033825 60
      vertex -30.669294790444248 -39.299069417186324 60
      vertex -31.62450521555773 -38.53457110013244 60
    endloop
  endfacet
  facet normal 0 0 1
    outer loop
      vertex -36.09780117957325 -36.09780117957325 60
      vertex -36.93641359894471 -33.47721389912387 60
      vertex -36.97281358467239 -35.20104480882726 60
    endloop
  endfacet
  facet normal 0 0 1
    outer loop
      vertex -36.09780117957325 -36.09780117957325 60
      vertex -35.2492730421494 -35.2492730421494 60
      vertex -36.10371708513063 -34.373596155142785 60
    endloop
  endfacet
  facet normal 0 0 1
    outer loop
      vertex -36.09780117957325 -36.09780117957325 60
      vertex -36.10371708513063 -34.373596155142785 60
      vertex -36.93641359894471 -33.47721389912387 60
    endloop
  endfacet
  facet normal 0 0 1
    outer loop
      vertex -36.09780117957325 -36.09780117957325 60
      vertex -35.20104480882726 -36.97281358467239 60
      vertex -35.2492730421494 -35.2492730421494 60
    endloop
  endfacet
  facet normal 0 0 1
    outer loop
      vertex -35.20104480882726 -36.97281358467239 60
      vertex -34.373596155142785 -36.10371708513063 60
      vertex -35.2492730421494 -35.2492730421494 60
    endloop
  endfacet
  facet normal 0 0 1
    outer loop
      vertex -34.28308464494029 -37.82555494937066 60
      vertex -34.373596155142785 -36.10371708513063 60
      vertex -35.20104480882726 -36.97281358467239 60
    endloop
  endfacet
  facet normal 0 0 1
    outer loop
      vertex -34.28308464494029 -37.82555494937066 60
      vertex -33.47721389912387 -36.93641359894471 60
      vertex -34.373596155142785 -36.10371708513063 60
    endloop
  endfacet
  facet normal 0 0 1
    outer loop
      vertex -36.97281358467239 -35.20104480882726 60
      vertex -36.93641359894471 -33.47721389912387 60
      vertex -37.746860998348254 -32.560666221245775 60
    endloop
  endfacet
  facet normal -0.8876396204028542 -0.46053871095823945 0
    outer loop
      vertex -45.599100576031056 -22.952658378867664 1.5
      vertex -45.022080544983524 -24.064803414967177 60
      vertex -45.599100576031056 -22.952658378867664 60
    endloop
  endfacet
  facet normal -0.9191138516900575 -0.39399204006104827 0
    outer loop
      vertex -47.164050134701185 -19.53598922223783 1.5
      vertex -46.670408028665236 -20.68756907995473 60
      vertex -47.164050134701185 -19.53598922223783 60
    endloop
  endfacet
  facet normal -0.9285060804732153 -0.37131719395183843 0
    outer loop
      vertex -47.629282380513416 -18.372641615111146 1.5
      vertex -47.164050134701185 -19.53598922223783 60
      vertex -47.629282380513416 -18.372641615111146 60
    endloop
  endfacet
  facet normal -0.8986744656939549 -0.4386162385385256 0
    outer loop
      vertex -46.14865341395178 -21.8266875196159 1.5
      vertex -45.599100576031056 -22.952658378867664 60
      vertex -46.14865341395178 -21.8266875196159 60
    endloop
  endfacet
  facet normal -0.9091679830905222 -0.41642956009763765 0
    outer loop
      vertex -46.670408028665236 -20.68756907995473 1.5
      vertex -46.14865341395178 -21.8266875196159 60
      vertex -46.670408028665236 -20.68756907995473 60
    endloop
  endfacet
  facet normal -0.9373390119125751 -0.34841868024943423 0
    outer loop
      vertex -48.06582452759321 -17.19822701567283 1.5
      vertex -47.629282380513416 -18.372641615111146 60
      vertex -48.06582452759321 -17.19822701567283 60
    endloop
  endfacet
  facet normal -0.9456073253805215 -0.3253102921622624 0
    outer loop
      vertex -48.47341361927452 -16.01345284736341 1.5
      vertex -48.06582452759321 -17.19822701567283 60
      vertex -48.47341361927452 -16.01345284736341 60
    endloop
  endfacet
  facet normal -0.9533060403541941 -0.30200594931922703 0
    outer loop
      vertex -48.85180413912926 -14.819032773840302 1.5
      vertex -48.47341361927452 -16.01345284736341 60
      vertex -48.85180413912926 -14.819032773840302 60
    endloop
  endfacet
  facet normal -0.9604305194155653 -0.2785196893850549 0
    outer loop
      vertex -49.2007681588572 -13.615686269093564 1.5
      vertex -48.85180413912926 -14.819032773840302 60
      vertex -49.2007681588572 -13.615686269093564 60
    endloop
  endfacet
  facet normal -0.9729399522055604 -0.23105810828066983 0
    outer loop
      vertex -49.80959373846688 -11.185118310008203 1.5
      vertex -49.52009547558147 -12.40413818406162 60
      vertex -49.80959373846688 -11.185118310008203 60
    endloop
  endfacet
  facet normal -0.9669764710448514 -0.25486565960451696 0
    outer loop
      vertex -49.52009547558147 -12.40413818406162 1.5
      vertex -49.2007681588572 -13.615686269093564 60
      vertex -49.52009547558147 -12.40413818406162 60
    endloop
  endfacet
  facet normal -0.9783173707196282 -0.20711137619221592 0
    outer loop
      vertex -50.06908856458491 -9.959360938923346 1.5
      vertex -49.80959373846688 -11.185118310008203 60
      vertex -50.06908856458491 -9.959360938923346 60
    endloop
  endfacet
  facet normal -0.9831054874312163 -0.18303988795514076 0
    outer loop
      vertex -50.298423643955445 -8.727604421213377 1.5
      vertex -50.06908856458491 -9.959360938923346 60
      vertex -50.298423643955445 -8.727604421213377 60
    endloop
  endfacet
  facet normal -0.9873014181578574 -0.15885814333386766 0
    outer loop
      vertex -50.49746083370207 -7.490590720946217 1.5
      vertex -50.298423643955445 -8.727604421213377 60
      vertex -50.49746083370207 -7.490590720946217 60
    endloop
  endfacet
  facet normal -0.9939069700023557 -0.11022220729388485 0
    outer loop
      vertex -50.80418029661565 -5.003775013824068 1.5
      vertex -50.66608024126414 -6.249064968919987 60
      vertex -50.80418029661565 -5.003775013824068 60
    endloop
  endfacet
  facet normal -0.9963126121827779 -0.08579731234444148 0
    outer loop
      vertex -50.911677813447135 -3.755470971763022 1.5
      vertex -50.80418029661565 -5.003775013824068 60
      vertex -50.911677813447135 -3.755470971763022 60
    endloop
  endfacet
  facet normal -0.9909026354277808 -0.13458070850712023 0
    outer loop
      vertex -50.66608024126414 -6.249064968919987 1.5
      vertex -50.49746083370207 -7.490590720946217 60
      vertex -50.66608024126414 -6.249064968919987 60
    endloop
  endfacet
  facet normal -0.9981181129001491 -0.06132073630221034 0
    outer loop
      vertex -50.98850803927405 -2.5049047744146895 1.5
      vertex -50.911677813447135 -3.755470971763022 60
      vertex -50.98850803927405 -2.5049047744146895 60
    endloop
  endfacet
  facet normal -0.9993223845883494 -0.03680722294135918 0
    outer loop
      vertex -51.03462469444123 -1.2528297160946722 1.5
      vertex -50.98850803927405 -2.5049047744146895 60
      vertex -51.03462469444123 -1.2528297160946722 60
    endloop
  endfacet
  facet normal -0.9999247018391446 -0.01227153828571627 0
    outer loop
      vertex -51.03462469444123 -1.2528297160946722 60
      vertex -51.05 0 60
      vertex -51.05 0 1.5
    endloop
  endfacet
  facet normal -0.8513551931052653 -0.5245896826784688 0
    outer loop
      vertex -43.78704554051389 -26.24494509106397 1.5
      vertex -43.129774505997545 -27.31162849523631 60
      vertex -43.78704554051389 -26.24494509106397 60
    endloop
  endfacet
  facet normal -0.8245893027850276 -0.5657318107836098 0
    outer loop
      vertex -42.44652370804493 -28.36186039565069 1.5
      vertex -41.737704711388346 -29.395008171881003 60
      vertex -42.44652370804493 -28.36186039565069 60
    endloop
  endfacet
  facet normal -0.8104571982525949 -0.5857978574564386 0
    outer loop
      vertex -41.737704711388346 -29.395008171881003 1.5
      vertex -41.00374448208692 -30.41044949433872 60
      vertex -41.737704711388346 -29.395008171881003 60
    endloop
  endfacet
  facet normal -0.8382247055548363 -0.5453249884220492 0
    outer loop
      vertex -43.129774505997545 -27.31162849523631 1.5
      vertex -42.44652370804493 -28.36186039565069 60
      vertex -43.129774505997545 -27.31162849523631 60
    endloop
  endfacet
  facet normal -0.8639728561215869 -0.503538383725717 0
    outer loop
      vertex -44.417940896099715 -25.162452713330474 1.5
      vertex -43.78704554051389 -26.24494509106397 60
      vertex -44.417940896099715 -25.162452713330474 60
    endloop
  endfacet
  facet normal -0.8760700941954063 -0.4821837720791236 0
    outer loop
      vertex -45.022080544983524 -24.064803414967177 1.5
      vertex -44.417940896099715 -25.162452713330474 60
      vertex -45.022080544983524 -24.064803414967177 60
    endloop
  endfacet
  facet normal 0 0 1
    outer loop
      vertex -45.022080544983524 -24.064803414967177 60
      vertex -45.06386626220365 -21.313621407499564 60
      vertex -45.599100576031056 -22.952658378867664 60
    endloop
  endfacet
  facet normal 0 0 1
    outer loop
      vertex -47.164050134701185 -19.53598922223783 60
      vertex -46.670408028665236 -20.68756907995473 60
      vertex -46.93597164937359 -16.79395919160217 60
    endloop
  endfacet
  facet normal 0 0 1
    outer loop
      vertex -45.599100576031056 -22.952658378867664 60
      vertex -46.055394695687646 -19.076769103399727 60
      vertex -46.14865341395178 -21.8266875196159 60
    endloop
  endfacet
  facet normal 0 0 1
    outer loop
      vertex -45.599100576031056 -22.952658378867664 60
      vertex -45.57335632182101 -20.201279503148744 60
      vertex -46.055394695687646 -19.076769103399727 60
    endloop
  endfacet
  facet normal 0 0 1
    outer loop
      vertex -45.599100576031056 -22.952658378867664 60
      vertex -45.06386626220365 -21.313621407499564 60
      vertex -45.57335632182101 -20.201279503148744 60
    endloop
  endfacet
  facet normal 0 0 1
    outer loop
      vertex -46.14865341395178 -21.8266875196159 60
      vertex -46.509691021911735 -17.94076757126916 60
      vertex -46.670408028665236 -20.68756907995473 60
    endloop
  endfacet
  facet normal 0 0 1
    outer loop
      vertex -46.14865341395178 -21.8266875196159 60
      vertex -46.055394695687646 -19.076769103399727 60
      vertex -46.509691021911735 -17.94076757126916 60
    endloop
  endfacet
  facet normal 0 0 1
    outer loop
      vertex -47.164050134701185 -19.53598922223783 60
      vertex -47.33397980256288 -15.637034758884743 60
      vertex -47.629282380513416 -18.372641615111146 60
    endloop
  endfacet
  facet normal 0 0 1
    outer loop
      vertex -47.164050134701185 -19.53598922223783 60
      vertex -46.93597164937359 -16.79395919160217 60
      vertex -47.33397980256288 -15.637034758884743 60
    endloop
  endfacet
  facet normal 0 0 1
    outer loop
      vertex -48.06582452759321 -17.19822701567283 60
      vertex -48.356057971748015 -12.112561968177705 60
      vertex -48.47341361927452 -16.01345284736341 60
    endloop
  endfacet
  facet normal 0 0 1
    outer loop
      vertex -48.06582452759321 -17.19822701567283 60
      vertex -47.629282380513416 -18.372641615111146 60
      vertex -47.70347573625061 -14.470691161134948 60
    endloop
  endfacet
  facet normal 0 0 1
    outer loop
      vertex -47.629282380513416 -18.372641615111146 60
      vertex -47.33397980256288 -15.637034758884743 60
      vertex -47.70347573625061 -14.470691161134948 60
    endloop
  endfacet
  facet normal 0 0 1
    outer loop
      vertex -46.670408028665236 -20.68756907995473 60
      vertex -46.509691021911735 -17.94076757126916 60
      vertex -46.93597164937359 -16.79395919160217 60
    endloop
  endfacet
  facet normal 0 0 1
    outer loop
      vertex -48.85180413912926 -14.819032773840302 60
      vertex -49.11609047308872 -8.522450154701016 60
      vertex -49.2007681588572 -13.615686269093564 60
    endloop
  endfacet
  facet normal 0 0 1
    outer loop
      vertex -48.85180413912926 -14.819032773840302 60
      vertex -48.63875118242065 -10.92219682181996 60
      vertex -48.89214622810104 -9.725252552503994 60
    endloop
  endfacet
  facet normal 0 0 1
    outer loop
      vertex -49.2007681588572 -13.615686269093564 60
      vertex -49.31044902174433 -7.314514151599783 60
      vertex -49.52009547558147 -12.40413818406162 60
    endloop
  endfacet
  facet normal 0 0 1
    outer loop
      vertex -48.85180413912926 -14.819032773840302 60
      vertex -48.89214622810104 -9.725252552503994 60
      vertex -49.11609047308872 -8.522450154701016 60
    endloop
  endfacet
  facet normal 0 0 1
    outer loop
      vertex -49.2007681588572 -13.615686269093564 60
      vertex -49.11609047308872 -8.522450154701016 60
      vertex -49.31044902174433 -7.314514151599783 60
    endloop
  endfacet
  facet normal 0 0 1
    outer loop
      vertex -49.52009547558147 -12.40413818406162 60
      vertex -49.71492926543271 -3.667193495443421 60
      vertex -49.80959373846688 -11.185118310008203 60
    endloop
  endfacet
  facet normal 0 0 1
    outer loop
      vertex -49.52009547558147 -12.40413818406162 60
      vertex -49.31044902174433 -7.314514151599783 60
      vertex -49.475104799745694 -6.102172158680927 60
    endloop
  endfacet
  facet normal 0 0 1
    outer loop
      vertex -49.52009547558147 -12.40413818406162 60
      vertex -49.475104799745694 -6.102172158680927 60
      vertex -49.60995862460902 -4.886154445428597 60
    endloop
  endfacet
  facet normal 0 0 1
    outer loop
      vertex -48.06582452759321 -17.19822701567283 60
      vertex -47.70347573625061 -14.470691161134948 60
      vertex -48.04423687990268 -13.295630960123686 60
    endloop
  endfacet
  facet normal 0 0 1
    outer loop
      vertex -48.06582452759321 -17.19822701567283 60
      vertex -48.04423687990268 -13.295630960123686 60
      vertex -48.356057971748015 -12.112561968177705 60
    endloop
  endfacet
  facet normal 0 0 1
    outer loop
      vertex -48.47341361927452 -16.01345284736341 60
      vertex -48.63875118242065 -10.92219682181996 60
      vertex -48.85180413912926 -14.819032773840302 60
    endloop
  endfacet
  facet normal 0 0 1
    outer loop
      vertex -48.47341361927452 -16.01345284736341 60
      vertex -48.356057971748015 -12.112561968177705 60
      vertex -48.63875118242065 -10.92219682181996 60
    endloop
  endfacet
  facet normal 0 0 1
    outer loop
      vertex -49.80959373846688 -11.185118310008203 60
      vertex -49.71492926543271 -3.667193495443421 60
      vertex -49.789953491827845 -2.4460235652217883 60
    endloop
  endfacet
  facet normal 0 0 1
    outer loop
      vertex -49.52009547558147 -12.40413818406162 60
      vertex -49.60995862460902 -4.886154445428597 60
      vertex -49.71492926543271 -3.667193495443421 60
    endloop
  endfacet
  facet normal 0 0 1
    outer loop
      vertex -49.80959373846688 -11.185118310008203 60
      vertex -49.789953491827845 -2.4460235652217883 60
      vertex -49.83498611200579 -1.2233802418671775 60
    endloop
  endfacet
  facet normal 0 0 1
    outer loop
      vertex -49.80959373846688 -11.185118310008203 60
      vertex -49.83498611200579 -1.2233802418671775 60
      vertex -49.85 0 60
    endloop
  endfacet
  facet normal 0 0 1
    outer loop
      vertex -50.66608024126414 -6.249064968919987 60
      vertex -50.80418029661565 5.003775013824068 60
      vertex -50.80418029661565 -5.003775013824068 60
    endloop
  endfacet
  facet normal 0 0 1
    outer loop
      vertex -50.80418029661565 -5.003775013824068 60
      vertex -50.911677813447135 3.755470971763022 60
      vertex -50.911677813447135 -3.755470971763022 60
    endloop
  endfacet
  facet normal 0 0 1
    outer loop
      vertex -50.911677813447135 -3.755470971763022 60
      vertex -50.98850803927405 2.5049047744146895 60
      vertex -50.98850803927405 -2.5049047744146895 60
    endloop
  endfacet
  facet normal 0 0 1
    outer loop
      vertex -50.98850803927405 -2.5049047744146895 60
      vertex -51.03462469444123 1.2528297160946722 60
      vertex -51.03462469444123 -1.2528297160946722 60
    endloop
  endfacet
  facet normal 0 0 1
    outer loop
      vertex -50.06908856458491 -9.959360938923346 60
      vertex -50.298423643955445 8.727604421213377 60
      vertex -50.298423643955445 -8.727604421213377 60
    endloop
  endfacet
  facet normal 0 0 1
    outer loop
      vertex -50.298423643955445 -8.727604421213377 60
      vertex -50.49746083370207 7.490590720946217 60
      vertex -50.49746083370207 -7.490590720946217 60
    endloop
  endfacet
  facet normal 0 0 1
    outer loop
      vertex -49.80959373846688 -11.185118310008203 60
      vertex -50.06908856458491 9.959360938923346 60
      vertex -50.06908856458491 -9.959360938923346 60
    endloop
  endfacet
  facet normal 0 0 1
    outer loop
      vertex -50.66608024126414 -6.249064968919987 60
      vertex -50.49746083370207 -7.490590720946217 60
      vertex -50.66608024126414 6.249064968919987 60
    endloop
  endfacet
  facet normal 0 0 1
    outer loop
      vertex -49.80959373846688 -11.185118310008203 60
      vertex -49.85 0 60
      vertex -50.06908856458491 9.959360938923346 60
    endloop
  endfacet
  facet normal 0 0 1
    outer loop
      vertex -41.00374448208692 -30.41044949433872 60
      vertex -41.44876017328188 -27.69517611602717 60
      vertex -41.737704711388346 -29.395008171881003 60
    endloop
  endfacet
  facet normal 0 0 1
    outer loop
      vertex -42.44652370804493 -28.36186039565069 60
      vertex -41.737704711388346 -29.395008171881003 60
      vertex -42.1159502276979 -26.669631351371795 60
    endloop
  endfacet
  facet normal 0 0 1
    outer loop
      vertex -43.129774505997545 -27.31162849523631 60
      vertex -42.44652370804493 -28.36186039565069 60
      vertex -42.75777120851356 -25.628021798032105 60
    endloop
  endfacet
  facet normal 0 0 1
    outer loop
      vertex -42.44652370804493 -28.36186039565069 60
      vertex -42.1159502276979 -26.669631351371795 60
      vertex -42.75777120851356 -25.628021798032105 60
    endloop
  endfacet
  facet normal 0 0 1
    outer loop
      vertex -41.737704711388346 -29.395008171881003 60
      vertex -41.44876017328188 -27.69517611602717 60
      vertex -42.1159502276979 -26.669631351371795 60
    endloop
  endfacet
  facet normal 0 0 1
    outer loop
      vertex -43.129774505997545 -27.31162849523631 60
      vertex -43.373836506769265 -24.570974882654735 60
      vertex -43.78704554051389 -26.24494509106397 60
    endloop
  endfacet
  facet normal 0 0 1
    outer loop
      vertex -44.417940896099715 -25.162452713330474 60
      vertex -43.78704554051389 -26.24494509106397 60
      vertex -43.9637750277655 -23.499127330775984 60
    endloop
  endfacet
  facet normal 0 0 1
    outer loop
      vertex -43.78704554051389 -26.24494509106397 60
      vertex -43.373836506769265 -24.570974882654735 60
      vertex -43.9637750277655 -23.499127330775984 60
    endloop
  endfacet
  facet normal 0 0 1
    outer loop
      vertex -45.022080544983524 -24.064803414967177 60
      vertex -44.417940896099715 -25.162452713330474 60
      vertex -44.52723141459644 -22.41312478328214 60
    endloop
  endfacet
  facet normal 0 0 1
    outer loop
      vertex -44.417940896099715 -25.162452713330474 60
      vertex -43.9637750277655 -23.499127330775984 60
      vertex -44.52723141459644 -22.41312478328214 60
    endloop
  endfacet
  facet normal 0 0 1
    outer loop
      vertex -45.022080544983524 -24.064803414967177 60
      vertex -44.52723141459644 -22.41312478328214 60
      vertex -45.06386626220365 -21.313621407499564 60
    endloop
  endfacet
  facet normal 0 0 1
    outer loop
      vertex -43.129774505997545 -27.31162849523631 60
      vertex -42.75777120851356 -25.628021798032105 60
      vertex -43.373836506769265 -24.570974882654735 60
    endloop
  endfacet
  facet normal 0 0 1
    outer loop
      vertex -40.24508513033825 -31.407572699140996 60
      vertex -40.039895444310154 -29.695610328947804 60
      vertex -40.75660293560645 -28.70403834217959 60
    endloop
  endfacet
  facet normal 0 0 1
    outer loop
      vertex -41.00374448208692 -30.41044949433872 60
      vertex -40.75660293560645 -28.70403834217959 60
      vertex -41.44876017328188 -27.69517611602717 60
    endloop
  endfacet
  facet normal -0.46053871095823945 -0.8876396204028542 0
    outer loop
      vertex -24.064803414967177 -45.022080544983524 1.5
      vertex -22.952658378867664 -45.599100576031056 60
      vertex -24.064803414967177 -45.022080544983524 60
    endloop
  endfacet
  facet normal -0.4386162385385256 -0.8986744656939549 0
    outer loop
      vertex -22.952658378867664 -45.599100576031056 1.5
      vertex -21.8266875196159 -46.14865341395178 60
      vertex -22.952658378867664 -45.599100576031056 60
    endloop
  endfacet
  facet normal -0.41642956009763765 -0.9091679830905222 0
    outer loop
      vertex -21.8266875196159 -46.14865341395178 1.5
      vertex -20.68756907995473 -46.670408028665236 60
      vertex -21.8266875196159 -46.14865341395178 60
    endloop
  endfacet
  facet normal -0.37131719395183843 -0.9285060804732153 0
    outer loop
      vertex -19.53598922223783 -47.164050134701185 1.5
      vertex -18.372641615111146 -47.629282380513416 60
      vertex -19.53598922223783 -47.164050134701185 60
    endloop
  endfacet
  facet normal -0.39399204006104827 -0.9191138516900575 0
    outer loop
      vertex -20.68756907995473 -46.670408028665236 1.5
      vertex -19.53598922223783 -47.164050134701185 60
      vertex -20.68756907995473 -46.670408028665236 60
    endloop
  endfacet
  facet normal -0.34841868024943423 -0.9373390119125751 0
    outer loop
      vertex -18.372641615111146 -47.629282380513416 1.5
      vertex -17.19822701567283 -48.06582452759321 60
      vertex -18.372641615111146 -47.629282380513416 60
    endloop
  endfacet
  facet normal -0.3253102921622624 -0.9456073253805215 0
    outer loop
      vertex -17.19822701567283 -48.06582452759321 1.5
      vertex -16.01345284736341 -48.47341361927452 60
      vertex -17.19822701567283 -48.06582452759321 60
    endloop
  endfacet
  facet normal -0.30200594931922703 -0.9533060403541941 0
    outer loop
      vertex -16.01345284736341 -48.47341361927452 1.5
      vertex -14.819032773840302 -48.85180413912926 60
      vertex -16.01345284736341 -48.47341361927452 60
    endloop
  endfacet
  facet normal -0.5657318107836098 -0.8245893027850276 0
    outer loop
      vertex -29.395008171881003 -41.737704711388346 1.5
      vertex -28.36186039565069 -42.44652370804493 60
      vertex -29.395008171881003 -41.737704711388346 60
    endloop
  endfacet
  facet normal -0.5245896826784688 -0.8513551931052653 0
    outer loop
      vertex -27.31162849523631 -43.129774505997545 1.5
      vertex -26.24494509106397 -43.78704554051389 60
      vertex -27.31162849523631 -43.129774505997545 60
    endloop
  endfacet
  facet normal -0.5453249884220492 -0.8382247055548363 0
    outer loop
      vertex -28.36186039565069 -42.44652370804493 1.5
      vertex -27.31162849523631 -43.129774505997545 60
      vertex -28.36186039565069 -42.44652370804493 60
    endloop
  endfacet
  facet normal -0.503538383725717 -0.8639728561215869 0
    outer loop
      vertex -26.24494509106397 -43.78704554051389 1.5
      vertex -25.162452713330474 -44.417940896099715 60
      vertex -26.24494509106397 -43.78704554051389 60
    endloop
  endfacet
  facet normal -0.4821837720791236 -0.8760700941954063 0
    outer loop
      vertex -25.162452713330474 -44.417940896099715 1.5
      vertex -24.064803414967177 -45.022080544983524 60
      vertex -25.162452713330474 -44.417940896099715 60
    endloop
  endfacet
  facet normal -0.2785196893850549 -0.9604305194155653 0
    outer loop
      vertex -14.819032773840302 -48.85180413912926 1.5
      vertex -13.615686269093564 -49.2007681588572 60
      vertex -14.819032773840302 -48.85180413912926 60
    endloop
  endfacet
  facet normal -0.25486565960451696 -0.9669764710448514 0
    outer loop
      vertex -13.615686269093564 -49.2007681588572 1.5
      vertex -12.40413818406162 -49.52009547558147 60
      vertex -13.615686269093564 -49.2007681588572 60
    endloop
  endfacet
  facet normal -0.23105810828066983 -0.9729399522055604 0
    outer loop
      vertex -12.40413818406162 -49.52009547558147 1.5
      vertex -11.185118310008203 -49.80959373846688 60
      vertex -12.40413818406162 -49.52009547558147 60
    endloop
  endfacet
  facet normal -0.20711137619221592 -0.9783173707196282 0
    outer loop
      vertex -11.185118310008203 -49.80959373846688 1.5
      vertex -9.959360938923346 -50.06908856458491 60
      vertex -11.185118310008203 -49.80959373846688 60
    endloop
  endfacet
  facet normal -0.18303988795514076 -0.9831054874312163 0
    outer loop
      vertex -9.959360938923346 -50.06908856458491 1.5
      vertex -8.727604421213377 -50.298423643955445 60
      vertex -9.959360938923346 -50.06908856458491 60
    endloop
  endfacet
  facet normal -0.15885814333386766 -0.9873014181578574 0
    outer loop
      vertex -8.727604421213377 -50.298423643955445 1.5
      vertex -7.490590720946217 -50.49746083370207 60
      vertex -8.727604421213377 -50.298423643955445 60
    endloop
  endfacet
  facet normal -0.11022220729388485 -0.9939069700023557 0
    outer loop
      vertex -6.249064968919987 -50.66608024126414 1.5
      vertex -5.003775013824068 -50.80418029661565 60
      vertex -6.249064968919987 -50.66608024126414 60
    endloop
  endfacet
  facet normal -0.13458070850712023 -0.9909026354277808 0
    outer loop
      vertex -7.490590720946217 -50.49746083370207 1.5
      vertex -6.249064968919987 -50.66608024126414 60
      vertex -7.490590720946217 -50.49746083370207 60
    endloop
  endfacet
  facet normal -0.08579731234444148 -0.9963126121827779 0
    outer loop
      vertex -5.003775013824068 -50.80418029661565 1.5
      vertex -3.755470971763022 -50.911677813447135 60
      vertex -5.003775013824068 -50.80418029661565 60
    endloop
  endfacet
  facet normal -0.06132073630221034 -0.9981181129001491 0
    outer loop
      vertex -3.755470971763022 -50.911677813447135 1.5
      vertex -2.5049047744146895 -50.98850803927405 60
      vertex -3.755470971763022 -50.911677813447135 60
    endloop
  endfacet
  facet normal -0.03680722294135918 -0.9993223845883494 0
    outer loop
      vertex -2.5049047744146895 -50.98850803927405 1.5
      vertex -1.2528297160946722 -51.03462469444123 60
      vertex -2.5049047744146895 -50.98850803927405 60
    endloop
  endfacet
  facet normal -0.01227153828571627 -0.9999247018391446 0
    outer loop
      vertex -1.2528297160946722 -51.03462469444123 1.5
      vertex 0 -51.05 60
      vertex -1.2528297160946722 -51.03462469444123 60
    endloop
  endfacet
  facet normal 0 0 1
    outer loop
      vertex -22.952658378867664 -45.599100576031056 60
      vertex -21.8266875196159 -46.14865341395178 60
      vertex -22.41312478328214 -44.52723141459644 60
    endloop
  endfacet
  facet normal 0 0 1
    outer loop
      vertex -21.8266875196159 -46.14865341395178 60
      vertex -21.313621407499564 -45.06386626220365 60
      vertex -22.41312478328214 -44.52723141459644 60
    endloop
  endfacet
  facet normal 0 0 1
    outer loop
      vertex -21.8266875196159 -46.14865341395178 60
      vertex -20.68756907995473 -46.670408028665236 60
      vertex -21.313621407499564 -45.06386626220365 60
    endloop
  endfacet
  facet normal 0 0 1
    outer loop
      vertex -20.68756907995473 -46.670408028665236 60
      vertex -20.201279503148744 -45.57335632182101 60
      vertex -21.313621407499564 -45.06386626220365 60
    endloop
  endfacet
  facet normal 0 0 1
    outer loop
      vertex -19.53598922223783 -47.164050134701185 60
      vertex -18.372641615111146 -47.629282380513416 60
      vertex -19.076769103399727 -46.055394695687646 60
    endloop
  endfacet
  facet normal 0 0 1
    outer loop
      vertex -20.68756907995473 -46.670408028665236 60
      vertex -19.53598922223783 -47.164050134701185 60
      vertex -20.201279503148744 -45.57335632182101 60
    endloop
  endfacet
  facet normal 0 0 1
    outer loop
      vertex -19.53598922223783 -47.164050134701185 60
      vertex -19.076769103399727 -46.055394695687646 60
      vertex -20.201279503148744 -45.57335632182101 60
    endloop
  endfacet
  facet normal 0 0 1
    outer loop
      vertex -18.372641615111146 -47.629282380513416 60
      vertex -17.19822701567283 -48.06582452759321 60
      vertex -17.94076757126916 -46.509691021911735 60
    endloop
  endfacet
  facet normal 0 0 1
    outer loop
      vertex -17.19822701567283 -48.06582452759321 60
      vertex -16.79395919160217 -46.93597164937359 60
      vertex -17.94076757126916 -46.509691021911735 60
    endloop
  endfacet
  facet normal 0 0 1
    outer loop
      vertex -18.372641615111146 -47.629282380513416 60
      vertex -17.94076757126916 -46.509691021911735 60
      vertex -19.076769103399727 -46.055394695687646 60
    endloop
  endfacet
  facet normal 0 0 1
    outer loop
      vertex -17.19822701567283 -48.06582452759321 60
      vertex -16.01345284736341 -48.47341361927452 60
      vertex -16.79395919160217 -46.93597164937359 60
    endloop
  endfacet
  facet normal 0 0 1
    outer loop
      vertex -16.01345284736341 -48.47341361927452 60
      vertex -15.637034758884743 -47.33397980256288 60
      vertex -16.79395919160217 -46.93597164937359 60
    endloop
  endfacet
  facet normal 0 0 1
    outer loop
      vertex -16.01345284736341 -48.47341361927452 60
      vertex -14.819032773840302 -48.85180413912926 60
      vertex -15.637034758884743 -47.33397980256288 60
    endloop
  endfacet
  facet normal 0 0 1
    outer loop
      vertex -29.395008171881003 -41.737704711388346 60
      vertex -28.36186039565069 -42.44652370804493 60
      vertex -28.70403834217959 -40.75660293560645 60
    endloop
  endfacet
  facet normal 0 0 1
    outer loop
      vertex -28.36186039565069 -42.44652370804493 60
      vertex -27.69517611602717 -41.44876017328188 60
      vertex -28.70403834217959 -40.75660293560645 60
    endloop
  endfacet
  facet normal 0 0 1
    outer loop
      vertex -28.36186039565069 -42.44652370804493 60
      vertex -27.31162849523631 -43.129774505997545 60
      vertex -27.69517611602717 -41.44876017328188 60
    endloop
  endfacet
  facet normal 0 0 1
    outer loop
      vertex -27.31162849523631 -43.129774505997545 60
      vertex -26.669631351371795 -42.1159502276979 60
      vertex -27.69517611602717 -41.44876017328188 60
    endloop
  endfacet
  facet normal 0 0 1
    outer loop
      vertex -27.31162849523631 -43.129774505997545 60
      vertex -26.24494509106397 -43.78704554051389 60
      vertex -26.669631351371795 -42.1159502276979 60
    endloop
  endfacet
  facet normal 0 0 1
    outer loop
      vertex -30.41044949433872 -41.00374448208692 60
      vertex -29.395008171881003 -41.737704711388346 60
      vertex -29.695610328947804 -40.039895444310154 60
    endloop
  endfacet
  facet normal 0 0 1
    outer loop
      vertex -29.395008171881003 -41.737704711388346 60
      vertex -28.70403834217959 -40.75660293560645 60
      vertex -29.695610328947804 -40.039895444310154 60
    endloop
  endfacet
  facet normal 0 0 1
    outer loop
      vertex -26.24494509106397 -43.78704554051389 60
      vertex -25.162452713330474 -44.417940896099715 60
      vertex -25.628021798032105 -42.75777120851356 60
    endloop
  endfacet
  facet normal 0 0 1
    outer loop
      vertex -24.064803414967177 -45.022080544983524 60
      vertex -24.570974882654735 -43.373836506769265 60
      vertex -25.162452713330474 -44.417940896099715 60
    endloop
  endfacet
  facet normal 0 0 1
    outer loop
      vertex -25.162452713330474 -44.417940896099715 60
      vertex -24.570974882654735 -43.373836506769265 60
      vertex -25.628021798032105 -42.75777120851356 60
    endloop
  endfacet
  facet normal 0 0 1
    outer loop
      vertex -26.24494509106397 -43.78704554051389 60
      vertex -25.628021798032105 -42.75777120851356 60
      vertex -26.669631351371795 -42.1159502276979 60
    endloop
  endfacet
  facet normal 0 0 1
    outer loop
      vertex -24.064803414967177 -45.022080544983524 60
      vertex -23.499127330775984 -43.9637750277655 60
      vertex -24.570974882654735 -43.373836506769265 60
    endloop
  endfacet
  facet normal 0 0 1
    outer loop
      vertex -24.064803414967177 -45.022080544983524 60
      vertex -22.952658378867664 -45.599100576031056 60
      vertex -23.499127330775984 -43.9637750277655 60
    endloop
  endfacet
  facet normal 0 0 1
    outer loop
      vertex -22.952658378867664 -45.599100576031056 60
      vertex -22.41312478328214 -44.52723141459644 60
      vertex -23.499127330775984 -43.9637750277655 60
    endloop
  endfacet
  facet normal 0 0 1
    outer loop
      vertex -13.615686269093564 -49.2007681588572 60
      vertex -12.40413818406162 -49.52009547558147 60
      vertex -13.295630960123686 -48.04423687990268 60
    endloop
  endfacet
  facet normal 0 0 1
    outer loop
      vertex -12.40413818406162 -49.52009547558147 60
      vertex -11.185118310008203 -49.80959373846688 60
      vertex -12.112561968177705 -48.356057971748015 60
    endloop
  endfacet
  facet normal 0 0 1
    outer loop
      vertex -11.185118310008203 -49.80959373846688 60
      vertex -10.92219682181996 -48.63875118242065 60
      vertex -12.112561968177705 -48.356057971748015 60
    endloop
  endfacet
  facet normal 0 0 1
    outer loop
      vertex -14.819032773840302 -48.85180413912926 60
      vertex -14.470691161134948 -47.70347573625061 60
      vertex -15.637034758884743 -47.33397980256288 60
    endloop
  endfacet
  facet normal 0 0 1
    outer loop
      vertex -14.819032773840302 -48.85180413912926 60
      vertex -13.615686269093564 -49.2007681588572 60
      vertex -14.470691161134948 -47.70347573625061 60
    endloop
  endfacet
  facet normal 0 0 1
    outer loop
      vertex -13.615686269093564 -49.2007681588572 60
      vertex -13.295630960123686 -48.04423687990268 60
      vertex -14.470691161134948 -47.70347573625061 60
    endloop
  endfacet
  facet normal 0 0 1
    outer loop
      vertex -12.40413818406162 -49.52009547558147 60
      vertex -12.112561968177705 -48.356057971748015 60
      vertex -13.295630960123686 -48.04423687990268 60
    endloop
  endfacet
  facet normal 0 0 1
    outer loop
      vertex -11.185118310008203 -49.80959373846688 60
      vertex -9.959360938923346 -50.06908856458491 60
      vertex -10.92219682181996 -48.63875118242065 60
    endloop
  endfacet
  facet normal 0 0 1
    outer loop
      vertex -9.959360938923346 -50.06908856458491 60
      vertex -8.727604421213377 -50.298423643955445 60
      vertex -9.725252552503994 -48.89214622810104 60
    endloop
  endfacet
  facet normal 0 0 1
    outer loop
      vertex -9.959360938923346 -50.06908856458491 60
      vertex -9.725252552503994 -48.89214622810104 60
      vertex -10.92219682181996 -48.63875118242065 60
    endloop
  endfacet
  facet normal 0 0 1
    outer loop
      vertex -8.727604421213377 -50.298423643955445 60
      vertex -8.522450154701016 -49.11609047308872 60
      vertex -9.725252552503994 -48.89214622810104 60
    endloop
  endfacet
  facet normal 0 0 1
    outer loop
      vertex -8.727604421213377 -50.298423643955445 60
      vertex -7.490590720946217 -50.49746083370207 60
      vertex -8.522450154701016 -49.11609047308872 60
    endloop
  endfacet
  facet normal 0 0 1
    outer loop
      vertex -7.490590720946217 -50.49746083370207 60
      vertex -7.314514151599783 -49.31044902174433 60
      vertex -8.522450154701016 -49.11609047308872 60
    endloop
  endfacet
  facet normal 0 0 1
    outer loop
      vertex -6.249064968919987 -50.66608024126414 60
      vertex -7.314514151599783 -49.31044902174433 60
      vertex -7.490590720946217 -50.49746083370207 60
    endloop
  endfacet
  facet normal 0 0 1
    outer loop
      vertex -6.249064968919987 -50.66608024126414 60
      vertex -6.102172158680927 -49.475104799745694 60
      vertex -7.314514151599783 -49.31044902174433 60
    endloop
  endfacet
  facet normal 0 0 1
    outer loop
      vertex -6.249064968919987 -50.66608024126414 60
      vertex -5.003775013824068 -50.80418029661565 60
      vertex -6.102172158680927 -49.475104799745694 60
    endloop
  endfacet
  facet normal 0 0 1
    outer loop
      vertex -5.003775013824068 -50.80418029661565 60
      vertex -4.886154445428597 -49.60995862460902 60
      vertex -6.102172158680927 -49.475104799745694 60
    endloop
  endfacet
  facet normal 0 0 1
    outer loop
      vertex -5.003775013824068 -50.80418029661565 60
      vertex -3.755470971763022 -50.911677813447135 60
      vertex -4.886154445428597 -49.60995862460902 60
    endloop
  endfacet
  facet normal 0 0 1
    outer loop
      vertex -3.755470971763022 -50.911677813447135 60
      vertex -3.667193495443421 -49.71492926543271 60
      vertex -4.886154445428597 -49.60995862460902 60
    endloop
  endfacet
  facet normal 0 0 1
    outer loop
      vertex -3.755470971763022 -50.911677813447135 60
      vertex -2.5049047744146895 -50.98850803927405 60
      vertex -3.667193495443421 -49.71492926543271 60
    endloop
  endfacet
  facet normal 0 0 1
    outer loop
      vertex -2.5049047744146895 -50.98850803927405 60
      vertex -2.4460235652217883 -49.789953491827845 60
      vertex -3.667193495443421 -49.71492926543271 60
    endloop
  endfacet
  facet normal 0 0 1
    outer loop
      vertex -2.5049047744146895 -50.98850803927405 60
      vertex -1.2528297160946722 -51.03462469444123 60
      vertex -2.4460235652217883 -49.789953491827845 60
    endloop
  endfacet
  facet normal 0 0 1
    outer loop
      vertex -1.2528297160946722 -51.03462469444123 60
      vertex 0 -51.05 60
      vertex -1.2233802418671775 -49.83498611200579 60
    endloop
  endfacet
  facet normal 0 0 1
    outer loop
      vertex -1.2528297160946722 -51.03462469444123 60
      vertex -1.2233802418671775 -49.83498611200579 60
      vertex -2.4460235652217883 -49.789953491827845 60
    endloop
  endfacet
  facet normal 0 0 1
    outer loop
      vertex 0 -51.05 60
      vertex 0 -49.85 60
      vertex -1.2233802418671775 -49.83498611200579 60
    endloop
  endfacet
  facet normal 0 0 -1
    outer loop
      vertex -44.6478905103368 24.74466183800458 0
      vertex -44.52723141459644 22.41312478328214 0
      vertex -44.68035447055921 22.099393169146577 0
    endloop
  endfacet
  facet normal 0 0 -1
    outer loop
      vertex -44.6478905103368 24.74466183800458 0
      vertex -44.49197509458391 22.481077608458584 0
      vertex -44.52723141459644 22.41312478328214 0
    endloop
  endfacet
  facet normal 0 0 -1
    outer loop
      vertex -40.457106626713646 31.1289080343405 0
      vertex -40.37269033539217 29.23518526664008 0
      vertex -40.48220675559748 29.08366820328372 0
    endloop
  endfacet
  facet normal -0.9999247018391446 0.01227153828571627 0
    outer loop
      vertex -51.05 0 1.5
      vertex -51.05 0 60
      vertex -51.03462469444123 1.2528297160946722 1.5
    endloop
  endfacet
  facet normal -0.9993223845883494 0.03680722294135918 0
    outer loop
      vertex -51.03462469444123 1.2528297160946722 1.5
      vertex -51.03462469444123 1.2528297160946722 60
      vertex -50.98850803927405 2.5049047744146895 1.5
    endloop
  endfacet
  facet normal -0.9981181129001491 0.06132073630221034 0
    outer loop
      vertex -50.98850803927405 2.5049047744146895 1.5
      vertex -50.98850803927405 2.5049047744146895 60
      vertex -50.911677813447135 3.755470971763022 1.5
    endloop
  endfacet
  facet normal -0.9963126121827779 0.08579731234444148 0
    outer loop
      vertex -50.911677813447135 3.755470971763022 1.5
      vertex -50.911677813447135 3.755470971763022 60
      vertex -50.80418029661565 5.003775013824068 1.5
    endloop
  endfacet
  facet normal -0.9939069700023557 0.11022220729388485 0
    outer loop
      vertex -50.80418029661565 5.003775013824068 1.5
      vertex -50.80418029661565 5.003775013824068 60
      vertex -50.66608024126414 6.249064968919987 1.5
    endloop
  endfacet
  facet normal -0.9909026354277808 0.13458070850712023 0
    outer loop
      vertex -50.66608024126414 6.249064968919987 1.5
      vertex -50.66608024126414 6.249064968919987 60
      vertex -50.49746083370207 7.490590720946217 1.5
    endloop
  endfacet
  facet normal -0.9873014181578574 0.15885814333386766 0
    outer loop
      vertex -50.49746083370207 7.490590720946217 1.5
      vertex -50.49746083370207 7.490590720946217 60
      vertex -50.298423643955445 8.727604421213377 1.5
    endloop
  endfacet
  facet normal -0.9831054874312163 0.18303988795514076 0
    outer loop
      vertex -50.298423643955445 8.727604421213377 1.5
      vertex -50.298423643955445 8.727604421213377 60
      vertex -50.06908856458491 9.959360938923346 1.5
    endloop
  endfacet
  facet normal -0.9783173707196282 0.20711137619221592 0
    outer loop
      vertex -50.06908856458491 9.959360938923346 1.5
      vertex -50.06908856458491 9.959360938923346 60
      vertex -49.80959373846688 11.185118310008203 1.5
    endloop
  endfacet
  facet normal -0.9729399522055604 0.23105810828066983 0
    outer loop
      vertex -49.80959373846688 11.185118310008203 1.5
      vertex -49.80959373846688 11.185118310008203 60
      vertex -49.52009547558147 12.40413818406162 1.5
    endloop
  endfacet
  facet normal -0.9669764710448514 0.25486565960451696 0
    outer loop
      vertex -49.52009547558147 12.40413818406162 1.5
      vertex -49.52009547558147 12.40413818406162 60
      vertex -49.2007681588572 13.615686269093564 1.5
    endloop
  endfacet
  facet normal -0.9604305194155653 0.2785196893850549 0
    outer loop
      vertex -49.2007681588572 13.615686269093564 1.5
      vertex -49.2007681588572 13.615686269093564 60
      vertex -48.85180413912926 14.819032773840302 1.5
    endloop
  endfacet
  facet normal -0.9533060403541941 0.30200594931922703 0
    outer loop
      vertex -48.85180413912926 14.819032773840302 1.5
      vertex -48.85180413912926 14.819032773840302 60
      vertex -48.47341361927452 16.01345284736341 1.5
    endloop
  endfacet
  facet normal -0.9456073253805215 0.3253102921622624 0
    outer loop
      vertex -48.47341361927452 16.01345284736341 1.5
      vertex -48.47341361927452 16.01345284736341 60
      vertex -48.06582452759321 17.19822701567283 1.5
    endloop
  endfacet
  facet normal -0.9373390119125751 0.34841868024943423 0
    outer loop
      vertex -48.06582452759321 17.19822701567283 1.5
      vertex -48.06582452759321 17.19822701567283 60
      vertex -47.629282380513416 18.372641615111146 1.5
    endloop
  endfacet
  facet normal -0.9285060804732153 0.37131719395183843 0
    outer loop
      vertex -47.629282380513416 18.372641615111146 1.5
      vertex -47.629282380513416 18.372641615111146 60
      vertex -47.164050134701185 19.53598922223783 1.5
    endloop
  endfacet
  facet normal -0.9191138516900575 0.39399204006104827 0
    outer loop
      vertex -47.164050134701185 19.53598922223783 1.5
      vertex -47.164050134701185 19.53598922223783 60
      vertex -46.670408028665236 20.68756907995473 1.5
    endloop
  endfacet
  facet normal -0.9091679830905222 0.41642956009763765 0
    outer loop
      vertex -46.670408028665236 20.68756907995473 1.5
      vertex -46.670408028665236 20.68756907995473 60
      vertex -46.14865341395178 21.8266875196159 1.5
    endloop
  endfacet
  facet normal -0.8986744656939549 0.4386162385385256 0
    outer loop
      vertex -46.14865341395178 21.8266875196159 1.5
      vertex -46.14865341395178 21.8266875196159 60
      vertex -45.599100576031056 22.952658378867664 1.5
    endloop
  endfacet
  facet normal -0.8876396204028542 0.46053871095823945 0
    outer loop
      vertex -45.599100576031056 22.952658378867664 1.5
      vertex -45.599100576031056 22.952658378867664 60
      vertex -45.022080544983524 24.064803414967177 1.5
    endloop
  endfacet
  facet normal -0.8760700941954063 0.4821837720791236 0
    outer loop
      vertex -45.022080544983524 24.064803414967177 1.5
      vertex -45.022080544983524 24.064803414967177 60
      vertex -44.417940896099715 25.162452713330474 1.5
    endloop
  endfacet
  facet normal -0.8639728561215869 0.503538383725717 0
    outer loop
      vertex -44.417940896099715 25.162452713330474 1.5
      vertex -44.417940896099715 25.162452713330474 60
      vertex -43.78704554051389 26.24494509106397 1.5
    endloop
  endfacet
  facet normal -0.8513551931052653 0.5245896826784688 0
    outer loop
      vertex -43.78704554051389 26.24494509106397 1.5
      vertex -43.78704554051389 26.24494509106397 60
      vertex -43.129774505997545 27.31162849523631 1.5
    endloop
  endfacet
  facet normal -0.8382247055548363 0.5453249884220492 0
    outer loop
      vertex -43.129774505997545 27.31162849523631 1.5
      vertex -43.129774505997545 27.31162849523631 60
      vertex -42.44652370804493 28.36186039565069 1.5
    endloop
  endfacet
  facet normal -0.8245893027850276 0.5657318107836098 0
    outer loop
      vertex -42.44652370804493 28.36186039565069 1.5
      vertex -42.44652370804493 28.36186039565069 60
      vertex -41.737704711388346 29.395008171881003 1.5
    endloop
  endfacet
  facet normal -0.8104571982525949 0.5857978574564386 0
    outer loop
      vertex -41.737704711388346 29.395008171881003 1.5
      vertex -41.737704711388346 29.395008171881003 60
      vertex -41.00374448208692 30.41044949433872 1.5
    endloop
  endfacet
  facet normal 0 0 -1
    outer loop
      vertex -38.217503588011965 33.83982378080703 0
      vertex -38.202717042972566 32.018900091526405 0
      vertex -38.24040042958511 31.974114938931535 0
    endloop
  endfacet
  facet normal 0 0 -1
    outer loop
      vertex -34.69095546189 37.44666234514963 0
      vertex -34.6799466841206 35.80479474467234 0
      vertex -34.7114828624426 35.774023235105915 0
    endloop
  endfacet
  facet normal -0.7958369046088841 0.6055110414043248 0
    outer loop
      vertex -41.00374448208692 30.41044949433872 1.5
      vertex -41.00374448208692 30.41044949433872 60
      vertex -40.24508513033825 31.407572699140996 1.5
    endloop
  endfacet
  facet normal -0.7807372285720937 0.6248594881423875 0
    outer loop
      vertex -40.24508513033825 31.407572699140996 1.5
      vertex -40.24508513033825 31.407572699140996 60
      vertex -39.46218364416772 32.3857771565541 1.5
    endloop
  endfacet
  facet normal -0.7651672656224588 0.6438315428897916 0
    outer loop
      vertex -39.46218364416772 32.3857771565541 1.5
      vertex -39.46218364416772 32.3857771565541 60
      vertex -38.65551161415603 33.344473632790304 1.5
    endloop
  endfacet
  facet normal -0.7491363945234603 0.6624157775901708 0
    outer loop
      vertex -38.65551161415603 33.344473632790304 1.5
      vertex -38.65551161415603 33.344473632790304 60
      vertex -37.82555494937066 34.28308464494029 1.5
    endloop
  endfacet
  facet normal -0.7326542716724117 0.6806009977954541 0
    outer loop
      vertex -37.82555494937066 34.28308464494029 1.5
      vertex -37.82555494937066 34.28308464494029 60
      vertex -36.97281358467239 35.20104480882726 1.5
    endloop
  endfacet
  facet normal -0.715730825283821 0.6983762494089704 0
    outer loop
      vertex -36.97281358467239 35.20104480882726 1.5
      vertex -36.97281358467239 35.20104480882726 60
      vertex -36.09780117957325 36.09780117957325 1.5
    endloop
  endfacet
  facet normal -0.6983762494089704 0.715730825283821 0
    outer loop
      vertex -36.09780117957325 36.09780117957325 1.5
      vertex -36.09780117957325 36.09780117957325 60
      vertex -35.20104480882726 36.97281358467239 1.5
    endloop
  endfacet
  facet normal -0.6806009977954541 0.7326542716724117 0
    outer loop
      vertex -35.20104480882726 36.97281358467239 1.5
      vertex -35.20104480882726 36.97281358467239 60
      vertex -34.28308464494029 37.82555494937066 1.5
    endloop
  endfacet
  facet normal -0.6624157775901708 0.7491363945234603 0
    outer loop
      vertex -34.28308464494029 37.82555494937066 1.5
      vertex -34.28308464494029 37.82555494937066 60
      vertex -33.344473632790304 38.65551161415603 1.5
    endloop
  endfacet
  facet normal -0.6438315428897916 0.7651672656224588 0
    outer loop
      vertex -33.344473632790304 38.65551161415603 1.5
      vertex -33.344473632790304 38.65551161415603 60
      vertex -32.3857771565541 39.46218364416772 1.5
    endloop
  endfacet
  facet normal -0.6248594881423875 0.7807372285720937 0
    outer loop
      vertex -32.3857771565541 39.46218364416772 1.5
      vertex -32.3857771565541 39.46218364416772 60
      vertex -31.407572699140996 40.24508513033825 1.5
    endloop
  endfacet
  facet normal -0.6055110414043248 0.7958369046088841 0
    outer loop
      vertex -31.407572699140996 40.24508513033825 1.5
      vertex -31.407572699140996 40.24508513033825 60
      vertex -30.41044949433872 41.00374448208692 1.5
    endloop
  endfacet
  facet normal -0.5857978574564386 0.8104571982525949 0
    outer loop
      vertex -30.41044949433872 41.00374448208692 1.5
      vertex -30.41044949433872 41.00374448208692 60
      vertex -29.395008171881003 41.737704711388346 1.5
    endloop
  endfacet
  facet normal 0 0 -1
    outer loop
      vertex -29.705104431962997 41.51356736625409 0
      vertex -29.695610328947804 40.039895444310154 0
      vertex -29.72344996726119 40.01871370683375 0
    endloop
  endfacet
  facet normal 0 0 -1
    outer loop
      vertex -29.705104431962997 41.51356736625409 0
      vertex -29.691657402464497 40.04275261661931 0
      vertex -29.695610328947804 40.039895444310154 0
    endloop
  endfacet
  facet normal 0 0 -1
    outer loop
      vertex -24.437641748082793 44.816872542760265 0
      vertex -24.42929362180524 43.45181703052185 0
      vertex -24.45456504111466 43.437907791558956 0
    endloop
  endfacet
  facet normal 0 0 -1
    outer loop
      vertex -22.961005941905388 44.91891409188893 0
      vertex -22.970467727449986 44.23806225723928 0
      vertex -23.09921236224073 44.171265004405505 0
    endloop
  endfacet
  facet normal 0 0 -1
    outer loop
      vertex -22.961005941905388 44.91891409188893 0
      vertex -23.09921236224073 44.171265004405505 0
      vertex -23.082516158498976 45.53172578443245 0
    endloop
  endfacet
  facet normal 0 0 -1
    outer loop
      vertex -18.938335123827063 47.40305690853147 0
      vertex -18.934159886704844 46.11242529062767 0
      vertex -18.95427306443034 46.10438186595706 0
    endloop
  endfacet
  facet normal 0 0 -1
    outer loop
      vertex -17.533364298180945 47.94125050667883 0
      vertex -17.524978696528574 46.66424408025924 0
      vertex -17.54914656052224 46.6552606333205 0
    endloop
  endfacet
  facet normal 0 0 -1
    outer loop
      vertex -11.818177044729302 49.65925213378345 0
      vertex -11.8148873662522 48.426751060512835 0
      vertex -11.8333566969985 48.42236488168055 0
    endloop
  endfacet
  facet normal 0 0 -1
    outer loop
      vertex -10.36981569038745 49.982194627111596 0
      vertex -10.364145266120545 48.75689160305133 0
      vertex -10.384907117023124 48.75249628549751 0
    endloop
  endfacet
  facet normal 0 0 -1
    outer loop
      vertex -8.915349835222807 50.263468189038626 0
      vertex -8.893384405696931 49.04702793136858 0
      vertex -8.930363046990927 49.04014304826527 0
    endloop
  endfacet
  facet normal 0 0 -1
    outer loop
      vertex -3.0541808332078406 50.95476252166141 0
      vertex -3.050478503828932 49.75281798509989 0
      vertex -3.068945576031898 49.75168343554088 0
    endloop
  endfacet
  facet normal 0 0 -1
    outer loop
      vertex -1.582428153956295 51.02248486512229 0
      vertex -1.5750480167104035 49.82203342087271 0
      vertex -1.597170649051029 49.82121859607425 0
    endloop
  endfacet
  facet normal -0.5657318107836098 0.8245893027850276 0
    outer loop
      vertex -29.395008171881003 41.737704711388346 1.5
      vertex -29.395008171881003 41.737704711388346 60
      vertex -28.36186039565069 42.44652370804493 1.5
    endloop
  endfacet
  facet normal -0.5453249884220492 0.8382247055548363 0
    outer loop
      vertex -28.36186039565069 42.44652370804493 1.5
      vertex -28.36186039565069 42.44652370804493 60
      vertex -27.31162849523631 43.129774505997545 1.5
    endloop
  endfacet
  facet normal -0.5245896826784688 0.8513551931052653 0
    outer loop
      vertex -27.31162849523631 43.129774505997545 1.5
      vertex -27.31162849523631 43.129774505997545 60
      vertex -26.24494509106397 43.78704554051389 1.5
    endloop
  endfacet
  facet normal -0.503538383725717 0.8639728561215869 0
    outer loop
      vertex -26.24494509106397 43.78704554051389 1.5
      vertex -26.24494509106397 43.78704554051389 60
      vertex -25.162452713330474 44.417940896099715 1.5
    endloop
  endfacet
  facet normal -0.4821837720791236 0.8760700941954063 0
    outer loop
      vertex -25.162452713330474 44.417940896099715 1.5
      vertex -25.162452713330474 44.417940896099715 60
      vertex -24.064803414967177 45.022080544983524 1.5
    endloop
  endfacet
  facet normal -0.46053871095823945 0.8876396204028542 0
    outer loop
      vertex -24.064803414967177 45.022080544983524 1.5
      vertex -24.064803414967177 45.022080544983524 60
      vertex -22.952658378867664 45.599100576031056 1.5
    endloop
  endfacet
  facet normal -0.4386162385385256 0.8986744656939549 0
    outer loop
      vertex -22.952658378867664 45.599100576031056 1.5
      vertex -22.952658378867664 45.599100576031056 60
      vertex -21.8266875196159 46.14865341395178 1.5
    endloop
  endfacet
  facet normal -0.41642956009763765 0.9091679830905222 0
    outer loop
      vertex -21.8266875196159 46.14865341395178 1.5
      vertex -21.8266875196159 46.14865341395178 60
      vertex -20.68756907995473 46.670408028665236 1.5
    endloop
  endfacet
  facet normal -0.39399204006104827 0.9191138516900575 0
    outer loop
      vertex -20.68756907995473 46.670408028665236 1.5
      vertex -20.68756907995473 46.670408028665236 60
      vertex -19.53598922223783 47.164050134701185 1.5
    endloop
  endfacet
  facet normal -0.37131719395183843 0.9285060804732153 0
    outer loop
      vertex -19.53598922223783 47.164050134701185 1.5
      vertex -19.53598922223783 47.164050134701185 60
      vertex -18.372641615111146 47.629282380513416 1.5
    endloop
  endfacet
  facet normal -0.34841868024943423 0.9373390119125751 0
    outer loop
      vertex -18.372641615111146 47.629282380513416 1.5
      vertex -18.372641615111146 47.629282380513416 60
      vertex -17.19822701567283 48.06582452759321 1.5
    endloop
  endfacet
  facet normal -0.3253102921622624 0.9456073253805215 0
    outer loop
      vertex -17.19822701567283 48.06582452759321 1.5
      vertex -17.19822701567283 48.06582452759321 60
      vertex -16.01345284736341 48.47341361927452 1.5
    endloop
  endfacet
  facet normal -0.30200594931922703 0.9533060403541941 0
    outer loop
      vertex -16.01345284736341 48.47341361927452 1.5
      vertex -16.01345284736341 48.47341361927452 60
      vertex -14.819032773840302 48.85180413912926 1.5
    endloop
  endfacet
  facet normal -0.2785196893850549 0.9604305194155653 0
    outer loop
      vertex -14.819032773840302 48.85180413912926 1.5
      vertex -14.819032773840302 48.85180413912926 60
      vertex -13.615686269093564 49.2007681588572 1.5
    endloop
  endfacet
  facet normal -0.25486565960451696 0.9669764710448514 0
    outer loop
      vertex -13.615686269093564 49.2007681588572 1.5
      vertex -13.615686269093564 49.2007681588572 60
      vertex -12.40413818406162 49.52009547558147 1.5
    endloop
  endfacet
  facet normal -0.23105810828066983 0.9729399522055604 0
    outer loop
      vertex -12.40413818406162 49.52009547558147 1.5
      vertex -12.40413818406162 49.52009547558147 60
      vertex -11.185118310008203 49.80959373846688 1.5
    endloop
  endfacet
  facet normal -0.20711137619221592 0.9783173707196282 0
    outer loop
      vertex -11.185118310008203 49.80959373846688 1.5
      vertex -11.185118310008203 49.80959373846688 60
      vertex -9.959360938923346 50.06908856458491 1.5
    endloop
  endfacet
  facet normal -0.18303988795514076 0.9831054874312163 0
    outer loop
      vertex -9.959360938923346 50.06908856458491 1.5
      vertex -9.959360938923346 50.06908856458491 60
      vertex -8.727604421213377 50.298423643955445 1.5
    endloop
  endfacet
  facet normal -0.15885814333386766 0.9873014181578574 0
    outer loop
      vertex -8.727604421213377 50.298423643955445 1.5
      vertex -8.727604421213377 50.298423643955445 60
      vertex -7.490590720946217 50.49746083370207 1.5
    endloop
  endfacet
  facet normal -0.13458070850712023 0.9909026354277808 0
    outer loop
      vertex -7.490590720946217 50.49746083370207 1.5
      vertex -7.490590720946217 50.49746083370207 60
      vertex -6.249064968919987 50.66608024126414 1.5
    endloop
  endfacet
  facet normal -0.11022220729388485 0.9939069700023557 0
    outer loop
      vertex -6.249064968919987 50.66608024126414 1.5
      vertex -6.249064968919987 50.66608024126414 60
      vertex -5.003775013824068 50.80418029661565 1.5
    endloop
  endfacet
  facet normal -0.08579731234444148 0.9963126121827779 0
    outer loop
      vertex -5.003775013824068 50.80418029661565 1.5
      vertex -5.003775013824068 50.80418029661565 60
      vertex -3.755470971763022 50.911677813447135 1.5
    endloop
  endfacet
  facet normal -0.06132073630221034 0.9981181129001491 0
    outer loop
      vertex -3.755470971763022 50.911677813447135 1.5
      vertex -3.755470971763022 50.911677813447135 60
      vertex -2.5049047744146895 50.98850803927405 1.5
    endloop
  endfacet
  facet normal -0.03680722294135918 0.9993223845883494 0
    outer loop
      vertex -2.5049047744146895 50.98850803927405 1.5
      vertex -2.5049047744146895 50.98850803927405 60
      vertex -1.2528297160946722 51.03462469444123 1.5
    endloop
  endfacet
  facet normal -0.01227153828571627 0.9999247018391446 0
    outer loop
      vertex -1.2528297160946722 51.03462469444123 1.5
      vertex -1.2528297160946722 51.03462469444123 60
      vertex 0 51.05 1.5
    endloop
  endfacet
  facet normal -0.9999247018391446 0.01227153828571627 0
    outer loop
      vertex -51.03462469444123 1.2528297160946722 1.5
      vertex -51.05 0 60
      vertex -51.03462469444123 1.2528297160946722 60
    endloop
  endfacet
  facet normal -0.9993223845883494 0.03680722294135918 0
    outer loop
      vertex -50.98850803927405 2.5049047744146895 1.5
      vertex -51.03462469444123 1.2528297160946722 60
      vertex -50.98850803927405 2.5049047744146895 60
    endloop
  endfacet
  facet normal -0.9981181129001491 0.06132073630221034 0
    outer loop
      vertex -50.911677813447135 3.755470971763022 1.5
      vertex -50.98850803927405 2.5049047744146895 60
      vertex -50.911677813447135 3.755470971763022 60
    endloop
  endfacet
  facet normal -0.9963126121827779 0.08579731234444148 0
    outer loop
      vertex -50.80418029661565 5.003775013824068 1.5
      vertex -50.911677813447135 3.755470971763022 60
      vertex -50.80418029661565 5.003775013824068 60
    endloop
  endfacet
  facet normal -0.9939069700023557 0.11022220729388485 0
    outer loop
      vertex -50.66608024126414 6.249064968919987 1.5
      vertex -50.80418029661565 5.003775013824068 60
      vertex -50.66608024126414 6.249064968919987 60
    endloop
  endfacet
  facet normal -0.9909026354277808 0.13458070850712023 0
    outer loop
      vertex -50.49746083370207 7.490590720946217 1.5
      vertex -50.66608024126414 6.249064968919987 60
      vertex -50.49746083370207 7.490590720946217 60
    endloop
  endfacet
  facet normal -0.9873014181578574 0.15885814333386766 0
    outer loop
      vertex -50.298423643955445 8.727604421213377 1.5
      vertex -50.49746083370207 7.490590720946217 60
      vertex -50.298423643955445 8.727604421213377 60
    endloop
  endfacet
  facet normal -0.9831054874312163 0.18303988795514076 0
    outer loop
      vertex -50.06908856458491 9.959360938923346 1.5
      vertex -50.298423643955445 8.727604421213377 60
      vertex -50.06908856458491 9.959360938923346 60
    endloop
  endfacet
  facet normal -0.9783173707196282 0.20711137619221592 0
    outer loop
      vertex -49.80959373846688 11.185118310008203 1.5
      vertex -50.06908856458491 9.959360938923346 60
      vertex -49.80959373846688 11.185118310008203 60
    endloop
  endfacet
  facet normal -0.9729399522055604 0.23105810828066983 0
    outer loop
      vertex -49.52009547558147 12.40413818406162 1.5
      vertex -49.80959373846688 11.185118310008203 60
      vertex -49.52009547558147 12.40413818406162 60
    endloop
  endfacet
  facet normal -0.9669764710448514 0.25486565960451696 0
    outer loop
      vertex -49.2007681588572 13.615686269093564 1.5
      vertex -49.52009547558147 12.40413818406162 60
      vertex -49.2007681588572 13.615686269093564 60
    endloop
  endfacet
  facet normal -0.9604305194155653 0.2785196893850549 0
    outer loop
      vertex -48.85180413912926 14.819032773840302 1.5
      vertex -49.2007681588572 13.615686269093564 60
      vertex -48.85180413912926 14.819032773840302 60
    endloop
  endfacet
  facet normal -0.9533060403541941 0.30200594931922703 0
    outer loop
      vertex -48.47341361927452 16.01345284736341 1.5
      vertex -48.85180413912926 14.819032773840302 60
      vertex -48.47341361927452 16.01345284736341 60
    endloop
  endfacet
  facet normal -0.9456073253805215 0.3253102921622624 0
    outer loop
      vertex -48.06582452759321 17.19822701567283 1.5
      vertex -48.47341361927452 16.01345284736341 60
      vertex -48.06582452759321 17.19822701567283 60
    endloop
  endfacet
  facet normal -0.9373390119125751 0.34841868024943423 0
    outer loop
      vertex -47.629282380513416 18.372641615111146 1.5
      vertex -48.06582452759321 17.19822701567283 60
      vertex -47.629282380513416 18.372641615111146 60
    endloop
  endfacet
  facet normal -0.9285060804732153 0.37131719395183843 0
    outer loop
      vertex -47.164050134701185 19.53598922223783 1.5
      vertex -47.629282380513416 18.372641615111146 60
      vertex -47.164050134701185 19.53598922223783 60
    endloop
  endfacet
  facet normal -0.9191138516900575 0.39399204006104827 0
    outer loop
      vertex -46.670408028665236 20.68756907995473 1.5
      vertex -47.164050134701185 19.53598922223783 60
      vertex -46.670408028665236 20.68756907995473 60
    endloop
  endfacet
  facet normal -0.9091679830905222 0.41642956009763765 0
    outer loop
      vertex -46.14865341395178 21.8266875196159 1.5
      vertex -46.670408028665236 20.68756907995473 60
      vertex -46.14865341395178 21.8266875196159 60
    endloop
  endfacet
  facet normal -0.8986744656939549 0.4386162385385256 0
    outer loop
      vertex -45.599100576031056 22.952658378867664 1.5
      vertex -46.14865341395178 21.8266875196159 60
      vertex -45.599100576031056 22.952658378867664 60
    endloop
  endfacet
  facet normal -0.8876396204028542 0.46053871095823945 0
    outer loop
      vertex -45.022080544983524 24.064803414967177 1.5
      vertex -45.599100576031056 22.952658378867664 60
      vertex -45.022080544983524 24.064803414967177 60
    endloop
  endfacet
  facet normal -0.8760700941954063 0.4821837720791236 0
    outer loop
      vertex -44.417940896099715 25.162452713330474 1.5
      vertex -45.022080544983524 24.064803414967177 60
      vertex -44.417940896099715 25.162452713330474 60
    endloop
  endfacet
  facet normal -0.8639728561215869 0.503538383725717 0
    outer loop
      vertex -43.78704554051389 26.24494509106397 1.5
      vertex -44.417940896099715 25.162452713330474 60
      vertex -43.78704554051389 26.24494509106397 60
    endloop
  endfacet
  facet normal -0.8513551931052653 0.5245896826784688 0
    outer loop
      vertex -43.129774505997545 27.31162849523631 1.5
      vertex -43.78704554051389 26.24494509106397 60
      vertex -43.129774505997545 27.31162849523631 60
    endloop
  endfacet
  facet normal -0.8382247055548363 0.5453249884220492 0
    outer loop
      vertex -42.44652370804493 28.36186039565069 1.5
      vertex -43.129774505997545 27.31162849523631 60
      vertex -42.44652370804493 28.36186039565069 60
    endloop
  endfacet
  facet normal -0.8245893027850276 0.5657318107836098 0
    outer loop
      vertex -41.737704711388346 29.395008171881003 1.5
      vertex -42.44652370804493 28.36186039565069 60
      vertex -41.737704711388346 29.395008171881003 60
    endloop
  endfacet
  facet normal 0 0 1
    outer loop
      vertex -51.03462469444123 -1.2528297160946722 60
      vertex -51.03462469444123 1.2528297160946722 60
      vertex -51.05 0 60
    endloop
  endfacet
  facet normal 0 0 1
    outer loop
      vertex -50.98850803927405 -2.5049047744146895 60
      vertex -50.98850803927405 2.5049047744146895 60
      vertex -51.03462469444123 1.2528297160946722 60
    endloop
  endfacet
  facet normal 0 0 1
    outer loop
      vertex -50.911677813447135 -3.755470971763022 60
      vertex -50.911677813447135 3.755470971763022 60
      vertex -50.98850803927405 2.5049047744146895 60
    endloop
  endfacet
  facet normal 0 0 1
    outer loop
      vertex -50.80418029661565 -5.003775013824068 60
      vertex -50.80418029661565 5.003775013824068 60
      vertex -50.911677813447135 3.755470971763022 60
    endloop
  endfacet
  facet normal 0 0 1
    outer loop
      vertex -50.66608024126414 -6.249064968919987 60
      vertex -50.66608024126414 6.249064968919987 60
      vertex -50.80418029661565 5.003775013824068 60
    endloop
  endfacet
  facet normal 0 0 1
    outer loop
      vertex -50.49746083370207 -7.490590720946217 60
      vertex -50.49746083370207 7.490590720946217 60
      vertex -50.66608024126414 6.249064968919987 60
    endloop
  endfacet
  facet normal 0 0 1
    outer loop
      vertex -50.298423643955445 -8.727604421213377 60
      vertex -50.298423643955445 8.727604421213377 60
      vertex -50.49746083370207 7.490590720946217 60
    endloop
  endfacet
  facet normal 0 0 1
    outer loop
      vertex -50.06908856458491 -9.959360938923346 60
      vertex -50.06908856458491 9.959360938923346 60
      vertex -50.298423643955445 8.727604421213377 60
    endloop
  endfacet
  facet normal 0 0 1
    outer loop
      vertex -50.06908856458491 9.959360938923346 60
      vertex -49.85 0 60
      vertex -49.83498611200579 1.2233802418671775 60
    endloop
  endfacet
  facet normal 0 0 1
    outer loop
      vertex -50.06908856458491 9.959360938923346 60
      vertex -49.83498611200579 1.2233802418671775 60
      vertex -49.789953491827845 2.4460235652217883 60
    endloop
  endfacet
  facet normal 0 0 1
    outer loop
      vertex -49.80959373846688 11.185118310008203 60
      vertex -49.789953491827845 2.4460235652217883 60
      vertex -49.71492926543271 3.667193495443421 60
    endloop
  endfacet
  facet normal 0 0 1
    outer loop
      vertex -49.80959373846688 11.185118310008203 60
      vertex -49.71492926543271 3.667193495443421 60
      vertex -49.60995862460902 4.886154445428597 60
    endloop
  endfacet
  facet normal 0 0 1
    outer loop
      vertex -49.80959373846688 11.185118310008203 60
      vertex -49.60995862460902 4.886154445428597 60
      vertex -49.475104799745694 6.102172158680927 60
    endloop
  endfacet
  facet normal 0 0 1
    outer loop
      vertex -50.06908856458491 9.959360938923346 60
      vertex -49.789953491827845 2.4460235652217883 60
      vertex -49.80959373846688 11.185118310008203 60
    endloop
  endfacet
  facet normal 0 0 1
    outer loop
      vertex -49.52009547558147 12.40413818406162 60
      vertex -49.475104799745694 6.102172158680927 60
      vertex -49.31044902174433 7.314514151599783 60
    endloop
  endfacet
  facet normal 0 0 1
    outer loop
      vertex -49.52009547558147 12.40413818406162 60
      vertex -49.31044902174433 7.314514151599783 60
      vertex -49.11609047308872 8.522450154701016 60
    endloop
  endfacet
  facet normal 0 0 1
    outer loop
      vertex -49.80959373846688 11.185118310008203 60
      vertex -49.475104799745694 6.102172158680927 60
      vertex -49.52009547558147 12.40413818406162 60
    endloop
  endfacet
  facet normal 0 0 1
    outer loop
      vertex -49.2007681588572 13.615686269093564 60
      vertex -49.11609047308872 8.522450154701016 60
      vertex -48.89214622810104 9.725252552503994 60
    endloop
  endfacet
  facet normal 0 0 1
    outer loop
      vertex -49.52009547558147 12.40413818406162 60
      vertex -49.11609047308872 8.522450154701016 60
      vertex -49.2007681588572 13.615686269093564 60
    endloop
  endfacet
  facet normal 0 0 1
    outer loop
      vertex -49.2007681588572 13.615686269093564 60
      vertex -48.89214622810104 9.725252552503994 60
      vertex -48.63875118242065 10.92219682181996 60
    endloop
  endfacet
  facet normal 0 0 1
    outer loop
      vertex -49.2007681588572 13.615686269093564 60
      vertex -48.63875118242065 10.92219682181996 60
      vertex -48.85180413912926 14.819032773840302 60
    endloop
  endfacet
  facet normal 0 0 1
    outer loop
      vertex -48.85180413912926 14.819032773840302 60
      vertex -48.63875118242065 10.92219682181996 60
      vertex -48.356057971748015 12.112561968177705 60
    endloop
  endfacet
  facet normal 0 0 1
    outer loop
      vertex -48.47341361927452 16.01345284736341 60
      vertex -48.356057971748015 12.112561968177705 60
      vertex -48.04423687990268 13.295630960123686 60
    endloop
  endfacet
  facet normal 0 0 1
    outer loop
      vertex -48.85180413912926 14.819032773840302 60
      vertex -48.356057971748015 12.112561968177705 60
      vertex -48.47341361927452 16.01345284736341 60
    endloop
  endfacet
  facet normal 0 0 1
    outer loop
      vertex -48.06582452759321 17.19822701567283 60
      vertex -48.04423687990268 13.295630960123686 60
      vertex -47.70347573625061 14.470691161134948 60
    endloop
  endfacet
  facet normal 0 0 1
    outer loop
      vertex -48.47341361927452 16.01345284736341 60
      vertex -48.04423687990268 13.295630960123686 60
      vertex -48.06582452759321 17.19822701567283 60
    endloop
  endfacet
  facet normal 0 0 1
    outer loop
      vertex -48.06582452759321 17.19822701567283 60
      vertex -47.70347573625061 14.470691161134948 60
      vertex -47.33397980256288 15.637034758884743 60
    endloop
  endfacet
  facet normal 0 0 1
    outer loop
      vertex -48.06582452759321 17.19822701567283 60
      vertex -47.33397980256288 15.637034758884743 60
      vertex -47.629282380513416 18.372641615111146 60
    endloop
  endfacet
  facet normal 0 0 1
    outer loop
      vertex -47.629282380513416 18.372641615111146 60
      vertex -47.33397980256288 15.637034758884743 60
      vertex -46.93597164937359 16.79395919160217 60
    endloop
  endfacet
  facet normal 0 0 1
    outer loop
      vertex -47.629282380513416 18.372641615111146 60
      vertex -46.93597164937359 16.79395919160217 60
      vertex -47.164050134701185 19.53598922223783 60
    endloop
  endfacet
  facet normal 0 0 1
    outer loop
      vertex -47.164050134701185 19.53598922223783 60
      vertex -46.93597164937359 16.79395919160217 60
      vertex -46.509691021911735 17.94076757126916 60
    endloop
  endfacet
  facet normal 0 0 1
    outer loop
      vertex -47.164050134701185 19.53598922223783 60
      vertex -46.509691021911735 17.94076757126916 60
      vertex -46.670408028665236 20.68756907995473 60
    endloop
  endfacet
  facet normal 0 0 1
    outer loop
      vertex -46.670408028665236 20.68756907995473 60
      vertex -46.509691021911735 17.94076757126916 60
      vertex -46.055394695687646 19.076769103399727 60
    endloop
  endfacet
  facet normal 0 0 1
    outer loop
      vertex -46.670408028665236 20.68756907995473 60
      vertex -46.055394695687646 19.076769103399727 60
      vertex -46.14865341395178 21.8266875196159 60
    endloop
  endfacet
  facet normal 0 0 1
    outer loop
      vertex -46.14865341395178 21.8266875196159 60
      vertex -46.055394695687646 19.076769103399727 60
      vertex -45.57335632182101 20.201279503148744 60
    endloop
  endfacet
  facet normal 0 0 1
    outer loop
      vertex -45.599100576031056 22.952658378867664 60
      vertex -45.57335632182101 20.201279503148744 60
      vertex -45.06386626220365 21.313621407499564 60
    endloop
  endfacet
  facet normal 0 0 1
    outer loop
      vertex -46.14865341395178 21.8266875196159 60
      vertex -45.57335632182101 20.201279503148744 60
      vertex -45.599100576031056 22.952658378867664 60
    endloop
  endfacet
  facet normal 0 0 1
    outer loop
      vertex -45.599100576031056 22.952658378867664 60
      vertex -45.06386626220365 21.313621407499564 60
      vertex -44.52723141459644 22.41312478328214 60
    endloop
  endfacet
  facet normal 0 0 1
    outer loop
      vertex -45.599100576031056 22.952658378867664 60
      vertex -44.52723141459644 22.41312478328214 60
      vertex -45.022080544983524 24.064803414967177 60
    endloop
  endfacet
  facet normal 0 0 1
    outer loop
      vertex -45.022080544983524 24.064803414967177 60
      vertex -44.52723141459644 22.41312478328214 60
      vertex -43.9637750277655 23.499127330775984 60
    endloop
  endfacet
  facet normal 0 0 1
    outer loop
      vertex -45.022080544983524 24.064803414967177 60
      vertex -43.9637750277655 23.499127330775984 60
      vertex -44.417940896099715 25.162452713330474 60
    endloop
  endfacet
  facet normal 0 0 1
    outer loop
      vertex -44.417940896099715 25.162452713330474 60
      vertex -43.9637750277655 23.499127330775984 60
      vertex -43.373836506769265 24.570974882654735 60
    endloop
  endfacet
  facet normal 0 0 1
    outer loop
      vertex -44.417940896099715 25.162452713330474 60
      vertex -43.373836506769265 24.570974882654735 60
      vertex -43.78704554051389 26.24494509106397 60
    endloop
  endfacet
  facet normal 0 0 1
    outer loop
      vertex -43.78704554051389 26.24494509106397 60
      vertex -43.373836506769265 24.570974882654735 60
      vertex -42.75777120851356 25.628021798032105 60
    endloop
  endfacet
  facet normal 0 0 1
    outer loop
      vertex -43.78704554051389 26.24494509106397 60
      vertex -42.75777120851356 25.628021798032105 60
      vertex -43.129774505997545 27.31162849523631 60
    endloop
  endfacet
  facet normal 0 0 1
    outer loop
      vertex -43.129774505997545 27.31162849523631 60
      vertex -42.75777120851356 25.628021798032105 60
      vertex -42.1159502276979 26.669631351371795 60
    endloop
  endfacet
  facet normal 0 0 1
    outer loop
      vertex -43.129774505997545 27.31162849523631 60
      vertex -42.1159502276979 26.669631351371795 60
      vertex -42.44652370804493 28.36186039565069 60
    endloop
  endfacet
  facet normal 0 0 1
    outer loop
      vertex -42.44652370804493 28.36186039565069 60
      vertex -42.1159502276979 26.669631351371795 60
      vertex -41.44876017328188 27.69517611602717 60
    endloop
  endfacet
  facet normal 0 0 1
    outer loop
      vertex -42.44652370804493 28.36186039565069 60
      vertex -41.44876017328188 27.69517611602717 60
      vertex -41.737704711388346 29.395008171881003 60
    endloop
  endfacet
  facet normal 0 0 1
    outer loop
      vertex -41.737704711388346 29.395008171881003 60
      vertex -41.44876017328188 27.69517611602717 60
      vertex -40.75660293560645 28.70403834217959 60
    endloop
  endfacet
  facet normal 0 0 1
    outer loop
      vertex -41.737704711388346 29.395008171881003 60
      vertex -40.75660293560645 28.70403834217959 60
      vertex -41.00374448208692 30.41044949433872 60
    endloop
  endfacet
  facet normal 0 0 1
    outer loop
      vertex -41.00374448208692 30.41044949433872 60
      vertex -40.75660293560645 28.70403834217959 60
      vertex -40.039895444310154 29.695610328947804 60
    endloop
  endfacet
  facet normal -0.8104571982525949 0.5857978574564386 0
    outer loop
      vertex -41.00374448208692 30.41044949433872 1.5
      vertex -41.737704711388346 29.395008171881003 60
      vertex -41.00374448208692 30.41044949433872 60
    endloop
  endfacet
  facet normal -0.7958369046088841 0.6055110414043248 0
    outer loop
      vertex -40.24508513033825 31.407572699140996 1.5
      vertex -41.00374448208692 30.41044949433872 60
      vertex -40.24508513033825 31.407572699140996 60
    endloop
  endfacet
  facet normal -0.7807372285720937 0.6248594881423875 0
    outer loop
      vertex -39.46218364416772 32.3857771565541 1.5
      vertex -40.24508513033825 31.407572699140996 60
      vertex -39.46218364416772 32.3857771565541 60
    endloop
  endfacet
  facet normal -0.7651672656224588 0.6438315428897916 0
    outer loop
      vertex -38.65551161415603 33.344473632790304 1.5
      vertex -39.46218364416772 32.3857771565541 60
      vertex -38.65551161415603 33.344473632790304 60
    endloop
  endfacet
  facet normal -0.7491363945234603 0.6624157775901708 0
    outer loop
      vertex -37.82555494937066 34.28308464494029 1.5
      vertex -38.65551161415603 33.344473632790304 60
      vertex -37.82555494937066 34.28308464494029 60
    endloop
  endfacet
  facet normal -0.7326542716724117 0.6806009977954541 0
    outer loop
      vertex -36.97281358467239 35.20104480882726 1.5
      vertex -37.82555494937066 34.28308464494029 60
      vertex -36.97281358467239 35.20104480882726 60
    endloop
  endfacet
  facet normal -0.715730825283821 0.6983762494089704 0
    outer loop
      vertex -36.09780117957325 36.09780117957325 1.5
      vertex -36.97281358467239 35.20104480882726 60
      vertex -36.09780117957325 36.09780117957325 60
    endloop
  endfacet
  facet normal -0.6983762494089704 0.715730825283821 0
    outer loop
      vertex -35.20104480882726 36.97281358467239 1.5
      vertex -36.09780117957325 36.09780117957325 60
      vertex -35.20104480882726 36.97281358467239 60
    endloop
  endfacet
  facet normal -0.6806009977954541 0.7326542716724117 0
    outer loop
      vertex -34.28308464494029 37.82555494937066 1.5
      vertex -35.20104480882726 36.97281358467239 60
      vertex -34.28308464494029 37.82555494937066 60
    endloop
  endfacet
  facet normal -0.6624157775901708 0.7491363945234603 0
    outer loop
      vertex -33.344473632790304 38.65551161415603 1.5
      vertex -34.28308464494029 37.82555494937066 60
      vertex -33.344473632790304 38.65551161415603 60
    endloop
  endfacet
  facet normal -0.6438315428897916 0.7651672656224588 0
    outer loop
      vertex -32.3857771565541 39.46218364416772 1.5
      vertex -33.344473632790304 38.65551161415603 60
      vertex -32.3857771565541 39.46218364416772 60
    endloop
  endfacet
  facet normal -0.6248594881423875 0.7807372285720937 0
    outer loop
      vertex -31.407572699140996 40.24508513033825 1.5
      vertex -32.3857771565541 39.46218364416772 60
      vertex -31.407572699140996 40.24508513033825 60
    endloop
  endfacet
  facet normal -0.6055110414043248 0.7958369046088841 0
    outer loop
      vertex -30.41044949433872 41.00374448208692 1.5
      vertex -31.407572699140996 40.24508513033825 60
      vertex -30.41044949433872 41.00374448208692 60
    endloop
  endfacet
  facet normal 0 0 1
    outer loop
      vertex -41.00374448208692 30.41044949433872 60
      vertex -40.039895444310154 29.695610328947804 60
      vertex -40.24508513033825 31.407572699140996 60
    endloop
  endfacet
  facet normal 0 0 1
    outer loop
      vertex -40.24508513033825 31.407572699140996 60
      vertex -40.039895444310154 29.695610328947804 60
      vertex -39.299069417186324 30.669294790444248 60
    endloop
  endfacet
  facet normal 0 0 1
    outer loop
      vertex -40.24508513033825 31.407572699140996 60
      vertex -39.299069417186324 30.669294790444248 60
      vertex -39.46218364416772 32.3857771565541 60
    endloop
  endfacet
  facet normal 0 0 1
    outer loop
      vertex -39.46218364416772 32.3857771565541 60
      vertex -39.299069417186324 30.669294790444248 60
      vertex -38.53457110013244 31.62450521555773 60
    endloop
  endfacet
  facet normal 0 0 1
    outer loop
      vertex -39.46218364416772 32.3857771565541 60
      vertex -38.53457110013244 31.62450521555773 60
      vertex -38.65551161415603 33.344473632790304 60
    endloop
  endfacet
  facet normal 0 0 1
    outer loop
      vertex -38.65551161415603 33.344473632790304 60
      vertex -38.53457110013244 31.62450521555773 60
      vertex -37.746860998348254 32.560666221245775 60
    endloop
  endfacet
  facet normal 0 0 1
    outer loop
      vertex -38.65551161415603 33.344473632790304 60
      vertex -37.746860998348254 32.560666221245775 60
      vertex -37.82555494937066 34.28308464494029 60
    endloop
  endfacet
  facet normal 0 0 1
    outer loop
      vertex -37.82555494937066 34.28308464494029 60
      vertex -37.746860998348254 32.560666221245775 60
      vertex -36.93641359894471 33.47721389912387 60
    endloop
  endfacet
  facet normal 0 0 1
    outer loop
      vertex -37.82555494937066 34.28308464494029 60
      vertex -36.93641359894471 33.47721389912387 60
      vertex -36.97281358467239 35.20104480882726 60
    endloop
  endfacet
  facet normal 0 0 1
    outer loop
      vertex -36.97281358467239 35.20104480882726 60
      vertex -36.93641359894471 33.47721389912387 60
      vertex -36.10371708513063 34.373596155142785 60
    endloop
  endfacet
  facet normal 0 0 1
    outer loop
      vertex -36.97281358467239 35.20104480882726 60
      vertex -36.10371708513063 34.373596155142785 60
      vertex -35.2492730421494 35.2492730421494 60
    endloop
  endfacet
  facet normal 0 0 1
    outer loop
      vertex -36.97281358467239 35.20104480882726 60
      vertex -35.2492730421494 35.2492730421494 60
      vertex -36.09780117957325 36.09780117957325 60
    endloop
  endfacet
  facet normal 0 0 1
    outer loop
      vertex -36.09780117957325 36.09780117957325 60
      vertex -35.2492730421494 35.2492730421494 60
      vertex -34.373596155142785 36.10371708513063 60
    endloop
  endfacet
  facet normal 0 0 1
    outer loop
      vertex -36.09780117957325 36.09780117957325 60
      vertex -34.373596155142785 36.10371708513063 60
      vertex -35.20104480882726 36.97281358467239 60
    endloop
  endfacet
  facet normal 0 0 1
    outer loop
      vertex -35.20104480882726 36.97281358467239 60
      vertex -34.373596155142785 36.10371708513063 60
      vertex -33.47721389912387 36.93641359894471 60
    endloop
  endfacet
  facet normal 0 0 1
    outer loop
      vertex -35.20104480882726 36.97281358467239 60
      vertex -33.47721389912387 36.93641359894471 60
      vertex -34.28308464494029 37.82555494937066 60
    endloop
  endfacet
  facet normal 0 0 1
    outer loop
      vertex -34.28308464494029 37.82555494937066 60
      vertex -33.47721389912387 36.93641359894471 60
      vertex -32.560666221245775 37.746860998348254 60
    endloop
  endfacet
  facet normal 0 0 1
    outer loop
      vertex -34.28308464494029 37.82555494937066 60
      vertex -32.560666221245775 37.746860998348254 60
      vertex -33.344473632790304 38.65551161415603 60
    endloop
  endfacet
  facet normal 0 0 1
    outer loop
      vertex -33.344473632790304 38.65551161415603 60
      vertex -32.560666221245775 37.746860998348254 60
      vertex -31.62450521555773 38.53457110013244 60
    endloop
  endfacet
  facet normal 0 0 1
    outer loop
      vertex -33.344473632790304 38.65551161415603 60
      vertex -31.62450521555773 38.53457110013244 60
      vertex -32.3857771565541 39.46218364416772 60
    endloop
  endfacet
  facet normal 0 0 1
    outer loop
      vertex -32.3857771565541 39.46218364416772 60
      vertex -31.62450521555773 38.53457110013244 60
      vertex -30.669294790444248 39.299069417186324 60
    endloop
  endfacet
  facet normal 0 0 1
    outer loop
      vertex -32.3857771565541 39.46218364416772 60
      vertex -30.669294790444248 39.299069417186324 60
      vertex -31.407572699140996 40.24508513033825 60
    endloop
  endfacet
  facet normal 0 0 1
    outer loop
      vertex -31.407572699140996 40.24508513033825 60
      vertex -30.669294790444248 39.299069417186324 60
      vertex -29.695610328947804 40.039895444310154 60
    endloop
  endfacet
  facet normal 0 0 1
    outer loop
      vertex -31.407572699140996 40.24508513033825 60
      vertex -29.695610328947804 40.039895444310154 60
      vertex -30.41044949433872 41.00374448208692 60
    endloop
  endfacet
  facet normal -0.5857978574564386 0.8104571982525949 0
    outer loop
      vertex -29.395008171881003 41.737704711388346 1.5
      vertex -30.41044949433872 41.00374448208692 60
      vertex -29.395008171881003 41.737704711388346 60
    endloop
  endfacet
  facet normal -0.5657318107836098 0.8245893027850276 0
    outer loop
      vertex -28.36186039565069 42.44652370804493 1.5
      vertex -29.395008171881003 41.737704711388346 60
      vertex -28.36186039565069 42.44652370804493 60
    endloop
  endfacet
  facet normal -0.5453249884220492 0.8382247055548363 0
    outer loop
      vertex -27.31162849523631 43.129774505997545 1.5
      vertex -28.36186039565069 42.44652370804493 60
      vertex -27.31162849523631 43.129774505997545 60
    endloop
  endfacet
  facet normal -0.5245896826784688 0.8513551931052653 0
    outer loop
      vertex -26.24494509106397 43.78704554051389 1.5
      vertex -27.31162849523631 43.129774505997545 60
      vertex -26.24494509106397 43.78704554051389 60
    endloop
  endfacet
  facet normal -0.503538383725717 0.8639728561215869 0
    outer loop
      vertex -25.162452713330474 44.417940896099715 1.5
      vertex -26.24494509106397 43.78704554051389 60
      vertex -25.162452713330474 44.417940896099715 60
    endloop
  endfacet
  facet normal -0.4821837720791236 0.8760700941954063 0
    outer loop
      vertex -24.064803414967177 45.022080544983524 1.5
      vertex -25.162452713330474 44.417940896099715 60
      vertex -24.064803414967177 45.022080544983524 60
    endloop
  endfacet
  facet normal -0.46053871095823945 0.8876396204028542 0
    outer loop
      vertex -22.952658378867664 45.599100576031056 1.5
      vertex -24.064803414967177 45.022080544983524 60
      vertex -22.952658378867664 45.599100576031056 60
    endloop
  endfacet
  facet normal -0.4386162385385256 0.8986744656939549 0
    outer loop
      vertex -21.8266875196159 46.14865341395178 1.5
      vertex -22.952658378867664 45.599100576031056 60
      vertex -21.8266875196159 46.14865341395178 60
    endloop
  endfacet
  facet normal -0.41642956009763765 0.9091679830905222 0
    outer loop
      vertex -20.68756907995473 46.670408028665236 1.5
      vertex -21.8266875196159 46.14865341395178 60
      vertex -20.68756907995473 46.670408028665236 60
    endloop
  endfacet
  facet normal -0.39399204006104827 0.9191138516900575 0
    outer loop
      vertex -19.53598922223783 47.164050134701185 1.5
      vertex -20.68756907995473 46.670408028665236 60
      vertex -19.53598922223783 47.164050134701185 60
    endloop
  endfacet
  facet normal -0.37131719395183843 0.9285060804732153 0
    outer loop
      vertex -18.372641615111146 47.629282380513416 1.5
      vertex -19.53598922223783 47.164050134701185 60
      vertex -18.372641615111146 47.629282380513416 60
    endloop
  endfacet
  facet normal -0.34841868024943423 0.9373390119125751 0
    outer loop
      vertex -17.19822701567283 48.06582452759321 1.5
      vertex -18.372641615111146 47.629282380513416 60
      vertex -17.19822701567283 48.06582452759321 60
    endloop
  endfacet
  facet normal -0.3253102921622624 0.9456073253805215 0
    outer loop
      vertex -16.01345284736341 48.47341361927452 1.5
      vertex -17.19822701567283 48.06582452759321 60
      vertex -16.01345284736341 48.47341361927452 60
    endloop
  endfacet
  facet normal -0.30200594931922703 0.9533060403541941 0
    outer loop
      vertex -14.819032773840302 48.85180413912926 1.5
      vertex -16.01345284736341 48.47341361927452 60
      vertex -14.819032773840302 48.85180413912926 60
    endloop
  endfacet
  facet normal -0.2785196893850549 0.9604305194155653 0
    outer loop
      vertex -13.615686269093564 49.2007681588572 1.5
      vertex -14.819032773840302 48.85180413912926 60
      vertex -13.615686269093564 49.2007681588572 60
    endloop
  endfacet
  facet normal -0.25486565960451696 0.9669764710448514 0
    outer loop
      vertex -12.40413818406162 49.52009547558147 1.5
      vertex -13.615686269093564 49.2007681588572 60
      vertex -12.40413818406162 49.52009547558147 60
    endloop
  endfacet
  facet normal -0.23105810828066983 0.9729399522055604 0
    outer loop
      vertex -11.185118310008203 49.80959373846688 1.5
      vertex -12.40413818406162 49.52009547558147 60
      vertex -11.185118310008203 49.80959373846688 60
    endloop
  endfacet
  facet normal -0.20711137619221592 0.9783173707196282 0
    outer loop
      vertex -9.959360938923346 50.06908856458491 1.5
      vertex -11.185118310008203 49.80959373846688 60
      vertex -9.959360938923346 50.06908856458491 60
    endloop
  endfacet
  facet normal -0.18303988795514076 0.9831054874312163 0
    outer loop
      vertex -8.727604421213377 50.298423643955445 1.5
      vertex -9.959360938923346 50.06908856458491 60
      vertex -8.727604421213377 50.298423643955445 60
    endloop
  endfacet
  facet normal -0.15885814333386766 0.9873014181578574 0
    outer loop
      vertex -7.490590720946217 50.49746083370207 1.5
      vertex -8.727604421213377 50.298423643955445 60
      vertex -7.490590720946217 50.49746083370207 60
    endloop
  endfacet
  facet normal -0.13458070850712023 0.9909026354277808 0
    outer loop
      vertex -6.249064968919987 50.66608024126414 1.5
      vertex -7.490590720946217 50.49746083370207 60
      vertex -6.249064968919987 50.66608024126414 60
    endloop
  endfacet
  facet normal -0.11022220729388485 0.9939069700023557 0
    outer loop
      vertex -5.003775013824068 50.80418029661565 1.5
      vertex -6.249064968919987 50.66608024126414 60
      vertex -5.003775013824068 50.80418029661565 60
    endloop
  endfacet
  facet normal -0.08579731234444148 0.9963126121827779 0
    outer loop
      vertex -3.755470971763022 50.911677813447135 1.5
      vertex -5.003775013824068 50.80418029661565 60
      vertex -3.755470971763022 50.911677813447135 60
    endloop
  endfacet
  facet normal -0.06132073630221034 0.9981181129001491 0
    outer loop
      vertex -2.5049047744146895 50.98850803927405 1.5
      vertex -3.755470971763022 50.911677813447135 60
      vertex -2.5049047744146895 50.98850803927405 60
    endloop
  endfacet
  facet normal -0.03680722294135918 0.9993223845883494 0
    outer loop
      vertex -1.2528297160946722 51.03462469444123 1.5
      vertex -2.5049047744146895 50.98850803927405 60
      vertex -1.2528297160946722 51.03462469444123 60
    endloop
  endfacet
  facet normal -0.01227153828571627 0.9999247018391446 0
    outer loop
      vertex -1.2528297160946722 51.03462469444123 60
      vertex 0 51.05 60
      vertex 0 51.05 1.5
    endloop
  endfacet
  facet normal 0 0 1
    outer loop
      vertex -30.41044949433872 41.00374448208692 60
      vertex -29.695610328947804 40.039895444310154 60
      vertex -28.70403834217959 40.75660293560645 60
    endloop
  endfacet
  facet normal 0 0 1
    outer loop
      vertex -30.41044949433872 41.00374448208692 60
      vertex -28.70403834217959 40.75660293560645 60
      vertex -29.395008171881003 41.737704711388346 60
    endloop
  endfacet
  facet normal 0 0 1
    outer loop
      vertex -29.395008171881003 41.737704711388346 60
      vertex -28.70403834217959 40.75660293560645 60
      vertex -27.69517611602717 41.44876017328188 60
    endloop
  endfacet
  facet normal 0 0 1
    outer loop
      vertex -29.395008171881003 41.737704711388346 60
      vertex -27.69517611602717 41.44876017328188 60
      vertex -28.36186039565069 42.44652370804493 60
    endloop
  endfacet
  facet normal 0 0 1
    outer loop
      vertex -28.36186039565069 42.44652370804493 60
      vertex -27.69517611602717 41.44876017328188 60
      vertex -26.669631351371795 42.1159502276979 60
    endloop
  endfacet
  facet normal 0 0 1
    outer loop
      vertex -28.36186039565069 42.44652370804493 60
      vertex -26.669631351371795 42.1159502276979 60
      vertex -27.31162849523631 43.129774505997545 60
    endloop
  endfacet
  facet normal 0 0 1
    outer loop
      vertex -27.31162849523631 43.129774505997545 60
      vertex -26.669631351371795 42.1159502276979 60
      vertex -25.628021798032105 42.75777120851356 60
    endloop
  endfacet
  facet normal 0 0 1
    outer loop
      vertex -27.31162849523631 43.129774505997545 60
      vertex -25.628021798032105 42.75777120851356 60
      vertex -26.24494509106397 43.78704554051389 60
    endloop
  endfacet
  facet normal 0 0 1
    outer loop
      vertex -26.24494509106397 43.78704554051389 60
      vertex -25.628021798032105 42.75777120851356 60
      vertex -24.570974882654735 43.373836506769265 60
    endloop
  endfacet
  facet normal 0 0 1
    outer loop
      vertex -26.24494509106397 43.78704554051389 60
      vertex -24.570974882654735 43.373836506769265 60
      vertex -25.162452713330474 44.417940896099715 60
    endloop
  endfacet
  facet normal 0 0 1
    outer loop
      vertex -25.162452713330474 44.417940896099715 60
      vertex -24.570974882654735 43.373836506769265 60
      vertex -23.499127330775984 43.9637750277655 60
    endloop
  endfacet
  facet normal 0 0 1
    outer loop
      vertex -25.162452713330474 44.417940896099715 60
      vertex -23.499127330775984 43.9637750277655 60
      vertex -24.064803414967177 45.022080544983524 60
    endloop
  endfacet
  facet normal 0 0 1
    outer loop
      vertex -24.064803414967177 45.022080544983524 60
      vertex -23.499127330775984 43.9637750277655 60
      vertex -22.41312478328214 44.52723141459644 60
    endloop
  endfacet
  facet normal 0 0 1
    outer loop
      vertex -24.064803414967177 45.022080544983524 60
      vertex -22.41312478328214 44.52723141459644 60
      vertex -22.952658378867664 45.599100576031056 60
    endloop
  endfacet
  facet normal 0 0 1
    outer loop
      vertex -22.952658378867664 45.599100576031056 60
      vertex -22.41312478328214 44.52723141459644 60
      vertex -21.313621407499564 45.06386626220365 60
    endloop
  endfacet
  facet normal 0 0 1
    outer loop
      vertex -22.952658378867664 45.599100576031056 60
      vertex -21.313621407499564 45.06386626220365 60
      vertex -21.8266875196159 46.14865341395178 60
    endloop
  endfacet
  facet normal 0 0 1
    outer loop
      vertex -21.8266875196159 46.14865341395178 60
      vertex -21.313621407499564 45.06386626220365 60
      vertex -20.201279503148744 45.57335632182101 60
    endloop
  endfacet
  facet normal 0 0 1
    outer loop
      vertex -21.8266875196159 46.14865341395178 60
      vertex -20.201279503148744 45.57335632182101 60
      vertex -20.68756907995473 46.670408028665236 60
    endloop
  endfacet
  facet normal 0 0 1
    outer loop
      vertex -20.68756907995473 46.670408028665236 60
      vertex -20.201279503148744 45.57335632182101 60
      vertex -19.076769103399727 46.055394695687646 60
    endloop
  endfacet
  facet normal 0 0 1
    outer loop
      vertex -20.68756907995473 46.670408028665236 60
      vertex -19.076769103399727 46.055394695687646 60
      vertex -19.53598922223783 47.164050134701185 60
    endloop
  endfacet
  facet normal 0 0 1
    outer loop
      vertex -19.53598922223783 47.164050134701185 60
      vertex -19.076769103399727 46.055394695687646 60
      vertex -17.94076757126916 46.509691021911735 60
    endloop
  endfacet
  facet normal 0 0 1
    outer loop
      vertex -19.53598922223783 47.164050134701185 60
      vertex -17.94076757126916 46.509691021911735 60
      vertex -18.372641615111146 47.629282380513416 60
    endloop
  endfacet
  facet normal 0 0 1
    outer loop
      vertex -18.372641615111146 47.629282380513416 60
      vertex -17.94076757126916 46.509691021911735 60
      vertex -16.79395919160217 46.93597164937359 60
    endloop
  endfacet
  facet normal 0 0 1
    outer loop
      vertex -18.372641615111146 47.629282380513416 60
      vertex -16.79395919160217 46.93597164937359 60
      vertex -17.19822701567283 48.06582452759321 60
    endloop
  endfacet
  facet normal 0 0 1
    outer loop
      vertex -17.19822701567283 48.06582452759321 60
      vertex -16.79395919160217 46.93597164937359 60
      vertex -15.637034758884743 47.33397980256288 60
    endloop
  endfacet
  facet normal 0 0 1
    outer loop
      vertex -17.19822701567283 48.06582452759321 60
      vertex -15.637034758884743 47.33397980256288 60
      vertex -16.01345284736341 48.47341361927452 60
    endloop
  endfacet
  facet normal 0 0 1
    outer loop
      vertex -16.01345284736341 48.47341361927452 60
      vertex -15.637034758884743 47.33397980256288 60
      vertex -14.470691161134948 47.70347573625061 60
    endloop
  endfacet
  facet normal 0 0 1
    outer loop
      vertex -16.01345284736341 48.47341361927452 60
      vertex -14.470691161134948 47.70347573625061 60
      vertex -14.819032773840302 48.85180413912926 60
    endloop
  endfacet
  facet normal 0 0 1
    outer loop
      vertex -14.819032773840302 48.85180413912926 60
      vertex -14.470691161134948 47.70347573625061 60
      vertex -13.295630960123686 48.04423687990268 60
    endloop
  endfacet
  facet normal 0 0 1
    outer loop
      vertex -14.819032773840302 48.85180413912926 60
      vertex -13.295630960123686 48.04423687990268 60
      vertex -13.615686269093564 49.2007681588572 60
    endloop
  endfacet
  facet normal 0 0 1
    outer loop
      vertex -13.615686269093564 49.2007681588572 60
      vertex -13.295630960123686 48.04423687990268 60
      vertex -12.112561968177705 48.356057971748015 60
    endloop
  endfacet
  facet normal 0 0 1
    outer loop
      vertex -13.615686269093564 49.2007681588572 60
      vertex -12.112561968177705 48.356057971748015 60
      vertex -12.40413818406162 49.52009547558147 60
    endloop
  endfacet
  facet normal 0 0 1
    outer loop
      vertex -12.40413818406162 49.52009547558147 60
      vertex -12.112561968177705 48.356057971748015 60
      vertex -10.92219682181996 48.63875118242065 60
    endloop
  endfacet
  facet normal 0 0 1
    outer loop
      vertex -12.40413818406162 49.52009547558147 60
      vertex -10.92219682181996 48.63875118242065 60
      vertex -11.185118310008203 49.80959373846688 60
    endloop
  endfacet
  facet normal 0 0 1
    outer loop
      vertex -11.185118310008203 49.80959373846688 60
      vertex -10.92219682181996 48.63875118242065 60
      vertex -9.725252552503994 48.89214622810104 60
    endloop
  endfacet
  facet normal 0 0 1
    outer loop
      vertex -11.185118310008203 49.80959373846688 60
      vertex -9.725252552503994 48.89214622810104 60
      vertex -9.959360938923346 50.06908856458491 60
    endloop
  endfacet
  facet normal 0 0 1
    outer loop
      vertex -9.959360938923346 50.06908856458491 60
      vertex -9.725252552503994 48.89214622810104 60
      vertex -8.522450154701016 49.11609047308872 60
    endloop
  endfacet
  facet normal 0 0 1
    outer loop
      vertex -9.959360938923346 50.06908856458491 60
      vertex -8.522450154701016 49.11609047308872 60
      vertex -8.727604421213377 50.298423643955445 60
    endloop
  endfacet
  facet normal 0 0 1
    outer loop
      vertex -8.727604421213377 50.298423643955445 60
      vertex -8.522450154701016 49.11609047308872 60
      vertex -7.314514151599783 49.31044902174433 60
    endloop
  endfacet
  facet normal 0 0 1
    outer loop
      vertex -8.727604421213377 50.298423643955445 60
      vertex -7.314514151599783 49.31044902174433 60
      vertex -7.490590720946217 50.49746083370207 60
    endloop
  endfacet
  facet normal 0 0 1
    outer loop
      vertex -7.490590720946217 50.49746083370207 60
      vertex -7.314514151599783 49.31044902174433 60
      vertex -6.102172158680927 49.475104799745694 60
    endloop
  endfacet
  facet normal 0 0 1
    outer loop
      vertex -7.490590720946217 50.49746083370207 60
      vertex -6.102172158680927 49.475104799745694 60
      vertex -6.249064968919987 50.66608024126414 60
    endloop
  endfacet
  facet normal 0 0 1
    outer loop
      vertex -6.249064968919987 50.66608024126414 60
      vertex -6.102172158680927 49.475104799745694 60
      vertex -4.886154445428597 49.60995862460902 60
    endloop
  endfacet
  facet normal 0 0 1
    outer loop
      vertex -6.249064968919987 50.66608024126414 60
      vertex -4.886154445428597 49.60995862460902 60
      vertex -5.003775013824068 50.80418029661565 60
    endloop
  endfacet
  facet normal 0 0 1
    outer loop
      vertex -5.003775013824068 50.80418029661565 60
      vertex -4.886154445428597 49.60995862460902 60
      vertex -3.667193495443421 49.71492926543271 60
    endloop
  endfacet
  facet normal 0 0 1
    outer loop
      vertex -5.003775013824068 50.80418029661565 60
      vertex -3.667193495443421 49.71492926543271 60
      vertex -3.755470971763022 50.911677813447135 60
    endloop
  endfacet
  facet normal 0 0 1
    outer loop
      vertex -3.755470971763022 50.911677813447135 60
      vertex -3.667193495443421 49.71492926543271 60
      vertex -2.4460235652217883 49.789953491827845 60
    endloop
  endfacet
  facet normal 0 0 1
    outer loop
      vertex -3.755470971763022 50.911677813447135 60
      vertex -2.4460235652217883 49.789953491827845 60
      vertex -2.5049047744146895 50.98850803927405 60
    endloop
  endfacet
  facet normal 0 0 1
    outer loop
      vertex -2.5049047744146895 50.98850803927405 60
      vertex -2.4460235652217883 49.789953491827845 60
      vertex -1.2233802418671775 49.83498611200579 60
    endloop
  endfacet
  facet normal 0 0 1
    outer loop
      vertex -2.5049047744146895 50.98850803927405 60
      vertex -1.2233802418671775 49.83498611200579 60
      vertex -1.2528297160946722 51.03462469444123 60
    endloop
  endfacet
  facet normal 0 0 1
    outer loop
      vertex -1.2528297160946722 51.03462469444123 60
      vertex -1.2233802418671775 49.83498611200579 60
      vertex 0 49.85 60
    endloop
  endfacet
  facet normal 0 0 1
    outer loop
      vertex -1.2528297160946722 51.03462469444123 60
      vertex 0 49.85 60
      vertex 0 51.05 60
    endloop
  endfacet
  facet normal 0 0 -1
    outer loop
      vertex 1.4724737113747373 -51.02653472705264 0
      vertex 1.4724737113747373 -49.82581145625225 0
      vertex 1.582428153956295 -51.02248486512229 0
    endloop
  endfacet
  facet normal 0 0 -1
    outer loop
      vertex 1.582428153956295 -51.02248486512229 0
      vertex 1.4724737113747373 -49.82581145625225 0
      vertex 1.597170649051029 -49.82121859607425 0
    endloop
  endfacet
  facet normal 0 0 -1
    outer loop
      vertex 2.944060459645081 -50.961527915758026 0
      vertex 2.944060459645081 -49.75935592158341 0
      vertex 3.0541808332078406 -50.95476252166141 0
    endloop
  endfacet
  facet normal 0 0 -1
    outer loop
      vertex 3.0541808332078406 -50.95476252166141 0
      vertex 2.944060459645081 -49.75935592158341 0
      vertex 3.068945576031898 -49.75168343554088 0
    endloop
  endfacet
  facet normal 0 0 -1
    outer loop
      vertex 4.413873815980046 -50.85497955048929 0
      vertex 4.539023179124165 -49.63985178195287 0
      vertex 4.524227195304171 -50.845476485649634 0
    endloop
  endfacet
  facet normal 0 0 -1
    outer loop
      vertex 4.413873815980046 -50.85497955048929 0
      vertex 4.413873815980046 -49.6506290007375 0
      vertex 4.539023179124165 -49.63985178195287 0
    endloop
  endfacet
  facet normal 0 0 -1
    outer loop
      vertex 5.881028419773636 -50.706894725955436 0
      vertex 6.00651890135232 -49.48571254622078 0
      vertex 5.991682588259273 -50.694623409761 0
    endloop
  endfacet
  facet normal 0 0 -1
    outer loop
      vertex 5.881028419773636 -50.706894725955436 0
      vertex 5.881028419773636 -49.49962917855302 0
      vertex 6.00651890135232 -49.48571254622078 0
    endloop
  endfacet
  facet normal 0 0 -1
    outer loop
      vertex 7.344640511952972 -50.51728324796439 0
      vertex 7.47059815867342 -49.285334892348985 0
      vertex 7.455664173082917 -50.50220442746103 0
    endloop
  endfacet
  facet normal 0 0 -1
    outer loop
      vertex 7.344640511952972 -50.51728324796439 0
      vertex 7.344640511952972 -49.30560164931774 0
      vertex 7.47059815867342 -49.285334892348985 0
    endloop
  endfacet
  facet normal 0 0 -1
    outer loop
      vertex 8.803828467321704 -50.28423183947716 0
      vertex 8.803828467321704 -49.063701939535036 0
      vertex 8.915349835222807 -50.263468189038626 0
    endloop
  endfacet
  facet normal 0 0 -1
    outer loop
      vertex 8.915349835222807 -50.263468189038626 0
      vertex 8.803828467321704 -49.063701939535036 0
      vertex 8.930363046990927 -49.04014304826527 0
    endloop
  endfacet
  facet normal 0 0 -1
    outer loop
      vertex 10.257713325618074 -50.0059268797902 0
      vertex 10.257713325618074 -48.779423417703725 0
      vertex 10.36981569038745 -49.982194627111596 0
    endloop
  endfacet
  facet normal 0 0 -1
    outer loop
      vertex 10.36981569038745 -49.982194627111596 0
      vertex 10.257713325618074 -48.779423417703725 0
      vertex 10.384907117023124 -48.75249628549751 0
    endloop
  endfacet
  facet normal 0 0 -1
    outer loop
      vertex 11.705419320967694 -49.686030339660725 0
      vertex 11.705419320967694 -48.4527480189102 0
      vertex 11.818177044729302 -49.65925213378345 0
    endloop
  endfacet
  facet normal 0 0 -1
    outer loop
      vertex 11.818177044729302 -49.65925213378345 0
      vertex 11.705419320967694 -48.4527480189102 0
      vertex 11.8333566969985 -48.42236488168055 0
    endloop
  endfacet
  facet normal 0 0 -1
    outer loop
      vertex 13.146074409412188 -49.32454359699839 0
      vertex 13.274842136279482 -48.049716183133015 0
      vertex 13.259563963645475 -49.29463119378693 0
    endloop
  endfacet
  facet normal 0 0 -1
    outer loop
      vertex 13.146074409412188 -49.32454359699839 0
      vertex 13.146074409412188 -48.083655449109514 0
      vertex 13.274842136279482 -48.049716183133015 0
    endloop
  endfacet
  facet normal 0 0 -1
    outer loop
      vertex 14.578810794195832 -48.921467222300286 0
      vertex 14.708576881977384 -47.62811389030467 0
      vertex 14.693111040515937 -48.888320765104105 0
    endloop
  endfacet
  facet normal 0 0 -1
    outer loop
      vertex 14.578810794195832 -48.921467222300286 0
      vertex 14.578810794195832 -47.66922359576227 0
      vertex 14.708576881977384 -47.62811389030467 0
    endloop
  endfacet
  facet normal 0 0 -1
    outer loop
      vertex 17.41708063526774 -47.984474356163254 0
      vertex 17.41708063526774 -46.7043509142096 0
      vertex 17.533364298180945 -47.94125050667883 0
    endloop
  endfacet
  facet normal 0 0 -1
    outer loop
      vertex 17.533364298180945 -47.94125050667883 0
      vertex 17.41708063526774 -46.7043509142096 0
      vertex 17.54914656052224 -46.6552606333205 0
    endloop
  endfacet
  facet normal 0 0 -1
    outer loop
      vertex 18.82090442393349 -47.450018408176206 0
      vertex 18.82090442393349 -46.15771707871649 0
      vertex 18.938335123827063 -47.40305690853147 0
    endloop
  endfacet
  facet normal 0 0 -1
    outer loop
      vertex 18.938335123827063 -47.40305690853147 0
      vertex 18.82090442393349 -46.15771707871649 0
      vertex 18.95427306443034 -46.10438186595706 0
    endloop
  endfacet
  facet normal 0 0 -1
    outer loop
      vertex 20.213391203533202 -46.87367154007855 0
      vertex 20.348223752868012 -45.50605090587195 0
      vertex 20.332063991089115 -46.822800656582544 0
    endloop
  endfacet
  facet normal 0 0 -1
    outer loop
      vertex 20.213391203533202 -46.87367154007855 0
      vertex 20.213391203533202 -45.567808755082034 0
      vertex 20.348223752868012 -45.50605090587195 0
    endloop
  endfacet
  facet normal 0 0 -1
    outer loop
      vertex 21.59370219209929 -46.255368541685534 0
      vertex 21.73015972107613 -44.86056631847258 0
      vertex 21.71371668889193 -46.20039785966172 0
    endloop
  endfacet
  facet normal 0 0 -1
    outer loop
      vertex 21.59370219209929 -46.255368541685534 0
      vertex 21.59370219209929 -44.9271671738044 0
      vertex 21.73015972107613 -44.86056631847258 0
    endloop
  endfacet
  facet normal 0 0 -1
    outer loop
      vertex 22.961005941905388 -45.594769566201535 0
      vertex 22.961005941905388 -44.91891409188893 0
      vertex 23.082516158498976 -45.53172578443245 0
    endloop
  endfacet
  facet normal 0 0 -1
    outer loop
      vertex 23.082516158498976 -45.53172578443245 0
      vertex 22.961005941905388 -44.91891409188893 0
      vertex 23.09921236224073 -44.171265004405505 0
    endloop
  endfacet
  facet normal 0 0 -1
    outer loop
      vertex 22.961005941905388 -44.91891409188893 0
      vertex 22.970467727449986 -44.23806225723928 0
      vertex 23.09921236224073 -44.171265004405505 0
    endloop
  endfacet
  facet normal 0 0 -1
    outer loop
      vertex 24.31447884029939 -44.88466067506693 0
      vertex 24.31447884029939 -43.51501040375048 0
      vertex 24.437641748082793 -44.816872542760265 0
    endloop
  endfacet
  facet normal 0 0 -1
    outer loop
      vertex 24.437641748082793 -44.816872542760265 0
      vertex 24.31447884029939 -43.51501040375048 0
      vertex 24.45456504111466 -43.437907791558956 0
    endloop
  endfacet
  facet normal 0 0 -1
    outer loop
      vertex 25.653305605816925 -44.13186330653371 0
      vertex 25.795479267734986 -42.654586942293065 0
      vertex 25.778243077413478 -44.059047578506195 0
    endloop
  endfacet
  facet normal 0 0 -1
    outer loop
      vertex 25.653305605816925 -44.13186330653371 0
      vertex 25.653305605816925 -42.7421917831337 0
      vertex 25.795479267734986 -42.654586942293065 0
    endloop
  endfacet
  facet normal 0 0 -1
    outer loop
      vertex 26.976679779276395 -43.33616385094073 0
      vertex 27.121141974140556 -41.822210346849566 0
      vertex 27.103521220512174 -43.258006447371415 0
    endloop
  endfacet
  facet normal 0 0 -1
    outer loop
      vertex 26.976679779276395 -43.33616385094073 0
      vertex 26.976679779276395 -41.91619331373143 0
      vertex 27.121141974140556 -41.822210346849566 0
    endloop
  endfacet
  facet normal 0 0 -1
    outer loop
      vertex 29.57389153378704 -41.608407951034934 0
      vertex 29.57389153378704 -40.127873698524056 0
      vertex 29.705104431962997 -41.51356736625409 0
    endloop
  endfacet
  facet normal 0 0 -1
    outer loop
      vertex 29.705104431962997 -41.51356736625409 0
      vertex 29.57389153378704 -40.127873698524056 0
      vertex 29.695610328947804 -40.039895444310154 0
    endloop
  endfacet
  facet normal 0 0 -1
    outer loop
      vertex 29.705104431962997 -41.51356736625409 0
      vertex 29.695610328947804 -40.039895444310154 0
      vertex 29.72344996726119 -40.01871370683375 0
    endloop
  endfacet
  facet normal 0.01227153828571627 -0.9999247018391446 0
    outer loop
      vertex 0 -51.05 1.5
      vertex 1.2528297160946722 -51.03462469444123 1.5
      vertex 1.2528297160946722 -51.03462469444123 60
    endloop
  endfacet
  facet normal 0.03680722294135918 -0.9993223845883494 0
    outer loop
      vertex 1.2528297160946722 -51.03462469444123 1.5
      vertex 2.5049047744146895 -50.98850803927405 1.5
      vertex 2.5049047744146895 -50.98850803927405 60
    endloop
  endfacet
  facet normal 0.06132073630221034 -0.9981181129001491 0
    outer loop
      vertex 2.5049047744146895 -50.98850803927405 1.5
      vertex 3.755470971763022 -50.911677813447135 1.5
      vertex 3.755470971763022 -50.911677813447135 60
    endloop
  endfacet
  facet normal 0.08579731234444148 -0.9963126121827779 0
    outer loop
      vertex 3.755470971763022 -50.911677813447135 1.5
      vertex 5.003775013824068 -50.80418029661565 1.5
      vertex 5.003775013824068 -50.80418029661565 60
    endloop
  endfacet
  facet normal 0.11022220729388485 -0.9939069700023557 0
    outer loop
      vertex 5.003775013824068 -50.80418029661565 1.5
      vertex 6.249064968919987 -50.66608024126414 1.5
      vertex 6.249064968919987 -50.66608024126414 60
    endloop
  endfacet
  facet normal 0.13458070850712023 -0.9909026354277808 0
    outer loop
      vertex 6.249064968919987 -50.66608024126414 1.5
      vertex 7.490590720946217 -50.49746083370207 1.5
      vertex 7.490590720946217 -50.49746083370207 60
    endloop
  endfacet
  facet normal 0.15885814333386766 -0.9873014181578574 0
    outer loop
      vertex 7.490590720946217 -50.49746083370207 1.5
      vertex 8.727604421213377 -50.298423643955445 1.5
      vertex 8.727604421213377 -50.298423643955445 60
    endloop
  endfacet
  facet normal 0.18303988795514076 -0.9831054874312163 0
    outer loop
      vertex 8.727604421213377 -50.298423643955445 1.5
      vertex 9.959360938923346 -50.06908856458491 1.5
      vertex 9.959360938923346 -50.06908856458491 60
    endloop
  endfacet
  facet normal 0.20711137619221592 -0.9783173707196282 0
    outer loop
      vertex 9.959360938923346 -50.06908856458491 1.5
      vertex 11.185118310008203 -49.80959373846688 1.5
      vertex 11.185118310008203 -49.80959373846688 60
    endloop
  endfacet
  facet normal 0.23105810828066983 -0.9729399522055604 0
    outer loop
      vertex 11.185118310008203 -49.80959373846688 1.5
      vertex 12.40413818406162 -49.52009547558147 1.5
      vertex 12.40413818406162 -49.52009547558147 60
    endloop
  endfacet
  facet normal 0.25486565960451696 -0.9669764710448514 0
    outer loop
      vertex 12.40413818406162 -49.52009547558147 1.5
      vertex 13.615686269093564 -49.2007681588572 1.5
      vertex 13.615686269093564 -49.2007681588572 60
    endloop
  endfacet
  facet normal 0.2785196893850549 -0.9604305194155653 0
    outer loop
      vertex 13.615686269093564 -49.2007681588572 1.5
      vertex 14.819032773840302 -48.85180413912926 1.5
      vertex 14.819032773840302 -48.85180413912926 60
    endloop
  endfacet
  facet normal 0.30200594931922703 -0.9533060403541941 0
    outer loop
      vertex 14.819032773840302 -48.85180413912926 1.5
      vertex 16.01345284736341 -48.47341361927452 1.5
      vertex 16.01345284736341 -48.47341361927452 60
    endloop
  endfacet
  facet normal 0.3253102921622624 -0.9456073253805215 0
    outer loop
      vertex 16.01345284736341 -48.47341361927452 1.5
      vertex 17.19822701567283 -48.06582452759321 1.5
      vertex 17.19822701567283 -48.06582452759321 60
    endloop
  endfacet
  facet normal 0.34841868024943423 -0.9373390119125751 0
    outer loop
      vertex 17.19822701567283 -48.06582452759321 1.5
      vertex 18.372641615111146 -47.629282380513416 1.5
      vertex 18.372641615111146 -47.629282380513416 60
    endloop
  endfacet
  facet normal 0.37131719395183843 -0.9285060804732153 0
    outer loop
      vertex 18.372641615111146 -47.629282380513416 1.5
      vertex 19.53598922223783 -47.164050134701185 1.5
      vertex 19.53598922223783 -47.164050134701185 60
    endloop
  endfacet
  facet normal 0.39399204006104827 -0.9191138516900575 0
    outer loop
      vertex 19.53598922223783 -47.164050134701185 1.5
      vertex 20.68756907995473 -46.670408028665236 1.5
      vertex 20.68756907995473 -46.670408028665236 60
    endloop
  endfacet
  facet normal 0.41642956009763765 -0.9091679830905222 0
    outer loop
      vertex 20.68756907995473 -46.670408028665236 1.5
      vertex 21.8266875196159 -46.14865341395178 1.5
      vertex 21.8266875196159 -46.14865341395178 60
    endloop
  endfacet
  facet normal 0.4386162385385256 -0.8986744656939549 0
    outer loop
      vertex 21.8266875196159 -46.14865341395178 1.5
      vertex 22.952658378867664 -45.599100576031056 1.5
      vertex 22.952658378867664 -45.599100576031056 60
    endloop
  endfacet
  facet normal 0.46053871095823945 -0.8876396204028542 0
    outer loop
      vertex 22.952658378867664 -45.599100576031056 1.5
      vertex 24.064803414967177 -45.022080544983524 1.5
      vertex 24.064803414967177 -45.022080544983524 60
    endloop
  endfacet
  facet normal 0.4821837720791236 -0.8760700941954063 0
    outer loop
      vertex 24.064803414967177 -45.022080544983524 1.5
      vertex 25.162452713330474 -44.417940896099715 1.5
      vertex 25.162452713330474 -44.417940896099715 60
    endloop
  endfacet
  facet normal 0.503538383725717 -0.8639728561215869 0
    outer loop
      vertex 25.162452713330474 -44.417940896099715 1.5
      vertex 26.24494509106397 -43.78704554051389 1.5
      vertex 26.24494509106397 -43.78704554051389 60
    endloop
  endfacet
  facet normal 0.5245896826784688 -0.8513551931052653 0
    outer loop
      vertex 26.24494509106397 -43.78704554051389 1.5
      vertex 27.31162849523631 -43.129774505997545 1.5
      vertex 27.31162849523631 -43.129774505997545 60
    endloop
  endfacet
  facet normal 0.5453249884220492 -0.8382247055548363 0
    outer loop
      vertex 27.31162849523631 -43.129774505997545 1.5
      vertex 28.36186039565069 -42.44652370804493 1.5
      vertex 28.36186039565069 -42.44652370804493 60
    endloop
  endfacet
  facet normal 0.5657318107836098 -0.8245893027850276 0
    outer loop
      vertex 28.36186039565069 -42.44652370804493 1.5
      vertex 29.395008171881003 -41.737704711388346 1.5
      vertex 29.395008171881003 -41.737704711388346 60
    endloop
  endfacet
  facet normal 0 0 -1
    outer loop
      vertex 30.846164651593305 -40.672231408117916 0
      vertex 30.846164651593305 -39.1575124286621 0
      vertex 30.998690217370424 -39.03543928616008 0
    endloop
  endfacet
  facet normal 0 0 -1
    outer loop
      vertex 30.846164651593305 -40.672231408117916 0
      vertex 30.998690217370424 -39.03543928616008 0
      vertex 30.979851041673896 -40.57051636473341 0
    endloop
  endfacet
  facet normal 0 0 -1
    outer loop
      vertex 32.09985719322583 -39.691018385738516 0
      vertex 32.255565697286166 -38.00358047643204 0
      vertex 32.23619582562577 -39.58190038170626 0
    endloop
  endfacet
  facet normal 0 0 -1
    outer loop
      vertex 32.09985719322583 -39.691018385738516 0
      vertex 32.09985719322583 -38.13459764210846 0
      vertex 32.255565697286166 -38.00358047643204 0
    endloop
  endfacet
  facet normal 0 0 -1
    outer loop
      vertex 34.54849148507072 -37.579004608782085 0
      vertex 34.54849148507072 -35.93306250349265 0
      vertex 34.69095546189 -37.44666234514963 0
    endloop
  endfacet
  facet normal 0 0 -1
    outer loop
      vertex 34.69095546189 -37.44666234514963 0
      vertex 34.54849148507072 -35.93306250349265 0
      vertex 34.7114828624426 -35.774023235105915 0
    endloop
  endfacet
  facet normal 0 0 -1
    outer loop
      vertex 35.741958269546004 -36.44501584199199 0
      vertex 35.90910189742149 -34.57304750966652 0
      vertex 35.887875579890405 -36.302636639752436 0
    endloop
  endfacet
  facet normal 0 0 -1
    outer loop
      vertex 35.741958269546004 -36.44501584199199 0
      vertex 35.741958269546004 -34.744344639002605 0
      vertex 35.90910189742149 -34.57304750966652 0
    endloop
  endfacet
  facet normal 0 0 -1
    outer loop
      vertex 38.06359704981873 -34.013879099258396 0
      vertex 38.06359704981873 -32.184238472241866 0
      vertex 38.217503588011965 -33.83982378080703 0
    endloop
  endfacet
  facet normal 0 0 -1
    outer loop
      vertex 38.217503588011965 -33.83982378080703 0
      vertex 38.06359704981873 -32.184238472241866 0
      vertex 38.24040042958511 -31.974114938931535 0
    endloop
  endfacet
  facet normal 0 0 -1
    outer loop
      vertex 39.1903705772266 -32.70881578907943 0
      vertex 39.299069417186324 -30.669294790444248 0
      vertex 39.348833117121515 -32.52048958839227 0
    endloop
  endfacet
  facet normal 0 0 -1
    outer loop
      vertex 39.1903705772266 -32.70881578907943 0
      vertex 39.1903705772266 -30.805109693905898 0
      vertex 39.299069417186324 -30.669294790444248 0
    endloop
  endfacet
  facet normal 0 0 -1
    outer loop
      vertex 39.348833117121515 -32.52048958839227 0
      vertex 39.299069417186324 -30.669294790444248 0
      vertex 39.372740142658984 -30.572467683898882 0
    endloop
  endfacet
  facet normal 0 0 -1
    outer loop
      vertex 40.29353729082111 -31.343890924931138 0
      vertex 40.29353729082111 -29.344694295940347 0
      vertex 40.457106626713646 -31.1289080343405 0
    endloop
  endfacet
  facet normal 0.5857978574564386 -0.8104571982525949 0
    outer loop
      vertex 29.395008171881003 -41.737704711388346 1.5
      vertex 30.41044949433872 -41.00374448208692 1.5
      vertex 30.41044949433872 -41.00374448208692 60
    endloop
  endfacet
  facet normal 0.6055110414043248 -0.7958369046088841 0
    outer loop
      vertex 30.41044949433872 -41.00374448208692 1.5
      vertex 31.407572699140996 -40.24508513033825 1.5
      vertex 31.407572699140996 -40.24508513033825 60
    endloop
  endfacet
  facet normal 0.6248594881423875 -0.7807372285720937 0
    outer loop
      vertex 31.407572699140996 -40.24508513033825 1.5
      vertex 32.3857771565541 -39.46218364416772 1.5
      vertex 32.3857771565541 -39.46218364416772 60
    endloop
  endfacet
  facet normal 0.6438315428897916 -0.7651672656224588 0
    outer loop
      vertex 32.3857771565541 -39.46218364416772 1.5
      vertex 33.344473632790304 -38.65551161415603 1.5
      vertex 33.344473632790304 -38.65551161415603 60
    endloop
  endfacet
  facet normal 0.6624157775901708 -0.7491363945234603 0
    outer loop
      vertex 33.344473632790304 -38.65551161415603 1.5
      vertex 34.28308464494029 -37.82555494937066 1.5
      vertex 34.28308464494029 -37.82555494937066 60
    endloop
  endfacet
  facet normal 0.6806009977954541 -0.7326542716724117 0
    outer loop
      vertex 34.28308464494029 -37.82555494937066 1.5
      vertex 35.20104480882726 -36.97281358467239 1.5
      vertex 35.20104480882726 -36.97281358467239 60
    endloop
  endfacet
  facet normal 0.6983762494089704 -0.715730825283821 0
    outer loop
      vertex 35.20104480882726 -36.97281358467239 1.5
      vertex 36.09780117957325 -36.09780117957325 1.5
      vertex 36.09780117957325 -36.09780117957325 60
    endloop
  endfacet
  facet normal 0.715730825283821 -0.6983762494089704 0
    outer loop
      vertex 36.09780117957325 -36.09780117957325 1.5
      vertex 36.97281358467239 -35.20104480882726 1.5
      vertex 36.97281358467239 -35.20104480882726 60
    endloop
  endfacet
  facet normal 0.7326542716724117 -0.6806009977954541 0
    outer loop
      vertex 36.97281358467239 -35.20104480882726 1.5
      vertex 37.82555494937066 -34.28308464494029 1.5
      vertex 37.82555494937066 -34.28308464494029 60
    endloop
  endfacet
  facet normal 0.7491363945234603 -0.6624157775901708 0
    outer loop
      vertex 37.82555494937066 -34.28308464494029 1.5
      vertex 38.65551161415603 -33.344473632790304 1.5
      vertex 38.65551161415603 -33.344473632790304 60
    endloop
  endfacet
  facet normal 0.7651672656224588 -0.6438315428897916 0
    outer loop
      vertex 38.65551161415603 -33.344473632790304 1.5
      vertex 39.46218364416772 -32.3857771565541 1.5
      vertex 39.46218364416772 -32.3857771565541 60
    endloop
  endfacet
  facet normal 0.7807372285720937 -0.6248594881423875 0
    outer loop
      vertex 39.46218364416772 -32.3857771565541 1.5
      vertex 40.24508513033825 -31.407572699140996 1.5
      vertex 40.24508513033825 -31.407572699140996 60
    endloop
  endfacet
  facet normal 0.7958369046088841 -0.6055110414043248 0
    outer loop
      vertex 40.24508513033825 -31.407572699140996 1.5
      vertex 41.00374448208692 -30.41044949433872 1.5
      vertex 41.00374448208692 -30.41044949433872 60
    endloop
  endfacet
  facet normal 0 0 -1
    outer loop
      vertex 40.457106626713646 -31.1289080343405 0
      vertex 40.29353729082111 -29.344694295940347 0
      vertex 40.48220675559748 -29.08366820328372 0
    endloop
  endfacet
  facet normal 0 0 -1
    outer loop
      vertex 41.37243268422401 -29.900365676978517 0
      vertex 41.44876017328188 -27.69517611602717 0
      vertex 41.54165247143744 -29.66624840787585 0
    endloop
  endfacet
  facet normal 0 0 -1
    outer loop
      vertex 41.37243268422401 -29.900365676978517 0
      vertex 41.37243268422401 -27.80642817890549 0
      vertex 41.44876017328188 -27.69517611602717 0
    endloop
  endfacet
  facet normal 0 0 -1
    outer loop
      vertex 41.54165247143744 -29.66624840787585 0
      vertex 41.44876017328188 -27.69517611602717 0
      vertex 41.568093501332555 -27.51174761762369 0
    endloop
  endfacet
  facet normal 0 0 -1
    outer loop
      vertex 43.45482497708802 -26.784104954988177 0
      vertex 43.66756978073409 -24.0372967460366 0
      vertex 43.63749796850005 -26.48764544574917 0
    endloop
  endfacet
  facet normal 0 0 -1
    outer loop
      vertex 43.45482497708802 -26.784104954988177 0
      vertex 43.45482497708802 -24.42382854358372 0
      vertex 43.66756978073409 -24.0372967460366 0
    endloop
  endfacet
  facet normal 0 0 -1
    outer loop
      vertex 44.457067521297546 -25.091364327102106 0
      vertex 44.457067521297546 -22.54835826123285 0
      vertex 44.6478905103368 -24.74466183800458 0
    endloop
  endfacet
  facet normal 0 0 -1
    outer loop
      vertex 44.6478905103368 -24.74466183800458 0
      vertex 44.457067521297546 -22.54835826123285 0
      vertex 44.52723141459644 -22.41312478328214 0
    endloop
  endfacet
  facet normal 0 0 -1
    outer loop
      vertex 44.6478905103368 -24.74466183800458 0
      vertex 44.52723141459644 -22.41312478328214 0
      vertex 44.68035447055921 -22.099393169146577 0
    endloop
  endfacet
  facet normal 0 0 -1
    outer loop
      vertex 46.38062720176422 -21.32023178014856 0
      vertex 46.63160914145425 -17.612775370551315 0
      vertex 46.59176675280379 -20.859262295359162 0
    endloop
  endfacet
  facet normal 0 0 -1
    outer loop
      vertex 46.38062720176422 -21.32023178014856 0
      vertex 46.38062720176422 -18.263501190202014 0
      vertex 46.509691021911735 -17.94076757126916 0
    endloop
  endfacet
  facet normal 0 0 -1
    outer loop
      vertex 46.38062720176422 -21.32023178014856 0
      vertex 46.509691021911735 -17.94076757126916 0
      vertex 46.63160914145425 -17.612775370551315 0
    endloop
  endfacet
  facet normal 0 0 -1
    outer loop
      vertex 47.30078565759638 -19.19407194371466 0
      vertex 47.571090566872286 -14.888575583299982 0
      vertex 47.525136446417925 -18.633066218763542 0
    endloop
  endfacet
  facet normal 0 0 -1
    outer loop
      vertex 47.30078565759638 -19.19407194371466 0
      vertex 47.30078565759638 -15.733523026844031 0
      vertex 47.33397980256288 -15.637034758884743 0
    endloop
  endfacet
  facet normal 0 0 -1
    outer loop
      vertex 47.30078565759638 -19.19407194371466 0
      vertex 47.33397980256288 -15.637034758884743 0
      vertex 47.571090566872286 -14.888575583299982 0
    endloop
  endfacet
  facet normal 0 0 -1
    outer loop
      vertex 48.1924518888387 -16.830148404967165 0
      vertex 48.47341361927452 -12.8482860995972 0
      vertex 48.43313225547251 -16.13054214212356 0
    endloop
  endfacet
  facet normal 0 0 -1
    outer loop
      vertex 48.1924518888387 -16.830148404967165 0
      vertex 48.1924518888387 -12.733293819375767 0
      vertex 48.47341361927452 -12.8482860995972 0
    endloop
  endfacet
  facet normal 0 0 -1
    outer loop
      vertex 48.47341361927452 -12.8482860995972 0
      vertex 48.1924518888387 -12.733293819375767 0
      vertex 48.356057971748015 -12.112561968177705 0
    endloop
  endfacet
  facet normal 0 0 -1
    outer loop
      vertex 48.47341361927452 -12.8482860995972 0
      vertex 48.356057971748015 -12.112561968177705 0
      vertex 48.42509255179792 -11.821871018121557 0
    endloop
  endfacet
  facet normal 0.8104571982525949 -0.5857978574564386 0
    outer loop
      vertex 41.00374448208692 -30.41044949433872 1.5
      vertex 41.737704711388346 -29.395008171881003 1.5
      vertex 41.737704711388346 -29.395008171881003 60
    endloop
  endfacet
  facet normal 0.8245893027850276 -0.5657318107836098 0
    outer loop
      vertex 41.737704711388346 -29.395008171881003 1.5
      vertex 42.44652370804493 -28.36186039565069 1.5
      vertex 42.44652370804493 -28.36186039565069 60
    endloop
  endfacet
  facet normal 0.8382247055548363 -0.5453249884220492 0
    outer loop
      vertex 42.44652370804493 -28.36186039565069 1.5
      vertex 43.129774505997545 -27.31162849523631 1.5
      vertex 43.129774505997545 -27.31162849523631 60
    endloop
  endfacet
  facet normal 0.8513551931052653 -0.5245896826784688 0
    outer loop
      vertex 43.129774505997545 -27.31162849523631 1.5
      vertex 43.78704554051389 -26.24494509106397 1.5
      vertex 43.78704554051389 -26.24494509106397 60
    endloop
  endfacet
  facet normal 0.8639728561215869 -0.503538383725717 0
    outer loop
      vertex 43.78704554051389 -26.24494509106397 1.5
      vertex 44.417940896099715 -25.162452713330474 1.5
      vertex 44.417940896099715 -25.162452713330474 60
    endloop
  endfacet
  facet normal 0.8760700941954063 -0.4821837720791236 0
    outer loop
      vertex 44.417940896099715 -25.162452713330474 1.5
      vertex 45.022080544983524 -24.064803414967177 1.5
      vertex 45.022080544983524 -24.064803414967177 60
    endloop
  endfacet
  facet normal 0.8876396204028542 -0.46053871095823945 0
    outer loop
      vertex 45.022080544983524 -24.064803414967177 1.5
      vertex 45.599100576031056 -22.952658378867664 1.5
      vertex 45.599100576031056 -22.952658378867664 60
    endloop
  endfacet
  facet normal 0.8986744656939549 -0.4386162385385256 0
    outer loop
      vertex 45.599100576031056 -22.952658378867664 1.5
      vertex 46.14865341395178 -21.8266875196159 1.5
      vertex 46.14865341395178 -21.8266875196159 60
    endloop
  endfacet
  facet normal 0.9091679830905222 -0.41642956009763765 0
    outer loop
      vertex 46.14865341395178 -21.8266875196159 1.5
      vertex 46.670408028665236 -20.68756907995473 1.5
      vertex 46.670408028665236 -20.68756907995473 60
    endloop
  endfacet
  facet normal 0.9191138516900575 -0.39399204006104827 0
    outer loop
      vertex 46.670408028665236 -20.68756907995473 1.5
      vertex 47.164050134701185 -19.53598922223783 1.5
      vertex 47.164050134701185 -19.53598922223783 60
    endloop
  endfacet
  facet normal 0.9285060804732153 -0.37131719395183843 0
    outer loop
      vertex 47.164050134701185 -19.53598922223783 1.5
      vertex 47.629282380513416 -18.372641615111146 1.5
      vertex 47.629282380513416 -18.372641615111146 60
    endloop
  endfacet
  facet normal 0.9373390119125751 -0.34841868024943423 0
    outer loop
      vertex 47.629282380513416 -18.372641615111146 1.5
      vertex 48.06582452759321 -17.19822701567283 1.5
      vertex 48.06582452759321 -17.19822701567283 60
    endloop
  endfacet
  facet normal 0.9456073253805215 -0.3253102921622624 0
    outer loop
      vertex 48.06582452759321 -17.19822701567283 1.5
      vertex 48.47341361927452 -16.01345284736341 1.5
      vertex 48.47341361927452 -16.01345284736341 60
    endloop
  endfacet
  facet normal 0.9533060403541941 -0.30200594931922703 0
    outer loop
      vertex 48.47341361927452 -16.01345284736341 1.5
      vertex 48.85180413912926 -14.819032773840302 1.5
      vertex 48.85180413912926 -14.819032773840302 60
    endloop
  endfacet
  facet normal 0.9604305194155653 -0.2785196893850549 0
    outer loop
      vertex 48.85180413912926 -14.819032773840302 1.5
      vertex 49.2007681588572 -13.615686269093564 1.5
      vertex 49.2007681588572 -13.615686269093564 60
    endloop
  endfacet
  facet normal 0.9669764710448514 -0.25486565960451696 0
    outer loop
      vertex 49.2007681588572 -13.615686269093564 1.5
      vertex 49.52009547558147 -12.40413818406162 1.5
      vertex 49.52009547558147 -12.40413818406162 60
    endloop
  endfacet
  facet normal 0.9729399522055604 -0.23105810828066983 0
    outer loop
      vertex 49.52009547558147 -12.40413818406162 1.5
      vertex 49.80959373846688 -11.185118310008203 1.5
      vertex 49.80959373846688 -11.185118310008203 60
    endloop
  endfacet
  facet normal 0.9783173707196282 -0.20711137619221592 0
    outer loop
      vertex 49.80959373846688 -11.185118310008203 1.5
      vertex 50.06908856458491 -9.959360938923346 1.5
      vertex 50.06908856458491 -9.959360938923346 60
    endloop
  endfacet
  facet normal 0.9831054874312163 -0.18303988795514076 0
    outer loop
      vertex 50.06908856458491 -9.959360938923346 1.5
      vertex 50.298423643955445 -8.727604421213377 1.5
      vertex 50.298423643955445 -8.727604421213377 60
    endloop
  endfacet
  facet normal 0.9873014181578574 -0.15885814333386766 0
    outer loop
      vertex 50.298423643955445 -8.727604421213377 1.5
      vertex 50.49746083370207 -7.490590720946217 1.5
      vertex 50.49746083370207 -7.490590720946217 60
    endloop
  endfacet
  facet normal 0.9909026354277808 -0.13458070850712023 0
    outer loop
      vertex 50.49746083370207 -7.490590720946217 1.5
      vertex 50.66608024126414 -6.249064968919987 1.5
      vertex 50.66608024126414 -6.249064968919987 60
    endloop
  endfacet
  facet normal 0.9939069700023557 -0.11022220729388485 0
    outer loop
      vertex 50.66608024126414 -6.249064968919987 1.5
      vertex 50.80418029661565 -5.003775013824068 1.5
      vertex 50.80418029661565 -5.003775013824068 60
    endloop
  endfacet
  facet normal 0.9963126121827779 -0.08579731234444148 0
    outer loop
      vertex 50.80418029661565 -5.003775013824068 1.5
      vertex 50.911677813447135 -3.755470971763022 1.5
      vertex 50.911677813447135 -3.755470971763022 60
    endloop
  endfacet
  facet normal 0.9981181129001491 -0.06132073630221034 0
    outer loop
      vertex 50.911677813447135 -3.755470971763022 1.5
      vertex 50.98850803927405 -2.5049047744146895 1.5
      vertex 50.98850803927405 -2.5049047744146895 60
    endloop
  endfacet
  facet normal 0.9993223845883494 -0.03680722294135918 0
    outer loop
      vertex 50.98850803927405 -2.5049047744146895 1.5
      vertex 51.03462469444123 -1.2528297160946722 1.5
      vertex 51.03462469444123 -1.2528297160946722 60
    endloop
  endfacet
  facet normal 0.9999247018391446 -0.01227153828571627 0
    outer loop
      vertex 51.03462469444123 -1.2528297160946722 1.5
      vertex 51.05 0 1.5
      vertex 51.05 0 60
    endloop
  endfacet
  facet normal 0.01227153828571627 -0.9999247018391446 0
    outer loop
      vertex 0 -51.05 1.5
      vertex 1.2528297160946722 -51.03462469444123 60
      vertex 0 -51.05 60
    endloop
  endfacet
  facet normal 0.03680722294135918 -0.9993223845883494 0
    outer loop
      vertex 1.2528297160946722 -51.03462469444123 1.5
      vertex 2.5049047744146895 -50.98850803927405 60
      vertex 1.2528297160946722 -51.03462469444123 60
    endloop
  endfacet
  facet normal 0.06132073630221034 -0.9981181129001491 0
    outer loop
      vertex 2.5049047744146895 -50.98850803927405 1.5
      vertex 3.755470971763022 -50.911677813447135 60
      vertex 2.5049047744146895 -50.98850803927405 60
    endloop
  endfacet
  facet normal 0.08579731234444148 -0.9963126121827779 0
    outer loop
      vertex 3.755470971763022 -50.911677813447135 1.5
      vertex 5.003775013824068 -50.80418029661565 60
      vertex 3.755470971763022 -50.911677813447135 60
    endloop
  endfacet
  facet normal 0.11022220729388485 -0.9939069700023557 0
    outer loop
      vertex 5.003775013824068 -50.80418029661565 1.5
      vertex 6.249064968919987 -50.66608024126414 60
      vertex 5.003775013824068 -50.80418029661565 60
    endloop
  endfacet
  facet normal 0.13458070850712023 -0.9909026354277808 0
    outer loop
      vertex 6.249064968919987 -50.66608024126414 1.5
      vertex 7.490590720946217 -50.49746083370207 60
      vertex 6.249064968919987 -50.66608024126414 60
    endloop
  endfacet
  facet normal 0.15885814333386766 -0.9873014181578574 0
    outer loop
      vertex 7.490590720946217 -50.49746083370207 1.5
      vertex 8.727604421213377 -50.298423643955445 60
      vertex 7.490590720946217 -50.49746083370207 60
    endloop
  endfacet
  facet normal 0.18303988795514076 -0.9831054874312163 0
    outer loop
      vertex 8.727604421213377 -50.298423643955445 1.5
      vertex 9.959360938923346 -50.06908856458491 60
      vertex 8.727604421213377 -50.298423643955445 60
    endloop
  endfacet
  facet normal 0.20711137619221592 -0.9783173707196282 0
    outer loop
      vertex 9.959360938923346 -50.06908856458491 1.5
      vertex 11.185118310008203 -49.80959373846688 60
      vertex 9.959360938923346 -50.06908856458491 60
    endloop
  endfacet
  facet normal 0.23105810828066983 -0.9729399522055604 0
    outer loop
      vertex 11.185118310008203 -49.80959373846688 1.5
      vertex 12.40413818406162 -49.52009547558147 60
      vertex 11.185118310008203 -49.80959373846688 60
    endloop
  endfacet
  facet normal 0.25486565960451696 -0.9669764710448514 0
    outer loop
      vertex 12.40413818406162 -49.52009547558147 1.5
      vertex 13.615686269093564 -49.2007681588572 60
      vertex 12.40413818406162 -49.52009547558147 60
    endloop
  endfacet
  facet normal 0.2785196893850549 -0.9604305194155653 0
    outer loop
      vertex 13.615686269093564 -49.2007681588572 1.5
      vertex 14.819032773840302 -48.85180413912926 60
      vertex 13.615686269093564 -49.2007681588572 60
    endloop
  endfacet
  facet normal 0.30200594931922703 -0.9533060403541941 0
    outer loop
      vertex 14.819032773840302 -48.85180413912926 1.5
      vertex 16.01345284736341 -48.47341361927452 60
      vertex 14.819032773840302 -48.85180413912926 60
    endloop
  endfacet
  facet normal 0.3253102921622624 -0.9456073253805215 0
    outer loop
      vertex 16.01345284736341 -48.47341361927452 1.5
      vertex 17.19822701567283 -48.06582452759321 60
      vertex 16.01345284736341 -48.47341361927452 60
    endloop
  endfacet
  facet normal 0.34841868024943423 -0.9373390119125751 0
    outer loop
      vertex 17.19822701567283 -48.06582452759321 1.5
      vertex 18.372641615111146 -47.629282380513416 60
      vertex 17.19822701567283 -48.06582452759321 60
    endloop
  endfacet
  facet normal 0.37131719395183843 -0.9285060804732153 0
    outer loop
      vertex 18.372641615111146 -47.629282380513416 1.5
      vertex 19.53598922223783 -47.164050134701185 60
      vertex 18.372641615111146 -47.629282380513416 60
    endloop
  endfacet
  facet normal 0.39399204006104827 -0.9191138516900575 0
    outer loop
      vertex 19.53598922223783 -47.164050134701185 1.5
      vertex 20.68756907995473 -46.670408028665236 60
      vertex 19.53598922223783 -47.164050134701185 60
    endloop
  endfacet
  facet normal 0.41642956009763765 -0.9091679830905222 0
    outer loop
      vertex 20.68756907995473 -46.670408028665236 1.5
      vertex 21.8266875196159 -46.14865341395178 60
      vertex 20.68756907995473 -46.670408028665236 60
    endloop
  endfacet
  facet normal 0.4386162385385256 -0.8986744656939549 0
    outer loop
      vertex 21.8266875196159 -46.14865341395178 1.5
      vertex 22.952658378867664 -45.599100576031056 60
      vertex 21.8266875196159 -46.14865341395178 60
    endloop
  endfacet
  facet normal 0.46053871095823945 -0.8876396204028542 0
    outer loop
      vertex 22.952658378867664 -45.599100576031056 1.5
      vertex 24.064803414967177 -45.022080544983524 60
      vertex 22.952658378867664 -45.599100576031056 60
    endloop
  endfacet
  facet normal 0.4821837720791236 -0.8760700941954063 0
    outer loop
      vertex 24.064803414967177 -45.022080544983524 1.5
      vertex 25.162452713330474 -44.417940896099715 60
      vertex 24.064803414967177 -45.022080544983524 60
    endloop
  endfacet
  facet normal 0.503538383725717 -0.8639728561215869 0
    outer loop
      vertex 25.162452713330474 -44.417940896099715 1.5
      vertex 26.24494509106397 -43.78704554051389 60
      vertex 25.162452713330474 -44.417940896099715 60
    endloop
  endfacet
  facet normal 0.5245896826784688 -0.8513551931052653 0
    outer loop
      vertex 26.24494509106397 -43.78704554051389 1.5
      vertex 27.31162849523631 -43.129774505997545 60
      vertex 26.24494509106397 -43.78704554051389 60
    endloop
  endfacet
  facet normal 0.5453249884220492 -0.8382247055548363 0
    outer loop
      vertex 27.31162849523631 -43.129774505997545 1.5
      vertex 28.36186039565069 -42.44652370804493 60
      vertex 27.31162849523631 -43.129774505997545 60
    endloop
  endfacet
  facet normal 0.5657318107836098 -0.8245893027850276 0
    outer loop
      vertex 28.36186039565069 -42.44652370804493 1.5
      vertex 29.395008171881003 -41.737704711388346 60
      vertex 28.36186039565069 -42.44652370804493 60
    endloop
  endfacet
  facet normal 0.5857978574564386 -0.8104571982525949 0
    outer loop
      vertex 29.395008171881003 -41.737704711388346 1.5
      vertex 30.41044949433872 -41.00374448208692 60
      vertex 29.395008171881003 -41.737704711388346 60
    endloop
  endfacet
  facet normal 0 0 1
    outer loop
      vertex 0 -51.05 60
      vertex 1.2528297160946722 -51.03462469444123 60
      vertex 0 -49.85 60
    endloop
  endfacet
  facet normal 0 0 1
    outer loop
      vertex 1.2528297160946722 -51.03462469444123 60
      vertex 1.2233802418671775 -49.83498611200579 60
      vertex 0 -49.85 60
    endloop
  endfacet
  facet normal 0 0 1
    outer loop
      vertex 1.2528297160946722 -51.03462469444123 60
      vertex 2.5049047744146895 -50.98850803927405 60
      vertex 1.2233802418671775 -49.83498611200579 60
    endloop
  endfacet
  facet normal 0 0 1
    outer loop
      vertex 2.5049047744146895 -50.98850803927405 60
      vertex 2.4460235652217883 -49.789953491827845 60
      vertex 1.2233802418671775 -49.83498611200579 60
    endloop
  endfacet
  facet normal 0 0 1
    outer loop
      vertex 2.5049047744146895 -50.98850803927405 60
      vertex 3.755470971763022 -50.911677813447135 60
      vertex 2.4460235652217883 -49.789953491827845 60
    endloop
  endfacet
  facet normal 0 0 1
    outer loop
      vertex 3.755470971763022 -50.911677813447135 60
      vertex 3.667193495443421 -49.71492926543271 60
      vertex 2.4460235652217883 -49.789953491827845 60
    endloop
  endfacet
  facet normal 0 0 1
    outer loop
      vertex 3.755470971763022 -50.911677813447135 60
      vertex 5.003775013824068 -50.80418029661565 60
      vertex 3.667193495443421 -49.71492926543271 60
    endloop
  endfacet
  facet normal 0 0 1
    outer loop
      vertex 5.003775013824068 -50.80418029661565 60
      vertex 4.886154445428597 -49.60995862460902 60
      vertex 3.667193495443421 -49.71492926543271 60
    endloop
  endfacet
  facet normal 0 0 1
    outer loop
      vertex 5.003775013824068 -50.80418029661565 60
      vertex 6.249064968919987 -50.66608024126414 60
      vertex 4.886154445428597 -49.60995862460902 60
    endloop
  endfacet
  facet normal 0 0 1
    outer loop
      vertex 6.249064968919987 -50.66608024126414 60
      vertex 6.102172158680927 -49.475104799745694 60
      vertex 4.886154445428597 -49.60995862460902 60
    endloop
  endfacet
  facet normal 0 0 1
    outer loop
      vertex 6.249064968919987 -50.66608024126414 60
      vertex 7.490590720946217 -50.49746083370207 60
      vertex 6.102172158680927 -49.475104799745694 60
    endloop
  endfacet
  facet normal 0 0 1
    outer loop
      vertex 7.490590720946217 -50.49746083370207 60
      vertex 7.314514151599783 -49.31044902174433 60
      vertex 6.102172158680927 -49.475104799745694 60
    endloop
  endfacet
  facet normal 0 0 1
    outer loop
      vertex 7.490590720946217 -50.49746083370207 60
      vertex 8.727604421213377 -50.298423643955445 60
      vertex 7.314514151599783 -49.31044902174433 60
    endloop
  endfacet
  facet normal 0 0 1
    outer loop
      vertex 8.727604421213377 -50.298423643955445 60
      vertex 8.522450154701016 -49.11609047308872 60
      vertex 7.314514151599783 -49.31044902174433 60
    endloop
  endfacet
  facet normal 0 0 1
    outer loop
      vertex 8.727604421213377 -50.298423643955445 60
      vertex 9.959360938923346 -50.06908856458491 60
      vertex 8.522450154701016 -49.11609047308872 60
    endloop
  endfacet
  facet normal 0 0 1
    outer loop
      vertex 9.959360938923346 -50.06908856458491 60
      vertex 9.725252552503994 -48.89214622810104 60
      vertex 8.522450154701016 -49.11609047308872 60
    endloop
  endfacet
  facet normal 0 0 1
    outer loop
      vertex 9.959360938923346 -50.06908856458491 60
      vertex 11.185118310008203 -49.80959373846688 60
      vertex 9.725252552503994 -48.89214622810104 60
    endloop
  endfacet
  facet normal 0 0 1
    outer loop
      vertex 11.185118310008203 -49.80959373846688 60
      vertex 10.92219682181996 -48.63875118242065 60
      vertex 9.725252552503994 -48.89214622810104 60
    endloop
  endfacet
  facet normal 0 0 1
    outer loop
      vertex 11.185118310008203 -49.80959373846688 60
      vertex 12.40413818406162 -49.52009547558147 60
      vertex 10.92219682181996 -48.63875118242065 60
    endloop
  endfacet
  facet normal 0 0 1
    outer loop
      vertex 12.40413818406162 -49.52009547558147 60
      vertex 12.112561968177705 -48.356057971748015 60
      vertex 10.92219682181996 -48.63875118242065 60
    endloop
  endfacet
  facet normal 0 0 1
    outer loop
      vertex 12.40413818406162 -49.52009547558147 60
      vertex 13.615686269093564 -49.2007681588572 60
      vertex 12.112561968177705 -48.356057971748015 60
    endloop
  endfacet
  facet normal 0 0 1
    outer loop
      vertex 13.615686269093564 -49.2007681588572 60
      vertex 13.295630960123686 -48.04423687990268 60
      vertex 12.112561968177705 -48.356057971748015 60
    endloop
  endfacet
  facet normal 0 0 1
    outer loop
      vertex 13.615686269093564 -49.2007681588572 60
      vertex 14.819032773840302 -48.85180413912926 60
      vertex 13.295630960123686 -48.04423687990268 60
    endloop
  endfacet
  facet normal 0 0 1
    outer loop
      vertex 14.819032773840302 -48.85180413912926 60
      vertex 14.470691161134948 -47.70347573625061 60
      vertex 13.295630960123686 -48.04423687990268 60
    endloop
  endfacet
  facet normal 0 0 1
    outer loop
      vertex 14.819032773840302 -48.85180413912926 60
      vertex 16.01345284736341 -48.47341361927452 60
      vertex 14.470691161134948 -47.70347573625061 60
    endloop
  endfacet
  facet normal 0 0 1
    outer loop
      vertex 16.01345284736341 -48.47341361927452 60
      vertex 15.637034758884743 -47.33397980256288 60
      vertex 14.470691161134948 -47.70347573625061 60
    endloop
  endfacet
  facet normal 0 0 1
    outer loop
      vertex 16.01345284736341 -48.47341361927452 60
      vertex 17.19822701567283 -48.06582452759321 60
      vertex 15.637034758884743 -47.33397980256288 60
    endloop
  endfacet
  facet normal 0 0 1
    outer loop
      vertex 17.19822701567283 -48.06582452759321 60
      vertex 16.79395919160217 -46.93597164937359 60
      vertex 15.637034758884743 -47.33397980256288 60
    endloop
  endfacet
  facet normal 0 0 1
    outer loop
      vertex 17.19822701567283 -48.06582452759321 60
      vertex 18.372641615111146 -47.629282380513416 60
      vertex 16.79395919160217 -46.93597164937359 60
    endloop
  endfacet
  facet normal 0 0 1
    outer loop
      vertex 18.372641615111146 -47.629282380513416 60
      vertex 17.94076757126916 -46.509691021911735 60
      vertex 16.79395919160217 -46.93597164937359 60
    endloop
  endfacet
  facet normal 0 0 1
    outer loop
      vertex 18.372641615111146 -47.629282380513416 60
      vertex 19.53598922223783 -47.164050134701185 60
      vertex 17.94076757126916 -46.509691021911735 60
    endloop
  endfacet
  facet normal 0 0 1
    outer loop
      vertex 19.53598922223783 -47.164050134701185 60
      vertex 19.076769103399727 -46.055394695687646 60
      vertex 17.94076757126916 -46.509691021911735 60
    endloop
  endfacet
  facet normal 0 0 1
    outer loop
      vertex 19.53598922223783 -47.164050134701185 60
      vertex 20.68756907995473 -46.670408028665236 60
      vertex 19.076769103399727 -46.055394695687646 60
    endloop
  endfacet
  facet normal 0 0 1
    outer loop
      vertex 20.68756907995473 -46.670408028665236 60
      vertex 20.201279503148744 -45.57335632182101 60
      vertex 19.076769103399727 -46.055394695687646 60
    endloop
  endfacet
  facet normal 0 0 1
    outer loop
      vertex 20.68756907995473 -46.670408028665236 60
      vertex 21.8266875196159 -46.14865341395178 60
      vertex 20.201279503148744 -45.57335632182101 60
    endloop
  endfacet
  facet normal 0 0 1
    outer loop
      vertex 21.8266875196159 -46.14865341395178 60
      vertex 21.313621407499564 -45.06386626220365 60
      vertex 20.201279503148744 -45.57335632182101 60
    endloop
  endfacet
  facet normal 0 0 1
    outer loop
      vertex 21.8266875196159 -46.14865341395178 60
      vertex 22.952658378867664 -45.599100576031056 60
      vertex 21.313621407499564 -45.06386626220365 60
    endloop
  endfacet
  facet normal 0 0 1
    outer loop
      vertex 22.952658378867664 -45.599100576031056 60
      vertex 22.41312478328214 -44.52723141459644 60
      vertex 21.313621407499564 -45.06386626220365 60
    endloop
  endfacet
  facet normal 0 0 1
    outer loop
      vertex 22.952658378867664 -45.599100576031056 60
      vertex 24.064803414967177 -45.022080544983524 60
      vertex 22.41312478328214 -44.52723141459644 60
    endloop
  endfacet
  facet normal 0 0 1
    outer loop
      vertex 24.064803414967177 -45.022080544983524 60
      vertex 23.499127330775984 -43.9637750277655 60
      vertex 22.41312478328214 -44.52723141459644 60
    endloop
  endfacet
  facet normal 0 0 1
    outer loop
      vertex 24.064803414967177 -45.022080544983524 60
      vertex 25.162452713330474 -44.417940896099715 60
      vertex 23.499127330775984 -43.9637750277655 60
    endloop
  endfacet
  facet normal 0 0 1
    outer loop
      vertex 25.162452713330474 -44.417940896099715 60
      vertex 24.570974882654735 -43.373836506769265 60
      vertex 23.499127330775984 -43.9637750277655 60
    endloop
  endfacet
  facet normal 0 0 1
    outer loop
      vertex 25.162452713330474 -44.417940896099715 60
      vertex 26.24494509106397 -43.78704554051389 60
      vertex 24.570974882654735 -43.373836506769265 60
    endloop
  endfacet
  facet normal 0 0 1
    outer loop
      vertex 26.24494509106397 -43.78704554051389 60
      vertex 25.628021798032105 -42.75777120851356 60
      vertex 24.570974882654735 -43.373836506769265 60
    endloop
  endfacet
  facet normal 0 0 1
    outer loop
      vertex 26.24494509106397 -43.78704554051389 60
      vertex 27.31162849523631 -43.129774505997545 60
      vertex 25.628021798032105 -42.75777120851356 60
    endloop
  endfacet
  facet normal 0 0 1
    outer loop
      vertex 27.31162849523631 -43.129774505997545 60
      vertex 26.669631351371795 -42.1159502276979 60
      vertex 25.628021798032105 -42.75777120851356 60
    endloop
  endfacet
  facet normal 0 0 1
    outer loop
      vertex 27.31162849523631 -43.129774505997545 60
      vertex 28.36186039565069 -42.44652370804493 60
      vertex 26.669631351371795 -42.1159502276979 60
    endloop
  endfacet
  facet normal 0 0 1
    outer loop
      vertex 28.36186039565069 -42.44652370804493 60
      vertex 27.69517611602717 -41.44876017328188 60
      vertex 26.669631351371795 -42.1159502276979 60
    endloop
  endfacet
  facet normal 0 0 1
    outer loop
      vertex 28.36186039565069 -42.44652370804493 60
      vertex 29.395008171881003 -41.737704711388346 60
      vertex 27.69517611602717 -41.44876017328188 60
    endloop
  endfacet
  facet normal 0 0 1
    outer loop
      vertex 29.395008171881003 -41.737704711388346 60
      vertex 28.70403834217959 -40.75660293560645 60
      vertex 27.69517611602717 -41.44876017328188 60
    endloop
  endfacet
  facet normal 0 0 1
    outer loop
      vertex 29.395008171881003 -41.737704711388346 60
      vertex 30.41044949433872 -41.00374448208692 60
      vertex 28.70403834217959 -40.75660293560645 60
    endloop
  endfacet
  facet normal 0 0 1
    outer loop
      vertex 30.41044949433872 -41.00374448208692 60
      vertex 29.695610328947804 -40.039895444310154 60
      vertex 28.70403834217959 -40.75660293560645 60
    endloop
  endfacet
  facet normal 0.6055110414043248 -0.7958369046088841 0
    outer loop
      vertex 30.41044949433872 -41.00374448208692 1.5
      vertex 31.407572699140996 -40.24508513033825 60
      vertex 30.41044949433872 -41.00374448208692 60
    endloop
  endfacet
  facet normal 0.6248594881423875 -0.7807372285720937 0
    outer loop
      vertex 31.407572699140996 -40.24508513033825 1.5
      vertex 32.3857771565541 -39.46218364416772 60
      vertex 31.407572699140996 -40.24508513033825 60
    endloop
  endfacet
  facet normal 0.6438315428897916 -0.7651672656224588 0
    outer loop
      vertex 32.3857771565541 -39.46218364416772 1.5
      vertex 33.344473632790304 -38.65551161415603 60
      vertex 32.3857771565541 -39.46218364416772 60
    endloop
  endfacet
  facet normal 0.6624157775901708 -0.7491363945234603 0
    outer loop
      vertex 33.344473632790304 -38.65551161415603 1.5
      vertex 34.28308464494029 -37.82555494937066 60
      vertex 33.344473632790304 -38.65551161415603 60
    endloop
  endfacet
  facet normal 0.6806009977954541 -0.7326542716724117 0
    outer loop
      vertex 34.28308464494029 -37.82555494937066 1.5
      vertex 35.20104480882726 -36.97281358467239 60
      vertex 34.28308464494029 -37.82555494937066 60
    endloop
  endfacet
  facet normal 0.6983762494089704 -0.715730825283821 0
    outer loop
      vertex 35.20104480882726 -36.97281358467239 1.5
      vertex 36.09780117957325 -36.09780117957325 60
      vertex 35.20104480882726 -36.97281358467239 60
    endloop
  endfacet
  facet normal 0.715730825283821 -0.6983762494089704 0
    outer loop
      vertex 36.09780117957325 -36.09780117957325 1.5
      vertex 36.97281358467239 -35.20104480882726 60
      vertex 36.09780117957325 -36.09780117957325 60
    endloop
  endfacet
  facet normal 0.7326542716724117 -0.6806009977954541 0
    outer loop
      vertex 36.97281358467239 -35.20104480882726 1.5
      vertex 37.82555494937066 -34.28308464494029 60
      vertex 36.97281358467239 -35.20104480882726 60
    endloop
  endfacet
  facet normal 0.7491363945234603 -0.6624157775901708 0
    outer loop
      vertex 37.82555494937066 -34.28308464494029 1.5
      vertex 38.65551161415603 -33.344473632790304 60
      vertex 37.82555494937066 -34.28308464494029 60
    endloop
  endfacet
  facet normal 0.7651672656224588 -0.6438315428897916 0
    outer loop
      vertex 38.65551161415603 -33.344473632790304 1.5
      vertex 39.46218364416772 -32.3857771565541 60
      vertex 38.65551161415603 -33.344473632790304 60
    endloop
  endfacet
  facet normal 0.7807372285720937 -0.6248594881423875 0
    outer loop
      vertex 39.46218364416772 -32.3857771565541 1.5
      vertex 40.24508513033825 -31.407572699140996 60
      vertex 39.46218364416772 -32.3857771565541 60
    endloop
  endfacet
  facet normal 0.7958369046088841 -0.6055110414043248 0
    outer loop
      vertex 40.24508513033825 -31.407572699140996 1.5
      vertex 41.00374448208692 -30.41044949433872 60
      vertex 40.24508513033825 -31.407572699140996 60
    endloop
  endfacet
  facet normal 0.8104571982525949 -0.5857978574564386 0
    outer loop
      vertex 41.00374448208692 -30.41044949433872 1.5
      vertex 41.737704711388346 -29.395008171881003 60
      vertex 41.00374448208692 -30.41044949433872 60
    endloop
  endfacet
  facet normal 0 0 1
    outer loop
      vertex 30.41044949433872 -41.00374448208692 60
      vertex 31.407572699140996 -40.24508513033825 60
      vertex 29.695610328947804 -40.039895444310154 60
    endloop
  endfacet
  facet normal 0 0 1
    outer loop
      vertex 31.407572699140996 -40.24508513033825 60
      vertex 30.669294790444248 -39.299069417186324 60
      vertex 29.695610328947804 -40.039895444310154 60
    endloop
  endfacet
  facet normal 0 0 1
    outer loop
      vertex 31.407572699140996 -40.24508513033825 60
      vertex 32.3857771565541 -39.46218364416772 60
      vertex 30.669294790444248 -39.299069417186324 60
    endloop
  endfacet
  facet normal 0 0 1
    outer loop
      vertex 32.3857771565541 -39.46218364416772 60
      vertex 31.62450521555773 -38.53457110013244 60
      vertex 30.669294790444248 -39.299069417186324 60
    endloop
  endfacet
  facet normal 0 0 1
    outer loop
      vertex 32.3857771565541 -39.46218364416772 60
      vertex 33.344473632790304 -38.65551161415603 60
      vertex 31.62450521555773 -38.53457110013244 60
    endloop
  endfacet
  facet normal 0 0 1
    outer loop
      vertex 33.344473632790304 -38.65551161415603 60
      vertex 32.560666221245775 -37.746860998348254 60
      vertex 31.62450521555773 -38.53457110013244 60
    endloop
  endfacet
  facet normal 0 0 1
    outer loop
      vertex 33.344473632790304 -38.65551161415603 60
      vertex 34.28308464494029 -37.82555494937066 60
      vertex 32.560666221245775 -37.746860998348254 60
    endloop
  endfacet
  facet normal 0 0 1
    outer loop
      vertex 34.28308464494029 -37.82555494937066 60
      vertex 33.47721389912387 -36.93641359894471 60
      vertex 32.560666221245775 -37.746860998348254 60
    endloop
  endfacet
  facet normal 0 0 1
    outer loop
      vertex 34.28308464494029 -37.82555494937066 60
      vertex 35.20104480882726 -36.97281358467239 60
      vertex 33.47721389912387 -36.93641359894471 60
    endloop
  endfacet
  facet normal 0 0 1
    outer loop
      vertex 35.20104480882726 -36.97281358467239 60
      vertex 34.373596155142785 -36.10371708513063 60
      vertex 33.47721389912387 -36.93641359894471 60
    endloop
  endfacet
  facet normal 0 0 1
    outer loop
      vertex 35.20104480882726 -36.97281358467239 60
      vertex 36.09780117957325 -36.09780117957325 60
      vertex 34.373596155142785 -36.10371708513063 60
    endloop
  endfacet
  facet normal 0 0 1
    outer loop
      vertex 36.09780117957325 -36.09780117957325 60
      vertex 35.2492730421494 -35.2492730421494 60
      vertex 34.373596155142785 -36.10371708513063 60
    endloop
  endfacet
  facet normal 0 0 1
    outer loop
      vertex 36.09780117957325 -36.09780117957325 60
      vertex 36.97281358467239 -35.20104480882726 60
      vertex 35.2492730421494 -35.2492730421494 60
    endloop
  endfacet
  facet normal 0 0 1
    outer loop
      vertex 36.97281358467239 -35.20104480882726 60
      vertex 36.10371708513063 -34.373596155142785 60
      vertex 35.2492730421494 -35.2492730421494 60
    endloop
  endfacet
  facet normal 0 0 1
    outer loop
      vertex 36.97281358467239 -35.20104480882726 60
      vertex 36.93641359894471 -33.47721389912387 60
      vertex 36.10371708513063 -34.373596155142785 60
    endloop
  endfacet
  facet normal 0 0 1
    outer loop
      vertex 36.97281358467239 -35.20104480882726 60
      vertex 37.82555494937066 -34.28308464494029 60
      vertex 36.93641359894471 -33.47721389912387 60
    endloop
  endfacet
  facet normal 0 0 1
    outer loop
      vertex 37.82555494937066 -34.28308464494029 60
      vertex 37.746860998348254 -32.560666221245775 60
      vertex 36.93641359894471 -33.47721389912387 60
    endloop
  endfacet
  facet normal 0 0 1
    outer loop
      vertex 37.82555494937066 -34.28308464494029 60
      vertex 38.65551161415603 -33.344473632790304 60
      vertex 37.746860998348254 -32.560666221245775 60
    endloop
  endfacet
  facet normal 0 0 1
    outer loop
      vertex 38.65551161415603 -33.344473632790304 60
      vertex 38.53457110013244 -31.62450521555773 60
      vertex 37.746860998348254 -32.560666221245775 60
    endloop
  endfacet
  facet normal 0 0 1
    outer loop
      vertex 38.65551161415603 -33.344473632790304 60
      vertex 39.46218364416772 -32.3857771565541 60
      vertex 38.53457110013244 -31.62450521555773 60
    endloop
  endfacet
  facet normal 0 0 1
    outer loop
      vertex 39.46218364416772 -32.3857771565541 60
      vertex 39.299069417186324 -30.669294790444248 60
      vertex 38.53457110013244 -31.62450521555773 60
    endloop
  endfacet
  facet normal 0 0 1
    outer loop
      vertex 39.46218364416772 -32.3857771565541 60
      vertex 40.24508513033825 -31.407572699140996 60
      vertex 39.299069417186324 -30.669294790444248 60
    endloop
  endfacet
  facet normal 0 0 1
    outer loop
      vertex 40.24508513033825 -31.407572699140996 60
      vertex 40.039895444310154 -29.695610328947804 60
      vertex 39.299069417186324 -30.669294790444248 60
    endloop
  endfacet
  facet normal 0 0 1
    outer loop
      vertex 40.24508513033825 -31.407572699140996 60
      vertex 41.00374448208692 -30.41044949433872 60
      vertex 40.039895444310154 -29.695610328947804 60
    endloop
  endfacet
  facet normal 0.8245893027850276 -0.5657318107836098 0
    outer loop
      vertex 41.737704711388346 -29.395008171881003 1.5
      vertex 42.44652370804493 -28.36186039565069 60
      vertex 41.737704711388346 -29.395008171881003 60
    endloop
  endfacet
  facet normal 0.8382247055548363 -0.5453249884220492 0
    outer loop
      vertex 42.44652370804493 -28.36186039565069 1.5
      vertex 43.129774505997545 -27.31162849523631 60
      vertex 42.44652370804493 -28.36186039565069 60
    endloop
  endfacet
  facet normal 0.8513551931052653 -0.5245896826784688 0
    outer loop
      vertex 43.129774505997545 -27.31162849523631 1.5
      vertex 43.78704554051389 -26.24494509106397 60
      vertex 43.129774505997545 -27.31162849523631 60
    endloop
  endfacet
  facet normal 0.8639728561215869 -0.503538383725717 0
    outer loop
      vertex 43.78704554051389 -26.24494509106397 1.5
      vertex 44.417940896099715 -25.162452713330474 60
      vertex 43.78704554051389 -26.24494509106397 60
    endloop
  endfacet
  facet normal 0.8760700941954063 -0.4821837720791236 0
    outer loop
      vertex 44.417940896099715 -25.162452713330474 1.5
      vertex 45.022080544983524 -24.064803414967177 60
      vertex 44.417940896099715 -25.162452713330474 60
    endloop
  endfacet
  facet normal 0.8876396204028542 -0.46053871095823945 0
    outer loop
      vertex 45.022080544983524 -24.064803414967177 1.5
      vertex 45.599100576031056 -22.952658378867664 60
      vertex 45.022080544983524 -24.064803414967177 60
    endloop
  endfacet
  facet normal 0.8986744656939549 -0.4386162385385256 0
    outer loop
      vertex 45.599100576031056 -22.952658378867664 1.5
      vertex 46.14865341395178 -21.8266875196159 60
      vertex 45.599100576031056 -22.952658378867664 60
    endloop
  endfacet
  facet normal 0.9091679830905222 -0.41642956009763765 0
    outer loop
      vertex 46.14865341395178 -21.8266875196159 1.5
      vertex 46.670408028665236 -20.68756907995473 60
      vertex 46.14865341395178 -21.8266875196159 60
    endloop
  endfacet
  facet normal 0.9191138516900575 -0.39399204006104827 0
    outer loop
      vertex 46.670408028665236 -20.68756907995473 1.5
      vertex 47.164050134701185 -19.53598922223783 60
      vertex 46.670408028665236 -20.68756907995473 60
    endloop
  endfacet
  facet normal 0.9285060804732153 -0.37131719395183843 0
    outer loop
      vertex 47.164050134701185 -19.53598922223783 1.5
      vertex 47.629282380513416 -18.372641615111146 60
      vertex 47.164050134701185 -19.53598922223783 60
    endloop
  endfacet
  facet normal 0.9373390119125751 -0.34841868024943423 0
    outer loop
      vertex 47.629282380513416 -18.372641615111146 1.5
      vertex 48.06582452759321 -17.19822701567283 60
      vertex 47.629282380513416 -18.372641615111146 60
    endloop
  endfacet
  facet normal 0.9456073253805215 -0.3253102921622624 0
    outer loop
      vertex 48.06582452759321 -17.19822701567283 1.5
      vertex 48.47341361927452 -16.01345284736341 60
      vertex 48.06582452759321 -17.19822701567283 60
    endloop
  endfacet
  facet normal 0.9533060403541941 -0.30200594931922703 0
    outer loop
      vertex 48.47341361927452 -16.01345284736341 1.5
      vertex 48.85180413912926 -14.819032773840302 60
      vertex 48.47341361927452 -16.01345284736341 60
    endloop
  endfacet
  facet normal 0.9604305194155653 -0.2785196893850549 0
    outer loop
      vertex 48.85180413912926 -14.819032773840302 1.5
      vertex 49.2007681588572 -13.615686269093564 60
      vertex 48.85180413912926 -14.819032773840302 60
    endloop
  endfacet
  facet normal 0.9669764710448514 -0.25486565960451696 0
    outer loop
      vertex 49.2007681588572 -13.615686269093564 1.5
      vertex 49.52009547558147 -12.40413818406162 60
      vertex 49.2007681588572 -13.615686269093564 60
    endloop
  endfacet
  facet normal 0.9729399522055604 -0.23105810828066983 0
    outer loop
      vertex 49.52009547558147 -12.40413818406162 1.5
      vertex 49.80959373846688 -11.185118310008203 60
      vertex 49.52009547558147 -12.40413818406162 60
    endloop
  endfacet
  facet normal 0.9783173707196282 -0.20711137619221592 0
    outer loop
      vertex 49.80959373846688 -11.185118310008203 1.5
      vertex 50.06908856458491 -9.959360938923346 60
      vertex 49.80959373846688 -11.185118310008203 60
    endloop
  endfacet
  facet normal 0.9831054874312163 -0.18303988795514076 0
    outer loop
      vertex 50.06908856458491 -9.959360938923346 1.5
      vertex 50.298423643955445 -8.727604421213377 60
      vertex 50.06908856458491 -9.959360938923346 60
    endloop
  endfacet
  facet normal 0.9873014181578574 -0.15885814333386766 0
    outer loop
      vertex 50.298423643955445 -8.727604421213377 1.5
      vertex 50.49746083370207 -7.490590720946217 60
      vertex 50.298423643955445 -8.727604421213377 60
    endloop
  endfacet
  facet normal 0.9909026354277808 -0.13458070850712023 0
    outer loop
      vertex 50.49746083370207 -7.490590720946217 1.5
      vertex 50.66608024126414 -6.249064968919987 60
      vertex 50.49746083370207 -7.490590720946217 60
    endloop
  endfacet
  facet normal 0.9939069700023557 -0.11022220729388485 0
    outer loop
      vertex 50.66608024126414 -6.249064968919987 1.5
      vertex 50.80418029661565 -5.003775013824068 60
      vertex 50.66608024126414 -6.249064968919987 60
    endloop
  endfacet
  facet normal 0.9963126121827779 -0.08579731234444148 0
    outer loop
      vertex 50.80418029661565 -5.003775013824068 1.5
      vertex 50.911677813447135 -3.755470971763022 60
      vertex 50.80418029661565 -5.003775013824068 60
    endloop
  endfacet
  facet normal 0.9981181129001491 -0.06132073630221034 0
    outer loop
      vertex 50.911677813447135 -3.755470971763022 1.5
      vertex 50.98850803927405 -2.5049047744146895 60
      vertex 50.911677813447135 -3.755470971763022 60
    endloop
  endfacet
  facet normal 0.9993223845883494 -0.03680722294135918 0
    outer loop
      vertex 50.98850803927405 -2.5049047744146895 1.5
      vertex 51.03462469444123 -1.2528297160946722 60
      vertex 50.98850803927405 -2.5049047744146895 60
    endloop
  endfacet
  facet normal 0.9999247018391446 -0.01227153828571627 0
    outer loop
      vertex 51.03462469444123 -1.2528297160946722 1.5
      vertex 51.05 0 60
      vertex 51.03462469444123 -1.2528297160946722 60
    endloop
  endfacet
  facet normal 0 0 1
    outer loop
      vertex 41.00374448208692 -30.41044949433872 60
      vertex 40.75660293560645 -28.70403834217959 60
      vertex 40.039895444310154 -29.695610328947804 60
    endloop
  endfacet
  facet normal 0 0 1
    outer loop
      vertex 41.00374448208692 -30.41044949433872 60
      vertex 41.737704711388346 -29.395008171881003 60
      vertex 40.75660293560645 -28.70403834217959 60
    endloop
  endfacet
  facet normal 0 0 1
    outer loop
      vertex 41.737704711388346 -29.395008171881003 60
      vertex 41.44876017328188 -27.69517611602717 60
      vertex 40.75660293560645 -28.70403834217959 60
    endloop
  endfacet
  facet normal 0 0 1
    outer loop
      vertex 41.737704711388346 -29.395008171881003 60
      vertex 42.44652370804493 -28.36186039565069 60
      vertex 41.44876017328188 -27.69517611602717 60
    endloop
  endfacet
  facet normal 0 0 1
    outer loop
      vertex 42.44652370804493 -28.36186039565069 60
      vertex 42.1159502276979 -26.669631351371795 60
      vertex 41.44876017328188 -27.69517611602717 60
    endloop
  endfacet
  facet normal 0 0 1
    outer loop
      vertex 42.44652370804493 -28.36186039565069 60
      vertex 43.129774505997545 -27.31162849523631 60
      vertex 42.1159502276979 -26.669631351371795 60
    endloop
  endfacet
  facet normal 0 0 1
    outer loop
      vertex 43.129774505997545 -27.31162849523631 60
      vertex 42.75777120851356 -25.628021798032105 60
      vertex 42.1159502276979 -26.669631351371795 60
    endloop
  endfacet
  facet normal 0 0 1
    outer loop
      vertex 43.129774505997545 -27.31162849523631 60
      vertex 43.78704554051389 -26.24494509106397 60
      vertex 42.75777120851356 -25.628021798032105 60
    endloop
  endfacet
  facet normal 0 0 1
    outer loop
      vertex 43.78704554051389 -26.24494509106397 60
      vertex 43.373836506769265 -24.570974882654735 60
      vertex 42.75777120851356 -25.628021798032105 60
    endloop
  endfacet
  facet normal 0 0 1
    outer loop
      vertex 43.78704554051389 -26.24494509106397 60
      vertex 44.417940896099715 -25.162452713330474 60
      vertex 43.373836506769265 -24.570974882654735 60
    endloop
  endfacet
  facet normal 0 0 1
    outer loop
      vertex 44.417940896099715 -25.162452713330474 60
      vertex 43.9637750277655 -23.499127330775984 60
      vertex 43.373836506769265 -24.570974882654735 60
    endloop
  endfacet
  facet normal 0 0 1
    outer loop
      vertex 44.417940896099715 -25.162452713330474 60
      vertex 45.022080544983524 -24.064803414967177 60
      vertex 43.9637750277655 -23.499127330775984 60
    endloop
  endfacet
  facet normal 0 0 1
    outer loop
      vertex 45.022080544983524 -24.064803414967177 60
      vertex 44.52723141459644 -22.41312478328214 60
      vertex 43.9637750277655 -23.499127330775984 60
    endloop
  endfacet
  facet normal 0 0 1
    outer loop
      vertex 45.022080544983524 -24.064803414967177 60
      vertex 45.599100576031056 -22.952658378867664 60
      vertex 44.52723141459644 -22.41312478328214 60
    endloop
  endfacet
  facet normal 0 0 1
    outer loop
      vertex 45.599100576031056 -22.952658378867664 60
      vertex 45.06386626220365 -21.313621407499564 60
      vertex 44.52723141459644 -22.41312478328214 60
    endloop
  endfacet
  facet normal 0 0 1
    outer loop
      vertex 45.599100576031056 -22.952658378867664 60
      vertex 46.14865341395178 -21.8266875196159 60
      vertex 45.57335632182101 -20.201279503148744 60
    endloop
  endfacet
  facet normal 0 0 1
    outer loop
      vertex 45.599100576031056 -22.952658378867664 60
      vertex 45.57335632182101 -20.201279503148744 60
      vertex 45.06386626220365 -21.313621407499564 60
    endloop
  endfacet
  facet normal 0 0 1
    outer loop
      vertex 46.14865341395178 -21.8266875196159 60
      vertex 46.055394695687646 -19.076769103399727 60
      vertex 45.57335632182101 -20.201279503148744 60
    endloop
  endfacet
  facet normal 0 0 1
    outer loop
      vertex 46.14865341395178 -21.8266875196159 60
      vertex 46.670408028665236 -20.68756907995473 60
      vertex 46.055394695687646 -19.076769103399727 60
    endloop
  endfacet
  facet normal 0 0 1
    outer loop
      vertex 46.670408028665236 -20.68756907995473 60
      vertex 46.509691021911735 -17.94076757126916 60
      vertex 46.055394695687646 -19.076769103399727 60
    endloop
  endfacet
  facet normal 0 0 1
    outer loop
      vertex 46.670408028665236 -20.68756907995473 60
      vertex 47.164050134701185 -19.53598922223783 60
      vertex 46.509691021911735 -17.94076757126916 60
    endloop
  endfacet
  facet normal 0 0 1
    outer loop
      vertex 47.164050134701185 -19.53598922223783 60
      vertex 46.93597164937359 -16.79395919160217 60
      vertex 46.509691021911735 -17.94076757126916 60
    endloop
  endfacet
  facet normal 0 0 1
    outer loop
      vertex 47.164050134701185 -19.53598922223783 60
      vertex 47.629282380513416 -18.372641615111146 60
      vertex 46.93597164937359 -16.79395919160217 60
    endloop
  endfacet
  facet normal 0 0 1
    outer loop
      vertex 47.629282380513416 -18.372641615111146 60
      vertex 47.33397980256288 -15.637034758884743 60
      vertex 46.93597164937359 -16.79395919160217 60
    endloop
  endfacet
  facet normal 0 0 1
    outer loop
      vertex 47.629282380513416 -18.372641615111146 60
      vertex 48.06582452759321 -17.19822701567283 60
      vertex 47.33397980256288 -15.637034758884743 60
    endloop
  endfacet
  facet normal 0 0 1
    outer loop
      vertex 48.06582452759321 -17.19822701567283 60
      vertex 47.70347573625061 -14.470691161134948 60
      vertex 47.33397980256288 -15.637034758884743 60
    endloop
  endfacet
  facet normal 0 0 1
    outer loop
      vertex 48.06582452759321 -17.19822701567283 60
      vertex 48.47341361927452 -16.01345284736341 60
      vertex 48.04423687990268 -13.295630960123686 60
    endloop
  endfacet
  facet normal 0 0 1
    outer loop
      vertex 48.06582452759321 -17.19822701567283 60
      vertex 48.04423687990268 -13.295630960123686 60
      vertex 47.70347573625061 -14.470691161134948 60
    endloop
  endfacet
  facet normal 0 0 1
    outer loop
      vertex 48.47341361927452 -16.01345284736341 60
      vertex 48.85180413912926 -14.819032773840302 60
      vertex 48.356057971748015 -12.112561968177705 60
    endloop
  endfacet
  facet normal 0 0 1
    outer loop
      vertex 48.47341361927452 -16.01345284736341 60
      vertex 48.356057971748015 -12.112561968177705 60
      vertex 48.04423687990268 -13.295630960123686 60
    endloop
  endfacet
  facet normal 0 0 1
    outer loop
      vertex 48.85180413912926 -14.819032773840302 60
      vertex 48.63875118242065 -10.92219682181996 60
      vertex 48.356057971748015 -12.112561968177705 60
    endloop
  endfacet
  facet normal 0 0 1
    outer loop
      vertex 48.85180413912926 -14.819032773840302 60
      vertex 49.2007681588572 -13.615686269093564 60
      vertex 48.63875118242065 -10.92219682181996 60
    endloop
  endfacet
  facet normal 0 0 1
    outer loop
      vertex 49.2007681588572 -13.615686269093564 60
      vertex 48.89214622810104 -9.725252552503994 60
      vertex 48.63875118242065 -10.92219682181996 60
    endloop
  endfacet
  facet normal 0 0 1
    outer loop
      vertex 49.2007681588572 -13.615686269093564 60
      vertex 49.52009547558147 -12.40413818406162 60
      vertex 49.11609047308872 -8.522450154701016 60
    endloop
  endfacet
  facet normal 0 0 1
    outer loop
      vertex 49.2007681588572 -13.615686269093564 60
      vertex 49.11609047308872 -8.522450154701016 60
      vertex 48.89214622810104 -9.725252552503994 60
    endloop
  endfacet
  facet normal 0 0 1
    outer loop
      vertex 49.52009547558147 -12.40413818406162 60
      vertex 49.80959373846688 -11.185118310008203 60
      vertex 49.475104799745694 -6.102172158680927 60
    endloop
  endfacet
  facet normal 0 0 1
    outer loop
      vertex 49.52009547558147 -12.40413818406162 60
      vertex 49.31044902174433 -7.314514151599783 60
      vertex 49.11609047308872 -8.522450154701016 60
    endloop
  endfacet
  facet normal 0 0 1
    outer loop
      vertex 49.52009547558147 -12.40413818406162 60
      vertex 49.475104799745694 -6.102172158680927 60
      vertex 49.31044902174433 -7.314514151599783 60
    endloop
  endfacet
  facet normal 0 0 1
    outer loop
      vertex 49.80959373846688 -11.185118310008203 60
      vertex 50.06908856458491 -9.959360938923346 60
      vertex 49.789953491827845 -2.4460235652217883 60
    endloop
  endfacet
  facet normal 0 0 1
    outer loop
      vertex 49.80959373846688 -11.185118310008203 60
      vertex 49.60995862460902 -4.886154445428597 60
      vertex 49.475104799745694 -6.102172158680927 60
    endloop
  endfacet
  facet normal 0 0 1
    outer loop
      vertex 49.80959373846688 -11.185118310008203 60
      vertex 49.71492926543271 -3.667193495443421 60
      vertex 49.60995862460902 -4.886154445428597 60
    endloop
  endfacet
  facet normal 0 0 1
    outer loop
      vertex 49.80959373846688 -11.185118310008203 60
      vertex 49.789953491827845 -2.4460235652217883 60
      vertex 49.71492926543271 -3.667193495443421 60
    endloop
  endfacet
  facet normal 0 0 1
    outer loop
      vertex 50.06908856458491 -9.959360938923346 60
      vertex 49.83498611200579 -1.2233802418671775 60
      vertex 49.789953491827845 -2.4460235652217883 60
    endloop
  endfacet
  facet normal 0 0 1
    outer loop
      vertex 50.06908856458491 -9.959360938923346 60
      vertex 49.85 0 60
      vertex 49.83498611200579 -1.2233802418671775 60
    endloop
  endfacet
  facet normal 0 0 1
    outer loop
      vertex 50.06908856458491 -9.959360938923346 60
      vertex 50.298423643955445 -8.727604421213377 60
      vertex 50.06908856458491 9.959360938923346 60
    endloop
  endfacet
  facet normal 0 0 1
    outer loop
      vertex 50.298423643955445 -8.727604421213377 60
      vertex 50.49746083370207 -7.490590720946217 60
      vertex 50.298423643955445 8.727604421213377 60
    endloop
  endfacet
  facet normal 0 0 1
    outer loop
      vertex 50.49746083370207 -7.490590720946217 60
      vertex 50.66608024126414 -6.249064968919987 60
      vertex 50.49746083370207 7.490590720946217 60
    endloop
  endfacet
  facet normal 0 0 1
    outer loop
      vertex 50.66608024126414 -6.249064968919987 60
      vertex 50.80418029661565 -5.003775013824068 60
      vertex 50.66608024126414 6.249064968919987 60
    endloop
  endfacet
  facet normal 0 0 1
    outer loop
      vertex 50.80418029661565 -5.003775013824068 60
      vertex 50.911677813447135 -3.755470971763022 60
      vertex 50.80418029661565 5.003775013824068 60
    endloop
  endfacet
  facet normal 0 0 1
    outer loop
      vertex 50.911677813447135 -3.755470971763022 60
      vertex 50.98850803927405 -2.5049047744146895 60
      vertex 50.911677813447135 3.755470971763022 60
    endloop
  endfacet
  facet normal 0 0 1
    outer loop
      vertex 50.98850803927405 -2.5049047744146895 60
      vertex 51.03462469444123 -1.2528297160946722 60
      vertex 50.98850803927405 2.5049047744146895 60
    endloop
  endfacet
  facet normal 0 0 -1
    outer loop
      vertex 5.770675040449511 50.719132685260035 0
      vertex 5.775111520518538 49.51137514148313 0
      vertex 5.755879056629516 49.513507981563265 0
    endloop
  endfacet
  facet normal 0 0 -1
    outer loop
      vertex 7.233986343467334 50.532311885351795 0
      vertex 7.245234699328062 49.3198582991429 0
      vertex 7.219150030374288 49.32340102181157 0
    endloop
  endfacet
  facet normal 0 0 -1
    outer loop
      vertex 13.03331668565058 49.354263111901325 0
      vertex 13.036961446748668 48.1124143155694 0
      vertex 13.018137033381382 48.117375859798436 0
    endloop
  endfacet
  facet normal 0 0 -1
    outer loop
      vertex 14.465321239962545 48.95437858314786 0
      vertex 14.472539487693295 47.7028901891196 0
      vertex 14.470691161134948 47.70347573625061 0
    endloop
  endfacet
  facet normal 0 0 -1
    outer loop
      vertex 14.465321239962545 48.95437858314786 0
      vertex 14.470691161134948 47.70347573625061 0
      vertex 14.450043067328538 47.70946357249394 0
    endloop
  endfacet
  facet normal 0 0 -1
    outer loop
      vertex 26.851742307679842 43.413148062830516 0
      vertex 26.858175187148515 41.993289007644826 0
      vertex 26.834506117358334 42.00868742661739 0
    endloop
  endfacet
  facet normal 0 0 -1
    outer loop
      vertex 28.156962768324078 42.579824236541796 0
      vertex 28.18562903972539 41.1122716696222 0
      vertex 28.139342014695696 41.144028136019955 0
    endloop
  endfacet
  facet normal 0 0 -1
    outer loop
      vertex 15.888465202173798 48.513009521157855 0
      vertex 16.002765448493903 47.6025697300073 0
      vertex 15.87299936071235 47.252802646358425 0
    endloop
  endfacet
  facet normal 0 0 -1
    outer loop
      vertex 16.002765448493903 47.6025697300073 0
      vertex 15.997376617130307 47.21001405902659 0
      vertex 15.87299936071235 47.252802646358425 0
    endloop
  endfacet
  facet normal 0 0 -1
    outer loop
      vertex 20.09596050363963 46.92400998393051 0
      vertex 20.09990755307608 45.616810939919354 0
      vertex 20.080022563036355 45.62533494135611 0
    endloop
  endfacet
  facet normal 0 0 -1
    outer loop
      vertex 21.475029404543378 46.309724675685636 0
      vertex 21.48326505276712 44.98106825200119 0
      vertex 21.45886964276448 44.99297492497504 0
    endloop
  endfacet
  facet normal 0.01227153828571627 0.9999247018391446 0
    outer loop
      vertex 0 51.05 1.5
      vertex 0 51.05 60
      vertex 1.2528297160946722 51.03462469444123 1.5
    endloop
  endfacet
  facet normal 0.03680722294135918 0.9993223845883494 0
    outer loop
      vertex 1.2528297160946722 51.03462469444123 1.5
      vertex 1.2528297160946722 51.03462469444123 60
      vertex 2.5049047744146895 50.98850803927405 1.5
    endloop
  endfacet
  facet normal 0.06132073630221034 0.9981181129001491 0
    outer loop
      vertex 2.5049047744146895 50.98850803927405 1.5
      vertex 2.5049047744146895 50.98850803927405 60
      vertex 3.755470971763022 50.911677813447135 1.5
    endloop
  endfacet
  facet normal 0.08579731234444148 0.9963126121827779 0
    outer loop
      vertex 3.755470971763022 50.911677813447135 1.5
      vertex 3.755470971763022 50.911677813447135 60
      vertex 5.003775013824068 50.80418029661565 1.5
    endloop
  endfacet
  facet normal 0.11022220729388485 0.9939069700023557 0
    outer loop
      vertex 5.003775013824068 50.80418029661565 1.5
      vertex 5.003775013824068 50.80418029661565 60
      vertex 6.249064968919987 50.66608024126414 1.5
    endloop
  endfacet
  facet normal 0.13458070850712023 0.9909026354277808 0
    outer loop
      vertex 7.490590720946217 50.49746083370207 1.5
      vertex 6.249064968919987 50.66608024126414 1.5
      vertex 6.249064968919987 50.66608024126414 60
    endloop
  endfacet
  facet normal 0.15885814333386766 0.9873014181578574 0
    outer loop
      vertex 7.490590720946217 50.49746083370207 1.5
      vertex 7.490590720946217 50.49746083370207 60
      vertex 8.727604421213377 50.298423643955445 1.5
    endloop
  endfacet
  facet normal 0.18303988795514076 0.9831054874312163 0
    outer loop
      vertex 8.727604421213377 50.298423643955445 1.5
      vertex 8.727604421213377 50.298423643955445 60
      vertex 9.959360938923346 50.06908856458491 1.5
    endloop
  endfacet
  facet normal 0.20711137619221592 0.9783173707196282 0
    outer loop
      vertex 9.959360938923346 50.06908856458491 1.5
      vertex 9.959360938923346 50.06908856458491 60
      vertex 11.185118310008203 49.80959373846688 1.5
    endloop
  endfacet
  facet normal 0.23105810828066983 0.9729399522055604 0
    outer loop
      vertex 11.185118310008203 49.80959373846688 1.5
      vertex 11.185118310008203 49.80959373846688 60
      vertex 12.40413818406162 49.52009547558147 1.5
    endloop
  endfacet
  facet normal 0.25486565960451696 0.9669764710448514 0
    outer loop
      vertex 12.40413818406162 49.52009547558147 1.5
      vertex 12.40413818406162 49.52009547558147 60
      vertex 13.615686269093564 49.2007681588572 1.5
    endloop
  endfacet
  facet normal 0.2785196893850549 0.9604305194155653 0
    outer loop
      vertex 13.615686269093564 49.2007681588572 1.5
      vertex 13.615686269093564 49.2007681588572 60
      vertex 14.819032773840302 48.85180413912926 1.5
    endloop
  endfacet
  facet normal 0.4821837720791236 0.8760700941954063 0
    outer loop
      vertex 25.162452713330474 44.417940896099715 1.5
      vertex 24.064803414967177 45.022080544983524 1.5
      vertex 24.064803414967177 45.022080544983524 60
    endloop
  endfacet
  facet normal 0.503538383725717 0.8639728561215869 0
    outer loop
      vertex 25.162452713330474 44.417940896099715 1.5
      vertex 25.162452713330474 44.417940896099715 60
      vertex 26.24494509106397 43.78704554051389 1.5
    endloop
  endfacet
  facet normal 0.5453249884220492 0.8382247055548363 0
    outer loop
      vertex 27.31162849523631 43.129774505997545 1.5
      vertex 27.31162849523631 43.129774505997545 60
      vertex 28.36186039565069 42.44652370804493 1.5
    endloop
  endfacet
  facet normal 0.5245896826784688 0.8513551931052653 0
    outer loop
      vertex 26.24494509106397 43.78704554051389 1.5
      vertex 26.24494509106397 43.78704554051389 60
      vertex 27.31162849523631 43.129774505997545 1.5
    endloop
  endfacet
  facet normal 0.5657318107836098 0.8245893027850276 0
    outer loop
      vertex 28.36186039565069 42.44652370804493 1.5
      vertex 28.36186039565069 42.44652370804493 60
      vertex 29.395008171881003 41.737704711388346 1.5
    endloop
  endfacet
  facet normal 0.5857978574564386 0.8104571982525949 0
    outer loop
      vertex 29.395008171881003 41.737704711388346 1.5
      vertex 29.395008171881003 41.737704711388346 60
      vertex 30.41044949433872 41.00374448208692 1.5
    endloop
  endfacet
  facet normal 0.30200594931922703 0.9533060403541941 0
    outer loop
      vertex 14.819032773840302 48.85180413912926 1.5
      vertex 14.819032773840302 48.85180413912926 60
      vertex 16.01345284736341 48.47341361927452 1.5
    endloop
  endfacet
  facet normal 0.3253102921622624 0.9456073253805215 0
    outer loop
      vertex 16.01345284736341 48.47341361927452 1.5
      vertex 16.01345284736341 48.47341361927452 60
      vertex 17.19822701567283 48.06582452759321 1.5
    endloop
  endfacet
  facet normal 0.34841868024943423 0.9373390119125751 0
    outer loop
      vertex 17.19822701567283 48.06582452759321 1.5
      vertex 17.19822701567283 48.06582452759321 60
      vertex 18.372641615111146 47.629282380513416 1.5
    endloop
  endfacet
  facet normal 0.37131719395183843 0.9285060804732153 0
    outer loop
      vertex 18.372641615111146 47.629282380513416 1.5
      vertex 18.372641615111146 47.629282380513416 60
      vertex 19.53598922223783 47.164050134701185 1.5
    endloop
  endfacet
  facet normal 0.39399204006104827 0.9191138516900575 0
    outer loop
      vertex 19.53598922223783 47.164050134701185 1.5
      vertex 19.53598922223783 47.164050134701185 60
      vertex 20.68756907995473 46.670408028665236 1.5
    endloop
  endfacet
  facet normal 0.41642956009763765 0.9091679830905222 0
    outer loop
      vertex 20.68756907995473 46.670408028665236 1.5
      vertex 20.68756907995473 46.670408028665236 60
      vertex 21.8266875196159 46.14865341395178 1.5
    endloop
  endfacet
  facet normal 0.4386162385385256 0.8986744656939549 0
    outer loop
      vertex 21.8266875196159 46.14865341395178 1.5
      vertex 21.8266875196159 46.14865341395178 60
      vertex 22.952658378867664 45.599100576031056 1.5
    endloop
  endfacet
  facet normal 0.46053871095823945 0.8876396204028542 0
    outer loop
      vertex 22.952658378867664 45.599100576031056 1.5
      vertex 22.952658378867664 45.599100576031056 60
      vertex 24.064803414967177 45.022080544983524 1.5
    endloop
  endfacet
  facet normal 0 0 -1
    outer loop
      vertex 42.42640687119285 26.722675346237118 0
      vertex 42.417172305622366 26.180778846668357 0
      vertex 42.23074605408431 26.48332951172852 0
    endloop
  endfacet
  facet normal 0 0 -1
    outer loop
      vertex 42.42640687119285 26.722675346237118 0
      vertex 42.23074605408431 26.48332951172852 0
      vertex 42.257187083979424 28.637830301980674 0
    endloop
  endfacet
  facet normal 0 0 -1
    outer loop
      vertex 45.24170780134982 23.64149512441008 0
      vertex 45.27914426899999 20.843616657604077 0
      vertex 45.20924384112741 20.99622645555209 0
    endloop
  endfacet
  facet normal 0.8639728561215869 0.503538383725717 0
    outer loop
      vertex 43.78704554051389 26.24494509106397 1.5
      vertex 43.78704554051389 26.24494509106397 60
      vertex 44.417940896099715 25.162452713330474 1.5
    endloop
  endfacet
  facet normal 0.8760700941954063 0.4821837720791236 0
    outer loop
      vertex 44.417940896099715 25.162452713330474 1.5
      vertex 44.417940896099715 25.162452713330474 60
      vertex 45.022080544983524 24.064803414967177 1.5
    endloop
  endfacet
  facet normal 0.8382247055548363 0.5453249884220492 0
    outer loop
      vertex 42.44652370804493 28.36186039565069 1.5
      vertex 42.44652370804493 28.36186039565069 60
      vertex 43.129774505997545 27.31162849523631 1.5
    endloop
  endfacet
  facet normal 0.8245893027850276 0.5657318107836098 0
    outer loop
      vertex 41.737704711388346 29.395008171881003 1.5
      vertex 41.737704711388346 29.395008171881003 60
      vertex 42.44652370804493 28.36186039565069 1.5
    endloop
  endfacet
  facet normal 0.8513551931052653 0.5245896826784688 0
    outer loop
      vertex 43.78704554051389 26.24494509106397 1.5
      vertex 43.129774505997545 27.31162849523631 1.5
      vertex 43.129774505997545 27.31162849523631 60
    endloop
  endfacet
  facet normal 0.9999247018391446 0.01227153828571627 0
    outer loop
      vertex 51.05 0 1.5
      vertex 51.03462469444123 1.2528297160946722 1.5
      vertex 51.03462469444123 1.2528297160946722 60
    endloop
  endfacet
  facet normal 0.9993223845883494 0.03680722294135918 0
    outer loop
      vertex 51.03462469444123 1.2528297160946722 1.5
      vertex 50.98850803927405 2.5049047744146895 1.5
      vertex 50.98850803927405 2.5049047744146895 60
    endloop
  endfacet
  facet normal 0.9981181129001491 0.06132073630221034 0
    outer loop
      vertex 50.98850803927405 2.5049047744146895 1.5
      vertex 50.911677813447135 3.755470971763022 1.5
      vertex 50.911677813447135 3.755470971763022 60
    endloop
  endfacet
  facet normal 0.9909026354277808 0.13458070850712023 0
    outer loop
      vertex 50.49746083370207 7.490590720946217 1.5
      vertex 50.49746083370207 7.490590720946217 60
      vertex 50.66608024126414 6.249064968919987 1.5
    endloop
  endfacet
  facet normal 0.9963126121827779 0.08579731234444148 0
    outer loop
      vertex 50.911677813447135 3.755470971763022 1.5
      vertex 50.80418029661565 5.003775013824068 1.5
      vertex 50.80418029661565 5.003775013824068 60
    endloop
  endfacet
  facet normal 0.9939069700023557 0.11022220729388485 0
    outer loop
      vertex 50.80418029661565 5.003775013824068 1.5
      vertex 50.66608024126414 6.249064968919987 1.5
      vertex 50.66608024126414 6.249064968919987 60
    endloop
  endfacet
  facet normal 0.9873014181578574 0.15885814333386766 0
    outer loop
      vertex 50.49746083370207 7.490590720946217 1.5
      vertex 50.298423643955445 8.727604421213377 1.5
      vertex 50.298423643955445 8.727604421213377 60
    endloop
  endfacet
  facet normal 0.9831054874312163 0.18303988795514076 0
    outer loop
      vertex 50.298423643955445 8.727604421213377 1.5
      vertex 50.06908856458491 9.959360938923346 1.5
      vertex 50.06908856458491 9.959360938923346 60
    endloop
  endfacet
  facet normal 0.9783173707196282 0.20711137619221592 0
    outer loop
      vertex 50.06908856458491 9.959360938923346 1.5
      vertex 49.80959373846688 11.185118310008203 1.5
      vertex 49.80959373846688 11.185118310008203 60
    endloop
  endfacet
  facet normal 0.9729399522055604 0.23105810828066983 0
    outer loop
      vertex 49.80959373846688 11.185118310008203 1.5
      vertex 49.52009547558147 12.40413818406162 1.5
      vertex 49.52009547558147 12.40413818406162 60
    endloop
  endfacet
  facet normal 0.9669764710448514 0.25486565960451696 0
    outer loop
      vertex 49.52009547558147 12.40413818406162 1.5
      vertex 49.2007681588572 13.615686269093564 1.5
      vertex 49.2007681588572 13.615686269093564 60
    endloop
  endfacet
  facet normal 0.9604305194155653 0.2785196893850549 0
    outer loop
      vertex 49.2007681588572 13.615686269093564 1.5
      vertex 48.85180413912926 14.819032773840302 1.5
      vertex 48.85180413912926 14.819032773840302 60
    endloop
  endfacet
  facet normal 0.9533060403541941 0.30200594931922703 0
    outer loop
      vertex 48.85180413912926 14.819032773840302 1.5
      vertex 48.47341361927452 16.01345284736341 1.5
      vertex 48.47341361927452 16.01345284736341 60
    endloop
  endfacet
  facet normal 0.9456073253805215 0.3253102921622624 0
    outer loop
      vertex 48.47341361927452 16.01345284736341 1.5
      vertex 48.06582452759321 17.19822701567283 1.5
      vertex 48.06582452759321 17.19822701567283 60
    endloop
  endfacet
  facet normal 0.9373390119125751 0.34841868024943423 0
    outer loop
      vertex 47.629282380513416 18.372641615111146 1.5
      vertex 47.629282380513416 18.372641615111146 60
      vertex 48.06582452759321 17.19822701567283 1.5
    endloop
  endfacet
  facet normal 0.9191138516900575 0.39399204006104827 0
    outer loop
      vertex 46.670408028665236 20.68756907995473 1.5
      vertex 46.670408028665236 20.68756907995473 60
      vertex 47.164050134701185 19.53598922223783 1.5
    endloop
  endfacet
  facet normal 0.9091679830905222 0.41642956009763765 0
    outer loop
      vertex 46.670408028665236 20.68756907995473 1.5
      vertex 46.14865341395178 21.8266875196159 1.5
      vertex 46.14865341395178 21.8266875196159 60
    endloop
  endfacet
  facet normal 0.9285060804732153 0.37131719395183843 0
    outer loop
      vertex 47.629282380513416 18.372641615111146 1.5
      vertex 47.164050134701185 19.53598922223783 1.5
      vertex 47.164050134701185 19.53598922223783 60
    endloop
  endfacet
  facet normal 0.8986744656939549 0.4386162385385256 0
    outer loop
      vertex 46.14865341395178 21.8266875196159 1.5
      vertex 45.599100576031056 22.952658378867664 1.5
      vertex 45.599100576031056 22.952658378867664 60
    endloop
  endfacet
  facet normal 0.8876396204028542 0.46053871095823945 0
    outer loop
      vertex 45.599100576031056 22.952658378867664 1.5
      vertex 45.022080544983524 24.064803414967177 1.5
      vertex 45.022080544983524 24.064803414967177 60
    endloop
  endfacet
  facet normal 0 0 -1
    outer loop
      vertex 33.334213981176134 37.819521957243126 0
      vertex 33.32334906231393 37.07246692149631 0
      vertex 33.17850547711579 37.20054329960233 0
    endloop
  endfacet
  facet normal 0 0 -1
    outer loop
      vertex 35.599494292726725 36.58402544489331 0
      vertex 35.60771942232459 34.881919307368314 0
      vertex 35.57896689217412 34.911386334849574 0
    endloop
  endfacet
  facet normal 0 0 -1
    outer loop
      vertex 36.767978124493204 35.41097040851012 0
      vertex 36.82066199197084 33.60181834369131 0
      vertex 36.746751806962116 33.681381278424205 0
    endloop
  endfacet
  facet normal 0 0 -1
    outer loop
      vertex 31.96617080314524 39.79801367969951 0
      vertex 31.97498581241876 38.23966765409126 0
      vertex 31.947331627448712 38.26293660112618 0
    endloop
  endfacet
  facet normal 0 0 -1
    outer loop
      vertex 33.334213981176134 37.819521957243126 0
      vertex 33.17850547711579 37.20054329960233 0
      vertex 33.19787534877619 38.77886320487655 0
    endloop
  endfacet
  facet normal 0 0 -1
    outer loop
      vertex 39.03646403903337 32.89172736943189 0
      vertex 39.049443723766466 30.98119222620279 0
      vertex 39.013567197460226 31.026018527556392 0
    endloop
  endfacet
  facet normal 0.6983762494089704 0.715730825283821 0
    outer loop
      vertex 35.20104480882726 36.97281358467239 1.5
      vertex 35.20104480882726 36.97281358467239 60
      vertex 36.09780117957325 36.09780117957325 1.5
    endloop
  endfacet
  facet normal 0.7326542716724117 0.6806009977954541 0
    outer loop
      vertex 36.97281358467239 35.20104480882726 1.5
      vertex 36.97281358467239 35.20104480882726 60
      vertex 37.82555494937066 34.28308464494029 1.5
    endloop
  endfacet
  facet normal 0.715730825283821 0.6983762494089704 0
    outer loop
      vertex 36.97281358467239 35.20104480882726 1.5
      vertex 36.09780117957325 36.09780117957325 1.5
      vertex 36.09780117957325 36.09780117957325 60
    endloop
  endfacet
  facet normal 0.6055110414043248 0.7958369046088841 0
    outer loop
      vertex 30.41044949433872 41.00374448208692 1.5
      vertex 30.41044949433872 41.00374448208692 60
      vertex 31.407572699140996 40.24508513033825 1.5
    endloop
  endfacet
  facet normal 0.6248594881423875 0.7807372285720937 0
    outer loop
      vertex 31.407572699140996 40.24508513033825 1.5
      vertex 31.407572699140996 40.24508513033825 60
      vertex 32.3857771565541 39.46218364416772 1.5
    endloop
  endfacet
  facet normal 0.6438315428897916 0.7651672656224588 0
    outer loop
      vertex 33.344473632790304 38.65551161415603 1.5
      vertex 32.3857771565541 39.46218364416772 1.5
      vertex 32.3857771565541 39.46218364416772 60
    endloop
  endfacet
  facet normal 0.6624157775901708 0.7491363945234603 0
    outer loop
      vertex 33.344473632790304 38.65551161415603 1.5
      vertex 33.344473632790304 38.65551161415603 60
      vertex 34.28308464494029 37.82555494937066 1.5
    endloop
  endfacet
  facet normal 0.6806009977954541 0.7326542716724117 0
    outer loop
      vertex 35.20104480882726 36.97281358467239 1.5
      vertex 34.28308464494029 37.82555494937066 1.5
      vertex 34.28308464494029 37.82555494937066 60
    endloop
  endfacet
  facet normal 0.7651672656224588 0.6438315428897916 0
    outer loop
      vertex 38.65551161415603 33.344473632790304 1.5
      vertex 38.65551161415603 33.344473632790304 60
      vertex 39.46218364416772 32.3857771565541 1.5
    endloop
  endfacet
  facet normal 0.8104571982525949 0.5857978574564386 0
    outer loop
      vertex 41.737704711388346 29.395008171881003 1.5
      vertex 41.00374448208692 30.41044949433872 1.5
      vertex 41.00374448208692 30.41044949433872 60
    endloop
  endfacet
  facet normal 0.7958369046088841 0.6055110414043248 0
    outer loop
      vertex 40.24508513033825 31.407572699140996 1.5
      vertex 40.24508513033825 31.407572699140996 60
      vertex 41.00374448208692 30.41044949433872 1.5
    endloop
  endfacet
  facet normal 0.7807372285720937 0.6248594881423875 0
    outer loop
      vertex 40.24508513033825 31.407572699140996 1.5
      vertex 39.46218364416772 32.3857771565541 1.5
      vertex 39.46218364416772 32.3857771565541 60
    endloop
  endfacet
  facet normal 0.7491363945234603 0.6624157775901708 0
    outer loop
      vertex 38.65551161415603 33.344473632790304 1.5
      vertex 37.82555494937066 34.28308464494029 1.5
      vertex 37.82555494937066 34.28308464494029 60
    endloop
  endfacet
  facet normal 0.01227153828571627 0.9999247018391446 0
    outer loop
      vertex 1.2528297160946722 51.03462469444123 1.5
      vertex 0 51.05 60
      vertex 1.2528297160946722 51.03462469444123 60
    endloop
  endfacet
  facet normal 0.03680722294135918 0.9993223845883494 0
    outer loop
      vertex 2.5049047744146895 50.98850803927405 1.5
      vertex 1.2528297160946722 51.03462469444123 60
      vertex 2.5049047744146895 50.98850803927405 60
    endloop
  endfacet
  facet normal 0.06132073630221034 0.9981181129001491 0
    outer loop
      vertex 3.755470971763022 50.911677813447135 1.5
      vertex 2.5049047744146895 50.98850803927405 60
      vertex 3.755470971763022 50.911677813447135 60
    endloop
  endfacet
  facet normal 0.08579731234444148 0.9963126121827779 0
    outer loop
      vertex 5.003775013824068 50.80418029661565 1.5
      vertex 3.755470971763022 50.911677813447135 60
      vertex 5.003775013824068 50.80418029661565 60
    endloop
  endfacet
  facet normal 0.13458070850712023 0.9909026354277808 0
    outer loop
      vertex 7.490590720946217 50.49746083370207 1.5
      vertex 6.249064968919987 50.66608024126414 60
      vertex 7.490590720946217 50.49746083370207 60
    endloop
  endfacet
  facet normal 0.11022220729388485 0.9939069700023557 0
    outer loop
      vertex 6.249064968919987 50.66608024126414 1.5
      vertex 5.003775013824068 50.80418029661565 60
      vertex 6.249064968919987 50.66608024126414 60
    endloop
  endfacet
  facet normal 0.15885814333386766 0.9873014181578574 0
    outer loop
      vertex 8.727604421213377 50.298423643955445 1.5
      vertex 7.490590720946217 50.49746083370207 60
      vertex 8.727604421213377 50.298423643955445 60
    endloop
  endfacet
  facet normal 0.18303988795514076 0.9831054874312163 0
    outer loop
      vertex 9.959360938923346 50.06908856458491 1.5
      vertex 8.727604421213377 50.298423643955445 60
      vertex 9.959360938923346 50.06908856458491 60
    endloop
  endfacet
  facet normal 0.20711137619221592 0.9783173707196282 0
    outer loop
      vertex 11.185118310008203 49.80959373846688 1.5
      vertex 9.959360938923346 50.06908856458491 60
      vertex 11.185118310008203 49.80959373846688 60
    endloop
  endfacet
  facet normal 0.23105810828066983 0.9729399522055604 0
    outer loop
      vertex 12.40413818406162 49.52009547558147 1.5
      vertex 11.185118310008203 49.80959373846688 60
      vertex 12.40413818406162 49.52009547558147 60
    endloop
  endfacet
  facet normal 0.25486565960451696 0.9669764710448514 0
    outer loop
      vertex 13.615686269093564 49.2007681588572 1.5
      vertex 12.40413818406162 49.52009547558147 60
      vertex 13.615686269093564 49.2007681588572 60
    endloop
  endfacet
  facet normal 0.2785196893850549 0.9604305194155653 0
    outer loop
      vertex 14.819032773840302 48.85180413912926 1.5
      vertex 13.615686269093564 49.2007681588572 60
      vertex 14.819032773840302 48.85180413912926 60
    endloop
  endfacet
  facet normal 0.4821837720791236 0.8760700941954063 0
    outer loop
      vertex 25.162452713330474 44.417940896099715 1.5
      vertex 24.064803414967177 45.022080544983524 60
      vertex 25.162452713330474 44.417940896099715 60
    endloop
  endfacet
  facet normal 0.503538383725717 0.8639728561215869 0
    outer loop
      vertex 26.24494509106397 43.78704554051389 1.5
      vertex 25.162452713330474 44.417940896099715 60
      vertex 26.24494509106397 43.78704554051389 60
    endloop
  endfacet
  facet normal 0.5453249884220492 0.8382247055548363 0
    outer loop
      vertex 28.36186039565069 42.44652370804493 1.5
      vertex 27.31162849523631 43.129774505997545 60
      vertex 28.36186039565069 42.44652370804493 60
    endloop
  endfacet
  facet normal 0.5245896826784688 0.8513551931052653 0
    outer loop
      vertex 27.31162849523631 43.129774505997545 1.5
      vertex 26.24494509106397 43.78704554051389 60
      vertex 27.31162849523631 43.129774505997545 60
    endloop
  endfacet
  facet normal 0.5657318107836098 0.8245893027850276 0
    outer loop
      vertex 29.395008171881003 41.737704711388346 1.5
      vertex 28.36186039565069 42.44652370804493 60
      vertex 29.395008171881003 41.737704711388346 60
    endloop
  endfacet
  facet normal 0.30200594931922703 0.9533060403541941 0
    outer loop
      vertex 16.01345284736341 48.47341361927452 1.5
      vertex 14.819032773840302 48.85180413912926 60
      vertex 16.01345284736341 48.47341361927452 60
    endloop
  endfacet
  facet normal 0.3253102921622624 0.9456073253805215 0
    outer loop
      vertex 17.19822701567283 48.06582452759321 1.5
      vertex 16.01345284736341 48.47341361927452 60
      vertex 17.19822701567283 48.06582452759321 60
    endloop
  endfacet
  facet normal 0.34841868024943423 0.9373390119125751 0
    outer loop
      vertex 18.372641615111146 47.629282380513416 1.5
      vertex 17.19822701567283 48.06582452759321 60
      vertex 18.372641615111146 47.629282380513416 60
    endloop
  endfacet
  facet normal 0.39399204006104827 0.9191138516900575 0
    outer loop
      vertex 20.68756907995473 46.670408028665236 1.5
      vertex 19.53598922223783 47.164050134701185 60
      vertex 20.68756907995473 46.670408028665236 60
    endloop
  endfacet
  facet normal 0.37131719395183843 0.9285060804732153 0
    outer loop
      vertex 19.53598922223783 47.164050134701185 1.5
      vertex 18.372641615111146 47.629282380513416 60
      vertex 19.53598922223783 47.164050134701185 60
    endloop
  endfacet
  facet normal 0.41642956009763765 0.9091679830905222 0
    outer loop
      vertex 21.8266875196159 46.14865341395178 1.5
      vertex 20.68756907995473 46.670408028665236 60
      vertex 21.8266875196159 46.14865341395178 60
    endloop
  endfacet
  facet normal 0.4386162385385256 0.8986744656939549 0
    outer loop
      vertex 22.952658378867664 45.599100576031056 1.5
      vertex 21.8266875196159 46.14865341395178 60
      vertex 22.952658378867664 45.599100576031056 60
    endloop
  endfacet
  facet normal 0.46053871095823945 0.8876396204028542 0
    outer loop
      vertex 24.064803414967177 45.022080544983524 1.5
      vertex 22.952658378867664 45.599100576031056 60
      vertex 24.064803414967177 45.022080544983524 60
    endloop
  endfacet
  facet normal 0 0 1
    outer loop
      vertex 0 51.05 60
      vertex 0 49.85 60
      vertex 1.2233802418671775 49.83498611200579 60
    endloop
  endfacet
  facet normal 0 0 1
    outer loop
      vertex 1.2528297160946722 51.03462469444123 60
      vertex 1.2233802418671775 49.83498611200579 60
      vertex 2.4460235652217883 49.789953491827845 60
    endloop
  endfacet
  facet normal 0 0 1
    outer loop
      vertex 0 51.05 60
      vertex 1.2233802418671775 49.83498611200579 60
      vertex 1.2528297160946722 51.03462469444123 60
    endloop
  endfacet
  facet normal 0 0 1
    outer loop
      vertex 1.2528297160946722 51.03462469444123 60
      vertex 2.4460235652217883 49.789953491827845 60
      vertex 2.5049047744146895 50.98850803927405 60
    endloop
  endfacet
  facet normal 0 0 1
    outer loop
      vertex 2.5049047744146895 50.98850803927405 60
      vertex 2.4460235652217883 49.789953491827845 60
      vertex 3.667193495443421 49.71492926543271 60
    endloop
  endfacet
  facet normal 0 0 1
    outer loop
      vertex 2.5049047744146895 50.98850803927405 60
      vertex 3.667193495443421 49.71492926543271 60
      vertex 3.755470971763022 50.911677813447135 60
    endloop
  endfacet
  facet normal 0 0 1
    outer loop
      vertex 3.755470971763022 50.911677813447135 60
      vertex 3.667193495443421 49.71492926543271 60
      vertex 4.886154445428597 49.60995862460902 60
    endloop
  endfacet
  facet normal 0 0 1
    outer loop
      vertex 3.755470971763022 50.911677813447135 60
      vertex 4.886154445428597 49.60995862460902 60
      vertex 5.003775013824068 50.80418029661565 60
    endloop
  endfacet
  facet normal 0 0 1
    outer loop
      vertex 5.003775013824068 50.80418029661565 60
      vertex 4.886154445428597 49.60995862460902 60
      vertex 6.102172158680927 49.475104799745694 60
    endloop
  endfacet
  facet normal 0 0 1
    outer loop
      vertex 5.003775013824068 50.80418029661565 60
      vertex 6.102172158680927 49.475104799745694 60
      vertex 6.249064968919987 50.66608024126414 60
    endloop
  endfacet
  facet normal 0 0 1
    outer loop
      vertex 6.249064968919987 50.66608024126414 60
      vertex 6.102172158680927 49.475104799745694 60
      vertex 7.314514151599783 49.31044902174433 60
    endloop
  endfacet
  facet normal 0 0 1
    outer loop
      vertex 7.490590720946217 50.49746083370207 60
      vertex 6.249064968919987 50.66608024126414 60
      vertex 7.314514151599783 49.31044902174433 60
    endloop
  endfacet
  facet normal 0 0 1
    outer loop
      vertex 7.490590720946217 50.49746083370207 60
      vertex 7.314514151599783 49.31044902174433 60
      vertex 8.522450154701016 49.11609047308872 60
    endloop
  endfacet
  facet normal 0 0 1
    outer loop
      vertex 7.490590720946217 50.49746083370207 60
      vertex 8.522450154701016 49.11609047308872 60
      vertex 8.727604421213377 50.298423643955445 60
    endloop
  endfacet
  facet normal 0 0 1
    outer loop
      vertex 8.727604421213377 50.298423643955445 60
      vertex 8.522450154701016 49.11609047308872 60
      vertex 9.725252552503994 48.89214622810104 60
    endloop
  endfacet
  facet normal 0 0 1
    outer loop
      vertex 9.959360938923346 50.06908856458491 60
      vertex 9.725252552503994 48.89214622810104 60
      vertex 10.92219682181996 48.63875118242065 60
    endloop
  endfacet
  facet normal 0 0 1
    outer loop
      vertex 8.727604421213377 50.298423643955445 60
      vertex 9.725252552503994 48.89214622810104 60
      vertex 9.959360938923346 50.06908856458491 60
    endloop
  endfacet
  facet normal 0 0 1
    outer loop
      vertex 9.959360938923346 50.06908856458491 60
      vertex 10.92219682181996 48.63875118242065 60
      vertex 11.185118310008203 49.80959373846688 60
    endloop
  endfacet
  facet normal 0 0 1
    outer loop
      vertex 12.40413818406162 49.52009547558147 60
      vertex 12.112561968177705 48.356057971748015 60
      vertex 13.295630960123686 48.04423687990268 60
    endloop
  endfacet
  facet normal 0 0 1
    outer loop
      vertex 13.615686269093564 49.2007681588572 60
      vertex 13.295630960123686 48.04423687990268 60
      vertex 14.470691161134948 47.70347573625061 60
    endloop
  endfacet
  facet normal 0 0 1
    outer loop
      vertex 13.615686269093564 49.2007681588572 60
      vertex 14.470691161134948 47.70347573625061 60
      vertex 14.819032773840302 48.85180413912926 60
    endloop
  endfacet
  facet normal 0 0 1
    outer loop
      vertex 14.819032773840302 48.85180413912926 60
      vertex 14.470691161134948 47.70347573625061 60
      vertex 15.637034758884743 47.33397980256288 60
    endloop
  endfacet
  facet normal 0 0 1
    outer loop
      vertex 11.185118310008203 49.80959373846688 60
      vertex 10.92219682181996 48.63875118242065 60
      vertex 12.112561968177705 48.356057971748015 60
    endloop
  endfacet
  facet normal 0 0 1
    outer loop
      vertex 11.185118310008203 49.80959373846688 60
      vertex 12.112561968177705 48.356057971748015 60
      vertex 12.40413818406162 49.52009547558147 60
    endloop
  endfacet
  facet normal 0 0 1
    outer loop
      vertex 12.40413818406162 49.52009547558147 60
      vertex 13.295630960123686 48.04423687990268 60
      vertex 13.615686269093564 49.2007681588572 60
    endloop
  endfacet
  facet normal 0 0 1
    outer loop
      vertex 22.952658378867664 45.599100576031056 60
      vertex 22.41312478328214 44.52723141459644 60
      vertex 23.499127330775984 43.9637750277655 60
    endloop
  endfacet
  facet normal 0 0 1
    outer loop
      vertex 22.952658378867664 45.599100576031056 60
      vertex 23.499127330775984 43.9637750277655 60
      vertex 24.064803414967177 45.022080544983524 60
    endloop
  endfacet
  facet normal 0 0 1
    outer loop
      vertex 24.064803414967177 45.022080544983524 60
      vertex 23.499127330775984 43.9637750277655 60
      vertex 24.570974882654735 43.373836506769265 60
    endloop
  endfacet
  facet normal 0 0 1
    outer loop
      vertex 26.24494509106397 43.78704554051389 60
      vertex 25.628021798032105 42.75777120851356 60
      vertex 26.669631351371795 42.1159502276979 60
    endloop
  endfacet
  facet normal 0 0 1
    outer loop
      vertex 25.162452713330474 44.417940896099715 60
      vertex 24.570974882654735 43.373836506769265 60
      vertex 25.628021798032105 42.75777120851356 60
    endloop
  endfacet
  facet normal 0 0 1
    outer loop
      vertex 25.162452713330474 44.417940896099715 60
      vertex 24.064803414967177 45.022080544983524 60
      vertex 24.570974882654735 43.373836506769265 60
    endloop
  endfacet
  facet normal 0 0 1
    outer loop
      vertex 25.162452713330474 44.417940896099715 60
      vertex 25.628021798032105 42.75777120851356 60
      vertex 26.24494509106397 43.78704554051389 60
    endloop
  endfacet
  facet normal 0 0 1
    outer loop
      vertex 29.395008171881003 41.737704711388346 60
      vertex 28.70403834217959 40.75660293560645 60
      vertex 29.695610328947804 40.039895444310154 60
    endloop
  endfacet
  facet normal 0 0 1
    outer loop
      vertex 29.395008171881003 41.737704711388346 60
      vertex 29.695610328947804 40.039895444310154 60
      vertex 30.41044949433872 41.00374448208692 60
    endloop
  endfacet
  facet normal 0 0 1
    outer loop
      vertex 26.24494509106397 43.78704554051389 60
      vertex 26.669631351371795 42.1159502276979 60
      vertex 27.31162849523631 43.129774505997545 60
    endloop
  endfacet
  facet normal 0 0 1
    outer loop
      vertex 27.31162849523631 43.129774505997545 60
      vertex 26.669631351371795 42.1159502276979 60
      vertex 27.69517611602717 41.44876017328188 60
    endloop
  endfacet
  facet normal 0 0 1
    outer loop
      vertex 27.31162849523631 43.129774505997545 60
      vertex 27.69517611602717 41.44876017328188 60
      vertex 28.36186039565069 42.44652370804493 60
    endloop
  endfacet
  facet normal 0 0 1
    outer loop
      vertex 28.36186039565069 42.44652370804493 60
      vertex 27.69517611602717 41.44876017328188 60
      vertex 28.70403834217959 40.75660293560645 60
    endloop
  endfacet
  facet normal 0 0 1
    outer loop
      vertex 28.36186039565069 42.44652370804493 60
      vertex 28.70403834217959 40.75660293560645 60
      vertex 29.395008171881003 41.737704711388346 60
    endloop
  endfacet
  facet normal 0 0 1
    outer loop
      vertex 14.819032773840302 48.85180413912926 60
      vertex 15.637034758884743 47.33397980256288 60
      vertex 16.01345284736341 48.47341361927452 60
    endloop
  endfacet
  facet normal 0 0 1
    outer loop
      vertex 16.01345284736341 48.47341361927452 60
      vertex 15.637034758884743 47.33397980256288 60
      vertex 16.79395919160217 46.93597164937359 60
    endloop
  endfacet
  facet normal 0 0 1
    outer loop
      vertex 16.01345284736341 48.47341361927452 60
      vertex 16.79395919160217 46.93597164937359 60
      vertex 17.19822701567283 48.06582452759321 60
    endloop
  endfacet
  facet normal 0 0 1
    outer loop
      vertex 18.372641615111146 47.629282380513416 60
      vertex 17.94076757126916 46.509691021911735 60
      vertex 19.076769103399727 46.055394695687646 60
    endloop
  endfacet
  facet normal 0 0 1
    outer loop
      vertex 17.19822701567283 48.06582452759321 60
      vertex 16.79395919160217 46.93597164937359 60
      vertex 17.94076757126916 46.509691021911735 60
    endloop
  endfacet
  facet normal 0 0 1
    outer loop
      vertex 17.19822701567283 48.06582452759321 60
      vertex 17.94076757126916 46.509691021911735 60
      vertex 18.372641615111146 47.629282380513416 60
    endloop
  endfacet
  facet normal 0 0 1
    outer loop
      vertex 19.53598922223783 47.164050134701185 60
      vertex 19.076769103399727 46.055394695687646 60
      vertex 20.201279503148744 45.57335632182101 60
    endloop
  endfacet
  facet normal 0 0 1
    outer loop
      vertex 19.53598922223783 47.164050134701185 60
      vertex 20.201279503148744 45.57335632182101 60
      vertex 20.68756907995473 46.670408028665236 60
    endloop
  endfacet
  facet normal 0 0 1
    outer loop
      vertex 18.372641615111146 47.629282380513416 60
      vertex 19.076769103399727 46.055394695687646 60
      vertex 19.53598922223783 47.164050134701185 60
    endloop
  endfacet
  facet normal 0 0 1
    outer loop
      vertex 20.68756907995473 46.670408028665236 60
      vertex 20.201279503148744 45.57335632182101 60
      vertex 21.313621407499564 45.06386626220365 60
    endloop
  endfacet
  facet normal 0 0 1
    outer loop
      vertex 20.68756907995473 46.670408028665236 60
      vertex 21.313621407499564 45.06386626220365 60
      vertex 21.8266875196159 46.14865341395178 60
    endloop
  endfacet
  facet normal 0 0 1
    outer loop
      vertex 21.8266875196159 46.14865341395178 60
      vertex 21.313621407499564 45.06386626220365 60
      vertex 22.41312478328214 44.52723141459644 60
    endloop
  endfacet
  facet normal 0 0 1
    outer loop
      vertex 21.8266875196159 46.14865341395178 60
      vertex 22.41312478328214 44.52723141459644 60
      vertex 22.952658378867664 45.599100576031056 60
    endloop
  endfacet
  facet normal 0.8760700941954063 0.4821837720791236 0
    outer loop
      vertex 45.022080544983524 24.064803414967177 1.5
      vertex 44.417940896099715 25.162452713330474 60
      vertex 45.022080544983524 24.064803414967177 60
    endloop
  endfacet
  facet normal 0.8639728561215869 0.503538383725717 0
    outer loop
      vertex 44.417940896099715 25.162452713330474 1.5
      vertex 43.78704554051389 26.24494509106397 60
      vertex 44.417940896099715 25.162452713330474 60
    endloop
  endfacet
  facet normal 0.8382247055548363 0.5453249884220492 0
    outer loop
      vertex 43.129774505997545 27.31162849523631 1.5
      vertex 42.44652370804493 28.36186039565069 60
      vertex 43.129774505997545 27.31162849523631 60
    endloop
  endfacet
  facet normal 0.8104571982525949 0.5857978574564386 0
    outer loop
      vertex 41.737704711388346 29.395008171881003 1.5
      vertex 41.00374448208692 30.41044949433872 60
      vertex 41.737704711388346 29.395008171881003 60
    endloop
  endfacet
  facet normal 0.8245893027850276 0.5657318107836098 0
    outer loop
      vertex 42.44652370804493 28.36186039565069 1.5
      vertex 41.737704711388346 29.395008171881003 60
      vertex 42.44652370804493 28.36186039565069 60
    endloop
  endfacet
  facet normal 0.8513551931052653 0.5245896826784688 0
    outer loop
      vertex 43.78704554051389 26.24494509106397 1.5
      vertex 43.129774505997545 27.31162849523631 60
      vertex 43.78704554051389 26.24494509106397 60
    endloop
  endfacet
  facet normal 0.9999247018391446 0.01227153828571627 0
    outer loop
      vertex 51.05 0 1.5
      vertex 51.03462469444123 1.2528297160946722 60
      vertex 51.05 0 60
    endloop
  endfacet
  facet normal 0.9993223845883494 0.03680722294135918 0
    outer loop
      vertex 51.03462469444123 1.2528297160946722 1.5
      vertex 50.98850803927405 2.5049047744146895 60
      vertex 51.03462469444123 1.2528297160946722 60
    endloop
  endfacet
  facet normal 0.9981181129001491 0.06132073630221034 0
    outer loop
      vertex 50.98850803927405 2.5049047744146895 1.5
      vertex 50.911677813447135 3.755470971763022 60
      vertex 50.98850803927405 2.5049047744146895 60
    endloop
  endfacet
  facet normal 0.9909026354277808 0.13458070850712023 0
    outer loop
      vertex 50.66608024126414 6.249064968919987 1.5
      vertex 50.49746083370207 7.490590720946217 60
      vertex 50.66608024126414 6.249064968919987 60
    endloop
  endfacet
  facet normal 0.9963126121827779 0.08579731234444148 0
    outer loop
      vertex 50.911677813447135 3.755470971763022 1.5
      vertex 50.80418029661565 5.003775013824068 60
      vertex 50.911677813447135 3.755470971763022 60
    endloop
  endfacet
  facet normal 0.9939069700023557 0.11022220729388485 0
    outer loop
      vertex 50.80418029661565 5.003775013824068 1.5
      vertex 50.66608024126414 6.249064968919987 60
      vertex 50.80418029661565 5.003775013824068 60
    endloop
  endfacet
  facet normal 0.9873014181578574 0.15885814333386766 0
    outer loop
      vertex 50.49746083370207 7.490590720946217 1.5
      vertex 50.298423643955445 8.727604421213377 60
      vertex 50.49746083370207 7.490590720946217 60
    endloop
  endfacet
  facet normal 0.9831054874312163 0.18303988795514076 0
    outer loop
      vertex 50.298423643955445 8.727604421213377 1.5
      vertex 50.06908856458491 9.959360938923346 60
      vertex 50.298423643955445 8.727604421213377 60
    endloop
  endfacet
  facet normal 0.9783173707196282 0.20711137619221592 0
    outer loop
      vertex 50.06908856458491 9.959360938923346 1.5
      vertex 49.80959373846688 11.185118310008203 60
      vertex 50.06908856458491 9.959360938923346 60
    endloop
  endfacet
  facet normal 0.9669764710448514 0.25486565960451696 0
    outer loop
      vertex 49.52009547558147 12.40413818406162 1.5
      vertex 49.2007681588572 13.615686269093564 60
      vertex 49.52009547558147 12.40413818406162 60
    endloop
  endfacet
  facet normal 0.9729399522055604 0.23105810828066983 0
    outer loop
      vertex 49.80959373846688 11.185118310008203 1.5
      vertex 49.52009547558147 12.40413818406162 60
      vertex 49.80959373846688 11.185118310008203 60
    endloop
  endfacet
  facet normal 0.9604305194155653 0.2785196893850549 0
    outer loop
      vertex 49.2007681588572 13.615686269093564 1.5
      vertex 48.85180413912926 14.819032773840302 60
      vertex 49.2007681588572 13.615686269093564 60
    endloop
  endfacet
  facet normal 0.9533060403541941 0.30200594931922703 0
    outer loop
      vertex 48.85180413912926 14.819032773840302 1.5
      vertex 48.47341361927452 16.01345284736341 60
      vertex 48.85180413912926 14.819032773840302 60
    endloop
  endfacet
  facet normal 0.9456073253805215 0.3253102921622624 0
    outer loop
      vertex 48.47341361927452 16.01345284736341 1.5
      vertex 48.06582452759321 17.19822701567283 60
      vertex 48.47341361927452 16.01345284736341 60
    endloop
  endfacet
  facet normal 0.9373390119125751 0.34841868024943423 0
    outer loop
      vertex 48.06582452759321 17.19822701567283 1.5
      vertex 47.629282380513416 18.372641615111146 60
      vertex 48.06582452759321 17.19822701567283 60
    endloop
  endfacet
  facet normal 0.9091679830905222 0.41642956009763765 0
    outer loop
      vertex 46.670408028665236 20.68756907995473 1.5
      vertex 46.14865341395178 21.8266875196159 60
      vertex 46.670408028665236 20.68756907995473 60
    endloop
  endfacet
  facet normal 0.8986744656939549 0.4386162385385256 0
    outer loop
      vertex 46.14865341395178 21.8266875196159 1.5
      vertex 45.599100576031056 22.952658378867664 60
      vertex 46.14865341395178 21.8266875196159 60
    endloop
  endfacet
  facet normal 0.9285060804732153 0.37131719395183843 0
    outer loop
      vertex 47.629282380513416 18.372641615111146 1.5
      vertex 47.164050134701185 19.53598922223783 60
      vertex 47.629282380513416 18.372641615111146 60
    endloop
  endfacet
  facet normal 0.9191138516900575 0.39399204006104827 0
    outer loop
      vertex 47.164050134701185 19.53598922223783 1.5
      vertex 46.670408028665236 20.68756907995473 60
      vertex 47.164050134701185 19.53598922223783 60
    endloop
  endfacet
  facet normal 0.8876396204028542 0.46053871095823945 0
    outer loop
      vertex 45.599100576031056 22.952658378867664 1.5
      vertex 45.022080544983524 24.064803414967177 60
      vertex 45.599100576031056 22.952658378867664 60
    endloop
  endfacet
  facet normal 0 0 1
    outer loop
      vertex 41.00374448208692 30.41044949433872 60
      vertex 40.75660293560645 28.70403834217959 60
      vertex 41.44876017328188 27.69517611602717 60
    endloop
  endfacet
  facet normal 0 0 1
    outer loop
      vertex 40.24508513033825 31.407572699140996 60
      vertex 40.039895444310154 29.695610328947804 60
      vertex 40.75660293560645 28.70403834217959 60
    endloop
  endfacet
  facet normal 0 0 1
    outer loop
      vertex 43.129774505997545 27.31162849523631 60
      vertex 42.75777120851356 25.628021798032105 60
      vertex 43.373836506769265 24.570974882654735 60
    endloop
  endfacet
  facet normal 0 0 1
    outer loop
      vertex 45.022080544983524 24.064803414967177 60
      vertex 44.52723141459644 22.41312478328214 60
      vertex 45.06386626220365 21.313621407499564 60
    endloop
  endfacet
  facet normal 0 0 1
    outer loop
      vertex 44.417940896099715 25.162452713330474 60
      vertex 43.9637750277655 23.499127330775984 60
      vertex 44.52723141459644 22.41312478328214 60
    endloop
  endfacet
  facet normal 0 0 1
    outer loop
      vertex 44.417940896099715 25.162452713330474 60
      vertex 44.52723141459644 22.41312478328214 60
      vertex 45.022080544983524 24.064803414967177 60
    endloop
  endfacet
  facet normal 0 0 1
    outer loop
      vertex 43.78704554051389 26.24494509106397 60
      vertex 43.373836506769265 24.570974882654735 60
      vertex 43.9637750277655 23.499127330775984 60
    endloop
  endfacet
  facet normal 0 0 1
    outer loop
      vertex 43.78704554051389 26.24494509106397 60
      vertex 43.9637750277655 23.499127330775984 60
      vertex 44.417940896099715 25.162452713330474 60
    endloop
  endfacet
  facet normal 0 0 1
    outer loop
      vertex 43.78704554051389 26.24494509106397 60
      vertex 43.129774505997545 27.31162849523631 60
      vertex 43.373836506769265 24.570974882654735 60
    endloop
  endfacet
  facet normal 0 0 1
    outer loop
      vertex 41.737704711388346 29.395008171881003 60
      vertex 41.44876017328188 27.69517611602717 60
      vertex 42.1159502276979 26.669631351371795 60
    endloop
  endfacet
  facet normal 0 0 1
    outer loop
      vertex 42.44652370804493 28.36186039565069 60
      vertex 42.1159502276979 26.669631351371795 60
      vertex 42.75777120851356 25.628021798032105 60
    endloop
  endfacet
  facet normal 0 0 1
    outer loop
      vertex 42.44652370804493 28.36186039565069 60
      vertex 42.75777120851356 25.628021798032105 60
      vertex 43.129774505997545 27.31162849523631 60
    endloop
  endfacet
  facet normal 0 0 1
    outer loop
      vertex 41.737704711388346 29.395008171881003 60
      vertex 42.1159502276979 26.669631351371795 60
      vertex 42.44652370804493 28.36186039565069 60
    endloop
  endfacet
  facet normal 0 0 1
    outer loop
      vertex 41.737704711388346 29.395008171881003 60
      vertex 41.00374448208692 30.41044949433872 60
      vertex 41.44876017328188 27.69517611602717 60
    endloop
  endfacet
  facet normal 0 0 1
    outer loop
      vertex 50.06908856458491 -9.959360938923346 60
      vertex 49.80959373846688 11.185118310008203 60
      vertex 49.85 0 60
    endloop
  endfacet
  facet normal 0 0 1
    outer loop
      vertex 50.66608024126414 -6.249064968919987 60
      vertex 50.66608024126414 6.249064968919987 60
      vertex 50.49746083370207 7.490590720946217 60
    endloop
  endfacet
  facet normal 0 0 1
    outer loop
      vertex 50.06908856458491 -9.959360938923346 60
      vertex 50.06908856458491 9.959360938923346 60
      vertex 49.80959373846688 11.185118310008203 60
    endloop
  endfacet
  facet normal 0 0 1
    outer loop
      vertex 50.49746083370207 -7.490590720946217 60
      vertex 50.49746083370207 7.490590720946217 60
      vertex 50.298423643955445 8.727604421213377 60
    endloop
  endfacet
  facet normal 0 0 1
    outer loop
      vertex 50.298423643955445 -8.727604421213377 60
      vertex 50.298423643955445 8.727604421213377 60
      vertex 50.06908856458491 9.959360938923346 60
    endloop
  endfacet
  facet normal 0 0 1
    outer loop
      vertex 51.03462469444123 -1.2528297160946722 60
      vertex 51.05 0 60
      vertex 51.03462469444123 1.2528297160946722 60
    endloop
  endfacet
  facet normal 0 0 1
    outer loop
      vertex 51.03462469444123 -1.2528297160946722 60
      vertex 51.03462469444123 1.2528297160946722 60
      vertex 50.98850803927405 2.5049047744146895 60
    endloop
  endfacet
  facet normal 0 0 1
    outer loop
      vertex 50.98850803927405 -2.5049047744146895 60
      vertex 50.98850803927405 2.5049047744146895 60
      vertex 50.911677813447135 3.755470971763022 60
    endloop
  endfacet
  facet normal 0 0 1
    outer loop
      vertex 50.911677813447135 -3.755470971763022 60
      vertex 50.911677813447135 3.755470971763022 60
      vertex 50.80418029661565 5.003775013824068 60
    endloop
  endfacet
  facet normal 0 0 1
    outer loop
      vertex 50.80418029661565 -5.003775013824068 60
      vertex 50.80418029661565 5.003775013824068 60
      vertex 50.66608024126414 6.249064968919987 60
    endloop
  endfacet
  facet normal 0 0 1
    outer loop
      vertex 49.80959373846688 11.185118310008203 60
      vertex 49.83498611200579 1.2233802418671775 60
      vertex 49.85 0 60
    endloop
  endfacet
  facet normal 0 0 1
    outer loop
      vertex 49.80959373846688 11.185118310008203 60
      vertex 49.789953491827845 2.4460235652217883 60
      vertex 49.83498611200579 1.2233802418671775 60
    endloop
  endfacet
  facet normal 0 0 1
    outer loop
      vertex 49.52009547558147 12.40413818406162 60
      vertex 49.60995862460902 4.886154445428597 60
      vertex 49.71492926543271 3.667193495443421 60
    endloop
  endfacet
  facet normal 0 0 1
    outer loop
      vertex 49.80959373846688 11.185118310008203 60
      vertex 49.71492926543271 3.667193495443421 60
      vertex 49.789953491827845 2.4460235652217883 60
    endloop
  endfacet
  facet normal 0 0 1
    outer loop
      vertex 48.47341361927452 16.01345284736341 60
      vertex 48.356057971748015 12.112561968177705 60
      vertex 48.63875118242065 10.92219682181996 60
    endloop
  endfacet
  facet normal 0 0 1
    outer loop
      vertex 48.85180413912926 14.819032773840302 60
      vertex 48.47341361927452 16.01345284736341 60
      vertex 48.63875118242065 10.92219682181996 60
    endloop
  endfacet
  facet normal 0 0 1
    outer loop
      vertex 48.06582452759321 17.19822701567283 60
      vertex 48.04423687990268 13.295630960123686 60
      vertex 48.356057971748015 12.112561968177705 60
    endloop
  endfacet
  facet normal 0 0 1
    outer loop
      vertex 48.06582452759321 17.19822701567283 60
      vertex 47.70347573625061 14.470691161134948 60
      vertex 48.04423687990268 13.295630960123686 60
    endloop
  endfacet
  facet normal 0 0 1
    outer loop
      vertex 49.52009547558147 12.40413818406162 60
      vertex 49.475104799745694 6.102172158680927 60
      vertex 49.60995862460902 4.886154445428597 60
    endloop
  endfacet
  facet normal 0 0 1
    outer loop
      vertex 49.52009547558147 12.40413818406162 60
      vertex 49.31044902174433 7.314514151599783 60
      vertex 49.475104799745694 6.102172158680927 60
    endloop
  endfacet
  facet normal 0 0 1
    outer loop
      vertex 49.80959373846688 11.185118310008203 60
      vertex 49.52009547558147 12.40413818406162 60
      vertex 49.71492926543271 3.667193495443421 60
    endloop
  endfacet
  facet normal 0 0 1
    outer loop
      vertex 49.2007681588572 13.615686269093564 60
      vertex 49.11609047308872 8.522450154701016 60
      vertex 49.31044902174433 7.314514151599783 60
    endloop
  endfacet
  facet normal 0 0 1
    outer loop
      vertex 48.85180413912926 14.819032773840302 60
      vertex 48.89214622810104 9.725252552503994 60
      vertex 49.11609047308872 8.522450154701016 60
    endloop
  endfacet
  facet normal 0 0 1
    outer loop
      vertex 49.52009547558147 12.40413818406162 60
      vertex 49.2007681588572 13.615686269093564 60
      vertex 49.31044902174433 7.314514151599783 60
    endloop
  endfacet
  facet normal 0 0 1
    outer loop
      vertex 48.85180413912926 14.819032773840302 60
      vertex 48.63875118242065 10.92219682181996 60
      vertex 48.89214622810104 9.725252552503994 60
    endloop
  endfacet
  facet normal 0 0 1
    outer loop
      vertex 49.2007681588572 13.615686269093564 60
      vertex 48.85180413912926 14.819032773840302 60
      vertex 49.11609047308872 8.522450154701016 60
    endloop
  endfacet
  facet normal 0 0 1
    outer loop
      vertex 46.670408028665236 20.68756907995473 60
      vertex 46.509691021911735 17.94076757126916 60
      vertex 46.93597164937359 16.79395919160217 60
    endloop
  endfacet
  facet normal 0 0 1
    outer loop
      vertex 47.629282380513416 18.372641615111146 60
      vertex 47.33397980256288 15.637034758884743 60
      vertex 47.70347573625061 14.470691161134948 60
    endloop
  endfacet
  facet normal 0 0 1
    outer loop
      vertex 47.629282380513416 18.372641615111146 60
      vertex 47.70347573625061 14.470691161134948 60
      vertex 48.06582452759321 17.19822701567283 60
    endloop
  endfacet
  facet normal 0 0 1
    outer loop
      vertex 48.47341361927452 16.01345284736341 60
      vertex 48.06582452759321 17.19822701567283 60
      vertex 48.356057971748015 12.112561968177705 60
    endloop
  endfacet
  facet normal 0 0 1
    outer loop
      vertex 47.164050134701185 19.53598922223783 60
      vertex 46.93597164937359 16.79395919160217 60
      vertex 47.33397980256288 15.637034758884743 60
    endloop
  endfacet
  facet normal 0 0 1
    outer loop
      vertex 47.629282380513416 18.372641615111146 60
      vertex 47.164050134701185 19.53598922223783 60
      vertex 47.33397980256288 15.637034758884743 60
    endloop
  endfacet
  facet normal 0 0 1
    outer loop
      vertex 46.14865341395178 21.8266875196159 60
      vertex 46.055394695687646 19.076769103399727 60
      vertex 46.509691021911735 17.94076757126916 60
    endloop
  endfacet
  facet normal 0 0 1
    outer loop
      vertex 46.670408028665236 20.68756907995473 60
      vertex 46.14865341395178 21.8266875196159 60
      vertex 46.509691021911735 17.94076757126916 60
    endloop
  endfacet
  facet normal 0 0 1
    outer loop
      vertex 45.599100576031056 22.952658378867664 60
      vertex 45.06386626220365 21.313621407499564 60
      vertex 45.57335632182101 20.201279503148744 60
    endloop
  endfacet
  facet normal 0 0 1
    outer loop
      vertex 45.599100576031056 22.952658378867664 60
      vertex 45.57335632182101 20.201279503148744 60
      vertex 46.055394695687646 19.076769103399727 60
    endloop
  endfacet
  facet normal 0 0 1
    outer loop
      vertex 46.14865341395178 21.8266875196159 60
      vertex 45.599100576031056 22.952658378867664 60
      vertex 46.055394695687646 19.076769103399727 60
    endloop
  endfacet
  facet normal 0 0 1
    outer loop
      vertex 46.670408028665236 20.68756907995473 60
      vertex 46.93597164937359 16.79395919160217 60
      vertex 47.164050134701185 19.53598922223783 60
    endloop
  endfacet
  facet normal 0 0 1
    outer loop
      vertex 45.599100576031056 22.952658378867664 60
      vertex 45.022080544983524 24.064803414967177 60
      vertex 45.06386626220365 21.313621407499564 60
    endloop
  endfacet
  facet normal 0.6806009977954541 0.7326542716724117 0
    outer loop
      vertex 35.20104480882726 36.97281358467239 1.5
      vertex 34.28308464494029 37.82555494937066 60
      vertex 35.20104480882726 36.97281358467239 60
    endloop
  endfacet
  facet normal 0.715730825283821 0.6983762494089704 0
    outer loop
      vertex 36.97281358467239 35.20104480882726 1.5
      vertex 36.09780117957325 36.09780117957325 60
      vertex 36.97281358467239 35.20104480882726 60
    endloop
  endfacet
  facet normal 0.6983762494089704 0.715730825283821 0
    outer loop
      vertex 36.09780117957325 36.09780117957325 1.5
      vertex 35.20104480882726 36.97281358467239 60
      vertex 36.09780117957325 36.09780117957325 60
    endloop
  endfacet
  facet normal 0.5857978574564386 0.8104571982525949 0
    outer loop
      vertex 30.41044949433872 41.00374448208692 1.5
      vertex 29.395008171881003 41.737704711388346 60
      vertex 30.41044949433872 41.00374448208692 60
    endloop
  endfacet
  facet normal 0.6055110414043248 0.7958369046088841 0
    outer loop
      vertex 31.407572699140996 40.24508513033825 1.5
      vertex 30.41044949433872 41.00374448208692 60
      vertex 31.407572699140996 40.24508513033825 60
    endloop
  endfacet
  facet normal 0.6438315428897916 0.7651672656224588 0
    outer loop
      vertex 33.344473632790304 38.65551161415603 1.5
      vertex 32.3857771565541 39.46218364416772 60
      vertex 33.344473632790304 38.65551161415603 60
    endloop
  endfacet
  facet normal 0.6248594881423875 0.7807372285720937 0
    outer loop
      vertex 32.3857771565541 39.46218364416772 1.5
      vertex 31.407572699140996 40.24508513033825 60
      vertex 32.3857771565541 39.46218364416772 60
    endloop
  endfacet
  facet normal 0.6624157775901708 0.7491363945234603 0
    outer loop
      vertex 34.28308464494029 37.82555494937066 1.5
      vertex 33.344473632790304 38.65551161415603 60
      vertex 34.28308464494029 37.82555494937066 60
    endloop
  endfacet
  facet normal 0.7491363945234603 0.6624157775901708 0
    outer loop
      vertex 38.65551161415603 33.344473632790304 1.5
      vertex 37.82555494937066 34.28308464494029 60
      vertex 38.65551161415603 33.344473632790304 60
    endloop
  endfacet
  facet normal 0.7651672656224588 0.6438315428897916 0
    outer loop
      vertex 39.46218364416772 32.3857771565541 1.5
      vertex 38.65551161415603 33.344473632790304 60
      vertex 39.46218364416772 32.3857771565541 60
    endloop
  endfacet
  facet normal 0.7807372285720937 0.6248594881423875 0
    outer loop
      vertex 40.24508513033825 31.407572699140996 1.5
      vertex 39.46218364416772 32.3857771565541 60
      vertex 40.24508513033825 31.407572699140996 60
    endloop
  endfacet
  facet normal 0.7958369046088841 0.6055110414043248 0
    outer loop
      vertex 41.00374448208692 30.41044949433872 1.5
      vertex 40.24508513033825 31.407572699140996 60
      vertex 41.00374448208692 30.41044949433872 60
    endloop
  endfacet
  facet normal 0.7326542716724117 0.6806009977954541 0
    outer loop
      vertex 37.82555494937066 34.28308464494029 1.5
      vertex 36.97281358467239 35.20104480882726 60
      vertex 37.82555494937066 34.28308464494029 60
    endloop
  endfacet
  facet normal 0 0 1
    outer loop
      vertex 36.97281358467239 35.20104480882726 60
      vertex 36.93641359894471 33.47721389912387 60
      vertex 37.746860998348254 32.560666221245775 60
    endloop
  endfacet
  facet normal 0 0 1
    outer loop
      vertex 34.28308464494029 37.82555494937066 60
      vertex 33.47721389912387 36.93641359894471 60
      vertex 34.373596155142785 36.10371708513063 60
    endloop
  endfacet
  facet normal 0 0 1
    outer loop
      vertex 35.20104480882726 36.97281358467239 60
      vertex 34.28308464494029 37.82555494937066 60
      vertex 34.373596155142785 36.10371708513063 60
    endloop
  endfacet
  facet normal 0 0 1
    outer loop
      vertex 35.20104480882726 36.97281358467239 60
      vertex 34.373596155142785 36.10371708513063 60
      vertex 35.2492730421494 35.2492730421494 60
    endloop
  endfacet
  facet normal 0 0 1
    outer loop
      vertex 35.20104480882726 36.97281358467239 60
      vertex 35.2492730421494 35.2492730421494 60
      vertex 36.09780117957325 36.09780117957325 60
    endloop
  endfacet
  facet normal 0 0 1
    outer loop
      vertex 36.09780117957325 36.09780117957325 60
      vertex 36.10371708513063 34.373596155142785 60
      vertex 36.93641359894471 33.47721389912387 60
    endloop
  endfacet
  facet normal 0 0 1
    outer loop
      vertex 36.09780117957325 36.09780117957325 60
      vertex 35.2492730421494 35.2492730421494 60
      vertex 36.10371708513063 34.373596155142785 60
    endloop
  endfacet
  facet normal 0 0 1
    outer loop
      vertex 36.97281358467239 35.20104480882726 60
      vertex 36.09780117957325 36.09780117957325 60
      vertex 36.93641359894471 33.47721389912387 60
    endloop
  endfacet
  facet normal 0 0 1
    outer loop
      vertex 31.407572699140996 40.24508513033825 60
      vertex 30.669294790444248 39.299069417186324 60
      vertex 31.62450521555773 38.53457110013244 60
    endloop
  endfacet
  facet normal 0 0 1
    outer loop
      vertex 30.41044949433872 41.00374448208692 60
      vertex 29.695610328947804 40.039895444310154 60
      vertex 30.669294790444248 39.299069417186324 60
    endloop
  endfacet
  facet normal 0 0 1
    outer loop
      vertex 30.41044949433872 41.00374448208692 60
      vertex 30.669294790444248 39.299069417186324 60
      vertex 31.407572699140996 40.24508513033825 60
    endloop
  endfacet
  facet normal 0 0 1
    outer loop
      vertex 31.407572699140996 40.24508513033825 60
      vertex 31.62450521555773 38.53457110013244 60
      vertex 32.3857771565541 39.46218364416772 60
    endloop
  endfacet
  facet normal 0 0 1
    outer loop
      vertex 32.3857771565541 39.46218364416772 60
      vertex 31.62450521555773 38.53457110013244 60
      vertex 32.560666221245775 37.746860998348254 60
    endloop
  endfacet
  facet normal 0 0 1
    outer loop
      vertex 33.344473632790304 38.65551161415603 60
      vertex 32.3857771565541 39.46218364416772 60
      vertex 32.560666221245775 37.746860998348254 60
    endloop
  endfacet
  facet normal 0 0 1
    outer loop
      vertex 33.344473632790304 38.65551161415603 60
      vertex 32.560666221245775 37.746860998348254 60
      vertex 33.47721389912387 36.93641359894471 60
    endloop
  endfacet
  facet normal 0 0 1
    outer loop
      vertex 33.344473632790304 38.65551161415603 60
      vertex 33.47721389912387 36.93641359894471 60
      vertex 34.28308464494029 37.82555494937066 60
    endloop
  endfacet
  facet normal 0 0 1
    outer loop
      vertex 37.82555494937066 34.28308464494029 60
      vertex 37.746860998348254 32.560666221245775 60
      vertex 38.53457110013244 31.62450521555773 60
    endloop
  endfacet
  facet normal 0 0 1
    outer loop
      vertex 38.65551161415603 33.344473632790304 60
      vertex 37.82555494937066 34.28308464494029 60
      vertex 38.53457110013244 31.62450521555773 60
    endloop
  endfacet
  facet normal 0 0 1
    outer loop
      vertex 38.65551161415603 33.344473632790304 60
      vertex 38.53457110013244 31.62450521555773 60
      vertex 39.299069417186324 30.669294790444248 60
    endloop
  endfacet
  facet normal 0 0 1
    outer loop
      vertex 38.65551161415603 33.344473632790304 60
      vertex 39.299069417186324 30.669294790444248 60
      vertex 39.46218364416772 32.3857771565541 60
    endloop
  endfacet
  facet normal 0 0 1
    outer loop
      vertex 39.46218364416772 32.3857771565541 60
      vertex 39.299069417186324 30.669294790444248 60
      vertex 40.039895444310154 29.695610328947804 60
    endloop
  endfacet
  facet normal 0 0 1
    outer loop
      vertex 40.24508513033825 31.407572699140996 60
      vertex 39.46218364416772 32.3857771565541 60
      vertex 40.039895444310154 29.695610328947804 60
    endloop
  endfacet
  facet normal 0 0 1
    outer loop
      vertex 40.24508513033825 31.407572699140996 60
      vertex 40.75660293560645 28.70403834217959 60
      vertex 41.00374448208692 30.41044949433872 60
    endloop
  endfacet
  facet normal 0 0 1
    outer loop
      vertex 36.97281358467239 35.20104480882726 60
      vertex 37.746860998348254 32.560666221245775 60
      vertex 37.82555494937066 34.28308464494029 60
    endloop
  endfacet
  facet normal 0.7958369046088811 0.6055110414043287 0
    outer loop
      vertex -39.299069417186324 -30.669294790444248 0
      vertex -40.039895444310154 -29.695610328947804 0
      vertex -40.039895444310154 -29.695610328947804 60
    endloop
  endfacet
  facet normal 0.7651672656224485 0.6438315428898038 -3.2347139845284497e-16
    outer loop
      vertex -37.89187699447473 -32.38832068388741 0
      vertex -38.53457110013244 -31.62450521555773 60
      vertex -37.746860998348254 -32.560666221245775 0
    endloop
  endfacet
  facet normal 0.7651672656224623 0.6438315428897874 3.2953672349211515e-17
    outer loop
      vertex -37.89187699447473 -32.38832068388741 0
      vertex -38.06359704981873 -32.184238472241866 0
      vertex -38.53457110013244 -31.62450521555773 60
    endloop
  endfacet
  facet normal 0.7807372285720959 0.6248594881423845 3.6811135727794664e-17
    outer loop
      vertex -39.013567197460226 -31.026018527556392 0
      vertex -39.299069417186324 -30.669294790444248 60
      vertex -38.53457110013244 -31.62450521555773 0
    endloop
  endfacet
  facet normal 0.780737228572093 0.6248594881423881 0
    outer loop
      vertex -39.1903705772266 -30.805109693905898 0
      vertex -39.299069417186324 -30.669294790444248 0
      vertex -39.299069417186324 -30.669294790444248 60
    endloop
  endfacet
  facet normal 0.7807372285720928 0.6248594881423885 -1.226173871449482e-18
    outer loop
      vertex -39.1903705772266 -30.805109693905898 0
      vertex -39.299069417186324 -30.669294790444248 60
      vertex -39.013567197460226 -31.026018527556392 0
    endloop
  endfacet
  facet normal 0.7651672656224606 0.6438315428897896 0
    outer loop
      vertex -38.06359704981873 -32.184238472241866 0
      vertex -38.53457110013244 -31.62450521555773 0
      vertex -38.53457110013244 -31.62450521555773 60
    endloop
  endfacet
  facet normal 0.6438315428897919 0.7651672656224586 0
    outer loop
      vertex -32.560666221245775 -37.746860998348254 0
      vertex -32.560666221245775 -37.746860998348254 60
      vertex -32.09985719322583 -38.13459764210846 0
    endloop
  endfacet
  facet normal 0.64383154288979 0.7651672656224601 -2.3786831228551557e-17
    outer loop
      vertex -32.09985719322583 -38.13459764210846 0
      vertex -32.560666221245775 -37.746860998348254 60
      vertex -31.947331627448712 -38.26293660112618 0
    endloop
  endfacet
  facet normal 0.6438315428897924 0.7651672656224583 1.7543098183065254e-17
    outer loop
      vertex -31.62450521555773 -38.53457110013244 0
      vertex -31.947331627448712 -38.26293660112618 0
      vertex -32.560666221245775 -37.746860998348254 60
    endloop
  endfacet
  facet normal 0.6055110414043287 0.7958369046088811 0
    outer loop
      vertex -30.669294790444248 -39.299069417186324 0
      vertex -30.669294790444248 -39.299069417186324 60
      vertex -29.695610328947804 -40.039895444310154 0
    endloop
  endfacet
  facet normal 0.6248594881423691 0.7807372285721083 -3.9241566384583735e-16
    outer loop
      vertex -30.696606218119157 -39.27721084032738 0
      vertex -30.846164651593305 -39.1575124286621 0
      vertex -31.62450521555773 -38.53457110013244 60
    endloop
  endfacet
  facet normal 0.6248594881424294 0.7807372285720601 1.1372551836600603e-15
    outer loop
      vertex -30.696606218119157 -39.27721084032738 0
      vertex -31.62450521555773 -38.53457110013244 60
      vertex -30.669294790444248 -39.299069417186324 0
    endloop
  endfacet
  facet normal 0.6248594881423877 0.7807372285720935 0
    outer loop
      vertex -31.62450521555773 -38.53457110013244 0
      vertex -31.62450521555773 -38.53457110013244 60
      vertex -30.846164651593305 -39.1575124286621 0
    endloop
  endfacet
  facet normal 0.7326542716724158 0.6806009977954499 2.5460122511948375e-17
    outer loop
      vertex -36.10371708513063 -34.373596155142785 0
      vertex -36.746751806962116 -33.681381278424205 0
      vertex -36.93641359894471 -33.47721389912387 60
    endloop
  endfacet
  facet normal 0.7157308252838216 0.6983762494089698 7.447168762704144e-17
    outer loop
      vertex -35.57896689217412 -34.911386334849574 0
      vertex -36.10371708513063 -34.373596155142785 60
      vertex -35.2492730421494 -35.2492730421494 0
    endloop
  endfacet
  facet normal 0.7157308252838201 0.6983762494089713 0
    outer loop
      vertex -35.741958269546004 -34.744344639002605 0
      vertex -36.10371708513063 -34.373596155142785 0
      vertex -36.10371708513063 -34.373596155142785 60
    endloop
  endfacet
  facet normal 0.7157308252838114 0.6983762494089804 -1.0951058576356741e-16
    outer loop
      vertex -35.741958269546004 -34.744344639002605 0
      vertex -36.10371708513063 -34.373596155142785 60
      vertex -35.57896689217412 -34.911386334849574 0
    endloop
  endfacet
  facet normal 0.698376249408969 0.7157308252838224 -3.745056187222354e-17
    outer loop
      vertex -34.389357522466526 -36.08833788919793 0
      vertex -34.54849148507072 -35.93306250349265 0
      vertex -35.2492730421494 -35.2492730421494 60
    endloop
  endfacet
  facet normal 0.6983762494090842 0.7157308252837099 3.183805874858047e-15
    outer loop
      vertex -34.389357522466526 -36.08833788919793 0
      vertex -35.2492730421494 -35.2492730421494 60
      vertex -34.373596155142785 -36.10371708513063 0
    endloop
  endfacet
  facet normal 0.6806009977954508 0.732654271672415 0
    outer loop
      vertex -34.373596155142785 -36.10371708513063 0
      vertex -34.373596155142785 -36.10371708513063 60
      vertex -33.47721389912387 -36.93641359894471 0
    endloop
  endfacet
  facet normal 0.6983762494089708 0.7157308252838208 0
    outer loop
      vertex -35.2492730421494 -35.2492730421494 0
      vertex -35.2492730421494 -35.2492730421494 60
      vertex -34.54849148507072 -35.93306250349265 0
    endloop
  endfacet
  facet normal 0.7491363945234588 0.6624157775901726 0
    outer loop
      vertex -36.93641359894471 -33.47721389912387 0
      vertex -37.746860998348254 -32.560666221245775 0
      vertex -37.746860998348254 -32.560666221245775 60
    endloop
  endfacet
  facet normal 0.7326542716724097 0.6806009977954565 -1.7835873988923588e-17
    outer loop
      vertex -36.913895434837606 -33.5014542825155 0
      vertex -36.93641359894471 -33.47721389912387 60
      vertex -36.746751806962116 -33.681381278424205 0
    endloop
  endfacet
  facet normal 0.7326542716724317 0.6806009977954328 0
    outer loop
      vertex -36.913895434837606 -33.5014542825155 0
      vertex -36.93641359894471 -33.47721389912387 0
      vertex -36.93641359894471 -33.47721389912387 60
    endloop
  endfacet
  facet normal 0.6624157775901566 0.7491363945234727 -8.19447612751723e-17
    outer loop
      vertex -33.17850547711579 -37.20054329960233 0
      vertex -33.32334906231393 -37.07246692149631 0
      vertex -33.47721389912387 -36.93641359894471 60
    endloop
  endfacet
  facet normal 0.6624157775901744 0.7491363945234569 0
    outer loop
      vertex -33.47721389912387 -36.93641359894471 0
      vertex -33.47721389912387 -36.93641359894471 60
      vertex -33.32334906231393 -37.07246692149631 0
    endloop
  endfacet
  facet normal 0.6624157775901757 0.7491363945234559 8.750018760118017e-17
    outer loop
      vertex -32.560666221245775 -37.746860998348254 0
      vertex -33.17850547711579 -37.20054329960233 0
      vertex -33.47721389912387 -36.93641359894471 60
    endloop
  endfacet
  facet normal 0.9091679830905247 0.4164295600976318 1.3979626422977076e-16
    outer loop
      vertex -45.20924384112741 -20.99622645555209 0
      vertex -45.57335632182101 -20.201279503148744 60
      vertex -45.06386626220365 -21.313621407499564 0
    endloop
  endfacet
  facet normal 0.9091679830905227 0.41642956009763676 0
    outer loop
      vertex -45.43253079038907 -20.50873621767594 0
      vertex -45.57335632182101 -20.201279503148744 0
      vertex -45.57335632182101 -20.201279503148744 60
    endloop
  endfacet
  facet normal 0.9091679830905197 0.4164295600976431 -3.925442271221039e-17
    outer loop
      vertex -45.43253079038907 -20.50873621767594 0
      vertex -45.57335632182101 -20.201279503148744 60
      vertex -45.20924384112741 -20.99622645555209 0
    endloop
  endfacet
  facet normal 0.9191138516900589 0.39399204006104543 0
    outer loop
      vertex -45.57335632182101 -20.201279503148744 0
      vertex -46.055394695687646 -19.076769103399727 0
      vertex -46.055394695687646 -19.076769103399727 60
    endloop
  endfacet
  facet normal 0.9456073253805222 0.3253102921622606 0
    outer loop
      vertex -47.33397980256288 -15.637034758884743 60
      vertex -46.93597164937359 -16.79395919160217 0
      vertex -47.33397980256288 -15.637034758884743 0
    endloop
  endfacet
  facet normal 0.9285060804732159 0.3713171939518367 0
    outer loop
      vertex -46.38062720176422 -18.263501190202014 0
      vertex -46.509691021911735 -17.94076757126916 0
      vertex -46.509691021911735 -17.94076757126916 60
    endloop
  endfacet
  facet normal 0.9285060804732154 0.37131719395183793 -1.7765010204325007e-17
    outer loop
      vertex -46.055394695687646 -19.076769103399727 0
      vertex -46.152084033657594 -18.834990269334554 0
      vertex -46.509691021911735 -17.94076757126916 60
    endloop
  endfacet
  facet normal 0.9285060804732157 0.37131719395183715 -2.6305335725873187e-18
    outer loop
      vertex -46.38062720176422 -18.263501190202014 0
      vertex -46.509691021911735 -17.94076757126916 60
      vertex -46.152084033657594 -18.834990269334554 0
    endloop
  endfacet
  facet normal 0.9373390119125737 0.348418680249438 0
    outer loop
      vertex -46.509691021911735 -17.94076757126916 0
      vertex -46.93597164937359 -16.79395919160217 0
      vertex -46.93597164937359 -16.79395919160217 60
    endloop
  endfacet
  facet normal 0.9783173707196273 0.20711137619222025 0
    outer loop
      vertex -48.63875118242065 -10.92219682181996 0
      vertex -48.89214622810104 -9.725252552503994 0
      vertex -48.89214622810104 -9.725252552503994 60
    endloop
  endfacet
  facet normal 0.9831054874312171 0.1830398879551365 0
    outer loop
      vertex -48.89214622810104 -9.725252552503994 0
      vertex -49.11609047308872 -8.522450154701016 0
      vertex -49.11609047308872 -8.522450154701016 60
    endloop
  endfacet
  facet normal 0.9873014181578579 0.15885814333386472 0
    outer loop
      vertex -49.31044902174433 -7.314514151599783 60
      vertex -49.11609047308872 -8.522450154701016 0
      vertex -49.31044902174433 -7.314514151599783 0
    endloop
  endfacet
  facet normal 0.9604305194155653 0.27851968938505484 0
    outer loop
      vertex -47.70347573625061 -14.470691161134948 0
      vertex -48.04423687990268 -13.295630960123686 0
      vertex -48.04423687990268 -13.295630960123686 60
    endloop
  endfacet
  facet normal 0.9533060403541951 0.3020059493192242 0
    outer loop
      vertex -47.33397980256288 -15.637034758884743 0
      vertex -47.70347573625061 -14.470691161134948 0
      vertex -47.70347573625061 -14.470691161134948 60
    endloop
  endfacet
  facet normal 0.9669764710448527 0.2548656596045125 0
    outer loop
      vertex -48.04423687990268 -13.295630960123686 0
      vertex -48.356057971748015 -12.112561968177705 0
      vertex -48.356057971748015 -12.112561968177705 60
    endloop
  endfacet
  facet normal 0.9729399522055595 0.2310581082806737 0
    outer loop
      vertex -48.356057971748015 -12.112561968177705 0
      vertex -48.63875118242065 -10.92219682181996 0
      vertex -48.63875118242065 -10.92219682181996 60
    endloop
  endfacet
  facet normal 0.9909026354277802 0.1345807085071254 0
    outer loop
      vertex -49.31044902174433 -7.314514151599783 0
      vertex -49.475104799745694 -6.102172158680927 0
      vertex -49.475104799745694 -6.102172158680927 60
    endloop
  endfacet
  facet normal 0.9939069700023554 0.11022220729388808 0
    outer loop
      vertex -49.475104799745694 -6.102172158680927 0
      vertex -49.60995862460902 -4.886154445428597 0
      vertex -49.60995862460902 -4.886154445428597 60
    endloop
  endfacet
  facet normal 0.9963126121827783 0.08579731234443558 0
    outer loop
      vertex -49.60995862460902 -4.886154445428597 0
      vertex -49.71492926543271 -3.667193495443421 0
      vertex -49.71492926543271 -3.667193495443421 60
    endloop
  endfacet
  facet normal 0.9981181129001493 0.061320736302208516 0
    outer loop
      vertex -49.71492926543271 -3.667193495443421 0
      vertex -49.789953491827845 -2.4460235652217883 0
      vertex -49.789953491827845 -2.4460235652217883 60
    endloop
  endfacet
  facet normal 0.9993223845883494 0.03680722294136311 0
    outer loop
      vertex -49.789953491827845 -2.4460235652217883 0
      vertex -49.83498611200579 -1.2233802418671775 0
      vertex -49.83498611200579 -1.2233802418671775 60
    endloop
  endfacet
  facet normal 0.9999247018391445 0.012271538285715955 0
    outer loop
      vertex -49.83498611200579 -1.2233802418671775 0
      vertex -49.85 0 0
      vertex -49.85 0 60
    endloop
  endfacet
  facet normal 0.8513551931052735 0.5245896826784553 2.6635642629615956e-16
    outer loop
      vertex -42.1159502276979 -26.669631351371795 0
      vertex -42.23074605408431 -26.48332951172852 0
      vertex -42.75777120851356 -25.628021798032105 60
    endloop
  endfacet
  facet normal 0.8245893027850298 0.5657318107836065 0
    outer loop
      vertex -41.37243268422401 -27.80642817890549 0
      vertex -41.44876017328188 -27.69517611602717 0
      vertex -41.44876017328188 -27.69517611602717 60
    endloop
  endfacet
  facet normal 0.8245893027850233 0.5657318107836159 -2.56613617288469e-17
    outer loop
      vertex -41.183763219447634 -28.0814256590742 0
      vertex -41.37243268422401 -27.80642817890549 0
      vertex -41.44876017328188 -27.69517611602717 60
    endloop
  endfacet
  facet normal 0.838224705554838 0.5453249884220466 0
    outer loop
      vertex -41.44876017328188 -27.69517611602717 0
      vertex -42.1159502276979 -26.669631351371795 0
      vertex -42.1159502276979 -26.669631351371795 60
    endloop
  endfacet
  facet normal 0.8639728561215847 0.503538383725721 -3.7056663747605624e-17
    outer loop
      vertex -43.25121184208618 -24.781374695660666 0
      vertex -43.373836506769265 -24.570974882654735 60
      vertex -42.75777120851356 -25.628021798032105 0
    endloop
  endfacet
  facet normal 0.8639728561215892 0.5035383837257131 0
    outer loop
      vertex -43.25121184208618 -24.781374695660666 0
      vertex -43.373836506769265 -24.570974882654735 0
      vertex -43.373836506769265 -24.570974882654735 60
    endloop
  endfacet
  facet normal 0.8876396204028533 0.4605387109582412 0
    outer loop
      vertex -43.9637750277655 -23.499127330775984 0
      vertex -44.52723141459644 -22.41312478328214 0
      vertex -44.52723141459644 -22.41312478328214 60
    endloop
  endfacet
  facet normal 0.8760700941954042 0.48218377207912694 -8.400172824268586e-17
    outer loop
      vertex -43.373836506769265 -24.570974882654735 0
      vertex -43.45482497708802 -24.42382854358372 0
      vertex -43.9637750277655 -23.499127330775984 60
    endloop
  endfacet
  facet normal 0.8760700941954065 0.48218377207912283 0
    outer loop
      vertex -43.45482497708802 -24.42382854358372 0
      vertex -43.9637750277655 -23.499127330775984 0
      vertex -43.9637750277655 -23.499127330775984 60
    endloop
  endfacet
  facet normal 0.8513551931052594 0.5245896826784783 -1.854925749512719e-16
    outer loop
      vertex -42.417172305622366 -26.180778846668357 0
      vertex -42.75777120851356 -25.628021798032105 60
      vertex -42.23074605408431 -26.48332951172852 0
    endloop
  endfacet
  facet normal 0.8513551931052684 0.5245896826784637 0
    outer loop
      vertex -42.417172305622366 -26.180778846668357 0
      vertex -42.75777120851356 -25.628021798032105 0
      vertex -42.75777120851356 -25.628021798032105 60
    endloop
  endfacet
  facet normal 0.8245893027850274 0.5657318107836101 2.879496660383317e-17
    outer loop
      vertex -41.183763219447634 -28.0814256590742 0
      vertex -41.44876017328188 -27.69517611602717 60
      vertex -40.75660293560645 -28.70403834217959 0
    endloop
  endfacet
  facet normal 0.8104571982525954 0.5857978574564382 0
    outer loop
      vertex -40.039895444310154 -29.695610328947804 0
      vertex -40.75660293560645 -28.70403834217959 0
      vertex -40.75660293560645 -28.70403834217959 60
    endloop
  endfacet
  facet normal 0.8986744656939539 0.43861623853852755 0
    outer loop
      vertex -44.52723141459644 -22.41312478328214 0
      vertex -45.06386626220365 -21.313621407499564 0
      vertex -45.06386626220365 -21.313621407499564 60
    endloop
  endfacet
  facet normal 0.4164295600976381 0.909167983090522 0
    outer loop
      vertex -21.313621407499564 -45.06386626220365 0
      vertex -21.313621407499564 -45.06386626220365 60
      vertex -20.213391203533202 -45.567808755082034 0
    endloop
  endfacet
  facet normal 0.3939920400610234 0.9191138516900683 0
    outer loop
      vertex -20.201279503148744 -45.57335632182101 0
      vertex -20.201279503148744 -45.57335632182101 60
      vertex -20.080022563036355 -45.62533494135611 0
    endloop
  endfacet
  facet normal 0.41642956009763954 0.9091679830905213 0
    outer loop
      vertex -20.213391203533202 -45.567808755082034 0
      vertex -20.201279503148744 -45.57335632182101 60
      vertex -20.201279503148744 -45.57335632182101 0
    endloop
  endfacet
  facet normal 0.39399204006104815 0.9191138516900578 5.90136989937537e-17
    outer loop
      vertex -20.080022563036355 -45.62533494135611 0
      vertex -20.201279503148744 -45.57335632182101 60
      vertex -19.076769103399727 -46.055394695687646 0
    endloop
  endfacet
  facet normal 0.37131719395183743 0.9285060804732156 0
    outer loop
      vertex -19.076769103399727 -46.055394695687646 0
      vertex -19.076769103399727 -46.055394695687646 60
      vertex -18.82090442393349 -46.15771707871649 0
    endloop
  endfacet
  facet normal 0.3713171939518393 0.9285060804732148 9.350413369293764e-18
    outer loop
      vertex -18.688838498678994 -46.21053132497017 0
      vertex -18.82090442393349 -46.15771707871649 0
      vertex -19.076769103399727 -46.055394695687646 60
    endloop
  endfacet
  facet normal 0.37131719395183677 0.9285060804732158 -1.0047985785454512e-17
    outer loop
      vertex -18.688838498678994 -46.21053132497017 0
      vertex -19.076769103399727 -46.055394695687646 60
      vertex -17.94076757126916 -46.509691021911735 0
    endloop
  endfacet
  facet normal 0.34841868024944056 0.9373390119125726 0
    outer loop
      vertex -17.94076757126916 -46.509691021911735 0
      vertex -17.94076757126916 -46.509691021911735 60
      vertex -17.41708063526774 -46.7043509142096 0
    endloop
  endfacet
  facet normal 0.3484186802493979 0.9373390119125885 -4.2410874790406016e-16
    outer loop
      vertex -17.286214155630443 -46.752995348661415 0
      vertex -17.41708063526774 -46.7043509142096 0
      vertex -17.94076757126916 -46.509691021911735 60
    endloop
  endfacet
  facet normal 0.34841868024944583 0.9373390119125709 1.7088632349806871e-16
    outer loop
      vertex -17.286214155630443 -46.752995348661415 0
      vertex -17.94076757126916 -46.509691021911735 60
      vertex -16.79395919160217 -46.93597164937359 0
    endloop
  endfacet
  facet normal 0.325310292162259 0.9456073253805227 0
    outer loop
      vertex -16.79395919160217 -46.93597164937359 0
      vertex -16.79395919160217 -46.93597164937359 60
      vertex -15.997376617130307 -47.21001405902659 0
    endloop
  endfacet
  facet normal 0.3253102921622695 0.9456073253805191 1.565052297111348e-16
    outer loop
      vertex -15.87299936071235 -47.252802646358425 0
      vertex -15.997376617130307 -47.21001405902659 0
      vertex -16.79395919160217 -46.93597164937359 60
    endloop
  endfacet
  facet normal 0.32531029216226154 0.9456073253805218 1.9464903626759454e-17
    outer loop
      vertex -15.637034758884743 -47.33397980256288 0
      vertex -15.87299936071235 -47.252802646358425 0
      vertex -16.79395919160217 -46.93597164937359 60
    endloop
  endfacet
  facet normal 0.3020059493192261 0.9533060403541945 0
    outer loop
      vertex -15.637034758884743 -47.33397980256288 0
      vertex -15.637034758884743 -47.33397980256288 60
      vertex -14.578810794195832 -47.66922359576227 0
    endloop
  endfacet
  facet normal 0.545324988422045 0.8382247055548389 0
    outer loop
      vertex -27.69517611602717 -41.44876017328188 0
      vertex -27.69517611602717 -41.44876017328188 60
      vertex -26.976679779276395 -41.91619331373143 0
    endloop
  endfacet
  facet normal 0.5245896826784671 0.8513551931052664 0
    outer loop
      vertex -26.669631351371795 -42.1159502276979 0
      vertex -26.669631351371795 -42.1159502276979 60
      vertex -25.653305605816925 -42.7421917831337 0
    endloop
  endfacet
  facet normal 0.5453249884220558 0.838224705554832 1.8273220642403547e-16
    outer loop
      vertex -26.976679779276395 -41.91619331373143 0
      vertex -27.69517611602717 -41.44876017328188 60
      vertex -26.834506117358334 -42.00868742661739 0
    endloop
  endfacet
  facet normal 0.5453249884220451 0.838224705554839 -3.645330850660447e-17
    outer loop
      vertex -26.669631351371795 -42.1159502276979 0
      vertex -26.834506117358334 -42.00868742661739 0
      vertex -27.69517611602717 -41.44876017328188 60
    endloop
  endfacet
  facet normal 0.5857978574564381 0.8104571982525953 -1.5557846801667672e-18
    outer loop
      vertex -29.42697598053323 -40.234064150664736 0
      vertex -29.695610328947804 -40.039895444310154 60
      vertex -28.70403834217959 -40.75660293560645 0
    endloop
  endfacet
  facet normal 0.5857978574564446 0.8104571982525907 4.306307900188258e-17
    outer loop
      vertex -29.42697598053323 -40.234064150664736 0
      vertex -29.57389153378704 -40.127873698524056 0
      vertex -29.695610328947804 -40.039895444310154 60
    endloop
  endfacet
  facet normal 0.5857978574564306 0.8104571982526008 0
    outer loop
      vertex -29.695610328947804 -40.039895444310154 0
      vertex -29.695610328947804 -40.039895444310154 60
      vertex -29.57389153378704 -40.127873698524056 0
    endloop
  endfacet
  facet normal 0.5657318107836081 0.8245893027850286 0
    outer loop
      vertex -28.70403834217959 -40.75660293560645 0
      vertex -28.70403834217959 -40.75660293560645 60
      vertex -28.283804209559857 -41.04491593699645 0
    endloop
  endfacet
  facet normal 0.5657318107836261 0.8245893027850163 1.848334269133678e-16
    outer loop
      vertex -28.283804209559857 -41.04491593699645 0
      vertex -28.70403834217959 -40.75660293560645 60
      vertex -28.139342014695696 -41.144028136019955 0
    endloop
  endfacet
  facet normal 0.5657318107836095 0.8245893027850278 -4.6375139857668034e-17
    outer loop
      vertex -27.69517611602717 -41.44876017328188 0
      vertex -28.139342014695696 -41.144028136019955 0
      vertex -28.70403834217959 -40.75660293560645 60
    endloop
  endfacet
  facet normal 0.4821837720791201 0.876070094195408 0
    outer loop
      vertex -24.570974882654735 -43.373836506769265 0
      vertex -24.570974882654735 -43.373836506769265 60
      vertex -24.31447884029939 -43.51501040375048 0
    endloop
  endfacet
  facet normal 0.5245896826784406 0.8513551931052825 -6.172151431521996e-16
    outer loop
      vertex -25.628021798032105 -42.75777120851356 0
      vertex -25.653305605816925 -42.7421917831337 0
      vertex -26.669631351371795 -42.1159502276979 60
    endloop
  endfacet
  facet normal 0.5035383837257321 0.8639728561215783 0
    outer loop
      vertex -25.628021798032105 -42.75777120851356 0
      vertex -25.628021798032105 -42.75777120851356 60
      vertex -25.513219405001657 -42.82468003675372 0
    endloop
  endfacet
  facet normal 0.5035383837257179 0.8639728561215866 -3.647824334610427e-17
    outer loop
      vertex -25.513219405001657 -42.82468003675372 0
      vertex -25.628021798032105 -42.75777120851356 60
      vertex -24.570974882654735 -43.373836506769265 0
    endloop
  endfacet
  facet normal 0.48218377207911856 0.8760700941954088 -1.125159158371641e-16
    outer loop
      vertex -24.176272419964047 -43.591078395940144 0
      vertex -24.570974882654735 -43.373836506769265 60
      vertex -23.499127330775984 -43.9637750277655 0
    endloop
  endfacet
  facet normal 0.4821837720791532 0.87607009419539 1.8436888236286356e-16
    outer loop
      vertex -24.176272419964047 -43.591078395940144 0
      vertex -24.31447884029939 -43.51501040375048 0
      vertex -24.570974882654735 -43.373836506769265 60
    endloop
  endfacet
  facet normal 0.4605387109582412 0.8876396204028533 0
    outer loop
      vertex -23.499127330775984 -43.9637750277655 0
      vertex -23.499127330775984 -43.9637750277655 60
      vertex -22.41312478328214 -44.52723141459644 0
    endloop
  endfacet
  facet normal 0.43861623853852827 0.8986744656939536 0
    outer loop
      vertex -22.41312478328214 -44.52723141459644 0
      vertex -22.41312478328214 -44.52723141459644 60
      vertex -21.59370219209929 -44.9271671738044 0
    endloop
  endfacet
  facet normal 0.438616238538522 0.8986744656939566 -1.0560080286300762e-16
    outer loop
      vertex -21.59370219209929 -44.9271671738044 0
      vertex -22.41312478328214 -44.52723141459644 60
      vertex -21.45886964276448 -44.99297492497504 0
    endloop
  endfacet
  facet normal 0.43861623853852844 0.8986744656939534 2.0034963968910373e-17
    outer loop
      vertex -21.313621407499564 -45.06386626220365 0
      vertex -21.45886964276448 -44.99297492497504 0
      vertex -22.41312478328214 -44.52723141459644 60
    endloop
  endfacet
  facet normal 0.2785196893850545 0.9604305194155653 -6.1577783159236174e-18
    outer loop
      vertex -13.295630960123686 -48.04423687990268 0
      vertex -14.450043067328538 -47.70946357249394 0
      vertex -14.470691161134948 -47.70347573625061 60
    endloop
  endfacet
  facet normal 0.3020059493192061 0.9533060403542007 -3.874809671760791e-16
    outer loop
      vertex -14.578810794195832 -47.66922359576227 0
      vertex -15.637034758884743 -47.33397980256288 60
      vertex -14.470691161134948 -47.70347573625061 0
    endloop
  endfacet
  facet normal 0.2785196893850711 0.9604305194155607 0
    outer loop
      vertex -14.470691161134948 -47.70347573625061 0
      vertex -14.470691161134948 -47.70347573625061 60
      vertex -14.450043067328538 -47.70946357249394 0
    endloop
  endfacet
  facet normal 0.2548656596045339 0.9669764710448471 0
    outer loop
      vertex -13.295630960123686 -48.04423687990268 0
      vertex -13.295630960123686 -48.04423687990268 60
      vertex -13.146074409412188 -48.083655449109514 0
    endloop
  endfacet
  facet normal 0.2548656596044745 0.9669764710448627 -1.584292913302947e-16
    outer loop
      vertex -13.146074409412188 -48.083655449109514 0
      vertex -13.295630960123686 -48.04423687990268 60
      vertex -13.018137033381382 -48.117375859798436 0
    endloop
  endfacet
  facet normal 0.25486565960451435 0.9669764710448522 3.8775740097164246e-17
    outer loop
      vertex -13.018137033381382 -48.117375859798436 0
      vertex -13.295630960123686 -48.04423687990268 60
      vertex -12.112561968177705 -48.356057971748015 0
    endloop
  endfacet
  facet normal 0.23105810828066906 0.9729399522055607 0
    outer loop
      vertex -12.112561968177705 -48.356057971748015 0
      vertex -12.112561968177705 -48.356057971748015 60
      vertex -11.705419320967694 -48.4527480189102 0
    endloop
  endfacet
  facet normal 0.23105810828068513 0.9729399522055568 1.15443539242872e-16
    outer loop
      vertex -11.578225529562644 -48.482954566354856 0
      vertex -11.705419320967694 -48.4527480189102 0
      vertex -12.112561968177705 -48.356057971748015 60
    endloop
  endfacet
  facet normal 0.23105810828067438 0.9729399522055594 1.4064232655545766e-17
    outer loop
      vertex -11.578225529562644 -48.482954566354856 0
      vertex -12.112561968177705 -48.356057971748015 60
      vertex -10.92219682181996 -48.63875118242065 0
    endloop
  endfacet
  facet normal 0.2071113761922159 0.9783173707196282 -9.086346315756276e-17
    outer loop
      vertex -10.131178745948851 -48.80621099371489 0
      vertex -10.92219682181996 -48.63875118242065 60
      vertex -9.725252552503994 -48.89214622810104 0
    endloop
  endfacet
  facet normal 0.1830398879551365 0.9831054874312171 0
    outer loop
      vertex -9.725252552503994 -48.89214622810104 0
      vertex -9.725252552503994 -48.89214622810104 60
      vertex -8.522450154701016 -49.11609047308872 0
    endloop
  endfacet
  facet normal 0.15885814333386217 0.9873014181578583 0
    outer loop
      vertex -8.522450154701016 -49.11609047308872 0
      vertex -8.522450154701016 -49.11609047308872 60
      vertex -7.344640511952972 -49.30560164931774 0
    endloop
  endfacet
  facet normal 0.15885814333396625 0.9873014181578416 2.0963576570488895e-15
    outer loop
      vertex -7.344640511952972 -49.30560164931774 0
      vertex -8.522450154701016 -49.11609047308872 60
      vertex -7.314514151599783 -49.31044902174433 0
    endloop
  endfacet
  facet normal 0.20711137619222333 0.9783173707196265 0
    outer loop
      vertex -10.92219682181996 -48.63875118242065 0
      vertex -10.92219682181996 -48.63875118242065 60
      vertex -10.257713325618074 -48.779423417703725 0
    endloop
  endfacet
  facet normal 0.2071113761922183 0.9783173707196278 -5.811963677422197e-17
    outer loop
      vertex -10.131178745948851 -48.80621099371489 0
      vertex -10.257713325618074 -48.779423417703725 0
      vertex -10.92219682181996 -48.63875118242065 60
    endloop
  endfacet
  facet normal 0.13458070850712064 0.9909026354277808 0
    outer loop
      vertex -7.314514151599783 -49.31044902174433 0
      vertex -7.314514151599783 -49.31044902174433 60
      vertex -7.219150030374288 -49.32340102181157 0
    endloop
  endfacet
  facet normal 0.1345807085071258 0.9909026354277801 8.207585164197426e-18
    outer loop
      vertex -6.102172158680927 -49.475104799745694 0
      vertex -7.219150030374288 -49.32340102181157 0
      vertex -7.314514151599783 -49.31044902174433 60
    endloop
  endfacet
  facet normal 0.11022220729387278 0.9939069700023572 0
    outer loop
      vertex -6.102172158680927 -49.475104799745694 0
      vertex -6.102172158680927 -49.475104799745694 60
      vertex -5.881028419773636 -49.49962917855302 0
    endloop
  endfacet
  facet normal 0.11022220729389759 0.9939069700023544 9.259136226675806e-17
    outer loop
      vertex -5.881028419773636 -49.49962917855302 0
      vertex -6.102172158680927 -49.475104799745694 60
      vertex -5.755879056629516 -49.513507981563265 0
    endloop
  endfacet
  facet normal 0.1102222072938906 0.9939069700023552 5.1807071095480214e-17
    outer loop
      vertex -4.886154445428597 -49.60995862460902 0
      vertex -5.755879056629516 -49.513507981563265 0
      vertex -6.102172158680927 -49.475104799745694 60
    endloop
  endfacet
  facet normal 0.08579731234443506 0.9963126121827783 0
    outer loop
      vertex -4.886154445428597 -49.60995862460902 0
      vertex -4.886154445428597 -49.60995862460902 60
      vertex -4.413873815980046 -49.6506290007375 0
    endloop
  endfacet
  facet normal 0.08579731234442074 0.9963126121827797 -1.1359786924259929e-16
    outer loop
      vertex -4.288988699593229 -49.66138346395195 0
      vertex -4.413873815980046 -49.6506290007375 0
      vertex -4.886154445428597 -49.60995862460902 60
    endloop
  endfacet
  facet normal 0.08579731234443896 0.996312612182778 6.93040889744426e-17
    outer loop
      vertex -4.288988699593229 -49.66138346395195 0
      vertex -4.886154445428597 -49.60995862460902 60
      vertex -3.667193495443421 -49.71492926543271 0
    endloop
  endfacet
  facet normal 0.0613207363022084 0.9981181129001491 0
    outer loop
      vertex -3.667193495443421 -49.71492926543271 0
      vertex -3.667193495443421 -49.71492926543271 60
      vertex -2.944060459645081 -49.75935592158341 0
    endloop
  endfacet
  facet normal 0.06132073630218195 0.998118112900151 -3.2005700301450254e-16
    outer loop
      vertex -2.819363521968789 -49.767016846612336 0
      vertex -2.944060459645081 -49.75935592158341 0
      vertex -3.667193495443421 -49.71492926543271 60
    endloop
  endfacet
  facet normal 0.061320736302217585 0.9981181129001486 1.853555729619075e-16
    outer loop
      vertex -2.819363521968789 -49.767016846612336 0
      vertex -3.667193495443421 -49.71492926543271 60
      vertex -2.4460235652217883 -49.789953491827845 0
    endloop
  endfacet
  facet normal 0.03680722294136047 0.9993223845883494 0
    outer loop
      vertex -2.4460235652217883 -49.789953491827845 0
      vertex -2.4460235652217883 -49.789953491827845 60
      vertex -1.4724737113747373 -49.82581145625225 0
    endloop
  endfacet
  facet normal 0.036807222941339736 0.9993223845883501 -4.769804912830072e-16
    outer loop
      vertex -1.3478894541719408 -49.830400166162654 0
      vertex -2.4460235652217883 -49.789953491827845 60
      vertex -1.2233802418671775 -49.83498611200579 0
    endloop
  endfacet
  facet normal 0.036807222941407126 0.9993223845883478 7.581172427995579e-16
    outer loop
      vertex -1.3478894541719408 -49.830400166162654 0
      vertex -1.4724737113747373 -49.82581145625225 0
      vertex -2.4460235652217883 -49.789953491827845 60
    endloop
  endfacet
  facet normal 0.012271538285715955 0.9999247018391445 0
    outer loop
      vertex -1.2233802418671775 -49.83498611200579 0
      vertex -1.2233802418671775 -49.83498611200579 60
      vertex 0 -49.85 0
    endloop
  endfacet
  facet normal 0.7958369046088811 0.6055110414043287 0
    outer loop
      vertex -40.039895444310154 -29.695610328947804 60
      vertex -39.299069417186324 -30.669294790444248 60
      vertex -39.299069417186324 -30.669294790444248 0
    endloop
  endfacet
  facet normal 0.7651672656224587 0.6438315428897917 0
    outer loop
      vertex -38.53457110013244 -31.62450521555773 60
      vertex -37.746860998348254 -32.560666221245775 60
      vertex -37.746860998348254 -32.560666221245775 0
    endloop
  endfacet
  facet normal 0.7807372285720947 0.6248594881423859 0
    outer loop
      vertex -39.299069417186324 -30.669294790444248 60
      vertex -38.53457110013244 -31.62450521555773 60
      vertex -38.53457110013244 -31.62450521555773 0
    endloop
  endfacet
  facet normal 0.6438315428897917 0.7651672656224587 0
    outer loop
      vertex -31.62450521555773 -38.53457110013244 0
      vertex -32.560666221245775 -37.746860998348254 60
      vertex -31.62450521555773 -38.53457110013244 60
    endloop
  endfacet
  facet normal 0.6055110414043287 0.7958369046088811 0
    outer loop
      vertex -29.695610328947804 -40.039895444310154 0
      vertex -30.669294790444248 -39.299069417186324 60
      vertex -29.695610328947804 -40.039895444310154 60
    endloop
  endfacet
  facet normal 0.6248594881423859 0.7807372285720947 0
    outer loop
      vertex -30.669294790444248 -39.299069417186324 0
      vertex -31.62450521555773 -38.53457110013244 60
      vertex -30.669294790444248 -39.299069417186324 60
    endloop
  endfacet
  facet normal 0.732654271672415 0.6806009977954508 0
    outer loop
      vertex -36.93641359894471 -33.47721389912387 60
      vertex -36.10371708513063 -34.373596155142785 60
      vertex -36.10371708513063 -34.373596155142785 0
    endloop
  endfacet
  facet normal 0.6806009977954508 0.732654271672415 0
    outer loop
      vertex -33.47721389912387 -36.93641359894471 0
      vertex -34.373596155142785 -36.10371708513063 60
      vertex -33.47721389912387 -36.93641359894471 60
    endloop
  endfacet
  facet normal 0.6983762494089724 0.715730825283819 0
    outer loop
      vertex -34.373596155142785 -36.10371708513063 0
      vertex -35.2492730421494 -35.2492730421494 60
      vertex -34.373596155142785 -36.10371708513063 60
    endloop
  endfacet
  facet normal 0.715730825283819 0.6983762494089724 0
    outer loop
      vertex -35.2492730421494 -35.2492730421494 0
      vertex -36.10371708513063 -34.373596155142785 60
      vertex -35.2492730421494 -35.2492730421494 60
    endloop
  endfacet
  facet normal 0.7491363945234588 0.6624157775901726 0
    outer loop
      vertex -37.746860998348254 -32.560666221245775 60
      vertex -36.93641359894471 -33.47721389912387 60
      vertex -36.93641359894471 -33.47721389912387 0
    endloop
  endfacet
  facet normal 0.6624157775901726 0.7491363945234588 0
    outer loop
      vertex -32.560666221245775 -37.746860998348254 0
      vertex -33.47721389912387 -36.93641359894471 60
      vertex -32.560666221245775 -37.746860998348254 60
    endloop
  endfacet
  facet normal 0.909167983090522 0.4164295600976381 0
    outer loop
      vertex -45.06386626220365 -21.313621407499564 0
      vertex -45.57335632182101 -20.201279503148744 60
      vertex -45.06386626220365 -21.313621407499564 60
    endloop
  endfacet
  facet normal 0.9191138516900589 0.39399204006104543 0
    outer loop
      vertex -46.055394695687646 -19.076769103399727 60
      vertex -45.57335632182101 -20.201279503148744 60
      vertex -45.57335632182101 -20.201279503148744 0
    endloop
  endfacet
  facet normal 0.9456073253805222 0.3253102921622606 0
    outer loop
      vertex -47.33397980256288 -15.637034758884743 60
      vertex -46.93597164937359 -16.79395919160217 60
      vertex -46.93597164937359 -16.79395919160217 0
    endloop
  endfacet
  facet normal 0.9533060403541951 0.3020059493192242 0
    outer loop
      vertex -47.70347573625061 -14.470691161134948 60
      vertex -47.33397980256288 -15.637034758884743 60
      vertex -47.33397980256288 -15.637034758884743 0
    endloop
  endfacet
  facet normal 0.9285060804732156 0.37131719395183715 0
    outer loop
      vertex -46.509691021911735 -17.94076757126916 60
      vertex -46.055394695687646 -19.076769103399727 60
      vertex -46.055394695687646 -19.076769103399727 0
    endloop
  endfacet
  facet normal 0.9373390119125737 0.348418680249438 0
    outer loop
      vertex -46.93597164937359 -16.79395919160217 60
      vertex -46.509691021911735 -17.94076757126916 60
      vertex -46.509691021911735 -17.94076757126916 0
    endloop
  endfacet
  facet normal 0.9831054874312171 0.1830398879551365 0
    outer loop
      vertex -49.11609047308872 -8.522450154701016 60
      vertex -48.89214622810104 -9.725252552503994 60
      vertex -48.89214622810104 -9.725252552503994 0
    endloop
  endfacet
  facet normal 0.9873014181578579 0.15885814333386472 0
    outer loop
      vertex -49.31044902174433 -7.314514151599783 60
      vertex -49.11609047308872 -8.522450154701016 60
      vertex -49.11609047308872 -8.522450154701016 0
    endloop
  endfacet
  facet normal 0.9604305194155653 0.27851968938505484 0
    outer loop
      vertex -47.70347573625061 -14.470691161134948 0
      vertex -48.04423687990268 -13.295630960123686 60
      vertex -47.70347573625061 -14.470691161134948 60
    endloop
  endfacet
  facet normal 0.9669764710448527 0.2548656596045125 0
    outer loop
      vertex -48.356057971748015 -12.112561968177705 60
      vertex -48.04423687990268 -13.295630960123686 60
      vertex -48.04423687990268 -13.295630960123686 0
    endloop
  endfacet
  facet normal 0.9729399522055595 0.2310581082806737 0
    outer loop
      vertex -48.63875118242065 -10.92219682181996 60
      vertex -48.356057971748015 -12.112561968177705 60
      vertex -48.356057971748015 -12.112561968177705 0
    endloop
  endfacet
  facet normal 0.9783173707196273 0.20711137619222025 0
    outer loop
      vertex -48.89214622810104 -9.725252552503994 60
      vertex -48.63875118242065 -10.92219682181996 60
      vertex -48.63875118242065 -10.92219682181996 0
    endloop
  endfacet
  facet normal 0.9909026354277802 0.1345807085071254 0
    outer loop
      vertex -49.475104799745694 -6.102172158680927 60
      vertex -49.31044902174433 -7.314514151599783 60
      vertex -49.31044902174433 -7.314514151599783 0
    endloop
  endfacet
  facet normal 0.9939069700023554 0.11022220729388808 0
    outer loop
      vertex -49.60995862460902 -4.886154445428597 60
      vertex -49.475104799745694 -6.102172158680927 60
      vertex -49.475104799745694 -6.102172158680927 0
    endloop
  endfacet
  facet normal 0.9963126121827783 0.08579731234443558 0
    outer loop
      vertex -49.71492926543271 -3.667193495443421 60
      vertex -49.60995862460902 -4.886154445428597 60
      vertex -49.60995862460902 -4.886154445428597 0
    endloop
  endfacet
  facet normal 0.9981181129001493 0.061320736302208516 0
    outer loop
      vertex -49.71492926543271 -3.667193495443421 0
      vertex -49.789953491827845 -2.4460235652217883 60
      vertex -49.71492926543271 -3.667193495443421 60
    endloop
  endfacet
  facet normal 0.9993223845883494 0.03680722294136311 0
    outer loop
      vertex -49.83498611200579 -1.2233802418671775 60
      vertex -49.789953491827845 -2.4460235652217883 60
      vertex -49.789953491827845 -2.4460235652217883 0
    endloop
  endfacet
  facet normal 0.9999247018391445 0.012271538285715955 0
    outer loop
      vertex -49.83498611200579 -1.2233802418671775 0
      vertex -49.85 0 60
      vertex -49.83498611200579 -1.2233802418671775 60
    endloop
  endfacet
  facet normal 0.8513551931052666 0.5245896826784664 0
    outer loop
      vertex -42.75777120851356 -25.628021798032105 60
      vertex -42.1159502276979 -26.669631351371795 60
      vertex -42.1159502276979 -26.669631351371795 0
    endloop
  endfacet
  facet normal 0.838224705554838 0.5453249884220466 0
    outer loop
      vertex -42.1159502276979 -26.669631351371795 60
      vertex -41.44876017328188 -27.69517611602717 60
      vertex -41.44876017328188 -27.69517611602717 0
    endloop
  endfacet
  facet normal 0.8876396204028533 0.4605387109582412 0
    outer loop
      vertex -44.52723141459644 -22.41312478328214 60
      vertex -43.9637750277655 -23.499127330775984 60
      vertex -43.9637750277655 -23.499127330775984 0
    endloop
  endfacet
  facet normal 0.8760700941954062 0.4821837720791234 0
    outer loop
      vertex -43.9637750277655 -23.499127330775984 60
      vertex -43.373836506769265 -24.570974882654735 60
      vertex -43.373836506769265 -24.570974882654735 0
    endloop
  endfacet
  facet normal 0.8639728561215856 0.5035383837257195 0
    outer loop
      vertex -43.373836506769265 -24.570974882654735 60
      vertex -42.75777120851356 -25.628021798032105 60
      vertex -42.75777120851356 -25.628021798032105 0
    endloop
  endfacet
  facet normal 0.8245893027850265 0.5657318107836113 0
    outer loop
      vertex -41.44876017328188 -27.69517611602717 60
      vertex -40.75660293560645 -28.70403834217959 60
      vertex -40.75660293560645 -28.70403834217959 0
    endloop
  endfacet
  facet normal 0.8104571982525954 0.5857978574564382 0
    outer loop
      vertex -40.75660293560645 -28.70403834217959 60
      vertex -40.039895444310154 -29.695610328947804 60
      vertex -40.039895444310154 -29.695610328947804 0
    endloop
  endfacet
  facet normal 0.8986744656939539 0.43861623853852755 0
    outer loop
      vertex -45.06386626220365 -21.313621407499564 60
      vertex -44.52723141459644 -22.41312478328214 60
      vertex -44.52723141459644 -22.41312478328214 0
    endloop
  endfacet
  facet normal 0.4164295600976381 0.909167983090522 3.662828111336265e-19
    outer loop
      vertex -20.213391203533202 -45.567808755082034 0
      vertex -21.313621407499564 -45.06386626220365 60
      vertex -20.201279503148744 -45.57335632182101 60
    endloop
  endfacet
  facet normal 0.39399204006104543 0.9191138516900589 0
    outer loop
      vertex -19.076769103399727 -46.055394695687646 0
      vertex -20.201279503148744 -45.57335632182101 60
      vertex -19.076769103399727 -46.055394695687646 60
    endloop
  endfacet
  facet normal 0.37131719395183715 0.9285060804732156 0
    outer loop
      vertex -17.94076757126916 -46.509691021911735 0
      vertex -19.076769103399727 -46.055394695687646 60
      vertex -17.94076757126916 -46.509691021911735 60
    endloop
  endfacet
  facet normal 0.348418680249438 0.9373390119125737 0
    outer loop
      vertex -16.79395919160217 -46.93597164937359 0
      vertex -17.94076757126916 -46.509691021911735 60
      vertex -16.79395919160217 -46.93597164937359 60
    endloop
  endfacet
  facet normal 0.3253102921622606 0.9456073253805222 0
    outer loop
      vertex -15.637034758884743 -47.33397980256288 0
      vertex -16.79395919160217 -46.93597164937359 60
      vertex -15.637034758884743 -47.33397980256288 60
    endloop
  endfacet
  facet normal 0.5453249884220466 0.838224705554838 0
    outer loop
      vertex -26.669631351371795 -42.1159502276979 0
      vertex -27.69517611602717 -41.44876017328188 60
      vertex -26.669631351371795 -42.1159502276979 60
    endloop
  endfacet
  facet normal 0.5857978574564382 0.8104571982525954 0
    outer loop
      vertex -28.70403834217959 -40.75660293560645 0
      vertex -29.695610328947804 -40.039895444310154 60
      vertex -28.70403834217959 -40.75660293560645 60
    endloop
  endfacet
  facet normal 0.5657318107836113 0.8245893027850265 0
    outer loop
      vertex -27.69517611602717 -41.44876017328188 0
      vertex -28.70403834217959 -40.75660293560645 60
      vertex -27.69517611602717 -41.44876017328188 60
    endloop
  endfacet
  facet normal 0.5035383837257195 0.8639728561215856 0
    outer loop
      vertex -24.570974882654735 -43.373836506769265 0
      vertex -25.628021798032105 -42.75777120851356 60
      vertex -24.570974882654735 -43.373836506769265 60
    endloop
  endfacet
  facet normal 0.5245896826784664 0.8513551931052666 0
    outer loop
      vertex -25.628021798032105 -42.75777120851356 0
      vertex -26.669631351371795 -42.1159502276979 60
      vertex -25.628021798032105 -42.75777120851356 60
    endloop
  endfacet
  facet normal 0.4821837720791234 0.8760700941954062 0
    outer loop
      vertex -23.499127330775984 -43.9637750277655 0
      vertex -24.570974882654735 -43.373836506769265 60
      vertex -23.499127330775984 -43.9637750277655 60
    endloop
  endfacet
  facet normal 0.4605387109582412 0.8876396204028533 0
    outer loop
      vertex -22.41312478328214 -44.52723141459644 0
      vertex -23.499127330775984 -43.9637750277655 60
      vertex -22.41312478328214 -44.52723141459644 60
    endloop
  endfacet
  facet normal 0.43861623853852755 0.8986744656939539 0
    outer loop
      vertex -21.313621407499564 -45.06386626220365 0
      vertex -22.41312478328214 -44.52723141459644 60
      vertex -21.313621407499564 -45.06386626220365 60
    endloop
  endfacet
  facet normal 0.3020059493192242 0.9533060403541951 0
    outer loop
      vertex -14.470691161134948 -47.70347573625061 0
      vertex -15.637034758884743 -47.33397980256288 60
      vertex -14.470691161134948 -47.70347573625061 60
    endloop
  endfacet
  facet normal 0.27851968938505484 0.9604305194155653 0
    outer loop
      vertex -13.295630960123686 -48.04423687990268 0
      vertex -14.470691161134948 -47.70347573625061 60
      vertex -13.295630960123686 -48.04423687990268 60
    endloop
  endfacet
  facet normal 0.2548656596045125 0.9669764710448527 0
    outer loop
      vertex -12.112561968177705 -48.356057971748015 0
      vertex -13.295630960123686 -48.04423687990268 60
      vertex -12.112561968177705 -48.356057971748015 60
    endloop
  endfacet
  facet normal 0.2310581082806737 0.9729399522055595 0
    outer loop
      vertex -10.92219682181996 -48.63875118242065 0
      vertex -12.112561968177705 -48.356057971748015 60
      vertex -10.92219682181996 -48.63875118242065 60
    endloop
  endfacet
  facet normal 0.20711137619222025 0.9783173707196273 0
    outer loop
      vertex -9.725252552503994 -48.89214622810104 0
      vertex -10.92219682181996 -48.63875118242065 60
      vertex -9.725252552503994 -48.89214622810104 60
    endloop
  endfacet
  facet normal 0.1830398879551365 0.9831054874312171 0
    outer loop
      vertex -8.522450154701016 -49.11609047308872 0
      vertex -9.725252552503994 -48.89214622810104 60
      vertex -8.522450154701016 -49.11609047308872 60
    endloop
  endfacet
  facet normal 0.15885814333386472 0.9873014181578579 0
    outer loop
      vertex -7.314514151599783 -49.31044902174433 0
      vertex -8.522450154701016 -49.11609047308872 60
      vertex -7.314514151599783 -49.31044902174433 60
    endloop
  endfacet
  facet normal 0.1345807085071254 0.9909026354277802 0
    outer loop
      vertex -6.102172158680927 -49.475104799745694 0
      vertex -7.314514151599783 -49.31044902174433 60
      vertex -6.102172158680927 -49.475104799745694 60
    endloop
  endfacet
  facet normal 0.11022220729388808 0.9939069700023554 0
    outer loop
      vertex -4.886154445428597 -49.60995862460902 0
      vertex -6.102172158680927 -49.475104799745694 60
      vertex -4.886154445428597 -49.60995862460902 60
    endloop
  endfacet
  facet normal 0.08579731234443558 0.9963126121827783 0
    outer loop
      vertex -3.667193495443421 -49.71492926543271 0
      vertex -4.886154445428597 -49.60995862460902 60
      vertex -3.667193495443421 -49.71492926543271 60
    endloop
  endfacet
  facet normal 0.061320736302208516 0.9981181129001493 0
    outer loop
      vertex -2.4460235652217883 -49.789953491827845 0
      vertex -3.667193495443421 -49.71492926543271 60
      vertex -2.4460235652217883 -49.789953491827845 60
    endloop
  endfacet
  facet normal 0.03680722294136311 0.9993223845883494 0
    outer loop
      vertex -1.2233802418671775 -49.83498611200579 0
      vertex -2.4460235652217883 -49.789953491827845 60
      vertex -1.2233802418671775 -49.83498611200579 60
    endloop
  endfacet
  facet normal 0.012271538285715955 0.9999247018391445 0
    outer loop
      vertex -1.2233802418671775 -49.83498611200579 60
      vertex 0 -49.85 60
      vertex 0 -49.85 0
    endloop
  endfacet
  facet normal 0.9999247018391445 -0.012271538285715955 0
    outer loop
      vertex -49.85 0 0
      vertex -49.83498611200579 1.2233802418671775 0
      vertex -49.83498611200579 1.2233802418671775 60
    endloop
  endfacet
  facet normal 0.9993223845883494 -0.03680722294136311 0
    outer loop
      vertex -49.83498611200579 1.2233802418671775 0
      vertex -49.789953491827845 2.4460235652217883 0
      vertex -49.789953491827845 2.4460235652217883 60
    endloop
  endfacet
  facet normal 0.9981181129001493 -0.061320736302208516 0
    outer loop
      vertex -49.789953491827845 2.4460235652217883 0
      vertex -49.71492926543271 3.667193495443421 0
      vertex -49.71492926543271 3.667193495443421 60
    endloop
  endfacet
  facet normal 0.9963126121827783 -0.08579731234443558 0
    outer loop
      vertex -49.71492926543271 3.667193495443421 0
      vertex -49.60995862460902 4.886154445428597 0
      vertex -49.60995862460902 4.886154445428597 60
    endloop
  endfacet
  facet normal 0.9939069700023554 -0.11022220729388808 0
    outer loop
      vertex -49.60995862460902 4.886154445428597 0
      vertex -49.475104799745694 6.102172158680927 0
      vertex -49.475104799745694 6.102172158680927 60
    endloop
  endfacet
  facet normal 0.9909026354277802 -0.1345807085071254 0
    outer loop
      vertex -49.475104799745694 6.102172158680927 0
      vertex -49.31044902174433 7.314514151599783 0
      vertex -49.31044902174433 7.314514151599783 60
    endloop
  endfacet
  facet normal 0.9873014181578579 -0.15885814333386472 0
    outer loop
      vertex -49.31044902174433 7.314514151599783 0
      vertex -49.11609047308872 8.522450154701016 0
      vertex -49.11609047308872 8.522450154701016 60
    endloop
  endfacet
  facet normal 0.9831054874312171 -0.1830398879551365 0
    outer loop
      vertex -49.11609047308872 8.522450154701016 0
      vertex -48.89214622810104 9.725252552503994 0
      vertex -48.89214622810104 9.725252552503994 60
    endloop
  endfacet
  facet normal 0.9783173707196273 -0.20711137619222025 0
    outer loop
      vertex -48.89214622810104 9.725252552503994 0
      vertex -48.63875118242065 10.92219682181996 0
      vertex -48.63875118242065 10.92219682181996 60
    endloop
  endfacet
  facet normal 0.9729399522055595 -0.2310581082806737 0
    outer loop
      vertex -48.63875118242065 10.92219682181996 0
      vertex -48.356057971748015 12.112561968177705 0
      vertex -48.356057971748015 12.112561968177705 60
    endloop
  endfacet
  facet normal 0.9669764710448527 -0.2548656596045125 0
    outer loop
      vertex -48.356057971748015 12.112561968177705 0
      vertex -48.04423687990268 13.295630960123686 0
      vertex -48.04423687990268 13.295630960123686 60
    endloop
  endfacet
  facet normal 0.9604305194155653 -0.27851968938505484 0
    outer loop
      vertex -48.04423687990268 13.295630960123686 0
      vertex -47.70347573625061 14.470691161134948 0
      vertex -47.70347573625061 14.470691161134948 60
    endloop
  endfacet
  facet normal 0.9533060403541951 -0.3020059493192242 0
    outer loop
      vertex -47.70347573625061 14.470691161134948 0
      vertex -47.33397980256288 15.637034758884743 0
      vertex -47.33397980256288 15.637034758884743 60
    endloop
  endfacet
  facet normal 0.9456073253805222 -0.3253102921622606 0
    outer loop
      vertex -47.33397980256288 15.637034758884743 0
      vertex -46.93597164937359 16.79395919160217 0
      vertex -46.93597164937359 16.79395919160217 60
    endloop
  endfacet
  facet normal 0.9373390119125737 -0.348418680249438 0
    outer loop
      vertex -46.93597164937359 16.79395919160217 0
      vertex -46.509691021911735 17.94076757126916 0
      vertex -46.509691021911735 17.94076757126916 60
    endloop
  endfacet
  facet normal 0.9285060804732156 -0.37131719395183715 0
    outer loop
      vertex -46.509691021911735 17.94076757126916 0
      vertex -46.055394695687646 19.076769103399727 0
      vertex -46.055394695687646 19.076769103399727 60
    endloop
  endfacet
  facet normal 0.9191138516900589 -0.39399204006104543 0
    outer loop
      vertex -46.055394695687646 19.076769103399727 0
      vertex -45.57335632182101 20.201279503148744 0
      vertex -45.57335632182101 20.201279503148744 60
    endloop
  endfacet
  facet normal 0.909167983090522 -0.4164295600976381 0
    outer loop
      vertex -45.57335632182101 20.201279503148744 0
      vertex -45.06386626220365 21.313621407499564 0
      vertex -45.06386626220365 21.313621407499564 60
    endloop
  endfacet
  facet normal 0.8986744656939554 -0.4386162385385246 -6.560344682089047e-17
    outer loop
      vertex -45.06386626220365 21.313621407499564 0
      vertex -44.68035447055921 22.099393169146577 0
      vertex -44.52723141459644 22.41312478328214 60
    endloop
  endfacet
  facet normal 0.8986744656939505 -0.4386162385385348 0
    outer loop
      vertex -44.68035447055921 22.099393169146577 0
      vertex -44.52723141459644 22.41312478328214 0
      vertex -44.52723141459644 22.41312478328214 60
    endloop
  endfacet
  facet normal 0.8876396204028625 -0.4605387109582236 -4.0485821159746376e-16
    outer loop
      vertex -44.49197509458391 22.481077608458584 0
      vertex -43.9637750277655 23.499127330775984 60
      vertex -44.52723141459644 22.41312478328214 0
    endloop
  endfacet
  facet normal 0.8876396204028527 -0.4605387109582424 0
    outer loop
      vertex -44.49197509458391 22.481077608458584 0
      vertex -43.9637750277655 23.499127330775984 0
      vertex -43.9637750277655 23.499127330775984 60
    endloop
  endfacet
  facet normal 0.8760700941954062 -0.4821837720791234 0
    outer loop
      vertex -43.9637750277655 23.499127330775984 0
      vertex -43.373836506769265 24.570974882654735 0
      vertex -43.373836506769265 24.570974882654735 60
    endloop
  endfacet
  facet normal 0.8639728561215856 -0.5035383837257195 0
    outer loop
      vertex -43.373836506769265 24.570974882654735 0
      vertex -42.75777120851356 25.628021798032105 0
      vertex -42.75777120851356 25.628021798032105 60
    endloop
  endfacet
  facet normal 0.8513551931052666 -0.5245896826784664 0
    outer loop
      vertex -42.75777120851356 25.628021798032105 0
      vertex -42.1159502276979 26.669631351371795 0
      vertex -42.1159502276979 26.669631351371795 60
    endloop
  endfacet
  facet normal 0.838224705554838 -0.5453249884220466 0
    outer loop
      vertex -42.1159502276979 26.669631351371795 0
      vertex -41.44876017328188 27.69517611602717 0
      vertex -41.44876017328188 27.69517611602717 60
    endloop
  endfacet
  facet normal 0.8245893027850265 -0.5657318107836113 0
    outer loop
      vertex -41.44876017328188 27.69517611602717 0
      vertex -40.75660293560645 28.70403834217959 0
      vertex -40.75660293560645 28.70403834217959 60
    endloop
  endfacet
  facet normal 0.8104571982525957 -0.5857978574564376 -1.1850862302510196e-17
    outer loop
      vertex -40.75660293560645 28.70403834217959 0
      vertex -40.48220675559748 29.08366820328372 0
      vertex -40.039895444310154 29.695610328947804 60
    endloop
  endfacet
  facet normal 0.8104571982525856 -0.5857978574564516 2.041368815674798e-16
    outer loop
      vertex -40.48220675559748 29.08366820328372 0
      vertex -40.37269033539217 29.23518526664008 0
      vertex -40.039895444310154 29.695610328947804 60
    endloop
  endfacet
  facet normal 0.8104571982525983 -0.5857978574564342 0
    outer loop
      vertex -40.37269033539217 29.23518526664008 0
      vertex -40.039895444310154 29.695610328947804 0
      vertex -40.039895444310154 29.695610328947804 60
    endloop
  endfacet
  facet normal 0.7958369046088811 -0.6055110414043287 0
    outer loop
      vertex -40.039895444310154 29.695610328947804 0
      vertex -39.299069417186324 30.669294790444248 0
      vertex -39.299069417186324 30.669294790444248 60
    endloop
  endfacet
  facet normal 0.7807372285720947 -0.6248594881423859 0
    outer loop
      vertex -39.299069417186324 30.669294790444248 0
      vertex -38.53457110013244 31.62450521555773 0
      vertex -38.53457110013244 31.62450521555773 60
    endloop
  endfacet
  facet normal 0.7651672656224653 -0.6438315428897838 -2.0856387541208112e-16
    outer loop
      vertex -38.53457110013244 31.62450521555773 0
      vertex -38.24040042958511 31.974114938931535 0
      vertex -37.746860998348254 32.560666221245775 60
    endloop
  endfacet
  facet normal 0.7651672656224197 -0.6438315428898381 6.964989116413568e-16
    outer loop
      vertex -38.24040042958511 31.974114938931535 0
      vertex -38.202717042972566 32.018900091526405 0
      vertex -37.746860998348254 32.560666221245775 60
    endloop
  endfacet
  facet normal 0.7651672656224576 -0.6438315428897929 0
    outer loop
      vertex -38.202717042972566 32.018900091526405 0
      vertex -37.746860998348254 32.560666221245775 0
      vertex -37.746860998348254 32.560666221245775 60
    endloop
  endfacet
  facet normal 0.7491363945234588 -0.6624157775901726 0
    outer loop
      vertex -37.746860998348254 32.560666221245775 0
      vertex -36.93641359894471 33.47721389912387 0
      vertex -36.93641359894471 33.47721389912387 60
    endloop
  endfacet
  facet normal 0.732654271672415 -0.6806009977954508 0
    outer loop
      vertex -36.93641359894471 33.47721389912387 0
      vertex -36.10371708513063 34.373596155142785 0
      vertex -36.10371708513063 34.373596155142785 60
    endloop
  endfacet
  facet normal 0.715730825283819 -0.6983762494089724 0
    outer loop
      vertex -36.10371708513063 34.373596155142785 0
      vertex -35.2492730421494 35.2492730421494 0
      vertex -35.2492730421494 35.2492730421494 60
    endloop
  endfacet
  facet normal 0.6983762494089742 -0.7157308252838174 -5.04835276804868e-17
    outer loop
      vertex -35.2492730421494 35.2492730421494 0
      vertex -34.7114828624426 35.774023235105915 0
      vertex -34.373596155142785 36.10371708513063 60
    endloop
  endfacet
  facet normal 0.6983762494089323 -0.7157308252838582 4.1076553559994704e-16
    outer loop
      vertex -34.7114828624426 35.774023235105915 0
      vertex -34.6799466841206 35.80479474467234 0
      vertex -34.373596155142785 36.10371708513063 60
    endloop
  endfacet
  facet normal 0.6983762494089735 -0.715730825283818 0
    outer loop
      vertex -34.373596155142785 36.10371708513063 0
      vertex -34.373596155142785 36.10371708513063 60
      vertex -34.6799466841206 35.80479474467234 0
    endloop
  endfacet
  facet normal 0.6806009977954508 -0.732654271672415 0
    outer loop
      vertex -33.47721389912387 36.93641359894471 0
      vertex -33.47721389912387 36.93641359894471 60
      vertex -34.373596155142785 36.10371708513063 0
    endloop
  endfacet
  facet normal 0.6624157775901726 -0.7491363945234588 0
    outer loop
      vertex -32.560666221245775 37.746860998348254 0
      vertex -32.560666221245775 37.746860998348254 60
      vertex -33.47721389912387 36.93641359894471 0
    endloop
  endfacet
  facet normal 0.6438315428897917 -0.7651672656224587 0
    outer loop
      vertex -31.62450521555773 38.53457110013244 0
      vertex -31.62450521555773 38.53457110013244 60
      vertex -32.560666221245775 37.746860998348254 0
    endloop
  endfacet
  facet normal 0.6248594881423859 -0.7807372285720947 0
    outer loop
      vertex -30.669294790444248 39.299069417186324 0
      vertex -30.669294790444248 39.299069417186324 60
      vertex -31.62450521555773 38.53457110013244 0
    endloop
  endfacet
  facet normal 0.6055110414043274 -0.7958369046088822 3.113817523011707e-17
    outer loop
      vertex -30.669294790444248 39.299069417186324 0
      vertex -29.72344996726119 40.01871370683375 0
      vertex -29.695610328947804 40.039895444310154 60
    endloop
  endfacet
  facet normal 0.5857978574562549 -0.8104571982527277 0
    outer loop
      vertex -29.691657402464497 40.04275261661931 0
      vertex -29.695610328947804 40.039895444310154 60
      vertex -29.695610328947804 40.039895444310154 0
    endloop
  endfacet
  facet normal 0.6055110414043707 -0.7958369046088494 0
    outer loop
      vertex -29.695610328947804 40.039895444310154 0
      vertex -29.695610328947804 40.039895444310154 60
      vertex -29.72344996726119 40.01871370683375 0
    endloop
  endfacet
  facet normal 0.5857978574564389 -0.8104571982525948 0
    outer loop
      vertex -28.70403834217959 40.75660293560645 0
      vertex -28.70403834217959 40.75660293560645 60
      vertex -29.691657402464497 40.04275261661931 0
    endloop
  endfacet
  facet normal 0.5657318107836113 -0.8245893027850265 0
    outer loop
      vertex -27.69517611602717 41.44876017328188 0
      vertex -27.69517611602717 41.44876017328188 60
      vertex -28.70403834217959 40.75660293560645 0
    endloop
  endfacet
  facet normal 0.5453249884220466 -0.838224705554838 0
    outer loop
      vertex -26.669631351371795 42.1159502276979 0
      vertex -26.669631351371795 42.1159502276979 60
      vertex -27.69517611602717 41.44876017328188 0
    endloop
  endfacet
  facet normal 0.5245896826784664 -0.8513551931052666 0
    outer loop
      vertex -25.628021798032105 42.75777120851356 0
      vertex -25.628021798032105 42.75777120851356 60
      vertex -26.669631351371795 42.1159502276979 0
    endloop
  endfacet
  facet normal 0.5035383837257195 -0.8639728561215856 0
    outer loop
      vertex -24.570974882654735 43.373836506769265 0
      vertex -24.570974882654735 43.373836506769265 60
      vertex -25.628021798032105 42.75777120851356 0
    endloop
  endfacet
  facet normal 0.4821837720791118 -0.8760700941954126 2.715455862583498e-16
    outer loop
      vertex -24.570974882654735 43.373836506769265 0
      vertex -24.45456504111466 43.437907791558956 0
      vertex -23.499127330775984 43.9637750277655 60
    endloop
  endfacet
  facet normal 0.48218377207916713 -0.8760700941953822 -8.779955874167429e-16
    outer loop
      vertex -24.45456504111466 43.437907791558956 0
      vertex -24.42929362180524 43.45181703052185 0
      vertex -23.499127330775984 43.9637750277655 60
    endloop
  endfacet
  facet normal 0.4821837720791237 -0.8760700941954062 0
    outer loop
      vertex -23.499127330775984 43.9637750277655 0
      vertex -23.499127330775984 43.9637750277655 60
      vertex -24.42929362180524 43.45181703052185 0
    endloop
  endfacet
  facet normal 0.4605387109582415 -0.8876396204028532 -7.18730454360885e-18
    outer loop
      vertex -23.499127330775984 43.9637750277655 0
      vertex -23.09921236224073 44.171265004405505 0
      vertex -22.41312478328214 44.52723141459644 60
    endloop
  endfacet
  facet normal 0.460538710958266 -0.8876396204028406 -3.619948475321413e-16
    outer loop
      vertex -22.970467727449986 44.23806225723928 0
      vertex -22.41312478328214 44.52723141459644 60
      vertex -23.09921236224073 44.171265004405505 0
    endloop
  endfacet
  facet normal 0.46053871095823534 -0.8876396204028565 0
    outer loop
      vertex -22.41312478328214 44.52723141459644 0
      vertex -22.41312478328214 44.52723141459644 60
      vertex -22.970467727449986 44.23806225723928 0
    endloop
  endfacet
  facet normal 0.43861623853852755 -0.8986744656939539 0
    outer loop
      vertex -21.313621407499564 45.06386626220365 0
      vertex -21.313621407499564 45.06386626220365 60
      vertex -22.41312478328214 44.52723141459644 0
    endloop
  endfacet
  facet normal 0.4164295600976381 -0.909167983090522 0
    outer loop
      vertex -21.313621407499564 45.06386626220365 0
      vertex -20.201279503148744 45.57335632182101 0
      vertex -20.201279503148744 45.57335632182101 60
    endloop
  endfacet
  facet normal 0.39399204006104543 -0.9191138516900589 0
    outer loop
      vertex -19.076769103399727 46.055394695687646 0
      vertex -19.076769103399727 46.055394695687646 60
      vertex -20.201279503148744 45.57335632182101 0
    endloop
  endfacet
  facet normal 0.37131719395182944 -0.9285060804732188 1.7006049280369262e-16
    outer loop
      vertex -19.076769103399727 46.055394695687646 0
      vertex -18.95427306443034 46.10438186595706 0
      vertex -17.94076757126916 46.509691021911735 60
    endloop
  endfacet
  facet normal 0.37131719395203816 -0.9285060804731353 -3.918673839765672e-15
    outer loop
      vertex -18.95427306443034 46.10438186595706 0
      vertex -18.934159886704844 46.11242529062767 0
      vertex -17.94076757126916 46.509691021911735 60
    endloop
  endfacet
  facet normal 0.3713171939518341 -0.9285060804732169 0
    outer loop
      vertex -17.94076757126916 46.509691021911735 0
      vertex -17.94076757126916 46.509691021911735 60
      vertex -18.934159886704844 46.11242529062767 0
    endloop
  endfacet
  facet normal 0.34841868024943395 -0.9373390119125752 8.857673825347466e-17
    outer loop
      vertex -17.94076757126916 46.509691021911735 0
      vertex -17.54914656052224 46.6552606333205 0
      vertex -16.79395919160217 46.93597164937359 60
    endloop
  endfacet
  facet normal 0.3484186802495445 -0.937339011912534 -1.4953072875235417e-15
    outer loop
      vertex -17.54914656052224 46.6552606333205 0
      vertex -17.524978696528574 46.66424408025924 0
      vertex -16.79395919160217 46.93597164937359 60
    endloop
  endfacet
  facet normal 0.3484186802494366 -0.9373390119125741 0
    outer loop
      vertex -16.79395919160217 46.93597164937359 0
      vertex -16.79395919160217 46.93597164937359 60
      vertex -17.524978696528574 46.66424408025924 0
    endloop
  endfacet
  facet normal 0.3253102921622606 -0.9456073253805222 0
    outer loop
      vertex -15.637034758884743 47.33397980256288 0
      vertex -15.637034758884743 47.33397980256288 60
      vertex -16.79395919160217 46.93597164937359 0
    endloop
  endfacet
  facet normal 0.3020059493192242 -0.9533060403541951 0
    outer loop
      vertex -14.470691161134948 47.70347573625061 0
      vertex -14.470691161134948 47.70347573625061 60
      vertex -15.637034758884743 47.33397980256288 0
    endloop
  endfacet
  facet normal 0.27851968938505484 -0.9604305194155653 0
    outer loop
      vertex -13.295630960123686 48.04423687990268 0
      vertex -13.295630960123686 48.04423687990268 60
      vertex -14.470691161134948 47.70347573625061 0
    endloop
  endfacet
  facet normal 0.2548656596045125 -0.9669764710448527 0
    outer loop
      vertex -12.112561968177705 48.356057971748015 0
      vertex -12.112561968177705 48.356057971748015 60
      vertex -13.295630960123686 48.04423687990268 0
    endloop
  endfacet
  facet normal 0.2310581082806735 -0.9729399522055596 4.835959632648782e-18
    outer loop
      vertex -11.8333566969985 48.42236488168055 0
      vertex -10.92219682181996 48.63875118242065 60
      vertex -12.112561968177705 48.356057971748015 0
    endloop
  endfacet
  facet normal 0.23105810828055778 -0.9729399522055872 1.8611659137036745e-15
    outer loop
      vertex -11.8333566969985 48.42236488168055 0
      vertex -11.8148873662522 48.426751060512835 0
      vertex -10.92219682181996 48.63875118242065 60
    endloop
  endfacet
  facet normal 0.23105810828067613 -0.9729399522055588 0
    outer loop
      vertex -10.92219682181996 48.63875118242065 0
      vertex -10.92219682181996 48.63875118242065 60
      vertex -11.8148873662522 48.426751060512835 0
    endloop
  endfacet
  facet normal 0.20711137619222228 -0.9783173707196268 -4.2115332933467546e-17
    outer loop
      vertex -10.92219682181996 48.63875118242065 0
      vertex -10.384907117023124 48.75249628549751 0
      vertex -9.725252552503994 48.89214622810104 60
    endloop
  endfacet
  facet normal 0.20711137619232237 -0.9783173707196057 -1.1917266558095582e-15
    outer loop
      vertex -10.384907117023124 48.75249628549751 0
      vertex -10.364145266120545 48.75689160305133 0
      vertex -9.725252552503994 48.89214622810104 60
    endloop
  endfacet
  facet normal 0.20711137619221526 -0.9783173707196283 0
    outer loop
      vertex -9.725252552503994 48.89214622810104 0
      vertex -9.725252552503994 48.89214622810104 60
      vertex -10.364145266120545 48.75689160305133 0
    endloop
  endfacet
  facet normal 0.18303988795513718 -0.983105487431217 -1.315891801358528e-17
    outer loop
      vertex -9.725252552503994 48.89214622810104 0
      vertex -8.930363046990927 49.04014304826527 0
      vertex -8.522450154701016 49.11609047308872 60
    endloop
  endfacet
  facet normal 0.1830398879551695 -0.9831054874312111 -2.407793598592486e-16
    outer loop
      vertex -8.930363046990927 49.04014304826527 0
      vertex -8.893384405696931 49.04702793136858 0
      vertex -8.522450154701016 49.11609047308872 60
    endloop
  endfacet
  facet normal 0.18303988795513187 -0.9831054874312181 0
    outer loop
      vertex -8.522450154701016 49.11609047308872 0
      vertex -8.522450154701016 49.11609047308872 60
      vertex -8.893384405696931 49.04702793136858 0
    endloop
  endfacet
  facet normal 0.15885814333386472 -0.9873014181578579 0
    outer loop
      vertex -7.314514151599783 49.31044902174433 0
      vertex -7.314514151599783 49.31044902174433 60
      vertex -8.522450154701016 49.11609047308872 0
    endloop
  endfacet
  facet normal 0.1345807085071254 -0.9909026354277802 0
    outer loop
      vertex -6.102172158680927 49.475104799745694 0
      vertex -6.102172158680927 49.475104799745694 60
      vertex -7.314514151599783 49.31044902174433 0
    endloop
  endfacet
  facet normal 0.11022220729388808 -0.9939069700023554 0
    outer loop
      vertex -4.886154445428597 49.60995862460902 0
      vertex -4.886154445428597 49.60995862460902 60
      vertex -6.102172158680927 49.475104799745694 0
    endloop
  endfacet
  facet normal 0.08579731234443558 -0.9963126121827783 0
    outer loop
      vertex -3.667193495443421 49.71492926543271 0
      vertex -3.667193495443421 49.71492926543271 60
      vertex -4.886154445428597 49.60995862460902 0
    endloop
  endfacet
  facet normal 0.061320736302214573 -0.9981181129001488 -1.240654084345765e-16
    outer loop
      vertex -3.667193495443421 49.71492926543271 0
      vertex -3.068945576031898 49.75168343554088 0
      vertex -2.4460235652217883 49.789953491827845 60
    endloop
  endfacet
  facet normal 0.06132073630187289 -0.9981181129001698 3.4367650062757314e-15
    outer loop
      vertex -3.068945576031898 49.75168343554088 0
      vertex -3.050478503828932 49.75281798509989 0
      vertex -2.4460235652217883 49.789953491827845 60
    endloop
  endfacet
  facet normal 0.061320736302212756 -0.998118112900149 0
    outer loop
      vertex -2.4460235652217883 49.789953491827845 0
      vertex -2.4460235652217883 49.789953491827845 60
      vertex -3.050478503828932 49.75281798509989 0
    endloop
  endfacet
  facet normal 0.03680722294136392 -0.9993223845883493 -1.6473942193314936e-17
    outer loop
      vertex -2.4460235652217883 49.789953491827845 0
      vertex -1.597170649051029 49.82121859607425 0
      vertex -1.2233802418671775 49.83498611200579 60
    endloop
  endfacet
  facet normal 0.036807222941416945 -0.9993223845883473 -3.4723646171240284e-16
    outer loop
      vertex -1.597170649051029 49.82121859607425 0
      vertex -1.5750480167104035 49.82203342087271 0
      vertex -1.2233802418671775 49.83498611200579 60
    endloop
  endfacet
  facet normal 0.03680722294135778 -0.9993223845883495 0
    outer loop
      vertex -1.2233802418671775 49.83498611200579 60
      vertex -1.5750480167104035 49.82203342087271 0
      vertex -1.2233802418671775 49.83498611200579 0
    endloop
  endfacet
  facet normal 0.012271538285715955 -0.9999247018391445 0
    outer loop
      vertex 0 49.85 60
      vertex -1.2233802418671775 49.83498611200579 0
      vertex 0 49.85 0
    endloop
  endfacet
  facet normal 0.9999247018391445 -0.012271538285715955 0
    outer loop
      vertex -49.85 0 0
      vertex -49.83498611200579 1.2233802418671775 60
      vertex -49.85 0 60
    endloop
  endfacet
  facet normal 0.9993223845883494 -0.03680722294136311 0
    outer loop
      vertex -49.789953491827845 2.4460235652217883 60
      vertex -49.83498611200579 1.2233802418671775 60
      vertex -49.83498611200579 1.2233802418671775 0
    endloop
  endfacet
  facet normal 0.9981181129001493 -0.061320736302208516 0
    outer loop
      vertex -49.71492926543271 3.667193495443421 60
      vertex -49.789953491827845 2.4460235652217883 60
      vertex -49.789953491827845 2.4460235652217883 0
    endloop
  endfacet
  facet normal 0.9963126121827783 -0.08579731234443558 0
    outer loop
      vertex -49.71492926543271 3.667193495443421 0
      vertex -49.60995862460902 4.886154445428597 60
      vertex -49.71492926543271 3.667193495443421 60
    endloop
  endfacet
  facet normal 0.9939069700023554 -0.11022220729388808 0
    outer loop
      vertex -49.475104799745694 6.102172158680927 60
      vertex -49.60995862460902 4.886154445428597 60
      vertex -49.60995862460902 4.886154445428597 0
    endloop
  endfacet
  facet normal 0.9909026354277802 -0.1345807085071254 0
    outer loop
      vertex -49.31044902174433 7.314514151599783 60
      vertex -49.475104799745694 6.102172158680927 60
      vertex -49.475104799745694 6.102172158680927 0
    endloop
  endfacet
  facet normal 0.9873014181578579 -0.15885814333386472 0
    outer loop
      vertex -49.11609047308872 8.522450154701016 60
      vertex -49.31044902174433 7.314514151599783 60
      vertex -49.31044902174433 7.314514151599783 0
    endloop
  endfacet
  facet normal 0.9831054874312171 -0.1830398879551365 0
    outer loop
      vertex -49.11609047308872 8.522450154701016 0
      vertex -48.89214622810104 9.725252552503994 60
      vertex -49.11609047308872 8.522450154701016 60
    endloop
  endfacet
  facet normal 0.9783173707196273 -0.20711137619222025 0
    outer loop
      vertex -48.63875118242065 10.92219682181996 60
      vertex -48.89214622810104 9.725252552503994 60
      vertex -48.89214622810104 9.725252552503994 0
    endloop
  endfacet
  facet normal 0.9729399522055595 -0.2310581082806737 0
    outer loop
      vertex -48.356057971748015 12.112561968177705 60
      vertex -48.63875118242065 10.92219682181996 60
      vertex -48.63875118242065 10.92219682181996 0
    endloop
  endfacet
  facet normal 0.9669764710448527 -0.2548656596045125 0
    outer loop
      vertex -48.04423687990268 13.295630960123686 60
      vertex -48.356057971748015 12.112561968177705 60
      vertex -48.356057971748015 12.112561968177705 0
    endloop
  endfacet
  facet normal 0.9604305194155653 -0.27851968938505484 0
    outer loop
      vertex -47.70347573625061 14.470691161134948 60
      vertex -48.04423687990268 13.295630960123686 60
      vertex -48.04423687990268 13.295630960123686 0
    endloop
  endfacet
  facet normal 0.9533060403541951 -0.3020059493192242 0
    outer loop
      vertex -47.33397980256288 15.637034758884743 60
      vertex -47.70347573625061 14.470691161134948 60
      vertex -47.70347573625061 14.470691161134948 0
    endloop
  endfacet
  facet normal 0.9456073253805222 -0.3253102921622606 0
    outer loop
      vertex -46.93597164937359 16.79395919160217 60
      vertex -47.33397980256288 15.637034758884743 60
      vertex -47.33397980256288 15.637034758884743 0
    endloop
  endfacet
  facet normal 0.9373390119125737 -0.348418680249438 0
    outer loop
      vertex -46.509691021911735 17.94076757126916 60
      vertex -46.93597164937359 16.79395919160217 60
      vertex -46.93597164937359 16.79395919160217 0
    endloop
  endfacet
  facet normal 0.9285060804732156 -0.37131719395183715 0
    outer loop
      vertex -46.055394695687646 19.076769103399727 60
      vertex -46.509691021911735 17.94076757126916 60
      vertex -46.509691021911735 17.94076757126916 0
    endloop
  endfacet
  facet normal 0.9191138516900589 -0.39399204006104543 0
    outer loop
      vertex -45.57335632182101 20.201279503148744 60
      vertex -46.055394695687646 19.076769103399727 60
      vertex -46.055394695687646 19.076769103399727 0
    endloop
  endfacet
  facet normal 0.909167983090522 -0.4164295600976381 0
    outer loop
      vertex -45.06386626220365 21.313621407499564 60
      vertex -45.57335632182101 20.201279503148744 60
      vertex -45.57335632182101 20.201279503148744 0
    endloop
  endfacet
  facet normal 0.8986744656939539 -0.43861623853852755 0
    outer loop
      vertex -44.52723141459644 22.41312478328214 60
      vertex -45.06386626220365 21.313621407499564 60
      vertex -45.06386626220365 21.313621407499564 0
    endloop
  endfacet
  facet normal 0.8876396204028533 -0.4605387109582412 0
    outer loop
      vertex -43.9637750277655 23.499127330775984 60
      vertex -44.52723141459644 22.41312478328214 60
      vertex -44.52723141459644 22.41312478328214 0
    endloop
  endfacet
  facet normal 0.8760700941954062 -0.4821837720791234 0
    outer loop
      vertex -43.373836506769265 24.570974882654735 60
      vertex -43.9637750277655 23.499127330775984 60
      vertex -43.9637750277655 23.499127330775984 0
    endloop
  endfacet
  facet normal 0.8639728561215856 -0.5035383837257195 0
    outer loop
      vertex -42.75777120851356 25.628021798032105 60
      vertex -43.373836506769265 24.570974882654735 60
      vertex -43.373836506769265 24.570974882654735 0
    endloop
  endfacet
  facet normal 0.8513551931052666 -0.5245896826784664 0
    outer loop
      vertex -42.1159502276979 26.669631351371795 60
      vertex -42.75777120851356 25.628021798032105 60
      vertex -42.75777120851356 25.628021798032105 0
    endloop
  endfacet
  facet normal 0.838224705554838 -0.5453249884220466 0
    outer loop
      vertex -41.44876017328188 27.69517611602717 60
      vertex -42.1159502276979 26.669631351371795 60
      vertex -42.1159502276979 26.669631351371795 0
    endloop
  endfacet
  facet normal 0.8245893027850265 -0.5657318107836113 0
    outer loop
      vertex -40.75660293560645 28.70403834217959 60
      vertex -41.44876017328188 27.69517611602717 60
      vertex -41.44876017328188 27.69517611602717 0
    endloop
  endfacet
  facet normal 0.8104571982525954 -0.5857978574564382 0
    outer loop
      vertex -40.039895444310154 29.695610328947804 60
      vertex -40.75660293560645 28.70403834217959 60
      vertex -40.75660293560645 28.70403834217959 0
    endloop
  endfacet
  facet normal 0.7958369046088811 -0.6055110414043287 0
    outer loop
      vertex -39.299069417186324 30.669294790444248 60
      vertex -40.039895444310154 29.695610328947804 60
      vertex -40.039895444310154 29.695610328947804 0
    endloop
  endfacet
  facet normal 0.7807372285720947 -0.6248594881423859 0
    outer loop
      vertex -38.53457110013244 31.62450521555773 60
      vertex -39.299069417186324 30.669294790444248 60
      vertex -39.299069417186324 30.669294790444248 0
    endloop
  endfacet
  facet normal 0.7651672656224587 -0.6438315428897917 0
    outer loop
      vertex -37.746860998348254 32.560666221245775 60
      vertex -38.53457110013244 31.62450521555773 60
      vertex -38.53457110013244 31.62450521555773 0
    endloop
  endfacet
  facet normal 0.7491363945234588 -0.6624157775901726 0
    outer loop
      vertex -36.93641359894471 33.47721389912387 60
      vertex -37.746860998348254 32.560666221245775 60
      vertex -37.746860998348254 32.560666221245775 0
    endloop
  endfacet
  facet normal 0.732654271672415 -0.6806009977954508 0
    outer loop
      vertex -36.93641359894471 33.47721389912387 0
      vertex -36.10371708513063 34.373596155142785 60
      vertex -36.93641359894471 33.47721389912387 60
    endloop
  endfacet
  facet normal 0.715730825283819 -0.6983762494089724 0
    outer loop
      vertex -35.2492730421494 35.2492730421494 60
      vertex -36.10371708513063 34.373596155142785 60
      vertex -36.10371708513063 34.373596155142785 0
    endloop
  endfacet
  facet normal 0.6983762494089724 -0.715730825283819 0
    outer loop
      vertex -35.2492730421494 35.2492730421494 0
      vertex -34.373596155142785 36.10371708513063 60
      vertex -35.2492730421494 35.2492730421494 60
    endloop
  endfacet
  facet normal 0.6806009977954508 -0.732654271672415 0
    outer loop
      vertex -34.373596155142785 36.10371708513063 0
      vertex -33.47721389912387 36.93641359894471 60
      vertex -34.373596155142785 36.10371708513063 60
    endloop
  endfacet
  facet normal 0.6624157775901726 -0.7491363945234588 0
    outer loop
      vertex -33.47721389912387 36.93641359894471 0
      vertex -32.560666221245775 37.746860998348254 60
      vertex -33.47721389912387 36.93641359894471 60
    endloop
  endfacet
  facet normal 0.6438315428897917 -0.7651672656224587 0
    outer loop
      vertex -32.560666221245775 37.746860998348254 0
      vertex -31.62450521555773 38.53457110013244 60
      vertex -32.560666221245775 37.746860998348254 60
    endloop
  endfacet
  facet normal 0.6248594881423859 -0.7807372285720947 0
    outer loop
      vertex -31.62450521555773 38.53457110013244 0
      vertex -30.669294790444248 39.299069417186324 60
      vertex -31.62450521555773 38.53457110013244 60
    endloop
  endfacet
  facet normal 0.6055110414043287 -0.7958369046088811 0
    outer loop
      vertex -30.669294790444248 39.299069417186324 0
      vertex -29.695610328947804 40.039895444310154 60
      vertex -30.669294790444248 39.299069417186324 60
    endloop
  endfacet
  facet normal 0.5857978574564382 -0.8104571982525954 1.8373218429444886e-17
    outer loop
      vertex -29.691657402464497 40.04275261661931 0
      vertex -28.70403834217959 40.75660293560645 60
      vertex -29.695610328947804 40.039895444310154 60
    endloop
  endfacet
  facet normal 0.5657318107836113 -0.8245893027850265 0
    outer loop
      vertex -28.70403834217959 40.75660293560645 0
      vertex -27.69517611602717 41.44876017328188 60
      vertex -28.70403834217959 40.75660293560645 60
    endloop
  endfacet
  facet normal 0.5453249884220466 -0.838224705554838 0
    outer loop
      vertex -27.69517611602717 41.44876017328188 0
      vertex -26.669631351371795 42.1159502276979 60
      vertex -27.69517611602717 41.44876017328188 60
    endloop
  endfacet
  facet normal 0.5245896826784664 -0.8513551931052666 0
    outer loop
      vertex -26.669631351371795 42.1159502276979 0
      vertex -25.628021798032105 42.75777120851356 60
      vertex -26.669631351371795 42.1159502276979 60
    endloop
  endfacet
  facet normal 0.5035383837257195 -0.8639728561215856 0
    outer loop
      vertex -25.628021798032105 42.75777120851356 0
      vertex -24.570974882654735 43.373836506769265 60
      vertex -25.628021798032105 42.75777120851356 60
    endloop
  endfacet
  facet normal 0.4821837720791234 -0.8760700941954062 0
    outer loop
      vertex -24.570974882654735 43.373836506769265 0
      vertex -23.499127330775984 43.9637750277655 60
      vertex -24.570974882654735 43.373836506769265 60
    endloop
  endfacet
  facet normal 0.4605387109582412 -0.8876396204028533 0
    outer loop
      vertex -23.499127330775984 43.9637750277655 0
      vertex -22.41312478328214 44.52723141459644 60
      vertex -23.499127330775984 43.9637750277655 60
    endloop
  endfacet
  facet normal 0.43861623853852755 -0.8986744656939539 0
    outer loop
      vertex -22.41312478328214 44.52723141459644 0
      vertex -21.313621407499564 45.06386626220365 60
      vertex -22.41312478328214 44.52723141459644 60
    endloop
  endfacet
  facet normal 0.4164295600976381 -0.909167983090522 0
    outer loop
      vertex -21.313621407499564 45.06386626220365 0
      vertex -20.201279503148744 45.57335632182101 60
      vertex -21.313621407499564 45.06386626220365 60
    endloop
  endfacet
  facet normal 0.39399204006104543 -0.9191138516900589 0
    outer loop
      vertex -20.201279503148744 45.57335632182101 0
      vertex -19.076769103399727 46.055394695687646 60
      vertex -20.201279503148744 45.57335632182101 60
    endloop
  endfacet
  facet normal 0.37131719395183715 -0.9285060804732156 0
    outer loop
      vertex -19.076769103399727 46.055394695687646 0
      vertex -17.94076757126916 46.509691021911735 60
      vertex -19.076769103399727 46.055394695687646 60
    endloop
  endfacet
  facet normal 0.348418680249438 -0.9373390119125737 0
    outer loop
      vertex -17.94076757126916 46.509691021911735 0
      vertex -16.79395919160217 46.93597164937359 60
      vertex -17.94076757126916 46.509691021911735 60
    endloop
  endfacet
  facet normal 0.3253102921622606 -0.9456073253805222 0
    outer loop
      vertex -16.79395919160217 46.93597164937359 0
      vertex -15.637034758884743 47.33397980256288 60
      vertex -16.79395919160217 46.93597164937359 60
    endloop
  endfacet
  facet normal 0.3020059493192242 -0.9533060403541951 0
    outer loop
      vertex -15.637034758884743 47.33397980256288 0
      vertex -14.470691161134948 47.70347573625061 60
      vertex -15.637034758884743 47.33397980256288 60
    endloop
  endfacet
  facet normal 0.27851968938505484 -0.9604305194155653 0
    outer loop
      vertex -14.470691161134948 47.70347573625061 0
      vertex -13.295630960123686 48.04423687990268 60
      vertex -14.470691161134948 47.70347573625061 60
    endloop
  endfacet
  facet normal 0.2548656596045125 -0.9669764710448527 0
    outer loop
      vertex -13.295630960123686 48.04423687990268 0
      vertex -12.112561968177705 48.356057971748015 60
      vertex -13.295630960123686 48.04423687990268 60
    endloop
  endfacet
  facet normal 0.2310581082806737 -0.9729399522055595 0
    outer loop
      vertex -12.112561968177705 48.356057971748015 0
      vertex -10.92219682181996 48.63875118242065 60
      vertex -12.112561968177705 48.356057971748015 60
    endloop
  endfacet
  facet normal 0.20711137619222025 -0.9783173707196273 0
    outer loop
      vertex -10.92219682181996 48.63875118242065 0
      vertex -9.725252552503994 48.89214622810104 60
      vertex -10.92219682181996 48.63875118242065 60
    endloop
  endfacet
  facet normal 0.1830398879551365 -0.9831054874312171 0
    outer loop
      vertex -9.725252552503994 48.89214622810104 0
      vertex -8.522450154701016 49.11609047308872 60
      vertex -9.725252552503994 48.89214622810104 60
    endloop
  endfacet
  facet normal 0.15885814333386472 -0.9873014181578579 0
    outer loop
      vertex -8.522450154701016 49.11609047308872 0
      vertex -7.314514151599783 49.31044902174433 60
      vertex -8.522450154701016 49.11609047308872 60
    endloop
  endfacet
  facet normal 0.1345807085071254 -0.9909026354277802 0
    outer loop
      vertex -7.314514151599783 49.31044902174433 0
      vertex -6.102172158680927 49.475104799745694 60
      vertex -7.314514151599783 49.31044902174433 60
    endloop
  endfacet
  facet normal 0.11022220729388808 -0.9939069700023554 0
    outer loop
      vertex -6.102172158680927 49.475104799745694 0
      vertex -4.886154445428597 49.60995862460902 60
      vertex -6.102172158680927 49.475104799745694 60
    endloop
  endfacet
  facet normal 0.08579731234443558 -0.9963126121827783 0
    outer loop
      vertex -4.886154445428597 49.60995862460902 0
      vertex -3.667193495443421 49.71492926543271 60
      vertex -4.886154445428597 49.60995862460902 60
    endloop
  endfacet
  facet normal 0.061320736302208516 -0.9981181129001493 0
    outer loop
      vertex -3.667193495443421 49.71492926543271 0
      vertex -2.4460235652217883 49.789953491827845 60
      vertex -3.667193495443421 49.71492926543271 60
    endloop
  endfacet
  facet normal 0.03680722294136311 -0.9993223845883494 0
    outer loop
      vertex -2.4460235652217883 49.789953491827845 0
      vertex -1.2233802418671775 49.83498611200579 60
      vertex -2.4460235652217883 49.789953491827845 60
    endloop
  endfacet
  facet normal 0.012271538285715955 -0.9999247018391445 0
    outer loop
      vertex 0 49.85 60
      vertex -1.2233802418671775 49.83498611200579 60
      vertex -1.2233802418671775 49.83498611200579 0
    endloop
  endfacet
  facet normal -0.012271538285715955 0.9999247018391445 0
    outer loop
      vertex 0 -49.85 0
      vertex 0 -49.85 60
      vertex 1.2233802418671775 -49.83498611200579 0
    endloop
  endfacet
  facet normal -0.036807222941373445 0.999322384588349 0
    outer loop
      vertex 1.2233802418671775 -49.83498611200579 60
      vertex 1.4724737113747373 -49.82581145625225 0
      vertex 1.2233802418671775 -49.83498611200579 0
    endloop
  endfacet
  facet normal -0.03680722294133698 0.9993223845883503 1.5159070203022013e-16
    outer loop
      vertex 1.4724737113747373 -49.82581145625225 0
      vertex 1.2233802418671775 -49.83498611200579 60
      vertex 1.597170649051029 -49.82121859607425 0
    endloop
  endfacet
  facet normal -0.03680722294136392 0.9993223845883493 -1.6473942193314936e-17
    outer loop
      vertex 2.4460235652217883 -49.789953491827845 0
      vertex 1.597170649051029 -49.82121859607425 0
      vertex 1.2233802418671775 -49.83498611200579 60
    endloop
  endfacet
  facet normal -0.06132073630220866 0.9981181129001493 0
    outer loop
      vertex 2.4460235652217883 -49.789953491827845 0
      vertex 2.4460235652217883 -49.789953491827845 60
      vertex 2.944060459645081 -49.75935592158341 0
    endloop
  endfacet
  facet normal -0.061320736302178824 0.9981181129001511 2.4857738449210997e-16
    outer loop
      vertex 2.944060459645081 -49.75935592158341 0
      vertex 2.4460235652217883 -49.789953491827845 60
      vertex 3.068945576031898 -49.75168343554088 0
    endloop
  endfacet
  facet normal -0.061320736302214573 0.9981181129001488 -1.240654084345765e-16
    outer loop
      vertex 3.667193495443421 -49.71492926543271 0
      vertex 3.068945576031898 -49.75168343554088 0
      vertex 2.4460235652217883 -49.789953491827845 60
    endloop
  endfacet
  facet normal -0.08579731234443591 0.9963126121827782 0
    outer loop
      vertex 3.667193495443421 -49.71492926543271 0
      vertex 3.667193495443421 -49.71492926543271 60
      vertex 4.413873815980046 -49.6506290007375 0
    endloop
  endfacet
  facet normal -0.08579731234442838 0.996312612182779 9.459927573948888e-17
    outer loop
      vertex 4.539023179124165 -49.63985178195287 0
      vertex 4.413873815980046 -49.6506290007375 0
      vertex 3.667193495443421 -49.71492926543271 60
    endloop
  endfacet
  facet normal -0.08579731234443748 0.9963126121827782 -3.850338229975577e-17
    outer loop
      vertex 4.539023179124165 -49.63985178195287 0
      vertex 3.667193495443421 -49.71492926543271 60
      vertex 4.886154445428597 -49.60995862460902 0
    endloop
  endfacet
  facet normal -0.1102222072938915 0.9939069700023551 0
    outer loop
      vertex 4.886154445428597 -49.60995862460902 0
      vertex 4.886154445428597 -49.60995862460902 60
      vertex 5.881028419773636 -49.49962917855302 0
    endloop
  endfacet
  facet normal -0.11022220729387153 0.9939069700023573 3.352393828080397e-16
    outer loop
      vertex 6.00651890135232 -49.48571254622078 0
      vertex 5.881028419773636 -49.49962917855302 0
      vertex 4.886154445428597 -49.60995862460902 60
    endloop
  endfacet
  facet normal -0.11022220729387441 0.993906970002357 2.8028936619989587e-16
    outer loop
      vertex 6.00651890135232 -49.48571254622078 0
      vertex 4.886154445428597 -49.60995862460902 60
      vertex 6.102172158680927 -49.475104799745694 0
    endloop
  endfacet
  facet normal -0.1345807085071254 0.9909026354277802 0
    outer loop
      vertex 6.102172158680927 -49.475104799745694 0
      vertex 6.102172158680927 -49.475104799745694 60
      vertex 7.314514151599783 -49.31044902174433 0
    endloop
  endfacet
  facet normal -0.15885814333383555 0.9873014181578625 6.73070687890574e-17
    outer loop
      vertex 7.47059815867342 -49.285334892348985 0
      vertex 7.344640511952972 -49.30560164931774 0
      vertex 7.314514151599783 -49.31044902174433 60
    endloop
  endfacet
  facet normal -0.15885814333396625 0.9873014181578416 0
    outer loop
      vertex 7.314514151599783 -49.31044902174433 0
      vertex 7.314514151599783 -49.31044902174433 60
      vertex 7.344640511952972 -49.30560164931774 0
    endloop
  endfacet
  facet normal -0.15885814333386533 0.9873014181578578 -1.2157720217553882e-17
    outer loop
      vertex 7.47059815867342 -49.285334892348985 0
      vertex 7.314514151599783 -49.31044902174433 60
      vertex 8.522450154701016 -49.11609047308872 0
    endloop
  endfacet
  facet normal -0.1830398879551461 0.9831054874312155 0
    outer loop
      vertex 8.522450154701016 -49.11609047308872 0
      vertex 8.522450154701016 -49.11609047308872 60
      vertex 8.803828467321704 -49.063701939535036 0
    endloop
  endfacet
  facet normal -0.18303988795511122 0.983105487431222 1.6937185528539865e-16
    outer loop
      vertex 8.803828467321704 -49.063701939535036 0
      vertex 8.522450154701016 -49.11609047308872 60
      vertex 8.930363046990927 -49.04014304826527 0
    endloop
  endfacet
  facet normal -0.18303988795513718 0.983105487431217 -1.315891801358528e-17
    outer loop
      vertex 9.725252552503994 -48.89214622810104 0
      vertex 8.930363046990927 -49.04014304826527 0
      vertex 8.522450154701016 -49.11609047308872 60
    endloop
  endfacet
  facet normal -0.20711137619221648 0.9783173707196281 0
    outer loop
      vertex 9.725252552503994 -48.89214622810104 0
      vertex 9.725252552503994 -48.89214622810104 60
      vertex 10.257713325618074 -48.779423417703725 0
    endloop
  endfacet
  facet normal -0.20711137619222775 0.9783173707196257 -1.0429553109091161e-16
    outer loop
      vertex 10.257713325618074 -48.779423417703725 0
      vertex 9.725252552503994 -48.89214622810104 60
      vertex 10.384907117023124 -48.75249628549751 0
    endloop
  endfacet
  facet normal -0.20711137619222228 0.9783173707196268 -4.2115332933467546e-17
    outer loop
      vertex 10.92219682181996 -48.63875118242065 0
      vertex 10.384907117023124 -48.75249628549751 0
      vertex 9.725252552503994 -48.89214622810104 60
    endloop
  endfacet
  facet normal -0.23105810828067613 0.972939952205559 0
    outer loop
      vertex 10.92219682181996 -48.63875118242065 0
      vertex 10.92219682181996 -48.63875118242065 60
      vertex 11.705419320967694 -48.4527480189102 0
    endloop
  endfacet
  facet normal -0.2310581082806593 0.972939952205563 2.3174384829131347e-16
    outer loop
      vertex 11.705419320967694 -48.4527480189102 0
      vertex 10.92219682181996 -48.63875118242065 60
      vertex 11.8333566969985 -48.42236488168055 0
    endloop
  endfacet
  facet normal -0.2310581082806735 0.9729399522055596 4.835959632648782e-18
    outer loop
      vertex 11.8333566969985 -48.42236488168055 0
      vertex 10.92219682181996 -48.63875118242065 60
      vertex 12.112561968177705 -48.356057971748015 0
    endloop
  endfacet
  facet normal -0.2548656596045094 0.9669764710448534 0
    outer loop
      vertex 12.112561968177705 -48.356057971748015 0
      vertex 12.112561968177705 -48.356057971748015 60
      vertex 13.146074409412188 -48.083655449109514 0
    endloop
  endfacet
  facet normal -0.25486565960452595 0.9669764710448491 -3.0395963804844236e-16
    outer loop
      vertex 13.274842136279482 -48.049716183133015 0
      vertex 13.146074409412188 -48.083655449109514 0
      vertex 12.112561968177705 -48.356057971748015 60
    endloop
  endfacet
  facet normal -0.254865659604583 0.966976471044834 -1.4873737752524426e-15
    outer loop
      vertex 13.274842136279482 -48.049716183133015 0
      vertex 12.112561968177705 -48.356057971748015 60
      vertex 13.295630960123686 -48.04423687990268 0
    endloop
  endfacet
  facet normal -0.27851968938505484 0.9604305194155653 0
    outer loop
      vertex 13.295630960123686 -48.04423687990268 0
      vertex 13.295630960123686 -48.04423687990268 60
      vertex 14.470691161134948 -47.70347573625061 0
    endloop
  endfacet
  facet normal -0.3020059493192061 0.9533060403542007 0
    outer loop
      vertex 14.470691161134948 -47.70347573625061 0
      vertex 14.470691161134948 -47.70347573625061 60
      vertex 14.578810794195832 -47.66922359576227 0
    endloop
  endfacet
  facet normal -0.30200594931924285 0.9533060403541892 -7.285246630029049e-17
    outer loop
      vertex 14.708576881977384 -47.62811389030467 0
      vertex 14.578810794195832 -47.66922359576227 0
      vertex 14.470691161134948 -47.70347573625061 60
    endloop
  endfacet
  facet normal -0.30200594931922375 0.9533060403541953 1.0449410935627348e-17
    outer loop
      vertex 14.708576881977384 -47.62811389030467 0
      vertex 14.470691161134948 -47.70347573625061 60
      vertex 15.637034758884743 -47.33397980256288 0
    endloop
  endfacet
  facet normal -0.3253102921622606 0.9456073253805222 0
    outer loop
      vertex 15.637034758884743 -47.33397980256288 0
      vertex 15.637034758884743 -47.33397980256288 60
      vertex 16.79395919160217 -46.93597164937359 0
    endloop
  endfacet
  facet normal -0.34841868024943573 0.9373390119125744 0
    outer loop
      vertex 16.79395919160217 -46.93597164937359 0
      vertex 16.79395919160217 -46.93597164937359 60
      vertex 17.41708063526774 -46.7043509142096 0
    endloop
  endfacet
  facet normal -0.34841868024946043 0.9373390119125652 -2.913890745358027e-16
    outer loop
      vertex 17.41708063526774 -46.7043509142096 0
      vertex 16.79395919160217 -46.93597164937359 60
      vertex 17.54914656052224 -46.6552606333205 0
    endloop
  endfacet
  facet normal -0.34841868024943395 0.9373390119125752 8.857673825347466e-17
    outer loop
      vertex 17.94076757126916 -46.509691021911735 0
      vertex 17.54914656052224 -46.6552606333205 0
      vertex 16.79395919160217 -46.93597164937359 60
    endloop
  endfacet
  facet normal -0.37131719395183715 0.9285060804732157 0
    outer loop
      vertex 17.94076757126916 -46.509691021911735 0
      vertex 17.94076757126916 -46.509691021911735 60
      vertex 18.82090442393349 -46.15771707871649 0
    endloop
  endfacet
  facet normal -0.3713171939518447 0.9285060804732127 -1.2962712853174738e-16
    outer loop
      vertex 18.82090442393349 -46.15771707871649 0
      vertex 17.94076757126916 -46.509691021911735 60
      vertex 18.95427306443034 -46.10438186595706 0
    endloop
  endfacet
  facet normal -0.37131719395182944 0.9285060804732188 1.7006049280369262e-16
    outer loop
      vertex 18.95427306443034 -46.10438186595706 0
      vertex 17.94076757126916 -46.509691021911735 60
      vertex 19.076769103399727 -46.055394695687646 0
    endloop
  endfacet
  facet normal -0.39399204006104543 0.9191138516900589 0
    outer loop
      vertex 19.076769103399727 -46.055394695687646 0
      vertex 19.076769103399727 -46.055394695687646 60
      vertex 20.201279503148744 -45.57335632182101 0
    endloop
  endfacet
  facet normal -0.41642956009763954 0.9091679830905213 0
    outer loop
      vertex 20.213391203533202 -45.567808755082034 0
      vertex 20.201279503148744 -45.57335632182101 0
      vertex 20.201279503148744 -45.57335632182101 60
    endloop
  endfacet
  facet normal -0.4164295600976426 0.9091679830905198 -7.432556943696107e-19
    outer loop
      vertex 20.213391203533202 -45.567808755082034 0
      vertex 20.201279503148744 -45.57335632182101 60
      vertex 20.348223752868012 -45.50605090587195 0
    endloop
  endfacet
  facet normal -0.41642956009763743 0.9091679830905223 1.4594246896785937e-17
    outer loop
      vertex 20.348223752868012 -45.50605090587195 0
      vertex 20.201279503148744 -45.57335632182101 60
      vertex 21.313621407499564 -45.06386626220365 0
    endloop
  endfacet
  facet normal -0.4386162385385254 0.898674465693955 0
    outer loop
      vertex 21.313621407499564 -45.06386626220365 0
      vertex 21.313621407499564 -45.06386626220365 60
      vertex 21.59370219209929 -44.9271671738044 0
    endloop
  endfacet
  facet normal -0.4386162385385284 0.8986744656939535 -1.751748411174891e-17
    outer loop
      vertex 21.73015972107613 -44.86056631847258 0
      vertex 21.59370219209929 -44.9271671738044 0
      vertex 21.313621407499564 -45.06386626220365 60
    endloop
  endfacet
  facet normal -0.43861623853852827 0.8986744656939536 -1.643488490117789e-17
    outer loop
      vertex 21.73015972107613 -44.86056631847258 0
      vertex 21.313621407499564 -45.06386626220365 60
      vertex 22.41312478328214 -44.52723141459644 0
    endloop
  endfacet
  facet normal -0.46053871095823534 0.8876396204028565 0
    outer loop
      vertex 22.970467727449986 -44.23806225723928 0
      vertex 22.41312478328214 -44.52723141459644 0
      vertex 22.41312478328214 -44.52723141459644 60
    endloop
  endfacet
  facet normal -0.460538710958266 0.8876396204028406 -3.619948475321413e-16
    outer loop
      vertex 22.970467727449986 -44.23806225723928 0
      vertex 22.41312478328214 -44.52723141459644 60
      vertex 23.09921236224073 -44.171265004405505 0
    endloop
  endfacet
  facet normal -0.4605387109582415 0.8876396204028532 -7.18730454360885e-18
    outer loop
      vertex 23.499127330775984 -43.9637750277655 0
      vertex 23.09921236224073 -44.171265004405505 0
      vertex 22.41312478328214 -44.52723141459644 60
    endloop
  endfacet
  facet normal -0.48218377207912444 0.8760700941954057 0
    outer loop
      vertex 23.499127330775984 -43.9637750277655 0
      vertex 23.499127330775984 -43.9637750277655 60
      vertex 24.31447884029939 -43.51501040375048 0
    endloop
  endfacet
  facet normal -0.48218377207912705 0.8760700941954043 -4.6287366116994263e-17
    outer loop
      vertex 24.31447884029939 -43.51501040375048 0
      vertex 23.499127330775984 -43.9637750277655 60
      vertex 24.45456504111466 -43.437907791558956 0
    endloop
  endfacet
  facet normal -0.4821837720791118 0.8760700941954126 2.715455862583498e-16
    outer loop
      vertex 24.570974882654735 -43.373836506769265 0
      vertex 24.45456504111466 -43.437907791558956 0
      vertex 23.499127330775984 -43.9637750277655 60
    endloop
  endfacet
  facet normal -0.5035383837257195 0.8639728561215856 0
    outer loop
      vertex 24.570974882654735 -43.373836506769265 0
      vertex 24.570974882654735 -43.373836506769265 60
      vertex 25.628021798032105 -42.75777120851356 0
    endloop
  endfacet
  facet normal -0.5245896826784406 0.8513551931052825 0
    outer loop
      vertex 25.628021798032105 -42.75777120851356 0
      vertex 25.628021798032105 -42.75777120851356 60
      vertex 25.653305605816925 -42.7421917831337 0
    endloop
  endfacet
  facet normal -0.5245896826784776 0.8513551931052598 -2.1641166103219904e-17
    outer loop
      vertex 25.795479267734986 -42.654586942293065 0
      vertex 25.653305605816925 -42.7421917831337 0
      vertex 25.628021798032105 -42.75777120851356 60
    endloop
  endfacet
  facet normal -0.5245896826784653 0.8513551931052673 2.5680154730854414e-17
    outer loop
      vertex 25.795479267734986 -42.654586942293065 0
      vertex 25.628021798032105 -42.75777120851356 60
      vertex 26.669631351371795 -42.1159502276979 0
    endloop
  endfacet
  facet normal -0.54532498842205 0.8382247055548357 0
    outer loop
      vertex 26.669631351371795 -42.1159502276979 0
      vertex 26.669631351371795 -42.1159502276979 60
      vertex 26.976679779276395 -41.91619331373143 0
    endloop
  endfacet
  facet normal -0.545324988422053 0.8382247055548336 -2.214415866878815e-17
    outer loop
      vertex 27.121141974140556 -41.822210346849566 0
      vertex 26.976679779276395 -41.91619331373143 0
      vertex 26.669631351371795 -42.1159502276979 60
    endloop
  endfacet
  facet normal -0.545324988422043 0.8382247055548403 8.511228819081885e-17
    outer loop
      vertex 27.121141974140556 -41.822210346849566 0
      vertex 26.669631351371795 -42.1159502276979 60
      vertex 27.69517611602717 -41.44876017328188 0
    endloop
  endfacet
  facet normal -0.5657318107836113 0.8245893027850265 0
    outer loop
      vertex 27.69517611602717 -41.44876017328188 0
      vertex 27.69517611602717 -41.44876017328188 60
      vertex 28.70403834217959 -40.75660293560645 0
    endloop
  endfacet
  facet normal -0.5857978574564393 0.8104571982525947 0
    outer loop
      vertex 28.70403834217959 -40.75660293560645 0
      vertex 28.70403834217959 -40.75660293560645 60
      vertex 29.57389153378704 -40.127873698524056 0
    endloop
  endfacet
  facet normal -0.5857978574564306 0.8104571982526008 1.8788895984892049e-16
    outer loop
      vertex 29.57389153378704 -40.127873698524056 0
      vertex 28.70403834217959 -40.75660293560645 60
      vertex 29.695610328947804 -40.039895444310154 0
    endloop
  endfacet
  facet normal -0.6055110414043707 0.7958369046088494 0
    outer loop
      vertex 29.695610328947804 -40.039895444310154 0
      vertex 29.695610328947804 -40.039895444310154 60
      vertex 29.72344996726119 -40.01871370683375 0
    endloop
  endfacet
  facet normal -0.6055110414043274 0.7958369046088822 3.113817523011707e-17
    outer loop
      vertex 30.669294790444248 -39.299069417186324 0
      vertex 29.72344996726119 -40.01871370683375 0
      vertex 29.695610328947804 -40.039895444310154 60
    endloop
  endfacet
  facet normal -0.6248594881423785 0.7807372285721008 0
    outer loop
      vertex 30.669294790444248 -39.299069417186324 0
      vertex 30.669294790444248 -39.299069417186324 60
      vertex 30.846164651593305 -39.1575124286621 0
    endloop
  endfacet
  facet normal -0.6248594881423828 0.7807372285720973 -2.071902360435602e-17
    outer loop
      vertex 30.998690217370424 -39.03543928616008 0
      vertex 30.846164651593305 -39.1575124286621 0
      vertex 30.669294790444248 -39.299069417186324 60
    endloop
  endfacet
  facet normal -0.6248594881423888 0.7807372285720926 -7.502418078888491e-17
    outer loop
      vertex 30.998690217370424 -39.03543928616008 0
      vertex 30.669294790444248 -39.299069417186324 60
      vertex 31.62450521555773 -38.53457110013244 0
    endloop
  endfacet
  facet normal -0.6438315428897915 0.7651672656224587 0
    outer loop
      vertex 31.62450521555773 -38.53457110013244 0
      vertex 31.62450521555773 -38.53457110013244 60
      vertex 32.09985719322583 -38.13459764210846 0
    endloop
  endfacet
  facet normal -0.643831542889801 0.7651672656224509 -1.2843739423739283e-16
    outer loop
      vertex 32.255565697286166 -38.00358047643204 0
      vertex 32.09985719322583 -38.13459764210846 0
      vertex 31.62450521555773 -38.53457110013244 60
    endloop
  endfacet
  facet normal -0.6438315428897872 0.7651672656224626 1.2181526548017228e-16
    outer loop
      vertex 32.255565697286166 -38.00358047643204 0
      vertex 31.62450521555773 -38.53457110013244 60
      vertex 32.560666221245775 -37.746860998348254 0
    endloop
  endfacet
  facet normal -0.6624157775901726 0.7491363945234588 0
    outer loop
      vertex 32.560666221245775 -37.746860998348254 0
      vertex 32.560666221245775 -37.746860998348254 60
      vertex 33.47721389912387 -36.93641359894471 0
    endloop
  endfacet
  facet normal -0.6806009977954508 0.732654271672415 0
    outer loop
      vertex 33.47721389912387 -36.93641359894471 0
      vertex 33.47721389912387 -36.93641359894471 60
      vertex 34.373596155142785 -36.10371708513063 0
    endloop
  endfacet
  facet normal -0.6983762494089794 0.7157308252838123 0
    outer loop
      vertex 34.373596155142785 -36.10371708513063 0
      vertex 34.373596155142785 -36.10371708513063 60
      vertex 34.54849148507072 -35.93306250349265 0
    endloop
  endfacet
  facet normal -0.6983762494089591 0.7157308252838319 1.1502501411615253e-16
    outer loop
      vertex 34.54849148507072 -35.93306250349265 0
      vertex 34.373596155142785 -36.10371708513063 60
      vertex 34.7114828624426 -35.774023235105915 0
    endloop
  endfacet
  facet normal -0.6983762494089742 0.7157308252838174 -5.04835276804868e-17
    outer loop
      vertex 34.7114828624426 -35.774023235105915 0
      vertex 34.373596155142785 -36.10371708513063 60
      vertex 35.2492730421494 -35.2492730421494 0
    endloop
  endfacet
  facet normal -0.7157308252838182 0.6983762494089732 0
    outer loop
      vertex 35.741958269546004 -34.744344639002605 0
      vertex 35.2492730421494 -35.2492730421494 0
      vertex 35.2492730421494 -35.2492730421494 60
    endloop
  endfacet
  facet normal -0.7157308252838221 0.6983762494089691 -6.764982374494455e-17
    outer loop
      vertex 35.90910189742149 -34.57304750966652 0
      vertex 35.741958269546004 -34.744344639002605 0
      vertex 35.2492730421494 -35.2492730421494 60
    endloop
  endfacet
  facet normal -0.7157308252838185 0.6983762494089731 1.826015270569052e-17
    outer loop
      vertex 35.90910189742149 -34.57304750966652 0
      vertex 35.2492730421494 -35.2492730421494 60
      vertex 36.10371708513063 -34.373596155142785 0
    endloop
  endfacet
  facet normal -0.732654271672415 0.6806009977954508 0
    outer loop
      vertex 36.93641359894471 -33.47721389912387 0
      vertex 36.10371708513063 -34.373596155142785 0
      vertex 36.10371708513063 -34.373596155142785 60
    endloop
  endfacet
  facet normal -0.7491363945234588 0.6624157775901726 0
    outer loop
      vertex 37.746860998348254 -32.560666221245775 0
      vertex 36.93641359894471 -33.47721389912387 0
      vertex 36.93641359894471 -33.47721389912387 60
    endloop
  endfacet
  facet normal -0.7651672656224561 0.6438315428897949 0
    outer loop
      vertex 38.06359704981873 -32.184238472241866 0
      vertex 37.746860998348254 -32.560666221245775 0
      vertex 37.746860998348254 -32.560666221245775 60
    endloop
  endfacet
  facet normal -0.7651672656224525 0.643831542889799 4.464024293016626e-17
    outer loop
      vertex 38.06359704981873 -32.184238472241866 0
      vertex 37.746860998348254 -32.560666221245775 60
      vertex 38.24040042958511 -31.974114938931535 0
    endloop
  endfacet
  facet normal -0.7651672656224653 0.6438315428897838 -2.0856387541208112e-16
    outer loop
      vertex 38.24040042958511 -31.974114938931535 0
      vertex 37.746860998348254 -32.560666221245775 60
      vertex 38.53457110013244 -31.62450521555773 0
    endloop
  endfacet
  facet normal -0.7807372285720952 0.6248594881423856 0
    outer loop
      vertex 39.1903705772266 -30.805109693905898 0
      vertex 38.53457110013244 -31.62450521555773 0
      vertex 38.53457110013244 -31.62450521555773 60
    endloop
  endfacet
  facet normal -0.780737228572093 0.6248594881423881 5.717351686889736e-17
    outer loop
      vertex 39.299069417186324 -30.669294790444248 0
      vertex 39.1903705772266 -30.805109693905898 0
      vertex 38.53457110013244 -31.62450521555773 60
    endloop
  endfacet
  facet normal -0.7958369046088819 0.6055110414043277 0
    outer loop
      vertex 39.372740142658984 -30.572467683898882 0
      vertex 39.299069417186324 -30.669294790444248 0
      vertex 39.299069417186324 -30.669294790444248 60
    endloop
  endfacet
  facet normal -0.7958369046088811 0.6055110414043288 1.679399829315245e-18
    outer loop
      vertex 40.039895444310154 -29.695610328947804 0
      vertex 39.372740142658984 -30.572467683898882 0
      vertex 39.299069417186324 -30.669294790444248 60
    endloop
  endfacet
  facet normal -0.810457198252596 0.585797857456437 0
    outer loop
      vertex 40.29353729082111 -29.344694295940347 0
      vertex 40.039895444310154 -29.695610328947804 0
      vertex 40.039895444310154 -29.695610328947804 60
    endloop
  endfacet
  facet normal -0.8104571982525938 0.5857978574564403 2.800784929822955e-17
    outer loop
      vertex 40.29353729082111 -29.344694295940347 0
      vertex 40.039895444310154 -29.695610328947804 60
      vertex 40.48220675559748 -29.08366820328372 0
    endloop
  endfacet
  facet normal -0.8104571982525957 0.5857978574564376 -1.1850862302510196e-17
    outer loop
      vertex 40.75660293560645 -28.70403834217959 0
      vertex 40.48220675559748 -29.08366820328372 0
      vertex 40.039895444310154 -29.695610328947804 60
    endloop
  endfacet
  facet normal -0.8245893027850261 0.5657318107836119 0
    outer loop
      vertex 41.37243268422401 -27.80642817890549 0
      vertex 40.75660293560645 -28.70403834217959 0
      vertex 40.75660293560645 -28.70403834217959 60
    endloop
  endfacet
  facet normal -0.8245893027850298 0.5657318107836065 -1.1828991155817299e-16
    outer loop
      vertex 41.44876017328188 -27.69517611602717 0
      vertex 41.37243268422401 -27.80642817890549 0
      vertex 40.75660293560645 -28.70403834217959 60
    endloop
  endfacet
  facet normal -0.8382247055548314 0.5453249884220567 0
    outer loop
      vertex 41.568093501332555 -27.51174761762369 0
      vertex 41.44876017328188 -27.69517611602717 0
      vertex 41.44876017328188 -27.69517611602717 60
    endloop
  endfacet
  facet normal -0.8382247055548394 0.5453249884220444 -5.3412804049216336e-17
    outer loop
      vertex 42.1159502276979 -26.669631351371795 0
      vertex 41.568093501332555 -27.51174761762369 0
      vertex 41.44876017328188 -27.69517611602717 60
    endloop
  endfacet
  facet normal -0.8513551931052666 0.5245896826784664 0
    outer loop
      vertex 42.75777120851356 -25.628021798032105 0
      vertex 42.1159502276979 -26.669631351371795 0
      vertex 42.1159502276979 -26.669631351371795 60
    endloop
  endfacet
  facet normal -0.8639728561215856 0.5035383837257195 0
    outer loop
      vertex 43.373836506769265 -24.570974882654735 0
      vertex 42.75777120851356 -25.628021798032105 0
      vertex 42.75777120851356 -25.628021798032105 60
    endloop
  endfacet
  facet normal -0.8760700941954042 0.48218377207912694 0
    outer loop
      vertex 43.45482497708802 -24.42382854358372 0
      vertex 43.373836506769265 -24.570974882654735 0
      vertex 43.373836506769265 -24.570974882654735 60
    endloop
  endfacet
  facet normal -0.8760700941954076 0.48218377207912083 -1.9920774438584282e-17
    outer loop
      vertex 43.66756978073409 -24.0372967460366 0
      vertex 43.45482497708802 -24.42382854358372 0
      vertex 43.373836506769265 -24.570974882654735 60
    endloop
  endfacet
  facet normal -0.8760700941954057 0.48218377207912433 2.1085158115844176e-17
    outer loop
      vertex 43.66756978073409 -24.0372967460366 0
      vertex 43.373836506769265 -24.570974882654735 60
      vertex 43.9637750277655 -23.499127330775984 0
    endloop
  endfacet
  facet normal -0.8876396204028533 0.46053871095824145 0
    outer loop
      vertex 44.457067521297546 -22.54835826123285 0
      vertex 43.9637750277655 -23.499127330775984 0
      vertex 43.9637750277655 -23.499127330775984 60
    endloop
  endfacet
  facet normal -0.8876396204028542 0.4605387109582397 -3.4917994325308295e-17
    outer loop
      vertex 44.457067521297546 -22.54835826123285 0
      vertex 43.9637750277655 -23.499127330775984 60
      vertex 44.52723141459644 -22.41312478328214 0
    endloop
  endfacet
  facet normal -0.8986744656939505 0.4386162385385348 0
    outer loop
      vertex 44.68035447055921 -22.099393169146577 0
      vertex 44.52723141459644 -22.41312478328214 0
      vertex 44.52723141459644 -22.41312478328214 60
    endloop
  endfacet
  facet normal -0.8986744656939554 0.4386162385385246 -6.586797684839406e-17
    outer loop
      vertex 44.68035447055921 -22.099393169146577 0
      vertex 44.52723141459644 -22.41312478328214 60
      vertex 45.06386626220365 -21.313621407499564 0
    endloop
  endfacet
  facet normal -0.909167983090522 0.4164295600976381 0
    outer loop
      vertex 45.57335632182101 -20.201279503148744 0
      vertex 45.06386626220365 -21.313621407499564 0
      vertex 45.06386626220365 -21.313621407499564 60
    endloop
  endfacet
  facet normal -0.9191138516900589 0.39399204006104543 0
    outer loop
      vertex 46.055394695687646 -19.076769103399727 0
      vertex 45.57335632182101 -20.201279503148744 0
      vertex 45.57335632182101 -20.201279503148744 60
    endloop
  endfacet
  facet normal -0.9285060804732156 0.37131719395183743 0
    outer loop
      vertex 46.38062720176422 -18.263501190202014 0
      vertex 46.055394695687646 -19.076769103399727 0
      vertex 46.055394695687646 -19.076769103399727 60
    endloop
  endfacet
  facet normal -0.9285060804732159 0.3713171939518367 -1.1312496504938138e-17
    outer loop
      vertex 46.38062720176422 -18.263501190202014 0
      vertex 46.055394695687646 -19.076769103399727 60
      vertex 46.509691021911735 -17.94076757126916 0
    endloop
  endfacet
  facet normal -0.9373390119125748 0.34841868024943456 0
    outer loop
      vertex 46.63160914145425 -17.612775370551315 0
      vertex 46.509691021911735 -17.94076757126916 0
      vertex 46.509691021911735 -17.94076757126916 60
    endloop
  endfacet
  facet normal -0.9373390119125732 0.34841868024943934 2.965495658086142e-17
    outer loop
      vertex 46.63160914145425 -17.612775370551315 0
      vertex 46.509691021911735 -17.94076757126916 60
      vertex 46.93597164937359 -16.79395919160217 0
    endloop
  endfacet
  facet normal -0.9456073253805221 0.3253102921622606 0
    outer loop
      vertex 47.30078565759638 -15.733523026844031 0
      vertex 46.93597164937359 -16.79395919160217 0
      vertex 46.93597164937359 -16.79395919160217 60
    endloop
  endfacet
  facet normal -0.9456073253805222 0.32531029216226043 -4.533517593621836e-18
    outer loop
      vertex 47.30078565759638 -15.733523026844031 0
      vertex 46.93597164937359 -16.79395919160217 60
      vertex 47.33397980256288 -15.637034758884743 0
    endloop
  endfacet
  facet normal -0.9533060403541962 0.3020059493192208 0
    outer loop
      vertex 47.571090566872286 -14.888575583299982 0
      vertex 47.33397980256288 -15.637034758884743 0
      vertex 47.33397980256288 -15.637034758884743 60
    endloop
  endfacet
  facet normal -0.9533060403541931 0.3020059493192303 1.3085696283752925e-16
    outer loop
      vertex 47.571090566872286 -14.888575583299982 0
      vertex 47.33397980256288 -15.637034758884743 60
      vertex 47.70347573625061 -14.470691161134948 0
    endloop
  endfacet
  facet normal -0.9604305194155653 0.27851968938505484 0
    outer loop
      vertex 48.04423687990268 -13.295630960123686 0
      vertex 47.70347573625061 -14.470691161134948 0
      vertex 47.70347573625061 -14.470691161134948 60
    endloop
  endfacet
  facet normal -0.9669764710448526 0.25486565960451285 0
    outer loop
      vertex 48.1924518888387 -12.733293819375767 0
      vertex 48.04423687990268 -13.295630960123686 0
      vertex 48.04423687990268 -13.295630960123686 60
    endloop
  endfacet
  facet normal -0.9669764710448528 0.2548656596045123 -5.765020437046584e-18
    outer loop
      vertex 48.1924518888387 -12.733293819375767 0
      vertex 48.04423687990268 -13.295630960123686 60
      vertex 48.356057971748015 -12.112561968177705 0
    endloop
  endfacet
  facet normal -0.9729399522055618 0.23105810828066417 0
    outer loop
      vertex 48.42509255179792 -11.821871018121557 0
      vertex 48.356057971748015 -12.112561968177705 0
      vertex 48.356057971748015 -12.112561968177705 60
    endloop
  endfacet
  facet normal -0.9729399522055588 0.23105810828067677 6.453413171837633e-17
    outer loop
      vertex 48.42509255179792 -11.821871018121557 0
      vertex 48.356057971748015 -12.112561968177705 60
      vertex 48.63875118242065 -10.92219682181996 0
    endloop
  endfacet
  facet normal -0.9783173707196273 0.20711137619222025 0
    outer loop
      vertex 48.89214622810104 -9.725252552503994 0
      vertex 48.63875118242065 -10.92219682181996 0
      vertex 48.63875118242065 -10.92219682181996 60
    endloop
  endfacet
  facet normal -0.9831054874312171 0.1830398879551365 0
    outer loop
      vertex 49.11609047308872 -8.522450154701016 0
      vertex 48.89214622810104 -9.725252552503994 0
      vertex 48.89214622810104 -9.725252552503994 60
    endloop
  endfacet
  facet normal -0.9873014181578579 0.15885814333386472 0
    outer loop
      vertex 49.31044902174433 -7.314514151599783 0
      vertex 49.11609047308872 -8.522450154701016 0
      vertex 49.11609047308872 -8.522450154701016 60
    endloop
  endfacet
  facet normal -0.9909026354277802 0.1345807085071254 0
    outer loop
      vertex 49.475104799745694 -6.102172158680927 0
      vertex 49.31044902174433 -7.314514151599783 0
      vertex 49.31044902174433 -7.314514151599783 60
    endloop
  endfacet
  facet normal -0.9939069700023554 0.11022220729388808 0
    outer loop
      vertex 49.60995862460902 -4.886154445428597 0
      vertex 49.475104799745694 -6.102172158680927 0
      vertex 49.475104799745694 -6.102172158680927 60
    endloop
  endfacet
  facet normal -0.9963126121827783 0.08579731234443558 0
    outer loop
      vertex 49.60995862460902 -4.886154445428597 60
      vertex 49.71492926543271 -3.667193495443421 0
      vertex 49.60995862460902 -4.886154445428597 0
    endloop
  endfacet
  facet normal -0.9981181129001493 0.061320736302208516 0
    outer loop
      vertex 49.71492926543271 -3.667193495443421 60
      vertex 49.789953491827845 -2.4460235652217883 0
      vertex 49.71492926543271 -3.667193495443421 0
    endloop
  endfacet
  facet normal -0.9993223845883494 0.03680722294136311 0
    outer loop
      vertex 49.83498611200579 -1.2233802418671775 0
      vertex 49.789953491827845 -2.4460235652217883 0
      vertex 49.789953491827845 -2.4460235652217883 60
    endloop
  endfacet
  facet normal -0.9999247018391445 0.012271538285715955 0
    outer loop
      vertex 49.83498611200579 -1.2233802418671775 0
      vertex 49.83498611200579 -1.2233802418671775 60
      vertex 49.85 0 0
    endloop
  endfacet
  facet normal -0.012271538285715955 0.9999247018391445 0
    outer loop
      vertex 1.2233802418671775 -49.83498611200579 0
      vertex 0 -49.85 60
      vertex 1.2233802418671775 -49.83498611200579 60
    endloop
  endfacet
  facet normal -0.03680722294136311 0.9993223845883494 0
    outer loop
      vertex 2.4460235652217883 -49.789953491827845 0
      vertex 1.2233802418671775 -49.83498611200579 60
      vertex 2.4460235652217883 -49.789953491827845 60
    endloop
  endfacet
  facet normal -0.061320736302208516 0.9981181129001493 0
    outer loop
      vertex 3.667193495443421 -49.71492926543271 0
      vertex 2.4460235652217883 -49.789953491827845 60
      vertex 3.667193495443421 -49.71492926543271 60
    endloop
  endfacet
  facet normal -0.08579731234443558 0.9963126121827783 0
    outer loop
      vertex 4.886154445428597 -49.60995862460902 0
      vertex 3.667193495443421 -49.71492926543271 60
      vertex 4.886154445428597 -49.60995862460902 60
    endloop
  endfacet
  facet normal -0.11022220729388808 0.9939069700023554 0
    outer loop
      vertex 6.102172158680927 -49.475104799745694 0
      vertex 4.886154445428597 -49.60995862460902 60
      vertex 6.102172158680927 -49.475104799745694 60
    endloop
  endfacet
  facet normal -0.1345807085071254 0.9909026354277802 0
    outer loop
      vertex 7.314514151599783 -49.31044902174433 0
      vertex 6.102172158680927 -49.475104799745694 60
      vertex 7.314514151599783 -49.31044902174433 60
    endloop
  endfacet
  facet normal -0.15885814333386472 0.9873014181578579 0
    outer loop
      vertex 8.522450154701016 -49.11609047308872 0
      vertex 7.314514151599783 -49.31044902174433 60
      vertex 8.522450154701016 -49.11609047308872 60
    endloop
  endfacet
  facet normal -0.1830398879551365 0.9831054874312171 0
    outer loop
      vertex 9.725252552503994 -48.89214622810104 0
      vertex 8.522450154701016 -49.11609047308872 60
      vertex 9.725252552503994 -48.89214622810104 60
    endloop
  endfacet
  facet normal -0.20711137619222025 0.9783173707196273 0
    outer loop
      vertex 10.92219682181996 -48.63875118242065 0
      vertex 9.725252552503994 -48.89214622810104 60
      vertex 10.92219682181996 -48.63875118242065 60
    endloop
  endfacet
  facet normal -0.2310581082806737 0.9729399522055595 0
    outer loop
      vertex 12.112561968177705 -48.356057971748015 0
      vertex 10.92219682181996 -48.63875118242065 60
      vertex 12.112561968177705 -48.356057971748015 60
    endloop
  endfacet
  facet normal -0.2548656596045125 0.9669764710448527 0
    outer loop
      vertex 13.295630960123686 -48.04423687990268 0
      vertex 12.112561968177705 -48.356057971748015 60
      vertex 13.295630960123686 -48.04423687990268 60
    endloop
  endfacet
  facet normal -0.27851968938505484 0.9604305194155653 0
    outer loop
      vertex 14.470691161134948 -47.70347573625061 0
      vertex 13.295630960123686 -48.04423687990268 60
      vertex 14.470691161134948 -47.70347573625061 60
    endloop
  endfacet
  facet normal -0.3020059493192242 0.9533060403541951 0
    outer loop
      vertex 15.637034758884743 -47.33397980256288 0
      vertex 14.470691161134948 -47.70347573625061 60
      vertex 15.637034758884743 -47.33397980256288 60
    endloop
  endfacet
  facet normal -0.3253102921622606 0.9456073253805222 0
    outer loop
      vertex 16.79395919160217 -46.93597164937359 0
      vertex 15.637034758884743 -47.33397980256288 60
      vertex 16.79395919160217 -46.93597164937359 60
    endloop
  endfacet
  facet normal -0.348418680249438 0.9373390119125737 0
    outer loop
      vertex 17.94076757126916 -46.509691021911735 0
      vertex 16.79395919160217 -46.93597164937359 60
      vertex 17.94076757126916 -46.509691021911735 60
    endloop
  endfacet
  facet normal -0.37131719395183715 0.9285060804732156 0
    outer loop
      vertex 19.076769103399727 -46.055394695687646 0
      vertex 17.94076757126916 -46.509691021911735 60
      vertex 19.076769103399727 -46.055394695687646 60
    endloop
  endfacet
  facet normal -0.39399204006104543 0.9191138516900589 0
    outer loop
      vertex 20.201279503148744 -45.57335632182101 0
      vertex 19.076769103399727 -46.055394695687646 60
      vertex 20.201279503148744 -45.57335632182101 60
    endloop
  endfacet
  facet normal -0.4164295600976381 0.909167983090522 0
    outer loop
      vertex 21.313621407499564 -45.06386626220365 0
      vertex 20.201279503148744 -45.57335632182101 60
      vertex 21.313621407499564 -45.06386626220365 60
    endloop
  endfacet
  facet normal -0.43861623853852755 0.8986744656939539 0
    outer loop
      vertex 22.41312478328214 -44.52723141459644 0
      vertex 21.313621407499564 -45.06386626220365 60
      vertex 22.41312478328214 -44.52723141459644 60
    endloop
  endfacet
  facet normal -0.4605387109582412 0.8876396204028533 0
    outer loop
      vertex 23.499127330775984 -43.9637750277655 0
      vertex 22.41312478328214 -44.52723141459644 60
      vertex 23.499127330775984 -43.9637750277655 60
    endloop
  endfacet
  facet normal -0.4821837720791234 0.8760700941954062 0
    outer loop
      vertex 24.570974882654735 -43.373836506769265 0
      vertex 23.499127330775984 -43.9637750277655 60
      vertex 24.570974882654735 -43.373836506769265 60
    endloop
  endfacet
  facet normal -0.5035383837257195 0.8639728561215856 0
    outer loop
      vertex 25.628021798032105 -42.75777120851356 0
      vertex 24.570974882654735 -43.373836506769265 60
      vertex 25.628021798032105 -42.75777120851356 60
    endloop
  endfacet
  facet normal -0.5245896826784664 0.8513551931052666 0
    outer loop
      vertex 26.669631351371795 -42.1159502276979 0
      vertex 25.628021798032105 -42.75777120851356 60
      vertex 26.669631351371795 -42.1159502276979 60
    endloop
  endfacet
  facet normal -0.5453249884220466 0.838224705554838 0
    outer loop
      vertex 27.69517611602717 -41.44876017328188 0
      vertex 26.669631351371795 -42.1159502276979 60
      vertex 27.69517611602717 -41.44876017328188 60
    endloop
  endfacet
  facet normal -0.5657318107836113 0.8245893027850265 0
    outer loop
      vertex 28.70403834217959 -40.75660293560645 0
      vertex 27.69517611602717 -41.44876017328188 60
      vertex 28.70403834217959 -40.75660293560645 60
    endloop
  endfacet
  facet normal -0.5857978574564382 0.8104571982525954 0
    outer loop
      vertex 29.695610328947804 -40.039895444310154 0
      vertex 28.70403834217959 -40.75660293560645 60
      vertex 29.695610328947804 -40.039895444310154 60
    endloop
  endfacet
  facet normal -0.6055110414043287 0.7958369046088811 0
    outer loop
      vertex 30.669294790444248 -39.299069417186324 0
      vertex 29.695610328947804 -40.039895444310154 60
      vertex 30.669294790444248 -39.299069417186324 60
    endloop
  endfacet
  facet normal -0.6248594881423859 0.7807372285720947 0
    outer loop
      vertex 31.62450521555773 -38.53457110013244 0
      vertex 30.669294790444248 -39.299069417186324 60
      vertex 31.62450521555773 -38.53457110013244 60
    endloop
  endfacet
  facet normal -0.6438315428897917 0.7651672656224587 0
    outer loop
      vertex 32.560666221245775 -37.746860998348254 0
      vertex 31.62450521555773 -38.53457110013244 60
      vertex 32.560666221245775 -37.746860998348254 60
    endloop
  endfacet
  facet normal -0.6624157775901726 0.7491363945234588 0
    outer loop
      vertex 33.47721389912387 -36.93641359894471 0
      vertex 32.560666221245775 -37.746860998348254 60
      vertex 33.47721389912387 -36.93641359894471 60
    endloop
  endfacet
  facet normal -0.6806009977954508 0.732654271672415 0
    outer loop
      vertex 34.373596155142785 -36.10371708513063 0
      vertex 33.47721389912387 -36.93641359894471 60
      vertex 34.373596155142785 -36.10371708513063 60
    endloop
  endfacet
  facet normal -0.6983762494089724 0.715730825283819 0
    outer loop
      vertex 35.2492730421494 -35.2492730421494 0
      vertex 34.373596155142785 -36.10371708513063 60
      vertex 35.2492730421494 -35.2492730421494 60
    endloop
  endfacet
  facet normal -0.715730825283819 0.6983762494089724 0
    outer loop
      vertex 35.2492730421494 -35.2492730421494 60
      vertex 36.10371708513063 -34.373596155142785 60
      vertex 36.10371708513063 -34.373596155142785 0
    endloop
  endfacet
  facet normal -0.732654271672415 0.6806009977954508 0
    outer loop
      vertex 36.93641359894471 -33.47721389912387 0
      vertex 36.10371708513063 -34.373596155142785 60
      vertex 36.93641359894471 -33.47721389912387 60
    endloop
  endfacet
  facet normal -0.7491363945234588 0.6624157775901726 0
    outer loop
      vertex 36.93641359894471 -33.47721389912387 60
      vertex 37.746860998348254 -32.560666221245775 60
      vertex 37.746860998348254 -32.560666221245775 0
    endloop
  endfacet
  facet normal -0.7651672656224587 0.6438315428897917 0
    outer loop
      vertex 37.746860998348254 -32.560666221245775 60
      vertex 38.53457110013244 -31.62450521555773 60
      vertex 38.53457110013244 -31.62450521555773 0
    endloop
  endfacet
  facet normal -0.7807372285720947 0.6248594881423859 0
    outer loop
      vertex 38.53457110013244 -31.62450521555773 60
      vertex 39.299069417186324 -30.669294790444248 60
      vertex 39.299069417186324 -30.669294790444248 0
    endloop
  endfacet
  facet normal -0.7958369046088811 0.6055110414043287 0
    outer loop
      vertex 39.299069417186324 -30.669294790444248 60
      vertex 40.039895444310154 -29.695610328947804 60
      vertex 40.039895444310154 -29.695610328947804 0
    endloop
  endfacet
  facet normal -0.8104571982525954 0.5857978574564382 0
    outer loop
      vertex 40.039895444310154 -29.695610328947804 60
      vertex 40.75660293560645 -28.70403834217959 60
      vertex 40.75660293560645 -28.70403834217959 0
    endloop
  endfacet
  facet normal -0.8245893027850265 0.5657318107836113 0
    outer loop
      vertex 40.75660293560645 -28.70403834217959 60
      vertex 41.44876017328188 -27.69517611602717 60
      vertex 41.44876017328188 -27.69517611602717 0
    endloop
  endfacet
  facet normal -0.838224705554838 0.5453249884220466 0
    outer loop
      vertex 41.44876017328188 -27.69517611602717 60
      vertex 42.1159502276979 -26.669631351371795 60
      vertex 42.1159502276979 -26.669631351371795 0
    endloop
  endfacet
  facet normal -0.8513551931052666 0.5245896826784664 0
    outer loop
      vertex 42.1159502276979 -26.669631351371795 60
      vertex 42.75777120851356 -25.628021798032105 60
      vertex 42.75777120851356 -25.628021798032105 0
    endloop
  endfacet
  facet normal -0.8639728561215856 0.5035383837257195 0
    outer loop
      vertex 42.75777120851356 -25.628021798032105 60
      vertex 43.373836506769265 -24.570974882654735 60
      vertex 43.373836506769265 -24.570974882654735 0
    endloop
  endfacet
  facet normal -0.8760700941954062 0.4821837720791234 0
    outer loop
      vertex 43.373836506769265 -24.570974882654735 60
      vertex 43.9637750277655 -23.499127330775984 60
      vertex 43.9637750277655 -23.499127330775984 0
    endloop
  endfacet
  facet normal -0.8876396204028533 0.4605387109582412 0
    outer loop
      vertex 43.9637750277655 -23.499127330775984 60
      vertex 44.52723141459644 -22.41312478328214 60
      vertex 44.52723141459644 -22.41312478328214 0
    endloop
  endfacet
  facet normal -0.8986744656939539 0.43861623853852755 0
    outer loop
      vertex 44.52723141459644 -22.41312478328214 60
      vertex 45.06386626220365 -21.313621407499564 60
      vertex 45.06386626220365 -21.313621407499564 0
    endloop
  endfacet
  facet normal -0.909167983090522 0.4164295600976381 0
    outer loop
      vertex 45.06386626220365 -21.313621407499564 60
      vertex 45.57335632182101 -20.201279503148744 60
      vertex 45.57335632182101 -20.201279503148744 0
    endloop
  endfacet
  facet normal -0.9191138516900589 0.39399204006104543 0
    outer loop
      vertex 45.57335632182101 -20.201279503148744 60
      vertex 46.055394695687646 -19.076769103399727 60
      vertex 46.055394695687646 -19.076769103399727 0
    endloop
  endfacet
  facet normal -0.9285060804732156 0.37131719395183715 0
    outer loop
      vertex 46.055394695687646 -19.076769103399727 60
      vertex 46.509691021911735 -17.94076757126916 60
      vertex 46.509691021911735 -17.94076757126916 0
    endloop
  endfacet
  facet normal -0.9373390119125737 0.348418680249438 0
    outer loop
      vertex 46.509691021911735 -17.94076757126916 60
      vertex 46.93597164937359 -16.79395919160217 60
      vertex 46.93597164937359 -16.79395919160217 0
    endloop
  endfacet
  facet normal -0.9456073253805222 0.3253102921622606 0
    outer loop
      vertex 46.93597164937359 -16.79395919160217 60
      vertex 47.33397980256288 -15.637034758884743 60
      vertex 47.33397980256288 -15.637034758884743 0
    endloop
  endfacet
  facet normal -0.9533060403541951 0.3020059493192242 0
    outer loop
      vertex 47.33397980256288 -15.637034758884743 60
      vertex 47.70347573625061 -14.470691161134948 60
      vertex 47.70347573625061 -14.470691161134948 0
    endloop
  endfacet
  facet normal -0.9604305194155653 0.27851968938505484 0
    outer loop
      vertex 47.70347573625061 -14.470691161134948 60
      vertex 48.04423687990268 -13.295630960123686 60
      vertex 48.04423687990268 -13.295630960123686 0
    endloop
  endfacet
  facet normal -0.9669764710448527 0.2548656596045125 0
    outer loop
      vertex 48.04423687990268 -13.295630960123686 60
      vertex 48.356057971748015 -12.112561968177705 60
      vertex 48.356057971748015 -12.112561968177705 0
    endloop
  endfacet
  facet normal -0.9729399522055595 0.2310581082806737 0
    outer loop
      vertex 48.356057971748015 -12.112561968177705 60
      vertex 48.63875118242065 -10.92219682181996 60
      vertex 48.63875118242065 -10.92219682181996 0
    endloop
  endfacet
  facet normal -0.9783173707196273 0.20711137619222025 0
    outer loop
      vertex 48.63875118242065 -10.92219682181996 60
      vertex 48.89214622810104 -9.725252552503994 60
      vertex 48.89214622810104 -9.725252552503994 0
    endloop
  endfacet
  facet normal -0.9831054874312171 0.1830398879551365 0
    outer loop
      vertex 49.11609047308872 -8.522450154701016 0
      vertex 48.89214622810104 -9.725252552503994 60
      vertex 49.11609047308872 -8.522450154701016 60
    endloop
  endfacet
  facet normal -0.9873014181578579 0.15885814333386472 0
    outer loop
      vertex 49.11609047308872 -8.522450154701016 60
      vertex 49.31044902174433 -7.314514151599783 60
      vertex 49.31044902174433 -7.314514151599783 0
    endloop
  endfacet
  facet normal -0.9909026354277802 0.1345807085071254 0
    outer loop
      vertex 49.31044902174433 -7.314514151599783 60
      vertex 49.475104799745694 -6.102172158680927 60
      vertex 49.475104799745694 -6.102172158680927 0
    endloop
  endfacet
  facet normal -0.9939069700023554 0.11022220729388808 0
    outer loop
      vertex 49.475104799745694 -6.102172158680927 60
      vertex 49.60995862460902 -4.886154445428597 60
      vertex 49.60995862460902 -4.886154445428597 0
    endloop
  endfacet
  facet normal -0.9963126121827783 0.08579731234443558 0
    outer loop
      vertex 49.60995862460902 -4.886154445428597 60
      vertex 49.71492926543271 -3.667193495443421 60
      vertex 49.71492926543271 -3.667193495443421 0
    endloop
  endfacet
  facet normal -0.9981181129001493 0.061320736302208516 0
    outer loop
      vertex 49.71492926543271 -3.667193495443421 60
      vertex 49.789953491827845 -2.4460235652217883 60
      vertex 49.789953491827845 -2.4460235652217883 0
    endloop
  endfacet
  facet normal -0.9993223845883494 0.03680722294136311 0
    outer loop
      vertex 49.789953491827845 -2.4460235652217883 60
      vertex 49.83498611200579 -1.2233802418671775 60
      vertex 49.83498611200579 -1.2233802418671775 0
    endloop
  endfacet
  facet normal -0.9999247018391445 0.012271538285715955 0
    outer loop
      vertex 49.83498611200579 -1.2233802418671775 60
      vertex 49.85 0 60
      vertex 49.85 0 0
    endloop
  endfacet
  facet normal -0.012271538285715955 -0.9999247018391445 0
    outer loop
      vertex 1.2233802418671775 49.83498611200579 0
      vertex 1.2233802418671775 49.83498611200579 60
      vertex 0 49.85 0
    endloop
  endfacet
  facet normal -0.03680722294136311 -0.9993223845883494 0
    outer loop
      vertex 2.4460235652217883 49.789953491827845 0
      vertex 2.4460235652217883 49.789953491827845 60
      vertex 1.2233802418671775 49.83498611200579 0
    endloop
  endfacet
  facet normal -0.061320736302208516 -0.9981181129001493 0
    outer loop
      vertex 3.667193495443421 49.71492926543271 0
      vertex 3.667193495443421 49.71492926543271 60
      vertex 2.4460235652217883 49.789953491827845 0
    endloop
  endfacet
  facet normal -0.08579731234443558 -0.9963126121827783 0
    outer loop
      vertex 4.886154445428597 49.60995862460902 0
      vertex 4.886154445428597 49.60995862460902 60
      vertex 3.667193495443421 49.71492926543271 0
    endloop
  endfacet
  facet normal -0.1102222072938906 -0.9939069700023552 5.1807071095480214e-17
    outer loop
      vertex 4.886154445428597 49.60995862460902 0
      vertex 5.755879056629516 49.513507981563265 0
      vertex 6.102172158680927 49.475104799745694 60
    endloop
  endfacet
  facet normal -0.11022220729389517 -0.9939069700023546 7.844208330666309e-17
    outer loop
      vertex 5.755879056629516 49.513507981563265 0
      vertex 5.775111520518538 49.51137514148313 0
      vertex 6.102172158680927 49.475104799745694 60
    endloop
  endfacet
  facet normal -0.11022220729388096 -0.9939069700023563 0
    outer loop
      vertex 6.102172158680927 49.475104799745694 0
      vertex 6.102172158680927 49.475104799745694 60
      vertex 5.775111520518538 49.51137514148313 0
    endloop
  endfacet
  facet normal -0.1345807085071258 -0.9909026354277801 8.207585164197426e-18
    outer loop
      vertex 6.102172158680927 49.475104799745694 0
      vertex 7.219150030374288 49.32340102181157 0
      vertex 7.314514151599783 49.31044902174433 60
    endloop
  endfacet
  facet normal -0.13458070850717774 -0.990902635427773 9.242959171209871e-17
    outer loop
      vertex 7.219150030374288 49.32340102181157 0
      vertex 7.245234699328062 49.3198582991429 0
      vertex 7.314514151599783 49.31044902174433 60
    endloop
  endfacet
  facet normal -0.13458070850709916 -0.9909026354277839 0
    outer loop
      vertex 7.314514151599783 49.31044902174433 0
      vertex 7.314514151599783 49.31044902174433 60
      vertex 7.245234699328062 49.3198582991429 0
    endloop
  endfacet
  facet normal -0.20711137619222025 -0.9783173707196273 0
    outer loop
      vertex 10.92219682181996 48.63875118242065 0
      vertex 10.92219682181996 48.63875118242065 60
      vertex 9.725252552503994 48.89214622810104 0
    endloop
  endfacet
  facet normal -0.15885814333386472 -0.9873014181578579 0
    outer loop
      vertex 8.522450154701016 49.11609047308872 0
      vertex 8.522450154701016 49.11609047308872 60
      vertex 7.314514151599783 49.31044902174433 0
    endloop
  endfacet
  facet normal -0.1830398879551365 -0.9831054874312171 0
    outer loop
      vertex 9.725252552503994 48.89214622810104 0
      vertex 9.725252552503994 48.89214622810104 60
      vertex 8.522450154701016 49.11609047308872 0
    endloop
  endfacet
  facet normal -0.2310581082806737 -0.9729399522055595 0
    outer loop
      vertex 12.112561968177705 48.356057971748015 0
      vertex 12.112561968177705 48.356057971748015 60
      vertex 10.92219682181996 48.63875118242065 0
    endloop
  endfacet
  facet normal -0.25486565960451435 -0.9669764710448522 3.951667780602726e-17
    outer loop
      vertex 12.112561968177705 48.356057971748015 0
      vertex 13.018137033381382 48.117375859798436 0
      vertex 13.295630960123686 48.04423687990268 60
    endloop
  endfacet
  facet normal -0.2548656596046206 -0.9669764710448241 5.64361082492353e-16
    outer loop
      vertex 13.018137033381382 48.117375859798436 0
      vertex 13.036961446748668 48.1124143155694 0
      vertex 13.295630960123686 48.04423687990268 60
    endloop
  endfacet
  facet normal -0.2548656596044982 -0.9669764710448563 0
    outer loop
      vertex 13.295630960123686 48.04423687990268 0
      vertex 13.295630960123686 48.04423687990268 60
      vertex 13.036961446748668 48.1124143155694 0
    endloop
  endfacet
  facet normal -0.30200594931832864 -0.9533060403544789 0
    outer loop
      vertex 14.472539487693295 47.7028901891196 0
      vertex 14.470691161134948 47.70347573625061 60
      vertex 14.470691161134948 47.70347573625061 0
    endloop
  endfacet
  facet normal -0.2785196893850711 -0.9604305194155607 0
    outer loop
      vertex 14.470691161134948 47.70347573625061 0
      vertex 14.470691161134948 47.70347573625061 60
      vertex 14.450043067328538 47.70946357249394 0
    endloop
  endfacet
  facet normal -0.2785196893850545 -0.9604305194155653 -6.1577783159236174e-18
    outer loop
      vertex 13.295630960123686 48.04423687990268 0
      vertex 14.450043067328538 47.70946357249394 0
      vertex 14.470691161134948 47.70347573625061 60
    endloop
  endfacet
  facet normal -0.43861623853868364 -0.8986744656938777 3.0769527548426462e-15
    outer loop
      vertex 21.45886964276448 44.99297492497504 0
      vertex 21.48326505276712 44.98106825200119 0
      vertex 22.41312478328214 44.52723141459644 60
    endloop
  endfacet
  facet normal -0.43861623853852844 -0.8986744656939534 2.0034963968910373e-17
    outer loop
      vertex 21.313621407499564 45.06386626220365 0
      vertex 21.45886964276448 44.99297492497504 0
      vertex 22.41312478328214 44.52723141459644 60
    endloop
  endfacet
  facet normal -0.4386162385385233 -0.8986744656939559 0
    outer loop
      vertex 22.41312478328214 44.52723141459644 0
      vertex 22.41312478328214 44.52723141459644 60
      vertex 21.48326505276712 44.98106825200119 0
    endloop
  endfacet
  facet normal -0.4605387109582412 -0.8876396204028533 0
    outer loop
      vertex 23.499127330775984 43.9637750277655 0
      vertex 23.499127330775984 43.9637750277655 60
      vertex 22.41312478328214 44.52723141459644 0
    endloop
  endfacet
  facet normal -0.4821837720791234 -0.8760700941954062 0
    outer loop
      vertex 23.499127330775984 43.9637750277655 0
      vertex 24.570974882654735 43.373836506769265 0
      vertex 24.570974882654735 43.373836506769265 60
    endloop
  endfacet
  facet normal -0.5035383837257195 -0.8639728561215856 0
    outer loop
      vertex 25.628021798032105 42.75777120851356 0
      vertex 25.628021798032105 42.75777120851356 60
      vertex 24.570974882654735 43.373836506769265 0
    endloop
  endfacet
  facet normal -0.5657318107836514 -0.8245893027849991 5.35661918752001e-16
    outer loop
      vertex 28.139342014695696 41.144028136019955 0
      vertex 28.18562903972539 41.1122716696222 0
      vertex 28.70403834217959 40.75660293560645 60
    endloop
  endfacet
  facet normal -0.5657318107836095 -0.8245893027850278 -4.6375139857668034e-17
    outer loop
      vertex 27.69517611602717 41.44876017328188 0
      vertex 28.139342014695696 41.144028136019955 0
      vertex 28.70403834217959 40.75660293560645 60
    endloop
  endfacet
  facet normal -0.5657318107836092 -0.8245893027850278 0
    outer loop
      vertex 28.70403834217959 40.75660293560645 0
      vertex 28.70403834217959 40.75660293560645 60
      vertex 28.18562903972539 41.1122716696222 0
    endloop
  endfacet
  facet normal -0.5857978574564382 -0.8104571982525954 0
    outer loop
      vertex 29.695610328947804 40.039895444310154 0
      vertex 29.695610328947804 40.039895444310154 60
      vertex 28.70403834217959 40.75660293560645 0
    endloop
  endfacet
  facet normal -0.5453249884220451 -0.838224705554839 -3.645330850660447e-17
    outer loop
      vertex 26.669631351371795 42.1159502276979 0
      vertex 26.834506117358334 42.00868742661739 0
      vertex 27.69517611602717 41.44876017328188 60
    endloop
  endfacet
  facet normal -0.5453249884220007 -0.8382247055548678 -9.419895815784413e-16
    outer loop
      vertex 26.834506117358334 42.00868742661739 0
      vertex 26.858175187148515 41.993289007644826 0
      vertex 27.69517611602717 41.44876017328188 60
    endloop
  endfacet
  facet normal -0.5245896826784664 -0.8513551931052666 0
    outer loop
      vertex 26.669631351371795 42.1159502276979 0
      vertex 26.669631351371795 42.1159502276979 60
      vertex 25.628021798032105 42.75777120851356 0
    endloop
  endfacet
  facet normal -0.5453249884220481 -0.8382247055548369 0
    outer loop
      vertex 27.69517611602717 41.44876017328188 0
      vertex 27.69517611602717 41.44876017328188 60
      vertex 26.858175187148515 41.993289007644826 0
    endloop
  endfacet
  facet normal -0.30200594931922564 -0.9533060403541946 0
    outer loop
      vertex 15.637034758884743 47.33397980256288 0
      vertex 15.637034758884743 47.33397980256288 60
      vertex 14.472539487693295 47.7028901891196 0
    endloop
  endfacet
  facet normal -0.32531029216226154 -0.9456073253805218 1.9464903626759454e-17
    outer loop
      vertex 15.637034758884743 47.33397980256288 0
      vertex 15.87299936071235 47.252802646358425 0
      vertex 16.79395919160217 46.93597164937359 60
    endloop
  endfacet
  facet normal -0.3253102921622695 -0.9456073253805191 1.565052297111348e-16
    outer loop
      vertex 15.997376617130307 47.21001405902659 0
      vertex 16.79395919160217 46.93597164937359 60
      vertex 15.87299936071235 47.252802646358425 0
    endloop
  endfacet
  facet normal -0.325310292162259 -0.9456073253805227 0
    outer loop
      vertex 16.79395919160217 46.93597164937359 0
      vertex 16.79395919160217 46.93597164937359 60
      vertex 15.997376617130307 47.21001405902659 0
    endloop
  endfacet
  facet normal -0.348418680249438 -0.9373390119125737 0
    outer loop
      vertex 17.94076757126916 46.509691021911735 0
      vertex 17.94076757126916 46.509691021911735 60
      vertex 16.79395919160217 46.93597164937359 0
    endloop
  endfacet
  facet normal -0.37131719395183715 -0.9285060804732156 0
    outer loop
      vertex 19.076769103399727 46.055394695687646 0
      vertex 19.076769103399727 46.055394695687646 60
      vertex 17.94076757126916 46.509691021911735 0
    endloop
  endfacet
  facet normal -0.39399204006104815 -0.9191138516900578 5.90136989937537e-17
    outer loop
      vertex 20.080022563036355 45.62533494135611 0
      vertex 20.201279503148744 45.57335632182101 60
      vertex 19.076769103399727 46.055394695687646 0
    endloop
  endfacet
  facet normal -0.3939920400611423 -0.9191138516900175 2.843102437533452e-16
    outer loop
      vertex 20.080022563036355 45.62533494135611 0
      vertex 20.09990755307608 45.616810939919354 0
      vertex 20.201279503148744 45.57335632182101 60
    endloop
  endfacet
  facet normal -0.3939920400610001 -0.9191138516900783 0
    outer loop
      vertex 20.201279503148744 45.57335632182101 0
      vertex 20.201279503148744 45.57335632182101 60
      vertex 20.09990755307608 45.616810939919354 0
    endloop
  endfacet
  facet normal -0.4164295600976381 -0.909167983090522 0
    outer loop
      vertex 21.313621407499564 45.06386626220365 0
      vertex 21.313621407499564 45.06386626220365 60
      vertex 20.201279503148744 45.57335632182101 0
    endloop
  endfacet
  facet normal -0.8986744656939539 -0.43861623853852755 0
    outer loop
      vertex 45.06386626220365 21.313621407499564 60
      vertex 44.52723141459644 22.41312478328214 0
      vertex 45.06386626220365 21.313621407499564 0
    endloop
  endfacet
  facet normal -0.8245893027850265 -0.5657318107836113 0
    outer loop
      vertex 40.75660293560645 28.70403834217959 0
      vertex 41.44876017328188 27.69517611602717 0
      vertex 41.44876017328188 27.69517611602717 60
    endloop
  endfacet
  facet normal -0.8104571982525954 -0.5857978574564382 0
    outer loop
      vertex 40.039895444310154 29.695610328947804 0
      vertex 40.75660293560645 28.70403834217959 0
      vertex 40.75660293560645 28.70403834217959 60
    endloop
  endfacet
  facet normal -0.8513551931052684 -0.5245896826784637 0
    outer loop
      vertex 42.417172305622366 26.180778846668357 0
      vertex 42.75777120851356 25.628021798032105 0
      vertex 42.75777120851356 25.628021798032105 60
    endloop
  endfacet
  facet normal -0.8513551931052594 -0.5245896826784783 -1.854925749512719e-16
    outer loop
      vertex 42.417172305622366 26.180778846668357 0
      vertex 42.75777120851356 25.628021798032105 60
      vertex 42.23074605408431 26.48332951172852 0
    endloop
  endfacet
  facet normal -0.8760700941954062 -0.4821837720791234 0
    outer loop
      vertex 43.373836506769265 24.570974882654735 0
      vertex 43.9637750277655 23.499127330775984 0
      vertex 43.9637750277655 23.499127330775984 60
    endloop
  endfacet
  facet normal -0.8876396204028533 -0.4605387109582412 0
    outer loop
      vertex 43.9637750277655 23.499127330775984 0
      vertex 44.52723141459644 22.41312478328214 0
      vertex 44.52723141459644 22.41312478328214 60
    endloop
  endfacet
  facet normal -0.8639728561215856 -0.5035383837257195 0
    outer loop
      vertex 42.75777120851356 25.628021798032105 0
      vertex 43.373836506769265 24.570974882654735 0
      vertex 43.373836506769265 24.570974882654735 60
    endloop
  endfacet
  facet normal -0.838224705554838 -0.5453249884220466 0
    outer loop
      vertex 41.44876017328188 27.69517611602717 0
      vertex 42.1159502276979 26.669631351371795 0
      vertex 42.1159502276979 26.669631351371795 60
    endloop
  endfacet
  facet normal -0.8513551931052735 -0.5245896826784553 2.6635642629615956e-16
    outer loop
      vertex 42.1159502276979 26.669631351371795 0
      vertex 42.23074605408431 26.48332951172852 0
      vertex 42.75777120851356 25.628021798032105 60
    endloop
  endfacet
  facet normal -0.9999247018391445 -0.012271538285715955 0
    outer loop
      vertex 49.85 0 0
      vertex 49.85 0 60
      vertex 49.83498611200579 1.2233802418671775 0
    endloop
  endfacet
  facet normal -0.9993223845883494 -0.03680722294136311 0
    outer loop
      vertex 49.83498611200579 1.2233802418671775 60
      vertex 49.789953491827845 2.4460235652217883 0
      vertex 49.83498611200579 1.2233802418671775 0
    endloop
  endfacet
  facet normal -0.9981181129001493 -0.061320736302208516 0
    outer loop
      vertex 49.71492926543271 3.667193495443421 0
      vertex 49.789953491827845 2.4460235652217883 0
      vertex 49.789953491827845 2.4460235652217883 60
    endloop
  endfacet
  facet normal -0.9963126121827783 -0.08579731234443558 0
    outer loop
      vertex 49.60995862460902 4.886154445428597 0
      vertex 49.71492926543271 3.667193495443421 0
      vertex 49.71492926543271 3.667193495443421 60
    endloop
  endfacet
  facet normal -0.9939069700023554 -0.11022220729388808 0
    outer loop
      vertex 49.60995862460902 4.886154445428597 60
      vertex 49.475104799745694 6.102172158680927 0
      vertex 49.60995862460902 4.886154445428597 0
    endloop
  endfacet
  facet normal -0.9909026354277802 -0.1345807085071254 0
    outer loop
      vertex 49.31044902174433 7.314514151599783 0
      vertex 49.475104799745694 6.102172158680927 0
      vertex 49.475104799745694 6.102172158680927 60
    endloop
  endfacet
  facet normal -0.9729399522055595 -0.2310581082806737 0
    outer loop
      vertex 48.356057971748015 12.112561968177705 0
      vertex 48.63875118242065 10.92219682181996 0
      vertex 48.63875118242065 10.92219682181996 60
    endloop
  endfacet
  facet normal -0.9669764710448527 -0.2548656596045125 0
    outer loop
      vertex 48.04423687990268 13.295630960123686 0
      vertex 48.356057971748015 12.112561968177705 0
      vertex 48.356057971748015 12.112561968177705 60
    endloop
  endfacet
  facet normal -0.9533060403541951 -0.3020059493192242 0
    outer loop
      vertex 47.33397980256288 15.637034758884743 0
      vertex 47.70347573625061 14.470691161134948 0
      vertex 47.70347573625061 14.470691161134948 60
    endloop
  endfacet
  facet normal -0.9604305194155653 -0.27851968938505484 0
    outer loop
      vertex 47.70347573625061 14.470691161134948 0
      vertex 48.04423687990268 13.295630960123686 0
      vertex 48.04423687990268 13.295630960123686 60
    endloop
  endfacet
  facet normal -0.9873014181578579 -0.15885814333386472 0
    outer loop
      vertex 49.11609047308872 8.522450154701016 0
      vertex 49.31044902174433 7.314514151599783 0
      vertex 49.31044902174433 7.314514151599783 60
    endloop
  endfacet
  facet normal -0.9831054874312171 -0.1830398879551365 0
    outer loop
      vertex 48.89214622810104 9.725252552503994 0
      vertex 49.11609047308872 8.522450154701016 0
      vertex 49.11609047308872 8.522450154701016 60
    endloop
  endfacet
  facet normal -0.9783173707196273 -0.20711137619222025 0
    outer loop
      vertex 48.63875118242065 10.92219682181996 0
      vertex 48.89214622810104 9.725252552503994 0
      vertex 48.89214622810104 9.725252552503994 60
    endloop
  endfacet
  facet normal -0.9373390119125737 -0.348418680249438 0
    outer loop
      vertex 46.509691021911735 17.94076757126916 0
      vertex 46.93597164937359 16.79395919160217 0
      vertex 46.93597164937359 16.79395919160217 60
    endloop
  endfacet
  facet normal -0.9285060804732156 -0.37131719395183715 0
    outer loop
      vertex 46.055394695687646 19.076769103399727 0
      vertex 46.509691021911735 17.94076757126916 0
      vertex 46.509691021911735 17.94076757126916 60
    endloop
  endfacet
  facet normal -0.9456073253805222 -0.3253102921622606 0
    outer loop
      vertex 46.93597164937359 16.79395919160217 0
      vertex 47.33397980256288 15.637034758884743 0
      vertex 47.33397980256288 15.637034758884743 60
    endloop
  endfacet
  facet normal -0.9191138516900589 -0.39399204006104543 0
    outer loop
      vertex 45.57335632182101 20.201279503148744 0
      vertex 46.055394695687646 19.076769103399727 0
      vertex 46.055394695687646 19.076769103399727 60
    endloop
  endfacet
  facet normal -0.9091679830905202 -0.41642956009764176 0
    outer loop
      vertex 45.27914426899999 20.843616657604077 0
      vertex 45.57335632182101 20.201279503148744 0
      vertex 45.57335632182101 20.201279503148744 60
    endloop
  endfacet
  facet normal -0.9091679830905247 -0.4164295600976318 1.3913372269313677e-16
    outer loop
      vertex 45.06386626220365 21.313621407499564 0
      vertex 45.20924384112741 20.99622645555209 0
      vertex 45.57335632182101 20.201279503148744 60
    endloop
  endfacet
  facet normal -0.9091679830905232 -0.41642956009763543 8.19875057148008e-17
    outer loop
      vertex 45.20924384112741 20.99622645555209 0
      vertex 45.27914426899999 20.843616657604077 0
      vertex 45.57335632182101 20.201279503148744 60
    endloop
  endfacet
  facet normal -0.6624157775901757 -0.7491363945234559 8.750018760118017e-17
    outer loop
      vertex 32.560666221245775 37.746860998348254 0
      vertex 33.17850547711579 37.20054329960233 0
      vertex 33.47721389912387 36.93641359894471 60
    endloop
  endfacet
  facet normal -0.6624157775901744 -0.7491363945234569 0
    outer loop
      vertex 33.47721389912387 36.93641359894471 0
      vertex 33.47721389912387 36.93641359894471 60
      vertex 33.32334906231393 37.07246692149631 0
    endloop
  endfacet
  facet normal -0.6624157775901566 -0.7491363945234727 -8.19447612751723e-17
    outer loop
      vertex 33.17850547711579 37.20054329960233 0
      vertex 33.32334906231393 37.07246692149631 0
      vertex 33.47721389912387 36.93641359894471 60
    endloop
  endfacet
  facet normal -0.7326542716724017 -0.6806009977954651 0
    outer loop
      vertex 36.82066199197084 33.60181834369131 0
      vertex 36.93641359894471 33.47721389912387 0
      vertex 36.93641359894471 33.47721389912387 60
    endloop
  endfacet
  facet normal -0.7326542716724288 -0.6806009977954358 1.1315043490884929e-16
    outer loop
      vertex 36.746751806962116 33.681381278424205 0
      vertex 36.82066199197084 33.60181834369131 0
      vertex 36.93641359894471 33.47721389912387 60
    endloop
  endfacet
  facet normal -0.7491363945234588 -0.6624157775901726 0
    outer loop
      vertex 36.93641359894471 33.47721389912387 0
      vertex 37.746860998348254 32.560666221245775 0
      vertex 37.746860998348254 32.560666221245775 60
    endloop
  endfacet
  facet normal -0.6983762494089724 -0.715730825283819 0
    outer loop
      vertex 34.373596155142785 36.10371708513063 0
      vertex 35.2492730421494 35.2492730421494 0
      vertex 35.2492730421494 35.2492730421494 60
    endloop
  endfacet
  facet normal -0.6806009977954508 -0.732654271672415 0
    outer loop
      vertex 34.373596155142785 36.10371708513063 0
      vertex 34.373596155142785 36.10371708513063 60
      vertex 33.47721389912387 36.93641359894471 0
    endloop
  endfacet
  facet normal -0.7157308252838175 -0.698376249408974 0
    outer loop
      vertex 35.60771942232459 34.881919307368314 0
      vertex 36.10371708513063 34.373596155142785 0
      vertex 36.10371708513063 34.373596155142785 60
    endloop
  endfacet
  facet normal -0.7157308252838216 -0.6983762494089698 7.447168762704144e-17
    outer loop
      vertex 35.57896689217412 34.911386334849574 0
      vertex 36.10371708513063 34.373596155142785 60
      vertex 35.2492730421494 35.2492730421494 0
    endloop
  endfacet
  facet normal -0.7157308252838163 -0.6983762494089751 -1.966302949113282e-17
    outer loop
      vertex 35.57896689217412 34.911386334849574 0
      vertex 35.60771942232459 34.881919307368314 0
      vertex 36.10371708513063 34.373596155142785 60
    endloop
  endfacet
  facet normal -0.7326542716724158 -0.6806009977954499 2.5460122511948375e-17
    outer loop
      vertex 36.10371708513063 34.373596155142785 0
      vertex 36.746751806962116 33.681381278424205 0
      vertex 36.93641359894471 33.47721389912387 60
    endloop
  endfacet
  facet normal -0.6248594881423859 -0.7807372285720947 0
    outer loop
      vertex 31.62450521555773 38.53457110013244 0
      vertex 31.62450521555773 38.53457110013244 60
      vertex 30.669294790444248 39.299069417186324 0
    endloop
  endfacet
  facet normal -0.6055110414043287 -0.7958369046088811 0
    outer loop
      vertex 30.669294790444248 39.299069417186324 0
      vertex 30.669294790444248 39.299069417186324 60
      vertex 29.695610328947804 40.039895444310154 0
    endloop
  endfacet
  facet normal -0.6438315428897924 -0.7651672656224583 1.7543098183065254e-17
    outer loop
      vertex 31.62450521555773 38.53457110013244 0
      vertex 31.947331627448712 38.26293660112618 0
      vertex 32.560666221245775 37.746860998348254 60
    endloop
  endfacet
  facet normal -0.6438315428897907 -0.7651672656224594 -1.119960124315586e-17
    outer loop
      vertex 31.947331627448712 38.26293660112618 0
      vertex 31.97498581241876 38.23966765409126 0
      vertex 32.560666221245775 37.746860998348254 60
    endloop
  endfacet
  facet normal -0.6438315428897915 -0.765167265622459 0
    outer loop
      vertex 32.560666221245775 37.746860998348254 0
      vertex 32.560666221245775 37.746860998348254 60
      vertex 31.97498581241876 38.23966765409126 0
    endloop
  endfacet
  facet normal -0.7807372285721044 -0.6248594881423741 1.389824841030662e-16
    outer loop
      vertex 39.013567197460226 31.026018527556392 0
      vertex 39.049443723766466 30.98119222620279 0
      vertex 39.299069417186324 30.669294790444248 60
    endloop
  endfacet
  facet normal -0.7807372285720913 -0.6248594881423903 0
    outer loop
      vertex 39.049443723766466 30.98119222620279 0
      vertex 39.299069417186324 30.669294790444248 0
      vertex 39.299069417186324 30.669294790444248 60
    endloop
  endfacet
  facet normal -0.7807372285720959 -0.6248594881423845 3.6811135727794664e-17
    outer loop
      vertex 39.013567197460226 31.026018527556392 0
      vertex 39.299069417186324 30.669294790444248 60
      vertex 38.53457110013244 31.62450521555773 0
    endloop
  endfacet
  facet normal -0.7651672656224587 -0.6438315428897917 0
    outer loop
      vertex 37.746860998348254 32.560666221245775 0
      vertex 38.53457110013244 31.62450521555773 0
      vertex 38.53457110013244 31.62450521555773 60
    endloop
  endfacet
  facet normal -0.7958369046088811 -0.6055110414043287 0
    outer loop
      vertex 39.299069417186324 30.669294790444248 0
      vertex 40.039895444310154 29.695610328947804 0
      vertex 40.039895444310154 29.695610328947804 60
    endloop
  endfacet
  facet normal -0.012271538285715955 -0.9999247018391445 0
    outer loop
      vertex 1.2233802418671775 49.83498611200579 60
      vertex 0 49.85 60
      vertex 0 49.85 0
    endloop
  endfacet
  facet normal -0.03680722294136311 -0.9993223845883494 0
    outer loop
      vertex 1.2233802418671775 49.83498611200579 0
      vertex 2.4460235652217883 49.789953491827845 60
      vertex 1.2233802418671775 49.83498611200579 60
    endloop
  endfacet
  facet normal -0.061320736302208516 -0.9981181129001493 0
    outer loop
      vertex 2.4460235652217883 49.789953491827845 0
      vertex 3.667193495443421 49.71492926543271 60
      vertex 2.4460235652217883 49.789953491827845 60
    endloop
  endfacet
  facet normal -0.08579731234443558 -0.9963126121827783 0
    outer loop
      vertex 3.667193495443421 49.71492926543271 0
      vertex 4.886154445428597 49.60995862460902 60
      vertex 3.667193495443421 49.71492926543271 60
    endloop
  endfacet
  facet normal -0.11022220729388808 -0.9939069700023554 0
    outer loop
      vertex 4.886154445428597 49.60995862460902 0
      vertex 6.102172158680927 49.475104799745694 60
      vertex 4.886154445428597 49.60995862460902 60
    endloop
  endfacet
  facet normal -0.1345807085071254 -0.9909026354277802 0
    outer loop
      vertex 6.102172158680927 49.475104799745694 0
      vertex 7.314514151599783 49.31044902174433 60
      vertex 6.102172158680927 49.475104799745694 60
    endloop
  endfacet
  facet normal -0.15885814333386472 -0.9873014181578579 0
    outer loop
      vertex 7.314514151599783 49.31044902174433 0
      vertex 8.522450154701016 49.11609047308872 60
      vertex 7.314514151599783 49.31044902174433 60
    endloop
  endfacet
  facet normal -0.1830398879551365 -0.9831054874312171 0
    outer loop
      vertex 8.522450154701016 49.11609047308872 0
      vertex 9.725252552503994 48.89214622810104 60
      vertex 8.522450154701016 49.11609047308872 60
    endloop
  endfacet
  facet normal -0.20711137619222025 -0.9783173707196273 0
    outer loop
      vertex 9.725252552503994 48.89214622810104 0
      vertex 10.92219682181996 48.63875118242065 60
      vertex 9.725252552503994 48.89214622810104 60
    endloop
  endfacet
  facet normal -0.2310581082806737 -0.9729399522055595 0
    outer loop
      vertex 10.92219682181996 48.63875118242065 0
      vertex 12.112561968177705 48.356057971748015 60
      vertex 10.92219682181996 48.63875118242065 60
    endloop
  endfacet
  facet normal -0.2548656596045125 -0.9669764710448527 0
    outer loop
      vertex 12.112561968177705 48.356057971748015 0
      vertex 13.295630960123686 48.04423687990268 60
      vertex 12.112561968177705 48.356057971748015 60
    endloop
  endfacet
  facet normal -0.27851968938505484 -0.9604305194155653 0
    outer loop
      vertex 13.295630960123686 48.04423687990268 0
      vertex 14.470691161134948 47.70347573625061 60
      vertex 13.295630960123686 48.04423687990268 60
    endloop
  endfacet
  facet normal -0.3020059493192242 -0.9533060403541951 -3.035864186633749e-17
    outer loop
      vertex 14.472539487693295 47.7028901891196 0
      vertex 15.637034758884743 47.33397980256288 60
      vertex 14.470691161134948 47.70347573625061 60
    endloop
  endfacet
  facet normal -0.43861623853852755 -0.8986744656939539 0
    outer loop
      vertex 21.313621407499564 45.06386626220365 0
      vertex 22.41312478328214 44.52723141459644 60
      vertex 21.313621407499564 45.06386626220365 60
    endloop
  endfacet
  facet normal -0.4605387109582412 -0.8876396204028533 0
    outer loop
      vertex 22.41312478328214 44.52723141459644 0
      vertex 23.499127330775984 43.9637750277655 60
      vertex 22.41312478328214 44.52723141459644 60
    endloop
  endfacet
  facet normal -0.4821837720791234 -0.8760700941954062 0
    outer loop
      vertex 23.499127330775984 43.9637750277655 0
      vertex 24.570974882654735 43.373836506769265 60
      vertex 23.499127330775984 43.9637750277655 60
    endloop
  endfacet
  facet normal -0.5245896826784664 -0.8513551931052666 0
    outer loop
      vertex 25.628021798032105 42.75777120851356 0
      vertex 26.669631351371795 42.1159502276979 60
      vertex 25.628021798032105 42.75777120851356 60
    endloop
  endfacet
  facet normal -0.5035383837257195 -0.8639728561215856 0
    outer loop
      vertex 24.570974882654735 43.373836506769265 0
      vertex 25.628021798032105 42.75777120851356 60
      vertex 24.570974882654735 43.373836506769265 60
    endloop
  endfacet
  facet normal -0.5657318107836113 -0.8245893027850265 0
    outer loop
      vertex 27.69517611602717 41.44876017328188 0
      vertex 28.70403834217959 40.75660293560645 60
      vertex 27.69517611602717 41.44876017328188 60
    endloop
  endfacet
  facet normal -0.5857978574564382 -0.8104571982525954 0
    outer loop
      vertex 28.70403834217959 40.75660293560645 0
      vertex 29.695610328947804 40.039895444310154 60
      vertex 28.70403834217959 40.75660293560645 60
    endloop
  endfacet
  facet normal -0.5453249884220466 -0.838224705554838 0
    outer loop
      vertex 26.669631351371795 42.1159502276979 0
      vertex 27.69517611602717 41.44876017328188 60
      vertex 26.669631351371795 42.1159502276979 60
    endloop
  endfacet
  facet normal -0.3253102921622606 -0.9456073253805222 0
    outer loop
      vertex 15.637034758884743 47.33397980256288 0
      vertex 16.79395919160217 46.93597164937359 60
      vertex 15.637034758884743 47.33397980256288 60
    endloop
  endfacet
  facet normal -0.348418680249438 -0.9373390119125737 0
    outer loop
      vertex 16.79395919160217 46.93597164937359 0
      vertex 17.94076757126916 46.509691021911735 60
      vertex 16.79395919160217 46.93597164937359 60
    endloop
  endfacet
  facet normal -0.37131719395183715 -0.9285060804732156 0
    outer loop
      vertex 17.94076757126916 46.509691021911735 0
      vertex 19.076769103399727 46.055394695687646 60
      vertex 17.94076757126916 46.509691021911735 60
    endloop
  endfacet
  facet normal -0.39399204006104543 -0.9191138516900589 0
    outer loop
      vertex 19.076769103399727 46.055394695687646 0
      vertex 20.201279503148744 45.57335632182101 60
      vertex 19.076769103399727 46.055394695687646 60
    endloop
  endfacet
  facet normal -0.4164295600976381 -0.909167983090522 0
    outer loop
      vertex 20.201279503148744 45.57335632182101 0
      vertex 21.313621407499564 45.06386626220365 60
      vertex 20.201279503148744 45.57335632182101 60
    endloop
  endfacet
  facet normal -0.8986744656939539 -0.43861623853852755 0
    outer loop
      vertex 45.06386626220365 21.313621407499564 60
      vertex 44.52723141459644 22.41312478328214 60
      vertex 44.52723141459644 22.41312478328214 0
    endloop
  endfacet
  facet normal -0.8104571982525954 -0.5857978574564382 0
    outer loop
      vertex 40.75660293560645 28.70403834217959 60
      vertex 40.039895444310154 29.695610328947804 60
      vertex 40.039895444310154 29.695610328947804 0
    endloop
  endfacet
  facet normal -0.8245893027850265 -0.5657318107836113 0
    outer loop
      vertex 41.44876017328188 27.69517611602717 60
      vertex 40.75660293560645 28.70403834217959 60
      vertex 40.75660293560645 28.70403834217959 0
    endloop
  endfacet
  facet normal -0.8639728561215856 -0.5035383837257195 0
    outer loop
      vertex 43.373836506769265 24.570974882654735 60
      vertex 42.75777120851356 25.628021798032105 60
      vertex 42.75777120851356 25.628021798032105 0
    endloop
  endfacet
  facet normal -0.8760700941954062 -0.4821837720791234 0
    outer loop
      vertex 43.9637750277655 23.499127330775984 60
      vertex 43.373836506769265 24.570974882654735 60
      vertex 43.373836506769265 24.570974882654735 0
    endloop
  endfacet
  facet normal -0.8876396204028533 -0.4605387109582412 0
    outer loop
      vertex 44.52723141459644 22.41312478328214 60
      vertex 43.9637750277655 23.499127330775984 60
      vertex 43.9637750277655 23.499127330775984 0
    endloop
  endfacet
  facet normal -0.838224705554838 -0.5453249884220466 0
    outer loop
      vertex 42.1159502276979 26.669631351371795 60
      vertex 41.44876017328188 27.69517611602717 60
      vertex 41.44876017328188 27.69517611602717 0
    endloop
  endfacet
  facet normal -0.8513551931052666 -0.5245896826784664 0
    outer loop
      vertex 42.75777120851356 25.628021798032105 60
      vertex 42.1159502276979 26.669631351371795 60
      vertex 42.1159502276979 26.669631351371795 0
    endloop
  endfacet
  facet normal -0.9999247018391445 -0.012271538285715955 0
    outer loop
      vertex 49.85 0 60
      vertex 49.83498611200579 1.2233802418671775 60
      vertex 49.83498611200579 1.2233802418671775 0
    endloop
  endfacet
  facet normal -0.9993223845883494 -0.03680722294136311 0
    outer loop
      vertex 49.83498611200579 1.2233802418671775 60
      vertex 49.789953491827845 2.4460235652217883 60
      vertex 49.789953491827845 2.4460235652217883 0
    endloop
  endfacet
  facet normal -0.9981181129001493 -0.061320736302208516 0
    outer loop
      vertex 49.71492926543271 3.667193495443421 0
      vertex 49.789953491827845 2.4460235652217883 60
      vertex 49.71492926543271 3.667193495443421 60
    endloop
  endfacet
  facet normal -0.9963126121827783 -0.08579731234443558 0
    outer loop
      vertex 49.71492926543271 3.667193495443421 60
      vertex 49.60995862460902 4.886154445428597 60
      vertex 49.60995862460902 4.886154445428597 0
    endloop
  endfacet
  facet normal -0.9939069700023554 -0.11022220729388808 0
    outer loop
      vertex 49.60995862460902 4.886154445428597 60
      vertex 49.475104799745694 6.102172158680927 60
      vertex 49.475104799745694 6.102172158680927 0
    endloop
  endfacet
  facet normal -0.9909026354277802 -0.1345807085071254 0
    outer loop
      vertex 49.31044902174433 7.314514151599783 0
      vertex 49.475104799745694 6.102172158680927 60
      vertex 49.31044902174433 7.314514151599783 60
    endloop
  endfacet
  facet normal -0.9783173707196273 -0.20711137619222025 0
    outer loop
      vertex 48.89214622810104 9.725252552503994 60
      vertex 48.63875118242065 10.92219682181996 60
      vertex 48.63875118242065 10.92219682181996 0
    endloop
  endfacet
  facet normal -0.9729399522055595 -0.2310581082806737 0
    outer loop
      vertex 48.63875118242065 10.92219682181996 60
      vertex 48.356057971748015 12.112561968177705 60
      vertex 48.356057971748015 12.112561968177705 0
    endloop
  endfacet
  facet normal -0.9669764710448527 -0.2548656596045125 0
    outer loop
      vertex 48.356057971748015 12.112561968177705 60
      vertex 48.04423687990268 13.295630960123686 60
      vertex 48.04423687990268 13.295630960123686 0
    endloop
  endfacet
  facet normal -0.9604305194155653 -0.27851968938505484 0
    outer loop
      vertex 47.70347573625061 14.470691161134948 0
      vertex 48.04423687990268 13.295630960123686 60
      vertex 47.70347573625061 14.470691161134948 60
    endloop
  endfacet
  facet normal -0.9873014181578579 -0.15885814333386472 0
    outer loop
      vertex 49.31044902174433 7.314514151599783 60
      vertex 49.11609047308872 8.522450154701016 60
      vertex 49.11609047308872 8.522450154701016 0
    endloop
  endfacet
  facet normal -0.9831054874312171 -0.1830398879551365 0
    outer loop
      vertex 49.11609047308872 8.522450154701016 60
      vertex 48.89214622810104 9.725252552503994 60
      vertex 48.89214622810104 9.725252552503994 0
    endloop
  endfacet
  facet normal -0.9373390119125737 -0.348418680249438 0
    outer loop
      vertex 46.93597164937359 16.79395919160217 60
      vertex 46.509691021911735 17.94076757126916 60
      vertex 46.509691021911735 17.94076757126916 0
    endloop
  endfacet
  facet normal -0.9285060804732156 -0.37131719395183715 0
    outer loop
      vertex 46.509691021911735 17.94076757126916 60
      vertex 46.055394695687646 19.076769103399727 60
      vertex 46.055394695687646 19.076769103399727 0
    endloop
  endfacet
  facet normal -0.9533060403541951 -0.3020059493192242 0
    outer loop
      vertex 47.70347573625061 14.470691161134948 60
      vertex 47.33397980256288 15.637034758884743 60
      vertex 47.33397980256288 15.637034758884743 0
    endloop
  endfacet
  facet normal -0.9456073253805222 -0.3253102921622606 0
    outer loop
      vertex 47.33397980256288 15.637034758884743 60
      vertex 46.93597164937359 16.79395919160217 60
      vertex 46.93597164937359 16.79395919160217 0
    endloop
  endfacet
  facet normal -0.9191138516900589 -0.39399204006104543 0
    outer loop
      vertex 46.055394695687646 19.076769103399727 60
      vertex 45.57335632182101 20.201279503148744 60
      vertex 45.57335632182101 20.201279503148744 0
    endloop
  endfacet
  facet normal -0.909167983090522 -0.4164295600976381 0
    outer loop
      vertex 45.06386626220365 21.313621407499564 0
      vertex 45.57335632182101 20.201279503148744 60
      vertex 45.06386626220365 21.313621407499564 60
    endloop
  endfacet
  facet normal -0.6624157775901726 -0.7491363945234588 0
    outer loop
      vertex 32.560666221245775 37.746860998348254 0
      vertex 33.47721389912387 36.93641359894471 60
      vertex 32.560666221245775 37.746860998348254 60
    endloop
  endfacet
  facet normal -0.7491363945234588 -0.6624157775901726 0
    outer loop
      vertex 37.746860998348254 32.560666221245775 60
      vertex 36.93641359894471 33.47721389912387 60
      vertex 36.93641359894471 33.47721389912387 0
    endloop
  endfacet
  facet normal -0.715730825283819 -0.6983762494089724 0
    outer loop
      vertex 35.2492730421494 35.2492730421494 0
      vertex 36.10371708513063 34.373596155142785 60
      vertex 35.2492730421494 35.2492730421494 60
    endloop
  endfacet
  facet normal -0.6983762494089724 -0.715730825283819 0
    outer loop
      vertex 34.373596155142785 36.10371708513063 0
      vertex 35.2492730421494 35.2492730421494 60
      vertex 34.373596155142785 36.10371708513063 60
    endloop
  endfacet
  facet normal -0.6806009977954508 -0.732654271672415 0
    outer loop
      vertex 33.47721389912387 36.93641359894471 0
      vertex 34.373596155142785 36.10371708513063 60
      vertex 33.47721389912387 36.93641359894471 60
    endloop
  endfacet
  facet normal -0.732654271672415 -0.6806009977954508 0
    outer loop
      vertex 36.93641359894471 33.47721389912387 60
      vertex 36.10371708513063 34.373596155142785 60
      vertex 36.10371708513063 34.373596155142785 0
    endloop
  endfacet
  facet normal -0.6248594881423859 -0.7807372285720947 0
    outer loop
      vertex 30.669294790444248 39.299069417186324 0
      vertex 31.62450521555773 38.53457110013244 60
      vertex 30.669294790444248 39.299069417186324 60
    endloop
  endfacet
  facet normal -0.6055110414043287 -0.7958369046088811 0
    outer loop
      vertex 29.695610328947804 40.039895444310154 0
      vertex 30.669294790444248 39.299069417186324 60
      vertex 29.695610328947804 40.039895444310154 60
    endloop
  endfacet
  facet normal -0.6438315428897917 -0.7651672656224587 0
    outer loop
      vertex 31.62450521555773 38.53457110013244 0
      vertex 32.560666221245775 37.746860998348254 60
      vertex 31.62450521555773 38.53457110013244 60
    endloop
  endfacet
  facet normal -0.7807372285720947 -0.6248594881423859 0
    outer loop
      vertex 39.299069417186324 30.669294790444248 60
      vertex 38.53457110013244 31.62450521555773 60
      vertex 38.53457110013244 31.62450521555773 0
    endloop
  endfacet
  facet normal -0.7651672656224587 -0.6438315428897917 0
    outer loop
      vertex 38.53457110013244 31.62450521555773 60
      vertex 37.746860998348254 32.560666221245775 60
      vertex 37.746860998348254 32.560666221245775 0
    endloop
  endfacet
  facet normal -0.7958369046088811 -0.6055110414043287 0
    outer loop
      vertex 40.039895444310154 29.695610328947804 60
      vertex 39.299069417186324 30.669294790444248 60
      vertex 39.299069417186324 30.669294790444248 0
    endloop
  endfacet
endsolid OpenSCAD_Model
