solid OpenSCAD_Model
  facet normal -1 0 0
    outer loop
      vertex 0 90 0
      vertex 0 90 2
      vertex 0 113.4 40
    endloop
  endfacet
  facet normal -1 0 0
    outer loop
      vertex 0 90 0
      vertex 0 113.4 40
      vertex 0 113.4 0
    endloop
  endfacet
  facet normal 0 1 0
    outer loop
      vertex 0 113.4 0
      vertex 0 113.4 40
      vertex 7.300000000000001 113.4 0.8
    endloop
  endfacet
  facet normal 0 -1 0
    outer loop
      vertex 0 90 2
      vertex 12.5 90 2
      vertex 12.5 90 39.05883508760875
    endloop
  endfacet
  facet normal 0 0 -1
    outer loop
      vertex 0 90 0
      vertex 0 113.4 0
      vertex 55 113.4 0
    endloop
  endfacet
  facet normal 0 1 0
    outer loop
      vertex 0 113.4 0
      vertex 7.300000000000001 113.4 0.8
      vertex 47.7 113.4 0.8
    endloop
  endfacet
  facet normal 0 -1 0
    outer loop
      vertex 17.5 90 39.05883508760875
      vertex 17.5 90 3
      vertex 25 90 3
    endloop
  endfacet
  facet normal -1 0 0
    outer loop
      vertex 0 90 2
      vertex 0 90 40
      vertex 0 113.4 40
    endloop
  endfacet
  facet normal 0 -1 0
    outer loop
      vertex 0 90 2
      vertex 12.5 90 39.05883508760875
      vertex 0 90 40
    endloop
  endfacet
  facet normal 0 1 0
    outer loop
      vertex 7.300000000000001 113.4 0.8
      vertex 0 113.4 40
      vertex 7.300000000000001 113.4 40
    endloop
  endfacet
  facet normal 0 0 1
    outer loop
      vertex 0 90 40
      vertex 7.300000000000001 93 40
      vertex 7.300000000000001 113.4 40
    endloop
  endfacet
  facet normal 0 0 1
    outer loop
      vertex 0 90 40
      vertex 7.300000000000001 113.4 40
      vertex 0 113.4 40
    endloop
  endfacet
  facet normal 0 -1 0
    outer loop
      vertex 0 90 40
      vertex 12.5 90 39.05883508760875
      vertex 17.5 90 39.05883508760875
    endloop
  endfacet
  facet normal 0 -1 0
    outer loop
      vertex 17.5 90 39.05883508760875
      vertex 25 90 3
      vertex 25 90 39.05883508760875
    endloop
  endfacet
  facet normal 0 -1 0
    outer loop
      vertex 0 90 40
      vertex 17.5 90 39.05883508760875
      vertex 25 90 39.05883508760875
    endloop
  endfacet
  facet normal 0 -1 0
    outer loop
      vertex 0 90 40
      vertex 25 90 39.05883508760875
      vertex 30 90 39.05883508760875
    endloop
  endfacet
  facet normal 0 0 1
    outer loop
      vertex 0 90 40
      vertex 47.7 93 40
      vertex 7.300000000000001 93 40
    endloop
  endfacet
  facet normal 0 -1 0
    outer loop
      vertex 0 90 40
      vertex 30 90 39.05883508760875
      vertex 37.5 90 39.05883508760875
    endloop
  endfacet
  facet normal 0 -1 0
    outer loop
      vertex 0 90 40
      vertex 37.5 90 39.05883508760875
      vertex 42.5 90 39.05883508760875
    endloop
  endfacet
  facet normal 0 1 0
    outer loop
      vertex 0 113.4 0
      vertex 47.7 113.4 0.8
      vertex 55 113.4 0
    endloop
  endfacet
  facet normal 0 0 -1
    outer loop
      vertex 0 90 0
      vertex 55 113.4 0
      vertex 55 90 0
    endloop
  endfacet
  facet normal 0 -1 0
    outer loop
      vertex 30 90 39.05883508760875
      vertex 30 90 3
      vertex 37.5 90 3
    endloop
  endfacet
  facet normal 1 0 0
    outer loop
      vertex 55 90 0
      vertex 55 113.4 0
      vertex 55 90 2
    endloop
  endfacet
  facet normal 0 -1 0
    outer loop
      vertex 42.5 90 2
      vertex 55 90 2
      vertex 55 90 40
    endloop
  endfacet
  facet normal 1 0 0
    outer loop
      vertex 55 90 2
      vertex 55 113.4 0
      vertex 55 90 40
    endloop
  endfacet
  facet normal 0 1 0
    outer loop
      vertex 47.7 113.4 0.8
      vertex 47.7 113.4 40
      vertex 55 113.4 0
    endloop
  endfacet
  facet normal 0 -1 0
    outer loop
      vertex 30 90 39.05883508760875
      vertex 37.5 90 3
      vertex 37.5 90 39.05883508760875
    endloop
  endfacet
  facet normal 0 -1 0
    outer loop
      vertex 0 90 40
      vertex 42.5 90 39.05883508760875
      vertex 55 90 40
    endloop
  endfacet
  facet normal 0 0 1
    outer loop
      vertex 0 90 40
      vertex 55 90 40
      vertex 47.7 93 40
    endloop
  endfacet
  facet normal 0 -1 0
    outer loop
      vertex 42.5 90 2
      vertex 55 90 40
      vertex 42.5 90 39.05883508760875
    endloop
  endfacet
  facet normal 1 0 0
    outer loop
      vertex 55 113.4 0
      vertex 55 113.4 40
      vertex 55 90 40
    endloop
  endfacet
  facet normal 0 1 0
    outer loop
      vertex 55 113.4 0
      vertex 47.7 113.4 40
      vertex 55 113.4 40
    endloop
  endfacet
  facet normal 0 0 1
    outer loop
      vertex 47.7 93 40
      vertex 55 90 40
      vertex 55 113.4 40
    endloop
  endfacet
  facet normal 0 0 1
    outer loop
      vertex 47.7 93 40
      vertex 55 113.4 40
      vertex 47.7 113.4 40
    endloop
  endfacet
  facet normal 0 -0.9636304532086231 0.26723837607825685
    outer loop
      vertex 25 90 39.05883508760875
      vertex 25 80 3
      vertex 30 80 3
    endloop
  endfacet
  facet normal -1 0 0
    outer loop
      vertex 25 90 39.05883508760875
      vertex 25 90 3
      vertex 25 80 3
    endloop
  endfacet
  facet normal 1 0 0
    outer loop
      vertex 30 90 39.05883508760875
      vertex 30 80 3
      vertex 30 90 3
    endloop
  endfacet
  facet normal 0 -0.9636304532086231 0.26723837607825685
    outer loop
      vertex 25 90 39.05883508760875
      vertex 30 80 3
      vertex 30 90 39.05883508760875
    endloop
  endfacet
  facet normal -1 0 0
    outer loop
      vertex 12.5 83.60588350876087 2
      vertex 12.5 80 3
      vertex 12.5 90 2
    endloop
  endfacet
  facet normal -1 0 0
    outer loop
      vertex 12.5 80 3
      vertex 12.5 90 39.05883508760875
      vertex 12.5 90 2
    endloop
  endfacet
  facet normal 0 -0.9636304532086231 0.26723837607825685
    outer loop
      vertex 12.5 90 39.05883508760875
      vertex 12.5 80 3
      vertex 17.5 80 3
    endloop
  endfacet
  facet normal 1 0 0
    outer loop
      vertex 17.5 90 39.05883508760875
      vertex 17.5 80 3
      vertex 17.5 90 3
    endloop
  endfacet
  facet normal 0 -0.9636304532086231 0.26723837607825685
    outer loop
      vertex 12.5 90 39.05883508760875
      vertex 17.5 80 3
      vertex 17.5 90 39.05883508760875
    endloop
  endfacet
  facet normal 0 -0.9636304532086231 0.26723837607825685
    outer loop
      vertex 42.5 80 3
      vertex 37.5 90 39.05883508760875
      vertex 37.5 80 3
    endloop
  endfacet
  facet normal -1 0 0
    outer loop
      vertex 37.5 90 39.05883508760875
      vertex 37.5 90 3
      vertex 37.5 80 3
    endloop
  endfacet
  facet normal 1 0 0
    outer loop
      vertex 42.5 83.60588350876087 2
      vertex 42.5 90 39.05883508760875
      vertex 42.5 80 3
    endloop
  endfacet
  facet normal 1 0 0
    outer loop
      vertex 42.5 83.60588350876087 2
      vertex 42.5 90 2
      vertex 42.5 90 39.05883508760875
    endloop
  endfacet
  facet normal 0 -0.9636304532086231 0.26723837607825685
    outer loop
      vertex 42.5 80 3
      vertex 42.5 90 39.05883508760875
      vertex 37.5 90 39.05883508760875
    endloop
  endfacet
  facet normal 0 0 -1
    outer loop
      vertex 0 0 0
      vertex 4.152240934977426 5.234633135269821 0
      vertex 4.192021413753113 5.144889813139436 0
    endloop
  endfacet
  facet normal 0 0 -1
    outer loop
      vertex 0 0 0
      vertex 4.116911869633959 5.32622029321556 0
      vertex 4.152240934977426 5.234633135269821 0
    endloop
  endfacet
  facet normal 0 0 -1
    outer loop
      vertex 0 0 0
      vertex 4.284542779999456 4.971794511613556 0
      vertex 4.337060775394909 4.888859533960796 0
    endloop
  endfacet
  facet normal 0 0 -1
    outer loop
      vertex 0 0 0
      vertex 4.192021413753113 5.144889813139436 0
      vertex 4.23615747130329 5.057206526348005 0
    endloop
  endfacet
  facet normal 0 0 -1
    outer loop
      vertex 0 0 0
      vertex 4.23615747130329 5.057206526348005 0
      vertex 4.284542779999456 4.971794511613556 0
    endloop
  endfacet
  facet normal 0 0 -1
    outer loop
      vertex 0 0 0
      vertex 4.39358493703871 4.8086013910151335 0
      vertex 4.453979093274526 4.731213431672709 0
    endloop
  endfacet
  facet normal 0 0 -1
    outer loop
      vertex 0 0 0
      vertex 4.337060775394909 4.888859533960796 0
      vertex 4.39358493703871 4.8086013910151335 0
    endloop
  endfacet
  facet normal 0 0 -1
    outer loop
      vertex 0 0 0
      vertex 4.453979093274526 4.731213431672709 0
      vertex 4.518097749290082 4.656882090305963 0
    endloop
  endfacet
  facet normal 0 0 -1
    outer loop
      vertex 0 0 0
      vertex 4.518097749290082 4.656882090305963 0
      vertex 4.585786437626905 4.585786437626905 0
    endloop
  endfacet
  facet normal 0 0 -1
    outer loop
      vertex 0 0 0
      vertex 4.585786437626905 4.585786437626905 0
      vertex 4.656882090305963 4.518097749290082 0
    endloop
  endfacet
  facet normal 0 0 -1
    outer loop
      vertex 0 0 0
      vertex 4.656882090305963 4.518097749290082 0
      vertex 4.731213431672709 4.453979093274526 0
    endloop
  endfacet
  facet normal 0 0 -1
    outer loop
      vertex 0 0 0
      vertex 4.731213431672709 4.453979093274526 0
      vertex 4.8086013910151335 4.39358493703871 0
    endloop
  endfacet
  facet normal 0 0 -1
    outer loop
      vertex 0 0 0
      vertex 4.888859533960796 4.337060775394909 0
      vertex 4.971794511613556 4.284542779999456 0
    endloop
  endfacet
  facet normal 0 0 -1
    outer loop
      vertex 0 0 0
      vertex 4.8086013910151335 4.39358493703871 0
      vertex 4.888859533960796 4.337060775394909 0
    endloop
  endfacet
  facet normal 0 0 -1
    outer loop
      vertex 0 0 0
      vertex 4.971794511613556 4.284542779999456 0
      vertex 5.057206526348005 4.23615747130329 0
    endloop
  endfacet
  facet normal 0 0 -1
    outer loop
      vertex 0 0 0
      vertex 5.057206526348005 4.23615747130329 0
      vertex 5.144889813139436 4.192021413753113 0
    endloop
  endfacet
  facet normal 0 0 1
    outer loop
      vertex 0 0 2
      vertex 4.192021413753113 5.144889813139436 2
      vertex 4.152240934977426 5.234633135269821 2
    endloop
  endfacet
  facet normal 0 0 1
    outer loop
      vertex 0 0 2
      vertex 4.152240934977426 5.234633135269821 2
      vertex 4.116911869633959 5.32622029321556 2
    endloop
  endfacet
  facet normal 0 0 1
    outer loop
      vertex 0 0 2
      vertex 4.337060775394909 4.888859533960796 2
      vertex 4.284542779999456 4.971794511613556 2
    endloop
  endfacet
  facet normal 0 0 1
    outer loop
      vertex 0 0 2
      vertex 4.23615747130329 5.057206526348005 2
      vertex 4.192021413753113 5.144889813139436 2
    endloop
  endfacet
  facet normal 0 0 1
    outer loop
      vertex 0 0 2
      vertex 4.284542779999456 4.971794511613556 2
      vertex 4.23615747130329 5.057206526348005 2
    endloop
  endfacet
  facet normal 0 0 1
    outer loop
      vertex 0 0 2
      vertex 4.453979093274526 4.731213431672709 2
      vertex 4.39358493703871 4.8086013910151335 2
    endloop
  endfacet
  facet normal 0 0 1
    outer loop
      vertex 0 0 2
      vertex 4.39358493703871 4.8086013910151335 2
      vertex 4.337060775394909 4.888859533960796 2
    endloop
  endfacet
  facet normal 0 0 1
    outer loop
      vertex 0 0 2
      vertex 4.518097749290082 4.656882090305963 2
      vertex 4.453979093274526 4.731213431672709 2
    endloop
  endfacet
  facet normal 0 0 1
    outer loop
      vertex 0 0 2
      vertex 4.585786437626905 4.585786437626905 2
      vertex 4.518097749290082 4.656882090305963 2
    endloop
  endfacet
  facet normal 0 0 1
    outer loop
      vertex 0 0 2
      vertex 4.656882090305963 4.518097749290082 2
      vertex 4.585786437626905 4.585786437626905 2
    endloop
  endfacet
  facet normal 0 0 1
    outer loop
      vertex 0 0 2
      vertex 4.731213431672709 4.453979093274526 2
      vertex 4.656882090305963 4.518097749290082 2
    endloop
  endfacet
  facet normal 0 0 1
    outer loop
      vertex 0 0 2
      vertex 4.8086013910151335 4.39358493703871 2
      vertex 4.731213431672709 4.453979093274526 2
    endloop
  endfacet
  facet normal 0 0 1
    outer loop
      vertex 0 0 2
      vertex 4.971794511613556 4.284542779999456 2
      vertex 4.888859533960796 4.337060775394909 2
    endloop
  endfacet
  facet normal 0 0 1
    outer loop
      vertex 0 0 2
      vertex 4.888859533960796 4.337060775394909 2
      vertex 4.8086013910151335 4.39358493703871 2
    endloop
  endfacet
  facet normal 0 0 1
    outer loop
      vertex 0 0 2
      vertex 5.057206526348005 4.23615747130329 2
      vertex 4.971794511613556 4.284542779999456 2
    endloop
  endfacet
  facet normal 0 0 1
    outer loop
      vertex 0 0 2
      vertex 5.144889813139436 4.192021413753113 2
      vertex 5.057206526348005 4.23615747130329 2
    endloop
  endfacet
  facet normal 0 0 -1
    outer loop
      vertex 0 0 0
      vertex 4.009630546655606 5.803965719340879 0
      vertex 4.021646980070438 5.706539051089276 0
    endloop
  endfacet
  facet normal 0 0 -1
    outer loop
      vertex 0 0 0
      vertex 4.002409087589655 5.901864651345164 0
      vertex 4.009630546655606 5.803965719340879 0
    endloop
  endfacet
  facet normal 0 0 -1
    outer loop
      vertex 0 0 0
      vertex 4 6 0
      vertex 4.002409087589655 5.901864651345164 0
    endloop
  endfacet
  facet normal 0 0 -1
    outer loop
      vertex 0 0 0
      vertex 4.086119328535583 5.419430645491075 0
      vertex 4.116911869633959 5.32622029321556 0
    endloop
  endfacet
  facet normal 0 0 -1
    outer loop
      vertex 0 0 0
      vertex 4.059937493610912 5.514039640193472 0
      vertex 4.086119328535583 5.419430645491075 0
    endloop
  endfacet
  facet normal 0 0 -1
    outer loop
      vertex 0 0 0
      vertex 4.038429439193539 5.609819355967743 0
      vertex 4.059937493610912 5.514039640193472 0
    endloop
  endfacet
  facet normal 0 0 -1
    outer loop
      vertex 0 0 0
      vertex 4.021646980070438 5.706539051089276 0
      vertex 4.038429439193539 5.609819355967743 0
    endloop
  endfacet
  facet normal 0 0 -1
    outer loop
      vertex 0 0 0
      vertex 4.002409087589655 6.098135348654836 0
      vertex 4 6 0
    endloop
  endfacet
  facet normal 0 0 -1
    outer loop
      vertex 0 0 0
      vertex 4.009630546655606 6.196034280659121 0
      vertex 4.002409087589655 6.098135348654836 0
    endloop
  endfacet
  facet normal 0 0 -1
    outer loop
      vertex 0 0 0
      vertex 4.021646980070438 6.293460948910724 0
      vertex 4.009630546655606 6.196034280659121 0
    endloop
  endfacet
  facet normal 0 0 -1
    outer loop
      vertex 0 0 0
      vertex 4.059937493610912 6.485960359806528 0
      vertex 4.038429439193539 6.390180644032257 0
    endloop
  endfacet
  facet normal 0 0 -1
    outer loop
      vertex 0 0 0
      vertex 4.038429439193539 6.390180644032257 0
      vertex 4.021646980070438 6.293460948910724 0
    endloop
  endfacet
  facet normal 0 0 -1
    outer loop
      vertex 0 0 0
      vertex 4.086119328535583 6.580569354508925 0
      vertex 4.059937493610912 6.485960359806528 0
    endloop
  endfacet
  facet normal 0 0 -1
    outer loop
      vertex 0 0 0
      vertex 4.116911869633959 6.67377970678444 0
      vertex 4.086119328535583 6.580569354508925 0
    endloop
  endfacet
  facet normal 0 0 -1
    outer loop
      vertex 0 0 0
      vertex 4.152240934977426 6.765366864730179 0
      vertex 4.116911869633959 6.67377970678444 0
    endloop
  endfacet
  facet normal 0 0 -1
    outer loop
      vertex 0 0 0
      vertex 4.192021413753113 6.855110186860564 0
      vertex 4.152240934977426 6.765366864730179 0
    endloop
  endfacet
  facet normal 0 0 1
    outer loop
      vertex 0 0 2
      vertex 4.021646980070438 5.706539051089276 2
      vertex 4.009630546655606 5.803965719340879 2
    endloop
  endfacet
  facet normal 0 0 1
    outer loop
      vertex 0 0 2
      vertex 4.009630546655606 5.803965719340879 2
      vertex 4.002409087589655 5.901864651345164 2
    endloop
  endfacet
  facet normal 0 0 1
    outer loop
      vertex 0 0 2
      vertex 4.002409087589655 5.901864651345164 2
      vertex 4 6 2
    endloop
  endfacet
  facet normal 0 0 1
    outer loop
      vertex 0 0 2
      vertex 4.116911869633959 5.32622029321556 2
      vertex 4.086119328535583 5.419430645491075 2
    endloop
  endfacet
  facet normal 0 0 1
    outer loop
      vertex 0 0 2
      vertex 4.086119328535583 5.419430645491075 2
      vertex 4.059937493610912 5.514039640193472 2
    endloop
  endfacet
  facet normal 0 0 1
    outer loop
      vertex 0 0 2
      vertex 4.059937493610912 5.514039640193472 2
      vertex 4.038429439193539 5.609819355967743 2
    endloop
  endfacet
  facet normal 0 0 1
    outer loop
      vertex 0 0 2
      vertex 4.038429439193539 5.609819355967743 2
      vertex 4.021646980070438 5.706539051089276 2
    endloop
  endfacet
  facet normal 0 0 1
    outer loop
      vertex 0 0 2
      vertex 4 6 2
      vertex 4.002409087589655 6.098135348654836 2
    endloop
  endfacet
  facet normal 0 0 1
    outer loop
      vertex 0 0 2
      vertex 4.002409087589655 6.098135348654836 2
      vertex 4.009630546655606 6.196034280659121 2
    endloop
  endfacet
  facet normal 0 0 1
    outer loop
      vertex 0 0 2
      vertex 4.009630546655606 6.196034280659121 2
      vertex 4.021646980070438 6.293460948910724 2
    endloop
  endfacet
  facet normal 0 0 1
    outer loop
      vertex 0 0 2
      vertex 4.038429439193539 6.390180644032257 2
      vertex 4.059937493610912 6.485960359806528 2
    endloop
  endfacet
  facet normal 0 0 1
    outer loop
      vertex 0 0 2
      vertex 4.021646980070438 6.293460948910724 2
      vertex 4.038429439193539 6.390180644032257 2
    endloop
  endfacet
  facet normal 0 0 1
    outer loop
      vertex 0 0 2
      vertex 4.059937493610912 6.485960359806528 2
      vertex 4.086119328535583 6.580569354508925 2
    endloop
  endfacet
  facet normal 0 0 1
    outer loop
      vertex 0 0 2
      vertex 4.086119328535583 6.580569354508925 2
      vertex 4.116911869633959 6.67377970678444 2
    endloop
  endfacet
  facet normal 0 0 1
    outer loop
      vertex 0 0 2
      vertex 4.116911869633959 6.67377970678444 2
      vertex 4.152240934977426 6.765366864730179 2
    endloop
  endfacet
  facet normal 0 0 1
    outer loop
      vertex 0 0 2
      vertex 4.152240934977426 6.765366864730179 2
      vertex 4.192021413753113 6.855110186860564 2
    endloop
  endfacet
  facet normal 0 0 1
    outer loop
      vertex 0 0 2
      vertex 4.192021413753113 6.855110186860564 2
      vertex 4.23615747130329 6.942793473651995 2
    endloop
  endfacet
  facet normal 0 0 1
    outer loop
      vertex 0 0 2
      vertex 4.23615747130329 6.942793473651995 2
      vertex 4.284542779999456 7.028205488386444 2
    endloop
  endfacet
  facet normal 0 0 -1
    outer loop
      vertex 0 0 0
      vertex 5.144889813139436 4.192021413753113 0
      vertex 5.234633135269821 4.152240934977426 0
    endloop
  endfacet
  facet normal 0 0 -1
    outer loop
      vertex 0 0 0
      vertex 5.234633135269821 4.152240934977426 0
      vertex 5.32622029321556 4.116911869633959 0
    endloop
  endfacet
  facet normal 0 0 -1
    outer loop
      vertex 0 0 0
      vertex 5.32622029321556 4.116911869633959 0
      vertex 5.419430645491075 4.086119328535583 0
    endloop
  endfacet
  facet normal 0 0 -1
    outer loop
      vertex 0 0 0
      vertex 5.419430645491075 4.086119328535583 0
      vertex 5.514039640193472 4.059937493610912 0
    endloop
  endfacet
  facet normal 0 0 -1
    outer loop
      vertex 0 0 0
      vertex 5.514039640193472 4.059937493610912 0
      vertex 5.609819355967743 4.038429439193539 0
    endloop
  endfacet
  facet normal 0 0 -1
    outer loop
      vertex 0 0 0
      vertex 5.609819355967743 4.038429439193539 0
      vertex 5.706539051089276 4.021646980070438 0
    endloop
  endfacet
  facet normal 0 0 -1
    outer loop
      vertex 0 0 0
      vertex 5.706539051089276 4.021646980070438 0
      vertex 5.803965719340879 4.009630546655606 0
    endloop
  endfacet
  facet normal 0 0 1
    outer loop
      vertex 0 0 2
      vertex 5.234633135269821 4.152240934977426 2
      vertex 5.144889813139436 4.192021413753113 2
    endloop
  endfacet
  facet normal 0 0 1
    outer loop
      vertex 0 0 2
      vertex 5.32622029321556 4.116911869633959 2
      vertex 5.234633135269821 4.152240934977426 2
    endloop
  endfacet
  facet normal 0 0 1
    outer loop
      vertex 0 0 2
      vertex 5.419430645491075 4.086119328535583 2
      vertex 5.32622029321556 4.116911869633959 2
    endloop
  endfacet
  facet normal 0 0 1
    outer loop
      vertex 0 0 2
      vertex 5.514039640193472 4.059937493610912 2
      vertex 5.419430645491075 4.086119328535583 2
    endloop
  endfacet
  facet normal 0 0 1
    outer loop
      vertex 0 0 2
      vertex 5.609819355967743 4.038429439193539 2
      vertex 5.514039640193472 4.059937493610912 2
    endloop
  endfacet
  facet normal 0 0 1
    outer loop
      vertex 0 0 2
      vertex 5.706539051089276 4.021646980070438 2
      vertex 5.609819355967743 4.038429439193539 2
    endloop
  endfacet
  facet normal 0 0 1
    outer loop
      vertex 0 0 2
      vertex 5.803965719340879 4.009630546655606 2
      vertex 5.706539051089276 4.021646980070438 2
    endloop
  endfacet
  facet normal 0 0 1
    outer loop
      vertex 0 0 2
      vertex 5.901864651345164 4.002409087589655 2
      vertex 5.803965719340879 4.009630546655606 2
    endloop
  endfacet
  facet normal 0 0 1
    outer loop
      vertex 0 0 2
      vertex 6 4 2
      vertex 5.901864651345164 4.002409087589655 2
    endloop
  endfacet
  facet normal -1 0 0
    outer loop
      vertex 0 0 0
      vertex 0 0 2
      vertex 0 90 2
    endloop
  endfacet
  facet normal 0 0 -1
    outer loop
      vertex 0 0 0
      vertex 4 84 0
      vertex 4.192021413753113 6.855110186860564 0
    endloop
  endfacet
  facet normal 0 0 1
    outer loop
      vertex 0 0 2
      vertex 4.284542779999456 7.028205488386444 2
      vertex 4.39358493703871 82.80860139101513 2
    endloop
  endfacet
  facet normal 0 0 -1
    outer loop
      vertex 4.192021413753113 6.855110186860564 0
      vertex 4.888859533960796 82.3370607753949 0
      vertex 4.23615747130329 6.942793473651995 0
    endloop
  endfacet
  facet normal 0 0 -1
    outer loop
      vertex 4.23615747130329 6.942793473651995 0
      vertex 5.057206526348005 82.23615747130329 0
      vertex 4.284542779999456 7.028205488386444 0
    endloop
  endfacet
  facet normal 0 0 -1
    outer loop
      vertex 4.284542779999456 7.028205488386444 0
      vertex 5.234633135269821 82.15224093497743 0
      vertex 4.337060775394909 7.111140466039204 0
    endloop
  endfacet
  facet normal 0 0 -1
    outer loop
      vertex 4.337060775394909 7.111140466039204 0
      vertex 5.419430645491075 82.08611932853559 0
      vertex 4.39358493703871 7.1913986089848665 0
    endloop
  endfacet
  facet normal 0 0 1
    outer loop
      vertex 4.284542779999456 7.028205488386444 2
      vertex 4.337060775394909 7.111140466039204 2
      vertex 4.39358493703871 82.80860139101513 2
    endloop
  endfacet
  facet normal 0 0 1
    outer loop
      vertex 4.337060775394909 7.111140466039204 2
      vertex 4.39358493703871 7.1913986089848665 2
      vertex 4.39358493703871 82.80860139101513 2
    endloop
  endfacet
  facet normal 0 0 1
    outer loop
      vertex 4.39358493703871 7.1913986089848665 2
      vertex 4.453979093274526 7.268786568327291 2
      vertex 4.39358493703871 82.80860139101513 2
    endloop
  endfacet
  facet normal 0 0 1
    outer loop
      vertex 4.453979093274526 7.268786568327291 2
      vertex 4.518097749290082 7.343117909694037 2
      vertex 4.39358493703871 82.80860139101513 2
    endloop
  endfacet
  facet normal 0 0 1
    outer loop
      vertex 4.518097749290082 7.343117909694037 2
      vertex 4.585786437626905 7.414213562373095 2
      vertex 4.39358493703871 82.80860139101513 2
    endloop
  endfacet
  facet normal 0 0 1
    outer loop
      vertex 4.585786437626905 7.414213562373095 2
      vertex 4.656882090305963 7.481902250709918 2
      vertex 4.39358493703871 82.80860139101513 2
    endloop
  endfacet
  facet normal 0 0 1
    outer loop
      vertex 4.656882090305963 7.481902250709918 2
      vertex 4.731213431672709 7.546020906725474 2
      vertex 4.39358493703871 82.80860139101513 2
    endloop
  endfacet
  facet normal 0 0 1
    outer loop
      vertex 4.731213431672709 7.546020906725474 2
      vertex 4.8086013910151335 7.60641506296129 2
      vertex 4.39358493703871 82.80860139101513 2
    endloop
  endfacet
  facet normal 0 0 1
    outer loop
      vertex 4.8086013910151335 7.60641506296129 2
      vertex 4.888859533960796 7.662939224605091 2
      vertex 4.39358493703871 82.80860139101513 2
    endloop
  endfacet
  facet normal 0 0 1
    outer loop
      vertex 4.888859533960796 7.662939224605091 2
      vertex 4.971794511613556 7.715457220000544 2
      vertex 4.39358493703871 82.80860139101513 2
    endloop
  endfacet
  facet normal 0 0 1
    outer loop
      vertex 4.971794511613556 7.715457220000544 2
      vertex 5.057206526348005 7.76384252869671 2
      vertex 4.39358493703871 82.80860139101513 2
    endloop
  endfacet
  facet normal 0 0 1
    outer loop
      vertex 5.057206526348005 7.76384252869671 2
      vertex 5.144889813139436 7.807978586246887 2
      vertex 4.39358493703871 82.80860139101513 2
    endloop
  endfacet
  facet normal 0 0 1
    outer loop
      vertex 5.144889813139436 7.807978586246887 2
      vertex 5.234633135269821 7.847759065022574 2
      vertex 4.39358493703871 82.80860139101513 2
    endloop
  endfacet
  facet normal 0 0 1
    outer loop
      vertex 5.234633135269821 7.847759065022574 2
      vertex 5.32622029321556 7.883088130366041 2
      vertex 4.39358493703871 82.80860139101513 2
    endloop
  endfacet
  facet normal 0 0 1
    outer loop
      vertex 5.32622029321556 7.883088130366041 2
      vertex 5.419430645491075 7.913880671464417 2
      vertex 4.39358493703871 82.80860139101513 2
    endloop
  endfacet
  facet normal 0 0 1
    outer loop
      vertex 5.419430645491075 7.913880671464417 2
      vertex 5.514039640193472 7.940062506389088 2
      vertex 4.39358493703871 82.80860139101513 2
    endloop
  endfacet
  facet normal 0 0 1
    outer loop
      vertex 5.514039640193472 7.940062506389088 2
      vertex 5.609819355967743 7.961570560806461 2
      vertex 4.39358493703871 82.80860139101513 2
    endloop
  endfacet
  facet normal 0 0 1
    outer loop
      vertex 5.609819355967743 7.961570560806461 2
      vertex 5.706539051089276 7.978353019929562 2
      vertex 4.39358493703871 82.80860139101513 2
    endloop
  endfacet
  facet normal 0 0 1
    outer loop
      vertex 5.706539051089276 7.978353019929562 2
      vertex 5.803965719340879 7.990369453344394 2
      vertex 4.39358493703871 82.80860139101513 2
    endloop
  endfacet
  facet normal 0 0 1
    outer loop
      vertex 5.803965719340879 7.990369453344394 2
      vertex 5.901864651345164 7.997590912410345 2
      vertex 4.39358493703871 82.80860139101513 2
    endloop
  endfacet
  facet normal 0 0 1
    outer loop
      vertex 5.901864651345164 7.997590912410345 2
      vertex 6 8 2
      vertex 4.39358493703871 82.80860139101513 2
    endloop
  endfacet
  facet normal 0 0 1
    outer loop
      vertex 6 8 2
      vertex 6.098135348654836 7.997590912410345 2
      vertex 4.39358493703871 82.80860139101513 2
    endloop
  endfacet
  facet normal 0 0 1
    outer loop
      vertex 6.098135348654836 7.997590912410345 2
      vertex 6.196034280659121 7.990369453344394 2
      vertex 4.39358493703871 82.80860139101513 2
    endloop
  endfacet
  facet normal 0 0 1
    outer loop
      vertex 6.196034280659121 7.990369453344394 2
      vertex 6.293460948910724 7.978353019929562 2
      vertex 4.39358493703871 82.80860139101513 2
    endloop
  endfacet
  facet normal 0 0 1
    outer loop
      vertex 6.390180644032257 7.961570560806461 2
      vertex 4.39358493703871 82.80860139101513 2
      vertex 6.293460948910724 7.978353019929562 2
    endloop
  endfacet
  facet normal 0 0 1
    outer loop
      vertex 6.390180644032257 7.961570560806461 2
      vertex 6.485960359806528 7.940062506389088 2
      vertex 4.39358493703871 82.80860139101513 2
    endloop
  endfacet
  facet normal 0 0 1
    outer loop
      vertex 6.485960359806528 7.940062506389088 2
      vertex 6.580569354508925 7.913880671464417 2
      vertex 4.39358493703871 82.80860139101513 2
    endloop
  endfacet
  facet normal 0 0 1
    outer loop
      vertex 6.580569354508925 7.913880671464417 2
      vertex 6.67377970678444 7.883088130366041 2
      vertex 4.39358493703871 82.80860139101513 2
    endloop
  endfacet
  facet normal 0 0 1
    outer loop
      vertex 6.67377970678444 7.883088130366041 2
      vertex 6.765366864730179 7.847759065022574 2
      vertex 4.39358493703871 82.80860139101513 2
    endloop
  endfacet
  facet normal 0 0 1
    outer loop
      vertex 6.765366864730179 7.847759065022574 2
      vertex 6.855110186860564 7.807978586246887 2
      vertex 4.39358493703871 82.80860139101513 2
    endloop
  endfacet
  facet normal 0 0 1
    outer loop
      vertex 6.942793473651995 7.76384252869671 2
      vertex 7.028205488386444 7.715457220000544 2
      vertex 4.39358493703871 82.80860139101513 2
    endloop
  endfacet
  facet normal 0 0 1
    outer loop
      vertex 7.028205488386444 7.715457220000544 2
      vertex 7.111140466039204 7.662939224605091 2
      vertex 4.39358493703871 82.80860139101513 2
    endloop
  endfacet
  facet normal 0 0 1
    outer loop
      vertex 7.111140466039204 7.662939224605091 2
      vertex 7.1913986089848665 7.60641506296129 2
      vertex 4.39358493703871 82.80860139101513 2
    endloop
  endfacet
  facet normal 0 0 1
    outer loop
      vertex 7.268786568327291 7.546020906725474 2
      vertex 7.343117909694037 7.481902250709918 2
      vertex 4.39358493703871 82.80860139101513 2
    endloop
  endfacet
  facet normal 0 0 1
    outer loop
      vertex 7.1913986089848665 7.60641506296129 2
      vertex 7.268786568327291 7.546020906725474 2
      vertex 4.39358493703871 82.80860139101513 2
    endloop
  endfacet
  facet normal 0 0 1
    outer loop
      vertex 7.414213562373095 7.414213562373095 2
      vertex 7.481902250709918 7.343117909694037 2
      vertex 4.39358493703871 82.80860139101513 2
    endloop
  endfacet
  facet normal 0 0 1
    outer loop
      vertex 7.343117909694037 7.481902250709918 2
      vertex 7.414213562373095 7.414213562373095 2
      vertex 4.39358493703871 82.80860139101513 2
    endloop
  endfacet
  facet normal 0 0 1
    outer loop
      vertex 6.855110186860564 7.807978586246887 2
      vertex 6.942793473651995 7.76384252869671 2
      vertex 4.39358493703871 82.80860139101513 2
    endloop
  endfacet
  facet normal 0 0 1
    outer loop
      vertex 7.715457220000544 7.028205488386444 2
      vertex 4.39358493703871 82.80860139101513 2
      vertex 7.662939224605091 7.111140466039204 2
    endloop
  endfacet
  facet normal 0 0 1
    outer loop
      vertex 7.715457220000544 7.028205488386444 2
      vertex 7.76384252869671 6.942793473651995 2
      vertex 4.39358493703871 82.80860139101513 2
    endloop
  endfacet
  facet normal 0 0 1
    outer loop
      vertex 7.481902250709918 7.343117909694037 2
      vertex 7.546020906725474 7.268786568327291 2
      vertex 4.39358493703871 82.80860139101513 2
    endloop
  endfacet
  facet normal 0 0 1
    outer loop
      vertex 7.546020906725474 7.268786568327291 2
      vertex 7.60641506296129 7.1913986089848665 2
      vertex 4.39358493703871 82.80860139101513 2
    endloop
  endfacet
  facet normal 0 0 1
    outer loop
      vertex 7.60641506296129 7.1913986089848665 2
      vertex 7.662939224605091 7.111140466039204 2
      vertex 4.39358493703871 82.80860139101513 2
    endloop
  endfacet
  facet normal 0 0 1
    outer loop
      vertex 0 0 2
      vertex 4.284542779999456 82.97179451161355 2
      vertex 4.23615747130329 83.05720652634801 2
    endloop
  endfacet
  facet normal 0 0 1
    outer loop
      vertex 0 0 2
      vertex 4.337060775394909 82.8888595339608 2
      vertex 4.284542779999456 82.97179451161355 2
    endloop
  endfacet
  facet normal 0 0 1
    outer loop
      vertex 0 0 2
      vertex 4.39358493703871 82.80860139101513 2
      vertex 4.337060775394909 82.8888595339608 2
    endloop
  endfacet
  facet normal 0 0 1
    outer loop
      vertex 0 0 2
      vertex 4.23615747130329 83.05720652634801 2
      vertex 4.192021413753113 83.14488981313943 2
    endloop
  endfacet
  facet normal 0 0 1
    outer loop
      vertex 0 0 2
      vertex 47.65688209030596 4.518097749290082 2
      vertex 6 4 2
    endloop
  endfacet
  facet normal 0 -1 0
    outer loop
      vertex 0 0 0
      vertex 55 0 2
      vertex 0 0 2
    endloop
  endfacet
  facet normal 0 0 -1
    outer loop
      vertex 0 0 0
      vertex 5.803965719340879 4.009630546655606 0
      vertex 55 0 0
    endloop
  endfacet
  facet normal 0 0 1
    outer loop
      vertex 6 4 2
      vertex 47.65688209030596 4.518097749290082 2
      vertex 6.098135348654836 4.002409087589655 2
    endloop
  endfacet
  facet normal 0 0 1
    outer loop
      vertex 6.098135348654836 4.002409087589655 2
      vertex 47.65688209030596 4.518097749290082 2
      vertex 6.196034280659121 4.009630546655606 2
    endloop
  endfacet
  facet normal 0 0 1
    outer loop
      vertex 6.196034280659121 4.009630546655606 2
      vertex 47.65688209030596 4.518097749290082 2
      vertex 6.293460948910724 4.021646980070438 2
    endloop
  endfacet
  facet normal 0 0 1
    outer loop
      vertex 6.293460948910724 4.021646980070438 2
      vertex 47.65688209030596 4.518097749290082 2
      vertex 6.390180644032257 4.038429439193539 2
    endloop
  endfacet
  facet normal 0 0 1
    outer loop
      vertex 6.390180644032257 4.038429439193539 2
      vertex 47.65688209030596 4.518097749290082 2
      vertex 6.485960359806528 4.059937493610912 2
    endloop
  endfacet
  facet normal 0 0 1
    outer loop
      vertex 6.485960359806528 4.059937493610912 2
      vertex 47.65688209030596 4.518097749290082 2
      vertex 6.580569354508925 4.086119328535583 2
    endloop
  endfacet
  facet normal 0 0 1
    outer loop
      vertex 6.580569354508925 4.086119328535583 2
      vertex 47.65688209030596 4.518097749290082 2
      vertex 6.67377970678444 4.116911869633959 2
    endloop
  endfacet
  facet normal 0 0 1
    outer loop
      vertex 6.67377970678444 4.116911869633959 2
      vertex 47.65688209030596 4.518097749290082 2
      vertex 6.765366864730179 4.152240934977426 2
    endloop
  endfacet
  facet normal 0 0 1
    outer loop
      vertex 6.765366864730179 4.152240934977426 2
      vertex 47.65688209030596 4.518097749290082 2
      vertex 6.855110186860564 4.192021413753113 2
    endloop
  endfacet
  facet normal 0 0 1
    outer loop
      vertex 6.855110186860564 4.192021413753113 2
      vertex 47.65688209030596 4.518097749290082 2
      vertex 6.942793473651995 4.23615747130329 2
    endloop
  endfacet
  facet normal 0 0 1
    outer loop
      vertex 6.942793473651995 4.23615747130329 2
      vertex 47.65688209030596 4.518097749290082 2
      vertex 7.028205488386444 4.284542779999456 2
    endloop
  endfacet
  facet normal 0 0 1
    outer loop
      vertex 7.028205488386444 4.284542779999456 2
      vertex 47.65688209030596 4.518097749290082 2
      vertex 7.111140466039204 4.337060775394909 2
    endloop
  endfacet
  facet normal 0 0 -1
    outer loop
      vertex 5.803965719340879 4.009630546655606 0
      vertex 5.901864651345164 4.002409087589655 0
      vertex 55 0 0
    endloop
  endfacet
  facet normal 0 0 -1
    outer loop
      vertex 5.901864651345164 4.002409087589655 0
      vertex 6 4 0
      vertex 55 0 0
    endloop
  endfacet
  facet normal 0 0 -1
    outer loop
      vertex 7.343117909694037 4.518097749290082 0
      vertex 7.414213562373095 4.585786437626905 0
      vertex 47.65688209030596 4.518097749290082 0
    endloop
  endfacet
  facet normal 0 0 -1
    outer loop
      vertex 7.414213562373095 4.585786437626905 0
      vertex 7.481902250709918 4.656882090305963 0
      vertex 47.58578643762691 4.585786437626905 0
    endloop
  endfacet
  facet normal 0 0 -1
    outer loop
      vertex 7.481902250709918 4.656882090305963 0
      vertex 7.546020906725474 4.731213431672709 0
      vertex 47.518097749290085 4.656882090305963 0
    endloop
  endfacet
  facet normal 0 0 -1
    outer loop
      vertex 7.546020906725474 4.731213431672709 0
      vertex 7.60641506296129 4.8086013910151335 0
      vertex 47.453979093274526 4.731213431672709 0
    endloop
  endfacet
  facet normal 0 0 -1
    outer loop
      vertex 7.60641506296129 4.8086013910151335 0
      vertex 7.662939224605091 4.888859533960796 0
      vertex 47.39358493703871 4.8086013910151335 0
    endloop
  endfacet
  facet normal 0 0 -1
    outer loop
      vertex 7.662939224605091 4.888859533960796 0
      vertex 7.715457220000544 4.971794511613556 0
      vertex 47.33706077539491 4.888859533960796 0
    endloop
  endfacet
  facet normal 0 0 -1
    outer loop
      vertex 7.715457220000544 4.971794511613556 0
      vertex 7.76384252869671 5.057206526348005 0
      vertex 47.284542779999455 4.971794511613556 0
    endloop
  endfacet
  facet normal 0 0 -1
    outer loop
      vertex 7.76384252869671 5.057206526348005 0
      vertex 7.807978586246887 5.144889813139436 0
      vertex 47.23615747130329 5.057206526348005 0
    endloop
  endfacet
  facet normal 0 0 -1
    outer loop
      vertex 7.807978586246887 5.144889813139436 0
      vertex 7.847759065022574 5.234633135269821 0
      vertex 47.19202141375311 5.144889813139436 0
    endloop
  endfacet
  facet normal 0 0 -1
    outer loop
      vertex 7.847759065022574 5.234633135269821 0
      vertex 7.883088130366041 5.32622029321556 0
      vertex 47.15224093497743 5.234633135269821 0
    endloop
  endfacet
  facet normal 0 0 -1
    outer loop
      vertex 7.883088130366041 5.32622029321556 0
      vertex 7.913880671464417 5.419430645491075 0
      vertex 47.11691186963396 5.32622029321556 0
    endloop
  endfacet
  facet normal 0 0 -1
    outer loop
      vertex 7.913880671464417 5.419430645491075 0
      vertex 7.940062506389088 5.514039640193472 0
      vertex 47.08611932853558 5.419430645491075 0
    endloop
  endfacet
  facet normal 0 0 -1
    outer loop
      vertex 7.940062506389088 5.514039640193472 0
      vertex 7.961570560806461 5.609819355967743 0
      vertex 47.05993749361091 5.514039640193472 0
    endloop
  endfacet
  facet normal 0 0 -1
    outer loop
      vertex 7.961570560806461 5.609819355967743 0
      vertex 7.978353019929562 5.706539051089276 0
      vertex 47.038429439193536 5.609819355967743 0
    endloop
  endfacet
  facet normal 0 0 -1
    outer loop
      vertex 7.978353019929562 5.706539051089276 0
      vertex 7.990369453344394 5.803965719340879 0
      vertex 47.021646980070436 5.706539051089276 0
    endloop
  endfacet
  facet normal 0 0 -1
    outer loop
      vertex 7.990369453344394 5.803965719340879 0
      vertex 7.997590912410345 5.901864651345164 0
      vertex 47.00963054665561 5.803965719340879 0
    endloop
  endfacet
  facet normal 0 0 -1
    outer loop
      vertex 7.997590912410345 5.901864651345164 0
      vertex 8 6 0
      vertex 47.002409087589655 5.901864651345164 0
    endloop
  endfacet
  facet normal 0 0 -1
    outer loop
      vertex 8 6 0
      vertex 7.997590912410345 6.098135348654836 0
      vertex 47 6 0
    endloop
  endfacet
  facet normal 0 0 -1
    outer loop
      vertex 7.997590912410345 6.098135348654836 0
      vertex 7.990369453344394 6.196034280659121 0
      vertex 47.002409087589655 6.098135348654836 0
    endloop
  endfacet
  facet normal 0 0 -1
    outer loop
      vertex 7.990369453344394 6.196034280659121 0
      vertex 7.978353019929562 6.293460948910724 0
      vertex 47.00963054665561 6.196034280659121 0
    endloop
  endfacet
  facet normal 0 0 -1
    outer loop
      vertex 7.978353019929562 6.293460948910724 0
      vertex 7.961570560806461 6.390180644032257 0
      vertex 47.021646980070436 6.293460948910724 0
    endloop
  endfacet
  facet normal 0 0 -1
    outer loop
      vertex 7.940062506389088 6.485960359806528 0
      vertex 47.038429439193536 6.390180644032257 0
      vertex 7.961570560806461 6.390180644032257 0
    endloop
  endfacet
  facet normal 0 0 -1
    outer loop
      vertex 7.940062506389088 6.485960359806528 0
      vertex 7.913880671464417 6.580569354508925 0
      vertex 47.05993749361091 6.485960359806528 0
    endloop
  endfacet
  facet normal 0 0 -1
    outer loop
      vertex 7.913880671464417 6.580569354508925 0
      vertex 7.883088130366041 6.67377970678444 0
      vertex 47.08611932853558 6.580569354508925 0
    endloop
  endfacet
  facet normal 0 0 -1
    outer loop
      vertex 7.807978586246887 6.855110186860564 0
      vertex 47.15224093497743 6.765366864730179 0
      vertex 7.847759065022574 6.765366864730179 0
    endloop
  endfacet
  facet normal 0 0 -1
    outer loop
      vertex 7.807978586246887 6.855110186860564 0
      vertex 7.76384252869671 6.942793473651995 0
      vertex 47.19202141375311 6.855110186860564 0
    endloop
  endfacet
  facet normal 0 0 -1
    outer loop
      vertex 7.715457220000544 7.028205488386444 0
      vertex 47.23615747130329 6.942793473651995 0
      vertex 7.76384252869671 6.942793473651995 0
    endloop
  endfacet
  facet normal 0 0 -1
    outer loop
      vertex 7.883088130366041 6.67377970678444 0
      vertex 7.847759065022574 6.765366864730179 0
      vertex 47.11691186963396 6.67377970678444 0
    endloop
  endfacet
  facet normal 0 0 1
    outer loop
      vertex 7.111140466039204 4.337060775394909 2
      vertex 47.65688209030596 4.518097749290082 2
      vertex 7.1913986089848665 4.39358493703871 2
    endloop
  endfacet
  facet normal 0 0 1
    outer loop
      vertex 7.1913986089848665 4.39358493703871 2
      vertex 47.65688209030596 4.518097749290082 2
      vertex 7.268786568327291 4.453979093274526 2
    endloop
  endfacet
  facet normal 0 0 1
    outer loop
      vertex 7.268786568327291 4.453979093274526 2
      vertex 47.65688209030596 4.518097749290082 2
      vertex 7.343117909694037 4.518097749290082 2
    endloop
  endfacet
  facet normal 0 0 1
    outer loop
      vertex 7.343117909694037 4.518097749290082 2
      vertex 47.58578643762691 4.585786437626905 2
      vertex 7.414213562373095 4.585786437626905 2
    endloop
  endfacet
  facet normal 0 0 1
    outer loop
      vertex 7.414213562373095 4.585786437626905 2
      vertex 47.518097749290085 4.656882090305963 2
      vertex 7.481902250709918 4.656882090305963 2
    endloop
  endfacet
  facet normal 0 0 1
    outer loop
      vertex 7.481902250709918 4.656882090305963 2
      vertex 47.453979093274526 4.731213431672709 2
      vertex 7.546020906725474 4.731213431672709 2
    endloop
  endfacet
  facet normal 0 0 1
    outer loop
      vertex 7.546020906725474 4.731213431672709 2
      vertex 47.39358493703871 4.8086013910151335 2
      vertex 7.60641506296129 4.8086013910151335 2
    endloop
  endfacet
  facet normal 0 0 1
    outer loop
      vertex 7.60641506296129 4.8086013910151335 2
      vertex 47.33706077539491 4.888859533960796 2
      vertex 7.662939224605091 4.888859533960796 2
    endloop
  endfacet
  facet normal 0 0 1
    outer loop
      vertex 7.662939224605091 4.888859533960796 2
      vertex 47.284542779999455 4.971794511613556 2
      vertex 7.715457220000544 4.971794511613556 2
    endloop
  endfacet
  facet normal 0 0 1
    outer loop
      vertex 7.715457220000544 4.971794511613556 2
      vertex 47.23615747130329 5.057206526348005 2
      vertex 7.76384252869671 5.057206526348005 2
    endloop
  endfacet
  facet normal 0 0 1
    outer loop
      vertex 7.76384252869671 5.057206526348005 2
      vertex 47.19202141375311 5.144889813139436 2
      vertex 7.807978586246887 5.144889813139436 2
    endloop
  endfacet
  facet normal 0 0 1
    outer loop
      vertex 7.807978586246887 5.144889813139436 2
      vertex 47.15224093497743 5.234633135269821 2
      vertex 7.847759065022574 5.234633135269821 2
    endloop
  endfacet
  facet normal 0 0 1
    outer loop
      vertex 7.847759065022574 5.234633135269821 2
      vertex 47.11691186963396 5.32622029321556 2
      vertex 7.883088130366041 5.32622029321556 2
    endloop
  endfacet
  facet normal 0 0 1
    outer loop
      vertex 7.883088130366041 5.32622029321556 2
      vertex 47.08611932853558 5.419430645491075 2
      vertex 7.913880671464417 5.419430645491075 2
    endloop
  endfacet
  facet normal 0 0 1
    outer loop
      vertex 7.913880671464417 5.419430645491075 2
      vertex 47.05993749361091 5.514039640193472 2
      vertex 7.940062506389088 5.514039640193472 2
    endloop
  endfacet
  facet normal 0 0 1
    outer loop
      vertex 7.940062506389088 5.514039640193472 2
      vertex 47.038429439193536 5.609819355967743 2
      vertex 7.961570560806461 5.609819355967743 2
    endloop
  endfacet
  facet normal 0 0 1
    outer loop
      vertex 7.961570560806461 5.609819355967743 2
      vertex 47.021646980070436 5.706539051089276 2
      vertex 7.978353019929562 5.706539051089276 2
    endloop
  endfacet
  facet normal 0 0 1
    outer loop
      vertex 7.978353019929562 5.706539051089276 2
      vertex 47.00963054665561 5.803965719340879 2
      vertex 7.990369453344394 5.803965719340879 2
    endloop
  endfacet
  facet normal 0 0 1
    outer loop
      vertex 7.990369453344394 5.803965719340879 2
      vertex 47.002409087589655 5.901864651345164 2
      vertex 7.997590912410345 5.901864651345164 2
    endloop
  endfacet
  facet normal 0 0 1
    outer loop
      vertex 7.997590912410345 5.901864651345164 2
      vertex 47 6 2
      vertex 8 6 2
    endloop
  endfacet
  facet normal 0 0 1
    outer loop
      vertex 8 6 2
      vertex 47.002409087589655 6.098135348654836 2
      vertex 7.997590912410345 6.098135348654836 2
    endloop
  endfacet
  facet normal 0 0 1
    outer loop
      vertex 7.997590912410345 6.098135348654836 2
      vertex 47.00963054665561 6.196034280659121 2
      vertex 7.990369453344394 6.196034280659121 2
    endloop
  endfacet
  facet normal 0 0 1
    outer loop
      vertex 7.990369453344394 6.196034280659121 2
      vertex 47.021646980070436 6.293460948910724 2
      vertex 7.978353019929562 6.293460948910724 2
    endloop
  endfacet
  facet normal 0 0 1
    outer loop
      vertex 7.978353019929562 6.293460948910724 2
      vertex 47.038429439193536 6.390180644032257 2
      vertex 7.961570560806461 6.390180644032257 2
    endloop
  endfacet
  facet normal 0 0 1
    outer loop
      vertex 7.940062506389088 6.485960359806528 2
      vertex 7.961570560806461 6.390180644032257 2
      vertex 47.05993749361091 6.485960359806528 2
    endloop
  endfacet
  facet normal 0 0 1
    outer loop
      vertex 7.940062506389088 6.485960359806528 2
      vertex 47.08611932853558 6.580569354508925 2
      vertex 7.913880671464417 6.580569354508925 2
    endloop
  endfacet
  facet normal 0 0 1
    outer loop
      vertex 7.913880671464417 6.580569354508925 2
      vertex 47.11691186963396 6.67377970678444 2
      vertex 7.883088130366041 6.67377970678444 2
    endloop
  endfacet
  facet normal 0 0 1
    outer loop
      vertex 7.807978586246887 6.855110186860564 2
      vertex 47.23615747130329 6.942793473651995 2
      vertex 7.76384252869671 6.942793473651995 2
    endloop
  endfacet
  facet normal 0 0 1
    outer loop
      vertex 7.883088130366041 6.67377970678444 2
      vertex 47.15224093497743 6.765366864730179 2
      vertex 7.847759065022574 6.765366864730179 2
    endloop
  endfacet
  facet normal 0 0 1
    outer loop
      vertex 7.807978586246887 6.855110186860564 2
      vertex 7.847759065022574 6.765366864730179 2
      vertex 47.19202141375311 6.855110186860564 2
    endloop
  endfacet
  facet normal 0 0 -1
    outer loop
      vertex 6 4 0
      vertex 6.098135348654836 4.002409087589655 0
      vertex 55 0 0
    endloop
  endfacet
  facet normal 0 0 -1
    outer loop
      vertex 6.098135348654836 4.002409087589655 0
      vertex 6.196034280659121 4.009630546655606 0
      vertex 55 0 0
    endloop
  endfacet
  facet normal 0 0 -1
    outer loop
      vertex 6.196034280659121 4.009630546655606 0
      vertex 6.293460948910724 4.021646980070438 0
      vertex 55 0 0
    endloop
  endfacet
  facet normal 0 0 -1
    outer loop
      vertex 6.293460948910724 4.021646980070438 0
      vertex 6.390180644032257 4.038429439193539 0
      vertex 55 0 0
    endloop
  endfacet
  facet normal 0 0 -1
    outer loop
      vertex 6.390180644032257 4.038429439193539 0
      vertex 6.485960359806528 4.059937493610912 0
      vertex 55 0 0
    endloop
  endfacet
  facet normal 0 0 -1
    outer loop
      vertex 6.485960359806528 4.059937493610912 0
      vertex 6.580569354508925 4.086119328535583 0
      vertex 55 0 0
    endloop
  endfacet
  facet normal 0 0 -1
    outer loop
      vertex 6.580569354508925 4.086119328535583 0
      vertex 6.67377970678444 4.116911869633959 0
      vertex 55 0 0
    endloop
  endfacet
  facet normal 0 0 -1
    outer loop
      vertex 6.67377970678444 4.116911869633959 0
      vertex 6.765366864730179 4.152240934977426 0
      vertex 55 0 0
    endloop
  endfacet
  facet normal 0 0 -1
    outer loop
      vertex 6.765366864730179 4.152240934977426 0
      vertex 6.855110186860564 4.192021413753113 0
      vertex 55 0 0
    endloop
  endfacet
  facet normal 0 0 -1
    outer loop
      vertex 6.855110186860564 4.192021413753113 0
      vertex 6.942793473651995 4.23615747130329 0
      vertex 55 0 0
    endloop
  endfacet
  facet normal 0 0 -1
    outer loop
      vertex 6.942793473651995 4.23615747130329 0
      vertex 7.028205488386444 4.284542779999456 0
      vertex 55 0 0
    endloop
  endfacet
  facet normal 0 0 -1
    outer loop
      vertex 7.028205488386444 4.284542779999456 0
      vertex 7.111140466039204 4.337060775394909 0
      vertex 55 0 0
    endloop
  endfacet
  facet normal 0 0 -1
    outer loop
      vertex 7.111140466039204 4.337060775394909 0
      vertex 7.1913986089848665 4.39358493703871 0
      vertex 55 0 0
    endloop
  endfacet
  facet normal 0 0 -1
    outer loop
      vertex 7.1913986089848665 4.39358493703871 0
      vertex 7.268786568327291 4.453979093274526 0
      vertex 55 0 0
    endloop
  endfacet
  facet normal 0 0 -1
    outer loop
      vertex 7.268786568327291 4.453979093274526 0
      vertex 7.343117909694037 4.518097749290082 0
      vertex 55 0 0
    endloop
  endfacet
  facet normal 0 0 -1
    outer loop
      vertex 4.39358493703871 7.1913986089848665 0
      vertex 50.60641506296129 82.80860139101513 0
      vertex 4.453979093274526 7.268786568327291 0
    endloop
  endfacet
  facet normal 0 0 -1
    outer loop
      vertex 4.453979093274526 7.268786568327291 0
      vertex 50.60641506296129 82.80860139101513 0
      vertex 4.518097749290082 7.343117909694037 0
    endloop
  endfacet
  facet normal 0 0 -1
    outer loop
      vertex 4.518097749290082 7.343117909694037 0
      vertex 50.60641506296129 82.80860139101513 0
      vertex 4.585786437626905 7.414213562373095 0
    endloop
  endfacet
  facet normal 0 0 -1
    outer loop
      vertex 4.585786437626905 7.414213562373095 0
      vertex 50.60641506296129 82.80860139101513 0
      vertex 4.656882090305963 7.481902250709918 0
    endloop
  endfacet
  facet normal 0 0 -1
    outer loop
      vertex 4.656882090305963 7.481902250709918 0
      vertex 50.60641506296129 82.80860139101513 0
      vertex 4.731213431672709 7.546020906725474 0
    endloop
  endfacet
  facet normal 0 0 -1
    outer loop
      vertex 4.731213431672709 7.546020906725474 0
      vertex 50.60641506296129 82.80860139101513 0
      vertex 4.8086013910151335 7.60641506296129 0
    endloop
  endfacet
  facet normal 0 0 -1
    outer loop
      vertex 4.8086013910151335 7.60641506296129 0
      vertex 50.60641506296129 82.80860139101513 0
      vertex 4.888859533960796 7.662939224605091 0
    endloop
  endfacet
  facet normal 0 0 -1
    outer loop
      vertex 4.888859533960796 7.662939224605091 0
      vertex 50.60641506296129 82.80860139101513 0
      vertex 4.971794511613556 7.715457220000544 0
    endloop
  endfacet
  facet normal 0 0 -1
    outer loop
      vertex 4.971794511613556 7.715457220000544 0
      vertex 50.60641506296129 82.80860139101513 0
      vertex 5.057206526348005 7.76384252869671 0
    endloop
  endfacet
  facet normal 0 0 -1
    outer loop
      vertex 5.057206526348005 7.76384252869671 0
      vertex 50.60641506296129 82.80860139101513 0
      vertex 5.144889813139436 7.807978586246887 0
    endloop
  endfacet
  facet normal 0 0 -1
    outer loop
      vertex 5.144889813139436 7.807978586246887 0
      vertex 50.60641506296129 82.80860139101513 0
      vertex 5.234633135269821 7.847759065022574 0
    endloop
  endfacet
  facet normal 0 0 -1
    outer loop
      vertex 5.234633135269821 7.847759065022574 0
      vertex 50.60641506296129 82.80860139101513 0
      vertex 5.32622029321556 7.883088130366041 0
    endloop
  endfacet
  facet normal 0 0 -1
    outer loop
      vertex 5.32622029321556 7.883088130366041 0
      vertex 50.60641506296129 82.80860139101513 0
      vertex 5.419430645491075 7.913880671464417 0
    endloop
  endfacet
  facet normal 0 0 -1
    outer loop
      vertex 5.419430645491075 7.913880671464417 0
      vertex 50.60641506296129 82.80860139101513 0
      vertex 5.514039640193472 7.940062506389088 0
    endloop
  endfacet
  facet normal 0 0 -1
    outer loop
      vertex 5.514039640193472 7.940062506389088 0
      vertex 50.60641506296129 82.80860139101513 0
      vertex 5.609819355967743 7.961570560806461 0
    endloop
  endfacet
  facet normal 0 0 1
    outer loop
      vertex 7.76384252869671 6.942793473651995 2
      vertex 47.284542779999455 7.028205488386444 2
      vertex 4.39358493703871 82.80860139101513 2
    endloop
  endfacet
  facet normal 0 0 -1
    outer loop
      vertex 5.609819355967743 7.961570560806461 0
      vertex 50.60641506296129 82.80860139101513 0
      vertex 5.706539051089276 7.978353019929562 0
    endloop
  endfacet
  facet normal 0 0 -1
    outer loop
      vertex 5.706539051089276 7.978353019929562 0
      vertex 50.60641506296129 82.80860139101513 0
      vertex 5.803965719340879 7.990369453344394 0
    endloop
  endfacet
  facet normal 0 0 -1
    outer loop
      vertex 5.803965719340879 7.990369453344394 0
      vertex 50.60641506296129 82.80860139101513 0
      vertex 5.901864651345164 7.997590912410345 0
    endloop
  endfacet
  facet normal 0 0 -1
    outer loop
      vertex 5.901864651345164 7.997590912410345 0
      vertex 50.60641506296129 82.80860139101513 0
      vertex 6 8 0
    endloop
  endfacet
  facet normal 0 0 -1
    outer loop
      vertex 6 8 0
      vertex 50.60641506296129 82.80860139101513 0
      vertex 6.098135348654836 7.997590912410345 0
    endloop
  endfacet
  facet normal 0 0 -1
    outer loop
      vertex 6.098135348654836 7.997590912410345 0
      vertex 50.60641506296129 82.80860139101513 0
      vertex 6.196034280659121 7.990369453344394 0
    endloop
  endfacet
  facet normal 0 0 -1
    outer loop
      vertex 6.196034280659121 7.990369453344394 0
      vertex 50.60641506296129 82.80860139101513 0
      vertex 6.293460948910724 7.978353019929562 0
    endloop
  endfacet
  facet normal 0 0 -1
    outer loop
      vertex 6.390180644032257 7.961570560806461 0
      vertex 6.293460948910724 7.978353019929562 0
      vertex 50.60641506296129 82.80860139101513 0
    endloop
  endfacet
  facet normal 0 0 -1
    outer loop
      vertex 6.390180644032257 7.961570560806461 0
      vertex 50.60641506296129 82.80860139101513 0
      vertex 6.485960359806528 7.940062506389088 0
    endloop
  endfacet
  facet normal 0 0 -1
    outer loop
      vertex 6.485960359806528 7.940062506389088 0
      vertex 50.60641506296129 82.80860139101513 0
      vertex 6.580569354508925 7.913880671464417 0
    endloop
  endfacet
  facet normal 0 0 -1
    outer loop
      vertex 6.580569354508925 7.913880671464417 0
      vertex 50.60641506296129 82.80860139101513 0
      vertex 6.67377970678444 7.883088130366041 0
    endloop
  endfacet
  facet normal 0 0 -1
    outer loop
      vertex 6.67377970678444 7.883088130366041 0
      vertex 50.60641506296129 82.80860139101513 0
      vertex 6.765366864730179 7.847759065022574 0
    endloop
  endfacet
  facet normal 0 0 -1
    outer loop
      vertex 6.765366864730179 7.847759065022574 0
      vertex 50.60641506296129 82.80860139101513 0
      vertex 6.855110186860564 7.807978586246887 0
    endloop
  endfacet
  facet normal 0 0 -1
    outer loop
      vertex 6.855110186860564 7.807978586246887 0
      vertex 50.60641506296129 82.80860139101513 0
      vertex 6.942793473651995 7.76384252869671 0
    endloop
  endfacet
  facet normal 0 0 -1
    outer loop
      vertex 6.942793473651995 7.76384252869671 0
      vertex 50.60641506296129 82.80860139101513 0
      vertex 7.028205488386444 7.715457220000544 0
    endloop
  endfacet
  facet normal 0 0 -1
    outer loop
      vertex 7.028205488386444 7.715457220000544 0
      vertex 50.60641506296129 82.80860139101513 0
      vertex 7.111140466039204 7.662939224605091 0
    endloop
  endfacet
  facet normal 0 0 -1
    outer loop
      vertex 7.111140466039204 7.662939224605091 0
      vertex 50.60641506296129 82.80860139101513 0
      vertex 7.1913986089848665 7.60641506296129 0
    endloop
  endfacet
  facet normal 0 0 -1
    outer loop
      vertex 7.1913986089848665 7.60641506296129 0
      vertex 50.60641506296129 82.80860139101513 0
      vertex 7.268786568327291 7.546020906725474 0
    endloop
  endfacet
  facet normal 0 0 -1
    outer loop
      vertex 7.268786568327291 7.546020906725474 0
      vertex 50.60641506296129 82.80860139101513 0
      vertex 7.343117909694037 7.481902250709918 0
    endloop
  endfacet
  facet normal 0 0 -1
    outer loop
      vertex 7.343117909694037 7.481902250709918 0
      vertex 50.60641506296129 82.80860139101513 0
      vertex 7.414213562373095 7.414213562373095 0
    endloop
  endfacet
  facet normal 0 0 -1
    outer loop
      vertex 7.414213562373095 7.414213562373095 0
      vertex 50.60641506296129 82.80860139101513 0
      vertex 7.481902250709918 7.343117909694037 0
    endloop
  endfacet
  facet normal 0 0 -1
    outer loop
      vertex 7.481902250709918 7.343117909694037 0
      vertex 50.60641506296129 82.80860139101513 0
      vertex 7.546020906725474 7.268786568327291 0
    endloop
  endfacet
  facet normal 0 0 -1
    outer loop
      vertex 7.715457220000544 7.028205488386444 0
      vertex 7.662939224605091 7.111140466039204 0
      vertex 50.60641506296129 82.80860139101513 0
    endloop
  endfacet
  facet normal 0 0 -1
    outer loop
      vertex 7.546020906725474 7.268786568327291 0
      vertex 50.60641506296129 82.80860139101513 0
      vertex 7.60641506296129 7.1913986089848665 0
    endloop
  endfacet
  facet normal 0 0 -1
    outer loop
      vertex 7.60641506296129 7.1913986089848665 0
      vertex 50.60641506296129 82.80860139101513 0
      vertex 7.662939224605091 7.111140466039204 0
    endloop
  endfacet
  facet normal 0 0 1
    outer loop
      vertex 5.057206526348005 82.23615747130329 2
      vertex 50.60641506296129 7.1913986089848665 2
      vertex 12.5 70 2
    endloop
  endfacet
  facet normal -1 0 0
    outer loop
      vertex 0 0 0
      vertex 0 90 2
      vertex 0 90 0
    endloop
  endfacet
  facet normal 0 0 -1
    outer loop
      vertex 0 0 0
      vertex 0 90 0
      vertex 4 84 0
    endloop
  endfacet
  facet normal 0 0 1
    outer loop
      vertex 0 0 2
      vertex 4.192021413753113 83.14488981313943 2
      vertex 0 90 2
    endloop
  endfacet
  facet normal 0 0 -1
    outer loop
      vertex 4.192021413753113 6.855110186860564 0
      vertex 4.284542779999456 82.97179451161355 0
      vertex 4.337060775394909 82.8888595339608 0
    endloop
  endfacet
  facet normal 0 0 -1
    outer loop
      vertex 4.192021413753113 6.855110186860564 0
      vertex 4.009630546655606 83.80396571934088 0
      vertex 4.021646980070438 83.70653905108928 0
    endloop
  endfacet
  facet normal 0 0 -1
    outer loop
      vertex 4.192021413753113 6.855110186860564 0
      vertex 4.002409087589655 83.90186465134516 0
      vertex 4.009630546655606 83.80396571934088 0
    endloop
  endfacet
  facet normal 0 0 -1
    outer loop
      vertex 4.192021413753113 6.855110186860564 0
      vertex 4 84 0
      vertex 4.002409087589655 83.90186465134516 0
    endloop
  endfacet
  facet normal 0 0 -1
    outer loop
      vertex 4.192021413753113 6.855110186860564 0
      vertex 4.116911869633959 83.32622029321556 0
      vertex 4.152240934977426 83.23463313526982 0
    endloop
  endfacet
  facet normal 0 0 -1
    outer loop
      vertex 4.192021413753113 6.855110186860564 0
      vertex 4.152240934977426 83.23463313526982 0
      vertex 4.192021413753113 83.14488981313943 0
    endloop
  endfacet
  facet normal 0 0 -1
    outer loop
      vertex 4.192021413753113 6.855110186860564 0
      vertex 4.086119328535583 83.41943064549108 0
      vertex 4.116911869633959 83.32622029321556 0
    endloop
  endfacet
  facet normal 0 0 -1
    outer loop
      vertex 4.192021413753113 6.855110186860564 0
      vertex 4.038429439193539 83.60981935596774 0
      vertex 4.059937493610912 83.51403964019347 0
    endloop
  endfacet
  facet normal 0 0 -1
    outer loop
      vertex 4.192021413753113 6.855110186860564 0
      vertex 4.059937493610912 83.51403964019347 0
      vertex 4.086119328535583 83.41943064549108 0
    endloop
  endfacet
  facet normal 0 0 -1
    outer loop
      vertex 4.192021413753113 6.855110186860564 0
      vertex 4.23615747130329 83.05720652634801 0
      vertex 4.284542779999456 82.97179451161355 0
    endloop
  endfacet
  facet normal 0 0 -1
    outer loop
      vertex 4.192021413753113 6.855110186860564 0
      vertex 4.192021413753113 83.14488981313943 0
      vertex 4.23615747130329 83.05720652634801 0
    endloop
  endfacet
  facet normal 0 0 -1
    outer loop
      vertex 4.192021413753113 6.855110186860564 0
      vertex 4.021646980070438 83.70653905108928 0
      vertex 4.038429439193539 83.60981935596774 0
    endloop
  endfacet
  facet normal 0 0 -1
    outer loop
      vertex 4.192021413753113 6.855110186860564 0
      vertex 4.39358493703871 82.80860139101513 0
      vertex 4.453979093274526 82.73121343167271 0
    endloop
  endfacet
  facet normal 0 0 -1
    outer loop
      vertex 4.192021413753113 6.855110186860564 0
      vertex 4.337060775394909 82.8888595339608 0
      vertex 4.39358493703871 82.80860139101513 0
    endloop
  endfacet
  facet normal 0 0 -1
    outer loop
      vertex 4.192021413753113 6.855110186860564 0
      vertex 4.453979093274526 82.73121343167271 0
      vertex 4.518097749290082 82.65688209030597 0
    endloop
  endfacet
  facet normal 0 0 -1
    outer loop
      vertex 4.192021413753113 6.855110186860564 0
      vertex 4.585786437626905 82.58578643762691 0
      vertex 4.656882090305963 82.51809774929008 0
    endloop
  endfacet
  facet normal 0 0 -1
    outer loop
      vertex 4.192021413753113 6.855110186860564 0
      vertex 4.518097749290082 82.65688209030597 0
      vertex 4.585786437626905 82.58578643762691 0
    endloop
  endfacet
  facet normal 0 0 -1
    outer loop
      vertex 4.192021413753113 6.855110186860564 0
      vertex 4.656882090305963 82.51809774929008 0
      vertex 4.731213431672709 82.45397909327453 0
    endloop
  endfacet
  facet normal 0 0 -1
    outer loop
      vertex 4.192021413753113 6.855110186860564 0
      vertex 4.731213431672709 82.45397909327453 0
      vertex 4.8086013910151335 82.39358493703871 0
    endloop
  endfacet
  facet normal 0 0 -1
    outer loop
      vertex 4.192021413753113 6.855110186860564 0
      vertex 4.8086013910151335 82.39358493703871 0
      vertex 4.888859533960796 82.3370607753949 0
    endloop
  endfacet
  facet normal 0 0 -1
    outer loop
      vertex 4.23615747130329 6.942793473651995 0
      vertex 4.888859533960796 82.3370607753949 0
      vertex 4.971794511613556 82.28454277999946 0
    endloop
  endfacet
  facet normal 0 0 -1
    outer loop
      vertex 4.284542779999456 7.028205488386444 0
      vertex 5.144889813139436 82.19202141375311 0
      vertex 5.234633135269821 82.15224093497743 0
    endloop
  endfacet
  facet normal 0 0 -1
    outer loop
      vertex 4.23615747130329 6.942793473651995 0
      vertex 4.971794511613556 82.28454277999946 0
      vertex 5.057206526348005 82.23615747130329 0
    endloop
  endfacet
  facet normal 0 0 -1
    outer loop
      vertex 4.284542779999456 7.028205488386444 0
      vertex 5.057206526348005 82.23615747130329 0
      vertex 5.144889813139436 82.19202141375311 0
    endloop
  endfacet
  facet normal 0 0 -1
    outer loop
      vertex 4.337060775394909 7.111140466039204 0
      vertex 5.234633135269821 82.15224093497743 0
      vertex 5.32622029321556 82.11691186963395 0
    endloop
  endfacet
  facet normal 0 0 -1
    outer loop
      vertex 4.337060775394909 7.111140466039204 0
      vertex 5.32622029321556 82.11691186963395 0
      vertex 5.419430645491075 82.08611932853559 0
    endloop
  endfacet
  facet normal 0 0 -1
    outer loop
      vertex 4.39358493703871 7.1913986089848665 0
      vertex 5.419430645491075 82.08611932853559 0
      vertex 5.514039640193472 82.05993749361092 0
    endloop
  endfacet
  facet normal 0 0 -1
    outer loop
      vertex 4.39358493703871 7.1913986089848665 0
      vertex 5.514039640193472 82.05993749361092 0
      vertex 5.609819355967743 82.03842943919354 0
    endloop
  endfacet
  facet normal 0 0 -1
    outer loop
      vertex 4.39358493703871 7.1913986089848665 0
      vertex 5.609819355967743 82.03842943919354 0
      vertex 5.706539051089276 82.02164698007044 0
    endloop
  endfacet
  facet normal 0 0 -1
    outer loop
      vertex 4.39358493703871 7.1913986089848665 0
      vertex 5.706539051089276 82.02164698007044 0
      vertex 5.803965719340879 82.0096305466556 0
    endloop
  endfacet
  facet normal 0 0 -1
    outer loop
      vertex 4.39358493703871 7.1913986089848665 0
      vertex 5.803965719340879 82.0096305466556 0
      vertex 5.901864651345164 82.00240908758965 0
    endloop
  endfacet
  facet normal 0 0 -1
    outer loop
      vertex 4.39358493703871 7.1913986089848665 0
      vertex 5.901864651345164 82.00240908758965 0
      vertex 6 82 0
    endloop
  endfacet
  facet normal 0 0 -1
    outer loop
      vertex 4.39358493703871 7.1913986089848665 0
      vertex 6 82 0
      vertex 6.098135348654836 82.00240908758965 0
    endloop
  endfacet
  facet normal 0 0 -1
    outer loop
      vertex 4.39358493703871 7.1913986089848665 0
      vertex 6.098135348654836 82.00240908758965 0
      vertex 6.196034280659121 82.0096305466556 0
    endloop
  endfacet
  facet normal 0 0 -1
    outer loop
      vertex 4.39358493703871 7.1913986089848665 0
      vertex 6.196034280659121 82.0096305466556 0
      vertex 6.293460948910724 82.02164698007044 0
    endloop
  endfacet
  facet normal 0 0 1
    outer loop
      vertex 5.057206526348005 82.23615747130329 2
      vertex 12.5 70 2
      vertex 5.144889813139436 82.19202141375311 2
    endloop
  endfacet
  facet normal 0 0 1
    outer loop
      vertex 5.144889813139436 82.19202141375311 2
      vertex 12.5 70 2
      vertex 5.234633135269821 82.15224093497743 2
    endloop
  endfacet
  facet normal 0 0 1
    outer loop
      vertex 5.234633135269821 82.15224093497743 2
      vertex 12.5 70 2
      vertex 5.32622029321556 82.11691186963395 2
    endloop
  endfacet
  facet normal 0 0 1
    outer loop
      vertex 5.32622029321556 82.11691186963395 2
      vertex 12.5 70 2
      vertex 5.419430645491075 82.08611932853559 2
    endloop
  endfacet
  facet normal 0 0 1
    outer loop
      vertex 5.419430645491075 82.08611932853559 2
      vertex 12.5 70 2
      vertex 5.514039640193472 82.05993749361092 2
    endloop
  endfacet
  facet normal 0 0 1
    outer loop
      vertex 5.514039640193472 82.05993749361092 2
      vertex 12.5 70 2
      vertex 5.609819355967743 82.03842943919354 2
    endloop
  endfacet
  facet normal 0 0 1
    outer loop
      vertex 5.609819355967743 82.03842943919354 2
      vertex 12.5 70 2
      vertex 5.706539051089276 82.02164698007044 2
    endloop
  endfacet
  facet normal 0 0 1
    outer loop
      vertex 5.706539051089276 82.02164698007044 2
      vertex 12.5 70 2
      vertex 5.803965719340879 82.0096305466556 2
    endloop
  endfacet
  facet normal 0 0 1
    outer loop
      vertex 5.803965719340879 82.0096305466556 2
      vertex 12.5 70 2
      vertex 5.901864651345164 82.00240908758965 2
    endloop
  endfacet
  facet normal 0 0 1
    outer loop
      vertex 5.901864651345164 82.00240908758965 2
      vertex 12.5 70 2
      vertex 6 82 2
    endloop
  endfacet
  facet normal 0 0 1
    outer loop
      vertex 6 82 2
      vertex 12.5 70 2
      vertex 6.098135348654836 82.00240908758965 2
    endloop
  endfacet
  facet normal 0 0 1
    outer loop
      vertex 6.098135348654836 82.00240908758965 2
      vertex 12.5 70 2
      vertex 6.196034280659121 82.0096305466556 2
    endloop
  endfacet
  facet normal 0 0 1
    outer loop
      vertex 6.196034280659121 82.0096305466556 2
      vertex 12.5 70 2
      vertex 6.293460948910724 82.02164698007044 2
    endloop
  endfacet
  facet normal 0 0 1
    outer loop
      vertex 6.293460948910724 82.02164698007044 2
      vertex 12.5 70 2
      vertex 6.390180644032257 82.03842943919354 2
    endloop
  endfacet
  facet normal 0 0 1
    outer loop
      vertex 6.390180644032257 82.03842943919354 2
      vertex 12.5 70 2
      vertex 6.485960359806528 82.05993749361092 2
    endloop
  endfacet
  facet normal 0 0 1
    outer loop
      vertex 6.485960359806528 82.05993749361092 2
      vertex 12.5 70 2
      vertex 6.580569354508925 82.08611932853559 2
    endloop
  endfacet
  facet normal 0 0 1
    outer loop
      vertex 6.580569354508925 82.08611932853559 2
      vertex 12.5 70 2
      vertex 6.67377970678444 82.11691186963395 2
    endloop
  endfacet
  facet normal 0 0 1
    outer loop
      vertex 6.67377970678444 82.11691186963395 2
      vertex 12.5 70 2
      vertex 6.765366864730179 82.15224093497743 2
    endloop
  endfacet
  facet normal 0 0 1
    outer loop
      vertex 6.765366864730179 82.15224093497743 2
      vertex 12.5 70 2
      vertex 6.855110186860564 82.19202141375311 2
    endloop
  endfacet
  facet normal 0 0 1
    outer loop
      vertex 6.855110186860564 82.19202141375311 2
      vertex 12.5 70 2
      vertex 6.942793473651995 82.23615747130329 2
    endloop
  endfacet
  facet normal 0 0 1
    outer loop
      vertex 6.942793473651995 82.23615747130329 2
      vertex 12.5 70 2
      vertex 7.028205488386444 82.28454277999946 2
    endloop
  endfacet
  facet normal 0 0 1
    outer loop
      vertex 7.028205488386444 82.28454277999946 2
      vertex 12.5 70 2
      vertex 7.111140466039204 82.3370607753949 2
    endloop
  endfacet
  facet normal 0 0 1
    outer loop
      vertex 7.111140466039204 82.3370607753949 2
      vertex 12.5 70 2
      vertex 7.1913986089848665 82.39358493703871 2
    endloop
  endfacet
  facet normal 0 0 1
    outer loop
      vertex 7.1913986089848665 82.39358493703871 2
      vertex 12.5 70 2
      vertex 7.268786568327291 82.45397909327453 2
    endloop
  endfacet
  facet normal 0 0 1
    outer loop
      vertex 7.268786568327291 82.45397909327453 2
      vertex 12.5 70 2
      vertex 7.343117909694037 82.51809774929008 2
    endloop
  endfacet
  facet normal 0 0 1
    outer loop
      vertex 7.343117909694037 82.51809774929008 2
      vertex 12.5 70 2
      vertex 7.414213562373095 82.58578643762691 2
    endloop
  endfacet
  facet normal 0 0 1
    outer loop
      vertex 7.414213562373095 82.58578643762691 2
      vertex 12.5 70 2
      vertex 7.481902250709918 82.65688209030597 2
    endloop
  endfacet
  facet normal 0 0 1
    outer loop
      vertex 7.481902250709918 82.65688209030597 2
      vertex 12.5 83.60588350876087 2
      vertex 7.546020906725474 82.73121343167271 2
    endloop
  endfacet
  facet normal 0 0 1
    outer loop
      vertex 7.546020906725474 82.73121343167271 2
      vertex 12.5 83.60588350876087 2
      vertex 7.60641506296129 82.80860139101513 2
    endloop
  endfacet
  facet normal 0 0 1
    outer loop
      vertex 7.60641506296129 82.80860139101513 2
      vertex 12.5 83.60588350876087 2
      vertex 7.662939224605091 82.8888595339608 2
    endloop
  endfacet
  facet normal 0 0 1
    outer loop
      vertex 7.662939224605091 82.8888595339608 2
      vertex 12.5 83.60588350876087 2
      vertex 7.715457220000544 82.97179451161355 2
    endloop
  endfacet
  facet normal 0 0 1
    outer loop
      vertex 7.715457220000544 82.97179451161355 2
      vertex 12.5 83.60588350876087 2
      vertex 7.76384252869671 83.05720652634801 2
    endloop
  endfacet
  facet normal 0 0 1
    outer loop
      vertex 7.76384252869671 83.05720652634801 2
      vertex 12.5 83.60588350876087 2
      vertex 7.807978586246887 83.14488981313943 2
    endloop
  endfacet
  facet normal 0 0 1
    outer loop
      vertex 7.807978586246887 83.14488981313943 2
      vertex 12.5 83.60588350876087 2
      vertex 7.847759065022574 83.23463313526982 2
    endloop
  endfacet
  facet normal 0 0 1
    outer loop
      vertex 7.847759065022574 83.23463313526982 2
      vertex 12.5 83.60588350876087 2
      vertex 7.883088130366041 83.32622029321556 2
    endloop
  endfacet
  facet normal 0 0 1
    outer loop
      vertex 7.883088130366041 83.32622029321556 2
      vertex 12.5 83.60588350876087 2
      vertex 7.913880671464417 83.41943064549108 2
    endloop
  endfacet
  facet normal 0 0 1
    outer loop
      vertex 7.913880671464417 83.41943064549108 2
      vertex 12.5 83.60588350876087 2
      vertex 7.940062506389088 83.51403964019347 2
    endloop
  endfacet
  facet normal 0 0 1
    outer loop
      vertex 7.940062506389088 83.51403964019347 2
      vertex 12.5 83.60588350876087 2
      vertex 7.961570560806461 83.60981935596774 2
    endloop
  endfacet
  facet normal 0 0 1
    outer loop
      vertex 7.481902250709918 82.65688209030597 2
      vertex 12.5 70 2
      vertex 12.5 83.60588350876087 2
    endloop
  endfacet
  facet normal 0 0 -1
    outer loop
      vertex 4 84 0
      vertex 0 90 0
      vertex 4.002409087589655 84.09813534865484 0
    endloop
  endfacet
  facet normal 0 0 -1
    outer loop
      vertex 4.002409087589655 84.09813534865484 0
      vertex 0 90 0
      vertex 4.009630546655606 84.19603428065912 0
    endloop
  endfacet
  facet normal 0 0 -1
    outer loop
      vertex 4.009630546655606 84.19603428065912 0
      vertex 0 90 0
      vertex 4.021646980070438 84.29346094891072 0
    endloop
  endfacet
  facet normal 0 0 -1
    outer loop
      vertex 4.021646980070438 84.29346094891072 0
      vertex 0 90 0
      vertex 4.038429439193539 84.39018064403226 0
    endloop
  endfacet
  facet normal 0 0 -1
    outer loop
      vertex 4.038429439193539 84.39018064403226 0
      vertex 0 90 0
      vertex 4.059937493610912 84.48596035980653 0
    endloop
  endfacet
  facet normal 0 0 -1
    outer loop
      vertex 4.059937493610912 84.48596035980653 0
      vertex 0 90 0
      vertex 4.086119328535583 84.58056935450892 0
    endloop
  endfacet
  facet normal 0 0 -1
    outer loop
      vertex 4.086119328535583 84.58056935450892 0
      vertex 0 90 0
      vertex 4.116911869633959 84.67377970678444 0
    endloop
  endfacet
  facet normal 0 0 -1
    outer loop
      vertex 4.116911869633959 84.67377970678444 0
      vertex 0 90 0
      vertex 4.152240934977426 84.76536686473018 0
    endloop
  endfacet
  facet normal 0 0 -1
    outer loop
      vertex 4.152240934977426 84.76536686473018 0
      vertex 0 90 0
      vertex 4.192021413753113 84.85511018686057 0
    endloop
  endfacet
  facet normal 0 0 -1
    outer loop
      vertex 4.192021413753113 84.85511018686057 0
      vertex 0 90 0
      vertex 4.23615747130329 84.94279347365199 0
    endloop
  endfacet
  facet normal 0 0 -1
    outer loop
      vertex 4.23615747130329 84.94279347365199 0
      vertex 0 90 0
      vertex 4.284542779999456 85.02820548838645 0
    endloop
  endfacet
  facet normal 0 0 -1
    outer loop
      vertex 4.284542779999456 85.02820548838645 0
      vertex 0 90 0
      vertex 4.337060775394909 85.1111404660392 0
    endloop
  endfacet
  facet normal 0 0 -1
    outer loop
      vertex 0 90 0
      vertex 4.39358493703871 85.19139860898487 0
      vertex 4.337060775394909 85.1111404660392 0
    endloop
  endfacet
  facet normal 0 0 -1
    outer loop
      vertex 0 90 0
      vertex 4.453979093274526 85.26878656832729 0
      vertex 4.39358493703871 85.19139860898487 0
    endloop
  endfacet
  facet normal 0 0 -1
    outer loop
      vertex 0 90 0
      vertex 4.518097749290082 85.34311790969403 0
      vertex 4.453979093274526 85.26878656832729 0
    endloop
  endfacet
  facet normal 0 0 -1
    outer loop
      vertex 0 90 0
      vertex 4.585786437626905 85.41421356237309 0
      vertex 4.518097749290082 85.34311790969403 0
    endloop
  endfacet
  facet normal 0 0 -1
    outer loop
      vertex 0 90 0
      vertex 4.656882090305963 85.48190225070992 0
      vertex 4.585786437626905 85.41421356237309 0
    endloop
  endfacet
  facet normal 0 0 -1
    outer loop
      vertex 0 90 0
      vertex 4.731213431672709 85.54602090672547 0
      vertex 4.656882090305963 85.48190225070992 0
    endloop
  endfacet
  facet normal 0 0 -1
    outer loop
      vertex 0 90 0
      vertex 4.8086013910151335 85.60641506296129 0
      vertex 4.731213431672709 85.54602090672547 0
    endloop
  endfacet
  facet normal 0 0 -1
    outer loop
      vertex 0 90 0
      vertex 4.888859533960796 85.6629392246051 0
      vertex 4.8086013910151335 85.60641506296129 0
    endloop
  endfacet
  facet normal 0 0 -1
    outer loop
      vertex 0 90 0
      vertex 4.971794511613556 85.71545722000054 0
      vertex 4.888859533960796 85.6629392246051 0
    endloop
  endfacet
  facet normal 0 0 -1
    outer loop
      vertex 0 90 0
      vertex 5.057206526348005 85.76384252869671 0
      vertex 4.971794511613556 85.71545722000054 0
    endloop
  endfacet
  facet normal 0 0 -1
    outer loop
      vertex 0 90 0
      vertex 5.144889813139436 85.80797858624689 0
      vertex 5.057206526348005 85.76384252869671 0
    endloop
  endfacet
  facet normal 0 0 1
    outer loop
      vertex 4.152240934977426 83.23463313526982 2
      vertex 0 90 2
      vertex 4.192021413753113 83.14488981313943 2
    endloop
  endfacet
  facet normal 0 0 1
    outer loop
      vertex 4.021646980070438 83.70653905108928 2
      vertex 4.009630546655606 83.80396571934088 2
      vertex 0 90 2
    endloop
  endfacet
  facet normal 0 0 1
    outer loop
      vertex 4.009630546655606 83.80396571934088 2
      vertex 4.002409087589655 83.90186465134516 2
      vertex 0 90 2
    endloop
  endfacet
  facet normal 0 0 1
    outer loop
      vertex 4.116911869633959 83.32622029321556 2
      vertex 4.086119328535583 83.41943064549108 2
      vertex 0 90 2
    endloop
  endfacet
  facet normal 0 0 1
    outer loop
      vertex 4.059937493610912 83.51403964019347 2
      vertex 0 90 2
      vertex 4.086119328535583 83.41943064549108 2
    endloop
  endfacet
  facet normal 0 0 1
    outer loop
      vertex 4.059937493610912 83.51403964019347 2
      vertex 4.038429439193539 83.60981935596774 2
      vertex 0 90 2
    endloop
  endfacet
  facet normal 0 0 1
    outer loop
      vertex 4.152240934977426 83.23463313526982 2
      vertex 4.116911869633959 83.32622029321556 2
      vertex 0 90 2
    endloop
  endfacet
  facet normal 0 0 1
    outer loop
      vertex 4.021646980070438 83.70653905108928 2
      vertex 0 90 2
      vertex 4.038429439193539 83.60981935596774 2
    endloop
  endfacet
  facet normal 0 0 1
    outer loop
      vertex 4.002409087589655 83.90186465134516 2
      vertex 4 84 2
      vertex 0 90 2
    endloop
  endfacet
  facet normal 0 0 1
    outer loop
      vertex 4 84 2
      vertex 4.002409087589655 84.09813534865484 2
      vertex 0 90 2
    endloop
  endfacet
  facet normal 0 0 1
    outer loop
      vertex 4.002409087589655 84.09813534865484 2
      vertex 4.009630546655606 84.19603428065912 2
      vertex 0 90 2
    endloop
  endfacet
  facet normal 0 0 1
    outer loop
      vertex 4.009630546655606 84.19603428065912 2
      vertex 4.021646980070438 84.29346094891072 2
      vertex 0 90 2
    endloop
  endfacet
  facet normal 0 0 1
    outer loop
      vertex 4.021646980070438 84.29346094891072 2
      vertex 4.038429439193539 84.39018064403226 2
      vertex 0 90 2
    endloop
  endfacet
  facet normal 0 0 1
    outer loop
      vertex 4.038429439193539 84.39018064403226 2
      vertex 4.059937493610912 84.48596035980653 2
      vertex 0 90 2
    endloop
  endfacet
  facet normal 0 0 1
    outer loop
      vertex 4.059937493610912 84.48596035980653 2
      vertex 4.086119328535583 84.58056935450892 2
      vertex 0 90 2
    endloop
  endfacet
  facet normal 0 0 1
    outer loop
      vertex 4.086119328535583 84.58056935450892 2
      vertex 4.116911869633959 84.67377970678444 2
      vertex 0 90 2
    endloop
  endfacet
  facet normal 0 0 1
    outer loop
      vertex 4.116911869633959 84.67377970678444 2
      vertex 4.152240934977426 84.76536686473018 2
      vertex 0 90 2
    endloop
  endfacet
  facet normal 0 0 1
    outer loop
      vertex 4.152240934977426 84.76536686473018 2
      vertex 4.192021413753113 84.85511018686057 2
      vertex 0 90 2
    endloop
  endfacet
  facet normal 0 0 1
    outer loop
      vertex 4.192021413753113 84.85511018686057 2
      vertex 4.23615747130329 84.94279347365199 2
      vertex 0 90 2
    endloop
  endfacet
  facet normal 0 0 1
    outer loop
      vertex 4.23615747130329 84.94279347365199 2
      vertex 4.284542779999456 85.02820548838645 2
      vertex 0 90 2
    endloop
  endfacet
  facet normal 0 0 1
    outer loop
      vertex 4.284542779999456 85.02820548838645 2
      vertex 4.337060775394909 85.1111404660392 2
      vertex 0 90 2
    endloop
  endfacet
  facet normal 0 0 1
    outer loop
      vertex 0 90 2
      vertex 4.337060775394909 85.1111404660392 2
      vertex 4.39358493703871 85.19139860898487 2
    endloop
  endfacet
  facet normal 0 0 1
    outer loop
      vertex 0 90 2
      vertex 4.39358493703871 85.19139860898487 2
      vertex 4.453979093274526 85.26878656832729 2
    endloop
  endfacet
  facet normal 0 0 1
    outer loop
      vertex 0 90 2
      vertex 4.453979093274526 85.26878656832729 2
      vertex 4.518097749290082 85.34311790969403 2
    endloop
  endfacet
  facet normal 0 0 1
    outer loop
      vertex 0 90 2
      vertex 4.518097749290082 85.34311790969403 2
      vertex 4.585786437626905 85.41421356237309 2
    endloop
  endfacet
  facet normal 0 0 1
    outer loop
      vertex 0 90 2
      vertex 4.585786437626905 85.41421356237309 2
      vertex 4.656882090305963 85.48190225070992 2
    endloop
  endfacet
  facet normal 0 0 1
    outer loop
      vertex 0 90 2
      vertex 4.656882090305963 85.48190225070992 2
      vertex 4.731213431672709 85.54602090672547 2
    endloop
  endfacet
  facet normal 0 0 1
    outer loop
      vertex 0 90 2
      vertex 4.731213431672709 85.54602090672547 2
      vertex 4.8086013910151335 85.60641506296129 2
    endloop
  endfacet
  facet normal 0 0 1
    outer loop
      vertex 0 90 2
      vertex 4.8086013910151335 85.60641506296129 2
      vertex 4.888859533960796 85.6629392246051 2
    endloop
  endfacet
  facet normal 0 0 1
    outer loop
      vertex 0 90 2
      vertex 4.888859533960796 85.6629392246051 2
      vertex 4.971794511613556 85.71545722000054 2
    endloop
  endfacet
  facet normal 0 0 1
    outer loop
      vertex 0 90 2
      vertex 4.971794511613556 85.71545722000054 2
      vertex 5.057206526348005 85.76384252869671 2
    endloop
  endfacet
  facet normal 0 0 1
    outer loop
      vertex 0 90 2
      vertex 5.057206526348005 85.76384252869671 2
      vertex 5.144889813139436 85.80797858624689 2
    endloop
  endfacet
  facet normal 0 0 -1
    outer loop
      vertex 0 90 0
      vertex 5.234633135269821 85.84775906502257 0
      vertex 5.144889813139436 85.80797858624689 0
    endloop
  endfacet
  facet normal 0 0 -1
    outer loop
      vertex 0 90 0
      vertex 5.32622029321556 85.88308813036605 0
      vertex 5.234633135269821 85.84775906502257 0
    endloop
  endfacet
  facet normal 0 0 -1
    outer loop
      vertex 0 90 0
      vertex 5.419430645491075 85.91388067146441 0
      vertex 5.32622029321556 85.88308813036605 0
    endloop
  endfacet
  facet normal 0 0 -1
    outer loop
      vertex 0 90 0
      vertex 5.514039640193472 85.94006250638908 0
      vertex 5.419430645491075 85.91388067146441 0
    endloop
  endfacet
  facet normal 0 0 -1
    outer loop
      vertex 0 90 0
      vertex 5.609819355967743 85.96157056080646 0
      vertex 5.514039640193472 85.94006250638908 0
    endloop
  endfacet
  facet normal 0 0 -1
    outer loop
      vertex 0 90 0
      vertex 5.706539051089276 85.97835301992956 0
      vertex 5.609819355967743 85.96157056080646 0
    endloop
  endfacet
  facet normal 0 0 -1
    outer loop
      vertex 0 90 0
      vertex 5.803965719340879 85.9903694533444 0
      vertex 5.706539051089276 85.97835301992956 0
    endloop
  endfacet
  facet normal 0 0 -1
    outer loop
      vertex 0 90 0
      vertex 5.901864651345164 85.99759091241035 0
      vertex 5.803965719340879 85.9903694533444 0
    endloop
  endfacet
  facet normal 0 0 -1
    outer loop
      vertex 0 90 0
      vertex 6 86 0
      vertex 5.901864651345164 85.99759091241035 0
    endloop
  endfacet
  facet normal 0 0 1
    outer loop
      vertex 0 90 2
      vertex 5.144889813139436 85.80797858624689 2
      vertex 5.234633135269821 85.84775906502257 2
    endloop
  endfacet
  facet normal 0 0 1
    outer loop
      vertex 0 90 2
      vertex 5.234633135269821 85.84775906502257 2
      vertex 5.32622029321556 85.88308813036605 2
    endloop
  endfacet
  facet normal 0 0 1
    outer loop
      vertex 0 90 2
      vertex 5.32622029321556 85.88308813036605 2
      vertex 5.419430645491075 85.91388067146441 2
    endloop
  endfacet
  facet normal 0 0 1
    outer loop
      vertex 0 90 2
      vertex 5.419430645491075 85.91388067146441 2
      vertex 5.514039640193472 85.94006250638908 2
    endloop
  endfacet
  facet normal 0 0 1
    outer loop
      vertex 0 90 2
      vertex 5.514039640193472 85.94006250638908 2
      vertex 5.609819355967743 85.96157056080646 2
    endloop
  endfacet
  facet normal 0 0 1
    outer loop
      vertex 0 90 2
      vertex 5.609819355967743 85.96157056080646 2
      vertex 5.706539051089276 85.97835301992956 2
    endloop
  endfacet
  facet normal 0 0 1
    outer loop
      vertex 0 90 2
      vertex 5.706539051089276 85.97835301992956 2
      vertex 5.803965719340879 85.9903694533444 2
    endloop
  endfacet
  facet normal 0 0 1
    outer loop
      vertex 0 90 2
      vertex 5.803965719340879 85.9903694533444 2
      vertex 5.901864651345164 85.99759091241035 2
    endloop
  endfacet
  facet normal 0 0 1
    outer loop
      vertex 0 90 2
      vertex 5.901864651345164 85.99759091241035 2
      vertex 6 86 2
    endloop
  endfacet
  facet normal 0 0 1
    outer loop
      vertex 0 90 2
      vertex 6 86 2
      vertex 12.5 90 2
    endloop
  endfacet
  facet normal 0 0 1
    outer loop
      vertex 6 86 2
      vertex 6.098135348654836 85.99759091241035 2
      vertex 12.5 90 2
    endloop
  endfacet
  facet normal 0 0 1
    outer loop
      vertex 6.098135348654836 85.99759091241035 2
      vertex 6.196034280659121 85.9903694533444 2
      vertex 12.5 90 2
    endloop
  endfacet
  facet normal 0 0 1
    outer loop
      vertex 6.196034280659121 85.9903694533444 2
      vertex 6.293460948910724 85.97835301992956 2
      vertex 12.5 90 2
    endloop
  endfacet
  facet normal 0 0 1
    outer loop
      vertex 6.293460948910724 85.97835301992956 2
      vertex 6.390180644032257 85.96157056080646 2
      vertex 12.5 90 2
    endloop
  endfacet
  facet normal 0 0 1
    outer loop
      vertex 6.390180644032257 85.96157056080646 2
      vertex 6.485960359806528 85.94006250638908 2
      vertex 12.5 90 2
    endloop
  endfacet
  facet normal 0 0 1
    outer loop
      vertex 6.580569354508925 85.91388067146441 2
      vertex 12.5 90 2
      vertex 6.485960359806528 85.94006250638908 2
    endloop
  endfacet
  facet normal 0 0 1
    outer loop
      vertex 6.580569354508925 85.91388067146441 2
      vertex 6.67377970678444 85.88308813036605 2
      vertex 12.5 90 2
    endloop
  endfacet
  facet normal 0 0 1
    outer loop
      vertex 7.546020906725474 85.26878656832729 2
      vertex 7.60641506296129 85.19139860898487 2
      vertex 12.5 90 2
    endloop
  endfacet
  facet normal 0 0 1
    outer loop
      vertex 7.940062506389088 84.48596035980653 2
      vertex 12.5 90 2
      vertex 7.913880671464417 84.58056935450892 2
    endloop
  endfacet
  facet normal 0 0 1
    outer loop
      vertex 7.60641506296129 85.19139860898487 2
      vertex 7.662939224605091 85.1111404660392 2
      vertex 12.5 90 2
    endloop
  endfacet
  facet normal 0 0 1
    outer loop
      vertex 7.715457220000544 85.02820548838645 2
      vertex 7.76384252869671 84.94279347365199 2
      vertex 12.5 90 2
    endloop
  endfacet
  facet normal 0 0 1
    outer loop
      vertex 7.715457220000544 85.02820548838645 2
      vertex 12.5 90 2
      vertex 7.662939224605091 85.1111404660392 2
    endloop
  endfacet
  facet normal 0 0 1
    outer loop
      vertex 7.76384252869671 84.94279347365199 2
      vertex 7.807978586246887 84.85511018686057 2
      vertex 12.5 90 2
    endloop
  endfacet
  facet normal 0 0 1
    outer loop
      vertex 7.807978586246887 84.85511018686057 2
      vertex 7.847759065022574 84.76536686473018 2
      vertex 12.5 90 2
    endloop
  endfacet
  facet normal 0 0 1
    outer loop
      vertex 7.913880671464417 84.58056935450892 2
      vertex 12.5 90 2
      vertex 7.883088130366041 84.67377970678444 2
    endloop
  endfacet
  facet normal 0 0 1
    outer loop
      vertex 7.883088130366041 84.67377970678444 2
      vertex 12.5 90 2
      vertex 7.847759065022574 84.76536686473018 2
    endloop
  endfacet
  facet normal 0 0 1
    outer loop
      vertex 6.67377970678444 85.88308813036605 2
      vertex 6.765366864730179 85.84775906502257 2
      vertex 12.5 90 2
    endloop
  endfacet
  facet normal 0 0 1
    outer loop
      vertex 6.765366864730179 85.84775906502257 2
      vertex 6.855110186860564 85.80797858624689 2
      vertex 12.5 90 2
    endloop
  endfacet
  facet normal 0 0 1
    outer loop
      vertex 6.855110186860564 85.80797858624689 2
      vertex 6.942793473651995 85.76384252869671 2
      vertex 12.5 90 2
    endloop
  endfacet
  facet normal 0 0 1
    outer loop
      vertex 6.942793473651995 85.76384252869671 2
      vertex 7.028205488386444 85.71545722000054 2
      vertex 12.5 90 2
    endloop
  endfacet
  facet normal 0 0 1
    outer loop
      vertex 7.028205488386444 85.71545722000054 2
      vertex 7.111140466039204 85.6629392246051 2
      vertex 12.5 90 2
    endloop
  endfacet
  facet normal 0 0 1
    outer loop
      vertex 7.111140466039204 85.6629392246051 2
      vertex 7.1913986089848665 85.60641506296129 2
      vertex 12.5 90 2
    endloop
  endfacet
  facet normal 0 0 1
    outer loop
      vertex 7.1913986089848665 85.60641506296129 2
      vertex 7.268786568327291 85.54602090672547 2
      vertex 12.5 90 2
    endloop
  endfacet
  facet normal 0 0 1
    outer loop
      vertex 7.268786568327291 85.54602090672547 2
      vertex 7.343117909694037 85.48190225070992 2
      vertex 12.5 90 2
    endloop
  endfacet
  facet normal 0 0 1
    outer loop
      vertex 7.343117909694037 85.48190225070992 2
      vertex 7.414213562373095 85.41421356237309 2
      vertex 12.5 90 2
    endloop
  endfacet
  facet normal 0 0 1
    outer loop
      vertex 7.414213562373095 85.41421356237309 2
      vertex 7.481902250709918 85.34311790969403 2
      vertex 12.5 90 2
    endloop
  endfacet
  facet normal 0 0 1
    outer loop
      vertex 7.481902250709918 85.34311790969403 2
      vertex 7.546020906725474 85.26878656832729 2
      vertex 12.5 90 2
    endloop
  endfacet
  facet normal 0 0 1
    outer loop
      vertex 7.961570560806461 83.60981935596774 2
      vertex 12.5 90 2
      vertex 7.978353019929562 83.70653905108928 2
    endloop
  endfacet
  facet normal 0 0 1
    outer loop
      vertex 7.978353019929562 83.70653905108928 2
      vertex 12.5 90 2
      vertex 7.990369453344394 83.80396571934088 2
    endloop
  endfacet
  facet normal 0 0 1
    outer loop
      vertex 7.990369453344394 83.80396571934088 2
      vertex 12.5 90 2
      vertex 7.997590912410345 83.90186465134516 2
    endloop
  endfacet
  facet normal 0 0 1
    outer loop
      vertex 7.997590912410345 83.90186465134516 2
      vertex 12.5 90 2
      vertex 8 84 2
    endloop
  endfacet
  facet normal 0 0 1
    outer loop
      vertex 8 84 2
      vertex 12.5 90 2
      vertex 7.997590912410345 84.09813534865484 2
    endloop
  endfacet
  facet normal 0 0 1
    outer loop
      vertex 7.997590912410345 84.09813534865484 2
      vertex 12.5 90 2
      vertex 7.990369453344394 84.19603428065912 2
    endloop
  endfacet
  facet normal 0 0 1
    outer loop
      vertex 7.990369453344394 84.19603428065912 2
      vertex 12.5 90 2
      vertex 7.978353019929562 84.29346094891072 2
    endloop
  endfacet
  facet normal 0 0 1
    outer loop
      vertex 7.978353019929562 84.29346094891072 2
      vertex 12.5 90 2
      vertex 7.961570560806461 84.39018064403226 2
    endloop
  endfacet
  facet normal 0 0 1
    outer loop
      vertex 7.940062506389088 84.48596035980653 2
      vertex 7.961570560806461 84.39018064403226 2
      vertex 12.5 90 2
    endloop
  endfacet
  facet normal 0 0 1
    outer loop
      vertex 7.961570560806461 83.60981935596774 2
      vertex 12.5 83.60588350876087 2
      vertex 12.5 90 2
    endloop
  endfacet
  facet normal 0 0 -1
    outer loop
      vertex 4.39358493703871 7.1913986089848665 0
      vertex 6.293460948910724 82.02164698007044 0
      vertex 47.518097749290085 82.65688209030597 0
    endloop
  endfacet
  facet normal 0 0 1
    outer loop
      vertex 4.39358493703871 82.80860139101513 2
      vertex 50.60641506296129 7.1913986089848665 2
      vertex 4.453979093274526 82.73121343167271 2
    endloop
  endfacet
  facet normal 0 0 1
    outer loop
      vertex 4.453979093274526 82.73121343167271 2
      vertex 50.60641506296129 7.1913986089848665 2
      vertex 4.518097749290082 82.65688209030597 2
    endloop
  endfacet
  facet normal 0 0 1
    outer loop
      vertex 4.585786437626905 82.58578643762691 2
      vertex 4.518097749290082 82.65688209030597 2
      vertex 50.60641506296129 7.1913986089848665 2
    endloop
  endfacet
  facet normal 0 0 1
    outer loop
      vertex 4.585786437626905 82.58578643762691 2
      vertex 50.60641506296129 7.1913986089848665 2
      vertex 4.656882090305963 82.51809774929008 2
    endloop
  endfacet
  facet normal 0 0 1
    outer loop
      vertex 4.731213431672709 82.45397909327453 2
      vertex 50.60641506296129 7.1913986089848665 2
      vertex 4.8086013910151335 82.39358493703871 2
    endloop
  endfacet
  facet normal 0 0 1
    outer loop
      vertex 4.656882090305963 82.51809774929008 2
      vertex 50.60641506296129 7.1913986089848665 2
      vertex 4.731213431672709 82.45397909327453 2
    endloop
  endfacet
  facet normal 0 0 1
    outer loop
      vertex 4.888859533960796 82.3370607753949 2
      vertex 4.8086013910151335 82.39358493703871 2
      vertex 50.60641506296129 7.1913986089848665 2
    endloop
  endfacet
  facet normal 0 0 1
    outer loop
      vertex 4.888859533960796 82.3370607753949 2
      vertex 50.60641506296129 7.1913986089848665 2
      vertex 4.971794511613556 82.28454277999946 2
    endloop
  endfacet
  facet normal 0 0 1
    outer loop
      vertex 4.971794511613556 82.28454277999946 2
      vertex 50.60641506296129 7.1913986089848665 2
      vertex 5.057206526348005 82.23615747130329 2
    endloop
  endfacet
  facet normal 0 0 -1
    outer loop
      vertex 6.293460948910724 82.02164698007044 0
      vertex 6.390180644032257 82.03842943919354 0
      vertex 47.518097749290085 82.65688209030597 0
    endloop
  endfacet
  facet normal 0 0 -1
    outer loop
      vertex 6.390180644032257 82.03842943919354 0
      vertex 6.485960359806528 82.05993749361092 0
      vertex 47.518097749290085 82.65688209030597 0
    endloop
  endfacet
  facet normal 0 0 -1
    outer loop
      vertex 6.485960359806528 82.05993749361092 0
      vertex 6.580569354508925 82.08611932853559 0
      vertex 47.518097749290085 82.65688209030597 0
    endloop
  endfacet
  facet normal 0 0 -1
    outer loop
      vertex 6.580569354508925 82.08611932853559 0
      vertex 6.67377970678444 82.11691186963395 0
      vertex 47.518097749290085 82.65688209030597 0
    endloop
  endfacet
  facet normal 0 0 -1
    outer loop
      vertex 6.67377970678444 82.11691186963395 0
      vertex 6.765366864730179 82.15224093497743 0
      vertex 47.518097749290085 82.65688209030597 0
    endloop
  endfacet
  facet normal 0 0 -1
    outer loop
      vertex 6.765366864730179 82.15224093497743 0
      vertex 6.855110186860564 82.19202141375311 0
      vertex 47.518097749290085 82.65688209030597 0
    endloop
  endfacet
  facet normal 0 0 -1
    outer loop
      vertex 6.855110186860564 82.19202141375311 0
      vertex 6.942793473651995 82.23615747130329 0
      vertex 47.518097749290085 82.65688209030597 0
    endloop
  endfacet
  facet normal 0 0 -1
    outer loop
      vertex 6.942793473651995 82.23615747130329 0
      vertex 7.028205488386444 82.28454277999946 0
      vertex 47.518097749290085 82.65688209030597 0
    endloop
  endfacet
  facet normal 0 0 -1
    outer loop
      vertex 7.028205488386444 82.28454277999946 0
      vertex 7.111140466039204 82.3370607753949 0
      vertex 47.518097749290085 82.65688209030597 0
    endloop
  endfacet
  facet normal 0 0 -1
    outer loop
      vertex 7.111140466039204 82.3370607753949 0
      vertex 7.1913986089848665 82.39358493703871 0
      vertex 47.518097749290085 82.65688209030597 0
    endloop
  endfacet
  facet normal 0 0 -1
    outer loop
      vertex 7.1913986089848665 82.39358493703871 0
      vertex 7.268786568327291 82.45397909327453 0
      vertex 47.518097749290085 82.65688209030597 0
    endloop
  endfacet
  facet normal 0 0 -1
    outer loop
      vertex 7.268786568327291 82.45397909327453 0
      vertex 7.343117909694037 82.51809774929008 0
      vertex 47.518097749290085 82.65688209030597 0
    endloop
  endfacet
  facet normal 0 0 -1
    outer loop
      vertex 7.343117909694037 82.51809774929008 0
      vertex 7.414213562373095 82.58578643762691 0
      vertex 47.518097749290085 82.65688209030597 0
    endloop
  endfacet
  facet normal 0 0 -1
    outer loop
      vertex 7.414213562373095 82.58578643762691 0
      vertex 7.481902250709918 82.65688209030597 0
      vertex 47.518097749290085 82.65688209030597 0
    endloop
  endfacet
  facet normal 0 0 -1
    outer loop
      vertex 7.481902250709918 82.65688209030597 0
      vertex 7.546020906725474 82.73121343167271 0
      vertex 47.518097749290085 82.65688209030597 0
    endloop
  endfacet
  facet normal 0 0 -1
    outer loop
      vertex 7.546020906725474 82.73121343167271 0
      vertex 7.60641506296129 82.80860139101513 0
      vertex 47.453979093274526 82.73121343167271 0
    endloop
  endfacet
  facet normal 0 0 -1
    outer loop
      vertex 7.60641506296129 82.80860139101513 0
      vertex 7.662939224605091 82.8888595339608 0
      vertex 47.39358493703871 82.80860139101513 0
    endloop
  endfacet
  facet normal 0 0 -1
    outer loop
      vertex 7.662939224605091 82.8888595339608 0
      vertex 7.715457220000544 82.97179451161355 0
      vertex 47.33706077539491 82.8888595339608 0
    endloop
  endfacet
  facet normal 0 0 -1
    outer loop
      vertex 7.715457220000544 82.97179451161355 0
      vertex 7.76384252869671 83.05720652634801 0
      vertex 47.284542779999455 82.97179451161355 0
    endloop
  endfacet
  facet normal 0 0 -1
    outer loop
      vertex 7.76384252869671 83.05720652634801 0
      vertex 7.807978586246887 83.14488981313943 0
      vertex 47.23615747130329 83.05720652634801 0
    endloop
  endfacet
  facet normal 0 0 -1
    outer loop
      vertex 7.807978586246887 83.14488981313943 0
      vertex 7.847759065022574 83.23463313526982 0
      vertex 47.19202141375311 83.14488981313943 0
    endloop
  endfacet
  facet normal 0 0 -1
    outer loop
      vertex 7.847759065022574 83.23463313526982 0
      vertex 7.883088130366041 83.32622029321556 0
      vertex 47.15224093497743 83.23463313526982 0
    endloop
  endfacet
  facet normal 0 0 -1
    outer loop
      vertex 7.883088130366041 83.32622029321556 0
      vertex 7.913880671464417 83.41943064549108 0
      vertex 47.11691186963396 83.32622029321556 0
    endloop
  endfacet
  facet normal 0 0 -1
    outer loop
      vertex 7.913880671464417 83.41943064549108 0
      vertex 7.940062506389088 83.51403964019347 0
      vertex 47.08611932853558 83.41943064549108 0
    endloop
  endfacet
  facet normal 0 0 -1
    outer loop
      vertex 7.940062506389088 83.51403964019347 0
      vertex 7.961570560806461 83.60981935596774 0
      vertex 47.05993749361091 83.51403964019347 0
    endloop
  endfacet
  facet normal 0 0 -1
    outer loop
      vertex 7.961570560806461 83.60981935596774 0
      vertex 7.978353019929562 83.70653905108928 0
      vertex 47.038429439193536 83.60981935596774 0
    endloop
  endfacet
  facet normal 0 0 -1
    outer loop
      vertex 7.978353019929562 83.70653905108928 0
      vertex 7.990369453344394 83.80396571934088 0
      vertex 47.021646980070436 83.70653905108928 0
    endloop
  endfacet
  facet normal 0 0 -1
    outer loop
      vertex 7.990369453344394 83.80396571934088 0
      vertex 7.997590912410345 83.90186465134516 0
      vertex 47.00963054665561 83.80396571934088 0
    endloop
  endfacet
  facet normal 0 0 -1
    outer loop
      vertex 7.997590912410345 83.90186465134516 0
      vertex 8 84 0
      vertex 47.002409087589655 83.90186465134516 0
    endloop
  endfacet
  facet normal 0 0 -1
    outer loop
      vertex 8 84 0
      vertex 7.997590912410345 84.09813534865484 0
      vertex 47 84 0
    endloop
  endfacet
  facet normal 0 0 -1
    outer loop
      vertex 7.997590912410345 84.09813534865484 0
      vertex 7.990369453344394 84.19603428065912 0
      vertex 47.002409087589655 84.09813534865484 0
    endloop
  endfacet
  facet normal 0 0 -1
    outer loop
      vertex 7.990369453344394 84.19603428065912 0
      vertex 7.978353019929562 84.29346094891072 0
      vertex 47.00963054665561 84.19603428065912 0
    endloop
  endfacet
  facet normal 0 0 -1
    outer loop
      vertex 7.978353019929562 84.29346094891072 0
      vertex 7.961570560806461 84.39018064403226 0
      vertex 47.021646980070436 84.29346094891072 0
    endloop
  endfacet
  facet normal 0 0 -1
    outer loop
      vertex 7.940062506389088 84.48596035980653 0
      vertex 47.038429439193536 84.39018064403226 0
      vertex 7.961570560806461 84.39018064403226 0
    endloop
  endfacet
  facet normal 0 0 -1
    outer loop
      vertex 7.940062506389088 84.48596035980653 0
      vertex 7.913880671464417 84.58056935450892 0
      vertex 47.05993749361091 84.48596035980653 0
    endloop
  endfacet
  facet normal 0 0 -1
    outer loop
      vertex 7.807978586246887 84.85511018686057 0
      vertex 47.15224093497743 84.76536686473018 0
      vertex 7.847759065022574 84.76536686473018 0
    endloop
  endfacet
  facet normal 0 0 -1
    outer loop
      vertex 7.76384252869671 84.94279347365199 0
      vertex 47.19202141375311 84.85511018686057 0
      vertex 7.807978586246887 84.85511018686057 0
    endloop
  endfacet
  facet normal 0 0 -1
    outer loop
      vertex 7.715457220000544 85.02820548838645 0
      vertex 47.23615747130329 84.94279347365199 0
      vertex 7.76384252869671 84.94279347365199 0
    endloop
  endfacet
  facet normal 0 0 -1
    outer loop
      vertex 7.913880671464417 84.58056935450892 0
      vertex 7.883088130366041 84.67377970678444 0
      vertex 47.08611932853558 84.58056935450892 0
    endloop
  endfacet
  facet normal 0 0 -1
    outer loop
      vertex 7.883088130366041 84.67377970678444 0
      vertex 7.847759065022574 84.76536686473018 0
      vertex 47.11691186963396 84.67377970678444 0
    endloop
  endfacet
  facet normal 0 0 -1
    outer loop
      vertex 0 90 0
      vertex 47.65688209030596 85.48190225070992 0
      vertex 6 86 0
    endloop
  endfacet
  facet normal 0 0 -1
    outer loop
      vertex 6 86 0
      vertex 47.65688209030596 85.48190225070992 0
      vertex 6.098135348654836 85.99759091241035 0
    endloop
  endfacet
  facet normal 0 0 -1
    outer loop
      vertex 6.098135348654836 85.99759091241035 0
      vertex 47.65688209030596 85.48190225070992 0
      vertex 6.196034280659121 85.9903694533444 0
    endloop
  endfacet
  facet normal 0 0 -1
    outer loop
      vertex 6.196034280659121 85.9903694533444 0
      vertex 47.65688209030596 85.48190225070992 0
      vertex 6.293460948910724 85.97835301992956 0
    endloop
  endfacet
  facet normal 0 0 -1
    outer loop
      vertex 6.293460948910724 85.97835301992956 0
      vertex 47.65688209030596 85.48190225070992 0
      vertex 6.390180644032257 85.96157056080646 0
    endloop
  endfacet
  facet normal 0 0 -1
    outer loop
      vertex 6.390180644032257 85.96157056080646 0
      vertex 47.65688209030596 85.48190225070992 0
      vertex 6.485960359806528 85.94006250638908 0
    endloop
  endfacet
  facet normal 0 0 -1
    outer loop
      vertex 6.580569354508925 85.91388067146441 0
      vertex 6.485960359806528 85.94006250638908 0
      vertex 47.65688209030596 85.48190225070992 0
    endloop
  endfacet
  facet normal 0 0 -1
    outer loop
      vertex 6.580569354508925 85.91388067146441 0
      vertex 47.65688209030596 85.48190225070992 0
      vertex 6.67377970678444 85.88308813036605 0
    endloop
  endfacet
  facet normal 0 0 -1
    outer loop
      vertex 6.67377970678444 85.88308813036605 0
      vertex 47.65688209030596 85.48190225070992 0
      vertex 6.765366864730179 85.84775906502257 0
    endloop
  endfacet
  facet normal 0 0 -1
    outer loop
      vertex 6.765366864730179 85.84775906502257 0
      vertex 47.65688209030596 85.48190225070992 0
      vertex 6.855110186860564 85.80797858624689 0
    endloop
  endfacet
  facet normal 0 0 -1
    outer loop
      vertex 6.855110186860564 85.80797858624689 0
      vertex 47.65688209030596 85.48190225070992 0
      vertex 6.942793473651995 85.76384252869671 0
    endloop
  endfacet
  facet normal 0 0 -1
    outer loop
      vertex 6.942793473651995 85.76384252869671 0
      vertex 47.65688209030596 85.48190225070992 0
      vertex 7.028205488386444 85.71545722000054 0
    endloop
  endfacet
  facet normal 0 0 -1
    outer loop
      vertex 7.028205488386444 85.71545722000054 0
      vertex 47.65688209030596 85.48190225070992 0
      vertex 7.111140466039204 85.6629392246051 0
    endloop
  endfacet
  facet normal 0 0 -1
    outer loop
      vertex 7.343117909694037 85.48190225070992 0
      vertex 47.58578643762691 85.41421356237309 0
      vertex 7.414213562373095 85.41421356237309 0
    endloop
  endfacet
  facet normal 0 0 -1
    outer loop
      vertex 7.481902250709918 85.34311790969403 0
      vertex 47.453979093274526 85.26878656832729 0
      vertex 7.546020906725474 85.26878656832729 0
    endloop
  endfacet
  facet normal 0 0 -1
    outer loop
      vertex 7.414213562373095 85.41421356237309 0
      vertex 47.518097749290085 85.34311790969403 0
      vertex 7.481902250709918 85.34311790969403 0
    endloop
  endfacet
  facet normal 0 0 -1
    outer loop
      vertex 7.111140466039204 85.6629392246051 0
      vertex 47.65688209030596 85.48190225070992 0
      vertex 7.1913986089848665 85.60641506296129 0
    endloop
  endfacet
  facet normal 0 0 -1
    outer loop
      vertex 7.1913986089848665 85.60641506296129 0
      vertex 47.65688209030596 85.48190225070992 0
      vertex 7.268786568327291 85.54602090672547 0
    endloop
  endfacet
  facet normal 0 0 -1
    outer loop
      vertex 7.268786568327291 85.54602090672547 0
      vertex 47.65688209030596 85.48190225070992 0
      vertex 7.343117909694037 85.48190225070992 0
    endloop
  endfacet
  facet normal 0 0 -1
    outer loop
      vertex 7.715457220000544 85.02820548838645 0
      vertex 7.662939224605091 85.1111404660392 0
      vertex 47.284542779999455 85.02820548838645 0
    endloop
  endfacet
  facet normal 0 0 -1
    outer loop
      vertex 7.60641506296129 85.19139860898487 0
      vertex 47.33706077539491 85.1111404660392 0
      vertex 7.662939224605091 85.1111404660392 0
    endloop
  endfacet
  facet normal 0 0 -1
    outer loop
      vertex 7.546020906725474 85.26878656832729 0
      vertex 47.39358493703871 85.19139860898487 0
      vertex 7.60641506296129 85.19139860898487 0
    endloop
  endfacet
  facet normal 0 0 1
    outer loop
      vertex 0 0 2
      vertex 47.73121343167271 4.453979093274526 2
      vertex 47.65688209030596 4.518097749290082 2
    endloop
  endfacet
  facet normal 0 0 1
    outer loop
      vertex 0 0 2
      vertex 47.80860139101513 4.39358493703871 2
      vertex 47.73121343167271 4.453979093274526 2
    endloop
  endfacet
  facet normal 0 0 1
    outer loop
      vertex 0 0 2
      vertex 47.8888595339608 4.337060775394909 2
      vertex 47.80860139101513 4.39358493703871 2
    endloop
  endfacet
  facet normal 0 0 1
    outer loop
      vertex 0 0 2
      vertex 47.97179451161356 4.284542779999456 2
      vertex 47.8888595339608 4.337060775394909 2
    endloop
  endfacet
  facet normal 0 0 1
    outer loop
      vertex 0 0 2
      vertex 48.057206526348004 4.23615747130329 2
      vertex 47.97179451161356 4.284542779999456 2
    endloop
  endfacet
  facet normal 0 0 1
    outer loop
      vertex 0 0 2
      vertex 48.144889813139436 4.192021413753113 2
      vertex 48.057206526348004 4.23615747130329 2
    endloop
  endfacet
  facet normal 0 0 1
    outer loop
      vertex 0 0 2
      vertex 48.23463313526982 4.152240934977426 2
      vertex 48.144889813139436 4.192021413753113 2
    endloop
  endfacet
  facet normal 0 0 1
    outer loop
      vertex 0 0 2
      vertex 48.32622029321556 4.116911869633959 2
      vertex 48.23463313526982 4.152240934977426 2
    endloop
  endfacet
  facet normal 0 0 1
    outer loop
      vertex 0 0 2
      vertex 48.419430645491076 4.086119328535583 2
      vertex 48.32622029321556 4.116911869633959 2
    endloop
  endfacet
  facet normal 0 0 1
    outer loop
      vertex 0 0 2
      vertex 48.514039640193474 4.059937493610912 2
      vertex 48.419430645491076 4.086119328535583 2
    endloop
  endfacet
  facet normal 0 0 1
    outer loop
      vertex 0 0 2
      vertex 48.609819355967744 4.038429439193539 2
      vertex 48.514039640193474 4.059937493610912 2
    endloop
  endfacet
  facet normal 0 0 1
    outer loop
      vertex 0 0 2
      vertex 48.70653905108928 4.021646980070438 2
      vertex 48.609819355967744 4.038429439193539 2
    endloop
  endfacet
  facet normal 0 0 1
    outer loop
      vertex 0 0 2
      vertex 48.80396571934088 4.009630546655606 2
      vertex 48.70653905108928 4.021646980070438 2
    endloop
  endfacet
  facet normal 0 0 1
    outer loop
      vertex 0 0 2
      vertex 48.901864651345164 4.002409087589655 2
      vertex 48.80396571934088 4.009630546655606 2
    endloop
  endfacet
  facet normal 0 0 1
    outer loop
      vertex 0 0 2
      vertex 49 4 2
      vertex 48.901864651345164 4.002409087589655 2
    endloop
  endfacet
  facet normal 0 0 1
    outer loop
      vertex 0 0 2
      vertex 49.098135348654836 4.002409087589655 2
      vertex 49 4 2
    endloop
  endfacet
  facet normal 0 0 1
    outer loop
      vertex 0 0 2
      vertex 49.19603428065912 4.009630546655606 2
      vertex 49.098135348654836 4.002409087589655 2
    endloop
  endfacet
  facet normal 0 0 -1
    outer loop
      vertex 7.343117909694037 4.518097749290082 0
      vertex 47.80860139101513 4.39358493703871 0
      vertex 47.8888595339608 4.337060775394909 0
    endloop
  endfacet
  facet normal 0 0 -1
    outer loop
      vertex 7.60641506296129 4.8086013910151335 0
      vertex 47.39358493703871 4.8086013910151335 0
      vertex 47.453979093274526 4.731213431672709 0
    endloop
  endfacet
  facet normal 0 0 -1
    outer loop
      vertex 7.662939224605091 4.888859533960796 0
      vertex 47.33706077539491 4.888859533960796 0
      vertex 47.39358493703871 4.8086013910151335 0
    endloop
  endfacet
  facet normal 0 0 -1
    outer loop
      vertex 7.883088130366041 5.32622029321556 0
      vertex 47.11691186963396 5.32622029321556 0
      vertex 47.15224093497743 5.234633135269821 0
    endloop
  endfacet
  facet normal 0 0 -1
    outer loop
      vertex 7.76384252869671 5.057206526348005 0
      vertex 47.23615747130329 5.057206526348005 0
      vertex 47.284542779999455 4.971794511613556 0
    endloop
  endfacet
  facet normal 0 0 -1
    outer loop
      vertex 7.715457220000544 4.971794511613556 0
      vertex 47.284542779999455 4.971794511613556 0
      vertex 47.33706077539491 4.888859533960796 0
    endloop
  endfacet
  facet normal 0 0 -1
    outer loop
      vertex 7.807978586246887 5.144889813139436 0
      vertex 47.19202141375311 5.144889813139436 0
      vertex 47.23615747130329 5.057206526348005 0
    endloop
  endfacet
  facet normal 0 0 -1
    outer loop
      vertex 7.847759065022574 5.234633135269821 0
      vertex 47.15224093497743 5.234633135269821 0
      vertex 47.19202141375311 5.144889813139436 0
    endloop
  endfacet
  facet normal 0 0 -1
    outer loop
      vertex 7.481902250709918 4.656882090305963 0
      vertex 47.518097749290085 4.656882090305963 0
      vertex 47.58578643762691 4.585786437626905 0
    endloop
  endfacet
  facet normal 0 0 -1
    outer loop
      vertex 7.343117909694037 4.518097749290082 0
      vertex 47.65688209030596 4.518097749290082 0
      vertex 47.73121343167271 4.453979093274526 0
    endloop
  endfacet
  facet normal 0 0 -1
    outer loop
      vertex 7.414213562373095 4.585786437626905 0
      vertex 47.58578643762691 4.585786437626905 0
      vertex 47.65688209030596 4.518097749290082 0
    endloop
  endfacet
  facet normal 0 0 -1
    outer loop
      vertex 7.546020906725474 4.731213431672709 0
      vertex 47.453979093274526 4.731213431672709 0
      vertex 47.518097749290085 4.656882090305963 0
    endloop
  endfacet
  facet normal 0 0 -1
    outer loop
      vertex 7.343117909694037 4.518097749290082 0
      vertex 47.73121343167271 4.453979093274526 0
      vertex 47.80860139101513 4.39358493703871 0
    endloop
  endfacet
  facet normal 0 0 -1
    outer loop
      vertex 7.913880671464417 5.419430645491075 0
      vertex 47.08611932853558 5.419430645491075 0
      vertex 47.11691186963396 5.32622029321556 0
    endloop
  endfacet
  facet normal 0 0 -1
    outer loop
      vertex 7.940062506389088 5.514039640193472 0
      vertex 47.05993749361091 5.514039640193472 0
      vertex 47.08611932853558 5.419430645491075 0
    endloop
  endfacet
  facet normal 0 0 -1
    outer loop
      vertex 7.961570560806461 5.609819355967743 0
      vertex 47.038429439193536 5.609819355967743 0
      vertex 47.05993749361091 5.514039640193472 0
    endloop
  endfacet
  facet normal 0 0 -1
    outer loop
      vertex 7.978353019929562 5.706539051089276 0
      vertex 47.021646980070436 5.706539051089276 0
      vertex 47.038429439193536 5.609819355967743 0
    endloop
  endfacet
  facet normal 0 0 -1
    outer loop
      vertex 7.990369453344394 5.803965719340879 0
      vertex 47.00963054665561 5.803965719340879 0
      vertex 47.021646980070436 5.706539051089276 0
    endloop
  endfacet
  facet normal 0 0 -1
    outer loop
      vertex 7.997590912410345 5.901864651345164 0
      vertex 47.002409087589655 5.901864651345164 0
      vertex 47.00963054665561 5.803965719340879 0
    endloop
  endfacet
  facet normal 0 0 -1
    outer loop
      vertex 8 6 0
      vertex 47 6 0
      vertex 47.002409087589655 5.901864651345164 0
    endloop
  endfacet
  facet normal 0 0 -1
    outer loop
      vertex 7.997590912410345 6.098135348654836 0
      vertex 47.002409087589655 6.098135348654836 0
      vertex 47 6 0
    endloop
  endfacet
  facet normal 0 0 -1
    outer loop
      vertex 7.990369453344394 6.196034280659121 0
      vertex 47.00963054665561 6.196034280659121 0
      vertex 47.002409087589655 6.098135348654836 0
    endloop
  endfacet
  facet normal 0 0 -1
    outer loop
      vertex 7.978353019929562 6.293460948910724 0
      vertex 47.021646980070436 6.293460948910724 0
      vertex 47.00963054665561 6.196034280659121 0
    endloop
  endfacet
  facet normal 0 0 -1
    outer loop
      vertex 7.961570560806461 6.390180644032257 0
      vertex 47.038429439193536 6.390180644032257 0
      vertex 47.021646980070436 6.293460948910724 0
    endloop
  endfacet
  facet normal 0 0 -1
    outer loop
      vertex 7.940062506389088 6.485960359806528 0
      vertex 47.05993749361091 6.485960359806528 0
      vertex 47.038429439193536 6.390180644032257 0
    endloop
  endfacet
  facet normal 0 0 -1
    outer loop
      vertex 7.913880671464417 6.580569354508925 0
      vertex 47.08611932853558 6.580569354508925 0
      vertex 47.05993749361091 6.485960359806528 0
    endloop
  endfacet
  facet normal 0 0 -1
    outer loop
      vertex 7.883088130366041 6.67377970678444 0
      vertex 47.11691186963396 6.67377970678444 0
      vertex 47.08611932853558 6.580569354508925 0
    endloop
  endfacet
  facet normal 0 0 -1
    outer loop
      vertex 7.847759065022574 6.765366864730179 0
      vertex 47.15224093497743 6.765366864730179 0
      vertex 47.11691186963396 6.67377970678444 0
    endloop
  endfacet
  facet normal 0 0 -1
    outer loop
      vertex 7.807978586246887 6.855110186860564 0
      vertex 47.19202141375311 6.855110186860564 0
      vertex 47.15224093497743 6.765366864730179 0
    endloop
  endfacet
  facet normal 0 0 -1
    outer loop
      vertex 7.76384252869671 6.942793473651995 0
      vertex 47.23615747130329 6.942793473651995 0
      vertex 47.19202141375311 6.855110186860564 0
    endloop
  endfacet
  facet normal 0 0 -1
    outer loop
      vertex 7.715457220000544 7.028205488386444 0
      vertex 47.284542779999455 7.028205488386444 0
      vertex 47.23615747130329 6.942793473651995 0
    endloop
  endfacet
  facet normal 0 0 1
    outer loop
      vertex 7.481902250709918 4.656882090305963 2
      vertex 47.518097749290085 4.656882090305963 2
      vertex 47.453979093274526 4.731213431672709 2
    endloop
  endfacet
  facet normal 0 0 1
    outer loop
      vertex 7.546020906725474 4.731213431672709 2
      vertex 47.453979093274526 4.731213431672709 2
      vertex 47.39358493703871 4.8086013910151335 2
    endloop
  endfacet
  facet normal 0 0 1
    outer loop
      vertex 7.60641506296129 4.8086013910151335 2
      vertex 47.39358493703871 4.8086013910151335 2
      vertex 47.33706077539491 4.888859533960796 2
    endloop
  endfacet
  facet normal 0 0 1
    outer loop
      vertex 7.807978586246887 5.144889813139436 2
      vertex 47.19202141375311 5.144889813139436 2
      vertex 47.15224093497743 5.234633135269821 2
    endloop
  endfacet
  facet normal 0 0 1
    outer loop
      vertex 7.847759065022574 5.234633135269821 2
      vertex 47.15224093497743 5.234633135269821 2
      vertex 47.11691186963396 5.32622029321556 2
    endloop
  endfacet
  facet normal 0 0 1
    outer loop
      vertex 7.662939224605091 4.888859533960796 2
      vertex 47.33706077539491 4.888859533960796 2
      vertex 47.284542779999455 4.971794511613556 2
    endloop
  endfacet
  facet normal 0 0 1
    outer loop
      vertex 7.715457220000544 4.971794511613556 2
      vertex 47.284542779999455 4.971794511613556 2
      vertex 47.23615747130329 5.057206526348005 2
    endloop
  endfacet
  facet normal 0 0 1
    outer loop
      vertex 7.76384252869671 5.057206526348005 2
      vertex 47.23615747130329 5.057206526348005 2
      vertex 47.19202141375311 5.144889813139436 2
    endloop
  endfacet
  facet normal 0 0 1
    outer loop
      vertex 7.343117909694037 4.518097749290082 2
      vertex 47.65688209030596 4.518097749290082 2
      vertex 47.58578643762691 4.585786437626905 2
    endloop
  endfacet
  facet normal 0 0 1
    outer loop
      vertex 7.414213562373095 4.585786437626905 2
      vertex 47.58578643762691 4.585786437626905 2
      vertex 47.518097749290085 4.656882090305963 2
    endloop
  endfacet
  facet normal 0 0 1
    outer loop
      vertex 7.883088130366041 5.32622029321556 2
      vertex 47.11691186963396 5.32622029321556 2
      vertex 47.08611932853558 5.419430645491075 2
    endloop
  endfacet
  facet normal 0 0 1
    outer loop
      vertex 7.913880671464417 5.419430645491075 2
      vertex 47.08611932853558 5.419430645491075 2
      vertex 47.05993749361091 5.514039640193472 2
    endloop
  endfacet
  facet normal 0 0 1
    outer loop
      vertex 7.940062506389088 5.514039640193472 2
      vertex 47.05993749361091 5.514039640193472 2
      vertex 47.038429439193536 5.609819355967743 2
    endloop
  endfacet
  facet normal 0 0 1
    outer loop
      vertex 7.961570560806461 5.609819355967743 2
      vertex 47.038429439193536 5.609819355967743 2
      vertex 47.021646980070436 5.706539051089276 2
    endloop
  endfacet
  facet normal 0 0 1
    outer loop
      vertex 7.978353019929562 5.706539051089276 2
      vertex 47.021646980070436 5.706539051089276 2
      vertex 47.00963054665561 5.803965719340879 2
    endloop
  endfacet
  facet normal 0 0 1
    outer loop
      vertex 7.990369453344394 5.803965719340879 2
      vertex 47.00963054665561 5.803965719340879 2
      vertex 47.002409087589655 5.901864651345164 2
    endloop
  endfacet
  facet normal 0 0 1
    outer loop
      vertex 7.997590912410345 5.901864651345164 2
      vertex 47.002409087589655 5.901864651345164 2
      vertex 47 6 2
    endloop
  endfacet
  facet normal 0 0 1
    outer loop
      vertex 8 6 2
      vertex 47 6 2
      vertex 47.002409087589655 6.098135348654836 2
    endloop
  endfacet
  facet normal 0 0 1
    outer loop
      vertex 7.997590912410345 6.098135348654836 2
      vertex 47.002409087589655 6.098135348654836 2
      vertex 47.00963054665561 6.196034280659121 2
    endloop
  endfacet
  facet normal 0 0 1
    outer loop
      vertex 7.990369453344394 6.196034280659121 2
      vertex 47.00963054665561 6.196034280659121 2
      vertex 47.021646980070436 6.293460948910724 2
    endloop
  endfacet
  facet normal 0 0 1
    outer loop
      vertex 7.978353019929562 6.293460948910724 2
      vertex 47.021646980070436 6.293460948910724 2
      vertex 47.038429439193536 6.390180644032257 2
    endloop
  endfacet
  facet normal 0 0 1
    outer loop
      vertex 7.961570560806461 6.390180644032257 2
      vertex 47.038429439193536 6.390180644032257 2
      vertex 47.05993749361091 6.485960359806528 2
    endloop
  endfacet
  facet normal 0 0 1
    outer loop
      vertex 7.940062506389088 6.485960359806528 2
      vertex 47.05993749361091 6.485960359806528 2
      vertex 47.08611932853558 6.580569354508925 2
    endloop
  endfacet
  facet normal 0 0 1
    outer loop
      vertex 7.913880671464417 6.580569354508925 2
      vertex 47.08611932853558 6.580569354508925 2
      vertex 47.11691186963396 6.67377970678444 2
    endloop
  endfacet
  facet normal 0 0 1
    outer loop
      vertex 7.883088130366041 6.67377970678444 2
      vertex 47.11691186963396 6.67377970678444 2
      vertex 47.15224093497743 6.765366864730179 2
    endloop
  endfacet
  facet normal 0 0 1
    outer loop
      vertex 7.847759065022574 6.765366864730179 2
      vertex 47.15224093497743 6.765366864730179 2
      vertex 47.19202141375311 6.855110186860564 2
    endloop
  endfacet
  facet normal 0 0 1
    outer loop
      vertex 7.807978586246887 6.855110186860564 2
      vertex 47.19202141375311 6.855110186860564 2
      vertex 47.23615747130329 6.942793473651995 2
    endloop
  endfacet
  facet normal 0 0 1
    outer loop
      vertex 7.76384252869671 6.942793473651995 2
      vertex 47.23615747130329 6.942793473651995 2
      vertex 47.284542779999455 7.028205488386444 2
    endloop
  endfacet
  facet normal 0 0 1
    outer loop
      vertex 0 0 2
      vertex 55 0 2
      vertex 49.19603428065912 4.009630546655606 2
    endloop
  endfacet
  facet normal 0 0 -1
    outer loop
      vertex 7.343117909694037 4.518097749290082 0
      vertex 47.8888595339608 4.337060775394909 0
      vertex 47.97179451161356 4.284542779999456 0
    endloop
  endfacet
  facet normal 0 0 -1
    outer loop
      vertex 7.343117909694037 4.518097749290082 0
      vertex 47.97179451161356 4.284542779999456 0
      vertex 48.057206526348004 4.23615747130329 0
    endloop
  endfacet
  facet normal 0 0 -1
    outer loop
      vertex 7.343117909694037 4.518097749290082 0
      vertex 48.057206526348004 4.23615747130329 0
      vertex 48.144889813139436 4.192021413753113 0
    endloop
  endfacet
  facet normal 0 0 -1
    outer loop
      vertex 7.343117909694037 4.518097749290082 0
      vertex 48.144889813139436 4.192021413753113 0
      vertex 48.23463313526982 4.152240934977426 0
    endloop
  endfacet
  facet normal 0 0 -1
    outer loop
      vertex 7.343117909694037 4.518097749290082 0
      vertex 48.23463313526982 4.152240934977426 0
      vertex 48.32622029321556 4.116911869633959 0
    endloop
  endfacet
  facet normal 0 0 -1
    outer loop
      vertex 7.343117909694037 4.518097749290082 0
      vertex 48.32622029321556 4.116911869633959 0
      vertex 48.419430645491076 4.086119328535583 0
    endloop
  endfacet
  facet normal 0 0 -1
    outer loop
      vertex 7.343117909694037 4.518097749290082 0
      vertex 48.419430645491076 4.086119328535583 0
      vertex 48.514039640193474 4.059937493610912 0
    endloop
  endfacet
  facet normal 0 0 -1
    outer loop
      vertex 7.343117909694037 4.518097749290082 0
      vertex 48.514039640193474 4.059937493610912 0
      vertex 48.609819355967744 4.038429439193539 0
    endloop
  endfacet
  facet normal 0 0 -1
    outer loop
      vertex 7.343117909694037 4.518097749290082 0
      vertex 48.609819355967744 4.038429439193539 0
      vertex 48.70653905108928 4.021646980070438 0
    endloop
  endfacet
  facet normal 0 0 -1
    outer loop
      vertex 7.343117909694037 4.518097749290082 0
      vertex 48.70653905108928 4.021646980070438 0
      vertex 48.80396571934088 4.009630546655606 0
    endloop
  endfacet
  facet normal 0 0 -1
    outer loop
      vertex 7.343117909694037 4.518097749290082 0
      vertex 48.80396571934088 4.009630546655606 0
      vertex 48.901864651345164 4.002409087589655 0
    endloop
  endfacet
  facet normal 0 0 -1
    outer loop
      vertex 7.343117909694037 4.518097749290082 0
      vertex 48.901864651345164 4.002409087589655 0
      vertex 49 4 0
    endloop
  endfacet
  facet normal 0 -1 0
    outer loop
      vertex 0 0 0
      vertex 55 0 0
      vertex 55 0 2
    endloop
  endfacet
  facet normal 0 0 -1
    outer loop
      vertex 7.343117909694037 4.518097749290082 0
      vertex 49 4 0
      vertex 55 0 0
    endloop
  endfacet
  facet normal 0 0 1
    outer loop
      vertex 4.39358493703871 82.80860139101513 2
      vertex 47.284542779999455 7.028205488386444 2
      vertex 47.33706077539491 7.111140466039204 2
    endloop
  endfacet
  facet normal 0 0 1
    outer loop
      vertex 4.39358493703871 82.80860139101513 2
      vertex 47.39358493703871 7.1913986089848665 2
      vertex 47.453979093274526 7.268786568327291 2
    endloop
  endfacet
  facet normal 0 0 1
    outer loop
      vertex 4.39358493703871 82.80860139101513 2
      vertex 47.33706077539491 7.111140466039204 2
      vertex 47.39358493703871 7.1913986089848665 2
    endloop
  endfacet
  facet normal 0 0 1
    outer loop
      vertex 4.39358493703871 82.80860139101513 2
      vertex 47.453979093274526 7.268786568327291 2
      vertex 47.518097749290085 7.343117909694037 2
    endloop
  endfacet
  facet normal 0 0 1
    outer loop
      vertex 4.39358493703871 82.80860139101513 2
      vertex 47.518097749290085 7.343117909694037 2
      vertex 47.58578643762691 7.414213562373095 2
    endloop
  endfacet
  facet normal 0 0 1
    outer loop
      vertex 4.39358493703871 82.80860139101513 2
      vertex 47.58578643762691 7.414213562373095 2
      vertex 47.65688209030596 7.481902250709918 2
    endloop
  endfacet
  facet normal 0 0 1
    outer loop
      vertex 4.39358493703871 82.80860139101513 2
      vertex 47.65688209030596 7.481902250709918 2
      vertex 47.73121343167271 7.546020906725474 2
    endloop
  endfacet
  facet normal 0 0 1
    outer loop
      vertex 4.39358493703871 82.80860139101513 2
      vertex 47.73121343167271 7.546020906725474 2
      vertex 47.80860139101513 7.60641506296129 2
    endloop
  endfacet
  facet normal 0 0 1
    outer loop
      vertex 4.39358493703871 82.80860139101513 2
      vertex 47.80860139101513 7.60641506296129 2
      vertex 47.8888595339608 7.662939224605091 2
    endloop
  endfacet
  facet normal 0 0 1
    outer loop
      vertex 4.39358493703871 82.80860139101513 2
      vertex 47.8888595339608 7.662939224605091 2
      vertex 47.97179451161356 7.715457220000544 2
    endloop
  endfacet
  facet normal 0 0 1
    outer loop
      vertex 4.39358493703871 82.80860139101513 2
      vertex 47.97179451161356 7.715457220000544 2
      vertex 48.057206526348004 7.76384252869671 2
    endloop
  endfacet
  facet normal 0 0 1
    outer loop
      vertex 4.39358493703871 82.80860139101513 2
      vertex 48.057206526348004 7.76384252869671 2
      vertex 48.144889813139436 7.807978586246887 2
    endloop
  endfacet
  facet normal 0 0 1
    outer loop
      vertex 4.39358493703871 82.80860139101513 2
      vertex 48.144889813139436 7.807978586246887 2
      vertex 48.23463313526982 7.847759065022574 2
    endloop
  endfacet
  facet normal 0 0 1
    outer loop
      vertex 4.39358493703871 82.80860139101513 2
      vertex 48.23463313526982 7.847759065022574 2
      vertex 48.32622029321556 7.883088130366041 2
    endloop
  endfacet
  facet normal 0 0 1
    outer loop
      vertex 4.39358493703871 82.80860139101513 2
      vertex 48.32622029321556 7.883088130366041 2
      vertex 48.419430645491076 7.913880671464417 2
    endloop
  endfacet
  facet normal 0 0 1
    outer loop
      vertex 4.39358493703871 82.80860139101513 2
      vertex 48.419430645491076 7.913880671464417 2
      vertex 48.514039640193474 7.940062506389088 2
    endloop
  endfacet
  facet normal 0 0 1
    outer loop
      vertex 4.39358493703871 82.80860139101513 2
      vertex 48.514039640193474 7.940062506389088 2
      vertex 48.609819355967744 7.961570560806461 2
    endloop
  endfacet
  facet normal 0 0 1
    outer loop
      vertex 4.39358493703871 82.80860139101513 2
      vertex 48.609819355967744 7.961570560806461 2
      vertex 48.70653905108928 7.978353019929562 2
    endloop
  endfacet
  facet normal 0 0 1
    outer loop
      vertex 4.39358493703871 82.80860139101513 2
      vertex 48.70653905108928 7.978353019929562 2
      vertex 48.80396571934088 7.990369453344394 2
    endloop
  endfacet
  facet normal 0 0 1
    outer loop
      vertex 4.39358493703871 82.80860139101513 2
      vertex 48.80396571934088 7.990369453344394 2
      vertex 48.901864651345164 7.997590912410345 2
    endloop
  endfacet
  facet normal 0 0 1
    outer loop
      vertex 4.39358493703871 82.80860139101513 2
      vertex 48.901864651345164 7.997590912410345 2
      vertex 49 8 2
    endloop
  endfacet
  facet normal 0 0 1
    outer loop
      vertex 4.39358493703871 82.80860139101513 2
      vertex 49 8 2
      vertex 49.098135348654836 7.997590912410345 2
    endloop
  endfacet
  facet normal 0 0 1
    outer loop
      vertex 4.39358493703871 82.80860139101513 2
      vertex 49.098135348654836 7.997590912410345 2
      vertex 49.19603428065912 7.990369453344394 2
    endloop
  endfacet
  facet normal 0 0 1
    outer loop
      vertex 4.39358493703871 82.80860139101513 2
      vertex 49.19603428065912 7.990369453344394 2
      vertex 49.29346094891072 7.978353019929562 2
    endloop
  endfacet
  facet normal 0 0 1
    outer loop
      vertex 4.39358493703871 82.80860139101513 2
      vertex 49.29346094891072 7.978353019929562 2
      vertex 49.390180644032256 7.961570560806461 2
    endloop
  endfacet
  facet normal 0 0 -1
    outer loop
      vertex 7.715457220000544 7.028205488386444 0
      vertex 50.60641506296129 82.80860139101513 0
      vertex 47.284542779999455 7.028205488386444 0
    endloop
  endfacet
  facet normal 0 0 1
    outer loop
      vertex 4.39358493703871 82.80860139101513 2
      vertex 49.942793473651996 7.76384252869671 2
      vertex 50.02820548838644 7.715457220000544 2
    endloop
  endfacet
  facet normal 0 0 1
    outer loop
      vertex 4.39358493703871 82.80860139101513 2
      vertex 49.390180644032256 7.961570560806461 2
      vertex 49.485960359806526 7.940062506389088 2
    endloop
  endfacet
  facet normal 0 0 1
    outer loop
      vertex 4.39358493703871 82.80860139101513 2
      vertex 49.485960359806526 7.940062506389088 2
      vertex 49.580569354508924 7.913880671464417 2
    endloop
  endfacet
  facet normal 0 0 1
    outer loop
      vertex 4.39358493703871 82.80860139101513 2
      vertex 49.580569354508924 7.913880671464417 2
      vertex 49.67377970678444 7.883088130366041 2
    endloop
  endfacet
  facet normal 0 0 1
    outer loop
      vertex 4.39358493703871 82.80860139101513 2
      vertex 49.67377970678444 7.883088130366041 2
      vertex 49.76536686473018 7.847759065022574 2
    endloop
  endfacet
  facet normal 0 0 1
    outer loop
      vertex 4.39358493703871 82.80860139101513 2
      vertex 49.76536686473018 7.847759065022574 2
      vertex 49.855110186860564 7.807978586246887 2
    endloop
  endfacet
  facet normal 0 0 1
    outer loop
      vertex 4.39358493703871 82.80860139101513 2
      vertex 49.855110186860564 7.807978586246887 2
      vertex 49.942793473651996 7.76384252869671 2
    endloop
  endfacet
  facet normal 0 0 1
    outer loop
      vertex 4.39358493703871 82.80860139101513 2
      vertex 50.02820548838644 7.715457220000544 2
      vertex 50.1111404660392 7.662939224605091 2
    endloop
  endfacet
  facet normal 0 0 1
    outer loop
      vertex 4.39358493703871 82.80860139101513 2
      vertex 50.1111404660392 7.662939224605091 2
      vertex 50.19139860898487 7.60641506296129 2
    endloop
  endfacet
  facet normal 0 0 1
    outer loop
      vertex 4.39358493703871 82.80860139101513 2
      vertex 50.19139860898487 7.60641506296129 2
      vertex 50.26878656832729 7.546020906725474 2
    endloop
  endfacet
  facet normal 0 0 1
    outer loop
      vertex 4.39358493703871 82.80860139101513 2
      vertex 50.26878656832729 7.546020906725474 2
      vertex 50.34311790969404 7.481902250709918 2
    endloop
  endfacet
  facet normal 0 0 1
    outer loop
      vertex 4.39358493703871 82.80860139101513 2
      vertex 50.41421356237309 7.414213562373095 2
      vertex 50.481902250709915 7.343117909694037 2
    endloop
  endfacet
  facet normal 0 0 1
    outer loop
      vertex 4.39358493703871 82.80860139101513 2
      vertex 50.34311790969404 7.481902250709918 2
      vertex 50.41421356237309 7.414213562373095 2
    endloop
  endfacet
  facet normal 0 0 1
    outer loop
      vertex 4.39358493703871 82.80860139101513 2
      vertex 50.481902250709915 7.343117909694037 2
      vertex 50.546020906725474 7.268786568327291 2
    endloop
  endfacet
  facet normal 0 0 1
    outer loop
      vertex 4.39358493703871 82.80860139101513 2
      vertex 50.546020906725474 7.268786568327291 2
      vertex 50.60641506296129 7.1913986089848665 2
    endloop
  endfacet
  facet normal 0 0 1
    outer loop
      vertex 50.60641506296129 7.1913986089848665 2
      vertex 42.5 70 2
      vertex 12.5 70 2
    endloop
  endfacet
  facet normal 0 0 -1
    outer loop
      vertex 49 4 0
      vertex 49.098135348654836 4.002409087589655 0
      vertex 55 0 0
    endloop
  endfacet
  facet normal 0 0 -1
    outer loop
      vertex 49.098135348654836 4.002409087589655 0
      vertex 49.19603428065912 4.009630546655606 0
      vertex 55 0 0
    endloop
  endfacet
  facet normal 0 0 -1
    outer loop
      vertex 49.19603428065912 4.009630546655606 0
      vertex 49.29346094891072 4.021646980070438 0
      vertex 55 0 0
    endloop
  endfacet
  facet normal 0 0 -1
    outer loop
      vertex 49.29346094891072 4.021646980070438 0
      vertex 49.390180644032256 4.038429439193539 0
      vertex 55 0 0
    endloop
  endfacet
  facet normal 0 0 -1
    outer loop
      vertex 49.390180644032256 4.038429439193539 0
      vertex 49.485960359806526 4.059937493610912 0
      vertex 55 0 0
    endloop
  endfacet
  facet normal 0 0 -1
    outer loop
      vertex 49.485960359806526 4.059937493610912 0
      vertex 49.580569354508924 4.086119328535583 0
      vertex 55 0 0
    endloop
  endfacet
  facet normal 0 0 -1
    outer loop
      vertex 49.580569354508924 4.086119328535583 0
      vertex 49.67377970678444 4.116911869633959 0
      vertex 55 0 0
    endloop
  endfacet
  facet normal 0 0 -1
    outer loop
      vertex 49.67377970678444 4.116911869633959 0
      vertex 49.76536686473018 4.152240934977426 0
      vertex 55 0 0
    endloop
  endfacet
  facet normal 0 0 -1
    outer loop
      vertex 49.76536686473018 4.152240934977426 0
      vertex 49.855110186860564 4.192021413753113 0
      vertex 55 0 0
    endloop
  endfacet
  facet normal 0 0 1
    outer loop
      vertex 49.19603428065912 4.009630546655606 2
      vertex 55 0 2
      vertex 49.29346094891072 4.021646980070438 2
    endloop
  endfacet
  facet normal 0 0 1
    outer loop
      vertex 49.29346094891072 4.021646980070438 2
      vertex 55 0 2
      vertex 49.390180644032256 4.038429439193539 2
    endloop
  endfacet
  facet normal 0 0 1
    outer loop
      vertex 49.390180644032256 4.038429439193539 2
      vertex 55 0 2
      vertex 49.485960359806526 4.059937493610912 2
    endloop
  endfacet
  facet normal 0 0 1
    outer loop
      vertex 49.485960359806526 4.059937493610912 2
      vertex 55 0 2
      vertex 49.580569354508924 4.086119328535583 2
    endloop
  endfacet
  facet normal 0 0 1
    outer loop
      vertex 49.580569354508924 4.086119328535583 2
      vertex 55 0 2
      vertex 49.67377970678444 4.116911869633959 2
    endloop
  endfacet
  facet normal 0 0 1
    outer loop
      vertex 49.67377970678444 4.116911869633959 2
      vertex 55 0 2
      vertex 49.76536686473018 4.152240934977426 2
    endloop
  endfacet
  facet normal 0 0 1
    outer loop
      vertex 49.76536686473018 4.152240934977426 2
      vertex 55 0 2
      vertex 49.855110186860564 4.192021413753113 2
    endloop
  endfacet
  facet normal 0 0 -1
    outer loop
      vertex 49.855110186860564 4.192021413753113 0
      vertex 49.942793473651996 4.23615747130329 0
      vertex 55 0 0
    endloop
  endfacet
  facet normal 0 0 -1
    outer loop
      vertex 49.942793473651996 4.23615747130329 0
      vertex 50.02820548838644 4.284542779999456 0
      vertex 55 0 0
    endloop
  endfacet
  facet normal 0 0 -1
    outer loop
      vertex 50.02820548838644 4.284542779999456 0
      vertex 50.1111404660392 4.337060775394909 0
      vertex 55 0 0
    endloop
  endfacet
  facet normal 0 0 -1
    outer loop
      vertex 50.1111404660392 4.337060775394909 0
      vertex 50.19139860898487 4.39358493703871 0
      vertex 55 0 0
    endloop
  endfacet
  facet normal 0 0 -1
    outer loop
      vertex 50.19139860898487 4.39358493703871 0
      vertex 50.26878656832729 4.453979093274526 0
      vertex 55 0 0
    endloop
  endfacet
  facet normal 0 0 -1
    outer loop
      vertex 50.26878656832729 4.453979093274526 0
      vertex 50.34311790969404 4.518097749290082 0
      vertex 55 0 0
    endloop
  endfacet
  facet normal 0 0 -1
    outer loop
      vertex 50.34311790969404 4.518097749290082 0
      vertex 50.41421356237309 4.585786437626905 0
      vertex 55 0 0
    endloop
  endfacet
  facet normal 0 0 -1
    outer loop
      vertex 50.41421356237309 4.585786437626905 0
      vertex 50.481902250709915 4.656882090305963 0
      vertex 55 0 0
    endloop
  endfacet
  facet normal 0 0 -1
    outer loop
      vertex 50.481902250709915 4.656882090305963 0
      vertex 50.546020906725474 4.731213431672709 0
      vertex 55 0 0
    endloop
  endfacet
  facet normal 0 0 -1
    outer loop
      vertex 50.546020906725474 4.731213431672709 0
      vertex 50.60641506296129 4.8086013910151335 0
      vertex 55 0 0
    endloop
  endfacet
  facet normal 0 0 -1
    outer loop
      vertex 50.60641506296129 4.8086013910151335 0
      vertex 50.66293922460509 4.888859533960796 0
      vertex 55 0 0
    endloop
  endfacet
  facet normal 0 0 -1
    outer loop
      vertex 50.66293922460509 4.888859533960796 0
      vertex 50.715457220000545 4.971794511613556 0
      vertex 55 0 0
    endloop
  endfacet
  facet normal 0 0 -1
    outer loop
      vertex 50.76384252869671 5.057206526348005 0
      vertex 50.80797858624689 5.144889813139436 0
      vertex 55 0 0
    endloop
  endfacet
  facet normal 0 0 -1
    outer loop
      vertex 50.715457220000545 4.971794511613556 0
      vertex 50.76384252869671 5.057206526348005 0
      vertex 55 0 0
    endloop
  endfacet
  facet normal 0 0 -1
    outer loop
      vertex 50.80797858624689 5.144889813139436 0
      vertex 50.84775906502257 5.234633135269821 0
      vertex 55 0 0
    endloop
  endfacet
  facet normal 0 0 -1
    outer loop
      vertex 50.84775906502257 5.234633135269821 0
      vertex 50.88308813036604 5.32622029321556 0
      vertex 55 0 0
    endloop
  endfacet
  facet normal 0 0 1
    outer loop
      vertex 49.855110186860564 4.192021413753113 2
      vertex 55 0 2
      vertex 49.942793473651996 4.23615747130329 2
    endloop
  endfacet
  facet normal 0 0 1
    outer loop
      vertex 49.942793473651996 4.23615747130329 2
      vertex 55 0 2
      vertex 50.02820548838644 4.284542779999456 2
    endloop
  endfacet
  facet normal 0 0 1
    outer loop
      vertex 50.02820548838644 4.284542779999456 2
      vertex 55 0 2
      vertex 50.1111404660392 4.337060775394909 2
    endloop
  endfacet
  facet normal 0 0 1
    outer loop
      vertex 50.1111404660392 4.337060775394909 2
      vertex 55 0 2
      vertex 50.19139860898487 4.39358493703871 2
    endloop
  endfacet
  facet normal 0 0 1
    outer loop
      vertex 50.19139860898487 4.39358493703871 2
      vertex 55 0 2
      vertex 50.26878656832729 4.453979093274526 2
    endloop
  endfacet
  facet normal 0 0 1
    outer loop
      vertex 50.26878656832729 4.453979093274526 2
      vertex 55 0 2
      vertex 50.34311790969404 4.518097749290082 2
    endloop
  endfacet
  facet normal 0 0 1
    outer loop
      vertex 50.34311790969404 4.518097749290082 2
      vertex 55 0 2
      vertex 50.41421356237309 4.585786437626905 2
    endloop
  endfacet
  facet normal 0 0 1
    outer loop
      vertex 50.41421356237309 4.585786437626905 2
      vertex 55 0 2
      vertex 50.481902250709915 4.656882090305963 2
    endloop
  endfacet
  facet normal 0 0 1
    outer loop
      vertex 50.481902250709915 4.656882090305963 2
      vertex 55 0 2
      vertex 50.546020906725474 4.731213431672709 2
    endloop
  endfacet
  facet normal 0 0 1
    outer loop
      vertex 50.546020906725474 4.731213431672709 2
      vertex 55 0 2
      vertex 50.60641506296129 4.8086013910151335 2
    endloop
  endfacet
  facet normal 0 0 1
    outer loop
      vertex 50.60641506296129 4.8086013910151335 2
      vertex 55 0 2
      vertex 50.66293922460509 4.888859533960796 2
    endloop
  endfacet
  facet normal 0 0 1
    outer loop
      vertex 50.66293922460509 4.888859533960796 2
      vertex 55 0 2
      vertex 50.715457220000545 4.971794511613556 2
    endloop
  endfacet
  facet normal 0 0 1
    outer loop
      vertex 50.76384252869671 5.057206526348005 2
      vertex 55 0 2
      vertex 50.80797858624689 5.144889813139436 2
    endloop
  endfacet
  facet normal 0 0 1
    outer loop
      vertex 50.715457220000545 4.971794511613556 2
      vertex 55 0 2
      vertex 50.76384252869671 5.057206526348005 2
    endloop
  endfacet
  facet normal 0 0 1
    outer loop
      vertex 50.80797858624689 5.144889813139436 2
      vertex 55 0 2
      vertex 50.84775906502257 5.234633135269821 2
    endloop
  endfacet
  facet normal 0 0 1
    outer loop
      vertex 50.84775906502257 5.234633135269821 2
      vertex 55 0 2
      vertex 50.88308813036604 5.32622029321556 2
    endloop
  endfacet
  facet normal 0 0 -1
    outer loop
      vertex 50.88308813036604 5.32622029321556 0
      vertex 50.91388067146442 5.419430645491075 0
      vertex 55 0 0
    endloop
  endfacet
  facet normal 0 0 -1
    outer loop
      vertex 50.91388067146442 5.419430645491075 0
      vertex 50.94006250638909 5.514039640193472 0
      vertex 55 0 0
    endloop
  endfacet
  facet normal 0 0 -1
    outer loop
      vertex 50.94006250638909 5.514039640193472 0
      vertex 50.961570560806464 5.609819355967743 0
      vertex 55 0 0
    endloop
  endfacet
  facet normal 0 0 -1
    outer loop
      vertex 50.961570560806464 5.609819355967743 0
      vertex 50.978353019929564 5.706539051089276 0
      vertex 55 0 0
    endloop
  endfacet
  facet normal 0 0 -1
    outer loop
      vertex 50.978353019929564 5.706539051089276 0
      vertex 50.99036945334439 5.803965719340879 0
      vertex 55 0 0
    endloop
  endfacet
  facet normal 0 0 -1
    outer loop
      vertex 50.99036945334439 5.803965719340879 0
      vertex 50.997590912410345 5.901864651345164 0
      vertex 55 0 0
    endloop
  endfacet
  facet normal 0 0 -1
    outer loop
      vertex 50.997590912410345 5.901864651345164 0
      vertex 51 6 0
      vertex 55 0 0
    endloop
  endfacet
  facet normal 0 0 -1
    outer loop
      vertex 50.961570560806464 6.390180644032257 0
      vertex 50.94006250638909 6.485960359806528 0
      vertex 55 0 0
    endloop
  endfacet
  facet normal 0 0 -1
    outer loop
      vertex 50.961570560806464 6.390180644032257 0
      vertex 55 0 0
      vertex 50.978353019929564 6.293460948910724 0
    endloop
  endfacet
  facet normal 0 0 -1
    outer loop
      vertex 50.91388067146442 6.580569354508925 0
      vertex 55 0 0
      vertex 50.94006250638909 6.485960359806528 0
    endloop
  endfacet
  facet normal 0 0 -1
    outer loop
      vertex 50.91388067146442 6.580569354508925 0
      vertex 50.88308813036604 6.67377970678444 0
      vertex 55 0 0
    endloop
  endfacet
  facet normal 0 0 -1
    outer loop
      vertex 51 6 0
      vertex 50.997590912410345 6.098135348654836 0
      vertex 55 0 0
    endloop
  endfacet
  facet normal 0 0 -1
    outer loop
      vertex 50.997590912410345 6.098135348654836 0
      vertex 50.99036945334439 6.196034280659121 0
      vertex 55 0 0
    endloop
  endfacet
  facet normal 0 0 -1
    outer loop
      vertex 50.99036945334439 6.196034280659121 0
      vertex 50.978353019929564 6.293460948910724 0
      vertex 55 0 0
    endloop
  endfacet
  facet normal 0 0 -1
    outer loop
      vertex 50.80797858624689 6.855110186860564 0
      vertex 50.76384252869671 6.942793473651995 0
      vertex 55 0 0
    endloop
  endfacet
  facet normal 0 0 -1
    outer loop
      vertex 50.715457220000545 7.028205488386444 0
      vertex 55 0 0
      vertex 50.76384252869671 6.942793473651995 0
    endloop
  endfacet
  facet normal 0 0 -1
    outer loop
      vertex 50.84775906502257 6.765366864730179 0
      vertex 55 0 0
      vertex 50.88308813036604 6.67377970678444 0
    endloop
  endfacet
  facet normal 0 0 -1
    outer loop
      vertex 50.80797858624689 6.855110186860564 0
      vertex 55 0 0
      vertex 50.84775906502257 6.765366864730179 0
    endloop
  endfacet
  facet normal 0 0 1
    outer loop
      vertex 50.88308813036604 5.32622029321556 2
      vertex 55 0 2
      vertex 50.91388067146442 5.419430645491075 2
    endloop
  endfacet
  facet normal 0 0 1
    outer loop
      vertex 50.91388067146442 5.419430645491075 2
      vertex 55 0 2
      vertex 50.94006250638909 5.514039640193472 2
    endloop
  endfacet
  facet normal 0 0 1
    outer loop
      vertex 50.94006250638909 5.514039640193472 2
      vertex 55 0 2
      vertex 50.961570560806464 5.609819355967743 2
    endloop
  endfacet
  facet normal 0 0 1
    outer loop
      vertex 50.961570560806464 5.609819355967743 2
      vertex 55 0 2
      vertex 50.978353019929564 5.706539051089276 2
    endloop
  endfacet
  facet normal 0 0 1
    outer loop
      vertex 50.978353019929564 5.706539051089276 2
      vertex 55 0 2
      vertex 50.99036945334439 5.803965719340879 2
    endloop
  endfacet
  facet normal 0 0 1
    outer loop
      vertex 50.99036945334439 5.803965719340879 2
      vertex 55 0 2
      vertex 50.997590912410345 5.901864651345164 2
    endloop
  endfacet
  facet normal 0 0 1
    outer loop
      vertex 50.997590912410345 5.901864651345164 2
      vertex 55 0 2
      vertex 51 6 2
    endloop
  endfacet
  facet normal 0 0 1
    outer loop
      vertex 50.961570560806464 6.390180644032257 2
      vertex 55 0 2
      vertex 50.94006250638909 6.485960359806528 2
    endloop
  endfacet
  facet normal 0 0 1
    outer loop
      vertex 50.961570560806464 6.390180644032257 2
      vertex 50.978353019929564 6.293460948910724 2
      vertex 55 0 2
    endloop
  endfacet
  facet normal 0 0 1
    outer loop
      vertex 50.91388067146442 6.580569354508925 2
      vertex 50.94006250638909 6.485960359806528 2
      vertex 55 0 2
    endloop
  endfacet
  facet normal 0 0 1
    outer loop
      vertex 50.91388067146442 6.580569354508925 2
      vertex 55 0 2
      vertex 50.88308813036604 6.67377970678444 2
    endloop
  endfacet
  facet normal 0 0 1
    outer loop
      vertex 51 6 2
      vertex 55 0 2
      vertex 50.997590912410345 6.098135348654836 2
    endloop
  endfacet
  facet normal 0 0 1
    outer loop
      vertex 50.997590912410345 6.098135348654836 2
      vertex 55 0 2
      vertex 50.99036945334439 6.196034280659121 2
    endloop
  endfacet
  facet normal 0 0 1
    outer loop
      vertex 50.99036945334439 6.196034280659121 2
      vertex 55 0 2
      vertex 50.978353019929564 6.293460948910724 2
    endloop
  endfacet
  facet normal 0 0 1
    outer loop
      vertex 50.84775906502257 6.765366864730179 2
      vertex 50.88308813036604 6.67377970678444 2
      vertex 55 0 2
    endloop
  endfacet
  facet normal 0 0 1
    outer loop
      vertex 50.80797858624689 6.855110186860564 2
      vertex 50.84775906502257 6.765366864730179 2
      vertex 55 0 2
    endloop
  endfacet
  facet normal 0 0 1
    outer loop
      vertex 50.60641506296129 7.1913986089848665 2
      vertex 48.70653905108928 82.02164698007044 2
      vertex 42.5 70 2
    endloop
  endfacet
  facet normal 0 0 -1
    outer loop
      vertex 47.284542779999455 7.028205488386444 0
      vertex 50.60641506296129 82.80860139101513 0
      vertex 47.33706077539491 7.111140466039204 0
    endloop
  endfacet
  facet normal 0 0 -1
    outer loop
      vertex 47.33706077539491 7.111140466039204 0
      vertex 50.60641506296129 82.80860139101513 0
      vertex 47.39358493703871 7.1913986089848665 0
    endloop
  endfacet
  facet normal 0 0 -1
    outer loop
      vertex 47.39358493703871 7.1913986089848665 0
      vertex 50.60641506296129 82.80860139101513 0
      vertex 47.453979093274526 7.268786568327291 0
    endloop
  endfacet
  facet normal 0 0 -1
    outer loop
      vertex 47.453979093274526 7.268786568327291 0
      vertex 50.60641506296129 82.80860139101513 0
      vertex 47.518097749290085 7.343117909694037 0
    endloop
  endfacet
  facet normal 0 0 -1
    outer loop
      vertex 47.518097749290085 7.343117909694037 0
      vertex 50.60641506296129 82.80860139101513 0
      vertex 47.58578643762691 7.414213562373095 0
    endloop
  endfacet
  facet normal 0 0 -1
    outer loop
      vertex 47.58578643762691 7.414213562373095 0
      vertex 50.60641506296129 82.80860139101513 0
      vertex 47.65688209030596 7.481902250709918 0
    endloop
  endfacet
  facet normal 0 0 -1
    outer loop
      vertex 47.65688209030596 7.481902250709918 0
      vertex 50.60641506296129 82.80860139101513 0
      vertex 47.73121343167271 7.546020906725474 0
    endloop
  endfacet
  facet normal 0 0 -1
    outer loop
      vertex 47.73121343167271 7.546020906725474 0
      vertex 50.60641506296129 82.80860139101513 0
      vertex 47.80860139101513 7.60641506296129 0
    endloop
  endfacet
  facet normal 0 0 -1
    outer loop
      vertex 47.80860139101513 7.60641506296129 0
      vertex 50.60641506296129 82.80860139101513 0
      vertex 47.8888595339608 7.662939224605091 0
    endloop
  endfacet
  facet normal 0 0 -1
    outer loop
      vertex 47.8888595339608 7.662939224605091 0
      vertex 50.60641506296129 82.80860139101513 0
      vertex 47.97179451161356 7.715457220000544 0
    endloop
  endfacet
  facet normal 0 0 -1
    outer loop
      vertex 47.97179451161356 7.715457220000544 0
      vertex 50.60641506296129 82.80860139101513 0
      vertex 48.057206526348004 7.76384252869671 0
    endloop
  endfacet
  facet normal 0 0 -1
    outer loop
      vertex 48.057206526348004 7.76384252869671 0
      vertex 50.60641506296129 82.80860139101513 0
      vertex 48.144889813139436 7.807978586246887 0
    endloop
  endfacet
  facet normal 0 0 -1
    outer loop
      vertex 48.144889813139436 7.807978586246887 0
      vertex 50.60641506296129 82.80860139101513 0
      vertex 48.23463313526982 7.847759065022574 0
    endloop
  endfacet
  facet normal 0 0 -1
    outer loop
      vertex 48.23463313526982 7.847759065022574 0
      vertex 50.60641506296129 82.80860139101513 0
      vertex 48.32622029321556 7.883088130366041 0
    endloop
  endfacet
  facet normal 0 0 -1
    outer loop
      vertex 48.32622029321556 7.883088130366041 0
      vertex 50.60641506296129 82.80860139101513 0
      vertex 48.419430645491076 7.913880671464417 0
    endloop
  endfacet
  facet normal 0 0 -1
    outer loop
      vertex 48.419430645491076 7.913880671464417 0
      vertex 50.60641506296129 82.80860139101513 0
      vertex 48.514039640193474 7.940062506389088 0
    endloop
  endfacet
  facet normal 0 0 -1
    outer loop
      vertex 48.514039640193474 7.940062506389088 0
      vertex 50.60641506296129 82.80860139101513 0
      vertex 48.609819355967744 7.961570560806461 0
    endloop
  endfacet
  facet normal 0 0 -1
    outer loop
      vertex 48.609819355967744 7.961570560806461 0
      vertex 50.60641506296129 82.80860139101513 0
      vertex 48.70653905108928 7.978353019929562 0
    endloop
  endfacet
  facet normal 0 0 -1
    outer loop
      vertex 48.70653905108928 7.978353019929562 0
      vertex 50.60641506296129 82.80860139101513 0
      vertex 48.80396571934088 7.990369453344394 0
    endloop
  endfacet
  facet normal 0 0 -1
    outer loop
      vertex 48.80396571934088 7.990369453344394 0
      vertex 50.60641506296129 82.80860139101513 0
      vertex 48.901864651345164 7.997590912410345 0
    endloop
  endfacet
  facet normal 0 0 -1
    outer loop
      vertex 48.901864651345164 7.997590912410345 0
      vertex 50.60641506296129 82.80860139101513 0
      vertex 49 8 0
    endloop
  endfacet
  facet normal 0 0 -1
    outer loop
      vertex 49 8 0
      vertex 50.60641506296129 82.80860139101513 0
      vertex 49.098135348654836 7.997590912410345 0
    endloop
  endfacet
  facet normal 0 0 -1
    outer loop
      vertex 49.098135348654836 7.997590912410345 0
      vertex 50.60641506296129 82.80860139101513 0
      vertex 49.19603428065912 7.990369453344394 0
    endloop
  endfacet
  facet normal 0 0 -1
    outer loop
      vertex 49.19603428065912 7.990369453344394 0
      vertex 50.60641506296129 82.80860139101513 0
      vertex 49.29346094891072 7.978353019929562 0
    endloop
  endfacet
  facet normal 0 0 -1
    outer loop
      vertex 49.390180644032256 7.961570560806461 0
      vertex 49.29346094891072 7.978353019929562 0
      vertex 50.60641506296129 82.80860139101513 0
    endloop
  endfacet
  facet normal 0 0 -1
    outer loop
      vertex 49.390180644032256 7.961570560806461 0
      vertex 50.60641506296129 82.80860139101513 0
      vertex 49.485960359806526 7.940062506389088 0
    endloop
  endfacet
  facet normal 0 0 -1
    outer loop
      vertex 49.942793473651996 7.76384252869671 0
      vertex 50.60641506296129 82.80860139101513 0
      vertex 50.02820548838644 7.715457220000544 0
    endloop
  endfacet
  facet normal 0 0 -1
    outer loop
      vertex 50.02820548838644 7.715457220000544 0
      vertex 50.60641506296129 82.80860139101513 0
      vertex 50.1111404660392 7.662939224605091 0
    endloop
  endfacet
  facet normal 0 0 -1
    outer loop
      vertex 49.485960359806526 7.940062506389088 0
      vertex 50.60641506296129 82.80860139101513 0
      vertex 49.580569354508924 7.913880671464417 0
    endloop
  endfacet
  facet normal 0 0 -1
    outer loop
      vertex 49.580569354508924 7.913880671464417 0
      vertex 50.60641506296129 82.80860139101513 0
      vertex 49.67377970678444 7.883088130366041 0
    endloop
  endfacet
  facet normal 0 0 -1
    outer loop
      vertex 49.67377970678444 7.883088130366041 0
      vertex 50.60641506296129 82.80860139101513 0
      vertex 49.76536686473018 7.847759065022574 0
    endloop
  endfacet
  facet normal 0 0 -1
    outer loop
      vertex 49.76536686473018 7.847759065022574 0
      vertex 50.60641506296129 82.80860139101513 0
      vertex 49.855110186860564 7.807978586246887 0
    endloop
  endfacet
  facet normal 0 0 -1
    outer loop
      vertex 49.855110186860564 7.807978586246887 0
      vertex 50.60641506296129 82.80860139101513 0
      vertex 49.942793473651996 7.76384252869671 0
    endloop
  endfacet
  facet normal 0 0 -1
    outer loop
      vertex 50.1111404660392 7.662939224605091 0
      vertex 50.60641506296129 82.80860139101513 0
      vertex 50.19139860898487 7.60641506296129 0
    endloop
  endfacet
  facet normal 0 0 -1
    outer loop
      vertex 50.19139860898487 7.60641506296129 0
      vertex 50.60641506296129 82.80860139101513 0
      vertex 50.26878656832729 7.546020906725474 0
    endloop
  endfacet
  facet normal 0 0 -1
    outer loop
      vertex 50.26878656832729 7.546020906725474 0
      vertex 50.60641506296129 82.80860139101513 0
      vertex 50.34311790969404 7.481902250709918 0
    endloop
  endfacet
  facet normal 0 0 -1
    outer loop
      vertex 50.34311790969404 7.481902250709918 0
      vertex 50.60641506296129 82.80860139101513 0
      vertex 50.41421356237309 7.414213562373095 0
    endloop
  endfacet
  facet normal 0 0 -1
    outer loop
      vertex 50.715457220000545 7.028205488386444 0
      vertex 50.66293922460509 7.111140466039204 0
      vertex 50.60641506296129 82.80860139101513 0
    endloop
  endfacet
  facet normal 0 0 -1
    outer loop
      vertex 50.41421356237309 7.414213562373095 0
      vertex 50.60641506296129 82.80860139101513 0
      vertex 50.481902250709915 7.343117909694037 0
    endloop
  endfacet
  facet normal 0 0 -1
    outer loop
      vertex 50.546020906725474 7.268786568327291 0
      vertex 50.60641506296129 82.80860139101513 0
      vertex 50.60641506296129 7.1913986089848665 0
    endloop
  endfacet
  facet normal 0 0 -1
    outer loop
      vertex 50.481902250709915 7.343117909694037 0
      vertex 50.60641506296129 82.80860139101513 0
      vertex 50.546020906725474 7.268786568327291 0
    endloop
  endfacet
  facet normal 0 0 -1
    outer loop
      vertex 50.60641506296129 7.1913986089848665 0
      vertex 50.60641506296129 82.80860139101513 0
      vertex 50.66293922460509 7.111140466039204 0
    endloop
  endfacet
  facet normal 0 0 1
    outer loop
      vertex 50.60641506296129 7.1913986089848665 2
      vertex 50.66293922460509 7.111140466039204 2
      vertex 49.390180644032256 82.03842943919354 2
    endloop
  endfacet
  facet normal 0 0 1
    outer loop
      vertex 50.715457220000545 7.028205488386444 2
      vertex 49.67377970678444 82.11691186963395 2
      vertex 50.66293922460509 7.111140466039204 2
    endloop
  endfacet
  facet normal 0 0 1
    outer loop
      vertex 50.715457220000545 7.028205488386444 2
      vertex 50.76384252869671 6.942793473651995 2
      vertex 49.855110186860564 82.19202141375311 2
    endloop
  endfacet
  facet normal 0 0 1
    outer loop
      vertex 50.80797858624689 6.855110186860564 2
      vertex 50.02820548838644 82.28454277999946 2
      vertex 50.76384252869671 6.942793473651995 2
    endloop
  endfacet
  facet normal 0 0 -1
    outer loop
      vertex 50.715457220000545 7.028205488386444 0
      vertex 50.60641506296129 82.80860139101513 0
      vertex 55 0 0
    endloop
  endfacet
  facet normal 0 0 1
    outer loop
      vertex 50.80797858624689 6.855110186860564 2
      vertex 55 0 2
      vertex 51 84 2
    endloop
  endfacet
  facet normal 1 0 0
    outer loop
      vertex 55 0 0
      vertex 55 90 0
      vertex 55 0 2
    endloop
  endfacet
  facet normal 0 0 -1
    outer loop
      vertex 55 0 0
      vertex 50.60641506296129 82.80860139101513 0
      vertex 50.66293922460509 82.8888595339608 0
    endloop
  endfacet
  facet normal 0 0 -1
    outer loop
      vertex 55 0 0
      vertex 50.66293922460509 82.8888595339608 0
      vertex 50.715457220000545 82.97179451161355 0
    endloop
  endfacet
  facet normal 0 0 -1
    outer loop
      vertex 55 0 0
      vertex 50.715457220000545 82.97179451161355 0
      vertex 50.76384252869671 83.05720652634801 0
    endloop
  endfacet
  facet normal 0 0 -1
    outer loop
      vertex 55 0 0
      vertex 50.76384252869671 83.05720652634801 0
      vertex 50.80797858624689 83.14488981313943 0
    endloop
  endfacet
  facet normal 0 0 -1
    outer loop
      vertex 4.39358493703871 7.1913986089848665 0
      vertex 47.518097749290085 82.65688209030597 0
      vertex 47.58578643762691 82.58578643762691 0
    endloop
  endfacet
  facet normal 0 0 -1
    outer loop
      vertex 4.39358493703871 7.1913986089848665 0
      vertex 47.58578643762691 82.58578643762691 0
      vertex 47.65688209030596 82.51809774929008 0
    endloop
  endfacet
  facet normal 0 0 -1
    outer loop
      vertex 4.39358493703871 7.1913986089848665 0
      vertex 47.65688209030596 82.51809774929008 0
      vertex 47.73121343167271 82.45397909327453 0
    endloop
  endfacet
  facet normal 0 0 -1
    outer loop
      vertex 4.39358493703871 7.1913986089848665 0
      vertex 47.73121343167271 82.45397909327453 0
      vertex 47.80860139101513 82.39358493703871 0
    endloop
  endfacet
  facet normal 0 0 -1
    outer loop
      vertex 4.39358493703871 7.1913986089848665 0
      vertex 47.80860139101513 82.39358493703871 0
      vertex 47.8888595339608 82.3370607753949 0
    endloop
  endfacet
  facet normal 0 0 -1
    outer loop
      vertex 4.39358493703871 7.1913986089848665 0
      vertex 47.8888595339608 82.3370607753949 0
      vertex 47.97179451161356 82.28454277999946 0
    endloop
  endfacet
  facet normal 0 0 -1
    outer loop
      vertex 4.39358493703871 7.1913986089848665 0
      vertex 47.97179451161356 82.28454277999946 0
      vertex 48.057206526348004 82.23615747130329 0
    endloop
  endfacet
  facet normal 0 0 -1
    outer loop
      vertex 4.39358493703871 7.1913986089848665 0
      vertex 48.32622029321556 82.11691186963395 0
      vertex 48.419430645491076 82.08611932853559 0
    endloop
  endfacet
  facet normal 0 0 -1
    outer loop
      vertex 4.39358493703871 7.1913986089848665 0
      vertex 48.057206526348004 82.23615747130329 0
      vertex 48.144889813139436 82.19202141375311 0
    endloop
  endfacet
  facet normal 0 0 -1
    outer loop
      vertex 4.39358493703871 7.1913986089848665 0
      vertex 48.144889813139436 82.19202141375311 0
      vertex 48.23463313526982 82.15224093497743 0
    endloop
  endfacet
  facet normal 0 0 -1
    outer loop
      vertex 4.39358493703871 7.1913986089848665 0
      vertex 48.23463313526982 82.15224093497743 0
      vertex 48.32622029321556 82.11691186963395 0
    endloop
  endfacet
  facet normal 0 0 -1
    outer loop
      vertex 4.39358493703871 7.1913986089848665 0
      vertex 48.419430645491076 82.08611932853559 0
      vertex 48.514039640193474 82.05993749361092 0
    endloop
  endfacet
  facet normal 0 0 -1
    outer loop
      vertex 4.39358493703871 7.1913986089848665 0
      vertex 48.514039640193474 82.05993749361092 0
      vertex 48.609819355967744 82.03842943919354 0
    endloop
  endfacet
  facet normal 0 0 -1
    outer loop
      vertex 4.39358493703871 7.1913986089848665 0
      vertex 48.609819355967744 82.03842943919354 0
      vertex 48.70653905108928 82.02164698007044 0
    endloop
  endfacet
  facet normal 0 0 -1
    outer loop
      vertex 4.39358493703871 7.1913986089848665 0
      vertex 48.70653905108928 82.02164698007044 0
      vertex 48.80396571934088 82.0096305466556 0
    endloop
  endfacet
  facet normal 0 0 -1
    outer loop
      vertex 4.39358493703871 7.1913986089848665 0
      vertex 48.80396571934088 82.0096305466556 0
      vertex 48.901864651345164 82.00240908758965 0
    endloop
  endfacet
  facet normal 0 0 -1
    outer loop
      vertex 4.39358493703871 7.1913986089848665 0
      vertex 48.901864651345164 82.00240908758965 0
      vertex 49 82 0
    endloop
  endfacet
  facet normal 0 0 -1
    outer loop
      vertex 4.39358493703871 7.1913986089848665 0
      vertex 49 82 0
      vertex 49.098135348654836 82.00240908758965 0
    endloop
  endfacet
  facet normal 0 0 -1
    outer loop
      vertex 4.39358493703871 7.1913986089848665 0
      vertex 49.098135348654836 82.00240908758965 0
      vertex 49.19603428065912 82.0096305466556 0
    endloop
  endfacet
  facet normal 0 0 -1
    outer loop
      vertex 4.39358493703871 7.1913986089848665 0
      vertex 49.19603428065912 82.0096305466556 0
      vertex 49.29346094891072 82.02164698007044 0
    endloop
  endfacet
  facet normal 0 0 -1
    outer loop
      vertex 4.39358493703871 7.1913986089848665 0
      vertex 49.29346094891072 82.02164698007044 0
      vertex 49.390180644032256 82.03842943919354 0
    endloop
  endfacet
  facet normal 0 0 -1
    outer loop
      vertex 7.60641506296129 82.80860139101513 0
      vertex 47.39358493703871 82.80860139101513 0
      vertex 47.453979093274526 82.73121343167271 0
    endloop
  endfacet
  facet normal 0 0 -1
    outer loop
      vertex 7.76384252869671 83.05720652634801 0
      vertex 47.23615747130329 83.05720652634801 0
      vertex 47.284542779999455 82.97179451161355 0
    endloop
  endfacet
  facet normal 0 0 -1
    outer loop
      vertex 7.662939224605091 82.8888595339608 0
      vertex 47.33706077539491 82.8888595339608 0
      vertex 47.39358493703871 82.80860139101513 0
    endloop
  endfacet
  facet normal 0 0 -1
    outer loop
      vertex 7.715457220000544 82.97179451161355 0
      vertex 47.284542779999455 82.97179451161355 0
      vertex 47.33706077539491 82.8888595339608 0
    endloop
  endfacet
  facet normal 0 0 -1
    outer loop
      vertex 7.807978586246887 83.14488981313943 0
      vertex 47.19202141375311 83.14488981313943 0
      vertex 47.23615747130329 83.05720652634801 0
    endloop
  endfacet
  facet normal 0 0 -1
    outer loop
      vertex 7.847759065022574 83.23463313526982 0
      vertex 47.15224093497743 83.23463313526982 0
      vertex 47.19202141375311 83.14488981313943 0
    endloop
  endfacet
  facet normal 0 0 -1
    outer loop
      vertex 7.546020906725474 82.73121343167271 0
      vertex 47.453979093274526 82.73121343167271 0
      vertex 47.518097749290085 82.65688209030597 0
    endloop
  endfacet
  facet normal 0 0 -1
    outer loop
      vertex 7.883088130366041 83.32622029321556 0
      vertex 47.11691186963396 83.32622029321556 0
      vertex 47.15224093497743 83.23463313526982 0
    endloop
  endfacet
  facet normal 0 0 -1
    outer loop
      vertex 7.913880671464417 83.41943064549108 0
      vertex 47.08611932853558 83.41943064549108 0
      vertex 47.11691186963396 83.32622029321556 0
    endloop
  endfacet
  facet normal 0 0 -1
    outer loop
      vertex 7.940062506389088 83.51403964019347 0
      vertex 47.05993749361091 83.51403964019347 0
      vertex 47.08611932853558 83.41943064549108 0
    endloop
  endfacet
  facet normal 0 0 -1
    outer loop
      vertex 7.961570560806461 83.60981935596774 0
      vertex 47.038429439193536 83.60981935596774 0
      vertex 47.05993749361091 83.51403964019347 0
    endloop
  endfacet
  facet normal 0 0 -1
    outer loop
      vertex 7.978353019929562 83.70653905108928 0
      vertex 47.021646980070436 83.70653905108928 0
      vertex 47.038429439193536 83.60981935596774 0
    endloop
  endfacet
  facet normal 0 0 -1
    outer loop
      vertex 7.990369453344394 83.80396571934088 0
      vertex 47.00963054665561 83.80396571934088 0
      vertex 47.021646980070436 83.70653905108928 0
    endloop
  endfacet
  facet normal 0 0 -1
    outer loop
      vertex 7.997590912410345 83.90186465134516 0
      vertex 47.002409087589655 83.90186465134516 0
      vertex 47.00963054665561 83.80396571934088 0
    endloop
  endfacet
  facet normal 0 0 -1
    outer loop
      vertex 8 84 0
      vertex 47 84 0
      vertex 47.002409087589655 83.90186465134516 0
    endloop
  endfacet
  facet normal 0 0 -1
    outer loop
      vertex 7.997590912410345 84.09813534865484 0
      vertex 47.002409087589655 84.09813534865484 0
      vertex 47 84 0
    endloop
  endfacet
  facet normal 0 0 -1
    outer loop
      vertex 7.990369453344394 84.19603428065912 0
      vertex 47.00963054665561 84.19603428065912 0
      vertex 47.002409087589655 84.09813534865484 0
    endloop
  endfacet
  facet normal 0 0 -1
    outer loop
      vertex 7.978353019929562 84.29346094891072 0
      vertex 47.021646980070436 84.29346094891072 0
      vertex 47.00963054665561 84.19603428065912 0
    endloop
  endfacet
  facet normal 0 0 -1
    outer loop
      vertex 7.961570560806461 84.39018064403226 0
      vertex 47.038429439193536 84.39018064403226 0
      vertex 47.021646980070436 84.29346094891072 0
    endloop
  endfacet
  facet normal 0 0 -1
    outer loop
      vertex 7.940062506389088 84.48596035980653 0
      vertex 47.05993749361091 84.48596035980653 0
      vertex 47.038429439193536 84.39018064403226 0
    endloop
  endfacet
  facet normal 0 0 -1
    outer loop
      vertex 7.913880671464417 84.58056935450892 0
      vertex 47.08611932853558 84.58056935450892 0
      vertex 47.05993749361091 84.48596035980653 0
    endloop
  endfacet
  facet normal 0 0 -1
    outer loop
      vertex 7.883088130366041 84.67377970678444 0
      vertex 47.11691186963396 84.67377970678444 0
      vertex 47.08611932853558 84.58056935450892 0
    endloop
  endfacet
  facet normal 0 0 -1
    outer loop
      vertex 7.847759065022574 84.76536686473018 0
      vertex 47.15224093497743 84.76536686473018 0
      vertex 47.11691186963396 84.67377970678444 0
    endloop
  endfacet
  facet normal 0 0 -1
    outer loop
      vertex 7.807978586246887 84.85511018686057 0
      vertex 47.19202141375311 84.85511018686057 0
      vertex 47.15224093497743 84.76536686473018 0
    endloop
  endfacet
  facet normal 0 0 -1
    outer loop
      vertex 7.76384252869671 84.94279347365199 0
      vertex 47.23615747130329 84.94279347365199 0
      vertex 47.19202141375311 84.85511018686057 0
    endloop
  endfacet
  facet normal 0 0 -1
    outer loop
      vertex 7.715457220000544 85.02820548838645 0
      vertex 47.284542779999455 85.02820548838645 0
      vertex 47.23615747130329 84.94279347365199 0
    endloop
  endfacet
  facet normal 0 0 -1
    outer loop
      vertex 4.39358493703871 7.1913986089848665 0
      vertex 49.390180644032256 82.03842943919354 0
      vertex 49.485960359806526 82.05993749361092 0
    endloop
  endfacet
  facet normal 0 0 -1
    outer loop
      vertex 4.39358493703871 7.1913986089848665 0
      vertex 49.485960359806526 82.05993749361092 0
      vertex 49.580569354508924 82.08611932853559 0
    endloop
  endfacet
  facet normal 0 0 -1
    outer loop
      vertex 4.39358493703871 7.1913986089848665 0
      vertex 49.580569354508924 82.08611932853559 0
      vertex 49.67377970678444 82.11691186963395 0
    endloop
  endfacet
  facet normal 0 0 -1
    outer loop
      vertex 4.39358493703871 7.1913986089848665 0
      vertex 49.67377970678444 82.11691186963395 0
      vertex 49.76536686473018 82.15224093497743 0
    endloop
  endfacet
  facet normal 0 0 -1
    outer loop
      vertex 4.39358493703871 7.1913986089848665 0
      vertex 49.76536686473018 82.15224093497743 0
      vertex 49.855110186860564 82.19202141375311 0
    endloop
  endfacet
  facet normal 0 0 -1
    outer loop
      vertex 4.39358493703871 7.1913986089848665 0
      vertex 49.855110186860564 82.19202141375311 0
      vertex 49.942793473651996 82.23615747130329 0
    endloop
  endfacet
  facet normal 0 0 -1
    outer loop
      vertex 4.39358493703871 7.1913986089848665 0
      vertex 49.942793473651996 82.23615747130329 0
      vertex 50.02820548838644 82.28454277999946 0
    endloop
  endfacet
  facet normal 0 0 -1
    outer loop
      vertex 4.39358493703871 7.1913986089848665 0
      vertex 50.02820548838644 82.28454277999946 0
      vertex 50.1111404660392 82.3370607753949 0
    endloop
  endfacet
  facet normal 0 0 -1
    outer loop
      vertex 4.39358493703871 7.1913986089848665 0
      vertex 50.1111404660392 82.3370607753949 0
      vertex 50.19139860898487 82.39358493703871 0
    endloop
  endfacet
  facet normal 0 0 -1
    outer loop
      vertex 4.39358493703871 7.1913986089848665 0
      vertex 50.19139860898487 82.39358493703871 0
      vertex 50.26878656832729 82.45397909327453 0
    endloop
  endfacet
  facet normal 0 0 -1
    outer loop
      vertex 4.39358493703871 7.1913986089848665 0
      vertex 50.26878656832729 82.45397909327453 0
      vertex 50.34311790969404 82.51809774929008 0
    endloop
  endfacet
  facet normal 0 0 -1
    outer loop
      vertex 4.39358493703871 7.1913986089848665 0
      vertex 50.34311790969404 82.51809774929008 0
      vertex 50.41421356237309 82.58578643762691 0
    endloop
  endfacet
  facet normal 0 0 -1
    outer loop
      vertex 4.39358493703871 7.1913986089848665 0
      vertex 50.41421356237309 82.58578643762691 0
      vertex 50.481902250709915 82.65688209030597 0
    endloop
  endfacet
  facet normal 0 0 -1
    outer loop
      vertex 4.39358493703871 7.1913986089848665 0
      vertex 50.481902250709915 82.65688209030597 0
      vertex 50.546020906725474 82.73121343167271 0
    endloop
  endfacet
  facet normal 0 0 -1
    outer loop
      vertex 4.39358493703871 7.1913986089848665 0
      vertex 50.546020906725474 82.73121343167271 0
      vertex 50.60641506296129 82.80860139101513 0
    endloop
  endfacet
  facet normal 0 0 -1
    outer loop
      vertex 0 90 0
      vertex 47.73121343167271 85.54602090672547 0
      vertex 47.65688209030596 85.48190225070992 0
    endloop
  endfacet
  facet normal 0 0 -1
    outer loop
      vertex 0 90 0
      vertex 47.80860139101513 85.60641506296129 0
      vertex 47.73121343167271 85.54602090672547 0
    endloop
  endfacet
  facet normal 0 0 -1
    outer loop
      vertex 0 90 0
      vertex 47.8888595339608 85.6629392246051 0
      vertex 47.80860139101513 85.60641506296129 0
    endloop
  endfacet
  facet normal 0 0 -1
    outer loop
      vertex 0 90 0
      vertex 47.97179451161356 85.71545722000054 0
      vertex 47.8888595339608 85.6629392246051 0
    endloop
  endfacet
  facet normal 0 0 -1
    outer loop
      vertex 0 90 0
      vertex 48.057206526348004 85.76384252869671 0
      vertex 47.97179451161356 85.71545722000054 0
    endloop
  endfacet
  facet normal 0 0 -1
    outer loop
      vertex 0 90 0
      vertex 48.144889813139436 85.80797858624689 0
      vertex 48.057206526348004 85.76384252869671 0
    endloop
  endfacet
  facet normal 0 0 -1
    outer loop
      vertex 0 90 0
      vertex 48.23463313526982 85.84775906502257 0
      vertex 48.144889813139436 85.80797858624689 0
    endloop
  endfacet
  facet normal 0 0 -1
    outer loop
      vertex 0 90 0
      vertex 48.32622029321556 85.88308813036605 0
      vertex 48.23463313526982 85.84775906502257 0
    endloop
  endfacet
  facet normal 0 0 -1
    outer loop
      vertex 0 90 0
      vertex 48.419430645491076 85.91388067146441 0
      vertex 48.32622029321556 85.88308813036605 0
    endloop
  endfacet
  facet normal 0 0 -1
    outer loop
      vertex 0 90 0
      vertex 48.514039640193474 85.94006250638908 0
      vertex 48.419430645491076 85.91388067146441 0
    endloop
  endfacet
  facet normal 0 0 -1
    outer loop
      vertex 0 90 0
      vertex 48.609819355967744 85.96157056080646 0
      vertex 48.514039640193474 85.94006250638908 0
    endloop
  endfacet
  facet normal 0 0 -1
    outer loop
      vertex 0 90 0
      vertex 48.70653905108928 85.97835301992956 0
      vertex 48.609819355967744 85.96157056080646 0
    endloop
  endfacet
  facet normal 0 0 -1
    outer loop
      vertex 0 90 0
      vertex 48.80396571934088 85.9903694533444 0
      vertex 48.70653905108928 85.97835301992956 0
    endloop
  endfacet
  facet normal 0 0 -1
    outer loop
      vertex 0 90 0
      vertex 48.901864651345164 85.99759091241035 0
      vertex 48.80396571934088 85.9903694533444 0
    endloop
  endfacet
  facet normal 0 0 -1
    outer loop
      vertex 0 90 0
      vertex 49 86 0
      vertex 48.901864651345164 85.99759091241035 0
    endloop
  endfacet
  facet normal 0 0 -1
    outer loop
      vertex 0 90 0
      vertex 49.098135348654836 85.99759091241035 0
      vertex 49 86 0
    endloop
  endfacet
  facet normal 0 0 -1
    outer loop
      vertex 0 90 0
      vertex 49.19603428065912 85.9903694533444 0
      vertex 49.098135348654836 85.99759091241035 0
    endloop
  endfacet
  facet normal 0 0 -1
    outer loop
      vertex 7.662939224605091 85.1111404660392 0
      vertex 47.33706077539491 85.1111404660392 0
      vertex 47.284542779999455 85.02820548838645 0
    endloop
  endfacet
  facet normal 0 0 -1
    outer loop
      vertex 7.60641506296129 85.19139860898487 0
      vertex 47.39358493703871 85.19139860898487 0
      vertex 47.33706077539491 85.1111404660392 0
    endloop
  endfacet
  facet normal 0 0 -1
    outer loop
      vertex 7.546020906725474 85.26878656832729 0
      vertex 47.453979093274526 85.26878656832729 0
      vertex 47.39358493703871 85.19139860898487 0
    endloop
  endfacet
  facet normal 0 0 -1
    outer loop
      vertex 7.481902250709918 85.34311790969403 0
      vertex 47.518097749290085 85.34311790969403 0
      vertex 47.453979093274526 85.26878656832729 0
    endloop
  endfacet
  facet normal 0 0 -1
    outer loop
      vertex 7.414213562373095 85.41421356237309 0
      vertex 47.58578643762691 85.41421356237309 0
      vertex 47.518097749290085 85.34311790969403 0
    endloop
  endfacet
  facet normal 0 0 -1
    outer loop
      vertex 7.343117909694037 85.48190225070992 0
      vertex 47.65688209030596 85.48190225070992 0
      vertex 47.58578643762691 85.41421356237309 0
    endloop
  endfacet
  facet normal 0 0 -1
    outer loop
      vertex 0 90 0
      vertex 55 90 0
      vertex 49.19603428065912 85.9903694533444 0
    endloop
  endfacet
  facet normal 0 0 1
    outer loop
      vertex 47.038429439193536 83.60981935596774 2
      vertex 42.5 83.60588350876087 2
      vertex 42.5 70 2
    endloop
  endfacet
  facet normal 0 0 1
    outer loop
      vertex 47.038429439193536 83.60981935596774 2
      vertex 42.5 70 2
      vertex 47.05993749361091 83.51403964019347 2
    endloop
  endfacet
  facet normal 0 0 1
    outer loop
      vertex 47.19202141375311 83.14488981313943 2
      vertex 42.5 70 2
      vertex 47.23615747130329 83.05720652634801 2
    endloop
  endfacet
  facet normal 0 0 1
    outer loop
      vertex 47.15224093497743 83.23463313526982 2
      vertex 42.5 70 2
      vertex 47.19202141375311 83.14488981313943 2
    endloop
  endfacet
  facet normal 0 0 1
    outer loop
      vertex 47.284542779999455 82.97179451161355 2
      vertex 42.5 70 2
      vertex 47.33706077539491 82.8888595339608 2
    endloop
  endfacet
  facet normal 0 0 1
    outer loop
      vertex 47.39358493703871 82.80860139101513 2
      vertex 47.33706077539491 82.8888595339608 2
      vertex 42.5 70 2
    endloop
  endfacet
  facet normal 0 0 1
    outer loop
      vertex 47.23615747130329 83.05720652634801 2
      vertex 42.5 70 2
      vertex 47.284542779999455 82.97179451161355 2
    endloop
  endfacet
  facet normal 0 0 1
    outer loop
      vertex 47.58578643762691 82.58578643762691 2
      vertex 42.5 70 2
      vertex 47.65688209030596 82.51809774929008 2
    endloop
  endfacet
  facet normal 0 0 1
    outer loop
      vertex 47.65688209030596 82.51809774929008 2
      vertex 42.5 70 2
      vertex 47.73121343167271 82.45397909327453 2
    endloop
  endfacet
  facet normal 0 0 1
    outer loop
      vertex 47.39358493703871 82.80860139101513 2
      vertex 42.5 70 2
      vertex 47.453979093274526 82.73121343167271 2
    endloop
  endfacet
  facet normal 0 0 1
    outer loop
      vertex 47.453979093274526 82.73121343167271 2
      vertex 42.5 70 2
      vertex 47.518097749290085 82.65688209030597 2
    endloop
  endfacet
  facet normal 0 0 1
    outer loop
      vertex 47.58578643762691 82.58578643762691 2
      vertex 47.518097749290085 82.65688209030597 2
      vertex 42.5 70 2
    endloop
  endfacet
  facet normal 0 0 1
    outer loop
      vertex 47.15224093497743 83.23463313526982 2
      vertex 47.11691186963396 83.32622029321556 2
      vertex 42.5 70 2
    endloop
  endfacet
  facet normal 0 0 1
    outer loop
      vertex 47.08611932853558 83.41943064549108 2
      vertex 42.5 70 2
      vertex 47.11691186963396 83.32622029321556 2
    endloop
  endfacet
  facet normal 0 0 1
    outer loop
      vertex 47.08611932853558 83.41943064549108 2
      vertex 47.05993749361091 83.51403964019347 2
      vertex 42.5 70 2
    endloop
  endfacet
  facet normal 0 0 1
    outer loop
      vertex 47.73121343167271 82.45397909327453 2
      vertex 42.5 70 2
      vertex 47.80860139101513 82.39358493703871 2
    endloop
  endfacet
  facet normal 0 0 1
    outer loop
      vertex 47.8888595339608 82.3370607753949 2
      vertex 47.80860139101513 82.39358493703871 2
      vertex 42.5 70 2
    endloop
  endfacet
  facet normal 0 0 1
    outer loop
      vertex 47.97179451161356 82.28454277999946 2
      vertex 42.5 70 2
      vertex 48.057206526348004 82.23615747130329 2
    endloop
  endfacet
  facet normal 0 0 1
    outer loop
      vertex 47.8888595339608 82.3370607753949 2
      vertex 42.5 70 2
      vertex 47.97179451161356 82.28454277999946 2
    endloop
  endfacet
  facet normal 0 0 1
    outer loop
      vertex 48.057206526348004 82.23615747130329 2
      vertex 42.5 70 2
      vertex 48.144889813139436 82.19202141375311 2
    endloop
  endfacet
  facet normal 0 0 1
    outer loop
      vertex 48.144889813139436 82.19202141375311 2
      vertex 42.5 70 2
      vertex 48.23463313526982 82.15224093497743 2
    endloop
  endfacet
  facet normal 0 0 1
    outer loop
      vertex 48.23463313526982 82.15224093497743 2
      vertex 42.5 70 2
      vertex 48.32622029321556 82.11691186963395 2
    endloop
  endfacet
  facet normal 0 0 1
    outer loop
      vertex 42.5 83.60588350876087 2
      vertex 47.038429439193536 83.60981935596774 2
      vertex 47.021646980070436 83.70653905108928 2
    endloop
  endfacet
  facet normal 0 0 1
    outer loop
      vertex 42.5 83.60588350876087 2
      vertex 47.021646980070436 83.70653905108928 2
      vertex 47.00963054665561 83.80396571934088 2
    endloop
  endfacet
  facet normal 0 0 1
    outer loop
      vertex 42.5 83.60588350876087 2
      vertex 47.00963054665561 83.80396571934088 2
      vertex 47.002409087589655 83.90186465134516 2
    endloop
  endfacet
  facet normal 0 0 1
    outer loop
      vertex 42.5 83.60588350876087 2
      vertex 47.002409087589655 83.90186465134516 2
      vertex 47 84 2
    endloop
  endfacet
  facet normal 0 0 1
    outer loop
      vertex 42.5 83.60588350876087 2
      vertex 47 84 2
      vertex 47.002409087589655 84.09813534865484 2
    endloop
  endfacet
  facet normal 0 0 1
    outer loop
      vertex 42.5 83.60588350876087 2
      vertex 47.002409087589655 84.09813534865484 2
      vertex 47.00963054665561 84.19603428065912 2
    endloop
  endfacet
  facet normal 0 0 1
    outer loop
      vertex 42.5 83.60588350876087 2
      vertex 47.00963054665561 84.19603428065912 2
      vertex 47.021646980070436 84.29346094891072 2
    endloop
  endfacet
  facet normal 0 0 1
    outer loop
      vertex 42.5 83.60588350876087 2
      vertex 47.021646980070436 84.29346094891072 2
      vertex 47.038429439193536 84.39018064403226 2
    endloop
  endfacet
  facet normal 0 0 1
    outer loop
      vertex 42.5 83.60588350876087 2
      vertex 47.038429439193536 84.39018064403226 2
      vertex 47.05993749361091 84.48596035980653 2
    endloop
  endfacet
  facet normal 0 0 1
    outer loop
      vertex 42.5 83.60588350876087 2
      vertex 47.05993749361091 84.48596035980653 2
      vertex 47.08611932853558 84.58056935450892 2
    endloop
  endfacet
  facet normal 0 0 1
    outer loop
      vertex 42.5 83.60588350876087 2
      vertex 47.08611932853558 84.58056935450892 2
      vertex 47.11691186963396 84.67377970678444 2
    endloop
  endfacet
  facet normal 0 0 1
    outer loop
      vertex 42.5 83.60588350876087 2
      vertex 47.11691186963396 84.67377970678444 2
      vertex 47.15224093497743 84.76536686473018 2
    endloop
  endfacet
  facet normal 0 0 1
    outer loop
      vertex 42.5 83.60588350876087 2
      vertex 47.15224093497743 84.76536686473018 2
      vertex 47.19202141375311 84.85511018686057 2
    endloop
  endfacet
  facet normal 0 0 1
    outer loop
      vertex 42.5 83.60588350876087 2
      vertex 47.19202141375311 84.85511018686057 2
      vertex 47.23615747130329 84.94279347365199 2
    endloop
  endfacet
  facet normal 0 0 1
    outer loop
      vertex 42.5 83.60588350876087 2
      vertex 47.23615747130329 84.94279347365199 2
      vertex 47.284542779999455 85.02820548838645 2
    endloop
  endfacet
  facet normal 0 0 1
    outer loop
      vertex 42.5 83.60588350876087 2
      vertex 47.284542779999455 85.02820548838645 2
      vertex 47.33706077539491 85.1111404660392 2
    endloop
  endfacet
  facet normal 0 0 1
    outer loop
      vertex 42.5 83.60588350876087 2
      vertex 47.33706077539491 85.1111404660392 2
      vertex 47.39358493703871 85.19139860898487 2
    endloop
  endfacet
  facet normal 0 0 1
    outer loop
      vertex 42.5 83.60588350876087 2
      vertex 47.39358493703871 85.19139860898487 2
      vertex 47.453979093274526 85.26878656832729 2
    endloop
  endfacet
  facet normal 0 0 1
    outer loop
      vertex 42.5 83.60588350876087 2
      vertex 47.453979093274526 85.26878656832729 2
      vertex 47.518097749290085 85.34311790969403 2
    endloop
  endfacet
  facet normal 0 0 1
    outer loop
      vertex 42.5 83.60588350876087 2
      vertex 47.518097749290085 85.34311790969403 2
      vertex 47.58578643762691 85.41421356237309 2
    endloop
  endfacet
  facet normal 0 0 1
    outer loop
      vertex 48.32622029321556 82.11691186963395 2
      vertex 42.5 70 2
      vertex 48.419430645491076 82.08611932853559 2
    endloop
  endfacet
  facet normal 0 0 1
    outer loop
      vertex 48.419430645491076 82.08611932853559 2
      vertex 42.5 70 2
      vertex 48.514039640193474 82.05993749361092 2
    endloop
  endfacet
  facet normal 0 0 1
    outer loop
      vertex 48.514039640193474 82.05993749361092 2
      vertex 42.5 70 2
      vertex 48.609819355967744 82.03842943919354 2
    endloop
  endfacet
  facet normal 0 0 1
    outer loop
      vertex 48.609819355967744 82.03842943919354 2
      vertex 42.5 70 2
      vertex 48.70653905108928 82.02164698007044 2
    endloop
  endfacet
  facet normal 0 0 1
    outer loop
      vertex 50.60641506296129 7.1913986089848665 2
      vertex 48.80396571934088 82.0096305466556 2
      vertex 48.70653905108928 82.02164698007044 2
    endloop
  endfacet
  facet normal 0 0 1
    outer loop
      vertex 50.60641506296129 7.1913986089848665 2
      vertex 48.901864651345164 82.00240908758965 2
      vertex 48.80396571934088 82.0096305466556 2
    endloop
  endfacet
  facet normal 0 0 1
    outer loop
      vertex 50.60641506296129 7.1913986089848665 2
      vertex 49 82 2
      vertex 48.901864651345164 82.00240908758965 2
    endloop
  endfacet
  facet normal 0 0 1
    outer loop
      vertex 50.60641506296129 7.1913986089848665 2
      vertex 49.098135348654836 82.00240908758965 2
      vertex 49 82 2
    endloop
  endfacet
  facet normal 0 0 1
    outer loop
      vertex 50.60641506296129 7.1913986089848665 2
      vertex 49.19603428065912 82.0096305466556 2
      vertex 49.098135348654836 82.00240908758965 2
    endloop
  endfacet
  facet normal 0 0 1
    outer loop
      vertex 50.60641506296129 7.1913986089848665 2
      vertex 49.29346094891072 82.02164698007044 2
      vertex 49.19603428065912 82.0096305466556 2
    endloop
  endfacet
  facet normal 0 0 1
    outer loop
      vertex 50.60641506296129 7.1913986089848665 2
      vertex 49.390180644032256 82.03842943919354 2
      vertex 49.29346094891072 82.02164698007044 2
    endloop
  endfacet
  facet normal 0 0 1
    outer loop
      vertex 50.66293922460509 7.111140466039204 2
      vertex 49.485960359806526 82.05993749361092 2
      vertex 49.390180644032256 82.03842943919354 2
    endloop
  endfacet
  facet normal 0 0 1
    outer loop
      vertex 50.66293922460509 7.111140466039204 2
      vertex 49.580569354508924 82.08611932853559 2
      vertex 49.485960359806526 82.05993749361092 2
    endloop
  endfacet
  facet normal 0 0 1
    outer loop
      vertex 50.66293922460509 7.111140466039204 2
      vertex 49.67377970678444 82.11691186963395 2
      vertex 49.580569354508924 82.08611932853559 2
    endloop
  endfacet
  facet normal 0 0 1
    outer loop
      vertex 50.715457220000545 7.028205488386444 2
      vertex 49.76536686473018 82.15224093497743 2
      vertex 49.67377970678444 82.11691186963395 2
    endloop
  endfacet
  facet normal 0 0 1
    outer loop
      vertex 50.715457220000545 7.028205488386444 2
      vertex 49.855110186860564 82.19202141375311 2
      vertex 49.76536686473018 82.15224093497743 2
    endloop
  endfacet
  facet normal 0 0 1
    outer loop
      vertex 50.76384252869671 6.942793473651995 2
      vertex 49.942793473651996 82.23615747130329 2
      vertex 49.855110186860564 82.19202141375311 2
    endloop
  endfacet
  facet normal 0 0 1
    outer loop
      vertex 50.76384252869671 6.942793473651995 2
      vertex 50.02820548838644 82.28454277999946 2
      vertex 49.942793473651996 82.23615747130329 2
    endloop
  endfacet
  facet normal 0 0 1
    outer loop
      vertex 50.80797858624689 6.855110186860564 2
      vertex 50.1111404660392 82.3370607753949 2
      vertex 50.02820548838644 82.28454277999946 2
    endloop
  endfacet
  facet normal 0 0 1
    outer loop
      vertex 50.80797858624689 6.855110186860564 2
      vertex 50.19139860898487 82.39358493703871 2
      vertex 50.1111404660392 82.3370607753949 2
    endloop
  endfacet
  facet normal 0 0 1
    outer loop
      vertex 50.80797858624689 6.855110186860564 2
      vertex 50.26878656832729 82.45397909327453 2
      vertex 50.19139860898487 82.39358493703871 2
    endloop
  endfacet
  facet normal 0 0 1
    outer loop
      vertex 50.80797858624689 6.855110186860564 2
      vertex 50.34311790969404 82.51809774929008 2
      vertex 50.26878656832729 82.45397909327453 2
    endloop
  endfacet
  facet normal 0 0 1
    outer loop
      vertex 50.80797858624689 6.855110186860564 2
      vertex 50.41421356237309 82.58578643762691 2
      vertex 50.34311790969404 82.51809774929008 2
    endloop
  endfacet
  facet normal 0 0 1
    outer loop
      vertex 50.80797858624689 6.855110186860564 2
      vertex 50.481902250709915 82.65688209030597 2
      vertex 50.41421356237309 82.58578643762691 2
    endloop
  endfacet
  facet normal 0 0 1
    outer loop
      vertex 50.80797858624689 6.855110186860564 2
      vertex 50.546020906725474 82.73121343167271 2
      vertex 50.481902250709915 82.65688209030597 2
    endloop
  endfacet
  facet normal 0 0 1
    outer loop
      vertex 50.80797858624689 6.855110186860564 2
      vertex 50.60641506296129 82.80860139101513 2
      vertex 50.546020906725474 82.73121343167271 2
    endloop
  endfacet
  facet normal 0 0 1
    outer loop
      vertex 50.80797858624689 6.855110186860564 2
      vertex 50.66293922460509 82.8888595339608 2
      vertex 50.60641506296129 82.80860139101513 2
    endloop
  endfacet
  facet normal 0 0 1
    outer loop
      vertex 50.80797858624689 6.855110186860564 2
      vertex 50.715457220000545 82.97179451161355 2
      vertex 50.66293922460509 82.8888595339608 2
    endloop
  endfacet
  facet normal 0 0 1
    outer loop
      vertex 50.80797858624689 6.855110186860564 2
      vertex 50.76384252869671 83.05720652634801 2
      vertex 50.715457220000545 82.97179451161355 2
    endloop
  endfacet
  facet normal 0 0 1
    outer loop
      vertex 50.80797858624689 6.855110186860564 2
      vertex 50.80797858624689 83.14488981313943 2
      vertex 50.76384252869671 83.05720652634801 2
    endloop
  endfacet
  facet normal 0 0 1
    outer loop
      vertex 50.80797858624689 6.855110186860564 2
      vertex 50.88308813036604 83.32622029321556 2
      vertex 50.84775906502257 83.23463313526982 2
    endloop
  endfacet
  facet normal 0 0 1
    outer loop
      vertex 50.80797858624689 6.855110186860564 2
      vertex 50.84775906502257 83.23463313526982 2
      vertex 50.80797858624689 83.14488981313943 2
    endloop
  endfacet
  facet normal 0 0 1
    outer loop
      vertex 50.80797858624689 6.855110186860564 2
      vertex 50.91388067146442 83.41943064549108 2
      vertex 50.88308813036604 83.32622029321556 2
    endloop
  endfacet
  facet normal 0 0 1
    outer loop
      vertex 50.80797858624689 6.855110186860564 2
      vertex 50.961570560806464 83.60981935596774 2
      vertex 50.94006250638909 83.51403964019347 2
    endloop
  endfacet
  facet normal 0 0 1
    outer loop
      vertex 50.80797858624689 6.855110186860564 2
      vertex 50.94006250638909 83.51403964019347 2
      vertex 50.91388067146442 83.41943064549108 2
    endloop
  endfacet
  facet normal 0 0 1
    outer loop
      vertex 50.80797858624689 6.855110186860564 2
      vertex 50.978353019929564 83.70653905108928 2
      vertex 50.961570560806464 83.60981935596774 2
    endloop
  endfacet
  facet normal 0 0 1
    outer loop
      vertex 50.80797858624689 6.855110186860564 2
      vertex 50.99036945334439 83.80396571934088 2
      vertex 50.978353019929564 83.70653905108928 2
    endloop
  endfacet
  facet normal 0 0 1
    outer loop
      vertex 50.80797858624689 6.855110186860564 2
      vertex 50.997590912410345 83.90186465134516 2
      vertex 50.99036945334439 83.80396571934088 2
    endloop
  endfacet
  facet normal 0 0 1
    outer loop
      vertex 50.80797858624689 6.855110186860564 2
      vertex 51 84 2
      vertex 50.997590912410345 83.90186465134516 2
    endloop
  endfacet
  facet normal 0 0 -1
    outer loop
      vertex 55 0 0
      vertex 50.80797858624689 83.14488981313943 0
      vertex 55 90 0
    endloop
  endfacet
  facet normal 0 0 1
    outer loop
      vertex 55 0 2
      vertex 55 90 2
      vertex 51 84 2
    endloop
  endfacet
  facet normal 1 0 0
    outer loop
      vertex 55 0 2
      vertex 55 90 0
      vertex 55 90 2
    endloop
  endfacet
  facet normal 0 0 1
    outer loop
      vertex 42.5 83.60588350876087 2
      vertex 47.58578643762691 85.41421356237309 2
      vertex 42.5 90 2
    endloop
  endfacet
  facet normal 0 0 1
    outer loop
      vertex 42.5 90 2
      vertex 47.58578643762691 85.41421356237309 2
      vertex 47.65688209030596 85.48190225070992 2
    endloop
  endfacet
  facet normal 0 0 1
    outer loop
      vertex 42.5 90 2
      vertex 47.65688209030596 85.48190225070992 2
      vertex 47.73121343167271 85.54602090672547 2
    endloop
  endfacet
  facet normal 0 0 1
    outer loop
      vertex 42.5 90 2
      vertex 47.73121343167271 85.54602090672547 2
      vertex 47.80860139101513 85.60641506296129 2
    endloop
  endfacet
  facet normal 0 0 1
    outer loop
      vertex 42.5 90 2
      vertex 47.80860139101513 85.60641506296129 2
      vertex 47.8888595339608 85.6629392246051 2
    endloop
  endfacet
  facet normal 0 0 1
    outer loop
      vertex 42.5 90 2
      vertex 47.8888595339608 85.6629392246051 2
      vertex 47.97179451161356 85.71545722000054 2
    endloop
  endfacet
  facet normal 0 0 1
    outer loop
      vertex 42.5 90 2
      vertex 47.97179451161356 85.71545722000054 2
      vertex 48.057206526348004 85.76384252869671 2
    endloop
  endfacet
  facet normal 0 0 1
    outer loop
      vertex 42.5 90 2
      vertex 48.057206526348004 85.76384252869671 2
      vertex 48.144889813139436 85.80797858624689 2
    endloop
  endfacet
  facet normal 0 0 1
    outer loop
      vertex 42.5 90 2
      vertex 48.144889813139436 85.80797858624689 2
      vertex 48.23463313526982 85.84775906502257 2
    endloop
  endfacet
  facet normal 0 0 1
    outer loop
      vertex 42.5 90 2
      vertex 48.23463313526982 85.84775906502257 2
      vertex 48.32622029321556 85.88308813036605 2
    endloop
  endfacet
  facet normal 0 0 1
    outer loop
      vertex 42.5 90 2
      vertex 48.32622029321556 85.88308813036605 2
      vertex 48.419430645491076 85.91388067146441 2
    endloop
  endfacet
  facet normal 0 0 1
    outer loop
      vertex 42.5 90 2
      vertex 48.419430645491076 85.91388067146441 2
      vertex 48.514039640193474 85.94006250638908 2
    endloop
  endfacet
  facet normal 0 0 1
    outer loop
      vertex 42.5 90 2
      vertex 48.514039640193474 85.94006250638908 2
      vertex 48.609819355967744 85.96157056080646 2
    endloop
  endfacet
  facet normal 0 0 1
    outer loop
      vertex 42.5 90 2
      vertex 48.609819355967744 85.96157056080646 2
      vertex 48.70653905108928 85.97835301992956 2
    endloop
  endfacet
  facet normal 0 0 1
    outer loop
      vertex 42.5 90 2
      vertex 48.70653905108928 85.97835301992956 2
      vertex 48.80396571934088 85.9903694533444 2
    endloop
  endfacet
  facet normal 0 0 1
    outer loop
      vertex 42.5 90 2
      vertex 48.80396571934088 85.9903694533444 2
      vertex 48.901864651345164 85.99759091241035 2
    endloop
  endfacet
  facet normal 0 0 1
    outer loop
      vertex 42.5 90 2
      vertex 48.901864651345164 85.99759091241035 2
      vertex 49 86 2
    endloop
  endfacet
  facet normal 0 0 1
    outer loop
      vertex 42.5 90 2
      vertex 49 86 2
      vertex 49.098135348654836 85.99759091241035 2
    endloop
  endfacet
  facet normal 0 0 1
    outer loop
      vertex 42.5 90 2
      vertex 49.098135348654836 85.99759091241035 2
      vertex 49.19603428065912 85.9903694533444 2
    endloop
  endfacet
  facet normal 0 0 1
    outer loop
      vertex 42.5 90 2
      vertex 49.19603428065912 85.9903694533444 2
      vertex 55 90 2
    endloop
  endfacet
  facet normal 0 0 -1
    outer loop
      vertex 49.19603428065912 85.9903694533444 0
      vertex 55 90 0
      vertex 49.29346094891072 85.97835301992956 0
    endloop
  endfacet
  facet normal 0 0 -1
    outer loop
      vertex 49.29346094891072 85.97835301992956 0
      vertex 55 90 0
      vertex 49.390180644032256 85.96157056080646 0
    endloop
  endfacet
  facet normal 0 0 -1
    outer loop
      vertex 49.390180644032256 85.96157056080646 0
      vertex 55 90 0
      vertex 49.485960359806526 85.94006250638908 0
    endloop
  endfacet
  facet normal 0 0 -1
    outer loop
      vertex 49.67377970678444 85.88308813036605 0
      vertex 55 90 0
      vertex 49.76536686473018 85.84775906502257 0
    endloop
  endfacet
  facet normal 0 0 -1
    outer loop
      vertex 49.76536686473018 85.84775906502257 0
      vertex 55 90 0
      vertex 49.855110186860564 85.80797858624689 0
    endloop
  endfacet
  facet normal 0 0 -1
    outer loop
      vertex 49.580569354508924 85.91388067146441 0
      vertex 49.485960359806526 85.94006250638908 0
      vertex 55 90 0
    endloop
  endfacet
  facet normal 0 0 -1
    outer loop
      vertex 49.580569354508924 85.91388067146441 0
      vertex 55 90 0
      vertex 49.67377970678444 85.88308813036605 0
    endloop
  endfacet
  facet normal 0 0 1
    outer loop
      vertex 49.19603428065912 85.9903694533444 2
      vertex 49.29346094891072 85.97835301992956 2
      vertex 55 90 2
    endloop
  endfacet
  facet normal 0 0 1
    outer loop
      vertex 49.29346094891072 85.97835301992956 2
      vertex 49.390180644032256 85.96157056080646 2
      vertex 55 90 2
    endloop
  endfacet
  facet normal 0 0 1
    outer loop
      vertex 49.390180644032256 85.96157056080646 2
      vertex 49.485960359806526 85.94006250638908 2
      vertex 55 90 2
    endloop
  endfacet
  facet normal 0 0 1
    outer loop
      vertex 49.67377970678444 85.88308813036605 2
      vertex 49.76536686473018 85.84775906502257 2
      vertex 55 90 2
    endloop
  endfacet
  facet normal 0 0 1
    outer loop
      vertex 49.76536686473018 85.84775906502257 2
      vertex 49.855110186860564 85.80797858624689 2
      vertex 55 90 2
    endloop
  endfacet
  facet normal 0 0 1
    outer loop
      vertex 49.580569354508924 85.91388067146441 2
      vertex 55 90 2
      vertex 49.485960359806526 85.94006250638908 2
    endloop
  endfacet
  facet normal 0 0 1
    outer loop
      vertex 49.580569354508924 85.91388067146441 2
      vertex 49.67377970678444 85.88308813036605 2
      vertex 55 90 2
    endloop
  endfacet
  facet normal 0 0 -1
    outer loop
      vertex 50.80797858624689 83.14488981313943 0
      vertex 50.84775906502257 83.23463313526982 0
      vertex 55 90 0
    endloop
  endfacet
  facet normal 0 0 -1
    outer loop
      vertex 50.84775906502257 83.23463313526982 0
      vertex 50.88308813036604 83.32622029321556 0
      vertex 55 90 0
    endloop
  endfacet
  facet normal 0 0 -1
    outer loop
      vertex 50.88308813036604 83.32622029321556 0
      vertex 50.91388067146442 83.41943064549108 0
      vertex 55 90 0
    endloop
  endfacet
  facet normal 0 0 -1
    outer loop
      vertex 50.91388067146442 83.41943064549108 0
      vertex 50.94006250638909 83.51403964019347 0
      vertex 55 90 0
    endloop
  endfacet
  facet normal 0 0 -1
    outer loop
      vertex 50.94006250638909 83.51403964019347 0
      vertex 50.961570560806464 83.60981935596774 0
      vertex 55 90 0
    endloop
  endfacet
  facet normal 0 0 -1
    outer loop
      vertex 50.961570560806464 83.60981935596774 0
      vertex 50.978353019929564 83.70653905108928 0
      vertex 55 90 0
    endloop
  endfacet
  facet normal 0 0 -1
    outer loop
      vertex 50.978353019929564 83.70653905108928 0
      vertex 50.99036945334439 83.80396571934088 0
      vertex 55 90 0
    endloop
  endfacet
  facet normal 0 0 -1
    outer loop
      vertex 50.99036945334439 83.80396571934088 0
      vertex 50.997590912410345 83.90186465134516 0
      vertex 55 90 0
    endloop
  endfacet
  facet normal 0 0 -1
    outer loop
      vertex 50.60641506296129 85.19139860898487 0
      vertex 55 90 0
      vertex 50.66293922460509 85.1111404660392 0
    endloop
  endfacet
  facet normal 0 0 -1
    outer loop
      vertex 50.546020906725474 85.26878656832729 0
      vertex 55 90 0
      vertex 50.60641506296129 85.19139860898487 0
    endloop
  endfacet
  facet normal 0 0 -1
    outer loop
      vertex 50.80797858624689 84.85511018686057 0
      vertex 50.76384252869671 84.94279347365199 0
      vertex 55 90 0
    endloop
  endfacet
  facet normal 0 0 -1
    outer loop
      vertex 50.715457220000545 85.02820548838645 0
      vertex 50.66293922460509 85.1111404660392 0
      vertex 55 90 0
    endloop
  endfacet
  facet normal 0 0 -1
    outer loop
      vertex 50.715457220000545 85.02820548838645 0
      vertex 55 90 0
      vertex 50.76384252869671 84.94279347365199 0
    endloop
  endfacet
  facet normal 0 0 -1
    outer loop
      vertex 50.978353019929564 84.29346094891072 0
      vertex 50.961570560806464 84.39018064403226 0
      vertex 55 90 0
    endloop
  endfacet
  facet normal 0 0 -1
    outer loop
      vertex 50.961570560806464 84.39018064403226 0
      vertex 50.94006250638909 84.48596035980653 0
      vertex 55 90 0
    endloop
  endfacet
  facet normal 0 0 -1
    outer loop
      vertex 50.91388067146442 84.58056935450892 0
      vertex 55 90 0
      vertex 50.94006250638909 84.48596035980653 0
    endloop
  endfacet
  facet normal 0 0 -1
    outer loop
      vertex 50.997590912410345 83.90186465134516 0
      vertex 51 84 0
      vertex 55 90 0
    endloop
  endfacet
  facet normal 0 0 -1
    outer loop
      vertex 51 84 0
      vertex 50.997590912410345 84.09813534865484 0
      vertex 55 90 0
    endloop
  endfacet
  facet normal 0 0 -1
    outer loop
      vertex 50.997590912410345 84.09813534865484 0
      vertex 50.99036945334439 84.19603428065912 0
      vertex 55 90 0
    endloop
  endfacet
  facet normal 0 0 -1
    outer loop
      vertex 50.99036945334439 84.19603428065912 0
      vertex 50.978353019929564 84.29346094891072 0
      vertex 55 90 0
    endloop
  endfacet
  facet normal 0 0 -1
    outer loop
      vertex 50.84775906502257 84.76536686473018 0
      vertex 55 90 0
      vertex 50.88308813036604 84.67377970678444 0
    endloop
  endfacet
  facet normal 0 0 -1
    outer loop
      vertex 50.80797858624689 84.85511018686057 0
      vertex 55 90 0
      vertex 50.84775906502257 84.76536686473018 0
    endloop
  endfacet
  facet normal 0 0 -1
    outer loop
      vertex 50.91388067146442 84.58056935450892 0
      vertex 50.88308813036604 84.67377970678444 0
      vertex 55 90 0
    endloop
  endfacet
  facet normal 0 0 -1
    outer loop
      vertex 49.855110186860564 85.80797858624689 0
      vertex 55 90 0
      vertex 49.942793473651996 85.76384252869671 0
    endloop
  endfacet
  facet normal 0 0 -1
    outer loop
      vertex 49.942793473651996 85.76384252869671 0
      vertex 55 90 0
      vertex 50.02820548838644 85.71545722000054 0
    endloop
  endfacet
  facet normal 0 0 -1
    outer loop
      vertex 50.02820548838644 85.71545722000054 0
      vertex 55 90 0
      vertex 50.1111404660392 85.6629392246051 0
    endloop
  endfacet
  facet normal 0 0 -1
    outer loop
      vertex 50.1111404660392 85.6629392246051 0
      vertex 55 90 0
      vertex 50.19139860898487 85.60641506296129 0
    endloop
  endfacet
  facet normal 0 0 -1
    outer loop
      vertex 50.26878656832729 85.54602090672547 0
      vertex 55 90 0
      vertex 50.34311790969404 85.48190225070992 0
    endloop
  endfacet
  facet normal 0 0 -1
    outer loop
      vertex 50.19139860898487 85.60641506296129 0
      vertex 55 90 0
      vertex 50.26878656832729 85.54602090672547 0
    endloop
  endfacet
  facet normal 0 0 -1
    outer loop
      vertex 50.34311790969404 85.48190225070992 0
      vertex 55 90 0
      vertex 50.41421356237309 85.41421356237309 0
    endloop
  endfacet
  facet normal 0 0 -1
    outer loop
      vertex 50.41421356237309 85.41421356237309 0
      vertex 55 90 0
      vertex 50.481902250709915 85.34311790969403 0
    endloop
  endfacet
  facet normal 0 0 -1
    outer loop
      vertex 50.481902250709915 85.34311790969403 0
      vertex 55 90 0
      vertex 50.546020906725474 85.26878656832729 0
    endloop
  endfacet
  facet normal 0 0 1
    outer loop
      vertex 50.60641506296129 85.19139860898487 2
      vertex 50.66293922460509 85.1111404660392 2
      vertex 55 90 2
    endloop
  endfacet
  facet normal 0 0 1
    outer loop
      vertex 50.546020906725474 85.26878656832729 2
      vertex 50.60641506296129 85.19139860898487 2
      vertex 55 90 2
    endloop
  endfacet
  facet normal 0 0 1
    outer loop
      vertex 50.80797858624689 84.85511018686057 2
      vertex 55 90 2
      vertex 50.76384252869671 84.94279347365199 2
    endloop
  endfacet
  facet normal 0 0 1
    outer loop
      vertex 50.715457220000545 85.02820548838645 2
      vertex 55 90 2
      vertex 50.66293922460509 85.1111404660392 2
    endloop
  endfacet
  facet normal 0 0 1
    outer loop
      vertex 50.715457220000545 85.02820548838645 2
      vertex 50.76384252869671 84.94279347365199 2
      vertex 55 90 2
    endloop
  endfacet
  facet normal 0 0 1
    outer loop
      vertex 50.978353019929564 84.29346094891072 2
      vertex 55 90 2
      vertex 50.961570560806464 84.39018064403226 2
    endloop
  endfacet
  facet normal 0 0 1
    outer loop
      vertex 50.961570560806464 84.39018064403226 2
      vertex 55 90 2
      vertex 50.94006250638909 84.48596035980653 2
    endloop
  endfacet
  facet normal 0 0 1
    outer loop
      vertex 50.91388067146442 84.58056935450892 2
      vertex 50.94006250638909 84.48596035980653 2
      vertex 55 90 2
    endloop
  endfacet
  facet normal 0 0 1
    outer loop
      vertex 51 84 2
      vertex 55 90 2
      vertex 50.997590912410345 84.09813534865484 2
    endloop
  endfacet
  facet normal 0 0 1
    outer loop
      vertex 50.997590912410345 84.09813534865484 2
      vertex 55 90 2
      vertex 50.99036945334439 84.19603428065912 2
    endloop
  endfacet
  facet normal 0 0 1
    outer loop
      vertex 50.99036945334439 84.19603428065912 2
      vertex 55 90 2
      vertex 50.978353019929564 84.29346094891072 2
    endloop
  endfacet
  facet normal 0 0 1
    outer loop
      vertex 50.84775906502257 84.76536686473018 2
      vertex 50.88308813036604 84.67377970678444 2
      vertex 55 90 2
    endloop
  endfacet
  facet normal 0 0 1
    outer loop
      vertex 50.80797858624689 84.85511018686057 2
      vertex 50.84775906502257 84.76536686473018 2
      vertex 55 90 2
    endloop
  endfacet
  facet normal 0 0 1
    outer loop
      vertex 50.91388067146442 84.58056935450892 2
      vertex 55 90 2
      vertex 50.88308813036604 84.67377970678444 2
    endloop
  endfacet
  facet normal 0 0 1
    outer loop
      vertex 49.855110186860564 85.80797858624689 2
      vertex 49.942793473651996 85.76384252869671 2
      vertex 55 90 2
    endloop
  endfacet
  facet normal 0 0 1
    outer loop
      vertex 49.942793473651996 85.76384252869671 2
      vertex 50.02820548838644 85.71545722000054 2
      vertex 55 90 2
    endloop
  endfacet
  facet normal 0 0 1
    outer loop
      vertex 50.02820548838644 85.71545722000054 2
      vertex 50.1111404660392 85.6629392246051 2
      vertex 55 90 2
    endloop
  endfacet
  facet normal 0 0 1
    outer loop
      vertex 50.1111404660392 85.6629392246051 2
      vertex 50.19139860898487 85.60641506296129 2
      vertex 55 90 2
    endloop
  endfacet
  facet normal 0 0 1
    outer loop
      vertex 50.26878656832729 85.54602090672547 2
      vertex 50.34311790969404 85.48190225070992 2
      vertex 55 90 2
    endloop
  endfacet
  facet normal 0 0 1
    outer loop
      vertex 50.19139860898487 85.60641506296129 2
      vertex 50.26878656832729 85.54602090672547 2
      vertex 55 90 2
    endloop
  endfacet
  facet normal 0 0 1
    outer loop
      vertex 50.34311790969404 85.48190225070992 2
      vertex 50.41421356237309 85.41421356237309 2
      vertex 55 90 2
    endloop
  endfacet
  facet normal 0 0 1
    outer loop
      vertex 50.41421356237309 85.41421356237309 2
      vertex 50.481902250709915 85.34311790969403 2
      vertex 55 90 2
    endloop
  endfacet
  facet normal 0 0 1
    outer loop
      vertex 50.481902250709915 85.34311790969403 2
      vertex 50.546020906725474 85.26878656832729 2
      vertex 55 90 2
    endloop
  endfacet
  facet normal 0.9329927988347401 0.3598950365349853 0
    outer loop
      vertex 4.152240934977426 5.234633135269821 0
      vertex 4.116911869633959 5.32622029321556 0
      vertex 4.116911869633959 5.32622029321556 2
    endloop
  endfacet
  facet normal 0.9142097557035306 0.40524131400499025 0
    outer loop
      vertex 4.152240934977426 5.234633135269821 0
      vertex 4.152240934977426 5.234633135269821 2
      vertex 4.192021413753113 5.144889813139436 0
    endloop
  endfacet
  facet normal 0.8700869911087129 0.4928981922297815 0
    outer loop
      vertex 4.23615747130329 5.057206526348005 0
      vertex 4.23615747130329 5.057206526348005 2
      vertex 4.284542779999456 4.971794511613556 0
    endloop
  endfacet
  facet normal 0.8932243011955129 0.4496113296546113 0
    outer loop
      vertex 4.23615747130329 5.057206526348005 0
      vertex 4.192021413753113 5.144889813139436 0
      vertex 4.192021413753113 5.144889813139436 2
    endloop
  endfacet
  facet normal 0.9637760657954378 0.2667127574749052 0
    outer loop
      vertex 4.059937493610912 5.514039640193472 0
      vertex 4.059937493610912 5.514039640193472 2
      vertex 4.086119328535583 5.419430645491075 0
    endloop
  endfacet
  facet normal 0.9852776423889408 0.1709618887603047 0
    outer loop
      vertex 4.021646980070438 5.706539051089276 0
      vertex 4.021646980070438 5.706539051089276 2
      vertex 4.038429439193539 5.609819355967743 0
    endloop
  endfacet
  facet normal 0.975702130038529 0.21910124015686763 0
    outer loop
      vertex 4.059937493610912 5.514039640193472 0
      vertex 4.038429439193539 5.609819355967743 0
      vertex 4.038429439193539 5.609819355967743 2
    endloop
  endfacet
  facet normal 0.9924795345987097 0.12241067519921764 0
    outer loop
      vertex 4.021646980070438 5.706539051089276 0
      vertex 4.009630546655606 5.803965719340879 0
      vertex 4.009630546655606 5.803965719340879 2
    endloop
  endfacet
  facet normal 0.9972904566786902 0.07356456359966684 0
    outer loop
      vertex 4.009630546655606 5.803965719340879 0
      vertex 4.002409087589655 5.901864651345164 0
      vertex 4.002409087589655 5.901864651345164 2
    endloop
  endfacet
  facet normal 0.9996988186962044 0.024541228522907587 0
    outer loop
      vertex 4.002409087589655 5.901864651345164 0
      vertex 4 6 0
      vertex 4 6 2
    endloop
  endfacet
  facet normal 0.9996988186962044 -0.024541228522907587 0
    outer loop
      vertex 4 6 0
      vertex 4.002409087589655 6.098135348654836 0
      vertex 4.002409087589655 6.098135348654836 2
    endloop
  endfacet
  facet normal 0.9972904566786902 -0.07356456359966684 0
    outer loop
      vertex 4.002409087589655 6.098135348654836 0
      vertex 4.009630546655606 6.196034280659121 0
      vertex 4.009630546655606 6.196034280659121 2
    endloop
  endfacet
  facet normal 0.9495281805930378 0.31368174039888796 0
    outer loop
      vertex 4.116911869633959 5.32622029321556 0
      vertex 4.086119328535583 5.419430645491075 0
      vertex 4.086119328535583 5.419430645491075 2
    endloop
  endfacet
  facet normal 0.9924795345987097 -0.12241067519921764 0
    outer loop
      vertex 4.009630546655606 6.196034280659121 0
      vertex 4.021646980070438 6.293460948910724 0
      vertex 4.021646980070438 6.293460948910724 2
    endloop
  endfacet
  facet normal 0.9852776423889408 -0.1709618887603047 0
    outer loop
      vertex 4.021646980070438 6.293460948910724 0
      vertex 4.038429439193539 6.390180644032257 0
      vertex 4.038429439193539 6.390180644032257 2
    endloop
  endfacet
  facet normal 0.975702130038529 -0.21910124015686763 0
    outer loop
      vertex 4.038429439193539 6.390180644032257 0
      vertex 4.059937493610912 6.485960359806528 0
      vertex 4.059937493610912 6.485960359806528 2
    endloop
  endfacet
  facet normal 0.9637760657954378 -0.2667127574749052 0
    outer loop
      vertex 4.059937493610912 6.485960359806528 0
      vertex 4.086119328535583 6.580569354508925 0
      vertex 4.086119328535583 6.580569354508925 2
    endloop
  endfacet
  facet normal 0.9495281805930378 -0.31368174039888796 0
    outer loop
      vertex 4.086119328535583 6.580569354508925 0
      vertex 4.116911869633959 6.67377970678444 0
      vertex 4.116911869633959 6.67377970678444 2
    endloop
  endfacet
  facet normal 0.9329927988347401 -0.3598950365349853 0
    outer loop
      vertex 4.116911869633959 6.67377970678444 0
      vertex 4.152240934977426 6.765366864730179 0
      vertex 4.152240934977426 6.765366864730179 2
    endloop
  endfacet
  facet normal 0.9142097557035306 -0.40524131400499025 0
    outer loop
      vertex 4.152240934977426 6.765366864730179 0
      vertex 4.192021413753113 6.855110186860564 0
      vertex 4.192021413753113 6.855110186860564 2
    endloop
  endfacet
  facet normal 0.8932243011955129 -0.4496113296546113 0
    outer loop
      vertex 4.192021413753113 6.855110186860564 0
      vertex 4.23615747130329 6.942793473651995 0
      vertex 4.23615747130329 6.942793473651995 2
    endloop
  endfacet
  facet normal 0.8700869911087129 -0.4928981922297815 0
    outer loop
      vertex 4.23615747130329 6.942793473651995 0
      vertex 4.284542779999456 7.028205488386444 0
      vertex 4.284542779999456 7.028205488386444 2
    endloop
  endfacet
  facet normal 0.8175848131515815 0.5758081914178483 0
    outer loop
      vertex 4.39358493703871 4.8086013910151335 0
      vertex 4.337060775394909 4.888859533960796 0
      vertex 4.337060775394909 4.888859533960796 2
    endloop
  endfacet
  facet normal 0.7883464276266087 0.6152315905806238 0
    outer loop
      vertex 4.39358493703871 4.8086013910151335 0
      vertex 4.39358493703871 4.8086013910151335 2
      vertex 4.453979093274526 4.731213431672709 0
    endloop
  endfacet
  facet normal 0.7572088465064851 0.6531728429537761 0
    outer loop
      vertex 4.453979093274526 4.731213431672709 0
      vertex 4.453979093274526 4.731213431672709 2
      vertex 4.518097749290082 4.656882090305963 0
    endloop
  endfacet
  facet normal 0.8448535652497078 0.5349976198870959 0
    outer loop
      vertex 4.284542779999456 4.971794511613556 0
      vertex 4.284542779999456 4.971794511613556 2
      vertex 4.337060775394909 4.888859533960796 0
    endloop
  endfacet
  facet normal 0.724247082951464 0.6895405447370699 0
    outer loop
      vertex 4.585786437626905 4.585786437626905 0
      vertex 4.518097749290082 4.656882090305963 0
      vertex 4.518097749290082 4.656882090305963 2
    endloop
  endfacet
  facet normal 0.6895405447370699 0.724247082951464 0
    outer loop
      vertex 4.585786437626905 4.585786437626905 0
      vertex 4.585786437626905 4.585786437626905 2
      vertex 4.656882090305963 4.518097749290082 0
    endloop
  endfacet
  facet normal 0.6531728429537761 0.7572088465064851 0
    outer loop
      vertex 4.656882090305963 4.518097749290082 0
      vertex 4.656882090305963 4.518097749290082 2
      vertex 4.731213431672709 4.453979093274526 0
    endloop
  endfacet
  facet normal 0.5758081914178483 0.8175848131515815 0
    outer loop
      vertex 4.8086013910151335 4.39358493703871 0
      vertex 4.8086013910151335 4.39358493703871 2
      vertex 4.888859533960796 4.337060775394909 0
    endloop
  endfacet
  facet normal 0.5349976198870959 0.8448535652497078 0
    outer loop
      vertex 4.888859533960796 4.337060775394909 0
      vertex 4.888859533960796 4.337060775394909 2
      vertex 4.971794511613556 4.284542779999456 0
    endloop
  endfacet
  facet normal 0.4928981922297815 0.8700869911087129 0
    outer loop
      vertex 4.971794511613556 4.284542779999456 0
      vertex 4.971794511613556 4.284542779999456 2
      vertex 5.057206526348005 4.23615747130329 0
    endloop
  endfacet
  facet normal 0.4496113296546113 0.8932243011955129 0
    outer loop
      vertex 5.144889813139436 4.192021413753113 0
      vertex 5.057206526348005 4.23615747130329 0
      vertex 5.057206526348005 4.23615747130329 2
    endloop
  endfacet
  facet normal 0.6152315905806238 0.7883464276266087 0
    outer loop
      vertex 4.8086013910151335 4.39358493703871 0
      vertex 4.731213431672709 4.453979093274526 0
      vertex 4.731213431672709 4.453979093274526 2
    endloop
  endfacet
  facet normal 0.8448535652497078 -0.5349976198870959 0
    outer loop
      vertex 4.284542779999456 7.028205488386444 0
      vertex 4.337060775394909 7.111140466039204 0
      vertex 4.337060775394909 7.111140466039204 2
    endloop
  endfacet
  facet normal 0.9142097557035306 0.40524131400499025 0
    outer loop
      vertex 4.192021413753113 5.144889813139436 0
      vertex 4.152240934977426 5.234633135269821 2
      vertex 4.192021413753113 5.144889813139436 2
    endloop
  endfacet
  facet normal 0.9329927988347401 0.3598950365349853 0
    outer loop
      vertex 4.152240934977426 5.234633135269821 0
      vertex 4.116911869633959 5.32622029321556 2
      vertex 4.152240934977426 5.234633135269821 2
    endloop
  endfacet
  facet normal 0.8932243011955129 0.4496113296546113 0
    outer loop
      vertex 4.23615747130329 5.057206526348005 0
      vertex 4.192021413753113 5.144889813139436 2
      vertex 4.23615747130329 5.057206526348005 2
    endloop
  endfacet
  facet normal 0.8700869911087129 0.4928981922297815 0
    outer loop
      vertex 4.284542779999456 4.971794511613556 0
      vertex 4.23615747130329 5.057206526348005 2
      vertex 4.284542779999456 4.971794511613556 2
    endloop
  endfacet
  facet normal 0.9637760657954378 0.2667127574749052 0
    outer loop
      vertex 4.086119328535583 5.419430645491075 0
      vertex 4.059937493610912 5.514039640193472 2
      vertex 4.086119328535583 5.419430645491075 2
    endloop
  endfacet
  facet normal 0.9924795345987097 0.12241067519921764 0
    outer loop
      vertex 4.021646980070438 5.706539051089276 0
      vertex 4.009630546655606 5.803965719340879 2
      vertex 4.021646980070438 5.706539051089276 2
    endloop
  endfacet
  facet normal 0.975702130038529 0.21910124015686763 0
    outer loop
      vertex 4.059937493610912 5.514039640193472 0
      vertex 4.038429439193539 5.609819355967743 2
      vertex 4.059937493610912 5.514039640193472 2
    endloop
  endfacet
  facet normal 0.9852776423889408 0.1709618887603047 0
    outer loop
      vertex 4.038429439193539 5.609819355967743 0
      vertex 4.021646980070438 5.706539051089276 2
      vertex 4.038429439193539 5.609819355967743 2
    endloop
  endfacet
  facet normal 0.9972904566786902 0.07356456359966684 0
    outer loop
      vertex 4.009630546655606 5.803965719340879 0
      vertex 4.002409087589655 5.901864651345164 2
      vertex 4.009630546655606 5.803965719340879 2
    endloop
  endfacet
  facet normal 0.9996988186962044 0.024541228522907587 0
    outer loop
      vertex 4.002409087589655 5.901864651345164 0
      vertex 4 6 2
      vertex 4.002409087589655 5.901864651345164 2
    endloop
  endfacet
  facet normal 0.9996988186962044 -0.024541228522907587 0
    outer loop
      vertex 4 6 0
      vertex 4.002409087589655 6.098135348654836 2
      vertex 4 6 2
    endloop
  endfacet
  facet normal 0.9972904566786902 -0.07356456359966684 0
    outer loop
      vertex 4.002409087589655 6.098135348654836 0
      vertex 4.009630546655606 6.196034280659121 2
      vertex 4.002409087589655 6.098135348654836 2
    endloop
  endfacet
  facet normal 0.9495281805930378 0.31368174039888796 0
    outer loop
      vertex 4.116911869633959 5.32622029321556 0
      vertex 4.086119328535583 5.419430645491075 2
      vertex 4.116911869633959 5.32622029321556 2
    endloop
  endfacet
  facet normal 0.9924795345987097 -0.12241067519921764 0
    outer loop
      vertex 4.009630546655606 6.196034280659121 0
      vertex 4.021646980070438 6.293460948910724 2
      vertex 4.009630546655606 6.196034280659121 2
    endloop
  endfacet
  facet normal 0.9852776423889408 -0.1709618887603047 0
    outer loop
      vertex 4.021646980070438 6.293460948910724 0
      vertex 4.038429439193539 6.390180644032257 2
      vertex 4.021646980070438 6.293460948910724 2
    endloop
  endfacet
  facet normal 0.975702130038529 -0.21910124015686763 0
    outer loop
      vertex 4.038429439193539 6.390180644032257 0
      vertex 4.059937493610912 6.485960359806528 2
      vertex 4.038429439193539 6.390180644032257 2
    endloop
  endfacet
  facet normal 0.9637760657954378 -0.2667127574749052 0
    outer loop
      vertex 4.059937493610912 6.485960359806528 0
      vertex 4.086119328535583 6.580569354508925 2
      vertex 4.059937493610912 6.485960359806528 2
    endloop
  endfacet
  facet normal 0.9495281805930378 -0.31368174039888796 0
    outer loop
      vertex 4.086119328535583 6.580569354508925 0
      vertex 4.116911869633959 6.67377970678444 2
      vertex 4.086119328535583 6.580569354508925 2
    endloop
  endfacet
  facet normal 0.9329927988347401 -0.3598950365349853 0
    outer loop
      vertex 4.116911869633959 6.67377970678444 0
      vertex 4.152240934977426 6.765366864730179 2
      vertex 4.116911869633959 6.67377970678444 2
    endloop
  endfacet
  facet normal 0.9142097557035306 -0.40524131400499025 0
    outer loop
      vertex 4.152240934977426 6.765366864730179 0
      vertex 4.192021413753113 6.855110186860564 2
      vertex 4.152240934977426 6.765366864730179 2
    endloop
  endfacet
  facet normal 0.8932243011955129 -0.4496113296546113 0
    outer loop
      vertex 4.192021413753113 6.855110186860564 0
      vertex 4.23615747130329 6.942793473651995 2
      vertex 4.192021413753113 6.855110186860564 2
    endloop
  endfacet
  facet normal 0.8700869911087129 -0.4928981922297815 0
    outer loop
      vertex 4.23615747130329 6.942793473651995 0
      vertex 4.284542779999456 7.028205488386444 2
      vertex 4.23615747130329 6.942793473651995 2
    endloop
  endfacet
  facet normal 0.8175848131515815 0.5758081914178483 0
    outer loop
      vertex 4.39358493703871 4.8086013910151335 0
      vertex 4.337060775394909 4.888859533960796 2
      vertex 4.39358493703871 4.8086013910151335 2
    endloop
  endfacet
  facet normal 0.7883464276266087 0.6152315905806238 0
    outer loop
      vertex 4.453979093274526 4.731213431672709 0
      vertex 4.39358493703871 4.8086013910151335 2
      vertex 4.453979093274526 4.731213431672709 2
    endloop
  endfacet
  facet normal 0.7572088465064851 0.6531728429537761 0
    outer loop
      vertex 4.518097749290082 4.656882090305963 0
      vertex 4.453979093274526 4.731213431672709 2
      vertex 4.518097749290082 4.656882090305963 2
    endloop
  endfacet
  facet normal 0.8448535652497078 0.5349976198870959 0
    outer loop
      vertex 4.337060775394909 4.888859533960796 0
      vertex 4.284542779999456 4.971794511613556 2
      vertex 4.337060775394909 4.888859533960796 2
    endloop
  endfacet
  facet normal 0.724247082951464 0.6895405447370699 0
    outer loop
      vertex 4.585786437626905 4.585786437626905 0
      vertex 4.518097749290082 4.656882090305963 2
      vertex 4.585786437626905 4.585786437626905 2
    endloop
  endfacet
  facet normal 0.6895405447370699 0.724247082951464 0
    outer loop
      vertex 4.656882090305963 4.518097749290082 0
      vertex 4.585786437626905 4.585786437626905 2
      vertex 4.656882090305963 4.518097749290082 2
    endloop
  endfacet
  facet normal 0.6531728429537761 0.7572088465064851 0
    outer loop
      vertex 4.731213431672709 4.453979093274526 0
      vertex 4.656882090305963 4.518097749290082 2
      vertex 4.731213431672709 4.453979093274526 2
    endloop
  endfacet
  facet normal 0.6152315905806238 0.7883464276266087 0
    outer loop
      vertex 4.8086013910151335 4.39358493703871 0
      vertex 4.731213431672709 4.453979093274526 2
      vertex 4.8086013910151335 4.39358493703871 2
    endloop
  endfacet
  facet normal 0.5758081914178483 0.8175848131515815 0
    outer loop
      vertex 4.888859533960796 4.337060775394909 0
      vertex 4.8086013910151335 4.39358493703871 2
      vertex 4.888859533960796 4.337060775394909 2
    endloop
  endfacet
  facet normal 0.5349976198870959 0.8448535652497078 0
    outer loop
      vertex 4.971794511613556 4.284542779999456 0
      vertex 4.888859533960796 4.337060775394909 2
      vertex 4.971794511613556 4.284542779999456 2
    endloop
  endfacet
  facet normal 0.4928981922297815 0.8700869911087129 0
    outer loop
      vertex 5.057206526348005 4.23615747130329 0
      vertex 4.971794511613556 4.284542779999456 2
      vertex 5.057206526348005 4.23615747130329 2
    endloop
  endfacet
  facet normal 0.4496113296546113 0.8932243011955129 0
    outer loop
      vertex 5.144889813139436 4.192021413753113 0
      vertex 5.057206526348005 4.23615747130329 2
      vertex 5.144889813139436 4.192021413753113 2
    endloop
  endfacet
  facet normal 0.8448535652497078 -0.5349976198870959 0
    outer loop
      vertex 4.284542779999456 7.028205488386444 0
      vertex 4.337060775394909 7.111140466039204 2
      vertex 4.284542779999456 7.028205488386444 2
    endloop
  endfacet
  facet normal 0.40524131400499025 0.9142097557035306 0
    outer loop
      vertex 5.144889813139436 4.192021413753113 0
      vertex 5.144889813139436 4.192021413753113 2
      vertex 5.234633135269821 4.152240934977426 0
    endloop
  endfacet
  facet normal 0.3598950365349853 0.9329927988347401 0
    outer loop
      vertex 5.234633135269821 4.152240934977426 0
      vertex 5.234633135269821 4.152240934977426 2
      vertex 5.32622029321556 4.116911869633959 0
    endloop
  endfacet
  facet normal 0.31368174039888796 0.9495281805930378 0
    outer loop
      vertex 5.32622029321556 4.116911869633959 0
      vertex 5.32622029321556 4.116911869633959 2
      vertex 5.419430645491075 4.086119328535583 0
    endloop
  endfacet
  facet normal 0.2667127574749052 0.9637760657954378 0
    outer loop
      vertex 5.419430645491075 4.086119328535583 0
      vertex 5.419430645491075 4.086119328535583 2
      vertex 5.514039640193472 4.059937493610912 0
    endloop
  endfacet
  facet normal 0.21910124015686763 0.975702130038529 0
    outer loop
      vertex 5.514039640193472 4.059937493610912 0
      vertex 5.514039640193472 4.059937493610912 2
      vertex 5.609819355967743 4.038429439193539 0
    endloop
  endfacet
  facet normal 0.1709618887603047 0.9852776423889408 0
    outer loop
      vertex 5.609819355967743 4.038429439193539 0
      vertex 5.609819355967743 4.038429439193539 2
      vertex 5.706539051089276 4.021646980070438 0
    endloop
  endfacet
  facet normal 0.12241067519921764 0.9924795345987097 0
    outer loop
      vertex 5.706539051089276 4.021646980070438 0
      vertex 5.706539051089276 4.021646980070438 2
      vertex 5.803965719340879 4.009630546655606 0
    endloop
  endfacet
  facet normal 0.07356456359966684 0.9972904566786902 0
    outer loop
      vertex 5.803965719340879 4.009630546655606 0
      vertex 5.803965719340879 4.009630546655606 2
      vertex 5.901864651345164 4.002409087589655 0
    endloop
  endfacet
  facet normal 0.024541228522907587 0.9996988186962044 0
    outer loop
      vertex 5.901864651345164 4.002409087589655 0
      vertex 5.901864651345164 4.002409087589655 2
      vertex 6 4 0
    endloop
  endfacet
  facet normal -0.024541228522907587 0.9996988186962044 0
    outer loop
      vertex 6 4 0
      vertex 6 4 2
      vertex 6.098135348654836 4.002409087589655 0
    endloop
  endfacet
  facet normal -0.07356456359966684 0.9972904566786902 0
    outer loop
      vertex 6.098135348654836 4.002409087589655 0
      vertex 6.098135348654836 4.002409087589655 2
      vertex 6.196034280659121 4.009630546655606 0
    endloop
  endfacet
  facet normal -0.12241067519921764 0.9924795345987097 0
    outer loop
      vertex 6.196034280659121 4.009630546655606 0
      vertex 6.196034280659121 4.009630546655606 2
      vertex 6.293460948910724 4.021646980070438 0
    endloop
  endfacet
  facet normal -0.1709618887603047 0.9852776423889408 0
    outer loop
      vertex 6.293460948910724 4.021646980070438 0
      vertex 6.293460948910724 4.021646980070438 2
      vertex 6.390180644032257 4.038429439193539 0
    endloop
  endfacet
  facet normal -0.21910124015686763 0.975702130038529 0
    outer loop
      vertex 6.390180644032257 4.038429439193539 0
      vertex 6.390180644032257 4.038429439193539 2
      vertex 6.485960359806528 4.059937493610912 0
    endloop
  endfacet
  facet normal -0.2667127574749052 0.9637760657954378 0
    outer loop
      vertex 6.485960359806528 4.059937493610912 0
      vertex 6.485960359806528 4.059937493610912 2
      vertex 6.580569354508925 4.086119328535583 0
    endloop
  endfacet
  facet normal -0.31368174039888796 0.9495281805930378 0
    outer loop
      vertex 6.580569354508925 4.086119328535583 0
      vertex 6.580569354508925 4.086119328535583 2
      vertex 6.67377970678444 4.116911869633959 0
    endloop
  endfacet
  facet normal -0.3598950365349853 0.9329927988347401 0
    outer loop
      vertex 6.67377970678444 4.116911869633959 0
      vertex 6.67377970678444 4.116911869633959 2
      vertex 6.765366864730179 4.152240934977426 0
    endloop
  endfacet
  facet normal -0.40524131400499025 0.9142097557035306 0
    outer loop
      vertex 6.765366864730179 4.152240934977426 0
      vertex 6.765366864730179 4.152240934977426 2
      vertex 6.855110186860564 4.192021413753113 0
    endloop
  endfacet
  facet normal 0.40524131400499025 0.9142097557035306 0
    outer loop
      vertex 5.144889813139436 4.192021413753113 2
      vertex 5.234633135269821 4.152240934977426 2
      vertex 5.234633135269821 4.152240934977426 0
    endloop
  endfacet
  facet normal 0.3598950365349853 0.9329927988347401 0
    outer loop
      vertex 5.32622029321556 4.116911869633959 0
      vertex 5.234633135269821 4.152240934977426 2
      vertex 5.32622029321556 4.116911869633959 2
    endloop
  endfacet
  facet normal 0.31368174039888796 0.9495281805930378 0
    outer loop
      vertex 5.419430645491075 4.086119328535583 0
      vertex 5.32622029321556 4.116911869633959 2
      vertex 5.419430645491075 4.086119328535583 2
    endloop
  endfacet
  facet normal 0.2667127574749052 0.9637760657954378 0
    outer loop
      vertex 5.514039640193472 4.059937493610912 0
      vertex 5.419430645491075 4.086119328535583 2
      vertex 5.514039640193472 4.059937493610912 2
    endloop
  endfacet
  facet normal 0.21910124015686763 0.975702130038529 0
    outer loop
      vertex 5.609819355967743 4.038429439193539 0
      vertex 5.514039640193472 4.059937493610912 2
      vertex 5.609819355967743 4.038429439193539 2
    endloop
  endfacet
  facet normal 0.1709618887603047 0.9852776423889408 0
    outer loop
      vertex 5.706539051089276 4.021646980070438 0
      vertex 5.609819355967743 4.038429439193539 2
      vertex 5.706539051089276 4.021646980070438 2
    endloop
  endfacet
  facet normal 0.12241067519921764 0.9924795345987097 0
    outer loop
      vertex 5.803965719340879 4.009630546655606 0
      vertex 5.706539051089276 4.021646980070438 2
      vertex 5.803965719340879 4.009630546655606 2
    endloop
  endfacet
  facet normal 0.07356456359966684 0.9972904566786902 0
    outer loop
      vertex 5.901864651345164 4.002409087589655 0
      vertex 5.803965719340879 4.009630546655606 2
      vertex 5.901864651345164 4.002409087589655 2
    endloop
  endfacet
  facet normal 0.024541228522907587 0.9996988186962044 0
    outer loop
      vertex 6 4 0
      vertex 5.901864651345164 4.002409087589655 2
      vertex 6 4 2
    endloop
  endfacet
  facet normal -0.024541228522907587 0.9996988186962044 0
    outer loop
      vertex 6.098135348654836 4.002409087589655 0
      vertex 6 4 2
      vertex 6.098135348654836 4.002409087589655 2
    endloop
  endfacet
  facet normal -0.07356456359966684 0.9972904566786902 0
    outer loop
      vertex 6.196034280659121 4.009630546655606 0
      vertex 6.098135348654836 4.002409087589655 2
      vertex 6.196034280659121 4.009630546655606 2
    endloop
  endfacet
  facet normal -0.12241067519921764 0.9924795345987097 0
    outer loop
      vertex 6.293460948910724 4.021646980070438 0
      vertex 6.196034280659121 4.009630546655606 2
      vertex 6.293460948910724 4.021646980070438 2
    endloop
  endfacet
  facet normal -0.1709618887603047 0.9852776423889408 0
    outer loop
      vertex 6.390180644032257 4.038429439193539 0
      vertex 6.293460948910724 4.021646980070438 2
      vertex 6.390180644032257 4.038429439193539 2
    endloop
  endfacet
  facet normal -0.21910124015686763 0.975702130038529 0
    outer loop
      vertex 6.485960359806528 4.059937493610912 0
      vertex 6.390180644032257 4.038429439193539 2
      vertex 6.485960359806528 4.059937493610912 2
    endloop
  endfacet
  facet normal -0.2667127574749052 0.9637760657954378 0
    outer loop
      vertex 6.580569354508925 4.086119328535583 0
      vertex 6.485960359806528 4.059937493610912 2
      vertex 6.580569354508925 4.086119328535583 2
    endloop
  endfacet
  facet normal -0.31368174039888796 0.9495281805930378 0
    outer loop
      vertex 6.67377970678444 4.116911869633959 0
      vertex 6.580569354508925 4.086119328535583 2
      vertex 6.67377970678444 4.116911869633959 2
    endloop
  endfacet
  facet normal -0.3598950365349853 0.9329927988347401 0
    outer loop
      vertex 6.765366864730179 4.152240934977426 0
      vertex 6.67377970678444 4.116911869633959 2
      vertex 6.765366864730179 4.152240934977426 2
    endloop
  endfacet
  facet normal -0.40524131400499025 0.9142097557035306 0
    outer loop
      vertex 6.855110186860564 4.192021413753113 0
      vertex 6.765366864730179 4.152240934977426 2
      vertex 6.855110186860564 4.192021413753113 2
    endloop
  endfacet
  facet normal 0.8175848131515815 -0.5758081914178483 0
    outer loop
      vertex 4.337060775394909 7.111140466039204 0
      vertex 4.39358493703871 7.1913986089848665 0
      vertex 4.39358493703871 7.1913986089848665 2
    endloop
  endfacet
  facet normal 0.7883464276266087 -0.6152315905806238 0
    outer loop
      vertex 4.39358493703871 7.1913986089848665 0
      vertex 4.453979093274526 7.268786568327291 0
      vertex 4.453979093274526 7.268786568327291 2
    endloop
  endfacet
  facet normal 0.7572088465064851 -0.6531728429537761 0
    outer loop
      vertex 4.453979093274526 7.268786568327291 0
      vertex 4.518097749290082 7.343117909694037 0
      vertex 4.518097749290082 7.343117909694037 2
    endloop
  endfacet
  facet normal 0.724247082951464 -0.6895405447370699 0
    outer loop
      vertex 4.518097749290082 7.343117909694037 0
      vertex 4.585786437626905 7.414213562373095 0
      vertex 4.585786437626905 7.414213562373095 2
    endloop
  endfacet
  facet normal 0.6895405447370699 -0.724247082951464 0
    outer loop
      vertex 4.585786437626905 7.414213562373095 0
      vertex 4.656882090305963 7.481902250709918 0
      vertex 4.656882090305963 7.481902250709918 2
    endloop
  endfacet
  facet normal 0.6531728429537761 -0.7572088465064851 0
    outer loop
      vertex 4.656882090305963 7.481902250709918 0
      vertex 4.731213431672709 7.546020906725474 0
      vertex 4.731213431672709 7.546020906725474 2
    endloop
  endfacet
  facet normal 0.6152315905806238 -0.7883464276266087 0
    outer loop
      vertex 4.731213431672709 7.546020906725474 0
      vertex 4.8086013910151335 7.60641506296129 0
      vertex 4.8086013910151335 7.60641506296129 2
    endloop
  endfacet
  facet normal 0.5758081914178483 -0.8175848131515815 0
    outer loop
      vertex 4.8086013910151335 7.60641506296129 0
      vertex 4.888859533960796 7.662939224605091 0
      vertex 4.888859533960796 7.662939224605091 2
    endloop
  endfacet
  facet normal 0.5349976198870959 -0.8448535652497078 0
    outer loop
      vertex 4.888859533960796 7.662939224605091 0
      vertex 4.971794511613556 7.715457220000544 0
      vertex 4.971794511613556 7.715457220000544 2
    endloop
  endfacet
  facet normal 0.4928981922297815 -0.8700869911087129 0
    outer loop
      vertex 4.971794511613556 7.715457220000544 0
      vertex 5.057206526348005 7.76384252869671 0
      vertex 5.057206526348005 7.76384252869671 2
    endloop
  endfacet
  facet normal 0.4496113296546113 -0.8932243011955129 0
    outer loop
      vertex 5.057206526348005 7.76384252869671 0
      vertex 5.144889813139436 7.807978586246887 0
      vertex 5.144889813139436 7.807978586246887 2
    endloop
  endfacet
  facet normal 0.8175848131515815 -0.5758081914178483 0
    outer loop
      vertex 4.337060775394909 7.111140466039204 0
      vertex 4.39358493703871 7.1913986089848665 2
      vertex 4.337060775394909 7.111140466039204 2
    endloop
  endfacet
  facet normal 0.7883464276266087 -0.6152315905806238 0
    outer loop
      vertex 4.39358493703871 7.1913986089848665 0
      vertex 4.453979093274526 7.268786568327291 2
      vertex 4.39358493703871 7.1913986089848665 2
    endloop
  endfacet
  facet normal 0.7572088465064851 -0.6531728429537761 0
    outer loop
      vertex 4.453979093274526 7.268786568327291 0
      vertex 4.518097749290082 7.343117909694037 2
      vertex 4.453979093274526 7.268786568327291 2
    endloop
  endfacet
  facet normal 0.724247082951464 -0.6895405447370699 0
    outer loop
      vertex 4.518097749290082 7.343117909694037 0
      vertex 4.585786437626905 7.414213562373095 2
      vertex 4.518097749290082 7.343117909694037 2
    endloop
  endfacet
  facet normal 0.6895405447370699 -0.724247082951464 0
    outer loop
      vertex 4.585786437626905 7.414213562373095 0
      vertex 4.656882090305963 7.481902250709918 2
      vertex 4.585786437626905 7.414213562373095 2
    endloop
  endfacet
  facet normal 0.6531728429537761 -0.7572088465064851 0
    outer loop
      vertex 4.656882090305963 7.481902250709918 0
      vertex 4.731213431672709 7.546020906725474 2
      vertex 4.656882090305963 7.481902250709918 2
    endloop
  endfacet
  facet normal 0.6152315905806238 -0.7883464276266087 0
    outer loop
      vertex 4.731213431672709 7.546020906725474 0
      vertex 4.8086013910151335 7.60641506296129 2
      vertex 4.731213431672709 7.546020906725474 2
    endloop
  endfacet
  facet normal 0.5758081914178483 -0.8175848131515815 0
    outer loop
      vertex 4.8086013910151335 7.60641506296129 0
      vertex 4.888859533960796 7.662939224605091 2
      vertex 4.8086013910151335 7.60641506296129 2
    endloop
  endfacet
  facet normal 0.5349976198870959 -0.8448535652497078 0
    outer loop
      vertex 4.888859533960796 7.662939224605091 0
      vertex 4.971794511613556 7.715457220000544 2
      vertex 4.888859533960796 7.662939224605091 2
    endloop
  endfacet
  facet normal 0.4928981922297815 -0.8700869911087129 0
    outer loop
      vertex 4.971794511613556 7.715457220000544 0
      vertex 5.057206526348005 7.76384252869671 2
      vertex 4.971794511613556 7.715457220000544 2
    endloop
  endfacet
  facet normal 0.4496113296546113 -0.8932243011955129 0
    outer loop
      vertex 5.057206526348005 7.76384252869671 0
      vertex 5.144889813139436 7.807978586246887 2
      vertex 5.057206526348005 7.76384252869671 2
    endloop
  endfacet
  facet normal 0.40524131400499025 -0.9142097557035306 0
    outer loop
      vertex 5.144889813139436 7.807978586246887 0
      vertex 5.234633135269821 7.847759065022574 0
      vertex 5.234633135269821 7.847759065022574 2
    endloop
  endfacet
  facet normal 0.3598950365349853 -0.9329927988347401 0
    outer loop
      vertex 5.234633135269821 7.847759065022574 0
      vertex 5.32622029321556 7.883088130366041 0
      vertex 5.32622029321556 7.883088130366041 2
    endloop
  endfacet
  facet normal 0.31368174039888796 -0.9495281805930378 0
    outer loop
      vertex 5.32622029321556 7.883088130366041 0
      vertex 5.419430645491075 7.913880671464417 0
      vertex 5.419430645491075 7.913880671464417 2
    endloop
  endfacet
  facet normal 0.2667127574749052 -0.9637760657954378 0
    outer loop
      vertex 5.419430645491075 7.913880671464417 0
      vertex 5.514039640193472 7.940062506389088 0
      vertex 5.514039640193472 7.940062506389088 2
    endloop
  endfacet
  facet normal 0.21910124015686763 -0.975702130038529 0
    outer loop
      vertex 5.514039640193472 7.940062506389088 0
      vertex 5.609819355967743 7.961570560806461 0
      vertex 5.609819355967743 7.961570560806461 2
    endloop
  endfacet
  facet normal 0.1709618887603047 -0.9852776423889408 0
    outer loop
      vertex 5.609819355967743 7.961570560806461 0
      vertex 5.706539051089276 7.978353019929562 0
      vertex 5.706539051089276 7.978353019929562 2
    endloop
  endfacet
  facet normal 0.12241067519921764 -0.9924795345987097 0
    outer loop
      vertex 5.706539051089276 7.978353019929562 0
      vertex 5.803965719340879 7.990369453344394 0
      vertex 5.803965719340879 7.990369453344394 2
    endloop
  endfacet
  facet normal 0.07356456359966684 -0.9972904566786902 0
    outer loop
      vertex 5.803965719340879 7.990369453344394 0
      vertex 5.901864651345164 7.997590912410345 0
      vertex 5.901864651345164 7.997590912410345 2
    endloop
  endfacet
  facet normal 0.024541228522907587 -0.9996988186962044 0
    outer loop
      vertex 5.901864651345164 7.997590912410345 0
      vertex 6 8 0
      vertex 6 8 2
    endloop
  endfacet
  facet normal -0.1709618887603047 -0.9852776423889408 0
    outer loop
      vertex 6.390180644032257 7.961570560806461 0
      vertex 6.390180644032257 7.961570560806461 2
      vertex 6.293460948910724 7.978353019929562 0
    endloop
  endfacet
  facet normal -0.024541228522907587 -0.9996988186962044 0
    outer loop
      vertex 6 8 0
      vertex 6.098135348654836 7.997590912410345 0
      vertex 6.098135348654836 7.997590912410345 2
    endloop
  endfacet
  facet normal -0.07356456359966684 -0.9972904566786902 0
    outer loop
      vertex 6.098135348654836 7.997590912410345 0
      vertex 6.196034280659121 7.990369453344394 0
      vertex 6.196034280659121 7.990369453344394 2
    endloop
  endfacet
  facet normal -0.12241067519921764 -0.9924795345987097 0
    outer loop
      vertex 6.196034280659121 7.990369453344394 0
      vertex 6.293460948910724 7.978353019929562 0
      vertex 6.293460948910724 7.978353019929562 2
    endloop
  endfacet
  facet normal -0.21910124015686763 -0.975702130038529 0
    outer loop
      vertex 6.390180644032257 7.961570560806461 0
      vertex 6.485960359806528 7.940062506389088 0
      vertex 6.485960359806528 7.940062506389088 2
    endloop
  endfacet
  facet normal -0.2667127574749052 -0.9637760657954378 0
    outer loop
      vertex 6.485960359806528 7.940062506389088 0
      vertex 6.580569354508925 7.913880671464417 0
      vertex 6.580569354508925 7.913880671464417 2
    endloop
  endfacet
  facet normal -0.31368174039888796 -0.9495281805930378 0
    outer loop
      vertex 6.580569354508925 7.913880671464417 0
      vertex 6.67377970678444 7.883088130366041 0
      vertex 6.67377970678444 7.883088130366041 2
    endloop
  endfacet
  facet normal -0.3598950365349853 -0.9329927988347401 0
    outer loop
      vertex 6.67377970678444 7.883088130366041 0
      vertex 6.765366864730179 7.847759065022574 0
      vertex 6.765366864730179 7.847759065022574 2
    endloop
  endfacet
  facet normal -0.40524131400499025 -0.9142097557035306 0
    outer loop
      vertex 6.765366864730179 7.847759065022574 0
      vertex 6.855110186860564 7.807978586246887 0
      vertex 6.855110186860564 7.807978586246887 2
    endloop
  endfacet
  facet normal 0.40524131400499025 -0.9142097557035306 0
    outer loop
      vertex 5.144889813139436 7.807978586246887 0
      vertex 5.234633135269821 7.847759065022574 2
      vertex 5.144889813139436 7.807978586246887 2
    endloop
  endfacet
  facet normal 0.3598950365349853 -0.9329927988347401 0
    outer loop
      vertex 5.234633135269821 7.847759065022574 0
      vertex 5.32622029321556 7.883088130366041 2
      vertex 5.234633135269821 7.847759065022574 2
    endloop
  endfacet
  facet normal 0.31368174039888796 -0.9495281805930378 0
    outer loop
      vertex 5.32622029321556 7.883088130366041 0
      vertex 5.419430645491075 7.913880671464417 2
      vertex 5.32622029321556 7.883088130366041 2
    endloop
  endfacet
  facet normal 0.2667127574749052 -0.9637760657954378 0
    outer loop
      vertex 5.419430645491075 7.913880671464417 0
      vertex 5.514039640193472 7.940062506389088 2
      vertex 5.419430645491075 7.913880671464417 2
    endloop
  endfacet
  facet normal 0.21910124015686763 -0.975702130038529 0
    outer loop
      vertex 5.514039640193472 7.940062506389088 0
      vertex 5.609819355967743 7.961570560806461 2
      vertex 5.514039640193472 7.940062506389088 2
    endloop
  endfacet
  facet normal 0.1709618887603047 -0.9852776423889408 0
    outer loop
      vertex 5.609819355967743 7.961570560806461 0
      vertex 5.706539051089276 7.978353019929562 2
      vertex 5.609819355967743 7.961570560806461 2
    endloop
  endfacet
  facet normal 0.12241067519921764 -0.9924795345987097 0
    outer loop
      vertex 5.706539051089276 7.978353019929562 0
      vertex 5.803965719340879 7.990369453344394 2
      vertex 5.706539051089276 7.978353019929562 2
    endloop
  endfacet
  facet normal 0.07356456359966684 -0.9972904566786902 0
    outer loop
      vertex 5.803965719340879 7.990369453344394 0
      vertex 5.901864651345164 7.997590912410345 2
      vertex 5.803965719340879 7.990369453344394 2
    endloop
  endfacet
  facet normal 0.024541228522907587 -0.9996988186962044 0
    outer loop
      vertex 5.901864651345164 7.997590912410345 0
      vertex 6 8 2
      vertex 5.901864651345164 7.997590912410345 2
    endloop
  endfacet
  facet normal -0.1709618887603047 -0.9852776423889408 0
    outer loop
      vertex 6.293460948910724 7.978353019929562 0
      vertex 6.390180644032257 7.961570560806461 2
      vertex 6.293460948910724 7.978353019929562 2
    endloop
  endfacet
  facet normal -0.21910124015686763 -0.975702130038529 0
    outer loop
      vertex 6.390180644032257 7.961570560806461 0
      vertex 6.485960359806528 7.940062506389088 2
      vertex 6.390180644032257 7.961570560806461 2
    endloop
  endfacet
  facet normal -0.024541228522907587 -0.9996988186962044 0
    outer loop
      vertex 6 8 0
      vertex 6.098135348654836 7.997590912410345 2
      vertex 6 8 2
    endloop
  endfacet
  facet normal -0.07356456359966684 -0.9972904566786902 0
    outer loop
      vertex 6.098135348654836 7.997590912410345 0
      vertex 6.196034280659121 7.990369453344394 2
      vertex 6.098135348654836 7.997590912410345 2
    endloop
  endfacet
  facet normal -0.12241067519921764 -0.9924795345987097 0
    outer loop
      vertex 6.196034280659121 7.990369453344394 0
      vertex 6.293460948910724 7.978353019929562 2
      vertex 6.196034280659121 7.990369453344394 2
    endloop
  endfacet
  facet normal -0.2667127574749052 -0.9637760657954378 0
    outer loop
      vertex 6.485960359806528 7.940062506389088 0
      vertex 6.580569354508925 7.913880671464417 2
      vertex 6.485960359806528 7.940062506389088 2
    endloop
  endfacet
  facet normal -0.31368174039888796 -0.9495281805930378 0
    outer loop
      vertex 6.580569354508925 7.913880671464417 0
      vertex 6.67377970678444 7.883088130366041 2
      vertex 6.580569354508925 7.913880671464417 2
    endloop
  endfacet
  facet normal -0.3598950365349853 -0.9329927988347401 0
    outer loop
      vertex 6.67377970678444 7.883088130366041 0
      vertex 6.765366864730179 7.847759065022574 2
      vertex 6.67377970678444 7.883088130366041 2
    endloop
  endfacet
  facet normal -0.40524131400499025 -0.9142097557035306 0
    outer loop
      vertex 6.765366864730179 7.847759065022574 0
      vertex 6.855110186860564 7.807978586246887 2
      vertex 6.765366864730179 7.847759065022574 2
    endloop
  endfacet
  facet normal -0.4496113296546113 0.8932243011955129 0
    outer loop
      vertex 6.855110186860564 4.192021413753113 0
      vertex 6.855110186860564 4.192021413753113 2
      vertex 6.942793473651995 4.23615747130329 0
    endloop
  endfacet
  facet normal -0.4928981922297815 0.8700869911087129 0
    outer loop
      vertex 6.942793473651995 4.23615747130329 0
      vertex 6.942793473651995 4.23615747130329 2
      vertex 7.028205488386444 4.284542779999456 0
    endloop
  endfacet
  facet normal -0.5349976198870959 0.8448535652497078 0
    outer loop
      vertex 7.028205488386444 4.284542779999456 0
      vertex 7.028205488386444 4.284542779999456 2
      vertex 7.111140466039204 4.337060775394909 0
    endloop
  endfacet
  facet normal -0.5758081914178483 0.8175848131515815 0
    outer loop
      vertex 7.111140466039204 4.337060775394909 0
      vertex 7.111140466039204 4.337060775394909 2
      vertex 7.1913986089848665 4.39358493703871 0
    endloop
  endfacet
  facet normal -0.6152315905806238 0.7883464276266087 0
    outer loop
      vertex 7.1913986089848665 4.39358493703871 0
      vertex 7.1913986089848665 4.39358493703871 2
      vertex 7.268786568327291 4.453979093274526 0
    endloop
  endfacet
  facet normal -0.6531728429537761 0.7572088465064851 0
    outer loop
      vertex 7.268786568327291 4.453979093274526 0
      vertex 7.268786568327291 4.453979093274526 2
      vertex 7.343117909694037 4.518097749290082 0
    endloop
  endfacet
  facet normal -0.6895405447370699 0.724247082951464 0
    outer loop
      vertex 7.343117909694037 4.518097749290082 0
      vertex 7.343117909694037 4.518097749290082 2
      vertex 7.414213562373095 4.585786437626905 0
    endloop
  endfacet
  facet normal -0.724247082951464 0.6895405447370699 0
    outer loop
      vertex 7.414213562373095 4.585786437626905 0
      vertex 7.414213562373095 4.585786437626905 2
      vertex 7.481902250709918 4.656882090305963 0
    endloop
  endfacet
  facet normal -0.7572088465064851 0.6531728429537761 0
    outer loop
      vertex 7.481902250709918 4.656882090305963 0
      vertex 7.481902250709918 4.656882090305963 2
      vertex 7.546020906725474 4.731213431672709 0
    endloop
  endfacet
  facet normal -0.7883464276266087 0.6152315905806238 0
    outer loop
      vertex 7.546020906725474 4.731213431672709 0
      vertex 7.546020906725474 4.731213431672709 2
      vertex 7.60641506296129 4.8086013910151335 0
    endloop
  endfacet
  facet normal -0.8175848131515815 0.5758081914178483 0
    outer loop
      vertex 7.60641506296129 4.8086013910151335 0
      vertex 7.60641506296129 4.8086013910151335 2
      vertex 7.662939224605091 4.888859533960796 0
    endloop
  endfacet
  facet normal -0.8448535652497078 0.5349976198870959 0
    outer loop
      vertex 7.662939224605091 4.888859533960796 0
      vertex 7.662939224605091 4.888859533960796 2
      vertex 7.715457220000544 4.971794511613556 0
    endloop
  endfacet
  facet normal -0.8700869911087129 0.4928981922297815 0
    outer loop
      vertex 7.715457220000544 4.971794511613556 0
      vertex 7.715457220000544 4.971794511613556 2
      vertex 7.76384252869671 5.057206526348005 0
    endloop
  endfacet
  facet normal -0.8448535652497078 -0.5349976198870959 0
    outer loop
      vertex 7.715457220000544 7.028205488386444 0
      vertex 7.715457220000544 7.028205488386444 2
      vertex 7.662939224605091 7.111140466039204 0
    endloop
  endfacet
  facet normal -0.8932243011955129 0.4496113296546113 0
    outer loop
      vertex 7.76384252869671 5.057206526348005 0
      vertex 7.76384252869671 5.057206526348005 2
      vertex 7.807978586246887 5.144889813139436 0
    endloop
  endfacet
  facet normal -0.9142097557035306 0.40524131400499025 0
    outer loop
      vertex 7.807978586246887 5.144889813139436 0
      vertex 7.807978586246887 5.144889813139436 2
      vertex 7.847759065022574 5.234633135269821 0
    endloop
  endfacet
  facet normal -0.9329927988347401 0.3598950365349853 0
    outer loop
      vertex 7.847759065022574 5.234633135269821 0
      vertex 7.847759065022574 5.234633135269821 2
      vertex 7.883088130366041 5.32622029321556 0
    endloop
  endfacet
  facet normal -0.9495281805930378 0.31368174039888796 0
    outer loop
      vertex 7.883088130366041 5.32622029321556 0
      vertex 7.883088130366041 5.32622029321556 2
      vertex 7.913880671464417 5.419430645491075 0
    endloop
  endfacet
  facet normal -0.9637760657954378 0.2667127574749052 0
    outer loop
      vertex 7.913880671464417 5.419430645491075 0
      vertex 7.913880671464417 5.419430645491075 2
      vertex 7.940062506389088 5.514039640193472 0
    endloop
  endfacet
  facet normal -0.975702130038529 0.21910124015686763 0
    outer loop
      vertex 7.940062506389088 5.514039640193472 0
      vertex 7.940062506389088 5.514039640193472 2
      vertex 7.961570560806461 5.609819355967743 0
    endloop
  endfacet
  facet normal -0.9852776423889408 0.1709618887603047 0
    outer loop
      vertex 7.961570560806461 5.609819355967743 0
      vertex 7.961570560806461 5.609819355967743 2
      vertex 7.978353019929562 5.706539051089276 0
    endloop
  endfacet
  facet normal -0.9924795345987097 0.12241067519921764 0
    outer loop
      vertex 7.978353019929562 5.706539051089276 0
      vertex 7.978353019929562 5.706539051089276 2
      vertex 7.990369453344394 5.803965719340879 0
    endloop
  endfacet
  facet normal -0.9972904566786902 0.07356456359966684 0
    outer loop
      vertex 7.990369453344394 5.803965719340879 0
      vertex 7.990369453344394 5.803965719340879 2
      vertex 7.997590912410345 5.901864651345164 0
    endloop
  endfacet
  facet normal -0.9996988186962044 0.024541228522907587 0
    outer loop
      vertex 7.997590912410345 5.901864651345164 0
      vertex 7.997590912410345 5.901864651345164 2
      vertex 8 6 0
    endloop
  endfacet
  facet normal -0.9996988186962044 -0.024541228522907587 0
    outer loop
      vertex 8 6 0
      vertex 8 6 2
      vertex 7.997590912410345 6.098135348654836 0
    endloop
  endfacet
  facet normal -0.9972904566786902 -0.07356456359966684 0
    outer loop
      vertex 7.997590912410345 6.098135348654836 0
      vertex 7.997590912410345 6.098135348654836 2
      vertex 7.990369453344394 6.196034280659121 0
    endloop
  endfacet
  facet normal -0.9637760657954378 -0.2667127574749052 0
    outer loop
      vertex 7.940062506389088 6.485960359806528 0
      vertex 7.940062506389088 6.485960359806528 2
      vertex 7.913880671464417 6.580569354508925 0
    endloop
  endfacet
  facet normal -0.9495281805930378 -0.31368174039888796 0
    outer loop
      vertex 7.913880671464417 6.580569354508925 0
      vertex 7.913880671464417 6.580569354508925 2
      vertex 7.883088130366041 6.67377970678444 0
    endloop
  endfacet
  facet normal -0.9142097557035306 -0.40524131400499025 0
    outer loop
      vertex 7.807978586246887 6.855110186860564 0
      vertex 7.847759065022574 6.765366864730179 0
      vertex 7.847759065022574 6.765366864730179 2
    endloop
  endfacet
  facet normal -0.8700869911087129 -0.4928981922297815 0
    outer loop
      vertex 7.715457220000544 7.028205488386444 0
      vertex 7.76384252869671 6.942793473651995 0
      vertex 7.76384252869671 6.942793473651995 2
    endloop
  endfacet
  facet normal -0.8932243011955129 -0.4496113296546113 0
    outer loop
      vertex 7.807978586246887 6.855110186860564 0
      vertex 7.807978586246887 6.855110186860564 2
      vertex 7.76384252869671 6.942793473651995 0
    endloop
  endfacet
  facet normal -0.9329927988347401 -0.3598950365349853 0
    outer loop
      vertex 7.883088130366041 6.67377970678444 0
      vertex 7.883088130366041 6.67377970678444 2
      vertex 7.847759065022574 6.765366864730179 0
    endloop
  endfacet
  facet normal -0.9924795345987097 -0.12241067519921764 0
    outer loop
      vertex 7.990369453344394 6.196034280659121 0
      vertex 7.990369453344394 6.196034280659121 2
      vertex 7.978353019929562 6.293460948910724 0
    endloop
  endfacet
  facet normal -0.9852776423889408 -0.1709618887603047 0
    outer loop
      vertex 7.978353019929562 6.293460948910724 0
      vertex 7.978353019929562 6.293460948910724 2
      vertex 7.961570560806461 6.390180644032257 0
    endloop
  endfacet
  facet normal -0.975702130038529 -0.21910124015686763 0
    outer loop
      vertex 7.940062506389088 6.485960359806528 0
      vertex 7.961570560806461 6.390180644032257 0
      vertex 7.961570560806461 6.390180644032257 2
    endloop
  endfacet
  facet normal -0.4496113296546113 0.8932243011955129 0
    outer loop
      vertex 6.855110186860564 4.192021413753113 2
      vertex 6.942793473651995 4.23615747130329 2
      vertex 6.942793473651995 4.23615747130329 0
    endloop
  endfacet
  facet normal -0.4928981922297815 0.8700869911087129 0
    outer loop
      vertex 7.028205488386444 4.284542779999456 0
      vertex 6.942793473651995 4.23615747130329 2
      vertex 7.028205488386444 4.284542779999456 2
    endloop
  endfacet
  facet normal -0.5349976198870959 0.8448535652497078 0
    outer loop
      vertex 7.111140466039204 4.337060775394909 0
      vertex 7.028205488386444 4.284542779999456 2
      vertex 7.111140466039204 4.337060775394909 2
    endloop
  endfacet
  facet normal -0.5758081914178483 0.8175848131515815 0
    outer loop
      vertex 7.1913986089848665 4.39358493703871 0
      vertex 7.111140466039204 4.337060775394909 2
      vertex 7.1913986089848665 4.39358493703871 2
    endloop
  endfacet
  facet normal -0.6152315905806238 0.7883464276266087 0
    outer loop
      vertex 7.268786568327291 4.453979093274526 0
      vertex 7.1913986089848665 4.39358493703871 2
      vertex 7.268786568327291 4.453979093274526 2
    endloop
  endfacet
  facet normal -0.6531728429537761 0.7572088465064851 0
    outer loop
      vertex 7.343117909694037 4.518097749290082 0
      vertex 7.268786568327291 4.453979093274526 2
      vertex 7.343117909694037 4.518097749290082 2
    endloop
  endfacet
  facet normal -0.6895405447370699 0.724247082951464 0
    outer loop
      vertex 7.414213562373095 4.585786437626905 0
      vertex 7.343117909694037 4.518097749290082 2
      vertex 7.414213562373095 4.585786437626905 2
    endloop
  endfacet
  facet normal -0.724247082951464 0.6895405447370699 0
    outer loop
      vertex 7.481902250709918 4.656882090305963 0
      vertex 7.414213562373095 4.585786437626905 2
      vertex 7.481902250709918 4.656882090305963 2
    endloop
  endfacet
  facet normal -0.7572088465064851 0.6531728429537761 0
    outer loop
      vertex 7.546020906725474 4.731213431672709 0
      vertex 7.481902250709918 4.656882090305963 2
      vertex 7.546020906725474 4.731213431672709 2
    endloop
  endfacet
  facet normal -0.7883464276266087 0.6152315905806238 0
    outer loop
      vertex 7.60641506296129 4.8086013910151335 0
      vertex 7.546020906725474 4.731213431672709 2
      vertex 7.60641506296129 4.8086013910151335 2
    endloop
  endfacet
  facet normal -0.8175848131515815 0.5758081914178483 0
    outer loop
      vertex 7.662939224605091 4.888859533960796 0
      vertex 7.60641506296129 4.8086013910151335 2
      vertex 7.662939224605091 4.888859533960796 2
    endloop
  endfacet
  facet normal -0.8448535652497078 0.5349976198870959 0
    outer loop
      vertex 7.715457220000544 4.971794511613556 0
      vertex 7.662939224605091 4.888859533960796 2
      vertex 7.715457220000544 4.971794511613556 2
    endloop
  endfacet
  facet normal -0.8448535652497078 -0.5349976198870959 0
    outer loop
      vertex 7.715457220000544 7.028205488386444 2
      vertex 7.662939224605091 7.111140466039204 2
      vertex 7.662939224605091 7.111140466039204 0
    endloop
  endfacet
  facet normal -0.8700869911087129 -0.4928981922297815 0
    outer loop
      vertex 7.715457220000544 7.028205488386444 0
      vertex 7.76384252869671 6.942793473651995 2
      vertex 7.715457220000544 7.028205488386444 2
    endloop
  endfacet
  facet normal -0.8700869911087129 0.4928981922297815 0
    outer loop
      vertex 7.76384252869671 5.057206526348005 0
      vertex 7.715457220000544 4.971794511613556 2
      vertex 7.76384252869671 5.057206526348005 2
    endloop
  endfacet
  facet normal -0.8932243011955129 0.4496113296546113 0
    outer loop
      vertex 7.807978586246887 5.144889813139436 0
      vertex 7.76384252869671 5.057206526348005 2
      vertex 7.807978586246887 5.144889813139436 2
    endloop
  endfacet
  facet normal -0.9142097557035306 0.40524131400499025 0
    outer loop
      vertex 7.847759065022574 5.234633135269821 0
      vertex 7.807978586246887 5.144889813139436 2
      vertex 7.847759065022574 5.234633135269821 2
    endloop
  endfacet
  facet normal -0.9329927988347401 0.3598950365349853 0
    outer loop
      vertex 7.883088130366041 5.32622029321556 0
      vertex 7.847759065022574 5.234633135269821 2
      vertex 7.883088130366041 5.32622029321556 2
    endloop
  endfacet
  facet normal -0.9495281805930378 0.31368174039888796 0
    outer loop
      vertex 7.913880671464417 5.419430645491075 0
      vertex 7.883088130366041 5.32622029321556 2
      vertex 7.913880671464417 5.419430645491075 2
    endloop
  endfacet
  facet normal -0.9637760657954378 0.2667127574749052 0
    outer loop
      vertex 7.940062506389088 5.514039640193472 0
      vertex 7.913880671464417 5.419430645491075 2
      vertex 7.940062506389088 5.514039640193472 2
    endloop
  endfacet
  facet normal -0.975702130038529 0.21910124015686763 0
    outer loop
      vertex 7.961570560806461 5.609819355967743 0
      vertex 7.940062506389088 5.514039640193472 2
      vertex 7.961570560806461 5.609819355967743 2
    endloop
  endfacet
  facet normal -0.9852776423889408 0.1709618887603047 0
    outer loop
      vertex 7.978353019929562 5.706539051089276 0
      vertex 7.961570560806461 5.609819355967743 2
      vertex 7.978353019929562 5.706539051089276 2
    endloop
  endfacet
  facet normal -0.9924795345987097 0.12241067519921764 0
    outer loop
      vertex 7.990369453344394 5.803965719340879 0
      vertex 7.978353019929562 5.706539051089276 2
      vertex 7.990369453344394 5.803965719340879 2
    endloop
  endfacet
  facet normal -0.9972904566786902 0.07356456359966684 0
    outer loop
      vertex 7.997590912410345 5.901864651345164 0
      vertex 7.990369453344394 5.803965719340879 2
      vertex 7.997590912410345 5.901864651345164 2
    endloop
  endfacet
  facet normal -0.9996988186962044 0.024541228522907587 0
    outer loop
      vertex 8 6 0
      vertex 7.997590912410345 5.901864651345164 2
      vertex 8 6 2
    endloop
  endfacet
  facet normal -0.9996988186962044 -0.024541228522907587 0
    outer loop
      vertex 7.997590912410345 6.098135348654836 0
      vertex 8 6 2
      vertex 7.997590912410345 6.098135348654836 2
    endloop
  endfacet
  facet normal -0.9972904566786902 -0.07356456359966684 0
    outer loop
      vertex 7.990369453344394 6.196034280659121 0
      vertex 7.997590912410345 6.098135348654836 2
      vertex 7.990369453344394 6.196034280659121 2
    endloop
  endfacet
  facet normal -0.9495281805930378 -0.31368174039888796 0
    outer loop
      vertex 7.883088130366041 6.67377970678444 0
      vertex 7.913880671464417 6.580569354508925 2
      vertex 7.883088130366041 6.67377970678444 2
    endloop
  endfacet
  facet normal -0.975702130038529 -0.21910124015686763 0
    outer loop
      vertex 7.940062506389088 6.485960359806528 0
      vertex 7.961570560806461 6.390180644032257 2
      vertex 7.940062506389088 6.485960359806528 2
    endloop
  endfacet
  facet normal -0.9637760657954378 -0.2667127574749052 0
    outer loop
      vertex 7.913880671464417 6.580569354508925 0
      vertex 7.940062506389088 6.485960359806528 2
      vertex 7.913880671464417 6.580569354508925 2
    endloop
  endfacet
  facet normal -0.9142097557035306 -0.40524131400499025 0
    outer loop
      vertex 7.807978586246887 6.855110186860564 0
      vertex 7.847759065022574 6.765366864730179 2
      vertex 7.807978586246887 6.855110186860564 2
    endloop
  endfacet
  facet normal -0.8932243011955129 -0.4496113296546113 0
    outer loop
      vertex 7.76384252869671 6.942793473651995 0
      vertex 7.807978586246887 6.855110186860564 2
      vertex 7.76384252869671 6.942793473651995 2
    endloop
  endfacet
  facet normal -0.9329927988347401 -0.3598950365349853 0
    outer loop
      vertex 7.847759065022574 6.765366864730179 0
      vertex 7.883088130366041 6.67377970678444 2
      vertex 7.847759065022574 6.765366864730179 2
    endloop
  endfacet
  facet normal -0.9924795345987097 -0.12241067519921764 0
    outer loop
      vertex 7.978353019929562 6.293460948910724 0
      vertex 7.990369453344394 6.196034280659121 2
      vertex 7.978353019929562 6.293460948910724 2
    endloop
  endfacet
  facet normal -0.9852776423889408 -0.1709618887603047 0
    outer loop
      vertex 7.961570560806461 6.390180644032257 0
      vertex 7.978353019929562 6.293460948910724 2
      vertex 7.961570560806461 6.390180644032257 2
    endloop
  endfacet
  facet normal -0.4496113296546113 -0.8932243011955129 0
    outer loop
      vertex 6.855110186860564 7.807978586246887 0
      vertex 6.942793473651995 7.76384252869671 0
      vertex 6.942793473651995 7.76384252869671 2
    endloop
  endfacet
  facet normal -0.4928981922297815 -0.8700869911087129 0
    outer loop
      vertex 6.942793473651995 7.76384252869671 0
      vertex 7.028205488386444 7.715457220000544 0
      vertex 7.028205488386444 7.715457220000544 2
    endloop
  endfacet
  facet normal -0.5349976198870959 -0.8448535652497078 0
    outer loop
      vertex 7.028205488386444 7.715457220000544 0
      vertex 7.111140466039204 7.662939224605091 0
      vertex 7.111140466039204 7.662939224605091 2
    endloop
  endfacet
  facet normal -0.5758081914178483 -0.8175848131515815 0
    outer loop
      vertex 7.111140466039204 7.662939224605091 0
      vertex 7.1913986089848665 7.60641506296129 0
      vertex 7.1913986089848665 7.60641506296129 2
    endloop
  endfacet
  facet normal -0.6152315905806238 -0.7883464276266087 0
    outer loop
      vertex 7.1913986089848665 7.60641506296129 0
      vertex 7.268786568327291 7.546020906725474 0
      vertex 7.268786568327291 7.546020906725474 2
    endloop
  endfacet
  facet normal -0.6531728429537761 -0.7572088465064851 0
    outer loop
      vertex 7.268786568327291 7.546020906725474 0
      vertex 7.343117909694037 7.481902250709918 0
      vertex 7.343117909694037 7.481902250709918 2
    endloop
  endfacet
  facet normal -0.6895405447370699 -0.724247082951464 0
    outer loop
      vertex 7.343117909694037 7.481902250709918 0
      vertex 7.414213562373095 7.414213562373095 0
      vertex 7.414213562373095 7.414213562373095 2
    endloop
  endfacet
  facet normal -0.724247082951464 -0.6895405447370699 0
    outer loop
      vertex 7.414213562373095 7.414213562373095 0
      vertex 7.481902250709918 7.343117909694037 0
      vertex 7.481902250709918 7.343117909694037 2
    endloop
  endfacet
  facet normal -0.7572088465064851 -0.6531728429537761 0
    outer loop
      vertex 7.481902250709918 7.343117909694037 0
      vertex 7.546020906725474 7.268786568327291 0
      vertex 7.546020906725474 7.268786568327291 2
    endloop
  endfacet
  facet normal -0.7883464276266087 -0.6152315905806238 0
    outer loop
      vertex 7.546020906725474 7.268786568327291 0
      vertex 7.60641506296129 7.1913986089848665 0
      vertex 7.60641506296129 7.1913986089848665 2
    endloop
  endfacet
  facet normal -0.8175848131515815 -0.5758081914178483 0
    outer loop
      vertex 7.60641506296129 7.1913986089848665 0
      vertex 7.662939224605091 7.111140466039204 0
      vertex 7.662939224605091 7.111140466039204 2
    endloop
  endfacet
  facet normal -0.4928981922297815 -0.8700869911087129 0
    outer loop
      vertex 6.942793473651995 7.76384252869671 0
      vertex 7.028205488386444 7.715457220000544 2
      vertex 6.942793473651995 7.76384252869671 2
    endloop
  endfacet
  facet normal -0.4496113296546113 -0.8932243011955129 0
    outer loop
      vertex 6.855110186860564 7.807978586246887 0
      vertex 6.942793473651995 7.76384252869671 2
      vertex 6.855110186860564 7.807978586246887 2
    endloop
  endfacet
  facet normal -0.5349976198870959 -0.8448535652497078 0
    outer loop
      vertex 7.028205488386444 7.715457220000544 0
      vertex 7.111140466039204 7.662939224605091 2
      vertex 7.028205488386444 7.715457220000544 2
    endloop
  endfacet
  facet normal -0.6531728429537761 -0.7572088465064851 0
    outer loop
      vertex 7.268786568327291 7.546020906725474 0
      vertex 7.343117909694037 7.481902250709918 2
      vertex 7.268786568327291 7.546020906725474 2
    endloop
  endfacet
  facet normal -0.5758081914178483 -0.8175848131515815 0
    outer loop
      vertex 7.111140466039204 7.662939224605091 0
      vertex 7.1913986089848665 7.60641506296129 2
      vertex 7.111140466039204 7.662939224605091 2
    endloop
  endfacet
  facet normal -0.6152315905806238 -0.7883464276266087 0
    outer loop
      vertex 7.1913986089848665 7.60641506296129 0
      vertex 7.268786568327291 7.546020906725474 2
      vertex 7.1913986089848665 7.60641506296129 2
    endloop
  endfacet
  facet normal -0.6895405447370699 -0.724247082951464 0
    outer loop
      vertex 7.343117909694037 7.481902250709918 0
      vertex 7.414213562373095 7.414213562373095 2
      vertex 7.343117909694037 7.481902250709918 2
    endloop
  endfacet
  facet normal -0.724247082951464 -0.6895405447370699 0
    outer loop
      vertex 7.414213562373095 7.414213562373095 0
      vertex 7.481902250709918 7.343117909694037 2
      vertex 7.414213562373095 7.414213562373095 2
    endloop
  endfacet
  facet normal -0.7572088465064851 -0.6531728429537761 0
    outer loop
      vertex 7.481902250709918 7.343117909694037 0
      vertex 7.546020906725474 7.268786568327291 2
      vertex 7.481902250709918 7.343117909694037 2
    endloop
  endfacet
  facet normal -0.7883464276266087 -0.6152315905806238 0
    outer loop
      vertex 7.546020906725474 7.268786568327291 0
      vertex 7.60641506296129 7.1913986089848665 2
      vertex 7.546020906725474 7.268786568327291 2
    endloop
  endfacet
  facet normal -0.8175848131515815 -0.5758081914178483 0
    outer loop
      vertex 7.60641506296129 7.1913986089848665 0
      vertex 7.662939224605091 7.111140466039204 2
      vertex 7.60641506296129 7.1913986089848665 2
    endloop
  endfacet
  facet normal 0.8700869911087253 0.4928981922297593 0
    outer loop
      vertex 47.23615747130329 83.05720652634801 0
      vertex 47.23615747130329 83.05720652634801 2
      vertex 47.284542779999455 82.97179451161355 0
    endloop
  endfacet
  facet normal 0.8932243011954891 0.4496113296546586 0
    outer loop
      vertex 47.19202141375311 83.14488981313943 0
      vertex 47.19202141375311 83.14488981313943 2
      vertex 47.23615747130329 83.05720652634801 0
    endloop
  endfacet
  facet normal 0.9142097557035531 0.405241314004939 0
    outer loop
      vertex 47.15224093497743 83.23463313526982 0
      vertex 47.15224093497743 83.23463313526982 2
      vertex 47.19202141375311 83.14488981313943 0
    endloop
  endfacet
  facet normal 0.9757021300385246 0.21910124015688678 0
    outer loop
      vertex 47.038429439193536 83.60981935596774 0
      vertex 47.038429439193536 83.60981935596774 2
      vertex 47.05993749361091 83.51403964019347 0
    endloop
  endfacet
  facet normal 0.9852776423889446 0.1709618887602825 0
    outer loop
      vertex 47.038429439193536 83.60981935596774 0
      vertex 47.021646980070436 83.70653905108928 0
      vertex 47.021646980070436 83.70653905108928 2
    endloop
  endfacet
  facet normal 0.9924795345987139 0.12241067519918529 0
    outer loop
      vertex 47.021646980070436 83.70653905108928 0
      vertex 47.00963054665561 83.80396571934088 0
      vertex 47.00963054665561 83.80396571934088 2
    endloop
  endfacet
  facet normal 0.9972904566786888 0.07356456359968551 0
    outer loop
      vertex 47.00963054665561 83.80396571934088 0
      vertex 47.002409087589655 83.90186465134516 0
      vertex 47.002409087589655 83.90186465134516 2
    endloop
  endfacet
  facet normal 0.9996988186962044 0.024541228522907587 0
    outer loop
      vertex 47.002409087589655 83.90186465134516 0
      vertex 47 84 0
      vertex 47 84 2
    endloop
  endfacet
  facet normal 0.9996988186962044 -0.024541228522907587 0
    outer loop
      vertex 47 84 0
      vertex 47.002409087589655 84.09813534865484 0
      vertex 47.002409087589655 84.09813534865484 2
    endloop
  endfacet
  facet normal 0.9972904566786888 -0.07356456359968551 0
    outer loop
      vertex 47.002409087589655 84.09813534865484 0
      vertex 47.00963054665561 84.19603428065912 0
      vertex 47.00963054665561 84.19603428065912 2
    endloop
  endfacet
  facet normal 0.9495281805930342 0.31368174039889896 0
    outer loop
      vertex 47.08611932853558 83.41943064549108 0
      vertex 47.08611932853558 83.41943064549108 2
      vertex 47.11691186963396 83.32622029321556 0
    endloop
  endfacet
  facet normal 0.9637760657954386 0.26671275747490286 0
    outer loop
      vertex 47.08611932853558 83.41943064549108 0
      vertex 47.05993749361091 83.51403964019347 0
      vertex 47.05993749361091 83.51403964019347 2
    endloop
  endfacet
  facet normal 0.932992798834737 0.3598950365349931 0
    outer loop
      vertex 47.15224093497743 83.23463313526982 0
      vertex 47.11691186963396 83.32622029321556 0
      vertex 47.11691186963396 83.32622029321556 2
    endloop
  endfacet
  facet normal 0.9924795345987139 -0.12241067519918529 0
    outer loop
      vertex 47.00963054665561 84.19603428065912 0
      vertex 47.021646980070436 84.29346094891072 0
      vertex 47.021646980070436 84.29346094891072 2
    endloop
  endfacet
  facet normal 0.9852776423889446 -0.1709618887602825 0
    outer loop
      vertex 47.021646980070436 84.29346094891072 0
      vertex 47.038429439193536 84.39018064403226 0
      vertex 47.038429439193536 84.39018064403226 2
    endloop
  endfacet
  facet normal 0.9757021300385246 -0.21910124015688678 0
    outer loop
      vertex 47.038429439193536 84.39018064403226 0
      vertex 47.05993749361091 84.48596035980653 0
      vertex 47.05993749361091 84.48596035980653 2
    endloop
  endfacet
  facet normal 0.9637760657954386 -0.26671275747490286 0
    outer loop
      vertex 47.05993749361091 84.48596035980653 0
      vertex 47.08611932853558 84.58056935450892 0
      vertex 47.08611932853558 84.58056935450892 2
    endloop
  endfacet
  facet normal 0.9495281805930342 -0.31368174039889896 0
    outer loop
      vertex 47.08611932853558 84.58056935450892 0
      vertex 47.11691186963396 84.67377970678444 0
      vertex 47.11691186963396 84.67377970678444 2
    endloop
  endfacet
  facet normal 0.932992798834737 -0.3598950365349931 0
    outer loop
      vertex 47.11691186963396 84.67377970678444 0
      vertex 47.15224093497743 84.76536686473018 0
      vertex 47.15224093497743 84.76536686473018 2
    endloop
  endfacet
  facet normal 0.9142097557035531 -0.405241314004939 0
    outer loop
      vertex 47.15224093497743 84.76536686473018 0
      vertex 47.19202141375311 84.85511018686057 0
      vertex 47.19202141375311 84.85511018686057 2
    endloop
  endfacet
  facet normal 0.8932243011954891 -0.4496113296546586 0
    outer loop
      vertex 47.19202141375311 84.85511018686057 0
      vertex 47.23615747130329 84.94279347365199 0
      vertex 47.23615747130329 84.94279347365199 2
    endloop
  endfacet
  facet normal 0.7883464276265778 0.6152315905806633 0
    outer loop
      vertex 47.39358493703871 82.80860139101513 0
      vertex 47.39358493703871 82.80860139101513 2
      vertex 47.453979093274526 82.73121343167271 0
    endloop
  endfacet
  facet normal 0.7572088465064595 0.6531728429538057 0
    outer loop
      vertex 47.453979093274526 82.73121343167271 0
      vertex 47.453979093274526 82.73121343167271 2
      vertex 47.518097749290085 82.65688209030597 0
    endloop
  endfacet
  facet normal 0.8448535652496841 0.5349976198871335 0
    outer loop
      vertex 47.284542779999455 82.97179451161355 0
      vertex 47.284542779999455 82.97179451161355 2
      vertex 47.33706077539491 82.8888595339608 0
    endloop
  endfacet
  facet normal 0.8175848131516008 0.575808191417821 0
    outer loop
      vertex 47.39358493703871 82.80860139101513 0
      vertex 47.33706077539491 82.8888595339608 0
      vertex 47.33706077539491 82.8888595339608 2
    endloop
  endfacet
  facet normal 0.72424708295149 0.6895405447370426 0
    outer loop
      vertex 47.58578643762691 82.58578643762691 0
      vertex 47.518097749290085 82.65688209030597 0
      vertex 47.518097749290085 82.65688209030597 2
    endloop
  endfacet
  facet normal 0.6895405447371168 0.7242470829514195 0
    outer loop
      vertex 47.58578643762691 82.58578643762691 0
      vertex 47.58578643762691 82.58578643762691 2
      vertex 47.65688209030596 82.51809774929008 0
    endloop
  endfacet
  facet normal 0.6531728429537643 0.7572088465064953 0
    outer loop
      vertex 47.65688209030596 82.51809774929008 0
      vertex 47.65688209030596 82.51809774929008 2
      vertex 47.73121343167271 82.45397909327453 0
    endloop
  endfacet
  facet normal 0.5758081914178694 0.8175848131515667 0
    outer loop
      vertex 47.8888595339608 82.3370607753949 0
      vertex 47.80860139101513 82.39358493703871 0
      vertex 47.80860139101513 82.39358493703871 2
    endloop
  endfacet
  facet normal 0.534997619887049 0.8448535652497375 0
    outer loop
      vertex 47.8888595339608 82.3370607753949 0
      vertex 47.8888595339608 82.3370607753949 2
      vertex 47.97179451161356 82.28454277999946 0
    endloop
  endfacet
  facet normal 0.49289819222982145 0.8700869911086903 0
    outer loop
      vertex 47.97179451161356 82.28454277999946 0
      vertex 47.97179451161356 82.28454277999946 2
      vertex 48.057206526348004 82.23615747130329 0
    endloop
  endfacet
  facet normal 0.4496113296546005 0.8932243011955184 0
    outer loop
      vertex 48.057206526348004 82.23615747130329 0
      vertex 48.057206526348004 82.23615747130329 2
      vertex 48.144889813139436 82.19202141375311 0
    endloop
  endfacet
  facet normal 0.6152315905806283 0.7883464276266053 0
    outer loop
      vertex 47.73121343167271 82.45397909327453 0
      vertex 47.73121343167271 82.45397909327453 2
      vertex 47.80860139101513 82.39358493703871 0
    endloop
  endfacet
  facet normal 0.8700869911087253 -0.4928981922297593 0
    outer loop
      vertex 47.23615747130329 84.94279347365199 0
      vertex 47.284542779999455 85.02820548838645 0
      vertex 47.284542779999455 85.02820548838645 2
    endloop
  endfacet
  facet normal 0.932992798834737 0.3598950365349931 0
    outer loop
      vertex 47.15224093497743 83.23463313526982 0
      vertex 47.11691186963396 83.32622029321556 2
      vertex 47.15224093497743 83.23463313526982 2
    endloop
  endfacet
  facet normal 0.9142097557035531 0.405241314004939 0
    outer loop
      vertex 47.19202141375311 83.14488981313943 0
      vertex 47.15224093497743 83.23463313526982 2
      vertex 47.19202141375311 83.14488981313943 2
    endloop
  endfacet
  facet normal 0.8932243011954891 0.4496113296546586 0
    outer loop
      vertex 47.23615747130329 83.05720652634801 0
      vertex 47.19202141375311 83.14488981313943 2
      vertex 47.23615747130329 83.05720652634801 2
    endloop
  endfacet
  facet normal 0.9852776423889446 0.1709618887602825 0
    outer loop
      vertex 47.038429439193536 83.60981935596774 0
      vertex 47.021646980070436 83.70653905108928 2
      vertex 47.038429439193536 83.60981935596774 2
    endloop
  endfacet
  facet normal 0.9924795345987139 0.12241067519918529 0
    outer loop
      vertex 47.021646980070436 83.70653905108928 0
      vertex 47.00963054665561 83.80396571934088 2
      vertex 47.021646980070436 83.70653905108928 2
    endloop
  endfacet
  facet normal 0.9972904566786888 0.07356456359968551 0
    outer loop
      vertex 47.00963054665561 83.80396571934088 0
      vertex 47.002409087589655 83.90186465134516 2
      vertex 47.00963054665561 83.80396571934088 2
    endloop
  endfacet
  facet normal 0.9996988186962044 0.024541228522907587 0
    outer loop
      vertex 47.002409087589655 83.90186465134516 0
      vertex 47 84 2
      vertex 47.002409087589655 83.90186465134516 2
    endloop
  endfacet
  facet normal 0.9996988186962044 -0.024541228522907587 0
    outer loop
      vertex 47 84 0
      vertex 47.002409087589655 84.09813534865484 2
      vertex 47 84 2
    endloop
  endfacet
  facet normal 0.9972904566786888 -0.07356456359968551 0
    outer loop
      vertex 47.002409087589655 84.09813534865484 0
      vertex 47.00963054665561 84.19603428065912 2
      vertex 47.002409087589655 84.09813534865484 2
    endloop
  endfacet
  facet normal 0.9637760657954386 0.26671275747490286 0
    outer loop
      vertex 47.08611932853558 83.41943064549108 0
      vertex 47.05993749361091 83.51403964019347 2
      vertex 47.08611932853558 83.41943064549108 2
    endloop
  endfacet
  facet normal 0.9495281805930342 0.31368174039889896 0
    outer loop
      vertex 47.11691186963396 83.32622029321556 0
      vertex 47.08611932853558 83.41943064549108 2
      vertex 47.11691186963396 83.32622029321556 2
    endloop
  endfacet
  facet normal 0.9757021300385246 0.21910124015688678 0
    outer loop
      vertex 47.05993749361091 83.51403964019347 0
      vertex 47.038429439193536 83.60981935596774 2
      vertex 47.05993749361091 83.51403964019347 2
    endloop
  endfacet
  facet normal 0.9924795345987139 -0.12241067519918529 0
    outer loop
      vertex 47.00963054665561 84.19603428065912 0
      vertex 47.021646980070436 84.29346094891072 2
      vertex 47.00963054665561 84.19603428065912 2
    endloop
  endfacet
  facet normal 0.9852776423889446 -0.1709618887602825 0
    outer loop
      vertex 47.021646980070436 84.29346094891072 0
      vertex 47.038429439193536 84.39018064403226 2
      vertex 47.021646980070436 84.29346094891072 2
    endloop
  endfacet
  facet normal 0.9757021300385246 -0.21910124015688678 0
    outer loop
      vertex 47.038429439193536 84.39018064403226 0
      vertex 47.05993749361091 84.48596035980653 2
      vertex 47.038429439193536 84.39018064403226 2
    endloop
  endfacet
  facet normal 0.9637760657954386 -0.26671275747490286 0
    outer loop
      vertex 47.05993749361091 84.48596035980653 0
      vertex 47.08611932853558 84.58056935450892 2
      vertex 47.05993749361091 84.48596035980653 2
    endloop
  endfacet
  facet normal 0.9495281805930342 -0.31368174039889896 0
    outer loop
      vertex 47.08611932853558 84.58056935450892 0
      vertex 47.11691186963396 84.67377970678444 2
      vertex 47.08611932853558 84.58056935450892 2
    endloop
  endfacet
  facet normal 0.932992798834737 -0.3598950365349931 0
    outer loop
      vertex 47.11691186963396 84.67377970678444 0
      vertex 47.15224093497743 84.76536686473018 2
      vertex 47.11691186963396 84.67377970678444 2
    endloop
  endfacet
  facet normal 0.9142097557035531 -0.405241314004939 0
    outer loop
      vertex 47.15224093497743 84.76536686473018 0
      vertex 47.19202141375311 84.85511018686057 2
      vertex 47.15224093497743 84.76536686473018 2
    endloop
  endfacet
  facet normal 0.8932243011954891 -0.4496113296546586 0
    outer loop
      vertex 47.19202141375311 84.85511018686057 0
      vertex 47.23615747130329 84.94279347365199 2
      vertex 47.19202141375311 84.85511018686057 2
    endloop
  endfacet
  facet normal 0.8700869911087253 -0.4928981922297593 0
    outer loop
      vertex 47.23615747130329 84.94279347365199 0
      vertex 47.284542779999455 85.02820548838645 2
      vertex 47.23615747130329 84.94279347365199 2
    endloop
  endfacet
  facet normal 0.7883464276265778 0.6152315905806633 0
    outer loop
      vertex 47.453979093274526 82.73121343167271 0
      vertex 47.39358493703871 82.80860139101513 2
      vertex 47.453979093274526 82.73121343167271 2
    endloop
  endfacet
  facet normal 0.8700869911087253 0.4928981922297593 0
    outer loop
      vertex 47.284542779999455 82.97179451161355 0
      vertex 47.23615747130329 83.05720652634801 2
      vertex 47.284542779999455 82.97179451161355 2
    endloop
  endfacet
  facet normal 0.8448535652496841 0.5349976198871335 0
    outer loop
      vertex 47.33706077539491 82.8888595339608 0
      vertex 47.284542779999455 82.97179451161355 2
      vertex 47.33706077539491 82.8888595339608 2
    endloop
  endfacet
  facet normal 0.8175848131516008 0.575808191417821 0
    outer loop
      vertex 47.39358493703871 82.80860139101513 0
      vertex 47.33706077539491 82.8888595339608 2
      vertex 47.39358493703871 82.80860139101513 2
    endloop
  endfacet
  facet normal 0.72424708295149 0.6895405447370426 0
    outer loop
      vertex 47.58578643762691 82.58578643762691 0
      vertex 47.518097749290085 82.65688209030597 2
      vertex 47.58578643762691 82.58578643762691 2
    endloop
  endfacet
  facet normal 0.7572088465064595 0.6531728429538057 0
    outer loop
      vertex 47.518097749290085 82.65688209030597 0
      vertex 47.453979093274526 82.73121343167271 2
      vertex 47.518097749290085 82.65688209030597 2
    endloop
  endfacet
  facet normal 0.6895405447371168 0.7242470829514195 0
    outer loop
      vertex 47.65688209030596 82.51809774929008 0
      vertex 47.58578643762691 82.58578643762691 2
      vertex 47.65688209030596 82.51809774929008 2
    endloop
  endfacet
  facet normal 0.5758081914178694 0.8175848131515667 0
    outer loop
      vertex 47.8888595339608 82.3370607753949 0
      vertex 47.80860139101513 82.39358493703871 2
      vertex 47.8888595339608 82.3370607753949 2
    endloop
  endfacet
  facet normal 0.534997619887049 0.8448535652497375 0
    outer loop
      vertex 47.97179451161356 82.28454277999946 0
      vertex 47.8888595339608 82.3370607753949 2
      vertex 47.97179451161356 82.28454277999946 2
    endloop
  endfacet
  facet normal 0.49289819222982145 0.8700869911086903 0
    outer loop
      vertex 48.057206526348004 82.23615747130329 0
      vertex 47.97179451161356 82.28454277999946 2
      vertex 48.057206526348004 82.23615747130329 2
    endloop
  endfacet
  facet normal 0.4496113296546005 0.8932243011955184 0
    outer loop
      vertex 48.057206526348004 82.23615747130329 2
      vertex 48.144889813139436 82.19202141375311 2
      vertex 48.144889813139436 82.19202141375311 0
    endloop
  endfacet
  facet normal 0.6531728429537643 0.7572088465064953 0
    outer loop
      vertex 47.73121343167271 82.45397909327453 0
      vertex 47.65688209030596 82.51809774929008 2
      vertex 47.73121343167271 82.45397909327453 2
    endloop
  endfacet
  facet normal 0.6152315905806283 0.7883464276266053 0
    outer loop
      vertex 47.80860139101513 82.39358493703871 0
      vertex 47.73121343167271 82.45397909327453 2
      vertex 47.80860139101513 82.39358493703871 2
    endloop
  endfacet
  facet normal 0.4052413140049658 0.9142097557035412 0
    outer loop
      vertex 48.144889813139436 82.19202141375311 0
      vertex 48.144889813139436 82.19202141375311 2
      vertex 48.23463313526982 82.15224093497743 0
    endloop
  endfacet
  facet normal 0.3598950365350318 0.932992798834722 0
    outer loop
      vertex 48.23463313526982 82.15224093497743 0
      vertex 48.23463313526982 82.15224093497743 2
      vertex 48.32622029321556 82.11691186963395 0
    endloop
  endfacet
  facet normal 0.31368174039879 0.9495281805930701 0
    outer loop
      vertex 48.32622029321556 82.11691186963395 0
      vertex 48.32622029321556 82.11691186963395 2
      vertex 48.419430645491076 82.08611932853559 0
    endloop
  endfacet
  facet normal 0.26671275747490286 0.9637760657954386 0
    outer loop
      vertex 48.419430645491076 82.08611932853559 0
      vertex 48.419430645491076 82.08611932853559 2
      vertex 48.514039640193474 82.05993749361092 0
    endloop
  endfacet
  facet normal 0.21910124015695567 0.9757021300385091 0
    outer loop
      vertex 48.514039640193474 82.05993749361092 0
      vertex 48.514039640193474 82.05993749361092 2
      vertex 48.609819355967744 82.03842943919354 0
    endloop
  endfacet
  facet normal 0.17096188876021226 0.9852776423889568 0
    outer loop
      vertex 48.609819355967744 82.03842943919354 0
      vertex 48.609819355967744 82.03842943919354 2
      vertex 48.70653905108928 82.02164698007044 0
    endloop
  endfacet
  facet normal 0.1224106751993279 0.9924795345986963 0
    outer loop
      vertex 48.70653905108928 82.02164698007044 0
      vertex 48.70653905108928 82.02164698007044 2
      vertex 48.80396571934088 82.0096305466556 0
    endloop
  endfacet
  facet normal 0.07356456359961352 0.9972904566786943 0
    outer loop
      vertex 48.80396571934088 82.0096305466556 0
      vertex 48.80396571934088 82.0096305466556 2
      vertex 48.901864651345164 82.00240908758965 0
    endloop
  endfacet
  facet normal 0.024541228522907587 0.9996988186962044 0
    outer loop
      vertex 48.901864651345164 82.00240908758965 0
      vertex 48.901864651345164 82.00240908758965 2
      vertex 49 82 0
    endloop
  endfacet
  facet normal -0.024541228522907587 0.9996988186962044 0
    outer loop
      vertex 49 82 0
      vertex 49 82 2
      vertex 49.098135348654836 82.00240908758965 0
    endloop
  endfacet
  facet normal -0.07356456359961352 0.9972904566786943 0
    outer loop
      vertex 49.098135348654836 82.00240908758965 0
      vertex 49.098135348654836 82.00240908758965 2
      vertex 49.19603428065912 82.0096305466556 0
    endloop
  endfacet
  facet normal -0.1224106751993279 0.9924795345986963 0
    outer loop
      vertex 49.19603428065912 82.0096305466556 0
      vertex 49.19603428065912 82.0096305466556 2
      vertex 49.29346094891072 82.02164698007044 0
    endloop
  endfacet
  facet normal -0.17096188876021226 0.9852776423889568 0
    outer loop
      vertex 49.29346094891072 82.02164698007044 0
      vertex 49.29346094891072 82.02164698007044 2
      vertex 49.390180644032256 82.03842943919354 0
    endloop
  endfacet
  facet normal -0.21910124015695567 0.9757021300385091 0
    outer loop
      vertex 49.390180644032256 82.03842943919354 0
      vertex 49.390180644032256 82.03842943919354 2
      vertex 49.485960359806526 82.05993749361092 0
    endloop
  endfacet
  facet normal -0.26671275747490286 0.9637760657954386 0
    outer loop
      vertex 49.485960359806526 82.05993749361092 0
      vertex 49.485960359806526 82.05993749361092 2
      vertex 49.580569354508924 82.08611932853559 0
    endloop
  endfacet
  facet normal -0.31368174039879 0.9495281805930701 0
    outer loop
      vertex 49.580569354508924 82.08611932853559 0
      vertex 49.580569354508924 82.08611932853559 2
      vertex 49.67377970678444 82.11691186963395 0
    endloop
  endfacet
  facet normal -0.3598950365350318 0.932992798834722 0
    outer loop
      vertex 49.67377970678444 82.11691186963395 0
      vertex 49.67377970678444 82.11691186963395 2
      vertex 49.76536686473018 82.15224093497743 0
    endloop
  endfacet
  facet normal -0.4052413140049658 0.9142097557035412 0
    outer loop
      vertex 49.76536686473018 82.15224093497743 0
      vertex 49.76536686473018 82.15224093497743 2
      vertex 49.855110186860564 82.19202141375311 0
    endloop
  endfacet
  facet normal 0.4052413140049658 0.9142097557035412 0
    outer loop
      vertex 48.23463313526982 82.15224093497743 0
      vertex 48.144889813139436 82.19202141375311 2
      vertex 48.23463313526982 82.15224093497743 2
    endloop
  endfacet
  facet normal 0.3598950365350318 0.932992798834722 0
    outer loop
      vertex 48.32622029321556 82.11691186963395 0
      vertex 48.23463313526982 82.15224093497743 2
      vertex 48.32622029321556 82.11691186963395 2
    endloop
  endfacet
  facet normal 0.31368174039879 0.9495281805930701 0
    outer loop
      vertex 48.419430645491076 82.08611932853559 0
      vertex 48.32622029321556 82.11691186963395 2
      vertex 48.419430645491076 82.08611932853559 2
    endloop
  endfacet
  facet normal 0.26671275747490286 0.9637760657954386 0
    outer loop
      vertex 48.514039640193474 82.05993749361092 0
      vertex 48.419430645491076 82.08611932853559 2
      vertex 48.514039640193474 82.05993749361092 2
    endloop
  endfacet
  facet normal 0.21910124015695567 0.9757021300385091 0
    outer loop
      vertex 48.609819355967744 82.03842943919354 0
      vertex 48.514039640193474 82.05993749361092 2
      vertex 48.609819355967744 82.03842943919354 2
    endloop
  endfacet
  facet normal 0.17096188876021226 0.9852776423889568 0
    outer loop
      vertex 48.70653905108928 82.02164698007044 0
      vertex 48.609819355967744 82.03842943919354 2
      vertex 48.70653905108928 82.02164698007044 2
    endloop
  endfacet
  facet normal 0.1224106751993279 0.9924795345986963 0
    outer loop
      vertex 48.80396571934088 82.0096305466556 0
      vertex 48.70653905108928 82.02164698007044 2
      vertex 48.80396571934088 82.0096305466556 2
    endloop
  endfacet
  facet normal 0.07356456359961352 0.9972904566786943 0
    outer loop
      vertex 48.901864651345164 82.00240908758965 0
      vertex 48.80396571934088 82.0096305466556 2
      vertex 48.901864651345164 82.00240908758965 2
    endloop
  endfacet
  facet normal 0.024541228522907587 0.9996988186962044 0
    outer loop
      vertex 49 82 0
      vertex 48.901864651345164 82.00240908758965 2
      vertex 49 82 2
    endloop
  endfacet
  facet normal -0.024541228522907587 0.9996988186962044 0
    outer loop
      vertex 49.098135348654836 82.00240908758965 0
      vertex 49 82 2
      vertex 49.098135348654836 82.00240908758965 2
    endloop
  endfacet
  facet normal -0.07356456359961352 0.9972904566786943 0
    outer loop
      vertex 49.19603428065912 82.0096305466556 0
      vertex 49.098135348654836 82.00240908758965 2
      vertex 49.19603428065912 82.0096305466556 2
    endloop
  endfacet
  facet normal -0.1224106751993279 0.9924795345986963 0
    outer loop
      vertex 49.29346094891072 82.02164698007044 0
      vertex 49.19603428065912 82.0096305466556 2
      vertex 49.29346094891072 82.02164698007044 2
    endloop
  endfacet
  facet normal -0.17096188876021226 0.9852776423889568 0
    outer loop
      vertex 49.390180644032256 82.03842943919354 0
      vertex 49.29346094891072 82.02164698007044 2
      vertex 49.390180644032256 82.03842943919354 2
    endloop
  endfacet
  facet normal -0.21910124015695567 0.9757021300385091 0
    outer loop
      vertex 49.485960359806526 82.05993749361092 0
      vertex 49.390180644032256 82.03842943919354 2
      vertex 49.485960359806526 82.05993749361092 2
    endloop
  endfacet
  facet normal -0.26671275747490286 0.9637760657954386 0
    outer loop
      vertex 49.580569354508924 82.08611932853559 0
      vertex 49.485960359806526 82.05993749361092 2
      vertex 49.580569354508924 82.08611932853559 2
    endloop
  endfacet
  facet normal -0.31368174039879 0.9495281805930701 0
    outer loop
      vertex 49.67377970678444 82.11691186963395 0
      vertex 49.580569354508924 82.08611932853559 2
      vertex 49.67377970678444 82.11691186963395 2
    endloop
  endfacet
  facet normal -0.3598950365350318 0.932992798834722 0
    outer loop
      vertex 49.76536686473018 82.15224093497743 0
      vertex 49.67377970678444 82.11691186963395 2
      vertex 49.76536686473018 82.15224093497743 2
    endloop
  endfacet
  facet normal -0.4052413140049658 0.9142097557035412 0
    outer loop
      vertex 49.76536686473018 82.15224093497743 2
      vertex 49.855110186860564 82.19202141375311 2
      vertex 49.855110186860564 82.19202141375311 0
    endloop
  endfacet
  facet normal -0.4496113296546005 0.8932243011955184 0
    outer loop
      vertex 49.855110186860564 82.19202141375311 0
      vertex 49.855110186860564 82.19202141375311 2
      vertex 49.942793473651996 82.23615747130329 0
    endloop
  endfacet
  facet normal -0.49289819222982145 0.8700869911086903 0
    outer loop
      vertex 49.942793473651996 82.23615747130329 0
      vertex 49.942793473651996 82.23615747130329 2
      vertex 50.02820548838644 82.28454277999946 0
    endloop
  endfacet
  facet normal -0.534997619887049 0.8448535652497375 0
    outer loop
      vertex 50.02820548838644 82.28454277999946 0
      vertex 50.02820548838644 82.28454277999946 2
      vertex 50.1111404660392 82.3370607753949 0
    endloop
  endfacet
  facet normal -0.5758081914178694 0.8175848131515667 0
    outer loop
      vertex 50.1111404660392 82.3370607753949 0
      vertex 50.1111404660392 82.3370607753949 2
      vertex 50.19139860898487 82.39358493703871 0
    endloop
  endfacet
  facet normal -0.6152315905806283 0.7883464276266053 0
    outer loop
      vertex 50.19139860898487 82.39358493703871 0
      vertex 50.19139860898487 82.39358493703871 2
      vertex 50.26878656832729 82.45397909327453 0
    endloop
  endfacet
  facet normal -0.6531728429537643 0.7572088465064953 0
    outer loop
      vertex 50.26878656832729 82.45397909327453 0
      vertex 50.26878656832729 82.45397909327453 2
      vertex 50.34311790969404 82.51809774929008 0
    endloop
  endfacet
  facet normal -0.6895405447371168 0.7242470829514195 0
    outer loop
      vertex 50.34311790969404 82.51809774929008 0
      vertex 50.34311790969404 82.51809774929008 2
      vertex 50.41421356237309 82.58578643762691 0
    endloop
  endfacet
  facet normal -0.72424708295149 0.6895405447370426 0
    outer loop
      vertex 50.41421356237309 82.58578643762691 0
      vertex 50.41421356237309 82.58578643762691 2
      vertex 50.481902250709915 82.65688209030597 0
    endloop
  endfacet
  facet normal -0.7572088465064595 0.6531728429538057 0
    outer loop
      vertex 50.481902250709915 82.65688209030597 0
      vertex 50.481902250709915 82.65688209030597 2
      vertex 50.546020906725474 82.73121343167271 0
    endloop
  endfacet
  facet normal -0.7883464276265778 0.6152315905806633 0
    outer loop
      vertex 50.546020906725474 82.73121343167271 0
      vertex 50.546020906725474 82.73121343167271 2
      vertex 50.60641506296129 82.80860139101513 0
    endloop
  endfacet
  facet normal -0.8175848131516008 0.575808191417821 0
    outer loop
      vertex 50.60641506296129 82.80860139101513 0
      vertex 50.60641506296129 82.80860139101513 2
      vertex 50.66293922460509 82.8888595339608 0
    endloop
  endfacet
  facet normal -0.8448535652496841 0.5349976198871335 0
    outer loop
      vertex 50.66293922460509 82.8888595339608 0
      vertex 50.66293922460509 82.8888595339608 2
      vertex 50.715457220000545 82.97179451161355 0
    endloop
  endfacet
  facet normal -0.8700869911087253 0.4928981922297593 0
    outer loop
      vertex 50.715457220000545 82.97179451161355 0
      vertex 50.715457220000545 82.97179451161355 2
      vertex 50.76384252869671 83.05720652634801 0
    endloop
  endfacet
  facet normal -0.8932243011954891 0.4496113296546586 0
    outer loop
      vertex 50.76384252869671 83.05720652634801 0
      vertex 50.76384252869671 83.05720652634801 2
      vertex 50.80797858624689 83.14488981313943 0
    endloop
  endfacet
  facet normal -0.9142097557035531 0.405241314004939 0
    outer loop
      vertex 50.80797858624689 83.14488981313943 0
      vertex 50.80797858624689 83.14488981313943 2
      vertex 50.84775906502257 83.23463313526982 0
    endloop
  endfacet
  facet normal -0.932992798834737 0.3598950365349931 0
    outer loop
      vertex 50.84775906502257 83.23463313526982 0
      vertex 50.84775906502257 83.23463313526982 2
      vertex 50.88308813036604 83.32622029321556 0
    endloop
  endfacet
  facet normal -0.9495281805930342 0.31368174039889896 0
    outer loop
      vertex 50.88308813036604 83.32622029321556 0
      vertex 50.88308813036604 83.32622029321556 2
      vertex 50.91388067146442 83.41943064549108 0
    endloop
  endfacet
  facet normal -0.9637760657954386 0.26671275747490286 0
    outer loop
      vertex 50.91388067146442 83.41943064549108 0
      vertex 50.91388067146442 83.41943064549108 2
      vertex 50.94006250638909 83.51403964019347 0
    endloop
  endfacet
  facet normal -0.9757021300385246 0.21910124015688678 0
    outer loop
      vertex 50.94006250638909 83.51403964019347 0
      vertex 50.94006250638909 83.51403964019347 2
      vertex 50.961570560806464 83.60981935596774 0
    endloop
  endfacet
  facet normal -0.9852776423889446 0.1709618887602825 0
    outer loop
      vertex 50.961570560806464 83.60981935596774 0
      vertex 50.961570560806464 83.60981935596774 2
      vertex 50.978353019929564 83.70653905108928 0
    endloop
  endfacet
  facet normal -0.9924795345987139 0.12241067519918529 0
    outer loop
      vertex 50.978353019929564 83.70653905108928 0
      vertex 50.978353019929564 83.70653905108928 2
      vertex 50.99036945334439 83.80396571934088 0
    endloop
  endfacet
  facet normal -0.9972904566786888 0.07356456359968551 0
    outer loop
      vertex 50.99036945334439 83.80396571934088 0
      vertex 50.99036945334439 83.80396571934088 2
      vertex 50.997590912410345 83.90186465134516 0
    endloop
  endfacet
  facet normal -0.9996988186962044 0.024541228522907587 0
    outer loop
      vertex 50.997590912410345 83.90186465134516 0
      vertex 50.997590912410345 83.90186465134516 2
      vertex 51 84 0
    endloop
  endfacet
  facet normal -0.9996988186962044 -0.024541228522907587 0
    outer loop
      vertex 51 84 0
      vertex 51 84 2
      vertex 50.997590912410345 84.09813534865484 0
    endloop
  endfacet
  facet normal -0.9972904566786888 -0.07356456359968551 0
    outer loop
      vertex 50.997590912410345 84.09813534865484 0
      vertex 50.997590912410345 84.09813534865484 2
      vertex 50.99036945334439 84.19603428065912 0
    endloop
  endfacet
  facet normal -0.8700869911087253 -0.4928981922297593 0
    outer loop
      vertex 50.715457220000545 85.02820548838645 0
      vertex 50.76384252869671 84.94279347365199 0
      vertex 50.76384252869671 84.94279347365199 2
    endloop
  endfacet
  facet normal -0.8932243011954891 -0.4496113296546586 0
    outer loop
      vertex 50.80797858624689 84.85511018686057 0
      vertex 50.80797858624689 84.85511018686057 2
      vertex 50.76384252869671 84.94279347365199 0
    endloop
  endfacet
  facet normal -0.9142097557035531 -0.405241314004939 0
    outer loop
      vertex 50.80797858624689 84.85511018686057 0
      vertex 50.84775906502257 84.76536686473018 0
      vertex 50.84775906502257 84.76536686473018 2
    endloop
  endfacet
  facet normal -0.9495281805930342 -0.31368174039889896 0
    outer loop
      vertex 50.91388067146442 84.58056935450892 0
      vertex 50.91388067146442 84.58056935450892 2
      vertex 50.88308813036604 84.67377970678444 0
    endloop
  endfacet
  facet normal -0.932992798834737 -0.3598950365349931 0
    outer loop
      vertex 50.84775906502257 84.76536686473018 0
      vertex 50.88308813036604 84.67377970678444 0
      vertex 50.88308813036604 84.67377970678444 2
    endloop
  endfacet
  facet normal -0.9924795345987139 -0.12241067519918529 0
    outer loop
      vertex 50.99036945334439 84.19603428065912 0
      vertex 50.99036945334439 84.19603428065912 2
      vertex 50.978353019929564 84.29346094891072 0
    endloop
  endfacet
  facet normal -0.9852776423889446 -0.1709618887602825 0
    outer loop
      vertex 50.978353019929564 84.29346094891072 0
      vertex 50.978353019929564 84.29346094891072 2
      vertex 50.961570560806464 84.39018064403226 0
    endloop
  endfacet
  facet normal -0.9757021300385246 -0.21910124015688678 0
    outer loop
      vertex 50.961570560806464 84.39018064403226 0
      vertex 50.961570560806464 84.39018064403226 2
      vertex 50.94006250638909 84.48596035980653 0
    endloop
  endfacet
  facet normal -0.9637760657954386 -0.26671275747490286 0
    outer loop
      vertex 50.91388067146442 84.58056935450892 0
      vertex 50.94006250638909 84.48596035980653 0
      vertex 50.94006250638909 84.48596035980653 2
    endloop
  endfacet
  facet normal -0.4496113296546005 0.8932243011955184 0
    outer loop
      vertex 49.942793473651996 82.23615747130329 0
      vertex 49.855110186860564 82.19202141375311 2
      vertex 49.942793473651996 82.23615747130329 2
    endloop
  endfacet
  facet normal -0.49289819222982145 0.8700869911086903 0
    outer loop
      vertex 50.02820548838644 82.28454277999946 0
      vertex 49.942793473651996 82.23615747130329 2
      vertex 50.02820548838644 82.28454277999946 2
    endloop
  endfacet
  facet normal -0.534997619887049 0.8448535652497375 0
    outer loop
      vertex 50.1111404660392 82.3370607753949 0
      vertex 50.02820548838644 82.28454277999946 2
      vertex 50.1111404660392 82.3370607753949 2
    endloop
  endfacet
  facet normal -0.5758081914178694 0.8175848131515667 0
    outer loop
      vertex 50.19139860898487 82.39358493703871 0
      vertex 50.1111404660392 82.3370607753949 2
      vertex 50.19139860898487 82.39358493703871 2
    endloop
  endfacet
  facet normal -0.6152315905806283 0.7883464276266053 0
    outer loop
      vertex 50.26878656832729 82.45397909327453 0
      vertex 50.19139860898487 82.39358493703871 2
      vertex 50.26878656832729 82.45397909327453 2
    endloop
  endfacet
  facet normal -0.6531728429537643 0.7572088465064953 0
    outer loop
      vertex 50.34311790969404 82.51809774929008 0
      vertex 50.26878656832729 82.45397909327453 2
      vertex 50.34311790969404 82.51809774929008 2
    endloop
  endfacet
  facet normal -0.6895405447371168 0.7242470829514195 0
    outer loop
      vertex 50.41421356237309 82.58578643762691 0
      vertex 50.34311790969404 82.51809774929008 2
      vertex 50.41421356237309 82.58578643762691 2
    endloop
  endfacet
  facet normal -0.72424708295149 0.6895405447370426 0
    outer loop
      vertex 50.481902250709915 82.65688209030597 0
      vertex 50.41421356237309 82.58578643762691 2
      vertex 50.481902250709915 82.65688209030597 2
    endloop
  endfacet
  facet normal -0.7572088465064595 0.6531728429538057 0
    outer loop
      vertex 50.546020906725474 82.73121343167271 0
      vertex 50.481902250709915 82.65688209030597 2
      vertex 50.546020906725474 82.73121343167271 2
    endloop
  endfacet
  facet normal -0.7883464276265778 0.6152315905806633 0
    outer loop
      vertex 50.60641506296129 82.80860139101513 0
      vertex 50.546020906725474 82.73121343167271 2
      vertex 50.60641506296129 82.80860139101513 2
    endloop
  endfacet
  facet normal -0.8175848131516008 0.575808191417821 0
    outer loop
      vertex 50.66293922460509 82.8888595339608 0
      vertex 50.60641506296129 82.80860139101513 2
      vertex 50.66293922460509 82.8888595339608 2
    endloop
  endfacet
  facet normal -0.8448535652496841 0.5349976198871335 0
    outer loop
      vertex 50.715457220000545 82.97179451161355 0
      vertex 50.66293922460509 82.8888595339608 2
      vertex 50.715457220000545 82.97179451161355 2
    endloop
  endfacet
  facet normal -0.8700869911087253 0.4928981922297593 0
    outer loop
      vertex 50.76384252869671 83.05720652634801 0
      vertex 50.715457220000545 82.97179451161355 2
      vertex 50.76384252869671 83.05720652634801 2
    endloop
  endfacet
  facet normal -0.8932243011954891 0.4496113296546586 0
    outer loop
      vertex 50.80797858624689 83.14488981313943 0
      vertex 50.76384252869671 83.05720652634801 2
      vertex 50.80797858624689 83.14488981313943 2
    endloop
  endfacet
  facet normal -0.9142097557035531 0.405241314004939 0
    outer loop
      vertex 50.84775906502257 83.23463313526982 0
      vertex 50.80797858624689 83.14488981313943 2
      vertex 50.84775906502257 83.23463313526982 2
    endloop
  endfacet
  facet normal -0.932992798834737 0.3598950365349931 0
    outer loop
      vertex 50.88308813036604 83.32622029321556 0
      vertex 50.84775906502257 83.23463313526982 2
      vertex 50.88308813036604 83.32622029321556 2
    endloop
  endfacet
  facet normal -0.9495281805930342 0.31368174039889896 0
    outer loop
      vertex 50.91388067146442 83.41943064549108 0
      vertex 50.88308813036604 83.32622029321556 2
      vertex 50.91388067146442 83.41943064549108 2
    endloop
  endfacet
  facet normal -0.9637760657954386 0.26671275747490286 0
    outer loop
      vertex 50.94006250638909 83.51403964019347 0
      vertex 50.91388067146442 83.41943064549108 2
      vertex 50.94006250638909 83.51403964019347 2
    endloop
  endfacet
  facet normal -0.9757021300385246 0.21910124015688678 0
    outer loop
      vertex 50.961570560806464 83.60981935596774 0
      vertex 50.94006250638909 83.51403964019347 2
      vertex 50.961570560806464 83.60981935596774 2
    endloop
  endfacet
  facet normal -0.9852776423889446 0.1709618887602825 0
    outer loop
      vertex 50.978353019929564 83.70653905108928 0
      vertex 50.961570560806464 83.60981935596774 2
      vertex 50.978353019929564 83.70653905108928 2
    endloop
  endfacet
  facet normal -0.9924795345987139 0.12241067519918529 0
    outer loop
      vertex 50.99036945334439 83.80396571934088 0
      vertex 50.978353019929564 83.70653905108928 2
      vertex 50.99036945334439 83.80396571934088 2
    endloop
  endfacet
  facet normal -0.9972904566786888 0.07356456359968551 0
    outer loop
      vertex 50.997590912410345 83.90186465134516 0
      vertex 50.99036945334439 83.80396571934088 2
      vertex 50.997590912410345 83.90186465134516 2
    endloop
  endfacet
  facet normal -0.9996988186962044 0.024541228522907587 0
    outer loop
      vertex 51 84 0
      vertex 50.997590912410345 83.90186465134516 2
      vertex 51 84 2
    endloop
  endfacet
  facet normal -0.9996988186962044 -0.024541228522907587 0
    outer loop
      vertex 50.997590912410345 84.09813534865484 0
      vertex 51 84 2
      vertex 50.997590912410345 84.09813534865484 2
    endloop
  endfacet
  facet normal -0.9972904566786888 -0.07356456359968551 0
    outer loop
      vertex 50.99036945334439 84.19603428065912 0
      vertex 50.997590912410345 84.09813534865484 2
      vertex 50.99036945334439 84.19603428065912 2
    endloop
  endfacet
  facet normal -0.8700869911087253 -0.4928981922297593 0
    outer loop
      vertex 50.715457220000545 85.02820548838645 0
      vertex 50.76384252869671 84.94279347365199 2
      vertex 50.715457220000545 85.02820548838645 2
    endloop
  endfacet
  facet normal -0.8932243011954891 -0.4496113296546586 0
    outer loop
      vertex 50.76384252869671 84.94279347365199 0
      vertex 50.80797858624689 84.85511018686057 2
      vertex 50.76384252869671 84.94279347365199 2
    endloop
  endfacet
  facet normal -0.932992798834737 -0.3598950365349931 0
    outer loop
      vertex 50.84775906502257 84.76536686473018 0
      vertex 50.88308813036604 84.67377970678444 2
      vertex 50.84775906502257 84.76536686473018 2
    endloop
  endfacet
  facet normal -0.9142097557035531 -0.405241314004939 0
    outer loop
      vertex 50.80797858624689 84.85511018686057 0
      vertex 50.84775906502257 84.76536686473018 2
      vertex 50.80797858624689 84.85511018686057 2
    endloop
  endfacet
  facet normal -0.9495281805930342 -0.31368174039889896 0
    outer loop
      vertex 50.88308813036604 84.67377970678444 0
      vertex 50.91388067146442 84.58056935450892 2
      vertex 50.88308813036604 84.67377970678444 2
    endloop
  endfacet
  facet normal -0.9852776423889446 -0.1709618887602825 0
    outer loop
      vertex 50.961570560806464 84.39018064403226 0
      vertex 50.978353019929564 84.29346094891072 2
      vertex 50.961570560806464 84.39018064403226 2
    endloop
  endfacet
  facet normal -0.9924795345987139 -0.12241067519918529 0
    outer loop
      vertex 50.978353019929564 84.29346094891072 0
      vertex 50.99036945334439 84.19603428065912 2
      vertex 50.978353019929564 84.29346094891072 2
    endloop
  endfacet
  facet normal -0.9757021300385246 -0.21910124015688678 0
    outer loop
      vertex 50.94006250638909 84.48596035980653 0
      vertex 50.961570560806464 84.39018064403226 2
      vertex 50.94006250638909 84.48596035980653 2
    endloop
  endfacet
  facet normal -0.9637760657954386 -0.26671275747490286 0
    outer loop
      vertex 50.91388067146442 84.58056935450892 0
      vertex 50.94006250638909 84.48596035980653 2
      vertex 50.91388067146442 84.58056935450892 2
    endloop
  endfacet
  facet normal 0.8448535652496841 -0.5349976198871335 0
    outer loop
      vertex 47.284542779999455 85.02820548838645 0
      vertex 47.33706077539491 85.1111404660392 0
      vertex 47.33706077539491 85.1111404660392 2
    endloop
  endfacet
  facet normal 0.8175848131516008 -0.575808191417821 0
    outer loop
      vertex 47.33706077539491 85.1111404660392 0
      vertex 47.39358493703871 85.19139860898487 0
      vertex 47.39358493703871 85.19139860898487 2
    endloop
  endfacet
  facet normal 0.7883464276265778 -0.6152315905806633 0
    outer loop
      vertex 47.39358493703871 85.19139860898487 0
      vertex 47.453979093274526 85.26878656832729 0
      vertex 47.453979093274526 85.26878656832729 2
    endloop
  endfacet
  facet normal 0.7572088465064595 -0.6531728429538057 0
    outer loop
      vertex 47.453979093274526 85.26878656832729 0
      vertex 47.518097749290085 85.34311790969403 0
      vertex 47.518097749290085 85.34311790969403 2
    endloop
  endfacet
  facet normal 0.72424708295149 -0.6895405447370426 0
    outer loop
      vertex 47.518097749290085 85.34311790969403 0
      vertex 47.58578643762691 85.41421356237309 0
      vertex 47.58578643762691 85.41421356237309 2
    endloop
  endfacet
  facet normal 0.6895405447371168 -0.7242470829514195 0
    outer loop
      vertex 47.58578643762691 85.41421356237309 0
      vertex 47.65688209030596 85.48190225070992 0
      vertex 47.65688209030596 85.48190225070992 2
    endloop
  endfacet
  facet normal 0.6531728429537643 -0.7572088465064953 0
    outer loop
      vertex 47.65688209030596 85.48190225070992 0
      vertex 47.73121343167271 85.54602090672547 0
      vertex 47.73121343167271 85.54602090672547 2
    endloop
  endfacet
  facet normal 0.6152315905806283 -0.7883464276266053 0
    outer loop
      vertex 47.73121343167271 85.54602090672547 0
      vertex 47.80860139101513 85.60641506296129 0
      vertex 47.80860139101513 85.60641506296129 2
    endloop
  endfacet
  facet normal 0.5758081914178694 -0.8175848131515667 0
    outer loop
      vertex 47.80860139101513 85.60641506296129 0
      vertex 47.8888595339608 85.6629392246051 0
      vertex 47.8888595339608 85.6629392246051 2
    endloop
  endfacet
  facet normal 0.534997619887049 -0.8448535652497375 0
    outer loop
      vertex 47.8888595339608 85.6629392246051 0
      vertex 47.97179451161356 85.71545722000054 0
      vertex 47.97179451161356 85.71545722000054 2
    endloop
  endfacet
  facet normal 0.49289819222982145 -0.8700869911086903 0
    outer loop
      vertex 47.97179451161356 85.71545722000054 0
      vertex 48.057206526348004 85.76384252869671 0
      vertex 48.057206526348004 85.76384252869671 2
    endloop
  endfacet
  facet normal 0.4496113296546005 -0.8932243011955184 0
    outer loop
      vertex 48.057206526348004 85.76384252869671 0
      vertex 48.144889813139436 85.80797858624689 0
      vertex 48.144889813139436 85.80797858624689 2
    endloop
  endfacet
  facet normal 0.8448535652496841 -0.5349976198871335 0
    outer loop
      vertex 47.284542779999455 85.02820548838645 0
      vertex 47.33706077539491 85.1111404660392 2
      vertex 47.284542779999455 85.02820548838645 2
    endloop
  endfacet
  facet normal 0.8175848131516008 -0.575808191417821 0
    outer loop
      vertex 47.33706077539491 85.1111404660392 0
      vertex 47.39358493703871 85.19139860898487 2
      vertex 47.33706077539491 85.1111404660392 2
    endloop
  endfacet
  facet normal 0.7883464276265778 -0.6152315905806633 0
    outer loop
      vertex 47.39358493703871 85.19139860898487 0
      vertex 47.453979093274526 85.26878656832729 2
      vertex 47.39358493703871 85.19139860898487 2
    endloop
  endfacet
  facet normal 0.7572088465064595 -0.6531728429538057 0
    outer loop
      vertex 47.453979093274526 85.26878656832729 0
      vertex 47.518097749290085 85.34311790969403 2
      vertex 47.453979093274526 85.26878656832729 2
    endloop
  endfacet
  facet normal 0.72424708295149 -0.6895405447370426 0
    outer loop
      vertex 47.518097749290085 85.34311790969403 0
      vertex 47.58578643762691 85.41421356237309 2
      vertex 47.518097749290085 85.34311790969403 2
    endloop
  endfacet
  facet normal 0.6895405447371168 -0.7242470829514195 0
    outer loop
      vertex 47.58578643762691 85.41421356237309 0
      vertex 47.65688209030596 85.48190225070992 2
      vertex 47.58578643762691 85.41421356237309 2
    endloop
  endfacet
  facet normal 0.6531728429537643 -0.7572088465064953 0
    outer loop
      vertex 47.65688209030596 85.48190225070992 0
      vertex 47.73121343167271 85.54602090672547 2
      vertex 47.65688209030596 85.48190225070992 2
    endloop
  endfacet
  facet normal 0.6152315905806283 -0.7883464276266053 0
    outer loop
      vertex 47.73121343167271 85.54602090672547 0
      vertex 47.80860139101513 85.60641506296129 2
      vertex 47.73121343167271 85.54602090672547 2
    endloop
  endfacet
  facet normal 0.5758081914178694 -0.8175848131515667 0
    outer loop
      vertex 47.80860139101513 85.60641506296129 0
      vertex 47.8888595339608 85.6629392246051 2
      vertex 47.80860139101513 85.60641506296129 2
    endloop
  endfacet
  facet normal 0.534997619887049 -0.8448535652497375 0
    outer loop
      vertex 47.8888595339608 85.6629392246051 0
      vertex 47.97179451161356 85.71545722000054 2
      vertex 47.8888595339608 85.6629392246051 2
    endloop
  endfacet
  facet normal 0.49289819222982145 -0.8700869911086903 0
    outer loop
      vertex 47.97179451161356 85.71545722000054 0
      vertex 48.057206526348004 85.76384252869671 2
      vertex 47.97179451161356 85.71545722000054 2
    endloop
  endfacet
  facet normal 0.4496113296546005 -0.8932243011955184 0
    outer loop
      vertex 48.057206526348004 85.76384252869671 0
      vertex 48.144889813139436 85.80797858624689 2
      vertex 48.057206526348004 85.76384252869671 2
    endloop
  endfacet
  facet normal 0.4052413140049658 -0.9142097557035412 0
    outer loop
      vertex 48.144889813139436 85.80797858624689 0
      vertex 48.23463313526982 85.84775906502257 0
      vertex 48.23463313526982 85.84775906502257 2
    endloop
  endfacet
  facet normal 0.3598950365350318 -0.932992798834722 0
    outer loop
      vertex 48.23463313526982 85.84775906502257 0
      vertex 48.32622029321556 85.88308813036605 0
      vertex 48.32622029321556 85.88308813036605 2
    endloop
  endfacet
  facet normal 0.31368174039879 -0.9495281805930701 0
    outer loop
      vertex 48.32622029321556 85.88308813036605 0
      vertex 48.419430645491076 85.91388067146441 0
      vertex 48.419430645491076 85.91388067146441 2
    endloop
  endfacet
  facet normal 0.26671275747490286 -0.9637760657954386 0
    outer loop
      vertex 48.419430645491076 85.91388067146441 0
      vertex 48.514039640193474 85.94006250638908 0
      vertex 48.514039640193474 85.94006250638908 2
    endloop
  endfacet
  facet normal 0.21910124015695567 -0.9757021300385091 0
    outer loop
      vertex 48.514039640193474 85.94006250638908 0
      vertex 48.609819355967744 85.96157056080646 0
      vertex 48.609819355967744 85.96157056080646 2
    endloop
  endfacet
  facet normal 0.17096188876021226 -0.9852776423889568 0
    outer loop
      vertex 48.609819355967744 85.96157056080646 0
      vertex 48.70653905108928 85.97835301992956 0
      vertex 48.70653905108928 85.97835301992956 2
    endloop
  endfacet
  facet normal 0.1224106751993279 -0.9924795345986963 0
    outer loop
      vertex 48.70653905108928 85.97835301992956 0
      vertex 48.80396571934088 85.9903694533444 0
      vertex 48.80396571934088 85.9903694533444 2
    endloop
  endfacet
  facet normal 0.07356456359961352 -0.9972904566786943 0
    outer loop
      vertex 48.80396571934088 85.9903694533444 0
      vertex 48.901864651345164 85.99759091241035 0
      vertex 48.901864651345164 85.99759091241035 2
    endloop
  endfacet
  facet normal 0.024541228522907587 -0.9996988186962044 0
    outer loop
      vertex 48.901864651345164 85.99759091241035 0
      vertex 49 86 0
      vertex 49 86 2
    endloop
  endfacet
  facet normal -0.024541228522907587 -0.9996988186962044 0
    outer loop
      vertex 49 86 0
      vertex 49.098135348654836 85.99759091241035 0
      vertex 49.098135348654836 85.99759091241035 2
    endloop
  endfacet
  facet normal -0.07356456359961352 -0.9972904566786943 0
    outer loop
      vertex 49.098135348654836 85.99759091241035 0
      vertex 49.19603428065912 85.9903694533444 0
      vertex 49.19603428065912 85.9903694533444 2
    endloop
  endfacet
  facet normal -0.1224106751993279 -0.9924795345986963 0
    outer loop
      vertex 49.19603428065912 85.9903694533444 0
      vertex 49.29346094891072 85.97835301992956 0
      vertex 49.29346094891072 85.97835301992956 2
    endloop
  endfacet
  facet normal -0.17096188876021226 -0.9852776423889568 0
    outer loop
      vertex 49.29346094891072 85.97835301992956 0
      vertex 49.390180644032256 85.96157056080646 0
      vertex 49.390180644032256 85.96157056080646 2
    endloop
  endfacet
  facet normal -0.26671275747490286 -0.9637760657954386 0
    outer loop
      vertex 49.580569354508924 85.91388067146441 0
      vertex 49.580569354508924 85.91388067146441 2
      vertex 49.485960359806526 85.94006250638908 0
    endloop
  endfacet
  facet normal -0.31368174039879 -0.9495281805930701 0
    outer loop
      vertex 49.580569354508924 85.91388067146441 0
      vertex 49.67377970678444 85.88308813036605 0
      vertex 49.67377970678444 85.88308813036605 2
    endloop
  endfacet
  facet normal -0.3598950365350318 -0.932992798834722 0
    outer loop
      vertex 49.67377970678444 85.88308813036605 0
      vertex 49.76536686473018 85.84775906502257 0
      vertex 49.76536686473018 85.84775906502257 2
    endloop
  endfacet
  facet normal -0.4052413140049658 -0.9142097557035412 0
    outer loop
      vertex 49.76536686473018 85.84775906502257 0
      vertex 49.855110186860564 85.80797858624689 0
      vertex 49.855110186860564 85.80797858624689 2
    endloop
  endfacet
  facet normal -0.21910124015695567 -0.9757021300385091 0
    outer loop
      vertex 49.390180644032256 85.96157056080646 0
      vertex 49.485960359806526 85.94006250638908 0
      vertex 49.485960359806526 85.94006250638908 2
    endloop
  endfacet
  facet normal 0.4052413140049658 -0.9142097557035412 0
    outer loop
      vertex 48.144889813139436 85.80797858624689 0
      vertex 48.23463313526982 85.84775906502257 2
      vertex 48.144889813139436 85.80797858624689 2
    endloop
  endfacet
  facet normal 0.3598950365350318 -0.932992798834722 0
    outer loop
      vertex 48.23463313526982 85.84775906502257 0
      vertex 48.32622029321556 85.88308813036605 2
      vertex 48.23463313526982 85.84775906502257 2
    endloop
  endfacet
  facet normal 0.31368174039879 -0.9495281805930701 0
    outer loop
      vertex 48.32622029321556 85.88308813036605 0
      vertex 48.419430645491076 85.91388067146441 2
      vertex 48.32622029321556 85.88308813036605 2
    endloop
  endfacet
  facet normal 0.26671275747490286 -0.9637760657954386 0
    outer loop
      vertex 48.419430645491076 85.91388067146441 0
      vertex 48.514039640193474 85.94006250638908 2
      vertex 48.419430645491076 85.91388067146441 2
    endloop
  endfacet
  facet normal 0.21910124015695567 -0.9757021300385091 0
    outer loop
      vertex 48.514039640193474 85.94006250638908 0
      vertex 48.609819355967744 85.96157056080646 2
      vertex 48.514039640193474 85.94006250638908 2
    endloop
  endfacet
  facet normal 0.17096188876021226 -0.9852776423889568 0
    outer loop
      vertex 48.609819355967744 85.96157056080646 0
      vertex 48.70653905108928 85.97835301992956 2
      vertex 48.609819355967744 85.96157056080646 2
    endloop
  endfacet
  facet normal 0.1224106751993279 -0.9924795345986963 0
    outer loop
      vertex 48.70653905108928 85.97835301992956 0
      vertex 48.80396571934088 85.9903694533444 2
      vertex 48.70653905108928 85.97835301992956 2
    endloop
  endfacet
  facet normal 0.07356456359961352 -0.9972904566786943 0
    outer loop
      vertex 48.80396571934088 85.9903694533444 0
      vertex 48.901864651345164 85.99759091241035 2
      vertex 48.80396571934088 85.9903694533444 2
    endloop
  endfacet
  facet normal 0.024541228522907587 -0.9996988186962044 0
    outer loop
      vertex 48.901864651345164 85.99759091241035 0
      vertex 49 86 2
      vertex 48.901864651345164 85.99759091241035 2
    endloop
  endfacet
  facet normal -0.024541228522907587 -0.9996988186962044 0
    outer loop
      vertex 49 86 0
      vertex 49.098135348654836 85.99759091241035 2
      vertex 49 86 2
    endloop
  endfacet
  facet normal -0.07356456359961352 -0.9972904566786943 0
    outer loop
      vertex 49.098135348654836 85.99759091241035 0
      vertex 49.19603428065912 85.9903694533444 2
      vertex 49.098135348654836 85.99759091241035 2
    endloop
  endfacet
  facet normal -0.1224106751993279 -0.9924795345986963 0
    outer loop
      vertex 49.19603428065912 85.9903694533444 0
      vertex 49.29346094891072 85.97835301992956 2
      vertex 49.19603428065912 85.9903694533444 2
    endloop
  endfacet
  facet normal -0.17096188876021226 -0.9852776423889568 0
    outer loop
      vertex 49.29346094891072 85.97835301992956 0
      vertex 49.390180644032256 85.96157056080646 2
      vertex 49.29346094891072 85.97835301992956 2
    endloop
  endfacet
  facet normal -0.26671275747490286 -0.9637760657954386 0
    outer loop
      vertex 49.485960359806526 85.94006250638908 0
      vertex 49.580569354508924 85.91388067146441 2
      vertex 49.485960359806526 85.94006250638908 2
    endloop
  endfacet
  facet normal -0.31368174039879 -0.9495281805930701 0
    outer loop
      vertex 49.580569354508924 85.91388067146441 0
      vertex 49.67377970678444 85.88308813036605 2
      vertex 49.580569354508924 85.91388067146441 2
    endloop
  endfacet
  facet normal -0.3598950365350318 -0.932992798834722 0
    outer loop
      vertex 49.67377970678444 85.88308813036605 0
      vertex 49.76536686473018 85.84775906502257 2
      vertex 49.67377970678444 85.88308813036605 2
    endloop
  endfacet
  facet normal -0.4052413140049658 -0.9142097557035412 0
    outer loop
      vertex 49.76536686473018 85.84775906502257 0
      vertex 49.855110186860564 85.80797858624689 2
      vertex 49.76536686473018 85.84775906502257 2
    endloop
  endfacet
  facet normal -0.21910124015695567 -0.9757021300385091 0
    outer loop
      vertex 49.390180644032256 85.96157056080646 0
      vertex 49.485960359806526 85.94006250638908 2
      vertex 49.390180644032256 85.96157056080646 2
    endloop
  endfacet
  facet normal -0.4496113296546005 -0.8932243011955184 0
    outer loop
      vertex 49.855110186860564 85.80797858624689 0
      vertex 49.942793473651996 85.76384252869671 0
      vertex 49.942793473651996 85.76384252869671 2
    endloop
  endfacet
  facet normal -0.49289819222982145 -0.8700869911086903 0
    outer loop
      vertex 49.942793473651996 85.76384252869671 0
      vertex 50.02820548838644 85.71545722000054 0
      vertex 50.02820548838644 85.71545722000054 2
    endloop
  endfacet
  facet normal -0.534997619887049 -0.8448535652497375 0
    outer loop
      vertex 50.02820548838644 85.71545722000054 0
      vertex 50.1111404660392 85.6629392246051 0
      vertex 50.1111404660392 85.6629392246051 2
    endloop
  endfacet
  facet normal -0.5758081914178694 -0.8175848131515667 0
    outer loop
      vertex 50.1111404660392 85.6629392246051 0
      vertex 50.19139860898487 85.60641506296129 0
      vertex 50.19139860898487 85.60641506296129 2
    endloop
  endfacet
  facet normal -0.6152315905806283 -0.7883464276266053 0
    outer loop
      vertex 50.19139860898487 85.60641506296129 0
      vertex 50.26878656832729 85.54602090672547 0
      vertex 50.26878656832729 85.54602090672547 2
    endloop
  endfacet
  facet normal -0.6895405447371168 -0.7242470829514195 0
    outer loop
      vertex 50.34311790969404 85.48190225070992 0
      vertex 50.41421356237309 85.41421356237309 0
      vertex 50.41421356237309 85.41421356237309 2
    endloop
  endfacet
  facet normal -0.72424708295149 -0.6895405447370426 0
    outer loop
      vertex 50.41421356237309 85.41421356237309 0
      vertex 50.481902250709915 85.34311790969403 0
      vertex 50.481902250709915 85.34311790969403 2
    endloop
  endfacet
  facet normal -0.6531728429537643 -0.7572088465064953 0
    outer loop
      vertex 50.26878656832729 85.54602090672547 0
      vertex 50.34311790969404 85.48190225070992 0
      vertex 50.34311790969404 85.48190225070992 2
    endloop
  endfacet
  facet normal -0.7883464276265778 -0.6152315905806633 0
    outer loop
      vertex 50.546020906725474 85.26878656832729 0
      vertex 50.60641506296129 85.19139860898487 0
      vertex 50.60641506296129 85.19139860898487 2
    endloop
  endfacet
  facet normal -0.7572088465064595 -0.6531728429538057 0
    outer loop
      vertex 50.481902250709915 85.34311790969403 0
      vertex 50.546020906725474 85.26878656832729 0
      vertex 50.546020906725474 85.26878656832729 2
    endloop
  endfacet
  facet normal -0.8175848131516008 -0.575808191417821 0
    outer loop
      vertex 50.60641506296129 85.19139860898487 0
      vertex 50.66293922460509 85.1111404660392 0
      vertex 50.66293922460509 85.1111404660392 2
    endloop
  endfacet
  facet normal -0.8448535652496841 -0.5349976198871335 0
    outer loop
      vertex 50.715457220000545 85.02820548838645 0
      vertex 50.715457220000545 85.02820548838645 2
      vertex 50.66293922460509 85.1111404660392 0
    endloop
  endfacet
  facet normal -0.4496113296546005 -0.8932243011955184 0
    outer loop
      vertex 49.855110186860564 85.80797858624689 0
      vertex 49.942793473651996 85.76384252869671 2
      vertex 49.855110186860564 85.80797858624689 2
    endloop
  endfacet
  facet normal -0.534997619887049 -0.8448535652497375 0
    outer loop
      vertex 50.02820548838644 85.71545722000054 0
      vertex 50.1111404660392 85.6629392246051 2
      vertex 50.02820548838644 85.71545722000054 2
    endloop
  endfacet
  facet normal -0.49289819222982145 -0.8700869911086903 0
    outer loop
      vertex 49.942793473651996 85.76384252869671 0
      vertex 50.02820548838644 85.71545722000054 2
      vertex 49.942793473651996 85.76384252869671 2
    endloop
  endfacet
  facet normal -0.5758081914178694 -0.8175848131515667 0
    outer loop
      vertex 50.1111404660392 85.6629392246051 0
      vertex 50.19139860898487 85.60641506296129 2
      vertex 50.1111404660392 85.6629392246051 2
    endloop
  endfacet
  facet normal -0.6152315905806283 -0.7883464276266053 0
    outer loop
      vertex 50.19139860898487 85.60641506296129 0
      vertex 50.26878656832729 85.54602090672547 2
      vertex 50.19139860898487 85.60641506296129 2
    endloop
  endfacet
  facet normal -0.6895405447371168 -0.7242470829514195 0
    outer loop
      vertex 50.34311790969404 85.48190225070992 0
      vertex 50.41421356237309 85.41421356237309 2
      vertex 50.34311790969404 85.48190225070992 2
    endloop
  endfacet
  facet normal -0.72424708295149 -0.6895405447370426 0
    outer loop
      vertex 50.41421356237309 85.41421356237309 0
      vertex 50.481902250709915 85.34311790969403 2
      vertex 50.41421356237309 85.41421356237309 2
    endloop
  endfacet
  facet normal -0.6531728429537643 -0.7572088465064953 0
    outer loop
      vertex 50.26878656832729 85.54602090672547 0
      vertex 50.34311790969404 85.48190225070992 2
      vertex 50.26878656832729 85.54602090672547 2
    endloop
  endfacet
  facet normal -0.7883464276265778 -0.6152315905806633 0
    outer loop
      vertex 50.546020906725474 85.26878656832729 0
      vertex 50.60641506296129 85.19139860898487 2
      vertex 50.546020906725474 85.26878656832729 2
    endloop
  endfacet
  facet normal -0.7572088465064595 -0.6531728429538057 0
    outer loop
      vertex 50.481902250709915 85.34311790969403 0
      vertex 50.546020906725474 85.26878656832729 2
      vertex 50.481902250709915 85.34311790969403 2
    endloop
  endfacet
  facet normal -0.8175848131516008 -0.575808191417821 0
    outer loop
      vertex 50.60641506296129 85.19139860898487 0
      vertex 50.66293922460509 85.1111404660392 2
      vertex 50.60641506296129 85.19139860898487 2
    endloop
  endfacet
  facet normal -0.8448535652496841 -0.5349976198871335 0
    outer loop
      vertex 50.715457220000545 85.02820548838645 2
      vertex 50.66293922460509 85.1111404660392 2
      vertex 50.66293922460509 85.1111404660392 0
    endloop
  endfacet
  facet normal 0.9142097557035364 0.4052413140049768 0
    outer loop
      vertex 4.152240934977426 83.23463313526982 0
      vertex 4.152240934977426 83.23463313526982 2
      vertex 4.192021413753113 83.14488981313943 0
    endloop
  endfacet
  facet normal 0.870086991108737 0.49289819222973874 0
    outer loop
      vertex 4.284542779999456 82.97179451161355 0
      vertex 4.23615747130329 83.05720652634801 0
      vertex 4.23615747130329 83.05720652634801 2
    endloop
  endfacet
  facet normal 0.8932243011954855 0.4496113296546658 0
    outer loop
      vertex 4.23615747130329 83.05720652634801 0
      vertex 4.192021413753113 83.14488981313943 0
      vertex 4.192021413753113 83.14488981313943 2
    endloop
  endfacet
  facet normal 0.9637760657954386 0.26671275747490286 0
    outer loop
      vertex 4.059937493610912 83.51403964019347 0
      vertex 4.059937493610912 83.51403964019347 2
      vertex 4.086119328535583 83.41943064549108 0
    endloop
  endfacet
  facet normal 0.9852776423889414 0.17096188876030008 0
    outer loop
      vertex 4.021646980070438 83.70653905108928 0
      vertex 4.021646980070438 83.70653905108928 2
      vertex 4.038429439193539 83.60981935596774 0
    endloop
  endfacet
  facet normal 0.9757021300385285 0.21910124015686955 0
    outer loop
      vertex 4.059937493610912 83.51403964019347 0
      vertex 4.038429439193539 83.60981935596774 0
      vertex 4.038429439193539 83.60981935596774 2
    endloop
  endfacet
  facet normal 0.9924795345987094 0.12241067519922094 0
    outer loop
      vertex 4.021646980070438 83.70653905108928 0
      vertex 4.009630546655606 83.80396571934088 0
      vertex 4.009630546655606 83.80396571934088 2
    endloop
  endfacet
  facet normal 0.9972904566786902 0.07356456359966751 0
    outer loop
      vertex 4.009630546655606 83.80396571934088 0
      vertex 4.002409087589655 83.90186465134516 0
      vertex 4.002409087589655 83.90186465134516 2
    endloop
  endfacet
  facet normal 0.9996988186962044 0.024541228522907587 0
    outer loop
      vertex 4.002409087589655 83.90186465134516 0
      vertex 4 84 0
      vertex 4 84 2
    endloop
  endfacet
  facet normal 0.9996988186962044 -0.024541228522907587 0
    outer loop
      vertex 4 84 0
      vertex 4.002409087589655 84.09813534865484 0
      vertex 4.002409087589655 84.09813534865484 2
    endloop
  endfacet
  facet normal 0.9972904566786902 -0.07356456359966751 0
    outer loop
      vertex 4.002409087589655 84.09813534865484 0
      vertex 4.009630546655606 84.19603428065912 0
      vertex 4.009630546655606 84.19603428065912 2
    endloop
  endfacet
  facet normal 0.9329927988347401 0.3598950365349853 0
    outer loop
      vertex 4.152240934977426 83.23463313526982 0
      vertex 4.116911869633959 83.32622029321556 0
      vertex 4.116911869633959 83.32622029321556 2
    endloop
  endfacet
  facet normal 0.9495281805930422 0.3136817403988745 0
    outer loop
      vertex 4.116911869633959 83.32622029321556 0
      vertex 4.086119328535583 83.41943064549108 0
      vertex 4.086119328535583 83.41943064549108 2
    endloop
  endfacet
  facet normal 0.9924795345987094 -0.12241067519922094 0
    outer loop
      vertex 4.009630546655606 84.19603428065912 0
      vertex 4.021646980070438 84.29346094891072 0
      vertex 4.021646980070438 84.29346094891072 2
    endloop
  endfacet
  facet normal 0.9852776423889414 -0.17096188876030008 0
    outer loop
      vertex 4.021646980070438 84.29346094891072 0
      vertex 4.038429439193539 84.39018064403226 0
      vertex 4.038429439193539 84.39018064403226 2
    endloop
  endfacet
  facet normal 0.9757021300385285 -0.21910124015686955 0
    outer loop
      vertex 4.038429439193539 84.39018064403226 0
      vertex 4.059937493610912 84.48596035980653 0
      vertex 4.059937493610912 84.48596035980653 2
    endloop
  endfacet
  facet normal 0.9637760657954386 -0.26671275747490286 0
    outer loop
      vertex 4.059937493610912 84.48596035980653 0
      vertex 4.086119328535583 84.58056935450892 0
      vertex 4.086119328535583 84.58056935450892 2
    endloop
  endfacet
  facet normal 0.9495281805930422 -0.3136817403988745 0
    outer loop
      vertex 4.086119328535583 84.58056935450892 0
      vertex 4.116911869633959 84.67377970678444 0
      vertex 4.116911869633959 84.67377970678444 2
    endloop
  endfacet
  facet normal 0.9329927988347401 -0.3598950365349853 0
    outer loop
      vertex 4.116911869633959 84.67377970678444 0
      vertex 4.152240934977426 84.76536686473018 0
      vertex 4.152240934977426 84.76536686473018 2
    endloop
  endfacet
  facet normal 0.9142097557035364 -0.4052413140049768 0
    outer loop
      vertex 4.152240934977426 84.76536686473018 0
      vertex 4.192021413753113 84.85511018686057 0
      vertex 4.192021413753113 84.85511018686057 2
    endloop
  endfacet
  facet normal 0.8932243011954855 -0.4496113296546658 0
    outer loop
      vertex 4.192021413753113 84.85511018686057 0
      vertex 4.23615747130329 84.94279347365199 0
      vertex 4.23615747130329 84.94279347365199 2
    endloop
  endfacet
  facet normal 0.870086991108737 -0.49289819222973874 0
    outer loop
      vertex 4.23615747130329 84.94279347365199 0
      vertex 4.284542779999456 85.02820548838645 0
      vertex 4.284542779999456 85.02820548838645 2
    endloop
  endfacet
  facet normal 0.7883464276265778 0.6152315905806633 0
    outer loop
      vertex 4.39358493703871 82.80860139101513 0
      vertex 4.39358493703871 82.80860139101513 2
      vertex 4.453979093274526 82.73121343167271 0
    endloop
  endfacet
  facet normal 0.7572088465064775 0.6531728429537851 0
    outer loop
      vertex 4.453979093274526 82.73121343167271 0
      vertex 4.453979093274526 82.73121343167271 2
      vertex 4.518097749290082 82.65688209030597 0
    endloop
  endfacet
  facet normal 0.8448535652496922 0.5349976198871205 0
    outer loop
      vertex 4.284542779999456 82.97179451161355 0
      vertex 4.284542779999456 82.97179451161355 2
      vertex 4.337060775394909 82.8888595339608 0
    endloop
  endfacet
  facet normal 0.8175848131515966 0.575808191417827 0
    outer loop
      vertex 4.39358493703871 82.80860139101513 0
      vertex 4.337060775394909 82.8888595339608 0
      vertex 4.337060775394909 82.8888595339608 2
    endloop
  endfacet
  facet normal 0.6895405447371032 0.7242470829514324 0
    outer loop
      vertex 4.585786437626905 82.58578643762691 0
      vertex 4.585786437626905 82.58578643762691 2
      vertex 4.656882090305963 82.51809774929008 0
    endloop
  endfacet
  facet normal 0.7242470829514854 0.6895405447370474 0
    outer loop
      vertex 4.585786437626905 82.58578643762691 0
      vertex 4.518097749290082 82.65688209030597 0
      vertex 4.518097749290082 82.65688209030597 2
    endloop
  endfacet
  facet normal 0.6531728429537553 0.757208846506503 0
    outer loop
      vertex 4.656882090305963 82.51809774929008 0
      vertex 4.656882090305963 82.51809774929008 2
      vertex 4.731213431672709 82.45397909327453 0
    endloop
  endfacet
  facet normal 0.5758081914178906 0.8175848131515517 0
    outer loop
      vertex 4.888859533960796 82.3370607753949 0
      vertex 4.8086013910151335 82.39358493703871 0
      vertex 4.8086013910151335 82.39358493703871 2
    endloop
  endfacet
  facet normal 0.5349976198870572 0.8448535652497323 0
    outer loop
      vertex 4.888859533960796 82.3370607753949 0
      vertex 4.888859533960796 82.3370607753949 2
      vertex 4.971794511613556 82.28454277999946 0
    endloop
  endfacet
  facet normal 0.49289819222980197 0.8700869911087012 0
    outer loop
      vertex 4.971794511613556 82.28454277999946 0
      vertex 4.971794511613556 82.28454277999946 2
      vertex 5.057206526348005 82.23615747130329 0
    endloop
  endfacet
  facet normal 0.4496113296546041 0.8932243011955165 0
    outer loop
      vertex 5.057206526348005 82.23615747130329 0
      vertex 5.057206526348005 82.23615747130329 2
      vertex 5.144889813139436 82.19202141375311 0
    endloop
  endfacet
  facet normal 0.6152315905806238 0.7883464276266087 0
    outer loop
      vertex 4.731213431672709 82.45397909327453 0
      vertex 4.731213431672709 82.45397909327453 2
      vertex 4.8086013910151335 82.39358493703871 0
    endloop
  endfacet
  facet normal 0.9142097557035364 0.4052413140049768 0
    outer loop
      vertex 4.192021413753113 83.14488981313943 0
      vertex 4.152240934977426 83.23463313526982 2
      vertex 4.192021413753113 83.14488981313943 2
    endloop
  endfacet
  facet normal 0.9329927988347401 0.3598950365349853 0
    outer loop
      vertex 4.152240934977426 83.23463313526982 0
      vertex 4.116911869633959 83.32622029321556 2
      vertex 4.152240934977426 83.23463313526982 2
    endloop
  endfacet
  facet normal 0.870086991108737 0.49289819222973874 0
    outer loop
      vertex 4.284542779999456 82.97179451161355 0
      vertex 4.23615747130329 83.05720652634801 2
      vertex 4.284542779999456 82.97179451161355 2
    endloop
  endfacet
  facet normal 0.8932243011954855 0.4496113296546658 0
    outer loop
      vertex 4.23615747130329 83.05720652634801 0
      vertex 4.192021413753113 83.14488981313943 2
      vertex 4.23615747130329 83.05720652634801 2
    endloop
  endfacet
  facet normal 0.9637760657954386 0.26671275747490286 0
    outer loop
      vertex 4.086119328535583 83.41943064549108 0
      vertex 4.059937493610912 83.51403964019347 2
      vertex 4.086119328535583 83.41943064549108 2
    endloop
  endfacet
  facet normal 0.9757021300385285 0.21910124015686955 0
    outer loop
      vertex 4.059937493610912 83.51403964019347 0
      vertex 4.038429439193539 83.60981935596774 2
      vertex 4.059937493610912 83.51403964019347 2
    endloop
  endfacet
  facet normal 0.9852776423889414 0.17096188876030008 0
    outer loop
      vertex 4.038429439193539 83.60981935596774 0
      vertex 4.021646980070438 83.70653905108928 2
      vertex 4.038429439193539 83.60981935596774 2
    endloop
  endfacet
  facet normal 0.9924795345987094 0.12241067519922094 0
    outer loop
      vertex 4.021646980070438 83.70653905108928 0
      vertex 4.009630546655606 83.80396571934088 2
      vertex 4.021646980070438 83.70653905108928 2
    endloop
  endfacet
  facet normal 0.9972904566786902 0.07356456359966751 0
    outer loop
      vertex 4.009630546655606 83.80396571934088 0
      vertex 4.002409087589655 83.90186465134516 2
      vertex 4.009630546655606 83.80396571934088 2
    endloop
  endfacet
  facet normal 0.9996988186962044 0.024541228522907587 0
    outer loop
      vertex 4.002409087589655 83.90186465134516 0
      vertex 4 84 2
      vertex 4.002409087589655 83.90186465134516 2
    endloop
  endfacet
  facet normal 0.9996988186962044 -0.024541228522907587 0
    outer loop
      vertex 4 84 0
      vertex 4.002409087589655 84.09813534865484 2
      vertex 4 84 2
    endloop
  endfacet
  facet normal 0.9972904566786902 -0.07356456359966751 0
    outer loop
      vertex 4.002409087589655 84.09813534865484 0
      vertex 4.009630546655606 84.19603428065912 2
      vertex 4.002409087589655 84.09813534865484 2
    endloop
  endfacet
  facet normal 0.9495281805930422 0.3136817403988745 0
    outer loop
      vertex 4.116911869633959 83.32622029321556 0
      vertex 4.086119328535583 83.41943064549108 2
      vertex 4.116911869633959 83.32622029321556 2
    endloop
  endfacet
  facet normal 0.9924795345987094 -0.12241067519922094 0
    outer loop
      vertex 4.009630546655606 84.19603428065912 0
      vertex 4.021646980070438 84.29346094891072 2
      vertex 4.009630546655606 84.19603428065912 2
    endloop
  endfacet
  facet normal 0.9852776423889414 -0.17096188876030008 0
    outer loop
      vertex 4.021646980070438 84.29346094891072 0
      vertex 4.038429439193539 84.39018064403226 2
      vertex 4.021646980070438 84.29346094891072 2
    endloop
  endfacet
  facet normal 0.9757021300385285 -0.21910124015686955 0
    outer loop
      vertex 4.038429439193539 84.39018064403226 0
      vertex 4.059937493610912 84.48596035980653 2
      vertex 4.038429439193539 84.39018064403226 2
    endloop
  endfacet
  facet normal 0.9637760657954386 -0.26671275747490286 0
    outer loop
      vertex 4.059937493610912 84.48596035980653 0
      vertex 4.086119328535583 84.58056935450892 2
      vertex 4.059937493610912 84.48596035980653 2
    endloop
  endfacet
  facet normal 0.9495281805930422 -0.3136817403988745 0
    outer loop
      vertex 4.086119328535583 84.58056935450892 0
      vertex 4.116911869633959 84.67377970678444 2
      vertex 4.086119328535583 84.58056935450892 2
    endloop
  endfacet
  facet normal 0.9329927988347401 -0.3598950365349853 0
    outer loop
      vertex 4.116911869633959 84.67377970678444 0
      vertex 4.152240934977426 84.76536686473018 2
      vertex 4.116911869633959 84.67377970678444 2
    endloop
  endfacet
  facet normal 0.9142097557035364 -0.4052413140049768 0
    outer loop
      vertex 4.152240934977426 84.76536686473018 0
      vertex 4.192021413753113 84.85511018686057 2
      vertex 4.152240934977426 84.76536686473018 2
    endloop
  endfacet
  facet normal 0.8932243011954855 -0.4496113296546658 0
    outer loop
      vertex 4.192021413753113 84.85511018686057 0
      vertex 4.23615747130329 84.94279347365199 2
      vertex 4.192021413753113 84.85511018686057 2
    endloop
  endfacet
  facet normal 0.870086991108737 -0.49289819222973874 0
    outer loop
      vertex 4.23615747130329 84.94279347365199 0
      vertex 4.284542779999456 85.02820548838645 2
      vertex 4.23615747130329 84.94279347365199 2
    endloop
  endfacet
  facet normal 0.7883464276265778 0.6152315905806633 0
    outer loop
      vertex 4.453979093274526 82.73121343167271 0
      vertex 4.39358493703871 82.80860139101513 2
      vertex 4.453979093274526 82.73121343167271 2
    endloop
  endfacet
  facet normal 0.7572088465064775 0.6531728429537851 0
    outer loop
      vertex 4.518097749290082 82.65688209030597 0
      vertex 4.453979093274526 82.73121343167271 2
      vertex 4.518097749290082 82.65688209030597 2
    endloop
  endfacet
  facet normal 0.8448535652496922 0.5349976198871205 0
    outer loop
      vertex 4.337060775394909 82.8888595339608 0
      vertex 4.284542779999456 82.97179451161355 2
      vertex 4.337060775394909 82.8888595339608 2
    endloop
  endfacet
  facet normal 0.8175848131515966 0.575808191417827 0
    outer loop
      vertex 4.39358493703871 82.80860139101513 0
      vertex 4.337060775394909 82.8888595339608 2
      vertex 4.39358493703871 82.80860139101513 2
    endloop
  endfacet
  facet normal 0.7242470829514854 0.6895405447370474 0
    outer loop
      vertex 4.585786437626905 82.58578643762691 0
      vertex 4.518097749290082 82.65688209030597 2
      vertex 4.585786437626905 82.58578643762691 2
    endloop
  endfacet
  facet normal 0.6895405447371032 0.7242470829514324 0
    outer loop
      vertex 4.656882090305963 82.51809774929008 0
      vertex 4.585786437626905 82.58578643762691 2
      vertex 4.656882090305963 82.51809774929008 2
    endloop
  endfacet
  facet normal 0.6531728429537553 0.757208846506503 0
    outer loop
      vertex 4.731213431672709 82.45397909327453 0
      vertex 4.656882090305963 82.51809774929008 2
      vertex 4.731213431672709 82.45397909327453 2
    endloop
  endfacet
  facet normal 0.5758081914178906 0.8175848131515517 0
    outer loop
      vertex 4.888859533960796 82.3370607753949 0
      vertex 4.8086013910151335 82.39358493703871 2
      vertex 4.888859533960796 82.3370607753949 2
    endloop
  endfacet
  facet normal 0.5349976198870572 0.8448535652497323 0
    outer loop
      vertex 4.971794511613556 82.28454277999946 0
      vertex 4.888859533960796 82.3370607753949 2
      vertex 4.971794511613556 82.28454277999946 2
    endloop
  endfacet
  facet normal 0.49289819222980197 0.8700869911087012 0
    outer loop
      vertex 5.057206526348005 82.23615747130329 0
      vertex 4.971794511613556 82.28454277999946 2
      vertex 5.057206526348005 82.23615747130329 2
    endloop
  endfacet
  facet normal 0.4496113296546041 0.8932243011955165 0
    outer loop
      vertex 5.144889813139436 82.19202141375311 0
      vertex 5.057206526348005 82.23615747130329 2
      vertex 5.144889813139436 82.19202141375311 2
    endloop
  endfacet
  facet normal 0.6152315905806238 0.7883464276266087 0
    outer loop
      vertex 4.8086013910151335 82.39358493703871 0
      vertex 4.731213431672709 82.45397909327453 2
      vertex 4.8086013910151335 82.39358493703871 2
    endloop
  endfacet
  facet normal 0.40524131400495245 0.9142097557035473 0
    outer loop
      vertex 5.144889813139436 82.19202141375311 0
      vertex 5.144889813139436 82.19202141375311 2
      vertex 5.234633135269821 82.15224093497743 0
    endloop
  endfacet
  facet normal 0.3598950365350561 0.9329927988347126 0
    outer loop
      vertex 5.234633135269821 82.15224093497743 0
      vertex 5.234633135269821 82.15224093497743 2
      vertex 5.32622029321556 82.11691186963395 0
    endloop
  endfacet
  facet normal 0.3136817403987819 0.9495281805930729 0
    outer loop
      vertex 5.32622029321556 82.11691186963395 0
      vertex 5.32622029321556 82.11691186963395 2
      vertex 5.419430645491075 82.08611932853559 0
    endloop
  endfacet
  facet normal 0.2667127574749052 0.9637760657954378 0
    outer loop
      vertex 5.419430645491075 82.08611932853559 0
      vertex 5.419430645491075 82.08611932853559 2
      vertex 5.514039640193472 82.05993749361092 0
    endloop
  endfacet
  facet normal 0.21910124015695376 0.9757021300385097 0
    outer loop
      vertex 5.514039640193472 82.05993749361092 0
      vertex 5.514039640193472 82.05993749361092 2
      vertex 5.609819355967743 82.03842943919354 0
    endloop
  endfacet
  facet normal 0.1709618887602168 0.9852776423889558 0
    outer loop
      vertex 5.609819355967743 82.03842943919354 0
      vertex 5.609819355967743 82.03842943919354 2
      vertex 5.706539051089276 82.02164698007044 0
    endloop
  endfacet
  facet normal 0.1224106751993246 0.9924795345986966 0
    outer loop
      vertex 5.706539051089276 82.02164698007044 0
      vertex 5.706539051089276 82.02164698007044 2
      vertex 5.803965719340879 82.0096305466556 0
    endloop
  endfacet
  facet normal 0.07356456359961286 0.9972904566786943 0
    outer loop
      vertex 5.803965719340879 82.0096305466556 0
      vertex 5.803965719340879 82.0096305466556 2
      vertex 5.901864651345164 82.00240908758965 0
    endloop
  endfacet
  facet normal 0.024541228522907587 0.9996988186962044 0
    outer loop
      vertex 5.901864651345164 82.00240908758965 0
      vertex 5.901864651345164 82.00240908758965 2
      vertex 6 82 0
    endloop
  endfacet
  facet normal -0.024541228522907587 0.9996988186962044 0
    outer loop
      vertex 6 82 0
      vertex 6 82 2
      vertex 6.098135348654836 82.00240908758965 0
    endloop
  endfacet
  facet normal -0.07356456359961286 0.9972904566786943 0
    outer loop
      vertex 6.098135348654836 82.00240908758965 0
      vertex 6.098135348654836 82.00240908758965 2
      vertex 6.196034280659121 82.0096305466556 0
    endloop
  endfacet
  facet normal -0.1224106751993246 0.9924795345986966 0
    outer loop
      vertex 6.196034280659121 82.0096305466556 0
      vertex 6.196034280659121 82.0096305466556 2
      vertex 6.293460948910724 82.02164698007044 0
    endloop
  endfacet
  facet normal -0.1709618887602168 0.9852776423889558 0
    outer loop
      vertex 6.293460948910724 82.02164698007044 0
      vertex 6.293460948910724 82.02164698007044 2
      vertex 6.390180644032257 82.03842943919354 0
    endloop
  endfacet
  facet normal -0.21910124015695376 0.9757021300385097 0
    outer loop
      vertex 6.390180644032257 82.03842943919354 0
      vertex 6.390180644032257 82.03842943919354 2
      vertex 6.485960359806528 82.05993749361092 0
    endloop
  endfacet
  facet normal -0.2667127574749052 0.9637760657954378 0
    outer loop
      vertex 6.485960359806528 82.05993749361092 0
      vertex 6.485960359806528 82.05993749361092 2
      vertex 6.580569354508925 82.08611932853559 0
    endloop
  endfacet
  facet normal -0.3136817403987819 0.9495281805930729 0
    outer loop
      vertex 6.580569354508925 82.08611932853559 0
      vertex 6.580569354508925 82.08611932853559 2
      vertex 6.67377970678444 82.11691186963395 0
    endloop
  endfacet
  facet normal -0.3598950365350561 0.9329927988347126 0
    outer loop
      vertex 6.67377970678444 82.11691186963395 0
      vertex 6.67377970678444 82.11691186963395 2
      vertex 6.765366864730179 82.15224093497743 0
    endloop
  endfacet
  facet normal -0.40524131400495245 0.9142097557035473 0
    outer loop
      vertex 6.765366864730179 82.15224093497743 0
      vertex 6.765366864730179 82.15224093497743 2
      vertex 6.855110186860564 82.19202141375311 0
    endloop
  endfacet
  facet normal 0.40524131400495245 0.9142097557035473 0
    outer loop
      vertex 5.144889813139436 82.19202141375311 2
      vertex 5.234633135269821 82.15224093497743 2
      vertex 5.234633135269821 82.15224093497743 0
    endloop
  endfacet
  facet normal 0.3598950365350561 0.9329927988347126 0
    outer loop
      vertex 5.32622029321556 82.11691186963395 0
      vertex 5.234633135269821 82.15224093497743 2
      vertex 5.32622029321556 82.11691186963395 2
    endloop
  endfacet
  facet normal 0.3136817403987819 0.9495281805930729 0
    outer loop
      vertex 5.419430645491075 82.08611932853559 0
      vertex 5.32622029321556 82.11691186963395 2
      vertex 5.419430645491075 82.08611932853559 2
    endloop
  endfacet
  facet normal 0.2667127574749052 0.9637760657954378 0
    outer loop
      vertex 5.514039640193472 82.05993749361092 0
      vertex 5.419430645491075 82.08611932853559 2
      vertex 5.514039640193472 82.05993749361092 2
    endloop
  endfacet
  facet normal 0.21910124015695376 0.9757021300385097 0
    outer loop
      vertex 5.609819355967743 82.03842943919354 0
      vertex 5.514039640193472 82.05993749361092 2
      vertex 5.609819355967743 82.03842943919354 2
    endloop
  endfacet
  facet normal 0.1709618887602168 0.9852776423889558 0
    outer loop
      vertex 5.706539051089276 82.02164698007044 0
      vertex 5.609819355967743 82.03842943919354 2
      vertex 5.706539051089276 82.02164698007044 2
    endloop
  endfacet
  facet normal 0.1224106751993246 0.9924795345986966 0
    outer loop
      vertex 5.803965719340879 82.0096305466556 0
      vertex 5.706539051089276 82.02164698007044 2
      vertex 5.803965719340879 82.0096305466556 2
    endloop
  endfacet
  facet normal 0.07356456359961286 0.9972904566786943 0
    outer loop
      vertex 5.901864651345164 82.00240908758965 0
      vertex 5.803965719340879 82.0096305466556 2
      vertex 5.901864651345164 82.00240908758965 2
    endloop
  endfacet
  facet normal 0.024541228522907587 0.9996988186962044 0
    outer loop
      vertex 6 82 0
      vertex 5.901864651345164 82.00240908758965 2
      vertex 6 82 2
    endloop
  endfacet
  facet normal -0.024541228522907587 0.9996988186962044 0
    outer loop
      vertex 6.098135348654836 82.00240908758965 0
      vertex 6 82 2
      vertex 6.098135348654836 82.00240908758965 2
    endloop
  endfacet
  facet normal -0.07356456359961286 0.9972904566786943 0
    outer loop
      vertex 6.196034280659121 82.0096305466556 0
      vertex 6.098135348654836 82.00240908758965 2
      vertex 6.196034280659121 82.0096305466556 2
    endloop
  endfacet
  facet normal -0.1224106751993246 0.9924795345986966 0
    outer loop
      vertex 6.293460948910724 82.02164698007044 0
      vertex 6.196034280659121 82.0096305466556 2
      vertex 6.293460948910724 82.02164698007044 2
    endloop
  endfacet
  facet normal -0.1709618887602168 0.9852776423889558 0
    outer loop
      vertex 6.390180644032257 82.03842943919354 0
      vertex 6.293460948910724 82.02164698007044 2
      vertex 6.390180644032257 82.03842943919354 2
    endloop
  endfacet
  facet normal -0.21910124015695376 0.9757021300385097 0
    outer loop
      vertex 6.485960359806528 82.05993749361092 0
      vertex 6.390180644032257 82.03842943919354 2
      vertex 6.485960359806528 82.05993749361092 2
    endloop
  endfacet
  facet normal -0.2667127574749052 0.9637760657954378 0
    outer loop
      vertex 6.580569354508925 82.08611932853559 0
      vertex 6.485960359806528 82.05993749361092 2
      vertex 6.580569354508925 82.08611932853559 2
    endloop
  endfacet
  facet normal -0.3136817403987819 0.9495281805930729 0
    outer loop
      vertex 6.67377970678444 82.11691186963395 0
      vertex 6.580569354508925 82.08611932853559 2
      vertex 6.67377970678444 82.11691186963395 2
    endloop
  endfacet
  facet normal -0.3598950365350561 0.9329927988347126 0
    outer loop
      vertex 6.765366864730179 82.15224093497743 0
      vertex 6.67377970678444 82.11691186963395 2
      vertex 6.765366864730179 82.15224093497743 2
    endloop
  endfacet
  facet normal -0.40524131400495245 0.9142097557035473 0
    outer loop
      vertex 6.855110186860564 82.19202141375311 0
      vertex 6.765366864730179 82.15224093497743 2
      vertex 6.855110186860564 82.19202141375311 2
    endloop
  endfacet
  facet normal -0.4496113296546041 0.8932243011955165 0
    outer loop
      vertex 6.855110186860564 82.19202141375311 0
      vertex 6.855110186860564 82.19202141375311 2
      vertex 6.942793473651995 82.23615747130329 0
    endloop
  endfacet
  facet normal -0.49289819222980197 0.8700869911087012 0
    outer loop
      vertex 6.942793473651995 82.23615747130329 0
      vertex 6.942793473651995 82.23615747130329 2
      vertex 7.028205488386444 82.28454277999946 0
    endloop
  endfacet
  facet normal -0.5349976198870572 0.8448535652497323 0
    outer loop
      vertex 7.028205488386444 82.28454277999946 0
      vertex 7.028205488386444 82.28454277999946 2
      vertex 7.111140466039204 82.3370607753949 0
    endloop
  endfacet
  facet normal -0.5758081914178906 0.8175848131515517 0
    outer loop
      vertex 7.111140466039204 82.3370607753949 0
      vertex 7.111140466039204 82.3370607753949 2
      vertex 7.1913986089848665 82.39358493703871 0
    endloop
  endfacet
  facet normal -0.6152315905806238 0.7883464276266087 0
    outer loop
      vertex 7.1913986089848665 82.39358493703871 0
      vertex 7.1913986089848665 82.39358493703871 2
      vertex 7.268786568327291 82.45397909327453 0
    endloop
  endfacet
  facet normal -0.6531728429537553 0.757208846506503 0
    outer loop
      vertex 7.268786568327291 82.45397909327453 0
      vertex 7.268786568327291 82.45397909327453 2
      vertex 7.343117909694037 82.51809774929008 0
    endloop
  endfacet
  facet normal -0.6895405447371032 0.7242470829514324 0
    outer loop
      vertex 7.343117909694037 82.51809774929008 0
      vertex 7.343117909694037 82.51809774929008 2
      vertex 7.414213562373095 82.58578643762691 0
    endloop
  endfacet
  facet normal -0.7242470829514854 0.6895405447370474 0
    outer loop
      vertex 7.414213562373095 82.58578643762691 0
      vertex 7.414213562373095 82.58578643762691 2
      vertex 7.481902250709918 82.65688209030597 0
    endloop
  endfacet
  facet normal -0.7572088465064775 0.6531728429537851 0
    outer loop
      vertex 7.481902250709918 82.65688209030597 0
      vertex 7.481902250709918 82.65688209030597 2
      vertex 7.546020906725474 82.73121343167271 0
    endloop
  endfacet
  facet normal -0.7883464276265778 0.6152315905806633 0
    outer loop
      vertex 7.546020906725474 82.73121343167271 0
      vertex 7.546020906725474 82.73121343167271 2
      vertex 7.60641506296129 82.80860139101513 0
    endloop
  endfacet
  facet normal -0.8175848131515966 0.575808191417827 0
    outer loop
      vertex 7.60641506296129 82.80860139101513 0
      vertex 7.60641506296129 82.80860139101513 2
      vertex 7.662939224605091 82.8888595339608 0
    endloop
  endfacet
  facet normal -0.8448535652496922 0.5349976198871205 0
    outer loop
      vertex 7.662939224605091 82.8888595339608 0
      vertex 7.662939224605091 82.8888595339608 2
      vertex 7.715457220000544 82.97179451161355 0
    endloop
  endfacet
  facet normal -0.870086991108737 0.49289819222973874 0
    outer loop
      vertex 7.715457220000544 82.97179451161355 0
      vertex 7.715457220000544 82.97179451161355 2
      vertex 7.76384252869671 83.05720652634801 0
    endloop
  endfacet
  facet normal -0.8932243011954855 0.4496113296546658 0
    outer loop
      vertex 7.76384252869671 83.05720652634801 0
      vertex 7.76384252869671 83.05720652634801 2
      vertex 7.807978586246887 83.14488981313943 0
    endloop
  endfacet
  facet normal -0.9142097557035364 0.4052413140049768 0
    outer loop
      vertex 7.807978586246887 83.14488981313943 0
      vertex 7.807978586246887 83.14488981313943 2
      vertex 7.847759065022574 83.23463313526982 0
    endloop
  endfacet
  facet normal -0.9329927988347401 0.3598950365349853 0
    outer loop
      vertex 7.847759065022574 83.23463313526982 0
      vertex 7.847759065022574 83.23463313526982 2
      vertex 7.883088130366041 83.32622029321556 0
    endloop
  endfacet
  facet normal -0.9495281805930422 0.3136817403988745 0
    outer loop
      vertex 7.883088130366041 83.32622029321556 0
      vertex 7.883088130366041 83.32622029321556 2
      vertex 7.913880671464417 83.41943064549108 0
    endloop
  endfacet
  facet normal -0.9637760657954386 0.26671275747490286 0
    outer loop
      vertex 7.913880671464417 83.41943064549108 0
      vertex 7.913880671464417 83.41943064549108 2
      vertex 7.940062506389088 83.51403964019347 0
    endloop
  endfacet
  facet normal -0.9757021300385285 0.21910124015686955 0
    outer loop
      vertex 7.940062506389088 83.51403964019347 0
      vertex 7.940062506389088 83.51403964019347 2
      vertex 7.961570560806461 83.60981935596774 0
    endloop
  endfacet
  facet normal -0.9852776423889414 0.17096188876030008 0
    outer loop
      vertex 7.961570560806461 83.60981935596774 0
      vertex 7.961570560806461 83.60981935596774 2
      vertex 7.978353019929562 83.70653905108928 0
    endloop
  endfacet
  facet normal -0.9924795345987094 0.12241067519922094 0
    outer loop
      vertex 7.978353019929562 83.70653905108928 0
      vertex 7.978353019929562 83.70653905108928 2
      vertex 7.990369453344394 83.80396571934088 0
    endloop
  endfacet
  facet normal -0.9972904566786902 0.07356456359966751 0
    outer loop
      vertex 7.990369453344394 83.80396571934088 0
      vertex 7.990369453344394 83.80396571934088 2
      vertex 7.997590912410345 83.90186465134516 0
    endloop
  endfacet
  facet normal -0.9996988186962044 0.024541228522907587 0
    outer loop
      vertex 7.997590912410345 83.90186465134516 0
      vertex 7.997590912410345 83.90186465134516 2
      vertex 8 84 0
    endloop
  endfacet
  facet normal -0.9996988186962044 -0.024541228522907587 0
    outer loop
      vertex 8 84 0
      vertex 8 84 2
      vertex 7.997590912410345 84.09813534865484 0
    endloop
  endfacet
  facet normal -0.9972904566786902 -0.07356456359966751 0
    outer loop
      vertex 7.997590912410345 84.09813534865484 0
      vertex 7.997590912410345 84.09813534865484 2
      vertex 7.990369453344394 84.19603428065912 0
    endloop
  endfacet
  facet normal -0.9637760657954386 -0.26671275747490286 0
    outer loop
      vertex 7.940062506389088 84.48596035980653 0
      vertex 7.940062506389088 84.48596035980653 2
      vertex 7.913880671464417 84.58056935450892 0
    endloop
  endfacet
  facet normal -0.9142097557035364 -0.4052413140049768 0
    outer loop
      vertex 7.807978586246887 84.85511018686057 0
      vertex 7.847759065022574 84.76536686473018 0
      vertex 7.847759065022574 84.76536686473018 2
    endloop
  endfacet
  facet normal -0.870086991108737 -0.49289819222973874 0
    outer loop
      vertex 7.715457220000544 85.02820548838645 0
      vertex 7.76384252869671 84.94279347365199 0
      vertex 7.76384252869671 84.94279347365199 2
    endloop
  endfacet
  facet normal -0.8932243011954855 -0.4496113296546658 0
    outer loop
      vertex 7.76384252869671 84.94279347365199 0
      vertex 7.807978586246887 84.85511018686057 0
      vertex 7.807978586246887 84.85511018686057 2
    endloop
  endfacet
  facet normal -0.9329927988347401 -0.3598950365349853 0
    outer loop
      vertex 7.883088130366041 84.67377970678444 0
      vertex 7.883088130366041 84.67377970678444 2
      vertex 7.847759065022574 84.76536686473018 0
    endloop
  endfacet
  facet normal -0.9495281805930422 -0.3136817403988745 0
    outer loop
      vertex 7.913880671464417 84.58056935450892 0
      vertex 7.913880671464417 84.58056935450892 2
      vertex 7.883088130366041 84.67377970678444 0
    endloop
  endfacet
  facet normal -0.9924795345987094 -0.12241067519922094 0
    outer loop
      vertex 7.990369453344394 84.19603428065912 0
      vertex 7.990369453344394 84.19603428065912 2
      vertex 7.978353019929562 84.29346094891072 0
    endloop
  endfacet
  facet normal -0.9852776423889414 -0.17096188876030008 0
    outer loop
      vertex 7.978353019929562 84.29346094891072 0
      vertex 7.978353019929562 84.29346094891072 2
      vertex 7.961570560806461 84.39018064403226 0
    endloop
  endfacet
  facet normal -0.9757021300385285 -0.21910124015686955 0
    outer loop
      vertex 7.940062506389088 84.48596035980653 0
      vertex 7.961570560806461 84.39018064403226 0
      vertex 7.961570560806461 84.39018064403226 2
    endloop
  endfacet
  facet normal -0.4496113296546041 0.8932243011955165 0
    outer loop
      vertex 6.855110186860564 82.19202141375311 2
      vertex 6.942793473651995 82.23615747130329 2
      vertex 6.942793473651995 82.23615747130329 0
    endloop
  endfacet
  facet normal -0.49289819222980197 0.8700869911087012 0
    outer loop
      vertex 7.028205488386444 82.28454277999946 0
      vertex 6.942793473651995 82.23615747130329 2
      vertex 7.028205488386444 82.28454277999946 2
    endloop
  endfacet
  facet normal -0.5349976198870572 0.8448535652497323 0
    outer loop
      vertex 7.111140466039204 82.3370607753949 0
      vertex 7.028205488386444 82.28454277999946 2
      vertex 7.111140466039204 82.3370607753949 2
    endloop
  endfacet
  facet normal -0.5758081914178906 0.8175848131515517 0
    outer loop
      vertex 7.1913986089848665 82.39358493703871 0
      vertex 7.111140466039204 82.3370607753949 2
      vertex 7.1913986089848665 82.39358493703871 2
    endloop
  endfacet
  facet normal -0.6152315905806238 0.7883464276266087 0
    outer loop
      vertex 7.268786568327291 82.45397909327453 0
      vertex 7.1913986089848665 82.39358493703871 2
      vertex 7.268786568327291 82.45397909327453 2
    endloop
  endfacet
  facet normal -0.6531728429537553 0.757208846506503 0
    outer loop
      vertex 7.343117909694037 82.51809774929008 0
      vertex 7.268786568327291 82.45397909327453 2
      vertex 7.343117909694037 82.51809774929008 2
    endloop
  endfacet
  facet normal -0.6895405447371032 0.7242470829514324 0
    outer loop
      vertex 7.414213562373095 82.58578643762691 0
      vertex 7.343117909694037 82.51809774929008 2
      vertex 7.414213562373095 82.58578643762691 2
    endloop
  endfacet
  facet normal -0.7242470829514854 0.6895405447370474 0
    outer loop
      vertex 7.481902250709918 82.65688209030597 0
      vertex 7.414213562373095 82.58578643762691 2
      vertex 7.481902250709918 82.65688209030597 2
    endloop
  endfacet
  facet normal -0.7572088465064775 0.6531728429537851 0
    outer loop
      vertex 7.546020906725474 82.73121343167271 0
      vertex 7.481902250709918 82.65688209030597 2
      vertex 7.546020906725474 82.73121343167271 2
    endloop
  endfacet
  facet normal -0.7883464276265778 0.6152315905806633 0
    outer loop
      vertex 7.60641506296129 82.80860139101513 0
      vertex 7.546020906725474 82.73121343167271 2
      vertex 7.60641506296129 82.80860139101513 2
    endloop
  endfacet
  facet normal -0.8175848131515966 0.575808191417827 0
    outer loop
      vertex 7.662939224605091 82.8888595339608 0
      vertex 7.60641506296129 82.80860139101513 2
      vertex 7.662939224605091 82.8888595339608 2
    endloop
  endfacet
  facet normal -0.8448535652496922 0.5349976198871205 0
    outer loop
      vertex 7.715457220000544 82.97179451161355 0
      vertex 7.662939224605091 82.8888595339608 2
      vertex 7.715457220000544 82.97179451161355 2
    endloop
  endfacet
  facet normal -0.870086991108737 -0.49289819222973874 0
    outer loop
      vertex 7.715457220000544 85.02820548838645 0
      vertex 7.76384252869671 84.94279347365199 2
      vertex 7.715457220000544 85.02820548838645 2
    endloop
  endfacet
  facet normal -0.870086991108737 0.49289819222973874 0
    outer loop
      vertex 7.76384252869671 83.05720652634801 0
      vertex 7.715457220000544 82.97179451161355 2
      vertex 7.76384252869671 83.05720652634801 2
    endloop
  endfacet
  facet normal -0.8932243011954855 0.4496113296546658 0
    outer loop
      vertex 7.807978586246887 83.14488981313943 0
      vertex 7.76384252869671 83.05720652634801 2
      vertex 7.807978586246887 83.14488981313943 2
    endloop
  endfacet
  facet normal -0.9142097557035364 0.4052413140049768 0
    outer loop
      vertex 7.847759065022574 83.23463313526982 0
      vertex 7.807978586246887 83.14488981313943 2
      vertex 7.847759065022574 83.23463313526982 2
    endloop
  endfacet
  facet normal -0.9329927988347401 0.3598950365349853 0
    outer loop
      vertex 7.883088130366041 83.32622029321556 0
      vertex 7.847759065022574 83.23463313526982 2
      vertex 7.883088130366041 83.32622029321556 2
    endloop
  endfacet
  facet normal -0.9495281805930422 0.3136817403988745 0
    outer loop
      vertex 7.913880671464417 83.41943064549108 0
      vertex 7.883088130366041 83.32622029321556 2
      vertex 7.913880671464417 83.41943064549108 2
    endloop
  endfacet
  facet normal -0.9637760657954386 0.26671275747490286 0
    outer loop
      vertex 7.940062506389088 83.51403964019347 0
      vertex 7.913880671464417 83.41943064549108 2
      vertex 7.940062506389088 83.51403964019347 2
    endloop
  endfacet
  facet normal -0.9757021300385285 0.21910124015686955 0
    outer loop
      vertex 7.961570560806461 83.60981935596774 0
      vertex 7.940062506389088 83.51403964019347 2
      vertex 7.961570560806461 83.60981935596774 2
    endloop
  endfacet
  facet normal -0.9852776423889414 0.17096188876030008 0
    outer loop
      vertex 7.978353019929562 83.70653905108928 0
      vertex 7.961570560806461 83.60981935596774 2
      vertex 7.978353019929562 83.70653905108928 2
    endloop
  endfacet
  facet normal -0.9924795345987094 0.12241067519922094 0
    outer loop
      vertex 7.990369453344394 83.80396571934088 0
      vertex 7.978353019929562 83.70653905108928 2
      vertex 7.990369453344394 83.80396571934088 2
    endloop
  endfacet
  facet normal -0.9972904566786902 0.07356456359966751 0
    outer loop
      vertex 7.997590912410345 83.90186465134516 0
      vertex 7.990369453344394 83.80396571934088 2
      vertex 7.997590912410345 83.90186465134516 2
    endloop
  endfacet
  facet normal -0.9996988186962044 0.024541228522907587 0
    outer loop
      vertex 8 84 0
      vertex 7.997590912410345 83.90186465134516 2
      vertex 8 84 2
    endloop
  endfacet
  facet normal -0.9996988186962044 -0.024541228522907587 0
    outer loop
      vertex 7.997590912410345 84.09813534865484 0
      vertex 8 84 2
      vertex 7.997590912410345 84.09813534865484 2
    endloop
  endfacet
  facet normal -0.9972904566786902 -0.07356456359966751 0
    outer loop
      vertex 7.990369453344394 84.19603428065912 0
      vertex 7.997590912410345 84.09813534865484 2
      vertex 7.990369453344394 84.19603428065912 2
    endloop
  endfacet
  facet normal -0.9757021300385285 -0.21910124015686955 0
    outer loop
      vertex 7.940062506389088 84.48596035980653 0
      vertex 7.961570560806461 84.39018064403226 2
      vertex 7.940062506389088 84.48596035980653 2
    endloop
  endfacet
  facet normal -0.9637760657954386 -0.26671275747490286 0
    outer loop
      vertex 7.913880671464417 84.58056935450892 0
      vertex 7.940062506389088 84.48596035980653 2
      vertex 7.913880671464417 84.58056935450892 2
    endloop
  endfacet
  facet normal -0.9142097557035364 -0.4052413140049768 0
    outer loop
      vertex 7.807978586246887 84.85511018686057 0
      vertex 7.847759065022574 84.76536686473018 2
      vertex 7.807978586246887 84.85511018686057 2
    endloop
  endfacet
  facet normal -0.8932243011954855 -0.4496113296546658 0
    outer loop
      vertex 7.76384252869671 84.94279347365199 0
      vertex 7.807978586246887 84.85511018686057 2
      vertex 7.76384252869671 84.94279347365199 2
    endloop
  endfacet
  facet normal -0.9495281805930422 -0.3136817403988745 0
    outer loop
      vertex 7.883088130366041 84.67377970678444 0
      vertex 7.913880671464417 84.58056935450892 2
      vertex 7.883088130366041 84.67377970678444 2
    endloop
  endfacet
  facet normal -0.9329927988347401 -0.3598950365349853 0
    outer loop
      vertex 7.847759065022574 84.76536686473018 0
      vertex 7.883088130366041 84.67377970678444 2
      vertex 7.847759065022574 84.76536686473018 2
    endloop
  endfacet
  facet normal -0.9924795345987094 -0.12241067519922094 0
    outer loop
      vertex 7.978353019929562 84.29346094891072 0
      vertex 7.990369453344394 84.19603428065912 2
      vertex 7.978353019929562 84.29346094891072 2
    endloop
  endfacet
  facet normal -0.9852776423889414 -0.17096188876030008 0
    outer loop
      vertex 7.961570560806461 84.39018064403226 0
      vertex 7.978353019929562 84.29346094891072 2
      vertex 7.961570560806461 84.39018064403226 2
    endloop
  endfacet
  facet normal 0.8448535652496922 -0.5349976198871205 0
    outer loop
      vertex 4.284542779999456 85.02820548838645 0
      vertex 4.337060775394909 85.1111404660392 0
      vertex 4.337060775394909 85.1111404660392 2
    endloop
  endfacet
  facet normal 0.8175848131515966 -0.575808191417827 0
    outer loop
      vertex 4.337060775394909 85.1111404660392 0
      vertex 4.39358493703871 85.19139860898487 0
      vertex 4.39358493703871 85.19139860898487 2
    endloop
  endfacet
  facet normal 0.7883464276265778 -0.6152315905806633 0
    outer loop
      vertex 4.39358493703871 85.19139860898487 0
      vertex 4.453979093274526 85.26878656832729 0
      vertex 4.453979093274526 85.26878656832729 2
    endloop
  endfacet
  facet normal 0.7572088465064775 -0.6531728429537851 0
    outer loop
      vertex 4.453979093274526 85.26878656832729 0
      vertex 4.518097749290082 85.34311790969403 0
      vertex 4.518097749290082 85.34311790969403 2
    endloop
  endfacet
  facet normal 0.7242470829514854 -0.6895405447370474 0
    outer loop
      vertex 4.518097749290082 85.34311790969403 0
      vertex 4.585786437626905 85.41421356237309 0
      vertex 4.585786437626905 85.41421356237309 2
    endloop
  endfacet
  facet normal 0.6895405447371032 -0.7242470829514324 0
    outer loop
      vertex 4.585786437626905 85.41421356237309 0
      vertex 4.656882090305963 85.48190225070992 0
      vertex 4.656882090305963 85.48190225070992 2
    endloop
  endfacet
  facet normal 0.6531728429537553 -0.757208846506503 0
    outer loop
      vertex 4.656882090305963 85.48190225070992 0
      vertex 4.731213431672709 85.54602090672547 0
      vertex 4.731213431672709 85.54602090672547 2
    endloop
  endfacet
  facet normal 0.6152315905806238 -0.7883464276266087 0
    outer loop
      vertex 4.731213431672709 85.54602090672547 0
      vertex 4.8086013910151335 85.60641506296129 0
      vertex 4.8086013910151335 85.60641506296129 2
    endloop
  endfacet
  facet normal 0.5758081914178906 -0.8175848131515517 0
    outer loop
      vertex 4.8086013910151335 85.60641506296129 0
      vertex 4.888859533960796 85.6629392246051 0
      vertex 4.888859533960796 85.6629392246051 2
    endloop
  endfacet
  facet normal 0.5349976198870572 -0.8448535652497323 0
    outer loop
      vertex 4.888859533960796 85.6629392246051 0
      vertex 4.971794511613556 85.71545722000054 0
      vertex 4.971794511613556 85.71545722000054 2
    endloop
  endfacet
  facet normal 0.49289819222980197 -0.8700869911087012 0
    outer loop
      vertex 4.971794511613556 85.71545722000054 0
      vertex 5.057206526348005 85.76384252869671 0
      vertex 5.057206526348005 85.76384252869671 2
    endloop
  endfacet
  facet normal 0.4496113296546041 -0.8932243011955165 0
    outer loop
      vertex 5.057206526348005 85.76384252869671 0
      vertex 5.144889813139436 85.80797858624689 0
      vertex 5.144889813139436 85.80797858624689 2
    endloop
  endfacet
  facet normal 0.8448535652496922 -0.5349976198871205 0
    outer loop
      vertex 4.284542779999456 85.02820548838645 0
      vertex 4.337060775394909 85.1111404660392 2
      vertex 4.284542779999456 85.02820548838645 2
    endloop
  endfacet
  facet normal 0.8175848131515966 -0.575808191417827 0
    outer loop
      vertex 4.337060775394909 85.1111404660392 0
      vertex 4.39358493703871 85.19139860898487 2
      vertex 4.337060775394909 85.1111404660392 2
    endloop
  endfacet
  facet normal 0.7883464276265778 -0.6152315905806633 0
    outer loop
      vertex 4.39358493703871 85.19139860898487 0
      vertex 4.453979093274526 85.26878656832729 2
      vertex 4.39358493703871 85.19139860898487 2
    endloop
  endfacet
  facet normal 0.7572088465064775 -0.6531728429537851 0
    outer loop
      vertex 4.453979093274526 85.26878656832729 0
      vertex 4.518097749290082 85.34311790969403 2
      vertex 4.453979093274526 85.26878656832729 2
    endloop
  endfacet
  facet normal 0.7242470829514854 -0.6895405447370474 0
    outer loop
      vertex 4.518097749290082 85.34311790969403 0
      vertex 4.585786437626905 85.41421356237309 2
      vertex 4.518097749290082 85.34311790969403 2
    endloop
  endfacet
  facet normal 0.6895405447371032 -0.7242470829514324 0
    outer loop
      vertex 4.585786437626905 85.41421356237309 0
      vertex 4.656882090305963 85.48190225070992 2
      vertex 4.585786437626905 85.41421356237309 2
    endloop
  endfacet
  facet normal 0.6531728429537553 -0.757208846506503 0
    outer loop
      vertex 4.656882090305963 85.48190225070992 0
      vertex 4.731213431672709 85.54602090672547 2
      vertex 4.656882090305963 85.48190225070992 2
    endloop
  endfacet
  facet normal 0.6152315905806238 -0.7883464276266087 0
    outer loop
      vertex 4.731213431672709 85.54602090672547 0
      vertex 4.8086013910151335 85.60641506296129 2
      vertex 4.731213431672709 85.54602090672547 2
    endloop
  endfacet
  facet normal 0.5758081914178906 -0.8175848131515517 0
    outer loop
      vertex 4.8086013910151335 85.60641506296129 0
      vertex 4.888859533960796 85.6629392246051 2
      vertex 4.8086013910151335 85.60641506296129 2
    endloop
  endfacet
  facet normal 0.5349976198870572 -0.8448535652497323 0
    outer loop
      vertex 4.888859533960796 85.6629392246051 0
      vertex 4.971794511613556 85.71545722000054 2
      vertex 4.888859533960796 85.6629392246051 2
    endloop
  endfacet
  facet normal 0.49289819222980197 -0.8700869911087012 0
    outer loop
      vertex 4.971794511613556 85.71545722000054 0
      vertex 5.057206526348005 85.76384252869671 2
      vertex 4.971794511613556 85.71545722000054 2
    endloop
  endfacet
  facet normal 0.4496113296546041 -0.8932243011955165 0
    outer loop
      vertex 5.057206526348005 85.76384252869671 0
      vertex 5.144889813139436 85.80797858624689 2
      vertex 5.057206526348005 85.76384252869671 2
    endloop
  endfacet
  facet normal 0.40524131400495245 -0.9142097557035473 0
    outer loop
      vertex 5.144889813139436 85.80797858624689 0
      vertex 5.234633135269821 85.84775906502257 0
      vertex 5.234633135269821 85.84775906502257 2
    endloop
  endfacet
  facet normal 0.3598950365350561 -0.9329927988347126 0
    outer loop
      vertex 5.234633135269821 85.84775906502257 0
      vertex 5.32622029321556 85.88308813036605 0
      vertex 5.32622029321556 85.88308813036605 2
    endloop
  endfacet
  facet normal 0.3136817403987819 -0.9495281805930729 0
    outer loop
      vertex 5.32622029321556 85.88308813036605 0
      vertex 5.419430645491075 85.91388067146441 0
      vertex 5.419430645491075 85.91388067146441 2
    endloop
  endfacet
  facet normal 0.2667127574749052 -0.9637760657954378 0
    outer loop
      vertex 5.419430645491075 85.91388067146441 0
      vertex 5.514039640193472 85.94006250638908 0
      vertex 5.514039640193472 85.94006250638908 2
    endloop
  endfacet
  facet normal 0.21910124015695376 -0.9757021300385097 0
    outer loop
      vertex 5.514039640193472 85.94006250638908 0
      vertex 5.609819355967743 85.96157056080646 0
      vertex 5.609819355967743 85.96157056080646 2
    endloop
  endfacet
  facet normal 0.1709618887602168 -0.9852776423889558 0
    outer loop
      vertex 5.609819355967743 85.96157056080646 0
      vertex 5.706539051089276 85.97835301992956 0
      vertex 5.706539051089276 85.97835301992956 2
    endloop
  endfacet
  facet normal 0.1224106751993246 -0.9924795345986966 0
    outer loop
      vertex 5.706539051089276 85.97835301992956 0
      vertex 5.803965719340879 85.9903694533444 0
      vertex 5.803965719340879 85.9903694533444 2
    endloop
  endfacet
  facet normal 0.07356456359961286 -0.9972904566786943 0
    outer loop
      vertex 5.803965719340879 85.9903694533444 0
      vertex 5.901864651345164 85.99759091241035 0
      vertex 5.901864651345164 85.99759091241035 2
    endloop
  endfacet
  facet normal 0.024541228522907587 -0.9996988186962044 0
    outer loop
      vertex 5.901864651345164 85.99759091241035 0
      vertex 6 86 0
      vertex 6 86 2
    endloop
  endfacet
  facet normal -0.024541228522907587 -0.9996988186962044 0
    outer loop
      vertex 6 86 0
      vertex 6.098135348654836 85.99759091241035 0
      vertex 6.098135348654836 85.99759091241035 2
    endloop
  endfacet
  facet normal -0.07356456359961286 -0.9972904566786943 0
    outer loop
      vertex 6.098135348654836 85.99759091241035 0
      vertex 6.196034280659121 85.9903694533444 0
      vertex 6.196034280659121 85.9903694533444 2
    endloop
  endfacet
  facet normal -0.1224106751993246 -0.9924795345986966 0
    outer loop
      vertex 6.196034280659121 85.9903694533444 0
      vertex 6.293460948910724 85.97835301992956 0
      vertex 6.293460948910724 85.97835301992956 2
    endloop
  endfacet
  facet normal -0.1709618887602168 -0.9852776423889558 0
    outer loop
      vertex 6.293460948910724 85.97835301992956 0
      vertex 6.390180644032257 85.96157056080646 0
      vertex 6.390180644032257 85.96157056080646 2
    endloop
  endfacet
  facet normal -0.2667127574749052 -0.9637760657954378 0
    outer loop
      vertex 6.580569354508925 85.91388067146441 0
      vertex 6.580569354508925 85.91388067146441 2
      vertex 6.485960359806528 85.94006250638908 0
    endloop
  endfacet
  facet normal -0.3136817403987819 -0.9495281805930729 0
    outer loop
      vertex 6.580569354508925 85.91388067146441 0
      vertex 6.67377970678444 85.88308813036605 0
      vertex 6.67377970678444 85.88308813036605 2
    endloop
  endfacet
  facet normal -0.3598950365350561 -0.9329927988347126 0
    outer loop
      vertex 6.67377970678444 85.88308813036605 0
      vertex 6.765366864730179 85.84775906502257 0
      vertex 6.765366864730179 85.84775906502257 2
    endloop
  endfacet
  facet normal -0.40524131400495245 -0.9142097557035473 0
    outer loop
      vertex 6.765366864730179 85.84775906502257 0
      vertex 6.855110186860564 85.80797858624689 0
      vertex 6.855110186860564 85.80797858624689 2
    endloop
  endfacet
  facet normal -0.21910124015695376 -0.9757021300385097 0
    outer loop
      vertex 6.390180644032257 85.96157056080646 0
      vertex 6.485960359806528 85.94006250638908 0
      vertex 6.485960359806528 85.94006250638908 2
    endloop
  endfacet
  facet normal 0.40524131400495245 -0.9142097557035473 0
    outer loop
      vertex 5.144889813139436 85.80797858624689 0
      vertex 5.234633135269821 85.84775906502257 2
      vertex 5.144889813139436 85.80797858624689 2
    endloop
  endfacet
  facet normal 0.3598950365350561 -0.9329927988347126 0
    outer loop
      vertex 5.234633135269821 85.84775906502257 0
      vertex 5.32622029321556 85.88308813036605 2
      vertex 5.234633135269821 85.84775906502257 2
    endloop
  endfacet
  facet normal 0.3136817403987819 -0.9495281805930729 0
    outer loop
      vertex 5.32622029321556 85.88308813036605 0
      vertex 5.419430645491075 85.91388067146441 2
      vertex 5.32622029321556 85.88308813036605 2
    endloop
  endfacet
  facet normal 0.2667127574749052 -0.9637760657954378 0
    outer loop
      vertex 5.419430645491075 85.91388067146441 0
      vertex 5.514039640193472 85.94006250638908 2
      vertex 5.419430645491075 85.91388067146441 2
    endloop
  endfacet
  facet normal 0.21910124015695376 -0.9757021300385097 0
    outer loop
      vertex 5.514039640193472 85.94006250638908 0
      vertex 5.609819355967743 85.96157056080646 2
      vertex 5.514039640193472 85.94006250638908 2
    endloop
  endfacet
  facet normal 0.1709618887602168 -0.9852776423889558 0
    outer loop
      vertex 5.609819355967743 85.96157056080646 0
      vertex 5.706539051089276 85.97835301992956 2
      vertex 5.609819355967743 85.96157056080646 2
    endloop
  endfacet
  facet normal 0.1224106751993246 -0.9924795345986966 0
    outer loop
      vertex 5.706539051089276 85.97835301992956 0
      vertex 5.803965719340879 85.9903694533444 2
      vertex 5.706539051089276 85.97835301992956 2
    endloop
  endfacet
  facet normal 0.07356456359961286 -0.9972904566786943 0
    outer loop
      vertex 5.803965719340879 85.9903694533444 0
      vertex 5.901864651345164 85.99759091241035 2
      vertex 5.803965719340879 85.9903694533444 2
    endloop
  endfacet
  facet normal 0.024541228522907587 -0.9996988186962044 0
    outer loop
      vertex 5.901864651345164 85.99759091241035 0
      vertex 6 86 2
      vertex 5.901864651345164 85.99759091241035 2
    endloop
  endfacet
  facet normal -0.024541228522907587 -0.9996988186962044 0
    outer loop
      vertex 6 86 0
      vertex 6.098135348654836 85.99759091241035 2
      vertex 6 86 2
    endloop
  endfacet
  facet normal -0.07356456359961286 -0.9972904566786943 0
    outer loop
      vertex 6.098135348654836 85.99759091241035 0
      vertex 6.196034280659121 85.9903694533444 2
      vertex 6.098135348654836 85.99759091241035 2
    endloop
  endfacet
  facet normal -0.1224106751993246 -0.9924795345986966 0
    outer loop
      vertex 6.196034280659121 85.9903694533444 0
      vertex 6.293460948910724 85.97835301992956 2
      vertex 6.196034280659121 85.9903694533444 2
    endloop
  endfacet
  facet normal -0.1709618887602168 -0.9852776423889558 0
    outer loop
      vertex 6.293460948910724 85.97835301992956 0
      vertex 6.390180644032257 85.96157056080646 2
      vertex 6.293460948910724 85.97835301992956 2
    endloop
  endfacet
  facet normal -0.21910124015695376 -0.9757021300385097 0
    outer loop
      vertex 6.390180644032257 85.96157056080646 0
      vertex 6.485960359806528 85.94006250638908 2
      vertex 6.390180644032257 85.96157056080646 2
    endloop
  endfacet
  facet normal -0.2667127574749052 -0.9637760657954378 0
    outer loop
      vertex 6.485960359806528 85.94006250638908 0
      vertex 6.580569354508925 85.91388067146441 2
      vertex 6.485960359806528 85.94006250638908 2
    endloop
  endfacet
  facet normal -0.3136817403987819 -0.9495281805930729 0
    outer loop
      vertex 6.580569354508925 85.91388067146441 0
      vertex 6.67377970678444 85.88308813036605 2
      vertex 6.580569354508925 85.91388067146441 2
    endloop
  endfacet
  facet normal -0.3598950365350561 -0.9329927988347126 0
    outer loop
      vertex 6.67377970678444 85.88308813036605 0
      vertex 6.765366864730179 85.84775906502257 2
      vertex 6.67377970678444 85.88308813036605 2
    endloop
  endfacet
  facet normal -0.40524131400495245 -0.9142097557035473 0
    outer loop
      vertex 6.765366864730179 85.84775906502257 0
      vertex 6.855110186860564 85.80797858624689 2
      vertex 6.765366864730179 85.84775906502257 2
    endloop
  endfacet
  facet normal -0.4496113296546041 -0.8932243011955165 0
    outer loop
      vertex 6.855110186860564 85.80797858624689 0
      vertex 6.942793473651995 85.76384252869671 0
      vertex 6.942793473651995 85.76384252869671 2
    endloop
  endfacet
  facet normal -0.5349976198870572 -0.8448535652497323 0
    outer loop
      vertex 7.028205488386444 85.71545722000054 0
      vertex 7.111140466039204 85.6629392246051 0
      vertex 7.111140466039204 85.6629392246051 2
    endloop
  endfacet
  facet normal -0.49289819222980197 -0.8700869911087012 0
    outer loop
      vertex 6.942793473651995 85.76384252869671 0
      vertex 7.028205488386444 85.71545722000054 0
      vertex 7.028205488386444 85.71545722000054 2
    endloop
  endfacet
  facet normal -0.5758081914178906 -0.8175848131515517 0
    outer loop
      vertex 7.111140466039204 85.6629392246051 0
      vertex 7.1913986089848665 85.60641506296129 0
      vertex 7.1913986089848665 85.60641506296129 2
    endloop
  endfacet
  facet normal -0.6152315905806238 -0.7883464276266087 0
    outer loop
      vertex 7.1913986089848665 85.60641506296129 0
      vertex 7.268786568327291 85.54602090672547 0
      vertex 7.268786568327291 85.54602090672547 2
    endloop
  endfacet
  facet normal -0.6895405447371032 -0.7242470829514324 0
    outer loop
      vertex 7.343117909694037 85.48190225070992 0
      vertex 7.414213562373095 85.41421356237309 0
      vertex 7.414213562373095 85.41421356237309 2
    endloop
  endfacet
  facet normal -0.7242470829514854 -0.6895405447370474 0
    outer loop
      vertex 7.414213562373095 85.41421356237309 0
      vertex 7.481902250709918 85.34311790969403 0
      vertex 7.481902250709918 85.34311790969403 2
    endloop
  endfacet
  facet normal -0.6531728429537553 -0.757208846506503 0
    outer loop
      vertex 7.268786568327291 85.54602090672547 0
      vertex 7.343117909694037 85.48190225070992 0
      vertex 7.343117909694037 85.48190225070992 2
    endloop
  endfacet
  facet normal -0.7883464276265778 -0.6152315905806633 0
    outer loop
      vertex 7.546020906725474 85.26878656832729 0
      vertex 7.60641506296129 85.19139860898487 0
      vertex 7.60641506296129 85.19139860898487 2
    endloop
  endfacet
  facet normal -0.7572088465064775 -0.6531728429537851 0
    outer loop
      vertex 7.481902250709918 85.34311790969403 0
      vertex 7.546020906725474 85.26878656832729 0
      vertex 7.546020906725474 85.26878656832729 2
    endloop
  endfacet
  facet normal -0.8175848131515966 -0.575808191417827 0
    outer loop
      vertex 7.60641506296129 85.19139860898487 0
      vertex 7.662939224605091 85.1111404660392 0
      vertex 7.662939224605091 85.1111404660392 2
    endloop
  endfacet
  facet normal -0.8448535652496922 -0.5349976198871205 0
    outer loop
      vertex 7.715457220000544 85.02820548838645 0
      vertex 7.715457220000544 85.02820548838645 2
      vertex 7.662939224605091 85.1111404660392 0
    endloop
  endfacet
  facet normal -0.4496113296546041 -0.8932243011955165 0
    outer loop
      vertex 6.855110186860564 85.80797858624689 0
      vertex 6.942793473651995 85.76384252869671 2
      vertex 6.855110186860564 85.80797858624689 2
    endloop
  endfacet
  facet normal -0.49289819222980197 -0.8700869911087012 0
    outer loop
      vertex 6.942793473651995 85.76384252869671 0
      vertex 7.028205488386444 85.71545722000054 2
      vertex 6.942793473651995 85.76384252869671 2
    endloop
  endfacet
  facet normal -0.5349976198870572 -0.8448535652497323 0
    outer loop
      vertex 7.028205488386444 85.71545722000054 0
      vertex 7.111140466039204 85.6629392246051 2
      vertex 7.028205488386444 85.71545722000054 2
    endloop
  endfacet
  facet normal -0.5758081914178906 -0.8175848131515517 0
    outer loop
      vertex 7.111140466039204 85.6629392246051 0
      vertex 7.1913986089848665 85.60641506296129 2
      vertex 7.111140466039204 85.6629392246051 2
    endloop
  endfacet
  facet normal -0.6152315905806238 -0.7883464276266087 0
    outer loop
      vertex 7.1913986089848665 85.60641506296129 0
      vertex 7.268786568327291 85.54602090672547 2
      vertex 7.1913986089848665 85.60641506296129 2
    endloop
  endfacet
  facet normal -0.6531728429537553 -0.757208846506503 0
    outer loop
      vertex 7.268786568327291 85.54602090672547 0
      vertex 7.343117909694037 85.48190225070992 2
      vertex 7.268786568327291 85.54602090672547 2
    endloop
  endfacet
  facet normal -0.6895405447371032 -0.7242470829514324 0
    outer loop
      vertex 7.343117909694037 85.48190225070992 0
      vertex 7.414213562373095 85.41421356237309 2
      vertex 7.343117909694037 85.48190225070992 2
    endloop
  endfacet
  facet normal -0.7242470829514854 -0.6895405447370474 0
    outer loop
      vertex 7.414213562373095 85.41421356237309 0
      vertex 7.481902250709918 85.34311790969403 2
      vertex 7.414213562373095 85.41421356237309 2
    endloop
  endfacet
  facet normal -0.7572088465064775 -0.6531728429537851 0
    outer loop
      vertex 7.481902250709918 85.34311790969403 0
      vertex 7.546020906725474 85.26878656832729 2
      vertex 7.481902250709918 85.34311790969403 2
    endloop
  endfacet
  facet normal -0.7883464276265778 -0.6152315905806633 0
    outer loop
      vertex 7.546020906725474 85.26878656832729 0
      vertex 7.60641506296129 85.19139860898487 2
      vertex 7.546020906725474 85.26878656832729 2
    endloop
  endfacet
  facet normal -0.8175848131515966 -0.575808191417827 0
    outer loop
      vertex 7.60641506296129 85.19139860898487 0
      vertex 7.662939224605091 85.1111404660392 2
      vertex 7.60641506296129 85.19139860898487 2
    endloop
  endfacet
  facet normal -0.8448535652496922 -0.5349976198871205 0
    outer loop
      vertex 7.715457220000544 85.02820548838645 2
      vertex 7.662939224605091 85.1111404660392 2
      vertex 7.662939224605091 85.1111404660392 0
    endloop
  endfacet
  facet normal 0.932992798834737 0.3598950365349931 0
    outer loop
      vertex 47.15224093497743 5.234633135269821 0
      vertex 47.11691186963396 5.32622029321556 0
      vertex 47.11691186963396 5.32622029321556 2
    endloop
  endfacet
  facet normal 0.8700869911087012 0.49289819222980197 0
    outer loop
      vertex 47.23615747130329 5.057206526348005 0
      vertex 47.23615747130329 5.057206526348005 2
      vertex 47.284542779999455 4.971794511613556 0
    endloop
  endfacet
  facet normal 0.8932243011955165 0.4496113296546041 0
    outer loop
      vertex 47.23615747130329 5.057206526348005 0
      vertex 47.19202141375311 5.144889813139436 0
      vertex 47.19202141375311 5.144889813139436 2
    endloop
  endfacet
  facet normal 0.9142097557035473 0.40524131400495245 0
    outer loop
      vertex 47.15224093497743 5.234633135269821 0
      vertex 47.15224093497743 5.234633135269821 2
      vertex 47.19202141375311 5.144889813139436 0
    endloop
  endfacet
  facet normal 0.9757021300385251 0.21910124015688484 0
    outer loop
      vertex 47.038429439193536 5.609819355967743 0
      vertex 47.038429439193536 5.609819355967743 2
      vertex 47.05993749361091 5.514039640193472 0
    endloop
  endfacet
  facet normal 0.9852776423889437 0.1709618887602871 0
    outer loop
      vertex 47.038429439193536 5.609819355967743 0
      vertex 47.021646980070436 5.706539051089276 0
      vertex 47.021646980070436 5.706539051089276 2
    endloop
  endfacet
  facet normal 0.9924795345987143 0.122410675199182 0
    outer loop
      vertex 47.021646980070436 5.706539051089276 0
      vertex 47.00963054665561 5.803965719340879 0
      vertex 47.00963054665561 5.803965719340879 2
    endloop
  endfacet
  facet normal 0.997290456678689 0.07356456359968486 0
    outer loop
      vertex 47.00963054665561 5.803965719340879 0
      vertex 47.002409087589655 5.901864651345164 0
      vertex 47.002409087589655 5.901864651345164 2
    endloop
  endfacet
  facet normal 0.9996988186962044 0.024541228522907587 0
    outer loop
      vertex 47.002409087589655 5.901864651345164 0
      vertex 47 6 0
      vertex 47 6 2
    endloop
  endfacet
  facet normal 0.9996988186962044 -0.024541228522907587 0
    outer loop
      vertex 47 6 0
      vertex 47.002409087589655 6.098135348654836 0
      vertex 47.002409087589655 6.098135348654836 2
    endloop
  endfacet
  facet normal 0.997290456678689 -0.07356456359968486 0
    outer loop
      vertex 47.002409087589655 6.098135348654836 0
      vertex 47.00963054665561 6.196034280659121 0
      vertex 47.00963054665561 6.196034280659121 2
    endloop
  endfacet
  facet normal 0.9495281805930298 0.31368174039891245 0
    outer loop
      vertex 47.08611932853558 5.419430645491075 0
      vertex 47.08611932853558 5.419430645491075 2
      vertex 47.11691186963396 5.32622029321556 0
    endloop
  endfacet
  facet normal 0.9637760657954378 0.2667127574749052 0
    outer loop
      vertex 47.08611932853558 5.419430645491075 0
      vertex 47.05993749361091 5.514039640193472 0
      vertex 47.05993749361091 5.514039640193472 2
    endloop
  endfacet
  facet normal 0.9924795345987143 -0.122410675199182 0
    outer loop
      vertex 47.00963054665561 6.196034280659121 0
      vertex 47.021646980070436 6.293460948910724 0
      vertex 47.021646980070436 6.293460948910724 2
    endloop
  endfacet
  facet normal 0.9852776423889437 -0.1709618887602871 0
    outer loop
      vertex 47.021646980070436 6.293460948910724 0
      vertex 47.038429439193536 6.390180644032257 0
      vertex 47.038429439193536 6.390180644032257 2
    endloop
  endfacet
  facet normal 0.9757021300385251 -0.21910124015688484 0
    outer loop
      vertex 47.038429439193536 6.390180644032257 0
      vertex 47.05993749361091 6.485960359806528 0
      vertex 47.05993749361091 6.485960359806528 2
    endloop
  endfacet
  facet normal 0.9637760657954378 -0.2667127574749052 0
    outer loop
      vertex 47.05993749361091 6.485960359806528 0
      vertex 47.08611932853558 6.580569354508925 0
      vertex 47.08611932853558 6.580569354508925 2
    endloop
  endfacet
  facet normal 0.9495281805930298 -0.31368174039891245 0
    outer loop
      vertex 47.08611932853558 6.580569354508925 0
      vertex 47.11691186963396 6.67377970678444 0
      vertex 47.11691186963396 6.67377970678444 2
    endloop
  endfacet
  facet normal 0.932992798834737 -0.3598950365349931 0
    outer loop
      vertex 47.11691186963396 6.67377970678444 0
      vertex 47.15224093497743 6.765366864730179 0
      vertex 47.15224093497743 6.765366864730179 2
    endloop
  endfacet
  facet normal 0.9142097557035473 -0.40524131400495245 0
    outer loop
      vertex 47.15224093497743 6.765366864730179 0
      vertex 47.19202141375311 6.855110186860564 0
      vertex 47.19202141375311 6.855110186860564 2
    endloop
  endfacet
  facet normal 0.8932243011955165 -0.4496113296546041 0
    outer loop
      vertex 47.19202141375311 6.855110186860564 0
      vertex 47.23615747130329 6.942793473651995 0
      vertex 47.23615747130329 6.942793473651995 2
    endloop
  endfacet
  facet normal 0.8175848131515858 0.5758081914178422 0
    outer loop
      vertex 47.39358493703871 4.8086013910151335 0
      vertex 47.33706077539491 4.888859533960796 0
      vertex 47.33706077539491 4.888859533960796 2
    endloop
  endfacet
  facet normal 0.7883464276266087 0.6152315905806238 0
    outer loop
      vertex 47.39358493703871 4.8086013910151335 0
      vertex 47.39358493703871 4.8086013910151335 2
      vertex 47.453979093274526 4.731213431672709 0
    endloop
  endfacet
  facet normal 0.7572088465064672 0.6531728429537969 0
    outer loop
      vertex 47.453979093274526 4.731213431672709 0
      vertex 47.453979093274526 4.731213431672709 2
      vertex 47.518097749290085 4.656882090305963 0
    endloop
  endfacet
  facet normal 0.8448535652496997 0.5349976198871089 0
    outer loop
      vertex 47.284542779999455 4.971794511613556 0
      vertex 47.284542779999455 4.971794511613556 2
      vertex 47.33706077539491 4.888859533960796 0
    endloop
  endfacet
  facet normal 0.7242470829514686 0.6895405447370653 0
    outer loop
      vertex 47.58578643762691 4.585786437626905 0
      vertex 47.518097749290085 4.656882090305963 0
      vertex 47.518097749290085 4.656882090305963 2
    endloop
  endfacet
  facet normal 0.6895405447370835 0.7242470829514511 0
    outer loop
      vertex 47.58578643762691 4.585786437626905 0
      vertex 47.58578643762691 4.585786437626905 2
      vertex 47.65688209030596 4.518097749290082 0
    endloop
  endfacet
  facet normal 0.6531728429537851 0.7572088465064775 0
    outer loop
      vertex 47.65688209030596 4.518097749290082 0
      vertex 47.65688209030596 4.518097749290082 2
      vertex 47.73121343167271 4.453979093274526 0
    endloop
  endfacet
  facet normal 0.575808191417827 0.8175848131515966 0
    outer loop
      vertex 47.80860139101513 4.39358493703871 0
      vertex 47.80860139101513 4.39358493703871 2
      vertex 47.8888595339608 4.337060775394909 0
    endloop
  endfacet
  facet normal 0.5349976198870878 0.844853565249713 0
    outer loop
      vertex 47.8888595339608 4.337060775394909 0
      vertex 47.8888595339608 4.337060775394909 2
      vertex 47.97179451161356 4.284542779999456 0
    endloop
  endfacet
  facet normal 0.4928981922298009 0.870086991108702 0
    outer loop
      vertex 47.97179451161356 4.284542779999456 0
      vertex 47.97179451161356 4.284542779999456 2
      vertex 48.057206526348004 4.23615747130329 0
    endloop
  endfacet
  facet normal 0.44961132965460776 0.8932243011955149 0
    outer loop
      vertex 48.057206526348004 4.23615747130329 0
      vertex 48.057206526348004 4.23615747130329 2
      vertex 48.144889813139436 4.192021413753113 0
    endloop
  endfacet
  facet normal 0.6152315905806283 0.7883464276266053 0
    outer loop
      vertex 47.80860139101513 4.39358493703871 0
      vertex 47.73121343167271 4.453979093274526 0
      vertex 47.73121343167271 4.453979093274526 2
    endloop
  endfacet
  facet normal 0.8700869911087012 -0.49289819222980197 0
    outer loop
      vertex 47.23615747130329 6.942793473651995 0
      vertex 47.284542779999455 7.028205488386444 0
      vertex 47.284542779999455 7.028205488386444 2
    endloop
  endfacet
  facet normal 0.8448535652496997 -0.5349976198871089 0
    outer loop
      vertex 47.284542779999455 7.028205488386444 0
      vertex 47.33706077539491 7.111140466039204 0
      vertex 47.33706077539491 7.111140466039204 2
    endloop
  endfacet
  facet normal 0.932992798834737 0.3598950365349931 0
    outer loop
      vertex 47.15224093497743 5.234633135269821 0
      vertex 47.11691186963396 5.32622029321556 2
      vertex 47.15224093497743 5.234633135269821 2
    endloop
  endfacet
  facet normal 0.8932243011955165 0.4496113296546041 0
    outer loop
      vertex 47.23615747130329 5.057206526348005 0
      vertex 47.19202141375311 5.144889813139436 2
      vertex 47.23615747130329 5.057206526348005 2
    endloop
  endfacet
  facet normal 0.9142097557035473 0.40524131400495245 0
    outer loop
      vertex 47.19202141375311 5.144889813139436 0
      vertex 47.15224093497743 5.234633135269821 2
      vertex 47.19202141375311 5.144889813139436 2
    endloop
  endfacet
  facet normal 0.9852776423889437 0.1709618887602871 0
    outer loop
      vertex 47.038429439193536 5.609819355967743 0
      vertex 47.021646980070436 5.706539051089276 2
      vertex 47.038429439193536 5.609819355967743 2
    endloop
  endfacet
  facet normal 0.9924795345987143 0.122410675199182 0
    outer loop
      vertex 47.021646980070436 5.706539051089276 0
      vertex 47.00963054665561 5.803965719340879 2
      vertex 47.021646980070436 5.706539051089276 2
    endloop
  endfacet
  facet normal 0.997290456678689 0.07356456359968486 0
    outer loop
      vertex 47.00963054665561 5.803965719340879 0
      vertex 47.002409087589655 5.901864651345164 2
      vertex 47.00963054665561 5.803965719340879 2
    endloop
  endfacet
  facet normal 0.9996988186962044 0.024541228522907587 0
    outer loop
      vertex 47.002409087589655 5.901864651345164 0
      vertex 47 6 2
      vertex 47.002409087589655 5.901864651345164 2
    endloop
  endfacet
  facet normal 0.9996988186962044 -0.024541228522907587 0
    outer loop
      vertex 47 6 0
      vertex 47.002409087589655 6.098135348654836 2
      vertex 47 6 2
    endloop
  endfacet
  facet normal 0.997290456678689 -0.07356456359968486 0
    outer loop
      vertex 47.002409087589655 6.098135348654836 0
      vertex 47.00963054665561 6.196034280659121 2
      vertex 47.002409087589655 6.098135348654836 2
    endloop
  endfacet
  facet normal 0.9637760657954378 0.2667127574749052 0
    outer loop
      vertex 47.08611932853558 5.419430645491075 0
      vertex 47.05993749361091 5.514039640193472 2
      vertex 47.08611932853558 5.419430645491075 2
    endloop
  endfacet
  facet normal 0.9495281805930298 0.31368174039891245 0
    outer loop
      vertex 47.11691186963396 5.32622029321556 0
      vertex 47.08611932853558 5.419430645491075 2
      vertex 47.11691186963396 5.32622029321556 2
    endloop
  endfacet
  facet normal 0.9757021300385251 0.21910124015688484 0
    outer loop
      vertex 47.05993749361091 5.514039640193472 0
      vertex 47.038429439193536 5.609819355967743 2
      vertex 47.05993749361091 5.514039640193472 2
    endloop
  endfacet
  facet normal 0.9924795345987143 -0.122410675199182 0
    outer loop
      vertex 47.00963054665561 6.196034280659121 0
      vertex 47.021646980070436 6.293460948910724 2
      vertex 47.00963054665561 6.196034280659121 2
    endloop
  endfacet
  facet normal 0.9852776423889437 -0.1709618887602871 0
    outer loop
      vertex 47.021646980070436 6.293460948910724 0
      vertex 47.038429439193536 6.390180644032257 2
      vertex 47.021646980070436 6.293460948910724 2
    endloop
  endfacet
  facet normal 0.9757021300385251 -0.21910124015688484 0
    outer loop
      vertex 47.038429439193536 6.390180644032257 0
      vertex 47.05993749361091 6.485960359806528 2
      vertex 47.038429439193536 6.390180644032257 2
    endloop
  endfacet
  facet normal 0.9637760657954378 -0.2667127574749052 0
    outer loop
      vertex 47.05993749361091 6.485960359806528 0
      vertex 47.08611932853558 6.580569354508925 2
      vertex 47.05993749361091 6.485960359806528 2
    endloop
  endfacet
  facet normal 0.9495281805930298 -0.31368174039891245 0
    outer loop
      vertex 47.08611932853558 6.580569354508925 0
      vertex 47.11691186963396 6.67377970678444 2
      vertex 47.08611932853558 6.580569354508925 2
    endloop
  endfacet
  facet normal 0.932992798834737 -0.3598950365349931 0
    outer loop
      vertex 47.11691186963396 6.67377970678444 0
      vertex 47.15224093497743 6.765366864730179 2
      vertex 47.11691186963396 6.67377970678444 2
    endloop
  endfacet
  facet normal 0.9142097557035473 -0.40524131400495245 0
    outer loop
      vertex 47.15224093497743 6.765366864730179 0
      vertex 47.19202141375311 6.855110186860564 2
      vertex 47.15224093497743 6.765366864730179 2
    endloop
  endfacet
  facet normal 0.8932243011955165 -0.4496113296546041 0
    outer loop
      vertex 47.19202141375311 6.855110186860564 0
      vertex 47.23615747130329 6.942793473651995 2
      vertex 47.19202141375311 6.855110186860564 2
    endloop
  endfacet
  facet normal 0.8700869911087012 -0.49289819222980197 0
    outer loop
      vertex 47.23615747130329 6.942793473651995 0
      vertex 47.284542779999455 7.028205488386444 2
      vertex 47.23615747130329 6.942793473651995 2
    endloop
  endfacet
  facet normal 0.8175848131515858 0.5758081914178422 0
    outer loop
      vertex 47.39358493703871 4.8086013910151335 0
      vertex 47.33706077539491 4.888859533960796 2
      vertex 47.39358493703871 4.8086013910151335 2
    endloop
  endfacet
  facet normal 0.7883464276266087 0.6152315905806238 0
    outer loop
      vertex 47.453979093274526 4.731213431672709 0
      vertex 47.39358493703871 4.8086013910151335 2
      vertex 47.453979093274526 4.731213431672709 2
    endloop
  endfacet
  facet normal 0.8700869911087012 0.49289819222980197 0
    outer loop
      vertex 47.284542779999455 4.971794511613556 0
      vertex 47.23615747130329 5.057206526348005 2
      vertex 47.284542779999455 4.971794511613556 2
    endloop
  endfacet
  facet normal 0.8448535652496997 0.5349976198871089 0
    outer loop
      vertex 47.33706077539491 4.888859533960796 0
      vertex 47.284542779999455 4.971794511613556 2
      vertex 47.33706077539491 4.888859533960796 2
    endloop
  endfacet
  facet normal 0.7242470829514686 0.6895405447370653 0
    outer loop
      vertex 47.58578643762691 4.585786437626905 0
      vertex 47.518097749290085 4.656882090305963 2
      vertex 47.58578643762691 4.585786437626905 2
    endloop
  endfacet
  facet normal 0.7572088465064672 0.6531728429537969 0
    outer loop
      vertex 47.518097749290085 4.656882090305963 0
      vertex 47.453979093274526 4.731213431672709 2
      vertex 47.518097749290085 4.656882090305963 2
    endloop
  endfacet
  facet normal 0.6895405447370835 0.7242470829514511 0
    outer loop
      vertex 47.65688209030596 4.518097749290082 0
      vertex 47.58578643762691 4.585786437626905 2
      vertex 47.65688209030596 4.518097749290082 2
    endloop
  endfacet
  facet normal 0.6152315905806283 0.7883464276266053 0
    outer loop
      vertex 47.80860139101513 4.39358493703871 0
      vertex 47.73121343167271 4.453979093274526 2
      vertex 47.80860139101513 4.39358493703871 2
    endloop
  endfacet
  facet normal 0.575808191417827 0.8175848131515966 0
    outer loop
      vertex 47.8888595339608 4.337060775394909 0
      vertex 47.80860139101513 4.39358493703871 2
      vertex 47.8888595339608 4.337060775394909 2
    endloop
  endfacet
  facet normal 0.5349976198870878 0.844853565249713 0
    outer loop
      vertex 47.97179451161356 4.284542779999456 0
      vertex 47.8888595339608 4.337060775394909 2
      vertex 47.97179451161356 4.284542779999456 2
    endloop
  endfacet
  facet normal 0.44961132965460776 0.8932243011955149 0
    outer loop
      vertex 48.057206526348004 4.23615747130329 2
      vertex 48.144889813139436 4.192021413753113 2
      vertex 48.144889813139436 4.192021413753113 0
    endloop
  endfacet
  facet normal 0.4928981922298009 0.870086991108702 0
    outer loop
      vertex 48.057206526348004 4.23615747130329 0
      vertex 47.97179451161356 4.284542779999456 2
      vertex 48.057206526348004 4.23615747130329 2
    endloop
  endfacet
  facet normal 0.6531728429537851 0.7572088465064775 0
    outer loop
      vertex 47.73121343167271 4.453979093274526 0
      vertex 47.65688209030596 4.518097749290082 2
      vertex 47.73121343167271 4.453979093274526 2
    endloop
  endfacet
  facet normal 0.8448535652496997 -0.5349976198871089 0
    outer loop
      vertex 47.284542779999455 7.028205488386444 0
      vertex 47.33706077539491 7.111140466039204 2
      vertex 47.284542779999455 7.028205488386444 2
    endloop
  endfacet
  facet normal 0.8175848131515858 -0.5758081914178422 0
    outer loop
      vertex 47.33706077539491 7.111140466039204 0
      vertex 47.39358493703871 7.1913986089848665 0
      vertex 47.39358493703871 7.1913986089848665 2
    endloop
  endfacet
  facet normal 0.7883464276266087 -0.6152315905806238 0
    outer loop
      vertex 47.39358493703871 7.1913986089848665 0
      vertex 47.453979093274526 7.268786568327291 0
      vertex 47.453979093274526 7.268786568327291 2
    endloop
  endfacet
  facet normal 0.7572088465064672 -0.6531728429537969 0
    outer loop
      vertex 47.453979093274526 7.268786568327291 0
      vertex 47.518097749290085 7.343117909694037 0
      vertex 47.518097749290085 7.343117909694037 2
    endloop
  endfacet
  facet normal 0.7242470829514686 -0.6895405447370653 0
    outer loop
      vertex 47.518097749290085 7.343117909694037 0
      vertex 47.58578643762691 7.414213562373095 0
      vertex 47.58578643762691 7.414213562373095 2
    endloop
  endfacet
  facet normal 0.6895405447370835 -0.7242470829514511 0
    outer loop
      vertex 47.58578643762691 7.414213562373095 0
      vertex 47.65688209030596 7.481902250709918 0
      vertex 47.65688209030596 7.481902250709918 2
    endloop
  endfacet
  facet normal 0.6531728429537851 -0.7572088465064775 0
    outer loop
      vertex 47.65688209030596 7.481902250709918 0
      vertex 47.73121343167271 7.546020906725474 0
      vertex 47.73121343167271 7.546020906725474 2
    endloop
  endfacet
  facet normal 0.6152315905806283 -0.7883464276266053 0
    outer loop
      vertex 47.73121343167271 7.546020906725474 0
      vertex 47.80860139101513 7.60641506296129 0
      vertex 47.80860139101513 7.60641506296129 2
    endloop
  endfacet
  facet normal 0.575808191417827 -0.8175848131515966 0
    outer loop
      vertex 47.80860139101513 7.60641506296129 0
      vertex 47.8888595339608 7.662939224605091 0
      vertex 47.8888595339608 7.662939224605091 2
    endloop
  endfacet
  facet normal 0.5349976198870878 -0.844853565249713 0
    outer loop
      vertex 47.8888595339608 7.662939224605091 0
      vertex 47.97179451161356 7.715457220000544 0
      vertex 47.97179451161356 7.715457220000544 2
    endloop
  endfacet
  facet normal 0.4928981922298009 -0.870086991108702 0
    outer loop
      vertex 47.97179451161356 7.715457220000544 0
      vertex 48.057206526348004 7.76384252869671 0
      vertex 48.057206526348004 7.76384252869671 2
    endloop
  endfacet
  facet normal 0.44961132965460776 -0.8932243011955149 0
    outer loop
      vertex 48.057206526348004 7.76384252869671 0
      vertex 48.144889813139436 7.807978586246887 0
      vertex 48.144889813139436 7.807978586246887 2
    endloop
  endfacet
  facet normal 0.8175848131515858 -0.5758081914178422 0
    outer loop
      vertex 47.33706077539491 7.111140466039204 0
      vertex 47.39358493703871 7.1913986089848665 2
      vertex 47.33706077539491 7.111140466039204 2
    endloop
  endfacet
  facet normal 0.7883464276266087 -0.6152315905806238 0
    outer loop
      vertex 47.39358493703871 7.1913986089848665 0
      vertex 47.453979093274526 7.268786568327291 2
      vertex 47.39358493703871 7.1913986089848665 2
    endloop
  endfacet
  facet normal 0.7572088465064672 -0.6531728429537969 0
    outer loop
      vertex 47.453979093274526 7.268786568327291 0
      vertex 47.518097749290085 7.343117909694037 2
      vertex 47.453979093274526 7.268786568327291 2
    endloop
  endfacet
  facet normal 0.7242470829514686 -0.6895405447370653 0
    outer loop
      vertex 47.518097749290085 7.343117909694037 0
      vertex 47.58578643762691 7.414213562373095 2
      vertex 47.518097749290085 7.343117909694037 2
    endloop
  endfacet
  facet normal 0.6895405447370835 -0.7242470829514511 0
    outer loop
      vertex 47.58578643762691 7.414213562373095 0
      vertex 47.65688209030596 7.481902250709918 2
      vertex 47.58578643762691 7.414213562373095 2
    endloop
  endfacet
  facet normal 0.6531728429537851 -0.7572088465064775 0
    outer loop
      vertex 47.65688209030596 7.481902250709918 0
      vertex 47.73121343167271 7.546020906725474 2
      vertex 47.65688209030596 7.481902250709918 2
    endloop
  endfacet
  facet normal 0.6152315905806283 -0.7883464276266053 0
    outer loop
      vertex 47.73121343167271 7.546020906725474 0
      vertex 47.80860139101513 7.60641506296129 2
      vertex 47.73121343167271 7.546020906725474 2
    endloop
  endfacet
  facet normal 0.575808191417827 -0.8175848131515966 0
    outer loop
      vertex 47.80860139101513 7.60641506296129 0
      vertex 47.8888595339608 7.662939224605091 2
      vertex 47.80860139101513 7.60641506296129 2
    endloop
  endfacet
  facet normal 0.5349976198870878 -0.844853565249713 0
    outer loop
      vertex 47.8888595339608 7.662939224605091 0
      vertex 47.97179451161356 7.715457220000544 2
      vertex 47.8888595339608 7.662939224605091 2
    endloop
  endfacet
  facet normal 0.4928981922298009 -0.870086991108702 0
    outer loop
      vertex 47.97179451161356 7.715457220000544 0
      vertex 48.057206526348004 7.76384252869671 2
      vertex 47.97179451161356 7.715457220000544 2
    endloop
  endfacet
  facet normal 0.44961132965460776 -0.8932243011955149 0
    outer loop
      vertex 48.057206526348004 7.76384252869671 0
      vertex 48.144889813139436 7.807978586246887 2
      vertex 48.057206526348004 7.76384252869671 2
    endloop
  endfacet
  facet normal 0.40524131400500363 0.9142097557035245 0
    outer loop
      vertex 48.144889813139436 4.192021413753113 0
      vertex 48.144889813139436 4.192021413753113 2
      vertex 48.23463313526982 4.152240934977426 0
    endloop
  endfacet
  facet normal 0.3598950365349609 0.9329927988347493 0
    outer loop
      vertex 48.23463313526982 4.152240934977426 0
      vertex 48.23463313526982 4.152240934977426 2
      vertex 48.32622029321556 4.116911869633959 0
    endloop
  endfacet
  facet normal 0.313681740398896 0.9495281805930351 0
    outer loop
      vertex 48.32622029321556 4.116911869633959 0
      vertex 48.32622029321556 4.116911869633959 2
      vertex 48.419430645491076 4.086119328535583 0
    endloop
  endfacet
  facet normal 0.26671275747490286 0.9637760657954386 0
    outer loop
      vertex 48.419430645491076 4.086119328535583 0
      vertex 48.419430645491076 4.086119328535583 2
      vertex 48.514039640193474 4.059937493610912 0
    endloop
  endfacet
  facet normal 0.21910124015686955 0.9757021300385285 0
    outer loop
      vertex 48.514039640193474 4.059937493610912 0
      vertex 48.514039640193474 4.059937493610912 2
      vertex 48.609819355967744 4.038429439193539 0
    endloop
  endfacet
  facet normal 0.17096188876030008 0.9852776423889414 0
    outer loop
      vertex 48.609819355967744 4.038429439193539 0
      vertex 48.609819355967744 4.038429439193539 2
      vertex 48.70653905108928 4.021646980070438 0
    endloop
  endfacet
  facet normal 0.12241067519922094 0.9924795345987094 0
    outer loop
      vertex 48.70653905108928 4.021646980070438 0
      vertex 48.70653905108928 4.021646980070438 2
      vertex 48.80396571934088 4.009630546655606 0
    endloop
  endfacet
  facet normal 0.07356456359966751 0.9972904566786902 0
    outer loop
      vertex 48.80396571934088 4.009630546655606 0
      vertex 48.80396571934088 4.009630546655606 2
      vertex 48.901864651345164 4.002409087589655 0
    endloop
  endfacet
  facet normal 0.024541228522907587 0.9996988186962044 0
    outer loop
      vertex 48.901864651345164 4.002409087589655 0
      vertex 48.901864651345164 4.002409087589655 2
      vertex 49 4 0
    endloop
  endfacet
  facet normal -0.024541228522907587 0.9996988186962044 0
    outer loop
      vertex 49 4 0
      vertex 49 4 2
      vertex 49.098135348654836 4.002409087589655 0
    endloop
  endfacet
  facet normal -0.07356456359966751 0.9972904566786902 0
    outer loop
      vertex 49.098135348654836 4.002409087589655 0
      vertex 49.098135348654836 4.002409087589655 2
      vertex 49.19603428065912 4.009630546655606 0
    endloop
  endfacet
  facet normal -0.12241067519922094 0.9924795345987094 0
    outer loop
      vertex 49.19603428065912 4.009630546655606 0
      vertex 49.19603428065912 4.009630546655606 2
      vertex 49.29346094891072 4.021646980070438 0
    endloop
  endfacet
  facet normal -0.17096188876030008 0.9852776423889414 0
    outer loop
      vertex 49.29346094891072 4.021646980070438 0
      vertex 49.29346094891072 4.021646980070438 2
      vertex 49.390180644032256 4.038429439193539 0
    endloop
  endfacet
  facet normal -0.21910124015686955 0.9757021300385285 0
    outer loop
      vertex 49.390180644032256 4.038429439193539 0
      vertex 49.390180644032256 4.038429439193539 2
      vertex 49.485960359806526 4.059937493610912 0
    endloop
  endfacet
  facet normal -0.26671275747490286 0.9637760657954386 0
    outer loop
      vertex 49.485960359806526 4.059937493610912 0
      vertex 49.485960359806526 4.059937493610912 2
      vertex 49.580569354508924 4.086119328535583 0
    endloop
  endfacet
  facet normal -0.313681740398896 0.9495281805930351 0
    outer loop
      vertex 49.580569354508924 4.086119328535583 0
      vertex 49.580569354508924 4.086119328535583 2
      vertex 49.67377970678444 4.116911869633959 0
    endloop
  endfacet
  facet normal -0.3598950365349609 0.9329927988347493 0
    outer loop
      vertex 49.67377970678444 4.116911869633959 0
      vertex 49.67377970678444 4.116911869633959 2
      vertex 49.76536686473018 4.152240934977426 0
    endloop
  endfacet
  facet normal -0.40524131400500363 0.9142097557035245 0
    outer loop
      vertex 49.76536686473018 4.152240934977426 0
      vertex 49.76536686473018 4.152240934977426 2
      vertex 49.855110186860564 4.192021413753113 0
    endloop
  endfacet
  facet normal 0.40524131400500363 0.9142097557035245 0
    outer loop
      vertex 48.23463313526982 4.152240934977426 0
      vertex 48.144889813139436 4.192021413753113 2
      vertex 48.23463313526982 4.152240934977426 2
    endloop
  endfacet
  facet normal 0.3598950365349609 0.9329927988347493 0
    outer loop
      vertex 48.32622029321556 4.116911869633959 0
      vertex 48.23463313526982 4.152240934977426 2
      vertex 48.32622029321556 4.116911869633959 2
    endloop
  endfacet
  facet normal 0.313681740398896 0.9495281805930351 0
    outer loop
      vertex 48.419430645491076 4.086119328535583 0
      vertex 48.32622029321556 4.116911869633959 2
      vertex 48.419430645491076 4.086119328535583 2
    endloop
  endfacet
  facet normal 0.26671275747490286 0.9637760657954386 0
    outer loop
      vertex 48.514039640193474 4.059937493610912 0
      vertex 48.419430645491076 4.086119328535583 2
      vertex 48.514039640193474 4.059937493610912 2
    endloop
  endfacet
  facet normal 0.21910124015686955 0.9757021300385285 0
    outer loop
      vertex 48.609819355967744 4.038429439193539 0
      vertex 48.514039640193474 4.059937493610912 2
      vertex 48.609819355967744 4.038429439193539 2
    endloop
  endfacet
  facet normal 0.17096188876030008 0.9852776423889414 0
    outer loop
      vertex 48.70653905108928 4.021646980070438 0
      vertex 48.609819355967744 4.038429439193539 2
      vertex 48.70653905108928 4.021646980070438 2
    endloop
  endfacet
  facet normal 0.12241067519922094 0.9924795345987094 0
    outer loop
      vertex 48.80396571934088 4.009630546655606 0
      vertex 48.70653905108928 4.021646980070438 2
      vertex 48.80396571934088 4.009630546655606 2
    endloop
  endfacet
  facet normal 0.07356456359966751 0.9972904566786902 0
    outer loop
      vertex 48.901864651345164 4.002409087589655 0
      vertex 48.80396571934088 4.009630546655606 2
      vertex 48.901864651345164 4.002409087589655 2
    endloop
  endfacet
  facet normal 0.024541228522907587 0.9996988186962044 0
    outer loop
      vertex 49 4 0
      vertex 48.901864651345164 4.002409087589655 2
      vertex 49 4 2
    endloop
  endfacet
  facet normal -0.024541228522907587 0.9996988186962044 0
    outer loop
      vertex 49.098135348654836 4.002409087589655 0
      vertex 49 4 2
      vertex 49.098135348654836 4.002409087589655 2
    endloop
  endfacet
  facet normal -0.07356456359966751 0.9972904566786902 0
    outer loop
      vertex 49.19603428065912 4.009630546655606 0
      vertex 49.098135348654836 4.002409087589655 2
      vertex 49.19603428065912 4.009630546655606 2
    endloop
  endfacet
  facet normal -0.12241067519922094 0.9924795345987094 0
    outer loop
      vertex 49.29346094891072 4.021646980070438 0
      vertex 49.19603428065912 4.009630546655606 2
      vertex 49.29346094891072 4.021646980070438 2
    endloop
  endfacet
  facet normal -0.17096188876030008 0.9852776423889414 0
    outer loop
      vertex 49.390180644032256 4.038429439193539 0
      vertex 49.29346094891072 4.021646980070438 2
      vertex 49.390180644032256 4.038429439193539 2
    endloop
  endfacet
  facet normal -0.21910124015686955 0.9757021300385285 0
    outer loop
      vertex 49.485960359806526 4.059937493610912 0
      vertex 49.390180644032256 4.038429439193539 2
      vertex 49.485960359806526 4.059937493610912 2
    endloop
  endfacet
  facet normal -0.26671275747490286 0.9637760657954386 0
    outer loop
      vertex 49.580569354508924 4.086119328535583 0
      vertex 49.485960359806526 4.059937493610912 2
      vertex 49.580569354508924 4.086119328535583 2
    endloop
  endfacet
  facet normal -0.313681740398896 0.9495281805930351 0
    outer loop
      vertex 49.67377970678444 4.116911869633959 0
      vertex 49.580569354508924 4.086119328535583 2
      vertex 49.67377970678444 4.116911869633959 2
    endloop
  endfacet
  facet normal -0.3598950365349609 0.9329927988347493 0
    outer loop
      vertex 49.76536686473018 4.152240934977426 0
      vertex 49.67377970678444 4.116911869633959 2
      vertex 49.76536686473018 4.152240934977426 2
    endloop
  endfacet
  facet normal -0.40524131400500363 0.9142097557035245 0
    outer loop
      vertex 49.76536686473018 4.152240934977426 2
      vertex 49.855110186860564 4.192021413753113 2
      vertex 49.855110186860564 4.192021413753113 0
    endloop
  endfacet
  facet normal -0.44961132965460776 0.8932243011955149 0
    outer loop
      vertex 49.855110186860564 4.192021413753113 0
      vertex 49.855110186860564 4.192021413753113 2
      vertex 49.942793473651996 4.23615747130329 0
    endloop
  endfacet
  facet normal -0.4928981922298009 0.870086991108702 0
    outer loop
      vertex 49.942793473651996 4.23615747130329 0
      vertex 49.942793473651996 4.23615747130329 2
      vertex 50.02820548838644 4.284542779999456 0
    endloop
  endfacet
  facet normal -0.5349976198870878 0.844853565249713 0
    outer loop
      vertex 50.02820548838644 4.284542779999456 0
      vertex 50.02820548838644 4.284542779999456 2
      vertex 50.1111404660392 4.337060775394909 0
    endloop
  endfacet
  facet normal -0.575808191417827 0.8175848131515966 0
    outer loop
      vertex 50.1111404660392 4.337060775394909 0
      vertex 50.1111404660392 4.337060775394909 2
      vertex 50.19139860898487 4.39358493703871 0
    endloop
  endfacet
  facet normal -0.6152315905806283 0.7883464276266053 0
    outer loop
      vertex 50.19139860898487 4.39358493703871 0
      vertex 50.19139860898487 4.39358493703871 2
      vertex 50.26878656832729 4.453979093274526 0
    endloop
  endfacet
  facet normal -0.6531728429537851 0.7572088465064775 0
    outer loop
      vertex 50.26878656832729 4.453979093274526 0
      vertex 50.26878656832729 4.453979093274526 2
      vertex 50.34311790969404 4.518097749290082 0
    endloop
  endfacet
  facet normal -0.6895405447370835 0.7242470829514511 0
    outer loop
      vertex 50.34311790969404 4.518097749290082 0
      vertex 50.34311790969404 4.518097749290082 2
      vertex 50.41421356237309 4.585786437626905 0
    endloop
  endfacet
  facet normal -0.7242470829514686 0.6895405447370653 0
    outer loop
      vertex 50.41421356237309 4.585786437626905 0
      vertex 50.41421356237309 4.585786437626905 2
      vertex 50.481902250709915 4.656882090305963 0
    endloop
  endfacet
  facet normal -0.7572088465064672 0.6531728429537969 0
    outer loop
      vertex 50.481902250709915 4.656882090305963 0
      vertex 50.481902250709915 4.656882090305963 2
      vertex 50.546020906725474 4.731213431672709 0
    endloop
  endfacet
  facet normal -0.7883464276266087 0.6152315905806238 0
    outer loop
      vertex 50.546020906725474 4.731213431672709 0
      vertex 50.546020906725474 4.731213431672709 2
      vertex 50.60641506296129 4.8086013910151335 0
    endloop
  endfacet
  facet normal -0.8175848131515858 0.5758081914178422 0
    outer loop
      vertex 50.60641506296129 4.8086013910151335 0
      vertex 50.60641506296129 4.8086013910151335 2
      vertex 50.66293922460509 4.888859533960796 0
    endloop
  endfacet
  facet normal -0.8448535652496997 0.5349976198871089 0
    outer loop
      vertex 50.66293922460509 4.888859533960796 0
      vertex 50.66293922460509 4.888859533960796 2
      vertex 50.715457220000545 4.971794511613556 0
    endloop
  endfacet
  facet normal -0.8448535652496997 -0.5349976198871089 0
    outer loop
      vertex 50.715457220000545 7.028205488386444 0
      vertex 50.715457220000545 7.028205488386444 2
      vertex 50.66293922460509 7.111140466039204 0
    endloop
  endfacet
  facet normal -0.8700869911087012 0.49289819222980197 0
    outer loop
      vertex 50.715457220000545 4.971794511613556 0
      vertex 50.715457220000545 4.971794511613556 2
      vertex 50.76384252869671 5.057206526348005 0
    endloop
  endfacet
  facet normal -0.8932243011955165 0.4496113296546041 0
    outer loop
      vertex 50.76384252869671 5.057206526348005 0
      vertex 50.76384252869671 5.057206526348005 2
      vertex 50.80797858624689 5.144889813139436 0
    endloop
  endfacet
  facet normal -0.9142097557035473 0.40524131400495245 0
    outer loop
      vertex 50.80797858624689 5.144889813139436 0
      vertex 50.80797858624689 5.144889813139436 2
      vertex 50.84775906502257 5.234633135269821 0
    endloop
  endfacet
  facet normal -0.932992798834737 0.3598950365349931 0
    outer loop
      vertex 50.84775906502257 5.234633135269821 0
      vertex 50.84775906502257 5.234633135269821 2
      vertex 50.88308813036604 5.32622029321556 0
    endloop
  endfacet
  facet normal -0.9495281805930298 0.31368174039891245 0
    outer loop
      vertex 50.88308813036604 5.32622029321556 0
      vertex 50.88308813036604 5.32622029321556 2
      vertex 50.91388067146442 5.419430645491075 0
    endloop
  endfacet
  facet normal -0.9637760657954378 0.2667127574749052 0
    outer loop
      vertex 50.91388067146442 5.419430645491075 0
      vertex 50.91388067146442 5.419430645491075 2
      vertex 50.94006250638909 5.514039640193472 0
    endloop
  endfacet
  facet normal -0.9757021300385251 0.21910124015688484 0
    outer loop
      vertex 50.94006250638909 5.514039640193472 0
      vertex 50.94006250638909 5.514039640193472 2
      vertex 50.961570560806464 5.609819355967743 0
    endloop
  endfacet
  facet normal -0.9852776423889437 0.1709618887602871 0
    outer loop
      vertex 50.961570560806464 5.609819355967743 0
      vertex 50.961570560806464 5.609819355967743 2
      vertex 50.978353019929564 5.706539051089276 0
    endloop
  endfacet
  facet normal -0.9924795345987143 0.122410675199182 0
    outer loop
      vertex 50.978353019929564 5.706539051089276 0
      vertex 50.978353019929564 5.706539051089276 2
      vertex 50.99036945334439 5.803965719340879 0
    endloop
  endfacet
  facet normal -0.997290456678689 0.07356456359968486 0
    outer loop
      vertex 50.99036945334439 5.803965719340879 0
      vertex 50.99036945334439 5.803965719340879 2
      vertex 50.997590912410345 5.901864651345164 0
    endloop
  endfacet
  facet normal -0.9996988186962044 0.024541228522907587 0
    outer loop
      vertex 50.997590912410345 5.901864651345164 0
      vertex 50.997590912410345 5.901864651345164 2
      vertex 51 6 0
    endloop
  endfacet
  facet normal -0.9996988186962044 -0.024541228522907587 0
    outer loop
      vertex 51 6 0
      vertex 51 6 2
      vertex 50.997590912410345 6.098135348654836 0
    endloop
  endfacet
  facet normal -0.997290456678689 -0.07356456359968486 0
    outer loop
      vertex 50.997590912410345 6.098135348654836 0
      vertex 50.997590912410345 6.098135348654836 2
      vertex 50.99036945334439 6.196034280659121 0
    endloop
  endfacet
  facet normal -0.9495281805930298 -0.31368174039891245 0
    outer loop
      vertex 50.91388067146442 6.580569354508925 0
      vertex 50.91388067146442 6.580569354508925 2
      vertex 50.88308813036604 6.67377970678444 0
    endloop
  endfacet
  facet normal -0.8700869911087012 -0.49289819222980197 0
    outer loop
      vertex 50.715457220000545 7.028205488386444 0
      vertex 50.76384252869671 6.942793473651995 0
      vertex 50.76384252869671 6.942793473651995 2
    endloop
  endfacet
  facet normal -0.8932243011955165 -0.4496113296546041 0
    outer loop
      vertex 50.80797858624689 6.855110186860564 0
      vertex 50.80797858624689 6.855110186860564 2
      vertex 50.76384252869671 6.942793473651995 0
    endloop
  endfacet
  facet normal -0.9142097557035473 -0.40524131400495245 0
    outer loop
      vertex 50.80797858624689 6.855110186860564 0
      vertex 50.84775906502257 6.765366864730179 0
      vertex 50.84775906502257 6.765366864730179 2
    endloop
  endfacet
  facet normal -0.932992798834737 -0.3598950365349931 0
    outer loop
      vertex 50.84775906502257 6.765366864730179 0
      vertex 50.88308813036604 6.67377970678444 0
      vertex 50.88308813036604 6.67377970678444 2
    endloop
  endfacet
  facet normal -0.9757021300385251 -0.21910124015688484 0
    outer loop
      vertex 50.961570560806464 6.390180644032257 0
      vertex 50.961570560806464 6.390180644032257 2
      vertex 50.94006250638909 6.485960359806528 0
    endloop
  endfacet
  facet normal -0.9924795345987143 -0.122410675199182 0
    outer loop
      vertex 50.99036945334439 6.196034280659121 0
      vertex 50.99036945334439 6.196034280659121 2
      vertex 50.978353019929564 6.293460948910724 0
    endloop
  endfacet
  facet normal -0.9852776423889437 -0.1709618887602871 0
    outer loop
      vertex 50.961570560806464 6.390180644032257 0
      vertex 50.978353019929564 6.293460948910724 0
      vertex 50.978353019929564 6.293460948910724 2
    endloop
  endfacet
  facet normal -0.9637760657954378 -0.2667127574749052 0
    outer loop
      vertex 50.91388067146442 6.580569354508925 0
      vertex 50.94006250638909 6.485960359806528 0
      vertex 50.94006250638909 6.485960359806528 2
    endloop
  endfacet
  facet normal -0.44961132965460776 0.8932243011955149 0
    outer loop
      vertex 49.942793473651996 4.23615747130329 0
      vertex 49.855110186860564 4.192021413753113 2
      vertex 49.942793473651996 4.23615747130329 2
    endloop
  endfacet
  facet normal -0.4928981922298009 0.870086991108702 0
    outer loop
      vertex 50.02820548838644 4.284542779999456 0
      vertex 49.942793473651996 4.23615747130329 2
      vertex 50.02820548838644 4.284542779999456 2
    endloop
  endfacet
  facet normal -0.5349976198870878 0.844853565249713 0
    outer loop
      vertex 50.1111404660392 4.337060775394909 0
      vertex 50.02820548838644 4.284542779999456 2
      vertex 50.1111404660392 4.337060775394909 2
    endloop
  endfacet
  facet normal -0.575808191417827 0.8175848131515966 0
    outer loop
      vertex 50.19139860898487 4.39358493703871 0
      vertex 50.1111404660392 4.337060775394909 2
      vertex 50.19139860898487 4.39358493703871 2
    endloop
  endfacet
  facet normal -0.6152315905806283 0.7883464276266053 0
    outer loop
      vertex 50.26878656832729 4.453979093274526 0
      vertex 50.19139860898487 4.39358493703871 2
      vertex 50.26878656832729 4.453979093274526 2
    endloop
  endfacet
  facet normal -0.6531728429537851 0.7572088465064775 0
    outer loop
      vertex 50.34311790969404 4.518097749290082 0
      vertex 50.26878656832729 4.453979093274526 2
      vertex 50.34311790969404 4.518097749290082 2
    endloop
  endfacet
  facet normal -0.6895405447370835 0.7242470829514511 0
    outer loop
      vertex 50.41421356237309 4.585786437626905 0
      vertex 50.34311790969404 4.518097749290082 2
      vertex 50.41421356237309 4.585786437626905 2
    endloop
  endfacet
  facet normal -0.7242470829514686 0.6895405447370653 0
    outer loop
      vertex 50.481902250709915 4.656882090305963 0
      vertex 50.41421356237309 4.585786437626905 2
      vertex 50.481902250709915 4.656882090305963 2
    endloop
  endfacet
  facet normal -0.7572088465064672 0.6531728429537969 0
    outer loop
      vertex 50.546020906725474 4.731213431672709 0
      vertex 50.481902250709915 4.656882090305963 2
      vertex 50.546020906725474 4.731213431672709 2
    endloop
  endfacet
  facet normal -0.7883464276266087 0.6152315905806238 0
    outer loop
      vertex 50.60641506296129 4.8086013910151335 0
      vertex 50.546020906725474 4.731213431672709 2
      vertex 50.60641506296129 4.8086013910151335 2
    endloop
  endfacet
  facet normal -0.8175848131515858 0.5758081914178422 0
    outer loop
      vertex 50.66293922460509 4.888859533960796 0
      vertex 50.60641506296129 4.8086013910151335 2
      vertex 50.66293922460509 4.888859533960796 2
    endloop
  endfacet
  facet normal -0.8448535652496997 0.5349976198871089 0
    outer loop
      vertex 50.715457220000545 4.971794511613556 0
      vertex 50.66293922460509 4.888859533960796 2
      vertex 50.715457220000545 4.971794511613556 2
    endloop
  endfacet
  facet normal -0.8448535652496997 -0.5349976198871089 0
    outer loop
      vertex 50.715457220000545 7.028205488386444 2
      vertex 50.66293922460509 7.111140466039204 2
      vertex 50.66293922460509 7.111140466039204 0
    endloop
  endfacet
  facet normal -0.8700869911087012 0.49289819222980197 0
    outer loop
      vertex 50.76384252869671 5.057206526348005 0
      vertex 50.715457220000545 4.971794511613556 2
      vertex 50.76384252869671 5.057206526348005 2
    endloop
  endfacet
  facet normal -0.8932243011955165 0.4496113296546041 0
    outer loop
      vertex 50.80797858624689 5.144889813139436 0
      vertex 50.76384252869671 5.057206526348005 2
      vertex 50.80797858624689 5.144889813139436 2
    endloop
  endfacet
  facet normal -0.9142097557035473 0.40524131400495245 0
    outer loop
      vertex 50.84775906502257 5.234633135269821 0
      vertex 50.80797858624689 5.144889813139436 2
      vertex 50.84775906502257 5.234633135269821 2
    endloop
  endfacet
  facet normal -0.932992798834737 0.3598950365349931 0
    outer loop
      vertex 50.88308813036604 5.32622029321556 0
      vertex 50.84775906502257 5.234633135269821 2
      vertex 50.88308813036604 5.32622029321556 2
    endloop
  endfacet
  facet normal -0.9495281805930298 0.31368174039891245 0
    outer loop
      vertex 50.91388067146442 5.419430645491075 0
      vertex 50.88308813036604 5.32622029321556 2
      vertex 50.91388067146442 5.419430645491075 2
    endloop
  endfacet
  facet normal -0.9637760657954378 0.2667127574749052 0
    outer loop
      vertex 50.94006250638909 5.514039640193472 0
      vertex 50.91388067146442 5.419430645491075 2
      vertex 50.94006250638909 5.514039640193472 2
    endloop
  endfacet
  facet normal -0.9757021300385251 0.21910124015688484 0
    outer loop
      vertex 50.961570560806464 5.609819355967743 0
      vertex 50.94006250638909 5.514039640193472 2
      vertex 50.961570560806464 5.609819355967743 2
    endloop
  endfacet
  facet normal -0.9852776423889437 0.1709618887602871 0
    outer loop
      vertex 50.978353019929564 5.706539051089276 0
      vertex 50.961570560806464 5.609819355967743 2
      vertex 50.978353019929564 5.706539051089276 2
    endloop
  endfacet
  facet normal -0.9924795345987143 0.122410675199182 0
    outer loop
      vertex 50.99036945334439 5.803965719340879 0
      vertex 50.978353019929564 5.706539051089276 2
      vertex 50.99036945334439 5.803965719340879 2
    endloop
  endfacet
  facet normal -0.997290456678689 0.07356456359968486 0
    outer loop
      vertex 50.997590912410345 5.901864651345164 0
      vertex 50.99036945334439 5.803965719340879 2
      vertex 50.997590912410345 5.901864651345164 2
    endloop
  endfacet
  facet normal -0.9996988186962044 0.024541228522907587 0
    outer loop
      vertex 51 6 0
      vertex 50.997590912410345 5.901864651345164 2
      vertex 51 6 2
    endloop
  endfacet
  facet normal -0.9996988186962044 -0.024541228522907587 0
    outer loop
      vertex 50.997590912410345 6.098135348654836 0
      vertex 51 6 2
      vertex 50.997590912410345 6.098135348654836 2
    endloop
  endfacet
  facet normal -0.997290456678689 -0.07356456359968486 0
    outer loop
      vertex 50.99036945334439 6.196034280659121 0
      vertex 50.997590912410345 6.098135348654836 2
      vertex 50.99036945334439 6.196034280659121 2
    endloop
  endfacet
  facet normal -0.9495281805930298 -0.31368174039891245 0
    outer loop
      vertex 50.88308813036604 6.67377970678444 0
      vertex 50.91388067146442 6.580569354508925 2
      vertex 50.88308813036604 6.67377970678444 2
    endloop
  endfacet
  facet normal -0.8700869911087012 -0.49289819222980197 0
    outer loop
      vertex 50.715457220000545 7.028205488386444 0
      vertex 50.76384252869671 6.942793473651995 2
      vertex 50.715457220000545 7.028205488386444 2
    endloop
  endfacet
  facet normal -0.8932243011955165 -0.4496113296546041 0
    outer loop
      vertex 50.76384252869671 6.942793473651995 0
      vertex 50.80797858624689 6.855110186860564 2
      vertex 50.76384252869671 6.942793473651995 2
    endloop
  endfacet
  facet normal -0.932992798834737 -0.3598950365349931 0
    outer loop
      vertex 50.84775906502257 6.765366864730179 0
      vertex 50.88308813036604 6.67377970678444 2
      vertex 50.84775906502257 6.765366864730179 2
    endloop
  endfacet
  facet normal -0.9142097557035473 -0.40524131400495245 0
    outer loop
      vertex 50.80797858624689 6.855110186860564 0
      vertex 50.84775906502257 6.765366864730179 2
      vertex 50.80797858624689 6.855110186860564 2
    endloop
  endfacet
  facet normal -0.9852776423889437 -0.1709618887602871 0
    outer loop
      vertex 50.961570560806464 6.390180644032257 0
      vertex 50.978353019929564 6.293460948910724 2
      vertex 50.961570560806464 6.390180644032257 2
    endloop
  endfacet
  facet normal -0.9924795345987143 -0.122410675199182 0
    outer loop
      vertex 50.978353019929564 6.293460948910724 0
      vertex 50.99036945334439 6.196034280659121 2
      vertex 50.978353019929564 6.293460948910724 2
    endloop
  endfacet
  facet normal -0.9757021300385251 -0.21910124015688484 0
    outer loop
      vertex 50.94006250638909 6.485960359806528 0
      vertex 50.961570560806464 6.390180644032257 2
      vertex 50.94006250638909 6.485960359806528 2
    endloop
  endfacet
  facet normal -0.9637760657954378 -0.2667127574749052 0
    outer loop
      vertex 50.91388067146442 6.580569354508925 0
      vertex 50.94006250638909 6.485960359806528 2
      vertex 50.91388067146442 6.580569354508925 2
    endloop
  endfacet
  facet normal 0.40524131400500363 -0.9142097557035245 0
    outer loop
      vertex 48.144889813139436 7.807978586246887 0
      vertex 48.23463313526982 7.847759065022574 0
      vertex 48.23463313526982 7.847759065022574 2
    endloop
  endfacet
  facet normal 0.3598950365349609 -0.9329927988347493 0
    outer loop
      vertex 48.23463313526982 7.847759065022574 0
      vertex 48.32622029321556 7.883088130366041 0
      vertex 48.32622029321556 7.883088130366041 2
    endloop
  endfacet
  facet normal 0.313681740398896 -0.9495281805930351 0
    outer loop
      vertex 48.32622029321556 7.883088130366041 0
      vertex 48.419430645491076 7.913880671464417 0
      vertex 48.419430645491076 7.913880671464417 2
    endloop
  endfacet
  facet normal 0.26671275747490286 -0.9637760657954386 0
    outer loop
      vertex 48.419430645491076 7.913880671464417 0
      vertex 48.514039640193474 7.940062506389088 0
      vertex 48.514039640193474 7.940062506389088 2
    endloop
  endfacet
  facet normal 0.21910124015686955 -0.9757021300385285 0
    outer loop
      vertex 48.514039640193474 7.940062506389088 0
      vertex 48.609819355967744 7.961570560806461 0
      vertex 48.609819355967744 7.961570560806461 2
    endloop
  endfacet
  facet normal 0.17096188876030008 -0.9852776423889414 0
    outer loop
      vertex 48.609819355967744 7.961570560806461 0
      vertex 48.70653905108928 7.978353019929562 0
      vertex 48.70653905108928 7.978353019929562 2
    endloop
  endfacet
  facet normal 0.12241067519922094 -0.9924795345987094 0
    outer loop
      vertex 48.70653905108928 7.978353019929562 0
      vertex 48.80396571934088 7.990369453344394 0
      vertex 48.80396571934088 7.990369453344394 2
    endloop
  endfacet
  facet normal 0.07356456359966751 -0.9972904566786902 0
    outer loop
      vertex 48.80396571934088 7.990369453344394 0
      vertex 48.901864651345164 7.997590912410345 0
      vertex 48.901864651345164 7.997590912410345 2
    endloop
  endfacet
  facet normal 0.024541228522907587 -0.9996988186962044 0
    outer loop
      vertex 48.901864651345164 7.997590912410345 0
      vertex 49 8 0
      vertex 49 8 2
    endloop
  endfacet
  facet normal -0.17096188876030008 -0.9852776423889414 0
    outer loop
      vertex 49.390180644032256 7.961570560806461 0
      vertex 49.390180644032256 7.961570560806461 2
      vertex 49.29346094891072 7.978353019929562 0
    endloop
  endfacet
  facet normal -0.024541228522907587 -0.9996988186962044 0
    outer loop
      vertex 49 8 0
      vertex 49.098135348654836 7.997590912410345 0
      vertex 49.098135348654836 7.997590912410345 2
    endloop
  endfacet
  facet normal -0.07356456359966751 -0.9972904566786902 0
    outer loop
      vertex 49.098135348654836 7.997590912410345 0
      vertex 49.19603428065912 7.990369453344394 0
      vertex 49.19603428065912 7.990369453344394 2
    endloop
  endfacet
  facet normal -0.12241067519922094 -0.9924795345987094 0
    outer loop
      vertex 49.19603428065912 7.990369453344394 0
      vertex 49.29346094891072 7.978353019929562 0
      vertex 49.29346094891072 7.978353019929562 2
    endloop
  endfacet
  facet normal -0.21910124015686955 -0.9757021300385285 0
    outer loop
      vertex 49.390180644032256 7.961570560806461 0
      vertex 49.485960359806526 7.940062506389088 0
      vertex 49.485960359806526 7.940062506389088 2
    endloop
  endfacet
  facet normal -0.26671275747490286 -0.9637760657954386 0
    outer loop
      vertex 49.485960359806526 7.940062506389088 0
      vertex 49.580569354508924 7.913880671464417 0
      vertex 49.580569354508924 7.913880671464417 2
    endloop
  endfacet
  facet normal -0.313681740398896 -0.9495281805930351 0
    outer loop
      vertex 49.580569354508924 7.913880671464417 0
      vertex 49.67377970678444 7.883088130366041 0
      vertex 49.67377970678444 7.883088130366041 2
    endloop
  endfacet
  facet normal -0.3598950365349609 -0.9329927988347493 0
    outer loop
      vertex 49.67377970678444 7.883088130366041 0
      vertex 49.76536686473018 7.847759065022574 0
      vertex 49.76536686473018 7.847759065022574 2
    endloop
  endfacet
  facet normal -0.40524131400500363 -0.9142097557035245 0
    outer loop
      vertex 49.76536686473018 7.847759065022574 0
      vertex 49.855110186860564 7.807978586246887 0
      vertex 49.855110186860564 7.807978586246887 2
    endloop
  endfacet
  facet normal 0.40524131400500363 -0.9142097557035245 0
    outer loop
      vertex 48.144889813139436 7.807978586246887 0
      vertex 48.23463313526982 7.847759065022574 2
      vertex 48.144889813139436 7.807978586246887 2
    endloop
  endfacet
  facet normal 0.3598950365349609 -0.9329927988347493 0
    outer loop
      vertex 48.23463313526982 7.847759065022574 0
      vertex 48.32622029321556 7.883088130366041 2
      vertex 48.23463313526982 7.847759065022574 2
    endloop
  endfacet
  facet normal 0.313681740398896 -0.9495281805930351 0
    outer loop
      vertex 48.32622029321556 7.883088130366041 0
      vertex 48.419430645491076 7.913880671464417 2
      vertex 48.32622029321556 7.883088130366041 2
    endloop
  endfacet
  facet normal 0.26671275747490286 -0.9637760657954386 0
    outer loop
      vertex 48.419430645491076 7.913880671464417 0
      vertex 48.514039640193474 7.940062506389088 2
      vertex 48.419430645491076 7.913880671464417 2
    endloop
  endfacet
  facet normal 0.21910124015686955 -0.9757021300385285 0
    outer loop
      vertex 48.514039640193474 7.940062506389088 0
      vertex 48.609819355967744 7.961570560806461 2
      vertex 48.514039640193474 7.940062506389088 2
    endloop
  endfacet
  facet normal 0.17096188876030008 -0.9852776423889414 0
    outer loop
      vertex 48.609819355967744 7.961570560806461 0
      vertex 48.70653905108928 7.978353019929562 2
      vertex 48.609819355967744 7.961570560806461 2
    endloop
  endfacet
  facet normal 0.12241067519922094 -0.9924795345987094 0
    outer loop
      vertex 48.70653905108928 7.978353019929562 0
      vertex 48.80396571934088 7.990369453344394 2
      vertex 48.70653905108928 7.978353019929562 2
    endloop
  endfacet
  facet normal 0.07356456359966751 -0.9972904566786902 0
    outer loop
      vertex 48.80396571934088 7.990369453344394 0
      vertex 48.901864651345164 7.997590912410345 2
      vertex 48.80396571934088 7.990369453344394 2
    endloop
  endfacet
  facet normal 0.024541228522907587 -0.9996988186962044 0
    outer loop
      vertex 48.901864651345164 7.997590912410345 0
      vertex 49 8 2
      vertex 48.901864651345164 7.997590912410345 2
    endloop
  endfacet
  facet normal -0.17096188876030008 -0.9852776423889414 0
    outer loop
      vertex 49.29346094891072 7.978353019929562 0
      vertex 49.390180644032256 7.961570560806461 2
      vertex 49.29346094891072 7.978353019929562 2
    endloop
  endfacet
  facet normal -0.024541228522907587 -0.9996988186962044 0
    outer loop
      vertex 49 8 0
      vertex 49.098135348654836 7.997590912410345 2
      vertex 49 8 2
    endloop
  endfacet
  facet normal -0.07356456359966751 -0.9972904566786902 0
    outer loop
      vertex 49.098135348654836 7.997590912410345 0
      vertex 49.19603428065912 7.990369453344394 2
      vertex 49.098135348654836 7.997590912410345 2
    endloop
  endfacet
  facet normal -0.12241067519922094 -0.9924795345987094 0
    outer loop
      vertex 49.19603428065912 7.990369453344394 0
      vertex 49.29346094891072 7.978353019929562 2
      vertex 49.19603428065912 7.990369453344394 2
    endloop
  endfacet
  facet normal -0.21910124015686955 -0.9757021300385285 0
    outer loop
      vertex 49.390180644032256 7.961570560806461 0
      vertex 49.485960359806526 7.940062506389088 2
      vertex 49.390180644032256 7.961570560806461 2
    endloop
  endfacet
  facet normal -0.26671275747490286 -0.9637760657954386 0
    outer loop
      vertex 49.485960359806526 7.940062506389088 0
      vertex 49.580569354508924 7.913880671464417 2
      vertex 49.485960359806526 7.940062506389088 2
    endloop
  endfacet
  facet normal -0.313681740398896 -0.9495281805930351 0
    outer loop
      vertex 49.580569354508924 7.913880671464417 0
      vertex 49.67377970678444 7.883088130366041 2
      vertex 49.580569354508924 7.913880671464417 2
    endloop
  endfacet
  facet normal -0.3598950365349609 -0.9329927988347493 0
    outer loop
      vertex 49.67377970678444 7.883088130366041 0
      vertex 49.76536686473018 7.847759065022574 2
      vertex 49.67377970678444 7.883088130366041 2
    endloop
  endfacet
  facet normal -0.40524131400500363 -0.9142097557035245 0
    outer loop
      vertex 49.76536686473018 7.847759065022574 0
      vertex 49.855110186860564 7.807978586246887 2
      vertex 49.76536686473018 7.847759065022574 2
    endloop
  endfacet
  facet normal -0.44961132965460776 -0.8932243011955149 0
    outer loop
      vertex 49.855110186860564 7.807978586246887 0
      vertex 49.942793473651996 7.76384252869671 0
      vertex 49.942793473651996 7.76384252869671 2
    endloop
  endfacet
  facet normal -0.4928981922298009 -0.870086991108702 0
    outer loop
      vertex 49.942793473651996 7.76384252869671 0
      vertex 50.02820548838644 7.715457220000544 0
      vertex 50.02820548838644 7.715457220000544 2
    endloop
  endfacet
  facet normal -0.5349976198870878 -0.844853565249713 0
    outer loop
      vertex 50.02820548838644 7.715457220000544 0
      vertex 50.1111404660392 7.662939224605091 0
      vertex 50.1111404660392 7.662939224605091 2
    endloop
  endfacet
  facet normal -0.575808191417827 -0.8175848131515966 0
    outer loop
      vertex 50.1111404660392 7.662939224605091 0
      vertex 50.19139860898487 7.60641506296129 0
      vertex 50.19139860898487 7.60641506296129 2
    endloop
  endfacet
  facet normal -0.6152315905806283 -0.7883464276266053 0
    outer loop
      vertex 50.19139860898487 7.60641506296129 0
      vertex 50.26878656832729 7.546020906725474 0
      vertex 50.26878656832729 7.546020906725474 2
    endloop
  endfacet
  facet normal -0.6531728429537851 -0.7572088465064775 0
    outer loop
      vertex 50.26878656832729 7.546020906725474 0
      vertex 50.34311790969404 7.481902250709918 0
      vertex 50.34311790969404 7.481902250709918 2
    endloop
  endfacet
  facet normal -0.6895405447370835 -0.7242470829514511 0
    outer loop
      vertex 50.34311790969404 7.481902250709918 0
      vertex 50.41421356237309 7.414213562373095 0
      vertex 50.41421356237309 7.414213562373095 2
    endloop
  endfacet
  facet normal -0.7242470829514686 -0.6895405447370653 0
    outer loop
      vertex 50.41421356237309 7.414213562373095 0
      vertex 50.481902250709915 7.343117909694037 0
      vertex 50.481902250709915 7.343117909694037 2
    endloop
  endfacet
  facet normal -0.7572088465064672 -0.6531728429537969 0
    outer loop
      vertex 50.481902250709915 7.343117909694037 0
      vertex 50.546020906725474 7.268786568327291 0
      vertex 50.546020906725474 7.268786568327291 2
    endloop
  endfacet
  facet normal -0.7883464276266087 -0.6152315905806238 0
    outer loop
      vertex 50.546020906725474 7.268786568327291 0
      vertex 50.60641506296129 7.1913986089848665 0
      vertex 50.60641506296129 7.1913986089848665 2
    endloop
  endfacet
  facet normal -0.8175848131515858 -0.5758081914178422 0
    outer loop
      vertex 50.60641506296129 7.1913986089848665 0
      vertex 50.66293922460509 7.111140466039204 0
      vertex 50.66293922460509 7.111140466039204 2
    endloop
  endfacet
  facet normal -0.44961132965460776 -0.8932243011955149 0
    outer loop
      vertex 49.855110186860564 7.807978586246887 0
      vertex 49.942793473651996 7.76384252869671 2
      vertex 49.855110186860564 7.807978586246887 2
    endloop
  endfacet
  facet normal -0.4928981922298009 -0.870086991108702 0
    outer loop
      vertex 49.942793473651996 7.76384252869671 0
      vertex 50.02820548838644 7.715457220000544 2
      vertex 49.942793473651996 7.76384252869671 2
    endloop
  endfacet
  facet normal -0.5349976198870878 -0.844853565249713 0
    outer loop
      vertex 50.02820548838644 7.715457220000544 0
      vertex 50.1111404660392 7.662939224605091 2
      vertex 50.02820548838644 7.715457220000544 2
    endloop
  endfacet
  facet normal -0.575808191417827 -0.8175848131515966 0
    outer loop
      vertex 50.1111404660392 7.662939224605091 0
      vertex 50.19139860898487 7.60641506296129 2
      vertex 50.1111404660392 7.662939224605091 2
    endloop
  endfacet
  facet normal -0.6152315905806283 -0.7883464276266053 0
    outer loop
      vertex 50.19139860898487 7.60641506296129 0
      vertex 50.26878656832729 7.546020906725474 2
      vertex 50.19139860898487 7.60641506296129 2
    endloop
  endfacet
  facet normal -0.6531728429537851 -0.7572088465064775 0
    outer loop
      vertex 50.26878656832729 7.546020906725474 0
      vertex 50.34311790969404 7.481902250709918 2
      vertex 50.26878656832729 7.546020906725474 2
    endloop
  endfacet
  facet normal -0.6895405447370835 -0.7242470829514511 0
    outer loop
      vertex 50.34311790969404 7.481902250709918 0
      vertex 50.41421356237309 7.414213562373095 2
      vertex 50.34311790969404 7.481902250709918 2
    endloop
  endfacet
  facet normal -0.7242470829514686 -0.6895405447370653 0
    outer loop
      vertex 50.41421356237309 7.414213562373095 0
      vertex 50.481902250709915 7.343117909694037 2
      vertex 50.41421356237309 7.414213562373095 2
    endloop
  endfacet
  facet normal -0.7883464276266087 -0.6152315905806238 0
    outer loop
      vertex 50.546020906725474 7.268786568327291 0
      vertex 50.60641506296129 7.1913986089848665 2
      vertex 50.546020906725474 7.268786568327291 2
    endloop
  endfacet
  facet normal -0.7572088465064672 -0.6531728429537969 0
    outer loop
      vertex 50.481902250709915 7.343117909694037 0
      vertex 50.546020906725474 7.268786568327291 2
      vertex 50.481902250709915 7.343117909694037 2
    endloop
  endfacet
  facet normal -0.8175848131515858 -0.5758081914178422 0
    outer loop
      vertex 50.60641506296129 7.1913986089848665 0
      vertex 50.66293922460509 7.111140466039204 2
      vertex 50.60641506296129 7.1913986089848665 2
    endloop
  endfacet
  facet normal 1 0 0
    outer loop
      vertex 7.300000000000001 93 0.8
      vertex 7.300000000000001 113.4 0.8
      vertex 7.300000000000001 113.4 40
    endloop
  endfacet
  facet normal 0 0 1
    outer loop
      vertex 7.300000000000001 93 0.8
      vertex 47.7 113.4 0.8
      vertex 7.300000000000001 113.4 0.8
    endloop
  endfacet
  facet normal 0 1 0
    outer loop
      vertex 7.300000000000001 93 0.8
      vertex 7.300000000000001 93 40
      vertex 47.7 93 0.8
    endloop
  endfacet
  facet normal 1 0 0
    outer loop
      vertex 7.300000000000001 93 0.8
      vertex 7.300000000000001 113.4 40
      vertex 7.300000000000001 93 40
    endloop
  endfacet
  facet normal 0 0 1
    outer loop
      vertex 7.300000000000001 93 0.8
      vertex 47.7 93 0.8
      vertex 47.7 113.4 0.8
    endloop
  endfacet
  facet normal -1 0 0
    outer loop
      vertex 47.7 93 0.8
      vertex 47.7 113.4 40
      vertex 47.7 113.4 0.8
    endloop
  endfacet
  facet normal 0 1 0
    outer loop
      vertex 7.300000000000001 93 40
      vertex 47.7 93 40
      vertex 47.7 93 0.8
    endloop
  endfacet
  facet normal -1 0 0
    outer loop
      vertex 47.7 93 0.8
      vertex 47.7 93 40
      vertex 47.7 113.4 40
    endloop
  endfacet
  facet normal -1 0 0
    outer loop
      vertex 12.5 80 3
      vertex 12.5 83.60588350876087 2
      vertex 12.5 70 2
    endloop
  endfacet
  facet normal -1 0 0
    outer loop
      vertex 12.5 70 3
      vertex 12.5 80 3
      vertex 12.5 70 2
    endloop
  endfacet
  facet normal 0 0 1
    outer loop
      vertex 12.5 70 3
      vertex 17.5 80 3
      vertex 12.5 80 3
    endloop
  endfacet
  facet normal 0 0 1
    outer loop
      vertex 12.5 70 3
      vertex 25 80 3
      vertex 17.5 80 3
    endloop
  endfacet
  facet normal 0 0 1
    outer loop
      vertex 17.5 90 3
      vertex 17.5 80 3
      vertex 25 80 3
    endloop
  endfacet
  facet normal 0 -1 0
    outer loop
      vertex 12.5 70 3
      vertex 12.5 70 2
      vertex 42.5 70 3
    endloop
  endfacet
  facet normal 0 0 1
    outer loop
      vertex 12.5 70 3
      vertex 42.5 70 3
      vertex 25 80 3
    endloop
  endfacet
  facet normal 0 0 1
    outer loop
      vertex 25 90 3
      vertex 17.5 90 3
      vertex 25 80 3
    endloop
  endfacet
  facet normal 0 -1 0
    outer loop
      vertex 42.5 70 3
      vertex 12.5 70 2
      vertex 42.5 70 2
    endloop
  endfacet
  facet normal 0 0 1
    outer loop
      vertex 42.5 70 3
      vertex 30 80 3
      vertex 25 80 3
    endloop
  endfacet
  facet normal 0 0 1
    outer loop
      vertex 30 90 3
      vertex 30 80 3
      vertex 37.5 80 3
    endloop
  endfacet
  facet normal 0 0 1
    outer loop
      vertex 42.5 70 3
      vertex 37.5 80 3
      vertex 30 80 3
    endloop
  endfacet
  facet normal 0 0 1
    outer loop
      vertex 42.5 70 3
      vertex 42.5 80 3
      vertex 37.5 80 3
    endloop
  endfacet
  facet normal 0 0 1
    outer loop
      vertex 30 90 3
      vertex 37.5 80 3
      vertex 37.5 90 3
    endloop
  endfacet
  facet normal 1 0 0
    outer loop
      vertex 42.5 70 2
      vertex 42.5 83.60588350876087 2
      vertex 42.5 80 3
    endloop
  endfacet
  facet normal 1 0 0
    outer loop
      vertex 42.5 70 3
      vertex 42.5 70 2
      vertex 42.5 80 3
    endloop
  endfacet
endsolid OpenSCAD_Model
