solid OpenSCAD_Model
  facet normal 1 0 0
    outer loop
      vertex 5 5 27.3
      vertex 5 7 28.3
      vertex 5 5 28.3
    endloop
  endfacet
  facet normal 1 0 0
    outer loop
      vertex 5 5 27.3
      vertex 5 7 27.3
      vertex 5 7 28.3
    endloop
  endfacet
  facet normal 0 1 0
    outer loop
      vertex 5 5 27.3
      vertex 5 5 28.3
      vertex 41.5 5 27.3
    endloop
  endfacet
  facet normal 0 -1 0
    outer loop
      vertex 5 7 27.3
      vertex 41.5 7 28.3
      vertex 5 7 28.3
    endloop
  endfacet
  facet normal 0 1 0
    outer loop
      vertex 41.5 5 27.3
      vertex 5 5 28.3
      vertex 41.5 5 28.3
    endloop
  endfacet
  facet normal 0 -1 0
    outer loop
      vertex 5 7 27.3
      vertex 41.5 7 27.3
      vertex 41.5 7 28.3
    endloop
  endfacet
  facet normal -1 0 0
    outer loop
      vertex 41.5 5 27.3
      vertex 41.5 5 28.3
      vertex 41.5 7 27.3
    endloop
  endfacet
  facet normal -1 0 0
    outer loop
      vertex 41.5 7 27.3
      vertex 41.5 5 28.3
      vertex 41.5 7 28.3
    endloop
  endfacet
  facet normal 0 1 0
    outer loop
      vertex 5 8.8 27.3
      vertex 5 8.8 28.3
      vertex 41.5 8.8 27.3
    endloop
  endfacet
  facet normal 1 0 0
    outer loop
      vertex 5 8.8 27.3
      vertex 5 10.8 28.3
      vertex 5 8.8 28.3
    endloop
  endfacet
  facet normal 1 0 0
    outer loop
      vertex 5 8.8 27.3
      vertex 5 10.8 27.3
      vertex 5 10.8 28.3
    endloop
  endfacet
  facet normal 0 -1 0
    outer loop
      vertex 5 10.8 27.3
      vertex 41.5 10.8 28.3
      vertex 5 10.8 28.3
    endloop
  endfacet
  facet normal 0 1 0
    outer loop
      vertex 41.5 8.8 27.3
      vertex 5 8.8 28.3
      vertex 41.5 8.8 28.3
    endloop
  endfacet
  facet normal 0 -1 0
    outer loop
      vertex 5 10.8 27.3
      vertex 41.5 10.8 27.3
      vertex 41.5 10.8 28.3
    endloop
  endfacet
  facet normal -1 0 0
    outer loop
      vertex 41.5 8.8 27.3
      vertex 41.5 8.8 28.3
      vertex 41.5 10.8 27.3
    endloop
  endfacet
  facet normal -1 0 0
    outer loop
      vertex 41.5 10.8 27.3
      vertex 41.5 8.8 28.3
      vertex 41.5 10.8 28.3
    endloop
  endfacet
  facet normal 1 0 0
    outer loop
      vertex 5 12.6 27.3
      vertex 5 14.6 28.3
      vertex 5 12.6 28.3
    endloop
  endfacet
  facet normal 1 0 0
    outer loop
      vertex 5 12.6 27.3
      vertex 5 14.6 27.3
      vertex 5 14.6 28.3
    endloop
  endfacet
  facet normal 0 1 0
    outer loop
      vertex 5 12.6 27.3
      vertex 5 12.6 28.3
      vertex 41.5 12.6 27.3
    endloop
  endfacet
  facet normal 0 -1 0
    outer loop
      vertex 5 14.6 27.3
      vertex 41.5 14.6 28.3
      vertex 5 14.6 28.3
    endloop
  endfacet
  facet normal 0 1 0
    outer loop
      vertex 41.5 12.6 27.3
      vertex 5 12.6 28.3
      vertex 41.5 12.6 28.3
    endloop
  endfacet
  facet normal 0 -1 0
    outer loop
      vertex 5 14.6 27.3
      vertex 41.5 14.6 27.3
      vertex 41.5 14.6 28.3
    endloop
  endfacet
  facet normal -1 0 0
    outer loop
      vertex 41.5 12.6 27.3
      vertex 41.5 12.6 28.3
      vertex 41.5 14.6 27.3
    endloop
  endfacet
  facet normal -1 0 0
    outer loop
      vertex 41.5 14.6 27.3
      vertex 41.5 12.6 28.3
      vertex 41.5 14.6 28.3
    endloop
  endfacet
  facet normal 1 0 0
    outer loop
      vertex 5 16.4 27.3
      vertex 5 18.4 28.3
      vertex 5 16.4 28.3
    endloop
  endfacet
  facet normal 1 0 0
    outer loop
      vertex 5 16.4 27.3
      vertex 5 18.4 27.3
      vertex 5 18.4 28.3
    endloop
  endfacet
  facet normal 0 1 0
    outer loop
      vertex 5 16.4 27.3
      vertex 5 16.4 28.3
      vertex 41.5 16.4 28.3
    endloop
  endfacet
  facet normal 0 1 0
    outer loop
      vertex 5 16.4 27.3
      vertex 41.5 16.4 28.3
      vertex 41.5 16.4 27.3
    endloop
  endfacet
  facet normal 0 -1 0
    outer loop
      vertex 5 18.4 27.3
      vertex 41.5 18.4 28.3
      vertex 5 18.4 28.3
    endloop
  endfacet
  facet normal 0 -1 0
    outer loop
      vertex 5 18.4 27.3
      vertex 41.5 18.4 27.3
      vertex 41.5 18.4 28.3
    endloop
  endfacet
  facet normal -1 0 0
    outer loop
      vertex 41.5 16.4 27.3
      vertex 41.5 16.4 28.3
      vertex 41.5 18.4 27.3
    endloop
  endfacet
  facet normal -1 0 0
    outer loop
      vertex 41.5 18.4 27.3
      vertex 41.5 16.4 28.3
      vertex 41.5 18.4 28.3
    endloop
  endfacet
  facet normal 1 0 0
    outer loop
      vertex 5 20.2 27.3
      vertex 5 22.2 28.3
      vertex 5 20.2 28.3
    endloop
  endfacet
  facet normal 1 0 0
    outer loop
      vertex 5 20.2 27.3
      vertex 5 22.2 27.3
      vertex 5 22.2 28.3
    endloop
  endfacet
  facet normal 0 1 0
    outer loop
      vertex 5 20.2 27.3
      vertex 5 20.2 28.3
      vertex 41.5 20.2 27.3
    endloop
  endfacet
  facet normal 0 -1 0
    outer loop
      vertex 5 22.2 27.3
      vertex 41.5 22.2 28.3
      vertex 5 22.2 28.3
    endloop
  endfacet
  facet normal 0 1 0
    outer loop
      vertex 41.5 20.2 27.3
      vertex 5 20.2 28.3
      vertex 41.5 20.2 28.3
    endloop
  endfacet
  facet normal 0 -1 0
    outer loop
      vertex 5 22.2 27.3
      vertex 41.5 22.2 27.3
      vertex 41.5 22.2 28.3
    endloop
  endfacet
  facet normal -1 0 0
    outer loop
      vertex 41.5 20.2 27.3
      vertex 41.5 20.2 28.3
      vertex 41.5 22.2 27.3
    endloop
  endfacet
  facet normal -1 0 0
    outer loop
      vertex 41.5 22.2 27.3
      vertex 41.5 20.2 28.3
      vertex 41.5 22.2 28.3
    endloop
  endfacet
  facet normal 1 0 0
    outer loop
      vertex 5 24 27.3
      vertex 5 26 28.3
      vertex 5 24 28.3
    endloop
  endfacet
  facet normal 1 0 0
    outer loop
      vertex 5 24 27.3
      vertex 5 26 27.3
      vertex 5 26 28.3
    endloop
  endfacet
  facet normal 0 1 0
    outer loop
      vertex 5 24 27.3
      vertex 5 24 28.3
      vertex 41.5 24 27.3
    endloop
  endfacet
  facet normal 0 -1 0
    outer loop
      vertex 5 26 27.3
      vertex 41.5 26 28.3
      vertex 5 26 28.3
    endloop
  endfacet
  facet normal 0 1 0
    outer loop
      vertex 41.5 24 27.3
      vertex 5 24 28.3
      vertex 41.5 24 28.3
    endloop
  endfacet
  facet normal 0 -1 0
    outer loop
      vertex 5 26 27.3
      vertex 41.5 26 27.3
      vertex 41.5 26 28.3
    endloop
  endfacet
  facet normal -1 0 0
    outer loop
      vertex 41.5 24 27.3
      vertex 41.5 24 28.3
      vertex 41.5 26 27.3
    endloop
  endfacet
  facet normal -1 0 0
    outer loop
      vertex 41.5 26 27.3
      vertex 41.5 24 28.3
      vertex 41.5 26 28.3
    endloop
  endfacet
  facet normal 1 0 0
    outer loop
      vertex 5 27.799999999999997 27.3
      vertex 5 29.799999999999997 28.3
      vertex 5 27.799999999999997 28.3
    endloop
  endfacet
  facet normal 1 0 0
    outer loop
      vertex 5 27.799999999999997 27.3
      vertex 5 29.799999999999997 27.3
      vertex 5 29.799999999999997 28.3
    endloop
  endfacet
  facet normal 0 1 0
    outer loop
      vertex 5 27.799999999999997 27.3
      vertex 5 27.799999999999997 28.3
      vertex 41.5 27.799999999999997 27.3
    endloop
  endfacet
  facet normal 0 -1 0
    outer loop
      vertex 5 29.799999999999997 27.3
      vertex 41.5 29.799999999999997 28.3
      vertex 5 29.799999999999997 28.3
    endloop
  endfacet
  facet normal 0 1 0
    outer loop
      vertex 41.5 27.799999999999997 27.3
      vertex 5 27.799999999999997 28.3
      vertex 41.5 27.799999999999997 28.3
    endloop
  endfacet
  facet normal 0 -1 0
    outer loop
      vertex 5 29.799999999999997 27.3
      vertex 41.5 29.799999999999997 27.3
      vertex 41.5 29.799999999999997 28.3
    endloop
  endfacet
  facet normal -1 0 0
    outer loop
      vertex 41.5 27.799999999999997 27.3
      vertex 41.5 27.799999999999997 28.3
      vertex 41.5 29.799999999999997 27.3
    endloop
  endfacet
  facet normal -1 0 0
    outer loop
      vertex 41.5 29.799999999999997 27.3
      vertex 41.5 27.799999999999997 28.3
      vertex 41.5 29.799999999999997 28.3
    endloop
  endfacet
  facet normal 0 0 1
    outer loop
      vertex 1 5 6
      vertex 0 7 6
      vertex 0 5 6
    endloop
  endfacet
  facet normal 0 0 1
    outer loop
      vertex 1 5 6
      vertex 1 7 6
      vertex 0 7 6
    endloop
  endfacet
  facet normal 0 1 0
    outer loop
      vertex 1 5 6
      vertex 0 5 6
      vertex 1 5 23.3
    endloop
  endfacet
  facet normal 0 -1 0
    outer loop
      vertex 1 7 6
      vertex 0 7 23.3
      vertex 0 7 6
    endloop
  endfacet
  facet normal 0 1 0
    outer loop
      vertex 1 5 23.3
      vertex 0 5 6
      vertex 0 5 23.3
    endloop
  endfacet
  facet normal 0 -1 0
    outer loop
      vertex 1 7 6
      vertex 1 7 23.3
      vertex 0 7 23.3
    endloop
  endfacet
  facet normal 0 0 -1
    outer loop
      vertex 1 5 23.3
      vertex 0 5 23.3
      vertex 1 7 23.3
    endloop
  endfacet
  facet normal 0 0 -1
    outer loop
      vertex 1 7 23.3
      vertex 0 5 23.3
      vertex 0 7 23.3
    endloop
  endfacet
  facet normal 0 1 0
    outer loop
      vertex 1 8.8 6
      vertex 0 8.8 6
      vertex 1 8.8 23.3
    endloop
  endfacet
  facet normal 0 0 1
    outer loop
      vertex 1 8.8 6
      vertex 0 10.8 6
      vertex 0 8.8 6
    endloop
  endfacet
  facet normal 0 0 1
    outer loop
      vertex 1 8.8 6
      vertex 1 10.8 6
      vertex 0 10.8 6
    endloop
  endfacet
  facet normal 0 -1 0
    outer loop
      vertex 1 10.8 6
      vertex 0 10.8 23.3
      vertex 0 10.8 6
    endloop
  endfacet
  facet normal 0 1 0
    outer loop
      vertex 1 8.8 23.3
      vertex 0 8.8 6
      vertex 0 8.8 23.3
    endloop
  endfacet
  facet normal 0 -1 0
    outer loop
      vertex 1 10.8 6
      vertex 1 10.8 23.3
      vertex 0 10.8 23.3
    endloop
  endfacet
  facet normal 0 0 -1
    outer loop
      vertex 1 8.8 23.3
      vertex 0 8.8 23.3
      vertex 1 10.8 23.3
    endloop
  endfacet
  facet normal 0 0 -1
    outer loop
      vertex 1 10.8 23.3
      vertex 0 8.8 23.3
      vertex 0 10.8 23.3
    endloop
  endfacet
  facet normal 0 0 1
    outer loop
      vertex 1 12.6 6
      vertex 0 14.6 6
      vertex 0 12.6 6
    endloop
  endfacet
  facet normal 0 0 1
    outer loop
      vertex 1 12.6 6
      vertex 1 14.6 6
      vertex 0 14.6 6
    endloop
  endfacet
  facet normal 0 1 0
    outer loop
      vertex 1 12.6 6
      vertex 0 12.6 6
      vertex 1 12.6 23.3
    endloop
  endfacet
  facet normal 0 -1 0
    outer loop
      vertex 1 14.6 6
      vertex 0 14.6 23.3
      vertex 0 14.6 6
    endloop
  endfacet
  facet normal 0 1 0
    outer loop
      vertex 1 12.6 23.3
      vertex 0 12.6 6
      vertex 0 12.6 23.3
    endloop
  endfacet
  facet normal 0 -1 0
    outer loop
      vertex 1 14.6 6
      vertex 1 14.6 23.3
      vertex 0 14.6 23.3
    endloop
  endfacet
  facet normal 0 0 -1
    outer loop
      vertex 1 12.6 23.3
      vertex 0 12.6 23.3
      vertex 1 14.6 23.3
    endloop
  endfacet
  facet normal 0 0 -1
    outer loop
      vertex 1 14.6 23.3
      vertex 0 12.6 23.3
      vertex 0 14.6 23.3
    endloop
  endfacet
  facet normal 0 0 1
    outer loop
      vertex 1 16.4 6
      vertex 0 18.4 6
      vertex 0 16.4 6
    endloop
  endfacet
  facet normal 0 0 1
    outer loop
      vertex 1 16.4 6
      vertex 1 18.4 6
      vertex 0 18.4 6
    endloop
  endfacet
  facet normal 0 1 0
    outer loop
      vertex 1 16.4 6
      vertex 0 16.4 6
      vertex 1 16.4 23.3
    endloop
  endfacet
  facet normal 0 1 0
    outer loop
      vertex 1 16.4 23.3
      vertex 0 16.4 6
      vertex 0 16.4 23.3
    endloop
  endfacet
  facet normal 0 0 -1
    outer loop
      vertex 1 16.4 23.3
      vertex 0 16.4 23.3
      vertex 1 18.4 23.3
    endloop
  endfacet
  facet normal 0 0 -1
    outer loop
      vertex 1 18.4 23.3
      vertex 0 16.4 23.3
      vertex 0 18.4 23.3
    endloop
  endfacet
  facet normal 0 -1 0
    outer loop
      vertex 1 18.4 6
      vertex 0 18.4 23.3
      vertex 0 18.4 6
    endloop
  endfacet
  facet normal 0 -1 0
    outer loop
      vertex 1 18.4 6
      vertex 1 18.4 23.3
      vertex 0 18.4 23.3
    endloop
  endfacet
  facet normal 0 0 1
    outer loop
      vertex 1 20.2 6
      vertex 0 22.2 6
      vertex 0 20.2 6
    endloop
  endfacet
  facet normal 0 0 1
    outer loop
      vertex 1 20.2 6
      vertex 1 22.2 6
      vertex 0 22.2 6
    endloop
  endfacet
  facet normal 0 1 0
    outer loop
      vertex 1 20.2 6
      vertex 0 20.2 6
      vertex 1 20.2 23.3
    endloop
  endfacet
  facet normal 0 -1 0
    outer loop
      vertex 1 22.2 6
      vertex 0 22.2 23.3
      vertex 0 22.2 6
    endloop
  endfacet
  facet normal 0 1 0
    outer loop
      vertex 1 20.2 23.3
      vertex 0 20.2 6
      vertex 0 20.2 23.3
    endloop
  endfacet
  facet normal 0 -1 0
    outer loop
      vertex 1 22.2 6
      vertex 1 22.2 23.3
      vertex 0 22.2 23.3
    endloop
  endfacet
  facet normal 0 0 -1
    outer loop
      vertex 1 20.2 23.3
      vertex 0 20.2 23.3
      vertex 1 22.2 23.3
    endloop
  endfacet
  facet normal 0 0 -1
    outer loop
      vertex 1 22.2 23.3
      vertex 0 20.2 23.3
      vertex 0 22.2 23.3
    endloop
  endfacet
  facet normal 0 0 1
    outer loop
      vertex 1 24 6
      vertex 0 26 6
      vertex 0 24 6
    endloop
  endfacet
  facet normal 0 0 1
    outer loop
      vertex 1 24 6
      vertex 1 26 6
      vertex 0 26 6
    endloop
  endfacet
  facet normal 0 1 0
    outer loop
      vertex 1 24 6
      vertex 0 24 6
      vertex 1 24 23.3
    endloop
  endfacet
  facet normal 0 -1 0
    outer loop
      vertex 1 26 6
      vertex 0 26 23.3
      vertex 0 26 6
    endloop
  endfacet
  facet normal 0 1 0
    outer loop
      vertex 1 24 23.3
      vertex 0 24 6
      vertex 0 24 23.3
    endloop
  endfacet
  facet normal 0 -1 0
    outer loop
      vertex 1 26 6
      vertex 1 26 23.3
      vertex 0 26 23.3
    endloop
  endfacet
  facet normal 0 0 -1
    outer loop
      vertex 1 24 23.3
      vertex 0 24 23.3
      vertex 1 26 23.3
    endloop
  endfacet
  facet normal 0 0 -1
    outer loop
      vertex 1 26 23.3
      vertex 0 24 23.3
      vertex 0 26 23.3
    endloop
  endfacet
  facet normal 0 0 1
    outer loop
      vertex 1 27.799999999999997 6
      vertex 0 29.799999999999997 6
      vertex 0 27.799999999999997 6
    endloop
  endfacet
  facet normal 0 0 1
    outer loop
      vertex 1 27.799999999999997 6
      vertex 1 29.799999999999997 6
      vertex 0 29.799999999999997 6
    endloop
  endfacet
  facet normal 0 1 0
    outer loop
      vertex 1 27.799999999999997 6
      vertex 0 27.799999999999997 6
      vertex 1 27.799999999999997 23.3
    endloop
  endfacet
  facet normal 0 -1 0
    outer loop
      vertex 1 29.799999999999997 6
      vertex 0 29.799999999999997 23.3
      vertex 0 29.799999999999997 6
    endloop
  endfacet
  facet normal 0 1 0
    outer loop
      vertex 1 27.799999999999997 23.3
      vertex 0 27.799999999999997 6
      vertex 0 27.799999999999997 23.3
    endloop
  endfacet
  facet normal 0 -1 0
    outer loop
      vertex 1 29.799999999999997 6
      vertex 1 29.799999999999997 23.3
      vertex 0 29.799999999999997 23.3
    endloop
  endfacet
  facet normal 0 0 -1
    outer loop
      vertex 1 27.799999999999997 23.3
      vertex 0 27.799999999999997 23.3
      vertex 1 29.799999999999997 23.3
    endloop
  endfacet
  facet normal 0 0 -1
    outer loop
      vertex 1 29.799999999999997 23.3
      vertex 0 27.799999999999997 23.3
      vertex 0 29.799999999999997 23.3
    endloop
  endfacet
  facet normal 1 0 0
    outer loop
      vertex 5 1 6
      vertex 5 0 8
      vertex 5 0 6
    endloop
  endfacet
  facet normal 0 0 1
    outer loop
      vertex 5 1 6
      vertex 5 0 6
      vertex 41.5 1 6
    endloop
  endfacet
  facet normal 1 0 0
    outer loop
      vertex 5 1 6
      vertex 5 1 8
      vertex 5 0 8
    endloop
  endfacet
  facet normal 0 0 -1
    outer loop
      vertex 5 1 8
      vertex 41.5 0 8
      vertex 5 0 8
    endloop
  endfacet
  facet normal 0 0 1
    outer loop
      vertex 41.5 1 6
      vertex 5 0 6
      vertex 41.5 0 6
    endloop
  endfacet
  facet normal 0 0 -1
    outer loop
      vertex 5 1 8
      vertex 41.5 1 8
      vertex 41.5 0 8
    endloop
  endfacet
  facet normal 1 0 0
    outer loop
      vertex 5 34.5 6
      vertex 5 35.5 6
      vertex 5 34.5 8
    endloop
  endfacet
  facet normal 0 0 1
    outer loop
      vertex 5 34.5 6
      vertex 41.5 35.5 6
      vertex 5 35.5 6
    endloop
  endfacet
  facet normal 1 0 0
    outer loop
      vertex 5 34.5 8
      vertex 5 35.5 6
      vertex 5 35.5 8
    endloop
  endfacet
  facet normal 0 0 -1
    outer loop
      vertex 5 34.5 8
      vertex 5 35.5 8
      vertex 41.5 34.5 8
    endloop
  endfacet
  facet normal 0 0 1
    outer loop
      vertex 5 34.5 6
      vertex 41.5 34.5 6
      vertex 41.5 35.5 6
    endloop
  endfacet
  facet normal 0 0 -1
    outer loop
      vertex 41.5 34.5 8
      vertex 5 35.5 8
      vertex 41.5 35.5 8
    endloop
  endfacet
  facet normal -1 0 0
    outer loop
      vertex 41.5 1 6
      vertex 41.5 0 6
      vertex 41.5 1 8
    endloop
  endfacet
  facet normal -1 0 0
    outer loop
      vertex 41.5 1 8
      vertex 41.5 0 6
      vertex 41.5 0 8
    endloop
  endfacet
  facet normal -1 0 0
    outer loop
      vertex 41.5 34.5 6
      vertex 41.5 35.5 8
      vertex 41.5 35.5 6
    endloop
  endfacet
  facet normal -1 0 0
    outer loop
      vertex 41.5 34.5 6
      vertex 41.5 34.5 8
      vertex 41.5 35.5 8
    endloop
  endfacet
  facet normal 1 0 0
    outer loop
      vertex 5 1 9.8
      vertex 5 0 11.8
      vertex 5 0 9.8
    endloop
  endfacet
  facet normal 1 0 0
    outer loop
      vertex 5 1 9.8
      vertex 5 1 11.8
      vertex 5 0 11.8
    endloop
  endfacet
  facet normal 0 0 1
    outer loop
      vertex 5 1 9.8
      vertex 5 0 9.8
      vertex 41.5 1 9.8
    endloop
  endfacet
  facet normal 0 0 -1
    outer loop
      vertex 5 1 11.8
      vertex 41.5 0 11.8
      vertex 5 0 11.8
    endloop
  endfacet
  facet normal 0 0 1
    outer loop
      vertex 41.5 1 9.8
      vertex 5 0 9.8
      vertex 41.5 0 9.8
    endloop
  endfacet
  facet normal 0 0 -1
    outer loop
      vertex 5 1 11.8
      vertex 41.5 1 11.8
      vertex 41.5 0 11.8
    endloop
  endfacet
  facet normal 1 0 0
    outer loop
      vertex 5 34.5 9.8
      vertex 5 35.5 9.8
      vertex 5 34.5 11.8
    endloop
  endfacet
  facet normal 1 0 0
    outer loop
      vertex 5 34.5 11.8
      vertex 5 35.5 9.8
      vertex 5 35.5 11.8
    endloop
  endfacet
  facet normal 0 0 1
    outer loop
      vertex 5 34.5 9.8
      vertex 41.5 35.5 9.8
      vertex 5 35.5 9.8
    endloop
  endfacet
  facet normal 0 0 -1
    outer loop
      vertex 5 34.5 11.8
      vertex 5 35.5 11.8
      vertex 41.5 34.5 11.8
    endloop
  endfacet
  facet normal 0 0 1
    outer loop
      vertex 5 34.5 9.8
      vertex 41.5 34.5 9.8
      vertex 41.5 35.5 9.8
    endloop
  endfacet
  facet normal 0 0 -1
    outer loop
      vertex 41.5 34.5 11.8
      vertex 5 35.5 11.8
      vertex 41.5 35.5 11.8
    endloop
  endfacet
  facet normal -1 0 0
    outer loop
      vertex 41.5 1 9.8
      vertex 41.5 0 9.8
      vertex 41.5 1 11.8
    endloop
  endfacet
  facet normal -1 0 0
    outer loop
      vertex 41.5 1 11.8
      vertex 41.5 0 9.8
      vertex 41.5 0 11.8
    endloop
  endfacet
  facet normal -1 0 0
    outer loop
      vertex 41.5 34.5 9.8
      vertex 41.5 35.5 11.8
      vertex 41.5 35.5 9.8
    endloop
  endfacet
  facet normal -1 0 0
    outer loop
      vertex 41.5 34.5 9.8
      vertex 41.5 34.5 11.8
      vertex 41.5 35.5 11.8
    endloop
  endfacet
  facet normal 0 0 1
    outer loop
      vertex 5 1 13.6
      vertex 5 0 13.6
      vertex 41.5 1 13.6
    endloop
  endfacet
  facet normal 0 0 1
    outer loop
      vertex 41.5 1 13.6
      vertex 5 0 13.6
      vertex 41.5 0 13.6
    endloop
  endfacet
  facet normal 1 0 0
    outer loop
      vertex 5 1 13.6
      vertex 5 0 15.6
      vertex 5 0 13.6
    endloop
  endfacet
  facet normal 1 0 0
    outer loop
      vertex 5 1 13.6
      vertex 5 1 15.6
      vertex 5 0 15.6
    endloop
  endfacet
  facet normal 0 0 -1
    outer loop
      vertex 5 1 15.6
      vertex 41.5 0 15.6
      vertex 5 0 15.6
    endloop
  endfacet
  facet normal 0 0 -1
    outer loop
      vertex 5 1 15.6
      vertex 41.5 1 15.6
      vertex 41.5 0 15.6
    endloop
  endfacet
  facet normal 0 0 1
    outer loop
      vertex 5 34.5 13.6
      vertex 41.5 35.5 13.6
      vertex 5 35.5 13.6
    endloop
  endfacet
  facet normal 0 0 1
    outer loop
      vertex 5 34.5 13.6
      vertex 41.5 34.5 13.6
      vertex 41.5 35.5 13.6
    endloop
  endfacet
  facet normal 1 0 0
    outer loop
      vertex 5 34.5 13.6
      vertex 5 35.5 13.6
      vertex 5 34.5 15.6
    endloop
  endfacet
  facet normal 1 0 0
    outer loop
      vertex 5 34.5 15.6
      vertex 5 35.5 13.6
      vertex 5 35.5 15.6
    endloop
  endfacet
  facet normal 0 0 -1
    outer loop
      vertex 5 34.5 15.6
      vertex 5 35.5 15.6
      vertex 41.5 34.5 15.6
    endloop
  endfacet
  facet normal 0 0 -1
    outer loop
      vertex 41.5 34.5 15.6
      vertex 5 35.5 15.6
      vertex 41.5 35.5 15.6
    endloop
  endfacet
  facet normal -1 0 0
    outer loop
      vertex 41.5 1 15.6
      vertex 41.5 0 13.6
      vertex 41.5 0 15.6
    endloop
  endfacet
  facet normal -1 0 0
    outer loop
      vertex 41.5 1 13.6
      vertex 41.5 0 13.6
      vertex 41.5 1 15.6
    endloop
  endfacet
  facet normal -1 0 0
    outer loop
      vertex 41.5 34.5 13.6
      vertex 41.5 34.5 15.6
      vertex 41.5 35.5 15.6
    endloop
  endfacet
  facet normal -1 0 0
    outer loop
      vertex 41.5 34.5 13.6
      vertex 41.5 35.5 15.6
      vertex 41.5 35.5 13.6
    endloop
  endfacet
  facet normal 1 0 0
    outer loop
      vertex 5 1 17.4
      vertex 5 0 19.4
      vertex 5 0 17.4
    endloop
  endfacet
  facet normal 1 0 0
    outer loop
      vertex 5 1 17.4
      vertex 5 1 19.4
      vertex 5 0 19.4
    endloop
  endfacet
  facet normal 0 0 1
    outer loop
      vertex 5 1 17.4
      vertex 5 0 17.4
      vertex 41.5 1 17.4
    endloop
  endfacet
  facet normal 0 0 -1
    outer loop
      vertex 5 1 19.4
      vertex 41.5 0 19.4
      vertex 5 0 19.4
    endloop
  endfacet
  facet normal 0 0 1
    outer loop
      vertex 41.5 1 17.4
      vertex 5 0 17.4
      vertex 41.5 0 17.4
    endloop
  endfacet
  facet normal 0 0 -1
    outer loop
      vertex 5 1 19.4
      vertex 41.5 1 19.4
      vertex 41.5 0 19.4
    endloop
  endfacet
  facet normal 1 0 0
    outer loop
      vertex 5 34.5 17.4
      vertex 5 35.5 17.4
      vertex 5 34.5 19.4
    endloop
  endfacet
  facet normal 1 0 0
    outer loop
      vertex 5 34.5 19.4
      vertex 5 35.5 17.4
      vertex 5 35.5 19.4
    endloop
  endfacet
  facet normal 0 0 1
    outer loop
      vertex 5 34.5 17.4
      vertex 41.5 35.5 17.4
      vertex 5 35.5 17.4
    endloop
  endfacet
  facet normal 0 0 -1
    outer loop
      vertex 5 34.5 19.4
      vertex 5 35.5 19.4
      vertex 41.5 34.5 19.4
    endloop
  endfacet
  facet normal 0 0 1
    outer loop
      vertex 5 34.5 17.4
      vertex 41.5 34.5 17.4
      vertex 41.5 35.5 17.4
    endloop
  endfacet
  facet normal 0 0 -1
    outer loop
      vertex 41.5 34.5 19.4
      vertex 5 35.5 19.4
      vertex 41.5 35.5 19.4
    endloop
  endfacet
  facet normal -1 0 0
    outer loop
      vertex 41.5 1 17.4
      vertex 41.5 0 17.4
      vertex 41.5 1 19.4
    endloop
  endfacet
  facet normal -1 0 0
    outer loop
      vertex 41.5 1 19.4
      vertex 41.5 0 17.4
      vertex 41.5 0 19.4
    endloop
  endfacet
  facet normal -1 0 0
    outer loop
      vertex 41.5 34.5 17.4
      vertex 41.5 35.5 19.4
      vertex 41.5 35.5 17.4
    endloop
  endfacet
  facet normal -1 0 0
    outer loop
      vertex 41.5 34.5 17.4
      vertex 41.5 34.5 19.4
      vertex 41.5 35.5 19.4
    endloop
  endfacet
  facet normal 0 0 1
    outer loop
      vertex 5 1 21.2
      vertex 5 0 21.2
      vertex 41.5 1 21.2
    endloop
  endfacet
  facet normal 1 0 0
    outer loop
      vertex 5 1 21.2
      vertex 5 0 23.2
      vertex 5 0 21.2
    endloop
  endfacet
  facet normal 1 0 0
    outer loop
      vertex 5 1 21.2
      vertex 5 1 23.2
      vertex 5 0 23.2
    endloop
  endfacet
  facet normal 0 0 -1
    outer loop
      vertex 5 1 23.2
      vertex 41.5 0 23.2
      vertex 5 0 23.2
    endloop
  endfacet
  facet normal 0 0 1
    outer loop
      vertex 41.5 1 21.2
      vertex 5 0 21.2
      vertex 41.5 0 21.2
    endloop
  endfacet
  facet normal 0 0 -1
    outer loop
      vertex 5 1 23.2
      vertex 41.5 1 23.2
      vertex 41.5 0 23.2
    endloop
  endfacet
  facet normal 0 0 1
    outer loop
      vertex 5 34.5 21.2
      vertex 41.5 35.5 21.2
      vertex 5 35.5 21.2
    endloop
  endfacet
  facet normal 1 0 0
    outer loop
      vertex 5 34.5 21.2
      vertex 5 35.5 21.2
      vertex 5 34.5 23.2
    endloop
  endfacet
  facet normal 1 0 0
    outer loop
      vertex 5 34.5 23.2
      vertex 5 35.5 21.2
      vertex 5 35.5 23.2
    endloop
  endfacet
  facet normal 0 0 -1
    outer loop
      vertex 5 34.5 23.2
      vertex 5 35.5 23.2
      vertex 41.5 34.5 23.2
    endloop
  endfacet
  facet normal 0 0 1
    outer loop
      vertex 5 34.5 21.2
      vertex 41.5 34.5 21.2
      vertex 41.5 35.5 21.2
    endloop
  endfacet
  facet normal 0 0 -1
    outer loop
      vertex 41.5 34.5 23.2
      vertex 5 35.5 23.2
      vertex 41.5 35.5 23.2
    endloop
  endfacet
  facet normal -1 0 0
    outer loop
      vertex 41.5 1 21.2
      vertex 41.5 0 21.2
      vertex 41.5 1 23.2
    endloop
  endfacet
  facet normal -1 0 0
    outer loop
      vertex 41.5 1 23.2
      vertex 41.5 0 21.2
      vertex 41.5 0 23.2
    endloop
  endfacet
  facet normal -1 0 0
    outer loop
      vertex 41.5 34.5 21.2
      vertex 41.5 35.5 23.2
      vertex 41.5 35.5 21.2
    endloop
  endfacet
  facet normal -1 0 0
    outer loop
      vertex 41.5 34.5 21.2
      vertex 41.5 34.5 23.2
      vertex 41.5 35.5 23.2
    endloop
  endfacet
  facet normal 0 -1 0
    outer loop
      vertex 0 0 0
      vertex 5 0 6
      vertex 5 0 8
    endloop
  endfacet
  facet normal 0 -1 0
    outer loop
      vertex 0 0 0
      vertex 5 0 8
      vertex 5 0 9.8
    endloop
  endfacet
  facet normal -1 0 0
    outer loop
      vertex 0 0 0
      vertex 0 5 6
      vertex 0 7 6
    endloop
  endfacet
  facet normal -1 0 0
    outer loop
      vertex 0 0 0
      vertex 0 7 6
      vertex 0 8.8 6
    endloop
  endfacet
  facet normal -1 0 0
    outer loop
      vertex 0 0 0
      vertex 0 8.8 6
      vertex 0 10.8 6
    endloop
  endfacet
  facet normal -1 0 0
    outer loop
      vertex 0 0 0
      vertex 0 10.8 6
      vertex 0 12.6 6
    endloop
  endfacet
  facet normal 0 -1 0
    outer loop
      vertex 0 0 0
      vertex 5 0 9.8
      vertex 5 0 11.8
    endloop
  endfacet
  facet normal -1 0 0
    outer loop
      vertex 0 0 0
      vertex 0 0 28.3
      vertex 0 5 6
    endloop
  endfacet
  facet normal 0 -1 0
    outer loop
      vertex 0 0 0
      vertex 5 0 11.8
      vertex 0 0 28.3
    endloop
  endfacet
  facet normal -1 0 0
    outer loop
      vertex 0 8.8 6
      vertex 0 7 6
      vertex 0 7 23.3
    endloop
  endfacet
  facet normal 0 -1 0
    outer loop
      vertex 41.5 0 8
      vertex 5 0 9.8
      vertex 5 0 8
    endloop
  endfacet
  facet normal 0 -1 0
    outer loop
      vertex 5 0 11.8
      vertex 41.5 0 11.8
      vertex 5 0 13.6
    endloop
  endfacet
  facet normal -1 0 0
    outer loop
      vertex 0 0 0
      vertex 0 12.6 6
      vertex 0 14.6 6
    endloop
  endfacet
  facet normal -1 0 0
    outer loop
      vertex 0 0 0
      vertex 0 14.6 6
      vertex 0 35.5 0
    endloop
  endfacet
  facet normal -1 0 0
    outer loop
      vertex 0 10.8 23.3
      vertex 0 12.6 6
      vertex 0 10.8 6
    endloop
  endfacet
  facet normal -1 0 0
    outer loop
      vertex 0 14.6 6
      vertex 0 14.6 23.3
      vertex 0 16.4 6
    endloop
  endfacet
  facet normal 0 -1 0
    outer loop
      vertex 0 0 0
      vertex 75 0 0
      vertex 5 0 6
    endloop
  endfacet
  facet normal 0 -1 0
    outer loop
      vertex 5 0 9.8
      vertex 41.5 0 8
      vertex 41.5 0 9.8
    endloop
  endfacet
  facet normal 0 -1 0
    outer loop
      vertex 5 0 13.6
      vertex 41.5 0 11.8
      vertex 41.5 0 13.6
    endloop
  endfacet
  facet normal 0 -1 0
    outer loop
      vertex 0 0 28.3
      vertex 5 0 11.8
      vertex 5 0 13.6
    endloop
  endfacet
  facet normal 0 -1 0
    outer loop
      vertex 0 0 28.3
      vertex 5 0 13.6
      vertex 5 0 15.6
    endloop
  endfacet
  facet normal 0 -1 0
    outer loop
      vertex 0 0 28.3
      vertex 5 0 15.6
      vertex 5 0 17.4
    endloop
  endfacet
  facet normal -1 0 0
    outer loop
      vertex 0 0 28.3
      vertex 0 5 23.3
      vertex 0 5 6
    endloop
  endfacet
  facet normal -1 0 0
    outer loop
      vertex 0 7 23.3
      vertex 0 8.8 23.3
      vertex 0 8.8 6
    endloop
  endfacet
  facet normal 0 -1 0
    outer loop
      vertex 5 0 15.6
      vertex 41.5 0 15.6
      vertex 5 0 17.4
    endloop
  endfacet
  facet normal 0 -1 0
    outer loop
      vertex 5 0 19.4
      vertex 41.5 0 19.4
      vertex 5 0 21.2
    endloop
  endfacet
  facet normal 0 -1 0
    outer loop
      vertex 0 0 28.3
      vertex 5 0 17.4
      vertex 5 0 19.4
    endloop
  endfacet
  facet normal 0 -1 0
    outer loop
      vertex 0 0 28.3
      vertex 5 0 19.4
      vertex 5 0 21.2
    endloop
  endfacet
  facet normal 0 -1 0
    outer loop
      vertex 0 0 28.3
      vertex 5 0 21.2
      vertex 5 0 23.2
    endloop
  endfacet
  facet normal -1 0 0
    outer loop
      vertex 0 0 28.3
      vertex 0 7 23.3
      vertex 0 5 23.3
    endloop
  endfacet
  facet normal 0 0 1
    outer loop
      vertex 0 0 28.3
      vertex 5 5 28.3
      vertex 5 7 28.3
    endloop
  endfacet
  facet normal -1 0 0
    outer loop
      vertex 0 0 28.3
      vertex 0 8.8 23.3
      vertex 0 7 23.3
    endloop
  endfacet
  facet normal -1 0 0
    outer loop
      vertex 0 0 28.3
      vertex 0 10.8 23.3
      vertex 0 8.8 23.3
    endloop
  endfacet
  facet normal 0 0 1
    outer loop
      vertex 0 0 28.3
      vertex 5 7 28.3
      vertex 5 8.8 28.3
    endloop
  endfacet
  facet normal 0 0 1
    outer loop
      vertex 0 0 28.3
      vertex 5 8.8 28.3
      vertex 5 10.8 28.3
    endloop
  endfacet
  facet normal -1 0 0
    outer loop
      vertex 0 0 28.3
      vertex 0 12.6 23.3
      vertex 0 10.8 23.3
    endloop
  endfacet
  facet normal 0 0 1
    outer loop
      vertex 0 0 28.3
      vertex 5 10.8 28.3
      vertex 5 12.6 28.3
    endloop
  endfacet
  facet normal 0 -1 0
    outer loop
      vertex 0 0 28.3
      vertex 5 0 23.2
      vertex 41.5 0 23.2
    endloop
  endfacet
  facet normal 0 0 1
    outer loop
      vertex 0 0 28.3
      vertex 41.5 5 28.3
      vertex 5 5 28.3
    endloop
  endfacet
  facet normal 0 0 1
    outer loop
      vertex 41.5 7 28.3
      vertex 5 8.8 28.3
      vertex 5 7 28.3
    endloop
  endfacet
  facet normal -1 0 0
    outer loop
      vertex 0 10.8 23.3
      vertex 0 12.6 23.3
      vertex 0 12.6 6
    endloop
  endfacet
  facet normal -1 0 0
    outer loop
      vertex 0 14.6 23.3
      vertex 0 16.4 23.3
      vertex 0 16.4 6
    endloop
  endfacet
  facet normal 0 0 1
    outer loop
      vertex 0 0 28.3
      vertex 5 12.6 28.3
      vertex 5 14.6 28.3
    endloop
  endfacet
  facet normal -1 0 0
    outer loop
      vertex 0 0 28.3
      vertex 0 35.5 28.3
      vertex 0 12.6 23.3
    endloop
  endfacet
  facet normal 0 0 1
    outer loop
      vertex 0 0 28.3
      vertex 5 14.6 28.3
      vertex 0 35.5 28.3
    endloop
  endfacet
  facet normal 0 0 1
    outer loop
      vertex 41.5 10.8 28.3
      vertex 5 12.6 28.3
      vertex 5 10.8 28.3
    endloop
  endfacet
  facet normal 0 0 1
    outer loop
      vertex 41.5 14.6 28.3
      vertex 5 16.4 28.3
      vertex 5 14.6 28.3
    endloop
  endfacet
  facet normal 0 -1 0
    outer loop
      vertex 41.5 0 15.6
      vertex 41.5 0 17.4
      vertex 5 0 17.4
    endloop
  endfacet
  facet normal 0 -1 0
    outer loop
      vertex 5 0 21.2
      vertex 41.5 0 19.4
      vertex 41.5 0 21.2
    endloop
  endfacet
  facet normal 0 0 1
    outer loop
      vertex 5 8.8 28.3
      vertex 41.5 7 28.3
      vertex 41.5 8.8 28.3
    endloop
  endfacet
  facet normal 0 0 1
    outer loop
      vertex 5 12.6 28.3
      vertex 41.5 10.8 28.3
      vertex 41.5 12.6 28.3
    endloop
  endfacet
  facet normal 0 0 1
    outer loop
      vertex 41.5 16.4 28.3
      vertex 5 16.4 28.3
      vertex 41.5 14.6 28.3
    endloop
  endfacet
  facet normal -1 0 0
    outer loop
      vertex 0 35.5 0
      vertex 0 14.6 6
      vertex 0 16.4 6
    endloop
  endfacet
  facet normal -1 0 0
    outer loop
      vertex 0 35.5 0
      vertex 0 16.4 6
      vertex 0 18.4 6
    endloop
  endfacet
  facet normal -1 0 0
    outer loop
      vertex 0 35.5 0
      vertex 0 18.4 6
      vertex 0 20.2 6
    endloop
  endfacet
  facet normal -1 0 0
    outer loop
      vertex 0 35.5 0
      vertex 0 20.2 6
      vertex 0 22.2 6
    endloop
  endfacet
  facet normal -1 0 0
    outer loop
      vertex 0 18.4 6
      vertex 0 18.4 23.3
      vertex 0 20.2 6
    endloop
  endfacet
  facet normal -1 0 0
    outer loop
      vertex 0 22.2 6
      vertex 0 22.2 23.3
      vertex 0 24 6
    endloop
  endfacet
  facet normal -1 0 0
    outer loop
      vertex 0 26 6
      vertex 0 26 23.3
      vertex 0 27.799999999999997 6
    endloop
  endfacet
  facet normal -1 0 0
    outer loop
      vertex 0 35.5 0
      vertex 0 22.2 6
      vertex 0 24 6
    endloop
  endfacet
  facet normal -1 0 0
    outer loop
      vertex 0 35.5 0
      vertex 0 24 6
      vertex 0 26 6
    endloop
  endfacet
  facet normal -1 0 0
    outer loop
      vertex 0 35.5 0
      vertex 0 26 6
      vertex 0 27.799999999999997 6
    endloop
  endfacet
  facet normal -1 0 0
    outer loop
      vertex 0 35.5 0
      vertex 0 27.799999999999997 6
      vertex 0 29.799999999999997 6
    endloop
  endfacet
  facet normal 0 1 0
    outer loop
      vertex 0 35.5 0
      vertex 5 35.5 8
      vertex 5 35.5 6
    endloop
  endfacet
  facet normal 0 1 0
    outer loop
      vertex 0 35.5 0
      vertex 5 35.5 9.8
      vertex 5 35.5 8
    endloop
  endfacet
  facet normal 0 1 0
    outer loop
      vertex 0 35.5 0
      vertex 5 35.5 6
      vertex 41.5 35.5 6
    endloop
  endfacet
  facet normal -1 0 0
    outer loop
      vertex 0 35.5 0
      vertex 0 29.799999999999997 6
      vertex 0 29.799999999999997 23.3
    endloop
  endfacet
  facet normal 0 1 0
    outer loop
      vertex 0 35.5 0
      vertex 0 35.5 28.3
      vertex 5 35.5 9.8
    endloop
  endfacet
  facet normal 0 1 0
    outer loop
      vertex 41.5 35.5 9.8
      vertex 5 35.5 8
      vertex 5 35.5 9.8
    endloop
  endfacet
  facet normal 0 1 0
    outer loop
      vertex 41.5 35.5 13.6
      vertex 5 35.5 11.8
      vertex 5 35.5 13.6
    endloop
  endfacet
  facet normal 0 0 -1
    outer loop
      vertex 0 0 0
      vertex 0 35.5 0
      vertex 75 35.5 0
    endloop
  endfacet
  facet normal 0 1 0
    outer loop
      vertex 5 35.5 8
      vertex 41.5 35.5 9.8
      vertex 41.5 35.5 8
    endloop
  endfacet
  facet normal 0 1 0
    outer loop
      vertex 41.5 35.5 13.6
      vertex 41.5 35.5 11.8
      vertex 5 35.5 11.8
    endloop
  endfacet
  facet normal -1 0 0
    outer loop
      vertex 0 18.4 23.3
      vertex 0 20.2 23.3
      vertex 0 20.2 6
    endloop
  endfacet
  facet normal -1 0 0
    outer loop
      vertex 0 24 6
      vertex 0 22.2 23.3
      vertex 0 24 23.3
    endloop
  endfacet
  facet normal -1 0 0
    outer loop
      vertex 0 35.5 28.3
      vertex 0 14.6 23.3
      vertex 0 12.6 23.3
    endloop
  endfacet
  facet normal -1 0 0
    outer loop
      vertex 0 35.5 28.3
      vertex 0 16.4 23.3
      vertex 0 14.6 23.3
    endloop
  endfacet
  facet normal 0 0 1
    outer loop
      vertex 0 35.5 28.3
      vertex 5 14.6 28.3
      vertex 5 16.4 28.3
    endloop
  endfacet
  facet normal -1 0 0
    outer loop
      vertex 0 35.5 28.3
      vertex 0 18.4 23.3
      vertex 0 16.4 23.3
    endloop
  endfacet
  facet normal 0 0 1
    outer loop
      vertex 0 35.5 28.3
      vertex 5 16.4 28.3
      vertex 5 18.4 28.3
    endloop
  endfacet
  facet normal -1 0 0
    outer loop
      vertex 0 35.5 28.3
      vertex 0 20.2 23.3
      vertex 0 18.4 23.3
    endloop
  endfacet
  facet normal -1 0 0
    outer loop
      vertex 0 35.5 28.3
      vertex 0 22.2 23.3
      vertex 0 20.2 23.3
    endloop
  endfacet
  facet normal 0 0 1
    outer loop
      vertex 0 35.5 28.3
      vertex 5 18.4 28.3
      vertex 5 20.2 28.3
    endloop
  endfacet
  facet normal 0 0 1
    outer loop
      vertex 0 35.5 28.3
      vertex 5 20.2 28.3
      vertex 5 22.2 28.3
    endloop
  endfacet
  facet normal 0 0 1
    outer loop
      vertex 41.5 18.4 28.3
      vertex 5 20.2 28.3
      vertex 5 18.4 28.3
    endloop
  endfacet
  facet normal 0 0 1
    outer loop
      vertex 41.5 22.2 28.3
      vertex 5 24 28.3
      vertex 5 22.2 28.3
    endloop
  endfacet
  facet normal 0 0 1
    outer loop
      vertex 41.5 26 28.3
      vertex 5 27.799999999999997 28.3
      vertex 5 26 28.3
    endloop
  endfacet
  facet normal -1 0 0
    outer loop
      vertex 0 27.799999999999997 6
      vertex 0 26 23.3
      vertex 0 27.799999999999997 23.3
    endloop
  endfacet
  facet normal -1 0 0
    outer loop
      vertex 0 35.5 0
      vertex 0 29.799999999999997 23.3
      vertex 0 35.5 28.3
    endloop
  endfacet
  facet normal 0 1 0
    outer loop
      vertex 0 35.5 28.3
      vertex 5 35.5 11.8
      vertex 5 35.5 9.8
    endloop
  endfacet
  facet normal 0 1 0
    outer loop
      vertex 0 35.5 28.3
      vertex 5 35.5 13.6
      vertex 5 35.5 11.8
    endloop
  endfacet
  facet normal 0 1 0
    outer loop
      vertex 0 35.5 28.3
      vertex 5 35.5 15.6
      vertex 5 35.5 13.6
    endloop
  endfacet
  facet normal 0 1 0
    outer loop
      vertex 0 35.5 28.3
      vertex 5 35.5 17.4
      vertex 5 35.5 15.6
    endloop
  endfacet
  facet normal 0 1 0
    outer loop
      vertex 41.5 35.5 17.4
      vertex 5 35.5 15.6
      vertex 5 35.5 17.4
    endloop
  endfacet
  facet normal 0 1 0
    outer loop
      vertex 41.5 35.5 21.2
      vertex 5 35.5 19.4
      vertex 5 35.5 21.2
    endloop
  endfacet
  facet normal -1 0 0
    outer loop
      vertex 0 35.5 28.3
      vertex 0 24 23.3
      vertex 0 22.2 23.3
    endloop
  endfacet
  facet normal -1 0 0
    outer loop
      vertex 0 35.5 28.3
      vertex 0 26 23.3
      vertex 0 24 23.3
    endloop
  endfacet
  facet normal 0 0 1
    outer loop
      vertex 0 35.5 28.3
      vertex 5 22.2 28.3
      vertex 5 24 28.3
    endloop
  endfacet
  facet normal 0 0 1
    outer loop
      vertex 0 35.5 28.3
      vertex 5 24 28.3
      vertex 5 26 28.3
    endloop
  endfacet
  facet normal -1 0 0
    outer loop
      vertex 0 35.5 28.3
      vertex 0 27.799999999999997 23.3
      vertex 0 26 23.3
    endloop
  endfacet
  facet normal -1 0 0
    outer loop
      vertex 0 35.5 28.3
      vertex 0 29.799999999999997 23.3
      vertex 0 27.799999999999997 23.3
    endloop
  endfacet
  facet normal 0 0 1
    outer loop
      vertex 0 35.5 28.3
      vertex 5 26 28.3
      vertex 5 27.799999999999997 28.3
    endloop
  endfacet
  facet normal 0 0 1
    outer loop
      vertex 0 35.5 28.3
      vertex 5 27.799999999999997 28.3
      vertex 5 29.799999999999997 28.3
    endloop
  endfacet
  facet normal 0 1 0
    outer loop
      vertex 0 35.5 28.3
      vertex 5 35.5 19.4
      vertex 5 35.5 17.4
    endloop
  endfacet
  facet normal 0 1 0
    outer loop
      vertex 0 35.5 28.3
      vertex 5 35.5 21.2
      vertex 5 35.5 19.4
    endloop
  endfacet
  facet normal 0 1 0
    outer loop
      vertex 0 35.5 28.3
      vertex 5 35.5 23.2
      vertex 5 35.5 21.2
    endloop
  endfacet
  facet normal 0 0 1
    outer loop
      vertex 0 35.5 28.3
      vertex 5 29.799999999999997 28.3
      vertex 41.5 29.799999999999997 28.3
    endloop
  endfacet
  facet normal 0 1 0
    outer loop
      vertex 0 35.5 28.3
      vertex 41.5 35.5 23.2
      vertex 5 35.5 23.2
    endloop
  endfacet
  facet normal 0 0 1
    outer loop
      vertex 5 20.2 28.3
      vertex 41.5 18.4 28.3
      vertex 41.5 20.2 28.3
    endloop
  endfacet
  facet normal 0 0 1
    outer loop
      vertex 5 24 28.3
      vertex 41.5 22.2 28.3
      vertex 41.5 24 28.3
    endloop
  endfacet
  facet normal 0 1 0
    outer loop
      vertex 5 35.5 15.6
      vertex 41.5 35.5 17.4
      vertex 41.5 35.5 15.6
    endloop
  endfacet
  facet normal 0 1 0
    outer loop
      vertex 5 35.5 19.4
      vertex 41.5 35.5 21.2
      vertex 41.5 35.5 19.4
    endloop
  endfacet
  facet normal 0 0 1
    outer loop
      vertex 5 27.799999999999997 28.3
      vertex 41.5 26 28.3
      vertex 41.5 27.799999999999997 28.3
    endloop
  endfacet
  facet normal 0 -1 0
    outer loop
      vertex 75 0 0
      vertex 41.5 0 6
      vertex 5 0 6
    endloop
  endfacet
  facet normal 0 -1 0
    outer loop
      vertex 75 0 0
      vertex 41.5 0 8
      vertex 41.5 0 6
    endloop
  endfacet
  facet normal 0 -1 0
    outer loop
      vertex 75 0 0
      vertex 41.5 0 9.8
      vertex 41.5 0 8
    endloop
  endfacet
  facet normal 0 -1 0
    outer loop
      vertex 75 0 0
      vertex 41.5 0 11.8
      vertex 41.5 0 9.8
    endloop
  endfacet
  facet normal 0 -1 0
    outer loop
      vertex 75 0 0
      vertex 41.5 0 13.6
      vertex 41.5 0 11.8
    endloop
  endfacet
  facet normal 0 -1 0
    outer loop
      vertex 75 0 0
      vertex 41.5 0 15.6
      vertex 41.5 0 13.6
    endloop
  endfacet
  facet normal 0 0 -1
    outer loop
      vertex 0 0 0
      vertex 75 35.5 0
      vertex 75 0 0
    endloop
  endfacet
  facet normal 1 0 0
    outer loop
      vertex 75 0 0
      vertex 75 18 1
      vertex 75 1 1
    endloop
  endfacet
  facet normal 1 0 0
    outer loop
      vertex 75 0 0
      vertex 75 1 1
      vertex 75 1 27.3
    endloop
  endfacet
  facet normal 0 -1 0
    outer loop
      vertex 75 0 28.3
      vertex 41.5 0 17.4
      vertex 41.5 0 15.6
    endloop
  endfacet
  facet normal 0 -1 0
    outer loop
      vertex 0 0 28.3
      vertex 41.5 0 23.2
      vertex 75 0 28.3
    endloop
  endfacet
  facet normal 0 0 1
    outer loop
      vertex 0 0 28.3
      vertex 75 0 28.3
      vertex 41.5 5 28.3
    endloop
  endfacet
  facet normal 0 -1 0
    outer loop
      vertex 75 0 28.3
      vertex 41.5 0 19.4
      vertex 41.5 0 17.4
    endloop
  endfacet
  facet normal 0 -1 0
    outer loop
      vertex 75 0 28.3
      vertex 41.5 0 21.2
      vertex 41.5 0 19.4
    endloop
  endfacet
  facet normal 0 -1 0
    outer loop
      vertex 75 0 28.3
      vertex 41.5 0 23.2
      vertex 41.5 0 21.2
    endloop
  endfacet
  facet normal 0 0 1
    outer loop
      vertex 75 0 28.3
      vertex 41.5 7 28.3
      vertex 41.5 5 28.3
    endloop
  endfacet
  facet normal 0 0 1
    outer loop
      vertex 75 0 28.3
      vertex 41.5 8.8 28.3
      vertex 41.5 7 28.3
    endloop
  endfacet
  facet normal 0 0 1
    outer loop
      vertex 75 0 28.3
      vertex 41.5 10.8 28.3
      vertex 41.5 8.8 28.3
    endloop
  endfacet
  facet normal 0 0 1
    outer loop
      vertex 75 0 28.3
      vertex 41.5 12.6 28.3
      vertex 41.5 10.8 28.3
    endloop
  endfacet
  facet normal 0 0 1
    outer loop
      vertex 75 0 28.3
      vertex 41.5 14.6 28.3
      vertex 41.5 12.6 28.3
    endloop
  endfacet
  facet normal 0 0 1
    outer loop
      vertex 75 0 28.3
      vertex 41.5 16.4 28.3
      vertex 41.5 14.6 28.3
    endloop
  endfacet
  facet normal 0 -1 0
    outer loop
      vertex 75 0 0
      vertex 75 0 28.3
      vertex 41.5 0 15.6
    endloop
  endfacet
  facet normal 1 0 0
    outer loop
      vertex 75 0 0
      vertex 75 1 27.3
      vertex 75 0 28.3
    endloop
  endfacet
  facet normal 1 0 0
    outer loop
      vertex 75 0 28.3
      vertex 75 1 27.3
      vertex 75 18 27.3
    endloop
  endfacet
  facet normal 0 0 1
    outer loop
      vertex 75 0 28.3
      vertex 66.73191290689516 18.124895677379 28.3
      vertex 41.5 16.4 28.3
    endloop
  endfacet
  facet normal 0 0 1
    outer loop
      vertex 65.51255768962692 18.494783038676637 28.3
      vertex 41.5 16.4 28.3
      vertex 66.11314959784599 18.279887817740644 28.3
    endloop
  endfacet
  facet normal 0 0 1
    outer loop
      vertex 66.11314959784599 18.279887817740644 28.3
      vertex 41.5 16.4 28.3
      vertex 66.73191290689516 18.124895677379 28.3
    endloop
  endfacet
  facet normal 0 0 1
    outer loop
      vertex 75 0 28.3
      vertex 67.36288858785785 18.03129927663072 28.3
      vertex 66.73191290689516 18.124895677379 28.3
    endloop
  endfacet
  facet normal 0 0 1
    outer loop
      vertex 75 0 28.3
      vertex 68 18 28.3
      vertex 67.36288858785785 18.03129927663072 28.3
    endloop
  endfacet
  facet normal 0 0 1
    outer loop
      vertex 75 0 28.3
      vertex 75 18 28.3
      vertex 68 18 28.3
    endloop
  endfacet
  facet normal 1 0 0
    outer loop
      vertex 75 0 28.3
      vertex 75 18 27.3
      vertex 75 18 28.3
    endloop
  endfacet
  facet normal 0 1 0
    outer loop
      vertex 0 35.5 0
      vertex 41.5 35.5 6
      vertex 75 35.5 0
    endloop
  endfacet
  facet normal 0 1 0
    outer loop
      vertex 75 35.5 0
      vertex 41.5 35.5 6
      vertex 41.5 35.5 8
    endloop
  endfacet
  facet normal 0 1 0
    outer loop
      vertex 75 35.5 0
      vertex 41.5 35.5 8
      vertex 41.5 35.5 9.8
    endloop
  endfacet
  facet normal 0 1 0
    outer loop
      vertex 75 35.5 0
      vertex 41.5 35.5 9.8
      vertex 41.5 35.5 11.8
    endloop
  endfacet
  facet normal 0 1 0
    outer loop
      vertex 75 35.5 0
      vertex 41.5 35.5 11.8
      vertex 41.5 35.5 13.6
    endloop
  endfacet
  facet normal 1 0 0
    outer loop
      vertex 75 0 0
      vertex 75 35.5 0
      vertex 75 18 1
    endloop
  endfacet
  facet normal 1 0 0
    outer loop
      vertex 75 35.5 0
      vertex 75 31 1
      vertex 75 18 1
    endloop
  endfacet
  facet normal 1 0 0
    outer loop
      vertex 75 35.5 0
      vertex 75 34.5 1
      vertex 75 31 1
    endloop
  endfacet
  facet normal 0 1 0
    outer loop
      vertex 75 35.5 0
      vertex 41.5 35.5 13.6
      vertex 75 35.5 28.3
    endloop
  endfacet
  facet normal 1 0 0
    outer loop
      vertex 75 35.5 0
      vertex 75 35.5 28.3
      vertex 75 34.5 1
    endloop
  endfacet
  facet normal 0 0 1
    outer loop
      vertex 61.99478303867664 22.012557689626917 28.3
      vertex 41.5 18.4 28.3
      vertex 41.5 16.4 28.3
    endloop
  endfacet
  facet normal 0 0 1
    outer loop
      vertex 61.779887817740644 22.613149597845997 28.3
      vertex 41.5 20.2 28.3
      vertex 41.5 18.4 28.3
    endloop
  endfacet
  facet normal 0 0 1
    outer loop
      vertex 61.53129927663072 23.862888587857856 28.3
      vertex 41.5 22.2 28.3
      vertex 41.5 20.2 28.3
    endloop
  endfacet
  facet normal 0 0 1
    outer loop
      vertex 62.97543205314221 20.376443652936302 28.3
      vertex 41.5 16.4 28.3
      vertex 63.40380592228744 19.90380592228744 28.3
    endloop
  endfacet
  facet normal 0 0 1
    outer loop
      vertex 62.59544752003346 20.888793485372585 28.3
      vertex 41.5 16.4 28.3
      vertex 62.97543205314221 20.376443652936302 28.3
    endloop
  endfacet
  facet normal 0 0 1
    outer loop
      vertex 62.26751178173569 21.435921210631015 28.3
      vertex 41.5 16.4 28.3
      vertex 62.59544752003346 20.888793485372585 28.3
    endloop
  endfacet
  facet normal 0 0 1
    outer loop
      vertex 61.99478303867664 22.012557689626917 28.3
      vertex 41.5 16.4 28.3
      vertex 62.26751178173569 21.435921210631015 28.3
    endloop
  endfacet
  facet normal 0 0 1
    outer loop
      vertex 61.779887817740644 22.613149597845997 28.3
      vertex 41.5 18.4 28.3
      vertex 61.99478303867664 22.012557689626917 28.3
    endloop
  endfacet
  facet normal 0 0 1
    outer loop
      vertex 61.624895677379 23.231912906895168 28.3
      vertex 41.5 20.2 28.3
      vertex 61.779887817740644 22.613149597845997 28.3
    endloop
  endfacet
  facet normal 0 0 1
    outer loop
      vertex 62.26751178173569 27.564078789368985 28.3
      vertex 41.5 24 28.3
      vertex 41.5 22.2 28.3
    endloop
  endfacet
  facet normal 0 0 1
    outer loop
      vertex 62.26751178173569 27.564078789368985 28.3
      vertex 41.5 26 28.3
      vertex 41.5 24 28.3
    endloop
  endfacet
  facet normal 0 0 1
    outer loop
      vertex 61.53129927663072 23.862888587857856 28.3
      vertex 41.5 20.2 28.3
      vertex 61.624895677379 23.231912906895168 28.3
    endloop
  endfacet
  facet normal 0 0 1
    outer loop
      vertex 61.53129927663072 23.862888587857856 28.3
      vertex 61.5 24.5 28.3
      vertex 41.5 22.2 28.3
    endloop
  endfacet
  facet normal 0 0 1
    outer loop
      vertex 61.53129927663072 25.137111412142144 28.3
      vertex 41.5 22.2 28.3
      vertex 61.5 24.5 28.3
    endloop
  endfacet
  facet normal 0 0 1
    outer loop
      vertex 61.624895677379 25.768087093104832 28.3
      vertex 41.5 22.2 28.3
      vertex 61.53129927663072 25.137111412142144 28.3
    endloop
  endfacet
  facet normal 0 0 1
    outer loop
      vertex 61.779887817740644 26.386850402154003 28.3
      vertex 41.5 22.2 28.3
      vertex 61.624895677379 25.768087093104832 28.3
    endloop
  endfacet
  facet normal 0 0 1
    outer loop
      vertex 61.99478303867664 26.987442310373083 28.3
      vertex 41.5 22.2 28.3
      vertex 61.779887817740644 26.386850402154003 28.3
    endloop
  endfacet
  facet normal 0 0 1
    outer loop
      vertex 62.26751178173569 27.564078789368985 28.3
      vertex 41.5 22.2 28.3
      vertex 61.99478303867664 26.987442310373083 28.3
    endloop
  endfacet
  facet normal 0 1 0
    outer loop
      vertex 75 35.5 28.3
      vertex 41.5 35.5 13.6
      vertex 41.5 35.5 15.6
    endloop
  endfacet
  facet normal 0 1 0
    outer loop
      vertex 75 35.5 28.3
      vertex 41.5 35.5 15.6
      vertex 41.5 35.5 17.4
    endloop
  endfacet
  facet normal 0 0 1
    outer loop
      vertex 0 35.5 28.3
      vertex 41.5 29.799999999999997 28.3
      vertex 75 35.5 28.3
    endloop
  endfacet
  facet normal 0 1 0
    outer loop
      vertex 0 35.5 28.3
      vertex 75 35.5 28.3
      vertex 41.5 35.5 23.2
    endloop
  endfacet
  facet normal 0 0 1
    outer loop
      vertex 62.97543205314221 28.623556347063698 28.3
      vertex 41.5 27.799999999999997 28.3
      vertex 41.5 26 28.3
    endloop
  endfacet
  facet normal 0 0 1
    outer loop
      vertex 62.97543205314221 28.623556347063698 28.3
      vertex 41.5 29.799999999999997 28.3
      vertex 41.5 27.799999999999997 28.3
    endloop
  endfacet
  facet normal 0 0 1
    outer loop
      vertex 62.59544752003346 28.111206514627415 28.3
      vertex 41.5 26 28.3
      vertex 62.26751178173569 27.564078789368985 28.3
    endloop
  endfacet
  facet normal 0 0 1
    outer loop
      vertex 62.97543205314221 28.623556347063698 28.3
      vertex 41.5 26 28.3
      vertex 62.59544752003346 28.111206514627415 28.3
    endloop
  endfacet
  facet normal 0 0 1
    outer loop
      vertex 63.40380592228744 29.09619407771256 28.3
      vertex 41.5 29.799999999999997 28.3
      vertex 62.97543205314221 28.623556347063698 28.3
    endloop
  endfacet
  facet normal 0 1 0
    outer loop
      vertex 75 35.5 28.3
      vertex 41.5 35.5 17.4
      vertex 41.5 35.5 19.4
    endloop
  endfacet
  facet normal 0 1 0
    outer loop
      vertex 75 35.5 28.3
      vertex 41.5 35.5 19.4
      vertex 41.5 35.5 21.2
    endloop
  endfacet
  facet normal 0 1 0
    outer loop
      vertex 75 35.5 28.3
      vertex 41.5 35.5 21.2
      vertex 41.5 35.5 23.2
    endloop
  endfacet
  facet normal 0 0 1
    outer loop
      vertex 64.93592121063102 18.767511781735692 28.3
      vertex 41.5 16.4 28.3
      vertex 65.51255768962692 18.494783038676637 28.3
    endloop
  endfacet
  facet normal 0 0 1
    outer loop
      vertex 64.38879348537259 19.095447520033456 28.3
      vertex 41.5 16.4 28.3
      vertex 64.93592121063102 18.767511781735692 28.3
    endloop
  endfacet
  facet normal 0 0 1
    outer loop
      vertex 63.8764436529363 19.47543205314221 28.3
      vertex 41.5 16.4 28.3
      vertex 64.38879348537259 19.095447520033456 28.3
    endloop
  endfacet
  facet normal 0 0 1
    outer loop
      vertex 63.40380592228744 19.90380592228744 28.3
      vertex 41.5 16.4 28.3
      vertex 63.8764436529363 19.47543205314221 28.3
    endloop
  endfacet
  facet normal 1 0 0
    outer loop
      vertex 75 35.5 28.3
      vertex 75 34.5 27.3
      vertex 75 34.5 1
    endloop
  endfacet
  facet normal 0 0 1
    outer loop
      vertex 63.8764436529363 29.52456794685779 28.3
      vertex 41.5 29.799999999999997 28.3
      vertex 63.40380592228744 29.09619407771256 28.3
    endloop
  endfacet
  facet normal 0 0 1
    outer loop
      vertex 64.38879348537259 29.904552479966544 28.3
      vertex 41.5 29.799999999999997 28.3
      vertex 63.8764436529363 29.52456794685779 28.3
    endloop
  endfacet
  facet normal 0 0 1
    outer loop
      vertex 64.93592121063102 30.232488218264308 28.3
      vertex 41.5 29.799999999999997 28.3
      vertex 64.38879348537259 29.904552479966544 28.3
    endloop
  endfacet
  facet normal 0 0 1
    outer loop
      vertex 65.51255768962692 30.505216961323363 28.3
      vertex 41.5 29.799999999999997 28.3
      vertex 64.93592121063102 30.232488218264308 28.3
    endloop
  endfacet
  facet normal 0 0 1
    outer loop
      vertex 66.11314959784599 30.720112182259356 28.3
      vertex 41.5 29.799999999999997 28.3
      vertex 65.51255768962692 30.505216961323363 28.3
    endloop
  endfacet
  facet normal 0 0 1
    outer loop
      vertex 66.73191290689516 30.875104322621 28.3
      vertex 41.5 29.799999999999997 28.3
      vertex 66.11314959784599 30.720112182259356 28.3
    endloop
  endfacet
  facet normal 0 0 1
    outer loop
      vertex 67.36288858785785 30.96870072336928 28.3
      vertex 41.5 29.799999999999997 28.3
      vertex 66.73191290689516 30.875104322621 28.3
    endloop
  endfacet
  facet normal 0 0 1
    outer loop
      vertex 75 35.5 28.3
      vertex 41.5 29.799999999999997 28.3
      vertex 67.36288858785785 30.96870072336928 28.3
    endloop
  endfacet
  facet normal 0 0 1
    outer loop
      vertex 75 35.5 28.3
      vertex 67.36288858785785 30.96870072336928 28.3
      vertex 68 31 28.3
    endloop
  endfacet
  facet normal 1 0 0
    outer loop
      vertex 75 31 28.3
      vertex 75 31 27.3
      vertex 75 34.5 27.3
    endloop
  endfacet
  facet normal 0 0 1
    outer loop
      vertex 75 35.5 28.3
      vertex 68 31 28.3
      vertex 75 31 28.3
    endloop
  endfacet
  facet normal 1 0 0
    outer loop
      vertex 75 35.5 28.3
      vertex 75 31 28.3
      vertex 75 34.5 27.3
    endloop
  endfacet
  facet normal 0 1 0
    outer loop
      vertex 1 1 1
      vertex 5 1 8
      vertex 5 1 6
    endloop
  endfacet
  facet normal 0 1 0
    outer loop
      vertex 1 1 1
      vertex 5 1 9.8
      vertex 5 1 8
    endloop
  endfacet
  facet normal 1 0 0
    outer loop
      vertex 1 1 1
      vertex 1 7 6
      vertex 1 5 6
    endloop
  endfacet
  facet normal 1 0 0
    outer loop
      vertex 1 1 1
      vertex 1 8.8 6
      vertex 1 7 6
    endloop
  endfacet
  facet normal 1 0 0
    outer loop
      vertex 1 1 1
      vertex 1 10.8 6
      vertex 1 8.8 6
    endloop
  endfacet
  facet normal 1 0 0
    outer loop
      vertex 1 1 1
      vertex 1 12.6 6
      vertex 1 10.8 6
    endloop
  endfacet
  facet normal 0 1 0
    outer loop
      vertex 1 1 1
      vertex 5 1 6
      vertex 41.5 1 6
    endloop
  endfacet
  facet normal 0 1 0
    outer loop
      vertex 1 1 1
      vertex 5 1 11.8
      vertex 5 1 9.8
    endloop
  endfacet
  facet normal 1 0 0
    outer loop
      vertex 1 1 1
      vertex 1 5 6
      vertex 1 5 23.3
    endloop
  endfacet
  facet normal 0 1 0
    outer loop
      vertex 1 1 1
      vertex 1 1 27.3
      vertex 5 1 11.8
    endloop
  endfacet
  facet normal 1 0 0
    outer loop
      vertex 1 7 6
      vertex 1 8.8 6
      vertex 1 8.8 23.3
    endloop
  endfacet
  facet normal 0 1 0
    outer loop
      vertex 5 1 8
      vertex 5 1 9.8
      vertex 41.5 1 9.8
    endloop
  endfacet
  facet normal 0 1 0
    outer loop
      vertex 5 1 11.8
      vertex 5 1 13.6
      vertex 41.5 1 13.6
    endloop
  endfacet
  facet normal 1 0 0
    outer loop
      vertex 1 1 1
      vertex 1 14.6 6
      vertex 1 12.6 6
    endloop
  endfacet
  facet normal 1 0 0
    outer loop
      vertex 1 1 1
      vertex 1 34.5 1
      vertex 1 14.6 6
    endloop
  endfacet
  facet normal 1 0 0
    outer loop
      vertex 1 10.8 6
      vertex 1 12.6 6
      vertex 1 12.6 23.3
    endloop
  endfacet
  facet normal 1 0 0
    outer loop
      vertex 1 14.6 6
      vertex 1 16.4 6
      vertex 1 16.4 23.3
    endloop
  endfacet
  facet normal 0 1 0
    outer loop
      vertex 5 1 8
      vertex 41.5 1 9.8
      vertex 41.5 1 8
    endloop
  endfacet
  facet normal 0 1 0
    outer loop
      vertex 5 1 11.8
      vertex 41.5 1 13.6
      vertex 41.5 1 11.8
    endloop
  endfacet
  facet normal 0 1 0
    outer loop
      vertex 5 1 11.8
      vertex 1 1 27.3
      vertex 5 1 13.6
    endloop
  endfacet
  facet normal 1 0 0
    outer loop
      vertex 1 1 1
      vertex 1 5 23.3
      vertex 1 1 27.3
    endloop
  endfacet
  facet normal 0 1 0
    outer loop
      vertex 5 1 13.6
      vertex 1 1 27.3
      vertex 5 1 15.6
    endloop
  endfacet
  facet normal 0 1 0
    outer loop
      vertex 5 1 15.6
      vertex 1 1 27.3
      vertex 5 1 17.4
    endloop
  endfacet
  facet normal 1 0 0
    outer loop
      vertex 1 7 6
      vertex 1 8.8 23.3
      vertex 1 7 23.3
    endloop
  endfacet
  facet normal 0 1 0
    outer loop
      vertex 5 1 15.6
      vertex 5 1 17.4
      vertex 41.5 1 17.4
    endloop
  endfacet
  facet normal 0 1 0
    outer loop
      vertex 5 1 19.4
      vertex 5 1 21.2
      vertex 41.5 1 21.2
    endloop
  endfacet
  facet normal 0 1 0
    outer loop
      vertex 5 1 17.4
      vertex 1 1 27.3
      vertex 5 1 19.4
    endloop
  endfacet
  facet normal 0 1 0
    outer loop
      vertex 5 1 19.4
      vertex 1 1 27.3
      vertex 5 1 21.2
    endloop
  endfacet
  facet normal 0 1 0
    outer loop
      vertex 5 1 21.2
      vertex 1 1 27.3
      vertex 5 1 23.2
    endloop
  endfacet
  facet normal 1 0 0
    outer loop
      vertex 1 5 23.3
      vertex 1 7 23.3
      vertex 1 1 27.3
    endloop
  endfacet
  facet normal 0 0 -1
    outer loop
      vertex 1 1 27.3
      vertex 5 7 27.3
      vertex 5 5 27.3
    endloop
  endfacet
  facet normal 1 0 0
    outer loop
      vertex 1 7 23.3
      vertex 1 8.8 23.3
      vertex 1 1 27.3
    endloop
  endfacet
  facet normal 1 0 0
    outer loop
      vertex 1 8.8 23.3
      vertex 1 10.8 23.3
      vertex 1 1 27.3
    endloop
  endfacet
  facet normal 1 0 0
    outer loop
      vertex 1 10.8 23.3
      vertex 1 12.6 23.3
      vertex 1 1 27.3
    endloop
  endfacet
  facet normal 0 0 -1
    outer loop
      vertex 1 1 27.3
      vertex 5 8.8 27.3
      vertex 5 7 27.3
    endloop
  endfacet
  facet normal 0 0 -1
    outer loop
      vertex 1 1 27.3
      vertex 5 10.8 27.3
      vertex 5 8.8 27.3
    endloop
  endfacet
  facet normal 0 0 -1
    outer loop
      vertex 1 1 27.3
      vertex 5 12.6 27.3
      vertex 5 10.8 27.3
    endloop
  endfacet
  facet normal 0 1 0
    outer loop
      vertex 5 1 23.2
      vertex 1 1 27.3
      vertex 41.5 1 23.2
    endloop
  endfacet
  facet normal 0 0 -1
    outer loop
      vertex 1 1 27.3
      vertex 5 5 27.3
      vertex 41.5 5 27.3
    endloop
  endfacet
  facet normal 0 0 -1
    outer loop
      vertex 5 7 27.3
      vertex 5 8.8 27.3
      vertex 41.5 8.8 27.3
    endloop
  endfacet
  facet normal 1 0 0
    outer loop
      vertex 1 10.8 6
      vertex 1 12.6 23.3
      vertex 1 10.8 23.3
    endloop
  endfacet
  facet normal 1 0 0
    outer loop
      vertex 1 14.6 6
      vertex 1 16.4 23.3
      vertex 1 14.6 23.3
    endloop
  endfacet
  facet normal 1 0 0
    outer loop
      vertex 1 12.6 23.3
      vertex 1 14.6 23.3
      vertex 1 1 27.3
    endloop
  endfacet
  facet normal 1 0 0
    outer loop
      vertex 1 14.6 23.3
      vertex 1 34.5 27.3
      vertex 1 1 27.3
    endloop
  endfacet
  facet normal 0 0 -1
    outer loop
      vertex 1 1 27.3
      vertex 1 34.5 27.3
      vertex 5 12.6 27.3
    endloop
  endfacet
  facet normal 0 0 -1
    outer loop
      vertex 5 10.8 27.3
      vertex 5 12.6 27.3
      vertex 41.5 12.6 27.3
    endloop
  endfacet
  facet normal 0 0 -1
    outer loop
      vertex 5 14.6 27.3
      vertex 5 16.4 27.3
      vertex 41.5 16.4 27.3
    endloop
  endfacet
  facet normal 0 1 0
    outer loop
      vertex 5 1 15.6
      vertex 41.5 1 17.4
      vertex 41.5 1 15.6
    endloop
  endfacet
  facet normal 0 1 0
    outer loop
      vertex 5 1 19.4
      vertex 41.5 1 21.2
      vertex 41.5 1 19.4
    endloop
  endfacet
  facet normal 0 0 -1
    outer loop
      vertex 5 7 27.3
      vertex 41.5 8.8 27.3
      vertex 41.5 7 27.3
    endloop
  endfacet
  facet normal 0 0 -1
    outer loop
      vertex 5 10.8 27.3
      vertex 41.5 12.6 27.3
      vertex 41.5 10.8 27.3
    endloop
  endfacet
  facet normal 0 0 -1
    outer loop
      vertex 5 14.6 27.3
      vertex 41.5 16.4 27.3
      vertex 41.5 14.6 27.3
    endloop
  endfacet
  facet normal 1 0 0
    outer loop
      vertex 1 14.6 6
      vertex 1 34.5 1
      vertex 1 16.4 6
    endloop
  endfacet
  facet normal 1 0 0
    outer loop
      vertex 1 16.4 6
      vertex 1 34.5 1
      vertex 1 18.4 6
    endloop
  endfacet
  facet normal 1 0 0
    outer loop
      vertex 1 18.4 6
      vertex 1 34.5 1
      vertex 1 20.2 6
    endloop
  endfacet
  facet normal 1 0 0
    outer loop
      vertex 1 20.2 6
      vertex 1 34.5 1
      vertex 1 22.2 6
    endloop
  endfacet
  facet normal 1 0 0
    outer loop
      vertex 1 18.4 6
      vertex 1 20.2 6
      vertex 1 20.2 23.3
    endloop
  endfacet
  facet normal 1 0 0
    outer loop
      vertex 1 22.2 6
      vertex 1 24 6
      vertex 1 24 23.3
    endloop
  endfacet
  facet normal 1 0 0
    outer loop
      vertex 1 22.2 6
      vertex 1 34.5 1
      vertex 1 24 6
    endloop
  endfacet
  facet normal 1 0 0
    outer loop
      vertex 1 24 6
      vertex 1 34.5 1
      vertex 1 26 6
    endloop
  endfacet
  facet normal 1 0 0
    outer loop
      vertex 1 26 6
      vertex 1 34.5 1
      vertex 1 27.799999999999997 6
    endloop
  endfacet
  facet normal 1 0 0
    outer loop
      vertex 1 27.799999999999997 6
      vertex 1 34.5 1
      vertex 1 29.799999999999997 6
    endloop
  endfacet
  facet normal 0 -1 0
    outer loop
      vertex 1 34.5 1
      vertex 5 34.5 6
      vertex 5 34.5 8
    endloop
  endfacet
  facet normal 0 -1 0
    outer loop
      vertex 1 34.5 1
      vertex 5 34.5 8
      vertex 5 34.5 9.8
    endloop
  endfacet
  facet normal 0 -1 0
    outer loop
      vertex 1 34.5 1
      vertex 41.5 34.5 6
      vertex 5 34.5 6
    endloop
  endfacet
  facet normal 1 0 0
    outer loop
      vertex 1 26 6
      vertex 1 27.799999999999997 6
      vertex 1 27.799999999999997 23.3
    endloop
  endfacet
  facet normal 0 -1 0
    outer loop
      vertex 1 34.5 1
      vertex 5 34.5 9.8
      vertex 5 34.5 11.8
    endloop
  endfacet
  facet normal 1 0 0
    outer loop
      vertex 1 29.799999999999997 6
      vertex 1 34.5 1
      vertex 1 34.5 27.3
    endloop
  endfacet
  facet normal 0 -1 0
    outer loop
      vertex 1 34.5 1
      vertex 5 34.5 11.8
      vertex 1 34.5 27.3
    endloop
  endfacet
  facet normal 0 -1 0
    outer loop
      vertex 5 34.5 8
      vertex 41.5 34.5 8
      vertex 5 34.5 9.8
    endloop
  endfacet
  facet normal 0 -1 0
    outer loop
      vertex 5 34.5 11.8
      vertex 41.5 34.5 11.8
      vertex 5 34.5 13.6
    endloop
  endfacet
  facet normal 0 0 1
    outer loop
      vertex 1 1 1
      vertex 61.779887817740644 22.613149597845997 1
      vertex 1 34.5 1
    endloop
  endfacet
  facet normal 0 -1 0
    outer loop
      vertex 5 34.5 9.8
      vertex 41.5 34.5 8
      vertex 41.5 34.5 9.8
    endloop
  endfacet
  facet normal 0 -1 0
    outer loop
      vertex 5 34.5 13.6
      vertex 41.5 34.5 11.8
      vertex 41.5 34.5 13.6
    endloop
  endfacet
  facet normal 1 0 0
    outer loop
      vertex 1 18.4 6
      vertex 1 20.2 23.3
      vertex 1 18.4 23.3
    endloop
  endfacet
  facet normal 1 0 0
    outer loop
      vertex 1 22.2 6
      vertex 1 24 23.3
      vertex 1 22.2 23.3
    endloop
  endfacet
  facet normal 1 0 0
    outer loop
      vertex 1 26 6
      vertex 1 27.799999999999997 23.3
      vertex 1 26 23.3
    endloop
  endfacet
  facet normal 1 0 0
    outer loop
      vertex 1 14.6 23.3
      vertex 1 16.4 23.3
      vertex 1 34.5 27.3
    endloop
  endfacet
  facet normal 0 0 -1
    outer loop
      vertex 5 12.6 27.3
      vertex 1 34.5 27.3
      vertex 5 14.6 27.3
    endloop
  endfacet
  facet normal 0 0 -1
    outer loop
      vertex 5 14.6 27.3
      vertex 1 34.5 27.3
      vertex 5 16.4 27.3
    endloop
  endfacet
  facet normal 1 0 0
    outer loop
      vertex 1 16.4 23.3
      vertex 1 18.4 23.3
      vertex 1 34.5 27.3
    endloop
  endfacet
  facet normal 1 0 0
    outer loop
      vertex 1 18.4 23.3
      vertex 1 20.2 23.3
      vertex 1 34.5 27.3
    endloop
  endfacet
  facet normal 1 0 0
    outer loop
      vertex 1 20.2 23.3
      vertex 1 22.2 23.3
      vertex 1 34.5 27.3
    endloop
  endfacet
  facet normal 0 0 -1
    outer loop
      vertex 5 16.4 27.3
      vertex 1 34.5 27.3
      vertex 5 18.4 27.3
    endloop
  endfacet
  facet normal 0 0 -1
    outer loop
      vertex 5 18.4 27.3
      vertex 1 34.5 27.3
      vertex 5 20.2 27.3
    endloop
  endfacet
  facet normal 0 0 -1
    outer loop
      vertex 5 20.2 27.3
      vertex 1 34.5 27.3
      vertex 5 22.2 27.3
    endloop
  endfacet
  facet normal 0 0 -1
    outer loop
      vertex 5 18.4 27.3
      vertex 5 20.2 27.3
      vertex 41.5 20.2 27.3
    endloop
  endfacet
  facet normal 0 0 -1
    outer loop
      vertex 5 22.2 27.3
      vertex 5 24 27.3
      vertex 41.5 24 27.3
    endloop
  endfacet
  facet normal 0 -1 0
    outer loop
      vertex 5 34.5 11.8
      vertex 5 34.5 13.6
      vertex 1 34.5 27.3
    endloop
  endfacet
  facet normal 1 0 0
    outer loop
      vertex 1 29.799999999999997 6
      vertex 1 34.5 27.3
      vertex 1 29.799999999999997 23.3
    endloop
  endfacet
  facet normal 0 -1 0
    outer loop
      vertex 5 34.5 13.6
      vertex 5 34.5 15.6
      vertex 1 34.5 27.3
    endloop
  endfacet
  facet normal 0 -1 0
    outer loop
      vertex 5 34.5 15.6
      vertex 5 34.5 17.4
      vertex 1 34.5 27.3
    endloop
  endfacet
  facet normal 0 -1 0
    outer loop
      vertex 5 34.5 15.6
      vertex 41.5 34.5 15.6
      vertex 5 34.5 17.4
    endloop
  endfacet
  facet normal 0 -1 0
    outer loop
      vertex 5 34.5 19.4
      vertex 41.5 34.5 21.2
      vertex 5 34.5 21.2
    endloop
  endfacet
  facet normal 1 0 0
    outer loop
      vertex 1 22.2 23.3
      vertex 1 24 23.3
      vertex 1 34.5 27.3
    endloop
  endfacet
  facet normal 1 0 0
    outer loop
      vertex 1 24 23.3
      vertex 1 26 23.3
      vertex 1 34.5 27.3
    endloop
  endfacet
  facet normal 1 0 0
    outer loop
      vertex 1 26 23.3
      vertex 1 27.799999999999997 23.3
      vertex 1 34.5 27.3
    endloop
  endfacet
  facet normal 1 0 0
    outer loop
      vertex 1 27.799999999999997 23.3
      vertex 1 29.799999999999997 23.3
      vertex 1 34.5 27.3
    endloop
  endfacet
  facet normal 0 0 -1
    outer loop
      vertex 5 22.2 27.3
      vertex 1 34.5 27.3
      vertex 5 24 27.3
    endloop
  endfacet
  facet normal 0 0 -1
    outer loop
      vertex 5 24 27.3
      vertex 1 34.5 27.3
      vertex 5 26 27.3
    endloop
  endfacet
  facet normal 0 0 -1
    outer loop
      vertex 5 26 27.3
      vertex 1 34.5 27.3
      vertex 5 27.799999999999997 27.3
    endloop
  endfacet
  facet normal 0 0 -1
    outer loop
      vertex 5 27.799999999999997 27.3
      vertex 1 34.5 27.3
      vertex 5 29.799999999999997 27.3
    endloop
  endfacet
  facet normal 0 -1 0
    outer loop
      vertex 5 34.5 17.4
      vertex 5 34.5 19.4
      vertex 1 34.5 27.3
    endloop
  endfacet
  facet normal 0 -1 0
    outer loop
      vertex 5 34.5 19.4
      vertex 5 34.5 21.2
      vertex 1 34.5 27.3
    endloop
  endfacet
  facet normal 0 -1 0
    outer loop
      vertex 5 34.5 21.2
      vertex 5 34.5 23.2
      vertex 1 34.5 27.3
    endloop
  endfacet
  facet normal 0 0 -1
    outer loop
      vertex 5 26 27.3
      vertex 5 27.799999999999997 27.3
      vertex 41.5 27.799999999999997 27.3
    endloop
  endfacet
  facet normal 0 -1 0
    outer loop
      vertex 5 34.5 23.2
      vertex 41.5 34.5 23.2
      vertex 1 34.5 27.3
    endloop
  endfacet
  facet normal 0 0 -1
    outer loop
      vertex 5 18.4 27.3
      vertex 41.5 20.2 27.3
      vertex 41.5 18.4 27.3
    endloop
  endfacet
  facet normal 0 0 -1
    outer loop
      vertex 5 22.2 27.3
      vertex 41.5 24 27.3
      vertex 41.5 22.2 27.3
    endloop
  endfacet
  facet normal 0 0 -1
    outer loop
      vertex 5 26 27.3
      vertex 41.5 27.799999999999997 27.3
      vertex 41.5 26 27.3
    endloop
  endfacet
  facet normal 0 -1 0
    outer loop
      vertex 5 34.5 17.4
      vertex 41.5 34.5 15.6
      vertex 41.5 34.5 17.4
    endloop
  endfacet
  facet normal 0 -1 0
    outer loop
      vertex 5 34.5 19.4
      vertex 41.5 34.5 19.4
      vertex 41.5 34.5 21.2
    endloop
  endfacet
  facet normal 0 0 -1
    outer loop
      vertex 5 29.799999999999997 27.3
      vertex 1 34.5 27.3
      vertex 75 34.5 27.3
    endloop
  endfacet
  facet normal 0 1 0
    outer loop
      vertex 1 1 1
      vertex 41.5 1 6
      vertex 75 1 1
    endloop
  endfacet
  facet normal 0 0 1
    outer loop
      vertex 1 1 1
      vertex 75 1 1
      vertex 68 18 1
    endloop
  endfacet
  facet normal 0 1 0
    outer loop
      vertex 41.5 1 6
      vertex 41.5 1 8
      vertex 75 1 27.3
    endloop
  endfacet
  facet normal 0 0 1
    outer loop
      vertex 1 1 1
      vertex 64.38879348537259 19.095447520033456 1
      vertex 63.8764436529363 19.47543205314221 1
    endloop
  endfacet
  facet normal 0 0 1
    outer loop
      vertex 1 1 1
      vertex 65.51255768962692 18.494783038676637 1
      vertex 64.93592121063102 18.767511781735692 1
    endloop
  endfacet
  facet normal 0 0 1
    outer loop
      vertex 1 1 1
      vertex 66.11314959784599 18.279887817740644 1
      vertex 65.51255768962692 18.494783038676637 1
    endloop
  endfacet
  facet normal 0 0 1
    outer loop
      vertex 1 1 1
      vertex 64.93592121063102 18.767511781735692 1
      vertex 64.38879348537259 19.095447520033456 1
    endloop
  endfacet
  facet normal 0 0 1
    outer loop
      vertex 1 1 1
      vertex 66.73191290689516 18.124895677379 1
      vertex 66.11314959784599 18.279887817740644 1
    endloop
  endfacet
  facet normal 0 0 1
    outer loop
      vertex 1 1 1
      vertex 67.36288858785785 18.03129927663072 1
      vertex 66.73191290689516 18.124895677379 1
    endloop
  endfacet
  facet normal 0 0 1
    outer loop
      vertex 1 1 1
      vertex 68 18 1
      vertex 67.36288858785785 18.03129927663072 1
    endloop
  endfacet
  facet normal 0 0 1
    outer loop
      vertex 1 1 1
      vertex 62.59544752003346 20.888793485372585 1
      vertex 62.26751178173569 21.435921210631015 1
    endloop
  endfacet
  facet normal 0 0 1
    outer loop
      vertex 1 1 1
      vertex 62.26751178173569 21.435921210631015 1
      vertex 61.99478303867664 22.012557689626917 1
    endloop
  endfacet
  facet normal 0 0 1
    outer loop
      vertex 1 1 1
      vertex 61.99478303867664 22.012557689626917 1
      vertex 61.779887817740644 22.613149597845997 1
    endloop
  endfacet
  facet normal 0 0 1
    outer loop
      vertex 1 1 1
      vertex 63.8764436529363 19.47543205314221 1
      vertex 63.40380592228744 19.90380592228744 1
    endloop
  endfacet
  facet normal 0 0 1
    outer loop
      vertex 1 1 1
      vertex 63.40380592228744 19.90380592228744 1
      vertex 62.97543205314221 20.376443652936302 1
    endloop
  endfacet
  facet normal 0 0 1
    outer loop
      vertex 1 1 1
      vertex 62.97543205314221 20.376443652936302 1
      vertex 62.59544752003346 20.888793485372585 1
    endloop
  endfacet
  facet normal 0 1 0
    outer loop
      vertex 41.5 1 6
      vertex 75 1 27.3
      vertex 75 1 1
    endloop
  endfacet
  facet normal 0 0 1
    outer loop
      vertex 68 18 1
      vertex 75 1 1
      vertex 75 18 1
    endloop
  endfacet
  facet normal 0 1 0
    outer loop
      vertex 41.5 1 8
      vertex 41.5 1 9.8
      vertex 75 1 27.3
    endloop
  endfacet
  facet normal 0 1 0
    outer loop
      vertex 41.5 1 9.8
      vertex 41.5 1 11.8
      vertex 75 1 27.3
    endloop
  endfacet
  facet normal 0 1 0
    outer loop
      vertex 41.5 1 11.8
      vertex 41.5 1 13.6
      vertex 75 1 27.3
    endloop
  endfacet
  facet normal 0 1 0
    outer loop
      vertex 41.5 1 13.6
      vertex 41.5 1 15.6
      vertex 75 1 27.3
    endloop
  endfacet
  facet normal 0 1 0
    outer loop
      vertex 41.5 1 15.6
      vertex 41.5 1 17.4
      vertex 75 1 27.3
    endloop
  endfacet
  facet normal 0 1 0
    outer loop
      vertex 1 1 27.3
      vertex 75 1 27.3
      vertex 41.5 1 23.2
    endloop
  endfacet
  facet normal 0 0 -1
    outer loop
      vertex 1 1 27.3
      vertex 41.5 5 27.3
      vertex 75 1 27.3
    endloop
  endfacet
  facet normal 0 1 0
    outer loop
      vertex 41.5 1 17.4
      vertex 41.5 1 19.4
      vertex 75 1 27.3
    endloop
  endfacet
  facet normal 0 1 0
    outer loop
      vertex 41.5 1 19.4
      vertex 41.5 1 21.2
      vertex 75 1 27.3
    endloop
  endfacet
  facet normal 0 1 0
    outer loop
      vertex 41.5 1 21.2
      vertex 41.5 1 23.2
      vertex 75 1 27.3
    endloop
  endfacet
  facet normal 0 0 -1
    outer loop
      vertex 41.5 5 27.3
      vertex 41.5 7 27.3
      vertex 75 18 27.3
    endloop
  endfacet
  facet normal 0 0 -1
    outer loop
      vertex 41.5 7 27.3
      vertex 41.5 8.8 27.3
      vertex 75 18 27.3
    endloop
  endfacet
  facet normal 0 0 -1
    outer loop
      vertex 41.5 8.8 27.3
      vertex 41.5 10.8 27.3
      vertex 75 18 27.3
    endloop
  endfacet
  facet normal 0 0 -1
    outer loop
      vertex 41.5 14.6 27.3
      vertex 41.5 16.4 27.3
      vertex 66.11314959784599 18.279887817740644 27.3
    endloop
  endfacet
  facet normal 0 0 -1
    outer loop
      vertex 41.5 16.4 27.3
      vertex 41.5 18.4 27.3
      vertex 66.11314959784599 18.279887817740644 27.3
    endloop
  endfacet
  facet normal 0 0 -1
    outer loop
      vertex 41.5 10.8 27.3
      vertex 41.5 12.6 27.3
      vertex 75 18 27.3
    endloop
  endfacet
  facet normal 0 0 -1
    outer loop
      vertex 41.5 12.6 27.3
      vertex 41.5 14.6 27.3
      vertex 75 18 27.3
    endloop
  endfacet
  facet normal 0 0 -1
    outer loop
      vertex 41.5 5 27.3
      vertex 75 18 27.3
      vertex 75 1 27.3
    endloop
  endfacet
  facet normal 0 0 -1
    outer loop
      vertex 41.5 14.6 27.3
      vertex 66.11314959784599 18.279887817740644 27.3
      vertex 66.73191290689516 18.124895677379 27.3
    endloop
  endfacet
  facet normal 0 0 -1
    outer loop
      vertex 41.5 14.6 27.3
      vertex 66.73191290689516 18.124895677379 27.3
      vertex 67.36288858785785 18.03129927663072 27.3
    endloop
  endfacet
  facet normal 0 0 -1
    outer loop
      vertex 41.5 14.6 27.3
      vertex 67.36288858785785 18.03129927663072 27.3
      vertex 68 18 27.3
    endloop
  endfacet
  facet normal 0 0 -1
    outer loop
      vertex 41.5 14.6 27.3
      vertex 68 18 27.3
      vertex 75 18 27.3
    endloop
  endfacet
  facet normal 0 0 1
    outer loop
      vertex 61.779887817740644 22.613149597845997 1
      vertex 61.624895677379 23.231912906895168 1
      vertex 1 34.5 1
    endloop
  endfacet
  facet normal 0 0 1
    outer loop
      vertex 61.624895677379 23.231912906895168 1
      vertex 61.53129927663072 23.862888587857856 1
      vertex 1 34.5 1
    endloop
  endfacet
  facet normal 0 0 1
    outer loop
      vertex 61.53129927663072 23.862888587857856 1
      vertex 61.5 24.5 1
      vertex 1 34.5 1
    endloop
  endfacet
  facet normal 0 0 1
    outer loop
      vertex 61.5 24.5 1
      vertex 61.53129927663072 25.137111412142144 1
      vertex 1 34.5 1
    endloop
  endfacet
  facet normal 0 0 1
    outer loop
      vertex 61.53129927663072 25.137111412142144 1
      vertex 61.624895677379 25.768087093104832 1
      vertex 1 34.5 1
    endloop
  endfacet
  facet normal 0 0 1
    outer loop
      vertex 61.624895677379 25.768087093104832 1
      vertex 61.779887817740644 26.386850402154003 1
      vertex 1 34.5 1
    endloop
  endfacet
  facet normal 0 0 1
    outer loop
      vertex 61.779887817740644 26.386850402154003 1
      vertex 61.99478303867664 26.987442310373083 1
      vertex 1 34.5 1
    endloop
  endfacet
  facet normal 0 0 1
    outer loop
      vertex 61.99478303867664 26.987442310373083 1
      vertex 62.26751178173569 27.564078789368985 1
      vertex 1 34.5 1
    endloop
  endfacet
  facet normal 0 0 1
    outer loop
      vertex 62.26751178173569 27.564078789368985 1
      vertex 62.59544752003346 28.111206514627415 1
      vertex 1 34.5 1
    endloop
  endfacet
  facet normal 0 0 1
    outer loop
      vertex 62.59544752003346 28.111206514627415 1
      vertex 62.97543205314221 28.623556347063698 1
      vertex 1 34.5 1
    endloop
  endfacet
  facet normal 0 0 1
    outer loop
      vertex 62.97543205314221 28.623556347063698 1
      vertex 63.40380592228744 29.09619407771256 1
      vertex 1 34.5 1
    endloop
  endfacet
  facet normal 0 0 1
    outer loop
      vertex 63.40380592228744 29.09619407771256 1
      vertex 63.8764436529363 29.52456794685779 1
      vertex 1 34.5 1
    endloop
  endfacet
  facet normal 0 -1 0
    outer loop
      vertex 1 34.5 1
      vertex 75 34.5 1
      vertex 41.5 34.5 6
    endloop
  endfacet
  facet normal 0 0 1
    outer loop
      vertex 63.8764436529363 29.52456794685779 1
      vertex 64.38879348537259 29.904552479966544 1
      vertex 1 34.5 1
    endloop
  endfacet
  facet normal 0 0 1
    outer loop
      vertex 64.38879348537259 29.904552479966544 1
      vertex 64.93592121063102 30.232488218264308 1
      vertex 1 34.5 1
    endloop
  endfacet
  facet normal 0 0 1
    outer loop
      vertex 64.93592121063102 30.232488218264308 1
      vertex 65.51255768962692 30.505216961323363 1
      vertex 1 34.5 1
    endloop
  endfacet
  facet normal 0 0 1
    outer loop
      vertex 65.51255768962692 30.505216961323363 1
      vertex 66.11314959784599 30.720112182259356 1
      vertex 1 34.5 1
    endloop
  endfacet
  facet normal 0 0 1
    outer loop
      vertex 66.11314959784599 30.720112182259356 1
      vertex 66.73191290689516 30.875104322621 1
      vertex 1 34.5 1
    endloop
  endfacet
  facet normal 0 0 1
    outer loop
      vertex 66.73191290689516 30.875104322621 1
      vertex 67.36288858785785 30.96870072336928 1
      vertex 1 34.5 1
    endloop
  endfacet
  facet normal 0 0 1
    outer loop
      vertex 67.36288858785785 30.96870072336928 1
      vertex 68 31 1
      vertex 1 34.5 1
    endloop
  endfacet
  facet normal 0 0 1
    outer loop
      vertex 68 31 1
      vertex 75 34.5 1
      vertex 1 34.5 1
    endloop
  endfacet
  facet normal 0 -1 0
    outer loop
      vertex 41.5 34.5 6
      vertex 75 34.5 1
      vertex 41.5 34.5 8
    endloop
  endfacet
  facet normal 0 -1 0
    outer loop
      vertex 41.5 34.5 8
      vertex 75 34.5 1
      vertex 41.5 34.5 9.8
    endloop
  endfacet
  facet normal 0 -1 0
    outer loop
      vertex 41.5 34.5 9.8
      vertex 75 34.5 1
      vertex 41.5 34.5 11.8
    endloop
  endfacet
  facet normal 0 -1 0
    outer loop
      vertex 41.5 34.5 11.8
      vertex 75 34.5 1
      vertex 41.5 34.5 13.6
    endloop
  endfacet
  facet normal 0 -1 0
    outer loop
      vertex 41.5 34.5 13.6
      vertex 75 34.5 1
      vertex 41.5 34.5 15.6
    endloop
  endfacet
  facet normal 0 -1 0
    outer loop
      vertex 41.5 34.5 15.6
      vertex 75 34.5 1
      vertex 41.5 34.5 17.4
    endloop
  endfacet
  facet normal 0 -1 0
    outer loop
      vertex 41.5 34.5 17.4
      vertex 75 34.5 1
      vertex 41.5 34.5 19.4
    endloop
  endfacet
  facet normal 0 -1 0
    outer loop
      vertex 41.5 34.5 19.4
      vertex 75 34.5 1
      vertex 41.5 34.5 21.2
    endloop
  endfacet
  facet normal 0 0 1
    outer loop
      vertex 68 31 1
      vertex 75 31 1
      vertex 75 34.5 1
    endloop
  endfacet
  facet normal 0 0 -1
    outer loop
      vertex 41.5 18.4 27.3
      vertex 41.5 20.2 27.3
      vertex 63.40380592228744 19.90380592228744 27.3
    endloop
  endfacet
  facet normal 0 0 -1
    outer loop
      vertex 41.5 20.2 27.3
      vertex 41.5 22.2 27.3
      vertex 63.40380592228744 19.90380592228744 27.3
    endloop
  endfacet
  facet normal 0 0 -1
    outer loop
      vertex 41.5 22.2 27.3
      vertex 41.5 24 27.3
      vertex 63.40380592228744 19.90380592228744 27.3
    endloop
  endfacet
  facet normal 0 0 -1
    outer loop
      vertex 41.5 26 27.3
      vertex 62.97543205314221 20.376443652936302 27.3
      vertex 63.40380592228744 19.90380592228744 27.3
    endloop
  endfacet
  facet normal 0 0 -1
    outer loop
      vertex 41.5 24 27.3
      vertex 41.5 26 27.3
      vertex 63.40380592228744 19.90380592228744 27.3
    endloop
  endfacet
  facet normal 0 0 -1
    outer loop
      vertex 41.5 26 27.3
      vertex 62.59544752003346 20.888793485372585 27.3
      vertex 62.97543205314221 20.376443652936302 27.3
    endloop
  endfacet
  facet normal 0 0 -1
    outer loop
      vertex 41.5 26 27.3
      vertex 62.26751178173569 21.435921210631015 27.3
      vertex 62.59544752003346 20.888793485372585 27.3
    endloop
  endfacet
  facet normal 0 0 -1
    outer loop
      vertex 41.5 26 27.3
      vertex 61.99478303867664 22.012557689626917 27.3
      vertex 62.26751178173569 21.435921210631015 27.3
    endloop
  endfacet
  facet normal 0 0 -1
    outer loop
      vertex 41.5 26 27.3
      vertex 61.624895677379 23.231912906895168 27.3
      vertex 61.779887817740644 22.613149597845997 27.3
    endloop
  endfacet
  facet normal 0 0 -1
    outer loop
      vertex 41.5 26 27.3
      vertex 61.53129927663072 23.862888587857856 27.3
      vertex 61.624895677379 23.231912906895168 27.3
    endloop
  endfacet
  facet normal 0 0 -1
    outer loop
      vertex 41.5 26 27.3
      vertex 61.779887817740644 22.613149597845997 27.3
      vertex 61.99478303867664 22.012557689626917 27.3
    endloop
  endfacet
  facet normal 0 0 -1
    outer loop
      vertex 41.5 26 27.3
      vertex 61.5 24.5 27.3
      vertex 61.53129927663072 23.862888587857856 27.3
    endloop
  endfacet
  facet normal 0 0 -1
    outer loop
      vertex 41.5 26 27.3
      vertex 61.53129927663072 25.137111412142144 27.3
      vertex 61.5 24.5 27.3
    endloop
  endfacet
  facet normal 0 0 -1
    outer loop
      vertex 41.5 26 27.3
      vertex 61.624895677379 25.768087093104832 27.3
      vertex 61.53129927663072 25.137111412142144 27.3
    endloop
  endfacet
  facet normal 0 0 -1
    outer loop
      vertex 41.5 26 27.3
      vertex 61.779887817740644 26.386850402154003 27.3
      vertex 61.624895677379 25.768087093104832 27.3
    endloop
  endfacet
  facet normal 0 0 -1
    outer loop
      vertex 41.5 26 27.3
      vertex 61.99478303867664 26.987442310373083 27.3
      vertex 61.779887817740644 26.386850402154003 27.3
    endloop
  endfacet
  facet normal 0 -1 0
    outer loop
      vertex 41.5 34.5 21.2
      vertex 75 34.5 1
      vertex 41.5 34.5 23.2
    endloop
  endfacet
  facet normal 0 0 -1
    outer loop
      vertex 5 29.799999999999997 27.3
      vertex 68 31 27.3
      vertex 41.5 29.799999999999997 27.3
    endloop
  endfacet
  facet normal 0 -1 0
    outer loop
      vertex 1 34.5 27.3
      vertex 41.5 34.5 23.2
      vertex 75 34.5 27.3
    endloop
  endfacet
  facet normal 0 0 -1
    outer loop
      vertex 41.5 26 27.3
      vertex 41.5 27.799999999999997 27.3
      vertex 62.97543205314221 28.623556347063698 27.3
    endloop
  endfacet
  facet normal 0 0 -1
    outer loop
      vertex 41.5 27.799999999999997 27.3
      vertex 41.5 29.799999999999997 27.3
      vertex 62.97543205314221 28.623556347063698 27.3
    endloop
  endfacet
  facet normal 0 0 -1
    outer loop
      vertex 41.5 26 27.3
      vertex 62.26751178173569 27.564078789368985 27.3
      vertex 61.99478303867664 26.987442310373083 27.3
    endloop
  endfacet
  facet normal 0 0 -1
    outer loop
      vertex 41.5 26 27.3
      vertex 62.59544752003346 28.111206514627415 27.3
      vertex 62.26751178173569 27.564078789368985 27.3
    endloop
  endfacet
  facet normal 0 0 -1
    outer loop
      vertex 41.5 26 27.3
      vertex 62.97543205314221 28.623556347063698 27.3
      vertex 62.59544752003346 28.111206514627415 27.3
    endloop
  endfacet
  facet normal 0 0 -1
    outer loop
      vertex 41.5 29.799999999999997 27.3
      vertex 63.40380592228744 29.09619407771256 27.3
      vertex 62.97543205314221 28.623556347063698 27.3
    endloop
  endfacet
  facet normal 0 0 -1
    outer loop
      vertex 5 29.799999999999997 27.3
      vertex 75 34.5 27.3
      vertex 68 31 27.3
    endloop
  endfacet
  facet normal 0 0 -1
    outer loop
      vertex 41.5 18.4 27.3
      vertex 64.93592121063102 18.767511781735692 27.3
      vertex 65.51255768962692 18.494783038676637 27.3
    endloop
  endfacet
  facet normal 0 0 -1
    outer loop
      vertex 41.5 18.4 27.3
      vertex 64.38879348537259 19.095447520033456 27.3
      vertex 64.93592121063102 18.767511781735692 27.3
    endloop
  endfacet
  facet normal 0 0 -1
    outer loop
      vertex 41.5 18.4 27.3
      vertex 65.51255768962692 18.494783038676637 27.3
      vertex 66.11314959784599 18.279887817740644 27.3
    endloop
  endfacet
  facet normal 0 0 -1
    outer loop
      vertex 41.5 18.4 27.3
      vertex 63.8764436529363 19.47543205314221 27.3
      vertex 64.38879348537259 19.095447520033456 27.3
    endloop
  endfacet
  facet normal 0 0 -1
    outer loop
      vertex 41.5 18.4 27.3
      vertex 63.40380592228744 19.90380592228744 27.3
      vertex 63.8764436529363 19.47543205314221 27.3
    endloop
  endfacet
  facet normal 0 -1 0
    outer loop
      vertex 41.5 34.5 23.2
      vertex 75 34.5 1
      vertex 75 34.5 27.3
    endloop
  endfacet
  facet normal 0 0 -1
    outer loop
      vertex 41.5 29.799999999999997 27.3
      vertex 63.8764436529363 29.52456794685779 27.3
      vertex 63.40380592228744 29.09619407771256 27.3
    endloop
  endfacet
  facet normal 0 0 -1
    outer loop
      vertex 41.5 29.799999999999997 27.3
      vertex 64.38879348537259 29.904552479966544 27.3
      vertex 63.8764436529363 29.52456794685779 27.3
    endloop
  endfacet
  facet normal 0 0 -1
    outer loop
      vertex 41.5 29.799999999999997 27.3
      vertex 64.93592121063102 30.232488218264308 27.3
      vertex 64.38879348537259 29.904552479966544 27.3
    endloop
  endfacet
  facet normal 0 0 -1
    outer loop
      vertex 41.5 29.799999999999997 27.3
      vertex 65.51255768962692 30.505216961323363 27.3
      vertex 64.93592121063102 30.232488218264308 27.3
    endloop
  endfacet
  facet normal 0 0 -1
    outer loop
      vertex 41.5 29.799999999999997 27.3
      vertex 66.11314959784599 30.720112182259356 27.3
      vertex 65.51255768962692 30.505216961323363 27.3
    endloop
  endfacet
  facet normal 0 0 -1
    outer loop
      vertex 41.5 29.799999999999997 27.3
      vertex 66.73191290689516 30.875104322621 27.3
      vertex 66.11314959784599 30.720112182259356 27.3
    endloop
  endfacet
  facet normal 0 0 -1
    outer loop
      vertex 41.5 29.799999999999997 27.3
      vertex 67.36288858785785 30.96870072336928 27.3
      vertex 66.73191290689516 30.875104322621 27.3
    endloop
  endfacet
  facet normal 0 0 -1
    outer loop
      vertex 41.5 29.799999999999997 27.3
      vertex 68 31 27.3
      vertex 67.36288858785785 30.96870072336928 27.3
    endloop
  endfacet
  facet normal 0 0 -1
    outer loop
      vertex 68 31 27.3
      vertex 75 34.5 27.3
      vertex 75 31 27.3
    endloop
  endfacet
  facet normal 0 0 1
    outer loop
      vertex 64.93592121063102 18.767511781735692 1
      vertex 65.51255768962692 18.494783038676637 1
      vertex 66.11314959784599 18.279887817740644 1
    endloop
  endfacet
  facet normal 0 0 1
    outer loop
      vertex 64.93592121063102 18.767511781735692 1
      vertex 66.11314959784599 18.279887817740644 1
      vertex 64.38879348537259 19.095447520033456 1
    endloop
  endfacet
  facet normal 0 0 1
    outer loop
      vertex 63.40380592228744 19.90380592228744 1
      vertex 66.11314959784599 18.279887817740644 1
      vertex 62.97543205314221 20.376443652936302 1
    endloop
  endfacet
  facet normal 0 0 1
    outer loop
      vertex 66.11314959784599 18.279887817740644 1
      vertex 62.59544752003346 20.888793485372585 1
      vertex 62.97543205314221 20.376443652936302 1
    endloop
  endfacet
  facet normal 0 0 1
    outer loop
      vertex 66.11314959784599 18.279887817740644 1
      vertex 63.8764436529363 19.47543205314221 1
      vertex 64.38879348537259 19.095447520033456 1
    endloop
  endfacet
  facet normal 0 0 1
    outer loop
      vertex 63.40380592228744 19.90380592228744 1
      vertex 63.8764436529363 19.47543205314221 1
      vertex 66.11314959784599 18.279887817740644 1
    endloop
  endfacet
  facet normal 0 0 1
    outer loop
      vertex 66.11314959784599 18.279887817740644 1
      vertex 61.624895677379 23.231912906895168 1
      vertex 61.779887817740644 22.613149597845997 1
    endloop
  endfacet
  facet normal 0 0 1
    outer loop
      vertex 66.11314959784599 18.279887817740644 1
      vertex 61.53129927663072 23.862888587857856 1
      vertex 61.624895677379 23.231912906895168 1
    endloop
  endfacet
  facet normal 0 0 1
    outer loop
      vertex 66.11314959784599 18.279887817740644 1
      vertex 62.26751178173569 21.435921210631015 1
      vertex 62.59544752003346 20.888793485372585 1
    endloop
  endfacet
  facet normal 0 0 1
    outer loop
      vertex 66.11314959784599 18.279887817740644 1
      vertex 61.99478303867664 22.012557689626917 1
      vertex 62.26751178173569 21.435921210631015 1
    endloop
  endfacet
  facet normal 0 0 1
    outer loop
      vertex 66.11314959784599 18.279887817740644 1
      vertex 61.779887817740644 22.613149597845997 1
      vertex 61.99478303867664 22.012557689626917 1
    endloop
  endfacet
  facet normal 0 0 1
    outer loop
      vertex 66.11314959784599 18.279887817740644 1
      vertex 61.5 24.5 1
      vertex 61.53129927663072 23.862888587857856 1
    endloop
  endfacet
  facet normal 0 0 1
    outer loop
      vertex 66.11314959784599 18.279887817740644 1
      vertex 61.53129927663072 25.137111412142144 1
      vertex 61.5 24.5 1
    endloop
  endfacet
  facet normal 0 0 1
    outer loop
      vertex 66.11314959784599 18.279887817740644 1
      vertex 61.624895677379 25.768087093104832 1
      vertex 61.53129927663072 25.137111412142144 1
    endloop
  endfacet
  facet normal 0 0 1
    outer loop
      vertex 66.11314959784599 18.279887817740644 1
      vertex 61.779887817740644 26.386850402154003 1
      vertex 61.624895677379 25.768087093104832 1
    endloop
  endfacet
  facet normal 0 0 1
    outer loop
      vertex 66.11314959784599 18.279887817740644 1
      vertex 61.99478303867664 26.987442310373083 1
      vertex 61.779887817740644 26.386850402154003 1
    endloop
  endfacet
  facet normal 0 0 1
    outer loop
      vertex 66.11314959784599 18.279887817740644 1
      vertex 62.26751178173569 27.564078789368985 1
      vertex 61.99478303867664 26.987442310373083 1
    endloop
  endfacet
  facet normal 0 0 1
    outer loop
      vertex 66.11314959784599 18.279887817740644 1
      vertex 62.59544752003346 28.111206514627415 1
      vertex 62.26751178173569 27.564078789368985 1
    endloop
  endfacet
  facet normal 0 0 1
    outer loop
      vertex 66.11314959784599 18.279887817740644 1
      vertex 62.97543205314221 28.623556347063698 1
      vertex 62.59544752003346 28.111206514627415 1
    endloop
  endfacet
  facet normal 0 0 1
    outer loop
      vertex 66.11314959784599 18.279887817740644 1
      vertex 63.40380592228744 29.09619407771256 1
      vertex 62.97543205314221 28.623556347063698 1
    endloop
  endfacet
  facet normal 0 0 1
    outer loop
      vertex 66.11314959784599 18.279887817740644 1
      vertex 63.8764436529363 29.52456794685779 1
      vertex 63.40380592228744 29.09619407771256 1
    endloop
  endfacet
  facet normal 0 0 1
    outer loop
      vertex 66.11314959784599 18.279887817740644 1
      vertex 64.38879348537259 29.904552479966544 1
      vertex 63.8764436529363 29.52456794685779 1
    endloop
  endfacet
  facet normal 0 0 1
    outer loop
      vertex 66.11314959784599 18.279887817740644 1
      vertex 64.93592121063102 30.232488218264308 1
      vertex 64.38879348537259 29.904552479966544 1
    endloop
  endfacet
  facet normal 0 0 1
    outer loop
      vertex 66.11314959784599 18.279887817740644 1
      vertex 65.51255768962692 30.505216961323363 1
      vertex 64.93592121063102 30.232488218264308 1
    endloop
  endfacet
  facet normal 0 0 1
    outer loop
      vertex 66.11314959784599 18.279887817740644 1
      vertex 66.73191290689516 18.124895677379 1
      vertex 67.36288858785785 18.03129927663072 1
    endloop
  endfacet
  facet normal 0 0 1
    outer loop
      vertex 66.11314959784599 18.279887817740644 1
      vertex 67.36288858785785 18.03129927663072 1
      vertex 68 18 1
    endloop
  endfacet
  facet normal 0 0 1
    outer loop
      vertex 66.11314959784599 18.279887817740644 1
      vertex 68 18 1
      vertex 75 18 1
    endloop
  endfacet
  facet normal 0 0 1
    outer loop
      vertex 66.11314959784599 18.279887817740644 1
      vertex 75 18 1
      vertex 68 31 1
    endloop
  endfacet
  facet normal 0 0 1
    outer loop
      vertex 66.11314959784599 18.279887817740644 1
      vertex 66.11314959784599 30.720112182259356 1
      vertex 65.51255768962692 30.505216961323363 1
    endloop
  endfacet
  facet normal 0 0 1
    outer loop
      vertex 66.11314959784599 18.279887817740644 1
      vertex 66.73191290689516 30.875104322621 1
      vertex 66.11314959784599 30.720112182259356 1
    endloop
  endfacet
  facet normal 0 0 1
    outer loop
      vertex 66.11314959784599 18.279887817740644 1
      vertex 67.36288858785785 30.96870072336928 1
      vertex 66.73191290689516 30.875104322621 1
    endloop
  endfacet
  facet normal 0 0 1
    outer loop
      vertex 66.11314959784599 18.279887817740644 1
      vertex 68 31 1
      vertex 67.36288858785785 30.96870072336928 1
    endloop
  endfacet
  facet normal 0 0 1
    outer loop
      vertex 68 31 1
      vertex 75 18 1
      vertex 75 31 1
    endloop
  endfacet
  facet normal 0.4275550934302848 0.903989293123442 0
    outer loop
      vertex 64.93592121063102 18.767511781735692 27.3
      vertex 64.93592121063102 18.767511781735692 28.3
      vertex 65.51255768962692 18.494783038676637 27.3
    endloop
  endfacet
  facet normal 0.4275550934302848 0.903989293123442 0
    outer loop
      vertex 65.51255768962692 18.494783038676637 27.3
      vertex 64.93592121063102 18.767511781735692 28.3
      vertex 65.51255768962692 18.494783038676637 28.3
    endloop
  endfacet
  facet normal 0.5956993044924302 0.8032075314806473 0
    outer loop
      vertex 64.38879348537259 19.095447520033456 27.3
      vertex 63.8764436529363 19.47543205314221 27.3
      vertex 63.8764436529363 19.47543205314221 28.3
    endloop
  endfacet
  facet normal 0.5956993044924302 0.8032075314806473 0
    outer loop
      vertex 64.38879348537259 19.095447520033456 27.3
      vertex 63.8764436529363 19.47543205314221 28.3
      vertex 64.38879348537259 19.095447520033456 28.3
    endloop
  endfacet
  facet normal 0.6715589548470168 0.7409511253549605 0
    outer loop
      vertex 63.40380592228744 19.90380592228744 27.3
      vertex 63.40380592228744 19.90380592228744 28.3
      vertex 63.8764436529363 19.47543205314221 27.3
    endloop
  endfacet
  facet normal 0.6715589548470168 0.7409511253549605 0
    outer loop
      vertex 63.8764436529363 19.47543205314221 27.3
      vertex 63.40380592228744 19.90380592228744 28.3
      vertex 63.8764436529363 19.47543205314221 28.3
    endloop
  endfacet
  facet normal 0.5141027441932193 0.8577286100002735 0
    outer loop
      vertex 64.93592121063102 18.767511781735692 27.3
      vertex 64.38879348537259 19.095447520033456 27.3
      vertex 64.38879348537259 19.095447520033456 28.3
    endloop
  endfacet
  facet normal 0.5141027441932193 0.8577286100002735 0
    outer loop
      vertex 64.93592121063102 18.767511781735692 27.3
      vertex 64.38879348537259 19.095447520033456 28.3
      vertex 64.93592121063102 18.767511781735692 28.3
    endloop
  endfacet
  facet normal 0.7409511253549578 0.6715589548470198 0
    outer loop
      vertex 63.40380592228744 19.90380592228744 27.3
      vertex 62.97543205314221 20.376443652936302 27.3
      vertex 62.97543205314221 20.376443652936302 28.3
    endloop
  endfacet
  facet normal 0.7409511253549578 0.6715589548470198 0
    outer loop
      vertex 63.40380592228744 19.90380592228744 27.3
      vertex 62.97543205314221 20.376443652936302 28.3
      vertex 63.40380592228744 19.90380592228744 28.3
    endloop
  endfacet
  facet normal 0.8032075314806506 0.5956993044924257 0
    outer loop
      vertex 62.59544752003346 20.888793485372585 27.3
      vertex 62.59544752003346 20.888793485372585 28.3
      vertex 62.97543205314221 20.376443652936302 27.3
    endloop
  endfacet
  facet normal 0.8577286100002696 0.5141027441932259 0
    outer loop
      vertex 62.59544752003346 20.888793485372585 27.3
      vertex 62.26751178173569 21.435921210631015 28.3
      vertex 62.59544752003346 20.888793485372585 28.3
    endloop
  endfacet
  facet normal 0.8032075314806506 0.5956993044924257 0
    outer loop
      vertex 62.97543205314221 20.376443652936302 27.3
      vertex 62.59544752003346 20.888793485372585 28.3
      vertex 62.97543205314221 20.376443652936302 28.3
    endloop
  endfacet
  facet normal 0.903989293123444 0.4275550934302805 0
    outer loop
      vertex 62.26751178173569 21.435921210631015 27.3
      vertex 61.99478303867664 22.012557689626917 27.3
      vertex 61.99478303867664 22.012557689626917 28.3
    endloop
  endfacet
  facet normal 0.8577286100002696 0.5141027441932259 0
    outer loop
      vertex 62.59544752003346 20.888793485372585 27.3
      vertex 62.26751178173569 21.435921210631015 27.3
      vertex 62.26751178173569 21.435921210631015 28.3
    endloop
  endfacet
  facet normal 0.903989293123444 0.4275550934302805 0
    outer loop
      vertex 62.26751178173569 21.435921210631015 27.3
      vertex 61.99478303867664 22.012557689626917 28.3
      vertex 62.26751178173569 21.435921210631015 28.3
    endloop
  endfacet
  facet normal 0.9415440651830214 0.3368898533922186 0
    outer loop
      vertex 61.99478303867664 22.012557689626917 27.3
      vertex 61.779887817740644 22.613149597845997 27.3
      vertex 61.779887817740644 22.613149597845997 28.3
    endloop
  endfacet
  facet normal 0.9415440651830214 0.3368898533922186 0
    outer loop
      vertex 61.99478303867664 22.012557689626917 27.3
      vertex 61.779887817740644 22.613149597845997 28.3
      vertex 61.99478303867664 22.012557689626917 28.3
    endloop
  endfacet
  facet normal 0.9700312531945432 0.24298017990326692 0
    outer loop
      vertex 61.779887817740644 22.613149597845997 27.3
      vertex 61.624895677379 23.231912906895168 27.3
      vertex 61.624895677379 23.231912906895168 28.3
    endloop
  endfacet
  facet normal 0.9700312531945432 0.24298017990326692 0
    outer loop
      vertex 61.779887817740644 22.613149597845997 27.3
      vertex 61.624895677379 23.231912906895168 28.3
      vertex 61.779887817740644 22.613149597845997 28.3
    endloop
  endfacet
  facet normal 0.9891765099647808 0.14673047445536289 0
    outer loop
      vertex 61.624895677379 23.231912906895168 27.3
      vertex 61.53129927663072 23.862888587857856 27.3
      vertex 61.53129927663072 23.862888587857856 28.3
    endloop
  endfacet
  facet normal 0.9891765099647808 0.14673047445536289 0
    outer loop
      vertex 61.624895677379 23.231912906895168 27.3
      vertex 61.53129927663072 23.862888587857856 28.3
      vertex 61.624895677379 23.231912906895168 28.3
    endloop
  endfacet
  facet normal 0.9987954562051725 0.04906767432741605 0
    outer loop
      vertex 61.53129927663072 23.862888587857856 27.3
      vertex 61.5 24.5 27.3
      vertex 61.5 24.5 28.3
    endloop
  endfacet
  facet normal 0.9987954562051725 0.04906767432741605 0
    outer loop
      vertex 61.53129927663072 23.862888587857856 27.3
      vertex 61.5 24.5 28.3
      vertex 61.53129927663072 23.862888587857856 28.3
    endloop
  endfacet
  facet normal 0.9987954562051725 -0.04906767432741605 0
    outer loop
      vertex 61.5 24.5 27.3
      vertex 61.53129927663072 25.137111412142144 27.3
      vertex 61.53129927663072 25.137111412142144 28.3
    endloop
  endfacet
  facet normal 0.9987954562051725 -0.04906767432741605 0
    outer loop
      vertex 61.5 24.5 27.3
      vertex 61.53129927663072 25.137111412142144 28.3
      vertex 61.5 24.5 28.3
    endloop
  endfacet
  facet normal 0.9891765099647808 -0.14673047445536289 0
    outer loop
      vertex 61.53129927663072 25.137111412142144 27.3
      vertex 61.624895677379 25.768087093104832 28.3
      vertex 61.53129927663072 25.137111412142144 28.3
    endloop
  endfacet
  facet normal 0.9891765099647808 -0.14673047445536289 0
    outer loop
      vertex 61.53129927663072 25.137111412142144 27.3
      vertex 61.624895677379 25.768087093104832 27.3
      vertex 61.624895677379 25.768087093104832 28.3
    endloop
  endfacet
  facet normal 0.9700312531945432 -0.24298017990326692 0
    outer loop
      vertex 61.624895677379 25.768087093104832 27.3
      vertex 61.779887817740644 26.386850402154003 28.3
      vertex 61.624895677379 25.768087093104832 28.3
    endloop
  endfacet
  facet normal 0.9700312531945432 -0.24298017990326692 0
    outer loop
      vertex 61.624895677379 25.768087093104832 27.3
      vertex 61.779887817740644 26.386850402154003 27.3
      vertex 61.779887817740644 26.386850402154003 28.3
    endloop
  endfacet
  facet normal 0.9415440651830214 -0.3368898533922186 0
    outer loop
      vertex 61.779887817740644 26.386850402154003 27.3
      vertex 61.99478303867664 26.987442310373083 28.3
      vertex 61.779887817740644 26.386850402154003 28.3
    endloop
  endfacet
  facet normal 0.24298017990326692 0.9700312531945432 0
    outer loop
      vertex 66.11314959784599 18.279887817740644 27.3
      vertex 66.11314959784599 18.279887817740644 28.3
      vertex 66.73191290689516 18.124895677379 27.3
    endloop
  endfacet
  facet normal 0.24298017990326692 0.9700312531945432 0
    outer loop
      vertex 66.73191290689516 18.124895677379 27.3
      vertex 66.11314959784599 18.279887817740644 28.3
      vertex 66.73191290689516 18.124895677379 28.3
    endloop
  endfacet
  facet normal 0.3368898533922221 0.94154406518302 0
    outer loop
      vertex 66.11314959784599 18.279887817740644 27.3
      vertex 65.51255768962692 18.494783038676637 27.3
      vertex 65.51255768962692 18.494783038676637 28.3
    endloop
  endfacet
  facet normal 0.3368898533922221 0.94154406518302 0
    outer loop
      vertex 66.11314959784599 18.279887817740644 27.3
      vertex 65.51255768962692 18.494783038676637 28.3
      vertex 66.11314959784599 18.279887817740644 28.3
    endloop
  endfacet
  facet normal 0.14673047445536205 0.9891765099647809 0
    outer loop
      vertex 66.73191290689516 18.124895677379 27.3
      vertex 66.73191290689516 18.124895677379 28.3
      vertex 67.36288858785785 18.03129927663072 27.3
    endloop
  endfacet
  facet normal 0.04906767432741578 0.9987954562051725 0
    outer loop
      vertex 67.36288858785785 18.03129927663072 27.3
      vertex 67.36288858785785 18.03129927663072 28.3
      vertex 68 18 27.3
    endloop
  endfacet
  facet normal 0.14673047445536205 0.9891765099647809 0
    outer loop
      vertex 67.36288858785785 18.03129927663072 27.3
      vertex 66.73191290689516 18.124895677379 28.3
      vertex 67.36288858785785 18.03129927663072 28.3
    endloop
  endfacet
  facet normal 0.04906767432741578 0.9987954562051725 0
    outer loop
      vertex 68 18 27.3
      vertex 67.36288858785785 18.03129927663072 28.3
      vertex 68 18 28.3
    endloop
  endfacet
  facet normal 0 1 0
    outer loop
      vertex 68 18 27.3
      vertex 68 18 28.3
      vertex 75 18 28.3
    endloop
  endfacet
  facet normal 0 1 0
    outer loop
      vertex 68 18 27.3
      vertex 75 18 28.3
      vertex 75 18 27.3
    endloop
  endfacet
  facet normal 0.9415440651830214 -0.3368898533922186 0
    outer loop
      vertex 61.779887817740644 26.386850402154003 27.3
      vertex 61.99478303867664 26.987442310373083 27.3
      vertex 61.99478303867664 26.987442310373083 28.3
    endloop
  endfacet
  facet normal 0.903989293123444 -0.4275550934302805 0
    outer loop
      vertex 61.99478303867664 26.987442310373083 27.3
      vertex 62.26751178173569 27.564078789368985 28.3
      vertex 61.99478303867664 26.987442310373083 28.3
    endloop
  endfacet
  facet normal 0.903989293123444 -0.4275550934302805 0
    outer loop
      vertex 61.99478303867664 26.987442310373083 27.3
      vertex 62.26751178173569 27.564078789368985 27.3
      vertex 62.26751178173569 27.564078789368985 28.3
    endloop
  endfacet
  facet normal 0.8577286100002696 -0.5141027441932259 0
    outer loop
      vertex 62.26751178173569 27.564078789368985 27.3
      vertex 62.59544752003346 28.111206514627415 27.3
      vertex 62.59544752003346 28.111206514627415 28.3
    endloop
  endfacet
  facet normal 0.8577286100002696 -0.5141027441932259 0
    outer loop
      vertex 62.26751178173569 27.564078789368985 27.3
      vertex 62.59544752003346 28.111206514627415 28.3
      vertex 62.26751178173569 27.564078789368985 28.3
    endloop
  endfacet
  facet normal 0.8032075314806506 -0.5956993044924257 0
    outer loop
      vertex 62.59544752003346 28.111206514627415 27.3
      vertex 62.97543205314221 28.623556347063698 28.3
      vertex 62.59544752003346 28.111206514627415 28.3
    endloop
  endfacet
  facet normal 0.8032075314806506 -0.5956993044924257 0
    outer loop
      vertex 62.59544752003346 28.111206514627415 27.3
      vertex 62.97543205314221 28.623556347063698 27.3
      vertex 62.97543205314221 28.623556347063698 28.3
    endloop
  endfacet
  facet normal 0.7409511253549578 -0.6715589548470198 0
    outer loop
      vertex 62.97543205314221 28.623556347063698 27.3
      vertex 63.40380592228744 29.09619407771256 28.3
      vertex 62.97543205314221 28.623556347063698 28.3
    endloop
  endfacet
  facet normal 0.7409511253549578 -0.6715589548470198 0
    outer loop
      vertex 62.97543205314221 28.623556347063698 27.3
      vertex 63.40380592228744 29.09619407771256 27.3
      vertex 63.40380592228744 29.09619407771256 28.3
    endloop
  endfacet
  facet normal 0.6715589548470168 -0.7409511253549605 0
    outer loop
      vertex 63.40380592228744 29.09619407771256 27.3
      vertex 63.8764436529363 29.52456794685779 27.3
      vertex 63.8764436529363 29.52456794685779 28.3
    endloop
  endfacet
  facet normal 0.6715589548470168 -0.7409511253549605 0
    outer loop
      vertex 63.40380592228744 29.09619407771256 27.3
      vertex 63.8764436529363 29.52456794685779 28.3
      vertex 63.40380592228744 29.09619407771256 28.3
    endloop
  endfacet
  facet normal 0.5956993044924302 -0.8032075314806473 0
    outer loop
      vertex 63.8764436529363 29.52456794685779 27.3
      vertex 64.38879348537259 29.904552479966544 27.3
      vertex 64.38879348537259 29.904552479966544 28.3
    endloop
  endfacet
  facet normal 0.5956993044924302 -0.8032075314806473 0
    outer loop
      vertex 63.8764436529363 29.52456794685779 27.3
      vertex 64.38879348537259 29.904552479966544 28.3
      vertex 63.8764436529363 29.52456794685779 28.3
    endloop
  endfacet
  facet normal 0.5141027441932193 -0.8577286100002735 0
    outer loop
      vertex 64.38879348537259 29.904552479966544 27.3
      vertex 64.93592121063102 30.232488218264308 27.3
      vertex 64.93592121063102 30.232488218264308 28.3
    endloop
  endfacet
  facet normal 0.4275550934302848 -0.903989293123442 0
    outer loop
      vertex 64.93592121063102 30.232488218264308 27.3
      vertex 65.51255768962692 30.505216961323363 27.3
      vertex 65.51255768962692 30.505216961323363 28.3
    endloop
  endfacet
  facet normal 0.5141027441932193 -0.8577286100002735 0
    outer loop
      vertex 64.38879348537259 29.904552479966544 27.3
      vertex 64.93592121063102 30.232488218264308 28.3
      vertex 64.38879348537259 29.904552479966544 28.3
    endloop
  endfacet
  facet normal 0.4275550934302848 -0.903989293123442 0
    outer loop
      vertex 64.93592121063102 30.232488218264308 27.3
      vertex 65.51255768962692 30.505216961323363 28.3
      vertex 64.93592121063102 30.232488218264308 28.3
    endloop
  endfacet
  facet normal 0.3368898533922221 -0.94154406518302 0
    outer loop
      vertex 65.51255768962692 30.505216961323363 27.3
      vertex 66.11314959784599 30.720112182259356 27.3
      vertex 66.11314959784599 30.720112182259356 28.3
    endloop
  endfacet
  facet normal 0.24298017990326692 -0.9700312531945432 0
    outer loop
      vertex 66.11314959784599 30.720112182259356 27.3
      vertex 66.73191290689516 30.875104322621 27.3
      vertex 66.73191290689516 30.875104322621 28.3
    endloop
  endfacet
  facet normal 0.3368898533922221 -0.94154406518302 0
    outer loop
      vertex 65.51255768962692 30.505216961323363 27.3
      vertex 66.11314959784599 30.720112182259356 28.3
      vertex 65.51255768962692 30.505216961323363 28.3
    endloop
  endfacet
  facet normal 0.24298017990326692 -0.9700312531945432 0
    outer loop
      vertex 66.11314959784599 30.720112182259356 27.3
      vertex 66.73191290689516 30.875104322621 28.3
      vertex 66.11314959784599 30.720112182259356 28.3
    endloop
  endfacet
  facet normal 0.14673047445536205 -0.9891765099647809 0
    outer loop
      vertex 66.73191290689516 30.875104322621 27.3
      vertex 67.36288858785785 30.96870072336928 27.3
      vertex 67.36288858785785 30.96870072336928 28.3
    endloop
  endfacet
  facet normal 0.04906767432741578 -0.9987954562051725 0
    outer loop
      vertex 67.36288858785785 30.96870072336928 27.3
      vertex 68 31 27.3
      vertex 68 31 28.3
    endloop
  endfacet
  facet normal 0.14673047445536205 -0.9891765099647809 0
    outer loop
      vertex 66.73191290689516 30.875104322621 27.3
      vertex 67.36288858785785 30.96870072336928 28.3
      vertex 66.73191290689516 30.875104322621 28.3
    endloop
  endfacet
  facet normal 0.04906767432741578 -0.9987954562051725 0
    outer loop
      vertex 67.36288858785785 30.96870072336928 27.3
      vertex 68 31 28.3
      vertex 67.36288858785785 30.96870072336928 28.3
    endloop
  endfacet
  facet normal 0 -1 0
    outer loop
      vertex 68 31 27.3
      vertex 75 31 28.3
      vertex 68 31 28.3
    endloop
  endfacet
  facet normal 0 -1 0
    outer loop
      vertex 68 31 27.3
      vertex 75 31 27.3
      vertex 75 31 28.3
    endloop
  endfacet
endsolid OpenSCAD_Model
