solid OpenSCAD_Model
  facet normal -0.7491363945234601 -0.662415777590171 0
    outer loop
      vertex -3.786044232532423 -3.2658642147688837 0
      vertex -3.7047556267747956 -3.357794774235092 0
      vertex -3.786044232532423 -3.2658642147688837 6
    endloop
  endfacet
  facet normal -0.765167265622459 -0.6438315428897915 0
    outer loop
      vertex -3.865052266813685 -3.1719664208182277 0
      vertex -3.786044232532423 -3.2658642147688837 0
      vertex -3.865052266813685 -3.1719664208182277 6
    endloop
  endfacet
  facet normal -0.8104571982525963 -0.5857978574564366 0
    outer loop
      vertex -4.087924065757918 -2.879040957089227 0
      vertex -4.016037657403225 -2.9784965224621667 0
      vertex -4.087924065757918 -2.879040957089227 6
    endloop
  endfacet
  facet normal -0.8513551931052653 -0.5245896826784686 0
    outer loop
      vertex -4.224267826248536 -2.6749880994354855 0
      vertex -4.28864305000136 -2.570513720966109 6
      vertex -4.28864305000136 -2.570513720966109 0
    endloop
  endfacet
  facet normal -0.8382247055548383 -0.545324988422046 0
    outer loop
      vertex -4.224267826248536 -2.6749880994354855 0
      vertex -4.157348061512726 -2.777851165098011 0
      vertex -4.224267826248536 -2.6749880994354855 6
    endloop
  endfacet
  facet normal -0.8245893027850258 -0.5657318107836126 0
    outer loop
      vertex -4.087924065757918 -2.879040957089227 0
      vertex -4.157348061512726 -2.777851165098011 6
      vertex -4.157348061512726 -2.777851165098011 0
    endloop
  endfacet
  facet normal -0.7958369046088826 -0.6055110414043269 0
    outer loop
      vertex -4.016037657403225 -2.9784965224621667 0
      vertex -3.9417321381330317 -3.076157952903134 0
      vertex -4.016037657403225 -2.9784965224621667 6
    endloop
  endfacet
  facet normal -0.7807372285720945 -0.6248594881423863 0
    outer loop
      vertex -3.865052266813685 -3.1719664208182277 0
      vertex -3.9417321381330317 -3.076157952903134 6
      vertex -3.9417321381330317 -3.076157952903134 0
    endloop
  endfacet
  facet normal -0.662415777590171 -0.7491363945234601 0
    outer loop
      vertex -3.2658642147688837 -3.786044232532423 0
      vertex -3.2658642147688837 -3.786044232532423 6
      vertex -3.357794774235092 -3.7047556267747956 0
    endloop
  endfacet
  facet normal -0.6438315428897915 -0.765167265622459 0
    outer loop
      vertex -3.2658642147688837 -3.786044232532423 0
      vertex -3.1719664208182277 -3.865052266813685 0
      vertex -3.1719664208182277 -3.865052266813685 6
    endloop
  endfacet
  facet normal -0.5857978574564366 -0.8104571982525963 0
    outer loop
      vertex -2.879040957089227 -4.087924065757918 0
      vertex -2.879040957089227 -4.087924065757918 6
      vertex -2.9784965224621667 -4.016037657403225 0
    endloop
  endfacet
  facet normal -0.6248594881423863 -0.7807372285720945 0
    outer loop
      vertex -3.1719664208182277 -3.865052266813685 0
      vertex -3.076157952903134 -3.9417321381330317 0
      vertex -3.076157952903134 -3.9417321381330317 6
    endloop
  endfacet
  facet normal -0.6055110414043269 -0.7958369046088826 0
    outer loop
      vertex -3.076157952903134 -3.9417321381330317 0
      vertex -2.9784965224621667 -4.016037657403225 0
      vertex -2.9784965224621667 -4.016037657403225 6
    endloop
  endfacet
  facet normal -0.5657318107836126 -0.8245893027850258 0
    outer loop
      vertex -2.879040957089227 -4.087924065757918 0
      vertex -2.777851165098011 -4.157348061512726 0
      vertex -2.777851165098011 -4.157348061512726 6
    endloop
  endfacet
  facet normal -0.545324988422046 -0.8382247055548383 0
    outer loop
      vertex -2.6749880994354855 -4.224267826248536 0
      vertex -2.6749880994354855 -4.224267826248536 6
      vertex -2.777851165098011 -4.157348061512726 0
    endloop
  endfacet
  facet normal -0.5245896826784686 -0.8513551931052653 0
    outer loop
      vertex -2.6749880994354855 -4.224267826248536 0
      vertex -2.570513720966109 -4.28864305000136 0
      vertex -2.570513720966109 -4.28864305000136 6
    endloop
  endfacet
  facet normal -0.7157308252838186 -0.6983762494089729 0
    outer loop
      vertex -3.621235414757335 -3.4477027236853344 0
      vertex -3.5355339059327378 -3.5355339059327378 0
      vertex -3.621235414757335 -3.4477027236853344 6
    endloop
  endfacet
  facet normal -0.6983762494089729 -0.7157308252838186 0
    outer loop
      vertex -3.4477027236853344 -3.621235414757335 0
      vertex -3.4477027236853344 -3.621235414757335 6
      vertex -3.5355339059327378 -3.5355339059327378 0
    endloop
  endfacet
  facet normal -0.7326542716724125 -0.6806009977954534 0
    outer loop
      vertex -3.621235414757335 -3.4477027236853344 0
      vertex -3.7047556267747956 -3.357794774235092 6
      vertex -3.7047556267747956 -3.357794774235092 0
    endloop
  endfacet
  facet normal -0.6806009977954534 -0.7326542716724125 0
    outer loop
      vertex -3.4477027236853344 -3.621235414757335 0
      vertex -3.357794774235092 -3.7047556267747956 0
      vertex -3.357794774235092 -3.7047556267747956 6
    endloop
  endfacet
  facet normal 0 0 -1
    outer loop
      vertex -4.619397662556434 -1.913417161825449 0
      vertex -4.571048778517653 2.026206570024949 0
      vertex -4.571048778517653 -2.026206570024949 0
    endloop
  endfacet
  facet normal 0 0 -1
    outer loop
      vertex -4.571048778517653 -2.026206570024949 0
      vertex -4.519946465617217 2.1377754671514104 0
      vertex -4.519946465617217 -2.1377754671514104 0
    endloop
  endfacet
  facet normal 0 0 -1
    outer loop
      vertex -4.4661215059775765 -2.248056648273033 0
      vertex -4.519946465617217 -2.1377754671514104 0
      vertex -4.4661215059775765 2.248056648273033 0
    endloop
  endfacet
  facet normal 0 0 -1
    outer loop
      vertex -4.409606321741776 -2.3569836841299883 0
      vertex -4.4661215059775765 -2.248056648273033 0
      vertex -4.409606321741776 2.3569836841299883 0
    endloop
  endfacet
  facet normal 0 0 -1
    outer loop
      vertex -4.878510650192643 -1.095506200784349 0
      vertex -4.903926402016152 -0.9754516100806412 0
      vertex -4.878510650192643 1.095506200784349 0
    endloop
  endfacet
  facet normal 0 0 -1
    outer loop
      vertex -4.8501562659727195 -1.2149008995163193 0
      vertex -4.878510650192643 -1.095506200784349 0
      vertex -4.8501562659727195 1.2149008995163193 0
    endloop
  endfacet
  facet normal 0 0 -1
    outer loop
      vertex -4.747640902965183 -1.5684087019944575 0
      vertex -4.784701678661044 -1.4514233862723116 0
      vertex -4.747640902965183 1.5684087019944575 0
    endloop
  endfacet
  facet normal 0 0 -1
    outer loop
      vertex -4.707720325915104 -1.6844492669611002 0
      vertex -4.747640902965183 -1.5684087019944575 0
      vertex -4.707720325915104 1.6844492669611002 0
    endloop
  endfacet
  facet normal 0 0 -1
    outer loop
      vertex -4.818880328977199 -1.333563787374492 0
      vertex -4.8501562659727195 -1.2149008995163193 0
      vertex -4.818880328977199 1.333563787374492 0
    endloop
  endfacet
  facet normal 0 0 -1
    outer loop
      vertex -4.784701678661044 -1.4514233862723116 0
      vertex -4.818880328977199 -1.333563787374492 0
      vertex -4.784701678661044 1.4514233862723116 0
    endloop
  endfacet
  facet normal 0 0 -1
    outer loop
      vertex -4.926388211944706 -0.8548094438015061 0
      vertex -4.945882549823905 -0.7336523722768087 0
      vertex -4.926388211944706 0.8548094438015061 0
    endloop
  endfacet
  facet normal 0 0 -1
    outer loop
      vertex -4.96239767299355 -0.612053375996081 0
      vertex -4.975923633360985 -0.490085701647803 0
      vertex -4.96239767299355 0.612053375996081 0
    endloop
  endfacet
  facet normal 0 0 -1
    outer loop
      vertex -4.945882549823905 -0.7336523722768087 0
      vertex -4.96239767299355 -0.612053375996081 0
      vertex -4.945882549823905 0.7336523722768087 0
    endloop
  endfacet
  facet normal 0 0 -1
    outer loop
      vertex -4.903926402016152 -0.9754516100806412 0
      vertex -4.926388211944706 -0.8548094438015061 0
      vertex -4.903926402016152 0.9754516100806412 0
    endloop
  endfacet
  facet normal 0 0 -1
    outer loop
      vertex -4.975923633360985 -0.490085701647803 0
      vertex -4.986452283393451 -0.36782281799833716 0
      vertex -4.975923633360985 0.490085701647803 0
    endloop
  endfacet
  facet normal 0 0 -1
    outer loop
      vertex -4.986452283393451 -0.36782281799833716 0
      vertex -4.993977281025862 -0.24533837163709007 0
      vertex -4.986452283393451 0.36782281799833716 0
    endloop
  endfacet
  facet normal 0 0 -1
    outer loop
      vertex -4.993977281025862 -0.24533837163709007 0
      vertex -4.998494093481021 -0.12270614261456145 0
      vertex -4.993977281025862 0.24533837163709007 0
    endloop
  endfacet
  facet normal 0 0 -1
    outer loop
      vertex -4.707720325915104 -1.6844492669611002 0
      vertex -4.664963994173695 1.7994751826749409 0
      vertex -4.664963994173695 -1.7994751826749409 0
    endloop
  endfacet
  facet normal 0 0 -1
    outer loop
      vertex -4.619397662556434 -1.913417161825449 0
      vertex -4.664963994173695 -1.7994751826749409 0
      vertex -4.619397662556434 1.913417161825449 0
    endloop
  endfacet
  facet normal 0 0 -1
    outer loop
      vertex -4.409606321741776 -2.3569836841299883 0
      vertex -4.350434955543557 2.46449096114892 0
      vertex -4.350434955543557 -2.46449096114892 0
    endloop
  endfacet
  facet normal 0 0 -1
    outer loop
      vertex -4.28864305000136 -2.570513720966109 0
      vertex -4.350434955543557 -2.46449096114892 0
      vertex -4.28864305000136 2.570513720966109 0
    endloop
  endfacet
  facet normal 0 0 -1
    outer loop
      vertex -4.224267826248536 -2.6749880994354855 0
      vertex -4.28864305000136 -2.570513720966109 0
      vertex -4.224267826248536 2.6749880994354855 0
    endloop
  endfacet
  facet normal 0 0 -1
    outer loop
      vertex -4.224267826248536 -2.6749880994354855 0
      vertex -4.157348061512726 2.777851165098011 0
      vertex -4.157348061512726 -2.777851165098011 0
    endloop
  endfacet
  facet normal 0 0 -1
    outer loop
      vertex -4.087924065757918 -2.879040957089227 0
      vertex -4.157348061512726 -2.777851165098011 0
      vertex -4.087924065757918 2.879040957089227 0
    endloop
  endfacet
  facet normal 0 0 -1
    outer loop
      vertex -4.087924065757918 -2.879040957089227 0
      vertex -4.016037657403225 2.9784965224621667 0
      vertex -4.016037657403225 -2.9784965224621667 0
    endloop
  endfacet
  facet normal 0 0 -1
    outer loop
      vertex -4.016037657403225 -2.9784965224621667 0
      vertex -3.9417321381330317 3.076157952903134 0
      vertex -3.9417321381330317 -3.076157952903134 0
    endloop
  endfacet
  facet normal 0 0 -1
    outer loop
      vertex -3.865052266813685 -3.1719664208182277 0
      vertex -3.9417321381330317 -3.076157952903134 0
      vertex -3.865052266813685 3.1719664208182277 0
    endloop
  endfacet
  facet normal 0 0 -1
    outer loop
      vertex -3.865052266813685 -3.1719664208182277 0
      vertex -3.786044232532423 3.2658642147688837 0
      vertex -3.786044232532423 -3.2658642147688837 0
    endloop
  endfacet
  facet normal 0 0 -1
    outer loop
      vertex -3.2658642147688837 -3.786044232532423 0
      vertex -3.1719664208182277 3.865052266813685 0
      vertex -3.1719664208182277 -3.865052266813685 0
    endloop
  endfacet
  facet normal 0 0 -1
    outer loop
      vertex -3.1719664208182277 -3.865052266813685 0
      vertex -3.076157952903134 3.9417321381330317 0
      vertex -3.076157952903134 -3.9417321381330317 0
    endloop
  endfacet
  facet normal 0 0 -1
    outer loop
      vertex -3.076157952903134 -3.9417321381330317 0
      vertex -2.9784965224621667 4.016037657403225 0
      vertex -2.9784965224621667 -4.016037657403225 0
    endloop
  endfacet
  facet normal 0 0 -1
    outer loop
      vertex -2.879040957089227 -4.087924065757918 0
      vertex -2.9784965224621667 -4.016037657403225 0
      vertex -2.879040957089227 4.087924065757918 0
    endloop
  endfacet
  facet normal 0 0 -1
    outer loop
      vertex -2.879040957089227 -4.087924065757918 0
      vertex -2.777851165098011 4.157348061512726 0
      vertex -2.777851165098011 -4.157348061512726 0
    endloop
  endfacet
  facet normal 0 0 -1
    outer loop
      vertex -2.6749880994354855 -4.224267826248536 0
      vertex -2.777851165098011 -4.157348061512726 0
      vertex -2.6749880994354855 4.224267826248536 0
    endloop
  endfacet
  facet normal 0 0 -1
    outer loop
      vertex -2.6749880994354855 -4.224267826248536 0
      vertex -2.570513720966109 4.28864305000136 0
      vertex -2.570513720966109 -4.28864305000136 0
    endloop
  endfacet
  facet normal 0 0 -1
    outer loop
      vertex -3.621235414757335 -3.4477027236853344 0
      vertex -3.7047556267747956 -3.357794774235092 0
      vertex -3.621235414757335 3.4477027236853344 0
    endloop
  endfacet
  facet normal 0 0 -1
    outer loop
      vertex -3.786044232532423 -3.2658642147688837 0
      vertex -3.7047556267747956 3.357794774235092 0
      vertex -3.7047556267747956 -3.357794774235092 0
    endloop
  endfacet
  facet normal 0 0 -1
    outer loop
      vertex -3.621235414757335 -3.4477027236853344 0
      vertex -3.5355339059327378 3.5355339059327378 0
      vertex -3.5355339059327378 -3.5355339059327378 0
    endloop
  endfacet
  facet normal 0 0 -1
    outer loop
      vertex -3.4477027236853344 -3.621235414757335 0
      vertex -3.5355339059327378 -3.5355339059327378 0
      vertex -3.4477027236853344 3.621235414757335 0
    endloop
  endfacet
  facet normal 0 0 -1
    outer loop
      vertex -3.4477027236853344 -3.621235414757335 0
      vertex -3.357794774235092 3.7047556267747956 0
      vertex -3.357794774235092 -3.7047556267747956 0
    endloop
  endfacet
  facet normal 0 0 -1
    outer loop
      vertex -3.2658642147688837 -3.786044232532423 0
      vertex -3.357794774235092 -3.7047556267747956 0
      vertex -3.2658642147688837 3.786044232532423 0
    endloop
  endfacet
  facet normal -0.8760700941954048 -0.48218377207912594 0
    outer loop
      vertex -4.409606321741776 -2.3569836841299883 0
      vertex -4.350434955543557 -2.46449096114892 0
      vertex -4.409606321741776 -2.3569836841299883 6
    endloop
  endfacet
  facet normal -0.8876396204028556 -0.4605387109582369 0
    outer loop
      vertex -4.409606321741776 -2.3569836841299883 0
      vertex -4.4661215059775765 -2.248056648273033 6
      vertex -4.4661215059775765 -2.248056648273033 0
    endloop
  endfacet
  facet normal -0.9091679830905232 -0.4164295600976356 0
    outer loop
      vertex -4.571048778517653 -2.026206570024949 0
      vertex -4.519946465617217 -2.1377754671514104 0
      vertex -4.571048778517653 -2.026206570024949 6
    endloop
  endfacet
  facet normal -0.9191138516900569 -0.3939920400610501 0
    outer loop
      vertex -4.619397662556434 -1.913417161825449 0
      vertex -4.571048778517653 -2.026206570024949 0
      vertex -4.619397662556434 -1.913417161825449 6
    endloop
  endfacet
  facet normal -0.8986744656939534 -0.43861623853852877 0
    outer loop
      vertex -4.4661215059775765 -2.248056648273033 0
      vertex -4.519946465617217 -2.1377754671514104 6
      vertex -4.519946465617217 -2.1377754671514104 0
    endloop
  endfacet
  facet normal -0.9373390119125757 -0.34841868024943257 0
    outer loop
      vertex -4.707720325915104 -1.6844492669611002 0
      vertex -4.664963994173695 -1.7994751826749409 0
      vertex -4.707720325915104 -1.6844492669611002 6
    endloop
  endfacet
  facet normal -0.9456073253805217 -0.32531029216226176 0
    outer loop
      vertex -4.707720325915104 -1.6844492669611002 0
      vertex -4.747640902965183 -1.5684087019944575 6
      vertex -4.747640902965183 -1.5684087019944575 0
    endloop
  endfacet
  facet normal -0.9533060403541945 -0.3020059493192255 0
    outer loop
      vertex -4.747640902965183 -1.5684087019944575 0
      vertex -4.784701678661044 -1.4514233862723116 6
      vertex -4.784701678661044 -1.4514233862723116 0
    endloop
  endfacet
  facet normal -0.9604305194155647 -0.278519689385057 0
    outer loop
      vertex -4.784701678661044 -1.4514233862723116 0
      vertex -4.818880328977199 -1.333563787374492 6
      vertex -4.818880328977199 -1.333563787374492 0
    endloop
  endfacet
  facet normal -0.966976471044853 -0.25486565960451085 0
    outer loop
      vertex -4.818880328977199 -1.333563787374492 0
      vertex -4.8501562659727195 -1.2149008995163193 6
      vertex -4.8501562659727195 -1.2149008995163193 0
    endloop
  endfacet
  facet normal -0.9285060804732153 -0.3713171939518384 0
    outer loop
      vertex -4.619397662556434 -1.913417161825449 0
      vertex -4.664963994173695 -1.7994751826749409 6
      vertex -4.664963994173695 -1.7994751826749409 0
    endloop
  endfacet
  facet normal -0.8639728561215865 -0.5035383837257181 0
    outer loop
      vertex -4.28864305000136 -2.570513720966109 0
      vertex -4.350434955543557 -2.46449096114892 6
      vertex -4.350434955543557 -2.46449096114892 0
    endloop
  endfacet
  facet normal -0.9729399522055585 -0.2310581082806783 0
    outer loop
      vertex -4.8501562659727195 -1.2149008995163193 0
      vertex -4.878510650192643 -1.095506200784349 6
      vertex -4.878510650192643 -1.095506200784349 0
    endloop
  endfacet
  facet normal -0.9783173707196285 -0.20711137619221393 0
    outer loop
      vertex -4.878510650192643 -1.095506200784349 0
      vertex -4.903926402016152 -0.9754516100806412 6
      vertex -4.903926402016152 -0.9754516100806412 0
    endloop
  endfacet
  facet normal -0.9831054874312157 -0.18303988795514362 0
    outer loop
      vertex -4.903926402016152 -0.9754516100806412 0
      vertex -4.926388211944706 -0.8548094438015061 6
      vertex -4.926388211944706 -0.8548094438015061 0
    endloop
  endfacet
  facet normal -0.9873014181578589 -0.15885814333385861 0
    outer loop
      vertex -4.926388211944706 -0.8548094438015061 0
      vertex -4.945882549823905 -0.7336523722768087 6
      vertex -4.945882549823905 -0.7336523722768087 0
    endloop
  endfacet
  facet normal -0.9909026354277799 -0.13458070850712694 0
    outer loop
      vertex -4.945882549823905 -0.7336523722768087 0
      vertex -4.96239767299355 -0.612053375996081 6
      vertex -4.96239767299355 -0.612053375996081 0
    endloop
  endfacet
  facet normal -0.9939069700023555 -0.1102222072938869 0
    outer loop
      vertex -4.96239767299355 -0.612053375996081 0
      vertex -4.975923633360985 -0.490085701647803 6
      vertex -4.975923633360985 -0.490085701647803 0
    endloop
  endfacet
  facet normal -0.9963126121827786 -0.08579731234443423 0
    outer loop
      vertex -4.975923633360985 -0.490085701647803 0
      vertex -4.986452283393451 -0.36782281799833716 6
      vertex -4.986452283393451 -0.36782281799833716 0
    endloop
  endfacet
  facet normal -0.9981181129001488 -0.06132073630221303 0
    outer loop
      vertex -4.986452283393451 -0.36782281799833716 0
      vertex -4.993977281025862 -0.24533837163709007 6
      vertex -4.993977281025862 -0.24533837163709007 0
    endloop
  endfacet
  facet normal -0.9993223845883497 -0.03680722294135684 0
    outer loop
      vertex -4.993977281025862 -0.24533837163709007 0
      vertex -4.998494093481021 -0.12270614261456145 6
      vertex -4.998494093481021 -0.12270614261456145 0
    endloop
  endfacet
  facet normal -0.9999247018391445 -0.012271538285719615 0
    outer loop
      vertex -4.998494093481021 -0.12270614261456145 0
      vertex -5 0 6
      vertex -5 0 0
    endloop
  endfacet
  facet normal -0.48218377207912594 -0.8760700941954048 0
    outer loop
      vertex -2.3569836841299883 -4.409606321741776 0
      vertex -2.3569836841299883 -4.409606321741776 6
      vertex -2.46449096114892 -4.350434955543557 0
    endloop
  endfacet
  facet normal -0.4605387109582369 -0.8876396204028556 0
    outer loop
      vertex -2.3569836841299883 -4.409606321741776 0
      vertex -2.248056648273033 -4.4661215059775765 0
      vertex -2.248056648273033 -4.4661215059775765 6
    endloop
  endfacet
  facet normal -0.4164295600976356 -0.9091679830905232 0
    outer loop
      vertex -2.1377754671514104 -4.519946465617217 0
      vertex -2.026206570024949 -4.571048778517653 0
      vertex -2.026206570024949 -4.571048778517653 6
    endloop
  endfacet
  facet normal -0.43861623853852877 -0.8986744656939534 0
    outer loop
      vertex -2.248056648273033 -4.4661215059775765 0
      vertex -2.1377754671514104 -4.519946465617217 0
      vertex -2.1377754671514104 -4.519946465617217 6
    endloop
  endfacet
  facet normal -0.3939920400610501 -0.9191138516900569 0
    outer loop
      vertex -2.026206570024949 -4.571048778517653 0
      vertex -1.913417161825449 -4.619397662556434 0
      vertex -1.913417161825449 -4.619397662556434 6
    endloop
  endfacet
  facet normal -0.5035383837257181 -0.8639728561215865 0
    outer loop
      vertex -2.570513720966109 -4.28864305000136 0
      vertex -2.46449096114892 -4.350434955543557 0
      vertex -2.46449096114892 -4.350434955543557 6
    endloop
  endfacet
  facet normal -0.34841868024943257 -0.9373390119125757 0
    outer loop
      vertex -1.6844492669611002 -4.707720325915104 0
      vertex -1.6844492669611002 -4.707720325915104 6
      vertex -1.7994751826749409 -4.664963994173695 0
    endloop
  endfacet
  facet normal -0.32531029216226176 -0.9456073253805217 0
    outer loop
      vertex -1.6844492669611002 -4.707720325915104 0
      vertex -1.5684087019944575 -4.747640902965183 0
      vertex -1.5684087019944575 -4.747640902965183 6
    endloop
  endfacet
  facet normal -0.3713171939518384 -0.9285060804732153 0
    outer loop
      vertex -1.913417161825449 -4.619397662556434 0
      vertex -1.7994751826749409 -4.664963994173695 0
      vertex -1.7994751826749409 -4.664963994173695 6
    endloop
  endfacet
  facet normal -0.3020059493192255 -0.9533060403541945 0
    outer loop
      vertex -1.5684087019944575 -4.747640902965183 0
      vertex -1.4514233862723116 -4.784701678661044 0
      vertex -1.4514233862723116 -4.784701678661044 6
    endloop
  endfacet
  facet normal -0.278519689385057 -0.9604305194155647 0
    outer loop
      vertex -1.4514233862723116 -4.784701678661044 0
      vertex -1.333563787374492 -4.818880328977199 0
      vertex -1.333563787374492 -4.818880328977199 6
    endloop
  endfacet
  facet normal -0.25486565960451085 -0.966976471044853 0
    outer loop
      vertex -1.333563787374492 -4.818880328977199 0
      vertex -1.2149008995163193 -4.8501562659727195 0
      vertex -1.2149008995163193 -4.8501562659727195 6
    endloop
  endfacet
  facet normal -0.2310581082806783 -0.9729399522055585 0
    outer loop
      vertex -1.2149008995163193 -4.8501562659727195 0
      vertex -1.095506200784349 -4.878510650192643 0
      vertex -1.095506200784349 -4.878510650192643 6
    endloop
  endfacet
  facet normal -0.20711137619221393 -0.9783173707196285 0
    outer loop
      vertex -1.095506200784349 -4.878510650192643 0
      vertex -0.9754516100806412 -4.903926402016152 0
      vertex -0.9754516100806412 -4.903926402016152 6
    endloop
  endfacet
  facet normal -0.18303988795514362 -0.9831054874312157 0
    outer loop
      vertex -0.9754516100806412 -4.903926402016152 0
      vertex -0.8548094438015061 -4.926388211944706 0
      vertex -0.8548094438015061 -4.926388211944706 6
    endloop
  endfacet
  facet normal -0.15885814333385861 -0.9873014181578589 0
    outer loop
      vertex -0.8548094438015061 -4.926388211944706 0
      vertex -0.7336523722768087 -4.945882549823905 0
      vertex -0.7336523722768087 -4.945882549823905 6
    endloop
  endfacet
  facet normal -0.13458070850712694 -0.9909026354277799 0
    outer loop
      vertex -0.7336523722768087 -4.945882549823905 0
      vertex -0.612053375996081 -4.96239767299355 0
      vertex -0.612053375996081 -4.96239767299355 6
    endloop
  endfacet
  facet normal -0.1102222072938869 -0.9939069700023555 0
    outer loop
      vertex -0.612053375996081 -4.96239767299355 0
      vertex -0.490085701647803 -4.975923633360985 0
      vertex -0.490085701647803 -4.975923633360985 6
    endloop
  endfacet
  facet normal -0.08579731234443423 -0.9963126121827786 0
    outer loop
      vertex -0.490085701647803 -4.975923633360985 0
      vertex -0.36782281799833716 -4.986452283393451 0
      vertex -0.36782281799833716 -4.986452283393451 6
    endloop
  endfacet
  facet normal -0.06132073630221303 -0.9981181129001488 0
    outer loop
      vertex -0.36782281799833716 -4.986452283393451 0
      vertex -0.24533837163709007 -4.993977281025862 0
      vertex -0.24533837163709007 -4.993977281025862 6
    endloop
  endfacet
  facet normal -0.03680722294135684 -0.9993223845883497 0
    outer loop
      vertex -0.24533837163709007 -4.993977281025862 0
      vertex -0.12270614261456145 -4.998494093481021 0
      vertex -0.12270614261456145 -4.998494093481021 6
    endloop
  endfacet
  facet normal -0.012271538285719615 -0.9999247018391445 0
    outer loop
      vertex -0.12270614261456145 -4.998494093481021 0
      vertex 0 -5 0
      vertex 0 -5 6
    endloop
  endfacet
  facet normal 0 0 -1
    outer loop
      vertex -2.570513720966109 -4.28864305000136 0
      vertex -2.46449096114892 4.350434955543557 0
      vertex -2.46449096114892 -4.350434955543557 0
    endloop
  endfacet
  facet normal 0 0 -1
    outer loop
      vertex -2.3569836841299883 -4.409606321741776 0
      vertex -2.46449096114892 -4.350434955543557 0
      vertex -2.3569836841299883 4.409606321741776 0
    endloop
  endfacet
  facet normal 0 0 -1
    outer loop
      vertex -2.3569836841299883 -4.409606321741776 0
      vertex -2.248056648273033 4.4661215059775765 0
      vertex -2.248056648273033 -4.4661215059775765 0
    endloop
  endfacet
  facet normal 0 0 -1
    outer loop
      vertex -2.248056648273033 -4.4661215059775765 0
      vertex -2.1377754671514104 4.519946465617217 0
      vertex -2.1377754671514104 -4.519946465617217 0
    endloop
  endfacet
  facet normal 0 0 -1
    outer loop
      vertex -2.1377754671514104 -4.519946465617217 0
      vertex -2.026206570024949 4.571048778517653 0
      vertex -2.026206570024949 -4.571048778517653 0
    endloop
  endfacet
  facet normal 0 0 -1
    outer loop
      vertex -2.026206570024949 -4.571048778517653 0
      vertex -1.913417161825449 4.619397662556434 0
      vertex -1.913417161825449 -4.619397662556434 0
    endloop
  endfacet
  facet normal 0 0 -1
    outer loop
      vertex -1.6844492669611002 -4.707720325915104 0
      vertex -1.5684087019944575 4.747640902965183 0
      vertex -1.5684087019944575 -4.747640902965183 0
    endloop
  endfacet
  facet normal 0 0 -1
    outer loop
      vertex -1.913417161825449 -4.619397662556434 0
      vertex -1.7994751826749409 4.664963994173695 0
      vertex -1.7994751826749409 -4.664963994173695 0
    endloop
  endfacet
  facet normal 0 0 -1
    outer loop
      vertex -1.6844492669611002 -4.707720325915104 0
      vertex -1.7994751826749409 -4.664963994173695 0
      vertex -1.6844492669611002 4.707720325915104 0
    endloop
  endfacet
  facet normal 0 0 -1
    outer loop
      vertex -1.5684087019944575 -4.747640902965183 0
      vertex -1.4514233862723116 4.784701678661044 0
      vertex -1.4514233862723116 -4.784701678661044 0
    endloop
  endfacet
  facet normal 0 0 -1
    outer loop
      vertex -1.4514233862723116 -4.784701678661044 0
      vertex -1.333563787374492 4.818880328977199 0
      vertex -1.333563787374492 -4.818880328977199 0
    endloop
  endfacet
  facet normal 0 0 -1
    outer loop
      vertex -1.333563787374492 -4.818880328977199 0
      vertex -1.2149008995163193 4.8501562659727195 0
      vertex -1.2149008995163193 -4.8501562659727195 0
    endloop
  endfacet
  facet normal 0 0 -1
    outer loop
      vertex -1.2149008995163193 -4.8501562659727195 0
      vertex -1.095506200784349 4.878510650192643 0
      vertex -1.095506200784349 -4.878510650192643 0
    endloop
  endfacet
  facet normal 0 0 -1
    outer loop
      vertex -1.095506200784349 -4.878510650192643 0
      vertex -0.9754516100806412 4.903926402016152 0
      vertex -0.9754516100806412 -4.903926402016152 0
    endloop
  endfacet
  facet normal 0 0 -1
    outer loop
      vertex -0.9754516100806412 -4.903926402016152 0
      vertex -0.8548094438015061 4.926388211944706 0
      vertex -0.8548094438015061 -4.926388211944706 0
    endloop
  endfacet
  facet normal 0 0 -1
    outer loop
      vertex -0.8548094438015061 -4.926388211944706 0
      vertex -0.7336523722768087 4.945882549823905 0
      vertex -0.7336523722768087 -4.945882549823905 0
    endloop
  endfacet
  facet normal 0 0 -1
    outer loop
      vertex -0.7336523722768087 -4.945882549823905 0
      vertex -0.612053375996081 4.96239767299355 0
      vertex -0.612053375996081 -4.96239767299355 0
    endloop
  endfacet
  facet normal 0 0 -1
    outer loop
      vertex -0.612053375996081 -4.96239767299355 0
      vertex -0.490085701647803 4.975923633360985 0
      vertex -0.490085701647803 -4.975923633360985 0
    endloop
  endfacet
  facet normal 0 0 -1
    outer loop
      vertex -0.490085701647803 -4.975923633360985 0
      vertex -0.36782281799833716 4.986452283393451 0
      vertex -0.36782281799833716 -4.986452283393451 0
    endloop
  endfacet
  facet normal 0 0 -1
    outer loop
      vertex -0.36782281799833716 -4.986452283393451 0
      vertex -0.24533837163709007 4.993977281025862 0
      vertex -0.24533837163709007 -4.993977281025862 0
    endloop
  endfacet
  facet normal 0 0 -1
    outer loop
      vertex -0.24533837163709007 -4.993977281025862 0
      vertex -0.12270614261456145 4.998494093481021 0
      vertex -0.12270614261456145 -4.998494093481021 0
    endloop
  endfacet
  facet normal 0 0 -1
    outer loop
      vertex -0.12270614261456145 -4.998494093481021 0
      vertex 0 5 0
      vertex 0 -5 0
    endloop
  endfacet
  facet normal -0.7807372285720945 -0.6248594881423863 0
    outer loop
      vertex -3.865052266813685 -3.1719664208182277 0
      vertex -3.865052266813685 -3.1719664208182277 6
      vertex -3.9417321381330317 -3.076157952903134 6
    endloop
  endfacet
  facet normal -0.765167265622459 -0.6438315428897915 0
    outer loop
      vertex -3.786044232532423 -3.2658642147688837 0
      vertex -3.786044232532423 -3.2658642147688837 6
      vertex -3.865052266813685 -3.1719664208182277 6
    endloop
  endfacet
  facet normal -0.8245893027850258 -0.5657318107836126 0
    outer loop
      vertex -4.087924065757918 -2.879040957089227 0
      vertex -4.087924065757918 -2.879040957089227 6
      vertex -4.157348061512726 -2.777851165098011 6
    endloop
  endfacet
  facet normal -0.8639728561215865 -0.5035383837257181 0
    outer loop
      vertex -4.28864305000136 -2.570513720966109 0
      vertex -4.28864305000136 -2.570513720966109 6
      vertex -4.350434955543557 -2.46449096114892 6
    endloop
  endfacet
  facet normal -0.8513551931052653 -0.5245896826784686 0
    outer loop
      vertex -4.224267826248536 -2.6749880994354855 0
      vertex -4.224267826248536 -2.6749880994354855 6
      vertex -4.28864305000136 -2.570513720966109 6
    endloop
  endfacet
  facet normal -0.8382247055548383 -0.545324988422046 0
    outer loop
      vertex -4.157348061512726 -2.777851165098011 0
      vertex -4.157348061512726 -2.777851165098011 6
      vertex -4.224267826248536 -2.6749880994354855 6
    endloop
  endfacet
  facet normal -0.7958369046088826 -0.6055110414043269 0
    outer loop
      vertex -3.9417321381330317 -3.076157952903134 0
      vertex -3.9417321381330317 -3.076157952903134 6
      vertex -4.016037657403225 -2.9784965224621667 6
    endloop
  endfacet
  facet normal -0.8104571982525963 -0.5857978574564366 0
    outer loop
      vertex -4.016037657403225 -2.9784965224621667 0
      vertex -4.016037657403225 -2.9784965224621667 6
      vertex -4.087924065757918 -2.879040957089227 6
    endloop
  endfacet
  facet normal -0.6438315428897915 -0.765167265622459 0
    outer loop
      vertex -3.2658642147688837 -3.786044232532423 0
      vertex -3.1719664208182277 -3.865052266813685 6
      vertex -3.2658642147688837 -3.786044232532423 6
    endloop
  endfacet
  facet normal -0.6248594881423863 -0.7807372285720945 0
    outer loop
      vertex -3.1719664208182277 -3.865052266813685 0
      vertex -3.076157952903134 -3.9417321381330317 6
      vertex -3.1719664208182277 -3.865052266813685 6
    endloop
  endfacet
  facet normal -0.5657318107836126 -0.8245893027850258 0
    outer loop
      vertex -2.879040957089227 -4.087924065757918 0
      vertex -2.777851165098011 -4.157348061512726 6
      vertex -2.879040957089227 -4.087924065757918 6
    endloop
  endfacet
  facet normal -0.6055110414043269 -0.7958369046088826 0
    outer loop
      vertex -3.076157952903134 -3.9417321381330317 0
      vertex -2.9784965224621667 -4.016037657403225 6
      vertex -3.076157952903134 -3.9417321381330317 6
    endloop
  endfacet
  facet normal -0.5857978574564366 -0.8104571982525963 0
    outer loop
      vertex -2.9784965224621667 -4.016037657403225 0
      vertex -2.879040957089227 -4.087924065757918 6
      vertex -2.9784965224621667 -4.016037657403225 6
    endloop
  endfacet
  facet normal -0.545324988422046 -0.8382247055548383 0
    outer loop
      vertex -2.777851165098011 -4.157348061512726 0
      vertex -2.6749880994354855 -4.224267826248536 6
      vertex -2.777851165098011 -4.157348061512726 6
    endloop
  endfacet
  facet normal -0.5245896826784686 -0.8513551931052653 0
    outer loop
      vertex -2.6749880994354855 -4.224267826248536 0
      vertex -2.570513720966109 -4.28864305000136 6
      vertex -2.6749880994354855 -4.224267826248536 6
    endloop
  endfacet
  facet normal -0.5035383837257181 -0.8639728561215865 0
    outer loop
      vertex -2.570513720966109 -4.28864305000136 0
      vertex -2.46449096114892 -4.350434955543557 6
      vertex -2.570513720966109 -4.28864305000136 6
    endloop
  endfacet
  facet normal -0.7157308252838186 -0.6983762494089729 0
    outer loop
      vertex -3.5355339059327378 -3.5355339059327378 0
      vertex -3.5355339059327378 -3.5355339059327378 6
      vertex -3.621235414757335 -3.4477027236853344 6
    endloop
  endfacet
  facet normal -0.6983762494089729 -0.7157308252838186 0
    outer loop
      vertex -3.5355339059327378 -3.5355339059327378 0
      vertex -3.4477027236853344 -3.621235414757335 6
      vertex -3.5355339059327378 -3.5355339059327378 6
    endloop
  endfacet
  facet normal -0.7491363945234601 -0.662415777590171 0
    outer loop
      vertex -3.7047556267747956 -3.357794774235092 0
      vertex -3.7047556267747956 -3.357794774235092 6
      vertex -3.786044232532423 -3.2658642147688837 6
    endloop
  endfacet
  facet normal -0.7326542716724125 -0.6806009977954534 0
    outer loop
      vertex -3.621235414757335 -3.4477027236853344 0
      vertex -3.621235414757335 -3.4477027236853344 6
      vertex -3.7047556267747956 -3.357794774235092 6
    endloop
  endfacet
  facet normal -0.6806009977954534 -0.7326542716724125 0
    outer loop
      vertex -3.4477027236853344 -3.621235414757335 0
      vertex -3.357794774235092 -3.7047556267747956 6
      vertex -3.4477027236853344 -3.621235414757335 6
    endloop
  endfacet
  facet normal -0.662415777590171 -0.7491363945234601 0
    outer loop
      vertex -3.357794774235092 -3.7047556267747956 0
      vertex -3.2658642147688837 -3.786044232532423 6
      vertex -3.357794774235092 -3.7047556267747956 6
    endloop
  endfacet
  facet normal -0.8986744656939534 -0.43861623853852877 0
    outer loop
      vertex -4.4661215059775765 -2.248056648273033 0
      vertex -4.4661215059775765 -2.248056648273033 6
      vertex -4.519946465617217 -2.1377754671514104 6
    endloop
  endfacet
  facet normal -0.8876396204028556 -0.4605387109582369 0
    outer loop
      vertex -4.409606321741776 -2.3569836841299883 0
      vertex -4.409606321741776 -2.3569836841299883 6
      vertex -4.4661215059775765 -2.248056648273033 6
    endloop
  endfacet
  facet normal -0.9091679830905232 -0.4164295600976356 0
    outer loop
      vertex -4.519946465617217 -2.1377754671514104 0
      vertex -4.519946465617217 -2.1377754671514104 6
      vertex -4.571048778517653 -2.026206570024949 6
    endloop
  endfacet
  facet normal -0.9285060804732153 -0.3713171939518384 0
    outer loop
      vertex -4.619397662556434 -1.913417161825449 0
      vertex -4.619397662556434 -1.913417161825449 6
      vertex -4.664963994173695 -1.7994751826749409 6
    endloop
  endfacet
  facet normal -0.9191138516900569 -0.3939920400610501 0
    outer loop
      vertex -4.571048778517653 -2.026206570024949 0
      vertex -4.571048778517653 -2.026206570024949 6
      vertex -4.619397662556434 -1.913417161825449 6
    endloop
  endfacet
  facet normal -0.9456073253805217 -0.32531029216226176 0
    outer loop
      vertex -4.707720325915104 -1.6844492669611002 0
      vertex -4.707720325915104 -1.6844492669611002 6
      vertex -4.747640902965183 -1.5684087019944575 6
    endloop
  endfacet
  facet normal -0.9604305194155647 -0.278519689385057 0
    outer loop
      vertex -4.784701678661044 -1.4514233862723116 0
      vertex -4.784701678661044 -1.4514233862723116 6
      vertex -4.818880328977199 -1.333563787374492 6
    endloop
  endfacet
  facet normal -0.9533060403541945 -0.3020059493192255 0
    outer loop
      vertex -4.747640902965183 -1.5684087019944575 0
      vertex -4.747640902965183 -1.5684087019944575 6
      vertex -4.784701678661044 -1.4514233862723116 6
    endloop
  endfacet
  facet normal -0.966976471044853 -0.25486565960451085 0
    outer loop
      vertex -4.818880328977199 -1.333563787374492 0
      vertex -4.818880328977199 -1.333563787374492 6
      vertex -4.8501562659727195 -1.2149008995163193 6
    endloop
  endfacet
  facet normal -0.9373390119125757 -0.34841868024943257 0
    outer loop
      vertex -4.664963994173695 -1.7994751826749409 0
      vertex -4.664963994173695 -1.7994751826749409 6
      vertex -4.707720325915104 -1.6844492669611002 6
    endloop
  endfacet
  facet normal -0.8760700941954048 -0.48218377207912594 0
    outer loop
      vertex -4.350434955543557 -2.46449096114892 0
      vertex -4.350434955543557 -2.46449096114892 6
      vertex -4.409606321741776 -2.3569836841299883 6
    endloop
  endfacet
  facet normal -0.9729399522055585 -0.2310581082806783 0
    outer loop
      vertex -4.8501562659727195 -1.2149008995163193 0
      vertex -4.8501562659727195 -1.2149008995163193 6
      vertex -4.878510650192643 -1.095506200784349 6
    endloop
  endfacet
  facet normal -0.9783173707196285 -0.20711137619221393 0
    outer loop
      vertex -4.878510650192643 -1.095506200784349 0
      vertex -4.878510650192643 -1.095506200784349 6
      vertex -4.903926402016152 -0.9754516100806412 6
    endloop
  endfacet
  facet normal -0.9873014181578589 -0.15885814333385861 0
    outer loop
      vertex -4.926388211944706 -0.8548094438015061 0
      vertex -4.926388211944706 -0.8548094438015061 6
      vertex -4.945882549823905 -0.7336523722768087 6
    endloop
  endfacet
  facet normal -0.9831054874312157 -0.18303988795514362 0
    outer loop
      vertex -4.903926402016152 -0.9754516100806412 0
      vertex -4.903926402016152 -0.9754516100806412 6
      vertex -4.926388211944706 -0.8548094438015061 6
    endloop
  endfacet
  facet normal -0.9909026354277799 -0.13458070850712694 0
    outer loop
      vertex -4.945882549823905 -0.7336523722768087 0
      vertex -4.945882549823905 -0.7336523722768087 6
      vertex -4.96239767299355 -0.612053375996081 6
    endloop
  endfacet
  facet normal -0.9939069700023555 -0.1102222072938869 0
    outer loop
      vertex -4.96239767299355 -0.612053375996081 0
      vertex -4.96239767299355 -0.612053375996081 6
      vertex -4.975923633360985 -0.490085701647803 6
    endloop
  endfacet
  facet normal -0.9963126121827786 -0.08579731234443423 0
    outer loop
      vertex -4.975923633360985 -0.490085701647803 0
      vertex -4.975923633360985 -0.490085701647803 6
      vertex -4.986452283393451 -0.36782281799833716 6
    endloop
  endfacet
  facet normal -0.9981181129001488 -0.06132073630221303 0
    outer loop
      vertex -4.986452283393451 -0.36782281799833716 0
      vertex -4.986452283393451 -0.36782281799833716 6
      vertex -4.993977281025862 -0.24533837163709007 6
    endloop
  endfacet
  facet normal -0.9993223845883497 -0.03680722294135684 0
    outer loop
      vertex -4.993977281025862 -0.24533837163709007 0
      vertex -4.993977281025862 -0.24533837163709007 6
      vertex -4.998494093481021 -0.12270614261456145 6
    endloop
  endfacet
  facet normal -0.9999247018391445 -0.012271538285719615 0
    outer loop
      vertex -4.998494093481021 -0.12270614261456145 0
      vertex -4.998494093481021 -0.12270614261456145 6
      vertex -5 0 6
    endloop
  endfacet
  facet normal 0 0 1
    outer loop
      vertex -4.619397662556434 -1.913417161825449 6
      vertex -4.664963994173695 1.7994751826749409 6
      vertex -4.664963994173695 -1.7994751826749409 6
    endloop
  endfacet
  facet normal 0 0 1
    outer loop
      vertex -4.571048778517653 -2.026206570024949 6
      vertex -4.519946465617217 -2.1377754671514104 6
      vertex -4.571048778517653 2.026206570024949 6
    endloop
  endfacet
  facet normal 0 0 1
    outer loop
      vertex -4.619397662556434 -1.913417161825449 6
      vertex -4.571048778517653 -2.026206570024949 6
      vertex -4.619397662556434 1.913417161825449 6
    endloop
  endfacet
  facet normal 0 0 1
    outer loop
      vertex -4.409606321741776 -2.3569836841299883 6
      vertex -4.4661215059775765 2.248056648273033 6
      vertex -4.4661215059775765 -2.248056648273033 6
    endloop
  endfacet
  facet normal 0 0 1
    outer loop
      vertex -4.409606321741776 -2.3569836841299883 6
      vertex -4.350434955543557 -2.46449096114892 6
      vertex -4.409606321741776 2.3569836841299883 6
    endloop
  endfacet
  facet normal 0 0 1
    outer loop
      vertex -4.4661215059775765 -2.248056648273033 6
      vertex -4.519946465617217 2.1377754671514104 6
      vertex -4.519946465617217 -2.1377754671514104 6
    endloop
  endfacet
  facet normal 0 0 1
    outer loop
      vertex -4.8501562659727195 -1.2149008995163193 6
      vertex -4.878510650192643 1.095506200784349 6
      vertex -4.878510650192643 -1.095506200784349 6
    endloop
  endfacet
  facet normal 0 0 1
    outer loop
      vertex -4.878510650192643 -1.095506200784349 6
      vertex -4.903926402016152 0.9754516100806412 6
      vertex -4.903926402016152 -0.9754516100806412 6
    endloop
  endfacet
  facet normal 0 0 1
    outer loop
      vertex -4.903926402016152 -0.9754516100806412 6
      vertex -4.926388211944706 0.8548094438015061 6
      vertex -4.926388211944706 -0.8548094438015061 6
    endloop
  endfacet
  facet normal 0 0 1
    outer loop
      vertex -4.784701678661044 -1.4514233862723116 6
      vertex -4.818880328977199 1.333563787374492 6
      vertex -4.818880328977199 -1.333563787374492 6
    endloop
  endfacet
  facet normal 0 0 1
    outer loop
      vertex -4.747640902965183 -1.5684087019944575 6
      vertex -4.784701678661044 1.4514233862723116 6
      vertex -4.784701678661044 -1.4514233862723116 6
    endloop
  endfacet
  facet normal 0 0 1
    outer loop
      vertex -4.707720325915104 -1.6844492669611002 6
      vertex -4.747640902965183 1.5684087019944575 6
      vertex -4.747640902965183 -1.5684087019944575 6
    endloop
  endfacet
  facet normal 0 0 1
    outer loop
      vertex -4.707720325915104 -1.6844492669611002 6
      vertex -4.664963994173695 -1.7994751826749409 6
      vertex -4.707720325915104 1.6844492669611002 6
    endloop
  endfacet
  facet normal 0 0 1
    outer loop
      vertex -4.818880328977199 -1.333563787374492 6
      vertex -4.8501562659727195 1.2149008995163193 6
      vertex -4.8501562659727195 -1.2149008995163193 6
    endloop
  endfacet
  facet normal 0 0 1
    outer loop
      vertex -4.926388211944706 -0.8548094438015061 6
      vertex -4.945882549823905 0.7336523722768087 6
      vertex -4.945882549823905 -0.7336523722768087 6
    endloop
  endfacet
  facet normal 0 0 1
    outer loop
      vertex -4.945882549823905 -0.7336523722768087 6
      vertex -4.96239767299355 0.612053375996081 6
      vertex -4.96239767299355 -0.612053375996081 6
    endloop
  endfacet
  facet normal 0 0 1
    outer loop
      vertex -4.96239767299355 -0.612053375996081 6
      vertex -4.975923633360985 0.490085701647803 6
      vertex -4.975923633360985 -0.490085701647803 6
    endloop
  endfacet
  facet normal 0 0 1
    outer loop
      vertex -4.975923633360985 -0.490085701647803 6
      vertex -4.986452283393451 0.36782281799833716 6
      vertex -4.986452283393451 -0.36782281799833716 6
    endloop
  endfacet
  facet normal 0 0 1
    outer loop
      vertex -4.986452283393451 -0.36782281799833716 6
      vertex -4.993977281025862 0.24533837163709007 6
      vertex -4.993977281025862 -0.24533837163709007 6
    endloop
  endfacet
  facet normal 0 0 1
    outer loop
      vertex -4.993977281025862 -0.24533837163709007 6
      vertex -4.998494093481021 0.12270614261456145 6
      vertex -4.998494093481021 -0.12270614261456145 6
    endloop
  endfacet
  facet normal 0 0 1
    outer loop
      vertex -4.087924065757918 -2.879040957089227 6
      vertex -4.157348061512726 2.777851165098011 6
      vertex -4.157348061512726 -2.777851165098011 6
    endloop
  endfacet
  facet normal 0 0 1
    outer loop
      vertex -4.087924065757918 -2.879040957089227 6
      vertex -4.016037657403225 -2.9784965224621667 6
      vertex -4.087924065757918 2.879040957089227 6
    endloop
  endfacet
  facet normal 0 0 1
    outer loop
      vertex -4.28864305000136 -2.570513720966109 6
      vertex -4.350434955543557 2.46449096114892 6
      vertex -4.350434955543557 -2.46449096114892 6
    endloop
  endfacet
  facet normal 0 0 1
    outer loop
      vertex -4.224267826248536 -2.6749880994354855 6
      vertex -4.28864305000136 2.570513720966109 6
      vertex -4.28864305000136 -2.570513720966109 6
    endloop
  endfacet
  facet normal 0 0 1
    outer loop
      vertex -4.224267826248536 -2.6749880994354855 6
      vertex -4.157348061512726 -2.777851165098011 6
      vertex -4.224267826248536 2.6749880994354855 6
    endloop
  endfacet
  facet normal 0 0 1
    outer loop
      vertex -4.016037657403225 -2.9784965224621667 6
      vertex -3.9417321381330317 -3.076157952903134 6
      vertex -4.016037657403225 2.9784965224621667 6
    endloop
  endfacet
  facet normal 0 0 1
    outer loop
      vertex -3.865052266813685 -3.1719664208182277 6
      vertex -3.9417321381330317 3.076157952903134 6
      vertex -3.9417321381330317 -3.076157952903134 6
    endloop
  endfacet
  facet normal 0 0 1
    outer loop
      vertex -3.786044232532423 -3.2658642147688837 6
      vertex -3.7047556267747956 -3.357794774235092 6
      vertex -3.786044232532423 3.2658642147688837 6
    endloop
  endfacet
  facet normal 0 0 1
    outer loop
      vertex -3.865052266813685 -3.1719664208182277 6
      vertex -3.786044232532423 -3.2658642147688837 6
      vertex -3.865052266813685 3.1719664208182277 6
    endloop
  endfacet
  facet normal 0 0 1
    outer loop
      vertex -3.2658642147688837 -3.786044232532423 6
      vertex -3.357794774235092 3.7047556267747956 6
      vertex -3.357794774235092 -3.7047556267747956 6
    endloop
  endfacet
  facet normal 0 0 1
    outer loop
      vertex -3.2658642147688837 -3.786044232532423 6
      vertex -3.1719664208182277 -3.865052266813685 6
      vertex -3.2658642147688837 3.786044232532423 6
    endloop
  endfacet
  facet normal 0 0 1
    outer loop
      vertex -3.1719664208182277 -3.865052266813685 6
      vertex -3.076157952903134 -3.9417321381330317 6
      vertex -3.1719664208182277 3.865052266813685 6
    endloop
  endfacet
  facet normal 0 0 1
    outer loop
      vertex -3.076157952903134 -3.9417321381330317 6
      vertex -2.9784965224621667 -4.016037657403225 6
      vertex -3.076157952903134 3.9417321381330317 6
    endloop
  endfacet
  facet normal 0 0 1
    outer loop
      vertex -2.879040957089227 -4.087924065757918 6
      vertex -2.9784965224621667 4.016037657403225 6
      vertex -2.9784965224621667 -4.016037657403225 6
    endloop
  endfacet
  facet normal 0 0 1
    outer loop
      vertex -2.879040957089227 -4.087924065757918 6
      vertex -2.777851165098011 -4.157348061512726 6
      vertex -2.879040957089227 4.087924065757918 6
    endloop
  endfacet
  facet normal 0 0 1
    outer loop
      vertex -2.6749880994354855 -4.224267826248536 6
      vertex -2.777851165098011 4.157348061512726 6
      vertex -2.777851165098011 -4.157348061512726 6
    endloop
  endfacet
  facet normal 0 0 1
    outer loop
      vertex -2.6749880994354855 -4.224267826248536 6
      vertex -2.570513720966109 -4.28864305000136 6
      vertex -2.6749880994354855 4.224267826248536 6
    endloop
  endfacet
  facet normal 0 0 1
    outer loop
      vertex -2.570513720966109 -4.28864305000136 6
      vertex -2.46449096114892 -4.350434955543557 6
      vertex -2.570513720966109 4.28864305000136 6
    endloop
  endfacet
  facet normal 0 0 1
    outer loop
      vertex -3.621235414757335 -3.4477027236853344 6
      vertex -3.7047556267747956 3.357794774235092 6
      vertex -3.7047556267747956 -3.357794774235092 6
    endloop
  endfacet
  facet normal 0 0 1
    outer loop
      vertex -3.621235414757335 -3.4477027236853344 6
      vertex -3.5355339059327378 -3.5355339059327378 6
      vertex -3.621235414757335 3.4477027236853344 6
    endloop
  endfacet
  facet normal 0 0 1
    outer loop
      vertex -3.4477027236853344 -3.621235414757335 6
      vertex -3.5355339059327378 3.5355339059327378 6
      vertex -3.5355339059327378 -3.5355339059327378 6
    endloop
  endfacet
  facet normal 0 0 1
    outer loop
      vertex -3.4477027236853344 -3.621235414757335 6
      vertex -3.357794774235092 -3.7047556267747956 6
      vertex -3.4477027236853344 3.621235414757335 6
    endloop
  endfacet
  facet normal -0.4605387109582369 -0.8876396204028556 0
    outer loop
      vertex -2.3569836841299883 -4.409606321741776 0
      vertex -2.248056648273033 -4.4661215059775765 6
      vertex -2.3569836841299883 -4.409606321741776 6
    endloop
  endfacet
  facet normal -0.43861623853852877 -0.8986744656939534 0
    outer loop
      vertex -2.248056648273033 -4.4661215059775765 0
      vertex -2.1377754671514104 -4.519946465617217 6
      vertex -2.248056648273033 -4.4661215059775765 6
    endloop
  endfacet
  facet normal -0.4164295600976356 -0.9091679830905232 0
    outer loop
      vertex -2.1377754671514104 -4.519946465617217 0
      vertex -2.026206570024949 -4.571048778517653 6
      vertex -2.1377754671514104 -4.519946465617217 6
    endloop
  endfacet
  facet normal -0.3939920400610501 -0.9191138516900569 0
    outer loop
      vertex -2.026206570024949 -4.571048778517653 0
      vertex -1.913417161825449 -4.619397662556434 6
      vertex -2.026206570024949 -4.571048778517653 6
    endloop
  endfacet
  facet normal -0.3713171939518384 -0.9285060804732153 0
    outer loop
      vertex -1.913417161825449 -4.619397662556434 0
      vertex -1.7994751826749409 -4.664963994173695 6
      vertex -1.913417161825449 -4.619397662556434 6
    endloop
  endfacet
  facet normal -0.48218377207912594 -0.8760700941954048 0
    outer loop
      vertex -2.46449096114892 -4.350434955543557 0
      vertex -2.3569836841299883 -4.409606321741776 6
      vertex -2.46449096114892 -4.350434955543557 6
    endloop
  endfacet
  facet normal -0.32531029216226176 -0.9456073253805217 0
    outer loop
      vertex -1.6844492669611002 -4.707720325915104 0
      vertex -1.5684087019944575 -4.747640902965183 6
      vertex -1.6844492669611002 -4.707720325915104 6
    endloop
  endfacet
  facet normal -0.34841868024943257 -0.9373390119125757 0
    outer loop
      vertex -1.7994751826749409 -4.664963994173695 0
      vertex -1.6844492669611002 -4.707720325915104 6
      vertex -1.7994751826749409 -4.664963994173695 6
    endloop
  endfacet
  facet normal -0.3020059493192255 -0.9533060403541945 0
    outer loop
      vertex -1.5684087019944575 -4.747640902965183 0
      vertex -1.4514233862723116 -4.784701678661044 6
      vertex -1.5684087019944575 -4.747640902965183 6
    endloop
  endfacet
  facet normal -0.278519689385057 -0.9604305194155647 0
    outer loop
      vertex -1.4514233862723116 -4.784701678661044 0
      vertex -1.333563787374492 -4.818880328977199 6
      vertex -1.4514233862723116 -4.784701678661044 6
    endloop
  endfacet
  facet normal -0.25486565960451085 -0.966976471044853 0
    outer loop
      vertex -1.333563787374492 -4.818880328977199 0
      vertex -1.2149008995163193 -4.8501562659727195 6
      vertex -1.333563787374492 -4.818880328977199 6
    endloop
  endfacet
  facet normal -0.2310581082806783 -0.9729399522055585 0
    outer loop
      vertex -1.2149008995163193 -4.8501562659727195 0
      vertex -1.095506200784349 -4.878510650192643 6
      vertex -1.2149008995163193 -4.8501562659727195 6
    endloop
  endfacet
  facet normal -0.20711137619221393 -0.9783173707196285 0
    outer loop
      vertex -1.095506200784349 -4.878510650192643 0
      vertex -0.9754516100806412 -4.903926402016152 6
      vertex -1.095506200784349 -4.878510650192643 6
    endloop
  endfacet
  facet normal -0.18303988795514362 -0.9831054874312157 0
    outer loop
      vertex -0.9754516100806412 -4.903926402016152 0
      vertex -0.8548094438015061 -4.926388211944706 6
      vertex -0.9754516100806412 -4.903926402016152 6
    endloop
  endfacet
  facet normal -0.15885814333385861 -0.9873014181578589 0
    outer loop
      vertex -0.8548094438015061 -4.926388211944706 0
      vertex -0.7336523722768087 -4.945882549823905 6
      vertex -0.8548094438015061 -4.926388211944706 6
    endloop
  endfacet
  facet normal -0.13458070850712694 -0.9909026354277799 0
    outer loop
      vertex -0.7336523722768087 -4.945882549823905 0
      vertex -0.612053375996081 -4.96239767299355 6
      vertex -0.7336523722768087 -4.945882549823905 6
    endloop
  endfacet
  facet normal -0.1102222072938869 -0.9939069700023555 0
    outer loop
      vertex -0.612053375996081 -4.96239767299355 0
      vertex -0.490085701647803 -4.975923633360985 6
      vertex -0.612053375996081 -4.96239767299355 6
    endloop
  endfacet
  facet normal -0.08579731234443423 -0.9963126121827786 0
    outer loop
      vertex -0.490085701647803 -4.975923633360985 0
      vertex -0.36782281799833716 -4.986452283393451 6
      vertex -0.490085701647803 -4.975923633360985 6
    endloop
  endfacet
  facet normal -0.06132073630221303 -0.9981181129001488 0
    outer loop
      vertex -0.36782281799833716 -4.986452283393451 0
      vertex -0.24533837163709007 -4.993977281025862 6
      vertex -0.36782281799833716 -4.986452283393451 6
    endloop
  endfacet
  facet normal -0.03680722294135684 -0.9993223845883497 0
    outer loop
      vertex -0.24533837163709007 -4.993977281025862 0
      vertex -0.12270614261456145 -4.998494093481021 6
      vertex -0.24533837163709007 -4.993977281025862 6
    endloop
  endfacet
  facet normal -0.012271538285719615 -0.9999247018391445 0
    outer loop
      vertex -0.12270614261456145 -4.998494093481021 0
      vertex 0 -5 6
      vertex -0.12270614261456145 -4.998494093481021 6
    endloop
  endfacet
  facet normal 0 0 1
    outer loop
      vertex -1.4514233862723116 -4.784701678661044 6
      vertex -1.333563787374492 -4.818880328977199 6
      vertex -1.3921391857739385 -0.7886371075676545 6
    endloop
  endfacet
  facet normal 0 0 1
    outer loop
      vertex -1.333563787374492 -4.818880328977199 6
      vertex -1.2149008995163193 -4.8501562659727195 6
      vertex -1.285132050369032 -0.9531188871878934 6
    endloop
  endfacet
  facet normal 0 0 1
    outer loop
      vertex -1.5684087019944575 -4.747640902965183 6
      vertex -1.4514233862723116 -4.784701678661044 6
      vertex -1.5064705042928335 -0.5390237654275521 6
    endloop
  endfacet
  facet normal 0 0 1
    outer loop
      vertex -0.8548094438015061 -4.926388211944706 6
      vertex -0.7336523722768087 -4.945882549823905 6
      vertex -0.7886371075676545 -1.3921391857739385 6
    endloop
  endfacet
  facet normal 0 0 1
    outer loop
      vertex -0.7336523722768087 -4.945882549823905 6
      vertex -0.612053375996081 -4.96239767299355 6
      vertex -0.6840881494884514 -1.4463828689975093 6
    endloop
  endfacet
  facet normal 0 0 1
    outer loop
      vertex -0.612053375996081 -4.96239767299355 6
      vertex -0.490085701647803 -4.975923633360985 6
      vertex -0.5390237654275521 -1.5064705042928335 6
    endloop
  endfacet
  facet normal 0 0 1
    outer loop
      vertex -0.490085701647803 -4.975923633360985 6
      vertex -0.36782281799833716 -4.986452283393451 6
      vertex -0.4267404119598375 -1.5420417052727038 6
    endloop
  endfacet
  facet normal 0 0 1
    outer loop
      vertex -0.36782281799833716 -4.986452283393451 6
      vertex -0.24533837163709007 -4.993977281025862 6
      vertex -0.3121445152258052 -1.5692564486451688 6
    endloop
  endfacet
  facet normal 0 0 1
    outer loop
      vertex -0.24533837163709007 -4.993977281025862 6
      vertex -0.12270614261456145 -4.998494093481021 6
      vertex -0.19585708031874594 -1.587967255357936 6
    endloop
  endfacet
  facet normal 0 0 1
    outer loop
      vertex -0.12270614261456145 -4.998494093481021 6
      vertex 0 -5 6
      vertex -0.07850827892386883 -1.598072729928276 6
    endloop
  endfacet
  facet normal 0 0 1
    outer loop
      vertex -1.2149008995163193 -4.8501562659727195 6
      vertex -1.095506200784349 -4.878510650192643 6
      vertex -1.1587953327223472 -1.103264871579307 6
    endloop
  endfacet
  facet normal 0 0 1
    outer loop
      vertex -1.095506200784349 -4.878510650192643 6
      vertex -0.9754516100806412 -4.903926402016152 6
      vertex -1.045076548726043 -1.2115341544103755 6
    endloop
  endfacet
  facet normal 0 0 1
    outer loop
      vertex -0.9754516100806412 -4.903926402016152 6
      vertex -0.8548094438015061 -4.926388211944706 6
      vertex -0.9212931062685525 -1.308135701042534 6
    endloop
  endfacet
  facet normal 0 0 1
    outer loop
      vertex -0.8548094438015061 -4.926388211944706 6
      vertex -0.8889123728313635 -1.3303513796840725 6
      vertex -0.9212931062685525 -1.308135701042534 6
    endloop
  endfacet
  facet normal 0 0 1
    outer loop
      vertex -0.8548094438015061 -4.926388211944706 6
      vertex -0.8559961918193555 -1.3517657043995315 6
      vertex -0.8889123728313635 -1.3303513796840725 6
    endloop
  endfacet
  facet normal 0 0 1
    outer loop
      vertex -0.8548094438015061 -4.926388211944706 6
      vertex -0.8225643907091549 -1.3723657760004353 6
      vertex -0.8559961918193555 -1.3517657043995315 6
    endloop
  endfacet
  facet normal 0 0 1
    outer loop
      vertex -0.8548094438015061 -4.926388211944706 6
      vertex -0.7886371075676545 -1.3921391857739385 6
      vertex -0.8225643907091549 -1.3723657760004353 6
    endloop
  endfacet
  facet normal 0 0 1
    outer loop
      vertex -0.7336523722768087 -4.945882549823905 6
      vertex -0.7542347789215963 -1.4110740229573682 6
      vertex -0.7886371075676545 -1.3921391857739385 6
    endloop
  endfacet
  facet normal 0 0 1
    outer loop
      vertex -0.7336523722768087 -4.945882549823905 6
      vertex -0.7193781274473706 -1.4291588819128247 6
      vertex -0.7542347789215963 -1.4110740229573682 6
    endloop
  endfacet
  facet normal 0 0 1
    outer loop
      vertex -0.7336523722768087 -4.945882549823905 6
      vertex -0.6840881494884514 -1.4463828689975093 6
      vertex -0.7193781274473706 -1.4291588819128247 6
    endloop
  endfacet
  facet normal 0 0 1
    outer loop
      vertex -0.612053375996081 -4.96239767299355 6
      vertex -0.6483861024079838 -1.4627356091256491 6
      vertex -0.6840881494884514 -1.4463828689975093 6
    endloop
  endfacet
  facet normal 0 0 1
    outer loop
      vertex -0.490085701647803 -4.975923633360985 6
      vertex -0.5018907846382265 -1.5192450889488587 6
      vertex -0.5390237654275521 -1.5064705042928335 6
    endloop
  endfacet
  facet normal 0 0 1
    outer loop
      vertex -0.490085701647803 -4.975923633360985 6
      vertex -0.46445548360713973 -1.5311045371715342 6
      vertex -0.5018907846382265 -1.5192450889488587 6
    endloop
  endfacet
  facet normal 0 0 1
    outer loop
      vertex -0.612053375996081 -4.96239767299355 6
      vertex -0.6122934917841437 -1.478207252018059 6
      vertex -0.6483861024079838 -1.4627356091256491 6
    endloop
  endfacet
  facet normal 0 0 1
    outer loop
      vertex -0.612053375996081 -4.96239767299355 6
      vertex -0.5758320584559811 -1.4927884781355822 6
      vertex -0.6122934917841437 -1.478207252018059 6
    endloop
  endfacet
  facet normal 0 0 1
    outer loop
      vertex -0.612053375996081 -4.96239767299355 6
      vertex -0.5390237654275521 -1.5064705042928335 6
      vertex -0.5758320584559811 -1.4927884781355822 6
    endloop
  endfacet
  facet normal 0 0 1
    outer loop
      vertex -0.490085701647803 -4.975923633360985 6
      vertex -0.4267404119598375 -1.5420417052727038 6
      vertex -0.46445548360713973 -1.5311045371715342 6
    endloop
  endfacet
  facet normal 0 0 1
    outer loop
      vertex -0.36782281799833716 -4.986452283393451 6
      vertex -0.3887682878452222 -1.5520500051112704 6
      vertex -0.4267404119598375 -1.5420417052727038 6
    endloop
  endfacet
  facet normal 0 0 1
    outer loop
      vertex -0.36782281799833716 -4.986452283393451 6
      vertex -0.3505619842509917 -1.5611234080616458 6
      vertex -0.3887682878452222 -1.5520500051112704 6
    endloop
  endfacet
  facet normal 0 0 1
    outer loop
      vertex -0.36782281799833716 -4.986452283393451 6
      vertex -0.3121445152258052 -1.5692564486451688 6
      vertex -0.3505619842509917 -1.5611234080616458 6
    endloop
  endfacet
  facet normal 0 0 1
    outer loop
      vertex -0.24533837163709007 -4.993977281025862 6
      vertex -0.27353902201648195 -1.576444227822306 6
      vertex -0.3121445152258052 -1.5692564486451688 6
    endloop
  endfacet
  facet normal 0 0 1
    outer loop
      vertex -0.24533837163709007 -4.993977281025862 6
      vertex -0.2347687591285788 -1.5826824159436497 6
      vertex -0.27353902201648195 -1.576444227822306 6
    endloop
  endfacet
  facet normal 0 0 1
    outer loop
      vertex -0.24533837163709007 -4.993977281025862 6
      vertex -0.19585708031874594 -1.587967255357936 6
      vertex -0.2347687591285788 -1.5826824159436497 6
    endloop
  endfacet
  facet normal 0 0 1
    outer loop
      vertex -0.12270614261456145 -4.998494093481021 6
      vertex -0.15682742452729698 -1.592295562675515 6
      vertex -0.19585708031874594 -1.587967255357936 6
    endloop
  endfacet
  facet normal 0 0 1
    outer loop
      vertex -0.12270614261456145 -4.998494093481021 6
      vertex -0.11770330175946789 -1.5956647306859044 6
      vertex -0.15682742452729698 -1.592295562675515 6
    endloop
  endfacet
  facet normal 0 0 1
    outer loop
      vertex -0.12270614261456145 -4.998494093481021 6
      vertex -0.07850827892386883 -1.598072729928276 6
      vertex -0.11770330175946789 -1.5956647306859044 6
    endloop
  endfacet
  facet normal 0 0 1
    outer loop
      vertex 0 -5 6
      vertex -0.03926596563665966 -1.5995181099139268 6
      vertex -0.07850827892386883 -1.598072729928276 6
    endloop
  endfacet
  facet normal 0 0 1
    outer loop
      vertex 0 -5 6
      vertex 0 -1.6 6
      vertex -0.03926596563665966 -1.5995181099139268 6
    endloop
  endfacet
  facet normal 0 0 1
    outer loop
      vertex -2.3569836841299883 -4.409606321741776 6
      vertex -2.46449096114892 4.350434955543557 6
      vertex -2.46449096114892 -4.350434955543557 6
    endloop
  endfacet
  facet normal 0 0 1
    outer loop
      vertex -2.3569836841299883 -4.409606321741776 6
      vertex -2.248056648273033 -4.4661215059775765 6
      vertex -2.3569836841299883 4.409606321741776 6
    endloop
  endfacet
  facet normal 0 0 1
    outer loop
      vertex -2.248056648273033 -4.4661215059775765 6
      vertex -2.1377754671514104 -4.519946465617217 6
      vertex -2.248056648273033 4.4661215059775765 6
    endloop
  endfacet
  facet normal 0 0 1
    outer loop
      vertex -2.1377754671514104 -4.519946465617217 6
      vertex -2.026206570024949 -4.571048778517653 6
      vertex -2.1377754671514104 4.519946465617217 6
    endloop
  endfacet
  facet normal 0 0 1
    outer loop
      vertex -2.026206570024949 -4.571048778517653 6
      vertex -1.913417161825449 -4.619397662556434 6
      vertex -2.026206570024949 4.571048778517653 6
    endloop
  endfacet
  facet normal 0 0 1
    outer loop
      vertex -1.913417161825449 -4.619397662556434 6
      vertex -1.7994751826749409 -4.664963994173695 6
      vertex -1.913417161825449 4.619397662556434 6
    endloop
  endfacet
  facet normal 0 0 1
    outer loop
      vertex -1.333563787374492 -4.818880328977199 6
      vertex -1.3303513796840725 -0.8889123728313635 6
      vertex -1.3517657043995315 -0.8559961918193555 6
    endloop
  endfacet
  facet normal 0 0 1
    outer loop
      vertex -1.333563787374492 -4.818880328977199 6
      vertex -1.285132050369032 -0.9531188871878934 6
      vertex -1.308135701042534 -0.9212931062685525 6
    endloop
  endfacet
  facet normal 0 0 1
    outer loop
      vertex -1.333563787374492 -4.818880328977199 6
      vertex -1.308135701042534 -0.9212931062685525 6
      vertex -1.3303513796840725 -0.8889123728313635 6
    endloop
  endfacet
  facet normal 0 0 1
    outer loop
      vertex -1.2149008995163193 -4.8501562659727195 6
      vertex -1.2613542842025702 -0.984370544929003 6
      vertex -1.285132050369032 -0.9531188871878934 6
    endloop
  endfacet
  facet normal 0 0 1
    outer loop
      vertex -1.4514233862723116 -4.784701678661044 6
      vertex -1.4463828689975093 -0.6840881494884514 6
      vertex -1.4627356091256491 -0.6483861024079838 6
    endloop
  endfacet
  facet normal 0 0 1
    outer loop
      vertex -1.4514233862723116 -4.784701678661044 6
      vertex -1.4110740229573682 -0.7542347789215963 6
      vertex -1.4291588819128247 -0.7193781274473706 6
    endloop
  endfacet
  facet normal 0 0 1
    outer loop
      vertex -1.4514233862723116 -4.784701678661044 6
      vertex -1.3921391857739385 -0.7886371075676545 6
      vertex -1.4110740229573682 -0.7542347789215963 6
    endloop
  endfacet
  facet normal 0 0 1
    outer loop
      vertex -1.4514233862723116 -4.784701678661044 6
      vertex -1.4291588819128247 -0.7193781274473706 6
      vertex -1.4463828689975093 -0.6840881494884514 6
    endloop
  endfacet
  facet normal 0 0 1
    outer loop
      vertex -1.5684087019944575 -4.747640902965183 6
      vertex -1.5064705042928335 -0.5390237654275521 6
      vertex -1.5192450889488587 -0.5018907846382265 6
    endloop
  endfacet
  facet normal 0 0 1
    outer loop
      vertex -1.5684087019944575 -4.747640902965183 6
      vertex -1.5311045371715342 -0.46445548360713973 6
      vertex -1.5420417052727038 -0.4267404119598375 6
    endloop
  endfacet
  facet normal 0 0 1
    outer loop
      vertex -1.5684087019944575 -4.747640902965183 6
      vertex -1.5192450889488587 -0.5018907846382265 6
      vertex -1.5311045371715342 -0.46445548360713973 6
    endloop
  endfacet
  facet normal 0 0 1
    outer loop
      vertex -1.4514233862723116 -4.784701678661044 6
      vertex -1.4627356091256491 -0.6483861024079838 6
      vertex -1.478207252018059 -0.6122934917841437 6
    endloop
  endfacet
  facet normal 0 0 1
    outer loop
      vertex -1.4514233862723116 -4.784701678661044 6
      vertex -1.478207252018059 -0.6122934917841437 6
      vertex -1.4927884781355822 -0.5758320584559811 6
    endloop
  endfacet
  facet normal 0 0 1
    outer loop
      vertex -1.4514233862723116 -4.784701678661044 6
      vertex -1.4927884781355822 -0.5758320584559811 6
      vertex -1.5064705042928335 -0.5390237654275521 6
    endloop
  endfacet
  facet normal 0 0 1
    outer loop
      vertex -1.333563787374492 -4.818880328977199 6
      vertex -1.3517657043995315 -0.8559961918193555 6
      vertex -1.3723657760004353 -0.8225643907091549 6
    endloop
  endfacet
  facet normal 0 0 1
    outer loop
      vertex -1.333563787374492 -4.818880328977199 6
      vertex -1.3723657760004353 -0.8225643907091549 6
      vertex -1.3921391857739385 -0.7886371075676545 6
    endloop
  endfacet
  facet normal 0 0 1
    outer loop
      vertex -1.6844492669611002 -4.707720325915104 6
      vertex -1.7994751826749409 4.664963994173695 6
      vertex -1.7994751826749409 -4.664963994173695 6
    endloop
  endfacet
  facet normal 0 0 1
    outer loop
      vertex -1.5684087019944575 -4.747640902965183 6
      vertex -1.5611234080616458 -0.3505619842509917 6
      vertex -1.5692564486451688 -0.3121445152258052 6
    endloop
  endfacet
  facet normal 0 0 1
    outer loop
      vertex -1.5684087019944575 -4.747640902965183 6
      vertex -1.5692564486451688 -0.3121445152258052 6
      vertex -1.576444227822306 -0.27353902201648195 6
    endloop
  endfacet
  facet normal 0 0 1
    outer loop
      vertex -1.5684087019944575 -4.747640902965183 6
      vertex -1.576444227822306 -0.27353902201648195 6
      vertex -1.5826824159436497 -0.2347687591285788 6
    endloop
  endfacet
  facet normal 0 0 1
    outer loop
      vertex -1.5684087019944575 -4.747640902965183 6
      vertex -1.5826824159436497 -0.2347687591285788 6
      vertex -1.587967255357936 -0.19585708031874594 6
    endloop
  endfacet
  facet normal 0 0 1
    outer loop
      vertex -1.6844492669611002 -4.707720325915104 6
      vertex -1.5684087019944575 -4.747640902965183 6
      vertex -1.6844492669611002 4.707720325915104 6
    endloop
  endfacet
  facet normal 0 0 1
    outer loop
      vertex -1.5684087019944575 -4.747640902965183 6
      vertex -1.587967255357936 -0.19585708031874594 6
      vertex -1.592295562675515 -0.15682742452729698 6
    endloop
  endfacet
  facet normal 0 0 1
    outer loop
      vertex -1.5684087019944575 -4.747640902965183 6
      vertex -1.592295562675515 -0.15682742452729698 6
      vertex -1.5956647306859044 -0.11770330175946789 6
    endloop
  endfacet
  facet normal 0 0 1
    outer loop
      vertex -1.5684087019944575 -4.747640902965183 6
      vertex -1.5956647306859044 -0.11770330175946789 6
      vertex -1.598072729928276 -0.07850827892386883 6
    endloop
  endfacet
  facet normal 0 0 1
    outer loop
      vertex -1.5684087019944575 -4.747640902965183 6
      vertex -1.598072729928276 -0.07850827892386883 6
      vertex -1.5995181099139268 -0.03926596563665966 6
    endloop
  endfacet
  facet normal 0 0 1
    outer loop
      vertex -1.5684087019944575 -4.747640902965183 6
      vertex -1.5995181099139268 -0.03926596563665966 6
      vertex -1.6 0 6
    endloop
  endfacet
  facet normal 0 0 1
    outer loop
      vertex -1.5684087019944575 -4.747640902965183 6
      vertex -1.5420417052727038 -0.4267404119598375 6
      vertex -1.5520500051112704 -0.3887682878452222 6
    endloop
  endfacet
  facet normal 0 0 1
    outer loop
      vertex -1.5684087019944575 -4.747640902965183 6
      vertex -1.5520500051112704 -0.3887682878452222 6
      vertex -1.5611234080616458 -0.3505619842509917 6
    endloop
  endfacet
  facet normal 0 0 1
    outer loop
      vertex -1.5684087019944575 -4.747640902965183 6
      vertex -1.6 0 6
      vertex -1.6844492669611002 4.707720325915104 6
    endloop
  endfacet
  facet normal 0 0 1
    outer loop
      vertex -1.095506200784349 -4.878510650192643 6
      vertex -1.103264871579307 -1.1587953327223472 6
      vertex -1.1313708498984762 -1.1313708498984762 6
    endloop
  endfacet
  facet normal 0 0 1
    outer loop
      vertex -1.095506200784349 -4.878510650192643 6
      vertex -1.1313708498984762 -1.1313708498984762 6
      vertex -1.1587953327223472 -1.103264871579307 6
    endloop
  endfacet
  facet normal 0 0 1
    outer loop
      vertex -1.2149008995163193 -4.8501562659727195 6
      vertex -1.2368167253803792 -1.015029254661833 6
      vertex -1.2613542842025702 -0.984370544929003 6
    endloop
  endfacet
  facet normal 0 0 1
    outer loop
      vertex -1.2149008995163193 -4.8501562659727195 6
      vertex -1.2115341544103755 -1.045076548726043 6
      vertex -1.2368167253803792 -1.015029254661833 6
    endloop
  endfacet
  facet normal 0 0 1
    outer loop
      vertex -1.2149008995163193 -4.8501562659727195 6
      vertex -1.1855218005679347 -1.0744943277552295 6
      vertex -1.2115341544103755 -1.045076548726043 6
    endloop
  endfacet
  facet normal 0 0 1
    outer loop
      vertex -1.2149008995163193 -4.8501562659727195 6
      vertex -1.1587953327223472 -1.103264871579307 6
      vertex -1.1855218005679347 -1.0744943277552295 6
    endloop
  endfacet
  facet normal 0 0 1
    outer loop
      vertex -1.095506200784349 -4.878510650192643 6
      vertex -1.045076548726043 -1.2115341544103755 6
      vertex -1.0744943277552295 -1.1855218005679347 6
    endloop
  endfacet
  facet normal 0 0 1
    outer loop
      vertex -1.095506200784349 -4.878510650192643 6
      vertex -1.0744943277552295 -1.1855218005679347 6
      vertex -1.103264871579307 -1.1587953327223472 6
    endloop
  endfacet
  facet normal 0 0 1
    outer loop
      vertex -0.9754516100806412 -4.903926402016152 6
      vertex -0.984370544929003 -1.2613542842025702 6
      vertex -1.015029254661833 -1.2368167253803792 6
    endloop
  endfacet
  facet normal 0 0 1
    outer loop
      vertex -0.9754516100806412 -4.903926402016152 6
      vertex -1.015029254661833 -1.2368167253803792 6
      vertex -1.045076548726043 -1.2115341544103755 6
    endloop
  endfacet
  facet normal 0 0 1
    outer loop
      vertex -0.9754516100806412 -4.903926402016152 6
      vertex -0.9531188871878934 -1.285132050369032 6
      vertex -0.984370544929003 -1.2613542842025702 6
    endloop
  endfacet
  facet normal 0 0 1
    outer loop
      vertex -0.9754516100806412 -4.903926402016152 6
      vertex -0.9212931062685525 -1.308135701042534 6
      vertex -0.9531188871878934 -1.285132050369032 6
    endloop
  endfacet
  facet normal 0 0 -1
    outer loop
      vertex -4.998494093481021 -0.12270614261456145 0
      vertex -5 0 0
      vertex -4.998494093481021 0.12270614261456145 0
    endloop
  endfacet
  facet normal 0 0 -1
    outer loop
      vertex -4.998494093481021 -0.12270614261456145 0
      vertex -4.998494093481021 0.12270614261456145 0
      vertex -4.993977281025862 0.24533837163709007 0
    endloop
  endfacet
  facet normal 0 0 -1
    outer loop
      vertex -4.993977281025862 -0.24533837163709007 0
      vertex -4.993977281025862 0.24533837163709007 0
      vertex -4.986452283393451 0.36782281799833716 0
    endloop
  endfacet
  facet normal 0 0 -1
    outer loop
      vertex -4.986452283393451 -0.36782281799833716 0
      vertex -4.986452283393451 0.36782281799833716 0
      vertex -4.975923633360985 0.490085701647803 0
    endloop
  endfacet
  facet normal 0 0 -1
    outer loop
      vertex -4.975923633360985 -0.490085701647803 0
      vertex -4.975923633360985 0.490085701647803 0
      vertex -4.96239767299355 0.612053375996081 0
    endloop
  endfacet
  facet normal 0 0 -1
    outer loop
      vertex -4.96239767299355 -0.612053375996081 0
      vertex -4.96239767299355 0.612053375996081 0
      vertex -4.945882549823905 0.7336523722768087 0
    endloop
  endfacet
  facet normal 0 0 -1
    outer loop
      vertex -4.945882549823905 -0.7336523722768087 0
      vertex -4.945882549823905 0.7336523722768087 0
      vertex -4.926388211944706 0.8548094438015061 0
    endloop
  endfacet
  facet normal 0 0 -1
    outer loop
      vertex -4.926388211944706 -0.8548094438015061 0
      vertex -4.926388211944706 0.8548094438015061 0
      vertex -4.903926402016152 0.9754516100806412 0
    endloop
  endfacet
  facet normal 0 0 -1
    outer loop
      vertex -4.903926402016152 -0.9754516100806412 0
      vertex -4.903926402016152 0.9754516100806412 0
      vertex -4.878510650192643 1.095506200784349 0
    endloop
  endfacet
  facet normal 0 0 -1
    outer loop
      vertex -4.878510650192643 -1.095506200784349 0
      vertex -4.878510650192643 1.095506200784349 0
      vertex -4.8501562659727195 1.2149008995163193 0
    endloop
  endfacet
  facet normal 0 0 -1
    outer loop
      vertex -4.8501562659727195 -1.2149008995163193 0
      vertex -4.8501562659727195 1.2149008995163193 0
      vertex -4.818880328977199 1.333563787374492 0
    endloop
  endfacet
  facet normal 0 0 -1
    outer loop
      vertex -4.818880328977199 -1.333563787374492 0
      vertex -4.818880328977199 1.333563787374492 0
      vertex -4.784701678661044 1.4514233862723116 0
    endloop
  endfacet
  facet normal 0 0 -1
    outer loop
      vertex -4.784701678661044 -1.4514233862723116 0
      vertex -4.784701678661044 1.4514233862723116 0
      vertex -4.747640902965183 1.5684087019944575 0
    endloop
  endfacet
  facet normal 0 0 -1
    outer loop
      vertex -4.747640902965183 -1.5684087019944575 0
      vertex -4.747640902965183 1.5684087019944575 0
      vertex -4.707720325915104 1.6844492669611002 0
    endloop
  endfacet
  facet normal 0 0 -1
    outer loop
      vertex -4.707720325915104 -1.6844492669611002 0
      vertex -4.707720325915104 1.6844492669611002 0
      vertex -4.664963994173695 1.7994751826749409 0
    endloop
  endfacet
  facet normal 0 0 -1
    outer loop
      vertex -4.664963994173695 -1.7994751826749409 0
      vertex -4.664963994173695 1.7994751826749409 0
      vertex -4.619397662556434 1.913417161825449 0
    endloop
  endfacet
  facet normal 0 0 -1
    outer loop
      vertex -4.619397662556434 -1.913417161825449 0
      vertex -4.619397662556434 1.913417161825449 0
      vertex -4.571048778517653 2.026206570024949 0
    endloop
  endfacet
  facet normal 0 0 -1
    outer loop
      vertex -4.571048778517653 -2.026206570024949 0
      vertex -4.571048778517653 2.026206570024949 0
      vertex -4.519946465617217 2.1377754671514104 0
    endloop
  endfacet
  facet normal 0 0 -1
    outer loop
      vertex -4.519946465617217 -2.1377754671514104 0
      vertex -4.519946465617217 2.1377754671514104 0
      vertex -4.4661215059775765 2.248056648273033 0
    endloop
  endfacet
  facet normal 0 0 -1
    outer loop
      vertex -4.4661215059775765 -2.248056648273033 0
      vertex -4.4661215059775765 2.248056648273033 0
      vertex -4.409606321741776 2.3569836841299883 0
    endloop
  endfacet
  facet normal 0 0 -1
    outer loop
      vertex -4.409606321741776 -2.3569836841299883 0
      vertex -4.409606321741776 2.3569836841299883 0
      vertex -4.350434955543557 2.46449096114892 0
    endloop
  endfacet
  facet normal 0 0 -1
    outer loop
      vertex -4.350434955543557 -2.46449096114892 0
      vertex -4.350434955543557 2.46449096114892 0
      vertex -4.28864305000136 2.570513720966109 0
    endloop
  endfacet
  facet normal 0 0 -1
    outer loop
      vertex -4.28864305000136 -2.570513720966109 0
      vertex -4.28864305000136 2.570513720966109 0
      vertex -4.224267826248536 2.6749880994354855 0
    endloop
  endfacet
  facet normal 0 0 -1
    outer loop
      vertex -4.224267826248536 -2.6749880994354855 0
      vertex -4.224267826248536 2.6749880994354855 0
      vertex -4.157348061512726 2.777851165098011 0
    endloop
  endfacet
  facet normal 0 0 -1
    outer loop
      vertex -4.157348061512726 -2.777851165098011 0
      vertex -4.157348061512726 2.777851165098011 0
      vertex -4.087924065757918 2.879040957089227 0
    endloop
  endfacet
  facet normal 0 0 -1
    outer loop
      vertex -4.087924065757918 -2.879040957089227 0
      vertex -4.087924065757918 2.879040957089227 0
      vertex -4.016037657403225 2.9784965224621667 0
    endloop
  endfacet
  facet normal 0 0 -1
    outer loop
      vertex -4.016037657403225 -2.9784965224621667 0
      vertex -4.016037657403225 2.9784965224621667 0
      vertex -3.9417321381330317 3.076157952903134 0
    endloop
  endfacet
  facet normal 0 0 -1
    outer loop
      vertex -3.9417321381330317 -3.076157952903134 0
      vertex -3.9417321381330317 3.076157952903134 0
      vertex -3.865052266813685 3.1719664208182277 0
    endloop
  endfacet
  facet normal 0 0 -1
    outer loop
      vertex -3.865052266813685 -3.1719664208182277 0
      vertex -3.865052266813685 3.1719664208182277 0
      vertex -3.786044232532423 3.2658642147688837 0
    endloop
  endfacet
  facet normal 0 0 -1
    outer loop
      vertex -3.786044232532423 -3.2658642147688837 0
      vertex -3.786044232532423 3.2658642147688837 0
      vertex -3.7047556267747956 3.357794774235092 0
    endloop
  endfacet
  facet normal 0 0 -1
    outer loop
      vertex -3.7047556267747956 -3.357794774235092 0
      vertex -3.7047556267747956 3.357794774235092 0
      vertex -3.621235414757335 3.4477027236853344 0
    endloop
  endfacet
  facet normal 0 0 -1
    outer loop
      vertex -3.621235414757335 -3.4477027236853344 0
      vertex -3.621235414757335 3.4477027236853344 0
      vertex -3.5355339059327378 3.5355339059327378 0
    endloop
  endfacet
  facet normal 0 0 -1
    outer loop
      vertex -3.5355339059327378 -3.5355339059327378 0
      vertex -3.5355339059327378 3.5355339059327378 0
      vertex -3.4477027236853344 3.621235414757335 0
    endloop
  endfacet
  facet normal 0 0 -1
    outer loop
      vertex -3.4477027236853344 -3.621235414757335 0
      vertex -3.4477027236853344 3.621235414757335 0
      vertex -3.357794774235092 3.7047556267747956 0
    endloop
  endfacet
  facet normal 0 0 -1
    outer loop
      vertex -3.357794774235092 -3.7047556267747956 0
      vertex -3.357794774235092 3.7047556267747956 0
      vertex -3.2658642147688837 3.786044232532423 0
    endloop
  endfacet
  facet normal 0 0 -1
    outer loop
      vertex -3.2658642147688837 -3.786044232532423 0
      vertex -3.2658642147688837 3.786044232532423 0
      vertex -3.1719664208182277 3.865052266813685 0
    endloop
  endfacet
  facet normal 0 0 -1
    outer loop
      vertex -3.1719664208182277 -3.865052266813685 0
      vertex -3.1719664208182277 3.865052266813685 0
      vertex -3.076157952903134 3.9417321381330317 0
    endloop
  endfacet
  facet normal 0 0 -1
    outer loop
      vertex -3.076157952903134 -3.9417321381330317 0
      vertex -3.076157952903134 3.9417321381330317 0
      vertex -2.9784965224621667 4.016037657403225 0
    endloop
  endfacet
  facet normal 0 0 -1
    outer loop
      vertex -2.9784965224621667 -4.016037657403225 0
      vertex -2.9784965224621667 4.016037657403225 0
      vertex -2.879040957089227 4.087924065757918 0
    endloop
  endfacet
  facet normal 0 0 -1
    outer loop
      vertex -2.879040957089227 -4.087924065757918 0
      vertex -2.879040957089227 4.087924065757918 0
      vertex -2.777851165098011 4.157348061512726 0
    endloop
  endfacet
  facet normal 0 0 -1
    outer loop
      vertex -2.777851165098011 -4.157348061512726 0
      vertex -2.777851165098011 4.157348061512726 0
      vertex -2.6749880994354855 4.224267826248536 0
    endloop
  endfacet
  facet normal 0 0 -1
    outer loop
      vertex -2.6749880994354855 -4.224267826248536 0
      vertex -2.6749880994354855 4.224267826248536 0
      vertex -2.570513720966109 4.28864305000136 0
    endloop
  endfacet
  facet normal 0 0 -1
    outer loop
      vertex -2.570513720966109 -4.28864305000136 0
      vertex -2.570513720966109 4.28864305000136 0
      vertex -2.46449096114892 4.350434955543557 0
    endloop
  endfacet
  facet normal -0.9999247018391445 0.012271538285719615 0
    outer loop
      vertex -5 0 0
      vertex -4.998494093481021 0.12270614261456145 6
      vertex -4.998494093481021 0.12270614261456145 0
    endloop
  endfacet
  facet normal -0.9993223845883497 0.03680722294135684 0
    outer loop
      vertex -4.998494093481021 0.12270614261456145 0
      vertex -4.993977281025862 0.24533837163709007 6
      vertex -4.993977281025862 0.24533837163709007 0
    endloop
  endfacet
  facet normal -0.9981181129001488 0.06132073630221303 0
    outer loop
      vertex -4.993977281025862 0.24533837163709007 0
      vertex -4.986452283393451 0.36782281799833716 6
      vertex -4.986452283393451 0.36782281799833716 0
    endloop
  endfacet
  facet normal -0.9963126121827786 0.08579731234443423 0
    outer loop
      vertex -4.986452283393451 0.36782281799833716 0
      vertex -4.975923633360985 0.490085701647803 6
      vertex -4.975923633360985 0.490085701647803 0
    endloop
  endfacet
  facet normal -0.9939069700023555 0.1102222072938869 0
    outer loop
      vertex -4.975923633360985 0.490085701647803 0
      vertex -4.96239767299355 0.612053375996081 6
      vertex -4.96239767299355 0.612053375996081 0
    endloop
  endfacet
  facet normal -0.9909026354277799 0.13458070850712694 0
    outer loop
      vertex -4.96239767299355 0.612053375996081 0
      vertex -4.945882549823905 0.7336523722768087 6
      vertex -4.945882549823905 0.7336523722768087 0
    endloop
  endfacet
  facet normal -0.9873014181578589 0.15885814333385861 0
    outer loop
      vertex -4.945882549823905 0.7336523722768087 0
      vertex -4.926388211944706 0.8548094438015061 6
      vertex -4.926388211944706 0.8548094438015061 0
    endloop
  endfacet
  facet normal -0.9831054874312157 0.18303988795514362 0
    outer loop
      vertex -4.926388211944706 0.8548094438015061 0
      vertex -4.903926402016152 0.9754516100806412 6
      vertex -4.903926402016152 0.9754516100806412 0
    endloop
  endfacet
  facet normal -0.9783173707196285 0.20711137619221393 0
    outer loop
      vertex -4.903926402016152 0.9754516100806412 0
      vertex -4.878510650192643 1.095506200784349 6
      vertex -4.878510650192643 1.095506200784349 0
    endloop
  endfacet
  facet normal -0.9729399522055585 0.2310581082806783 0
    outer loop
      vertex -4.878510650192643 1.095506200784349 0
      vertex -4.8501562659727195 1.2149008995163193 6
      vertex -4.8501562659727195 1.2149008995163193 0
    endloop
  endfacet
  facet normal -0.966976471044853 0.25486565960451085 0
    outer loop
      vertex -4.8501562659727195 1.2149008995163193 0
      vertex -4.818880328977199 1.333563787374492 6
      vertex -4.818880328977199 1.333563787374492 0
    endloop
  endfacet
  facet normal -0.9604305194155647 0.278519689385057 0
    outer loop
      vertex -4.818880328977199 1.333563787374492 0
      vertex -4.784701678661044 1.4514233862723116 6
      vertex -4.784701678661044 1.4514233862723116 0
    endloop
  endfacet
  facet normal -0.9533060403541945 0.3020059493192255 0
    outer loop
      vertex -4.784701678661044 1.4514233862723116 0
      vertex -4.747640902965183 1.5684087019944575 6
      vertex -4.747640902965183 1.5684087019944575 0
    endloop
  endfacet
  facet normal -0.9456073253805217 0.32531029216226176 0
    outer loop
      vertex -4.747640902965183 1.5684087019944575 0
      vertex -4.707720325915104 1.6844492669611002 6
      vertex -4.707720325915104 1.6844492669611002 0
    endloop
  endfacet
  facet normal -0.9373390119125757 0.34841868024943257 0
    outer loop
      vertex -4.707720325915104 1.6844492669611002 0
      vertex -4.664963994173695 1.7994751826749409 6
      vertex -4.664963994173695 1.7994751826749409 0
    endloop
  endfacet
  facet normal -0.9285060804732153 0.3713171939518384 0
    outer loop
      vertex -4.664963994173695 1.7994751826749409 0
      vertex -4.619397662556434 1.913417161825449 6
      vertex -4.619397662556434 1.913417161825449 0
    endloop
  endfacet
  facet normal -0.9191138516900569 0.3939920400610501 0
    outer loop
      vertex -4.619397662556434 1.913417161825449 0
      vertex -4.571048778517653 2.026206570024949 6
      vertex -4.571048778517653 2.026206570024949 0
    endloop
  endfacet
  facet normal -0.9091679830905232 0.4164295600976356 0
    outer loop
      vertex -4.571048778517653 2.026206570024949 0
      vertex -4.519946465617217 2.1377754671514104 6
      vertex -4.519946465617217 2.1377754671514104 0
    endloop
  endfacet
  facet normal -0.8986744656939534 0.43861623853852877 0
    outer loop
      vertex -4.519946465617217 2.1377754671514104 0
      vertex -4.4661215059775765 2.248056648273033 6
      vertex -4.4661215059775765 2.248056648273033 0
    endloop
  endfacet
  facet normal -0.8876396204028556 0.4605387109582369 0
    outer loop
      vertex -4.4661215059775765 2.248056648273033 0
      vertex -4.409606321741776 2.3569836841299883 6
      vertex -4.409606321741776 2.3569836841299883 0
    endloop
  endfacet
  facet normal -0.8760700941954048 0.48218377207912594 0
    outer loop
      vertex -4.409606321741776 2.3569836841299883 0
      vertex -4.350434955543557 2.46449096114892 6
      vertex -4.350434955543557 2.46449096114892 0
    endloop
  endfacet
  facet normal -0.8639728561215865 0.5035383837257181 0
    outer loop
      vertex -4.350434955543557 2.46449096114892 0
      vertex -4.28864305000136 2.570513720966109 6
      vertex -4.28864305000136 2.570513720966109 0
    endloop
  endfacet
  facet normal -0.8513551931052653 0.5245896826784686 0
    outer loop
      vertex -4.28864305000136 2.570513720966109 0
      vertex -4.224267826248536 2.6749880994354855 6
      vertex -4.224267826248536 2.6749880994354855 0
    endloop
  endfacet
  facet normal -0.8382247055548383 0.545324988422046 0
    outer loop
      vertex -4.224267826248536 2.6749880994354855 0
      vertex -4.157348061512726 2.777851165098011 6
      vertex -4.157348061512726 2.777851165098011 0
    endloop
  endfacet
  facet normal -0.8245893027850258 0.5657318107836126 0
    outer loop
      vertex -4.157348061512726 2.777851165098011 0
      vertex -4.087924065757918 2.879040957089227 6
      vertex -4.087924065757918 2.879040957089227 0
    endloop
  endfacet
  facet normal -0.8104571982525963 0.5857978574564366 0
    outer loop
      vertex -4.087924065757918 2.879040957089227 0
      vertex -4.016037657403225 2.9784965224621667 6
      vertex -4.016037657403225 2.9784965224621667 0
    endloop
  endfacet
  facet normal -0.7958369046088826 0.6055110414043269 0
    outer loop
      vertex -4.016037657403225 2.9784965224621667 0
      vertex -3.9417321381330317 3.076157952903134 6
      vertex -3.9417321381330317 3.076157952903134 0
    endloop
  endfacet
  facet normal -0.7807372285720945 0.6248594881423863 0
    outer loop
      vertex -3.9417321381330317 3.076157952903134 0
      vertex -3.865052266813685 3.1719664208182277 6
      vertex -3.865052266813685 3.1719664208182277 0
    endloop
  endfacet
  facet normal -0.765167265622459 0.6438315428897915 0
    outer loop
      vertex -3.865052266813685 3.1719664208182277 0
      vertex -3.786044232532423 3.2658642147688837 6
      vertex -3.786044232532423 3.2658642147688837 0
    endloop
  endfacet
  facet normal -0.7491363945234601 0.662415777590171 0
    outer loop
      vertex -3.786044232532423 3.2658642147688837 0
      vertex -3.7047556267747956 3.357794774235092 6
      vertex -3.7047556267747956 3.357794774235092 0
    endloop
  endfacet
  facet normal -0.7326542716724125 0.6806009977954534 0
    outer loop
      vertex -3.7047556267747956 3.357794774235092 0
      vertex -3.621235414757335 3.4477027236853344 6
      vertex -3.621235414757335 3.4477027236853344 0
    endloop
  endfacet
  facet normal -0.7157308252838186 0.6983762494089729 0
    outer loop
      vertex -3.621235414757335 3.4477027236853344 0
      vertex -3.5355339059327378 3.5355339059327378 6
      vertex -3.5355339059327378 3.5355339059327378 0
    endloop
  endfacet
  facet normal -0.6983762494089729 0.7157308252838186 0
    outer loop
      vertex -3.5355339059327378 3.5355339059327378 0
      vertex -3.5355339059327378 3.5355339059327378 6
      vertex -3.4477027236853344 3.621235414757335 0
    endloop
  endfacet
  facet normal -0.6806009977954534 0.7326542716724125 0
    outer loop
      vertex -3.4477027236853344 3.621235414757335 0
      vertex -3.4477027236853344 3.621235414757335 6
      vertex -3.357794774235092 3.7047556267747956 0
    endloop
  endfacet
  facet normal -0.662415777590171 0.7491363945234601 0
    outer loop
      vertex -3.357794774235092 3.7047556267747956 0
      vertex -3.357794774235092 3.7047556267747956 6
      vertex -3.2658642147688837 3.786044232532423 0
    endloop
  endfacet
  facet normal -0.6438315428897915 0.765167265622459 0
    outer loop
      vertex -3.2658642147688837 3.786044232532423 0
      vertex -3.2658642147688837 3.786044232532423 6
      vertex -3.1719664208182277 3.865052266813685 0
    endloop
  endfacet
  facet normal -0.6248594881423863 0.7807372285720945 0
    outer loop
      vertex -3.1719664208182277 3.865052266813685 0
      vertex -3.1719664208182277 3.865052266813685 6
      vertex -3.076157952903134 3.9417321381330317 0
    endloop
  endfacet
  facet normal -0.6055110414043269 0.7958369046088826 0
    outer loop
      vertex -3.076157952903134 3.9417321381330317 0
      vertex -3.076157952903134 3.9417321381330317 6
      vertex -2.9784965224621667 4.016037657403225 0
    endloop
  endfacet
  facet normal -0.5857978574564366 0.8104571982525963 0
    outer loop
      vertex -2.9784965224621667 4.016037657403225 0
      vertex -2.9784965224621667 4.016037657403225 6
      vertex -2.879040957089227 4.087924065757918 0
    endloop
  endfacet
  facet normal -0.5657318107836126 0.8245893027850258 0
    outer loop
      vertex -2.879040957089227 4.087924065757918 0
      vertex -2.879040957089227 4.087924065757918 6
      vertex -2.777851165098011 4.157348061512726 0
    endloop
  endfacet
  facet normal -0.545324988422046 0.8382247055548383 0
    outer loop
      vertex -2.777851165098011 4.157348061512726 0
      vertex -2.777851165098011 4.157348061512726 6
      vertex -2.6749880994354855 4.224267826248536 0
    endloop
  endfacet
  facet normal -0.5245896826784686 0.8513551931052653 0
    outer loop
      vertex -2.6749880994354855 4.224267826248536 0
      vertex -2.6749880994354855 4.224267826248536 6
      vertex -2.570513720966109 4.28864305000136 0
    endloop
  endfacet
  facet normal -0.5035383837257181 0.8639728561215865 0
    outer loop
      vertex -2.570513720966109 4.28864305000136 0
      vertex -2.570513720966109 4.28864305000136 6
      vertex -2.46449096114892 4.350434955543557 0
    endloop
  endfacet
  facet normal 0 0 -1
    outer loop
      vertex -2.46449096114892 -4.350434955543557 0
      vertex -2.46449096114892 4.350434955543557 0
      vertex -2.3569836841299883 4.409606321741776 0
    endloop
  endfacet
  facet normal 0 0 -1
    outer loop
      vertex -2.3569836841299883 -4.409606321741776 0
      vertex -2.3569836841299883 4.409606321741776 0
      vertex -2.248056648273033 4.4661215059775765 0
    endloop
  endfacet
  facet normal 0 0 -1
    outer loop
      vertex -2.248056648273033 -4.4661215059775765 0
      vertex -2.248056648273033 4.4661215059775765 0
      vertex -2.1377754671514104 4.519946465617217 0
    endloop
  endfacet
  facet normal 0 0 -1
    outer loop
      vertex -2.1377754671514104 -4.519946465617217 0
      vertex -2.1377754671514104 4.519946465617217 0
      vertex -2.026206570024949 4.571048778517653 0
    endloop
  endfacet
  facet normal 0 0 -1
    outer loop
      vertex -2.026206570024949 -4.571048778517653 0
      vertex -2.026206570024949 4.571048778517653 0
      vertex -1.913417161825449 4.619397662556434 0
    endloop
  endfacet
  facet normal 0 0 -1
    outer loop
      vertex -1.913417161825449 -4.619397662556434 0
      vertex -1.913417161825449 4.619397662556434 0
      vertex -1.7994751826749409 4.664963994173695 0
    endloop
  endfacet
  facet normal 0 0 -1
    outer loop
      vertex -1.7994751826749409 -4.664963994173695 0
      vertex -1.7994751826749409 4.664963994173695 0
      vertex -1.6844492669611002 4.707720325915104 0
    endloop
  endfacet
  facet normal 0 0 -1
    outer loop
      vertex -1.6844492669611002 -4.707720325915104 0
      vertex -1.6844492669611002 4.707720325915104 0
      vertex -1.5684087019944575 4.747640902965183 0
    endloop
  endfacet
  facet normal 0 0 -1
    outer loop
      vertex -1.5684087019944575 -4.747640902965183 0
      vertex -1.5684087019944575 4.747640902965183 0
      vertex -1.4514233862723116 4.784701678661044 0
    endloop
  endfacet
  facet normal 0 0 -1
    outer loop
      vertex -1.4514233862723116 -4.784701678661044 0
      vertex -1.4514233862723116 4.784701678661044 0
      vertex -1.333563787374492 4.818880328977199 0
    endloop
  endfacet
  facet normal 0 0 -1
    outer loop
      vertex -1.333563787374492 -4.818880328977199 0
      vertex -1.333563787374492 4.818880328977199 0
      vertex -1.2149008995163193 4.8501562659727195 0
    endloop
  endfacet
  facet normal 0 0 -1
    outer loop
      vertex -1.2149008995163193 -4.8501562659727195 0
      vertex -1.2149008995163193 4.8501562659727195 0
      vertex -1.095506200784349 4.878510650192643 0
    endloop
  endfacet
  facet normal 0 0 -1
    outer loop
      vertex -1.095506200784349 -4.878510650192643 0
      vertex -1.095506200784349 4.878510650192643 0
      vertex -0.9754516100806412 4.903926402016152 0
    endloop
  endfacet
  facet normal 0 0 -1
    outer loop
      vertex -0.9754516100806412 -4.903926402016152 0
      vertex -0.9754516100806412 4.903926402016152 0
      vertex -0.8548094438015061 4.926388211944706 0
    endloop
  endfacet
  facet normal 0 0 -1
    outer loop
      vertex -0.8548094438015061 -4.926388211944706 0
      vertex -0.8548094438015061 4.926388211944706 0
      vertex -0.7336523722768087 4.945882549823905 0
    endloop
  endfacet
  facet normal 0 0 -1
    outer loop
      vertex -0.7336523722768087 -4.945882549823905 0
      vertex -0.7336523722768087 4.945882549823905 0
      vertex -0.612053375996081 4.96239767299355 0
    endloop
  endfacet
  facet normal 0 0 -1
    outer loop
      vertex -0.612053375996081 -4.96239767299355 0
      vertex -0.612053375996081 4.96239767299355 0
      vertex -0.490085701647803 4.975923633360985 0
    endloop
  endfacet
  facet normal 0 0 -1
    outer loop
      vertex -0.490085701647803 -4.975923633360985 0
      vertex -0.490085701647803 4.975923633360985 0
      vertex -0.36782281799833716 4.986452283393451 0
    endloop
  endfacet
  facet normal 0 0 -1
    outer loop
      vertex -0.36782281799833716 -4.986452283393451 0
      vertex -0.36782281799833716 4.986452283393451 0
      vertex -0.24533837163709007 4.993977281025862 0
    endloop
  endfacet
  facet normal 0 0 -1
    outer loop
      vertex -0.24533837163709007 -4.993977281025862 0
      vertex -0.24533837163709007 4.993977281025862 0
      vertex -0.12270614261456145 4.998494093481021 0
    endloop
  endfacet
  facet normal 0 0 -1
    outer loop
      vertex -0.12270614261456145 -4.998494093481021 0
      vertex -0.12270614261456145 4.998494093481021 0
      vertex 0 5 0
    endloop
  endfacet
  facet normal -0.48218377207912594 0.8760700941954048 0
    outer loop
      vertex -2.46449096114892 4.350434955543557 0
      vertex -2.46449096114892 4.350434955543557 6
      vertex -2.3569836841299883 4.409606321741776 0
    endloop
  endfacet
  facet normal -0.4605387109582369 0.8876396204028556 0
    outer loop
      vertex -2.3569836841299883 4.409606321741776 0
      vertex -2.3569836841299883 4.409606321741776 6
      vertex -2.248056648273033 4.4661215059775765 0
    endloop
  endfacet
  facet normal -0.43861623853852877 0.8986744656939534 0
    outer loop
      vertex -2.248056648273033 4.4661215059775765 0
      vertex -2.248056648273033 4.4661215059775765 6
      vertex -2.1377754671514104 4.519946465617217 0
    endloop
  endfacet
  facet normal -0.4164295600976356 0.9091679830905232 0
    outer loop
      vertex -2.1377754671514104 4.519946465617217 0
      vertex -2.1377754671514104 4.519946465617217 6
      vertex -2.026206570024949 4.571048778517653 0
    endloop
  endfacet
  facet normal -0.3939920400610501 0.9191138516900569 0
    outer loop
      vertex -2.026206570024949 4.571048778517653 0
      vertex -2.026206570024949 4.571048778517653 6
      vertex -1.913417161825449 4.619397662556434 0
    endloop
  endfacet
  facet normal -0.3713171939518384 0.9285060804732153 0
    outer loop
      vertex -1.913417161825449 4.619397662556434 0
      vertex -1.913417161825449 4.619397662556434 6
      vertex -1.7994751826749409 4.664963994173695 0
    endloop
  endfacet
  facet normal -0.34841868024943257 0.9373390119125757 0
    outer loop
      vertex -1.7994751826749409 4.664963994173695 0
      vertex -1.7994751826749409 4.664963994173695 6
      vertex -1.6844492669611002 4.707720325915104 0
    endloop
  endfacet
  facet normal -0.32531029216226176 0.9456073253805217 0
    outer loop
      vertex -1.6844492669611002 4.707720325915104 0
      vertex -1.6844492669611002 4.707720325915104 6
      vertex -1.5684087019944575 4.747640902965183 0
    endloop
  endfacet
  facet normal -0.3020059493192255 0.9533060403541945 0
    outer loop
      vertex -1.5684087019944575 4.747640902965183 0
      vertex -1.5684087019944575 4.747640902965183 6
      vertex -1.4514233862723116 4.784701678661044 0
    endloop
  endfacet
  facet normal -0.278519689385057 0.9604305194155647 0
    outer loop
      vertex -1.4514233862723116 4.784701678661044 0
      vertex -1.4514233862723116 4.784701678661044 6
      vertex -1.333563787374492 4.818880328977199 0
    endloop
  endfacet
  facet normal -0.25486565960451085 0.966976471044853 0
    outer loop
      vertex -1.333563787374492 4.818880328977199 0
      vertex -1.333563787374492 4.818880328977199 6
      vertex -1.2149008995163193 4.8501562659727195 0
    endloop
  endfacet
  facet normal -0.2310581082806783 0.9729399522055585 0
    outer loop
      vertex -1.2149008995163193 4.8501562659727195 0
      vertex -1.2149008995163193 4.8501562659727195 6
      vertex -1.095506200784349 4.878510650192643 0
    endloop
  endfacet
  facet normal -0.20711137619221393 0.9783173707196285 0
    outer loop
      vertex -1.095506200784349 4.878510650192643 0
      vertex -1.095506200784349 4.878510650192643 6
      vertex -0.9754516100806412 4.903926402016152 0
    endloop
  endfacet
  facet normal -0.18303988795514362 0.9831054874312157 0
    outer loop
      vertex -0.9754516100806412 4.903926402016152 0
      vertex -0.9754516100806412 4.903926402016152 6
      vertex -0.8548094438015061 4.926388211944706 0
    endloop
  endfacet
  facet normal -0.15885814333385861 0.9873014181578589 0
    outer loop
      vertex -0.8548094438015061 4.926388211944706 0
      vertex -0.8548094438015061 4.926388211944706 6
      vertex -0.7336523722768087 4.945882549823905 0
    endloop
  endfacet
  facet normal -0.13458070850712694 0.9909026354277799 0
    outer loop
      vertex -0.7336523722768087 4.945882549823905 0
      vertex -0.7336523722768087 4.945882549823905 6
      vertex -0.612053375996081 4.96239767299355 0
    endloop
  endfacet
  facet normal -0.1102222072938869 0.9939069700023555 0
    outer loop
      vertex -0.612053375996081 4.96239767299355 0
      vertex -0.612053375996081 4.96239767299355 6
      vertex -0.490085701647803 4.975923633360985 0
    endloop
  endfacet
  facet normal -0.08579731234443423 0.9963126121827786 0
    outer loop
      vertex -0.490085701647803 4.975923633360985 0
      vertex -0.490085701647803 4.975923633360985 6
      vertex -0.36782281799833716 4.986452283393451 0
    endloop
  endfacet
  facet normal -0.06132073630221303 0.9981181129001488 0
    outer loop
      vertex -0.36782281799833716 4.986452283393451 0
      vertex -0.36782281799833716 4.986452283393451 6
      vertex -0.24533837163709007 4.993977281025862 0
    endloop
  endfacet
  facet normal -0.03680722294135684 0.9993223845883497 0
    outer loop
      vertex -0.24533837163709007 4.993977281025862 0
      vertex -0.24533837163709007 4.993977281025862 6
      vertex -0.12270614261456145 4.998494093481021 0
    endloop
  endfacet
  facet normal -0.012271538285719615 0.9999247018391445 0
    outer loop
      vertex -0.12270614261456145 4.998494093481021 0
      vertex -0.12270614261456145 4.998494093481021 6
      vertex 0 5 0
    endloop
  endfacet
  facet normal -0.9999247018391445 0.012271538285719615 0
    outer loop
      vertex -5 0 0
      vertex -5 0 6
      vertex -4.998494093481021 0.12270614261456145 6
    endloop
  endfacet
  facet normal -0.9993223845883497 0.03680722294135684 0
    outer loop
      vertex -4.998494093481021 0.12270614261456145 0
      vertex -4.998494093481021 0.12270614261456145 6
      vertex -4.993977281025862 0.24533837163709007 6
    endloop
  endfacet
  facet normal -0.9981181129001488 0.06132073630221303 0
    outer loop
      vertex -4.993977281025862 0.24533837163709007 0
      vertex -4.993977281025862 0.24533837163709007 6
      vertex -4.986452283393451 0.36782281799833716 6
    endloop
  endfacet
  facet normal -0.9963126121827786 0.08579731234443423 0
    outer loop
      vertex -4.986452283393451 0.36782281799833716 0
      vertex -4.986452283393451 0.36782281799833716 6
      vertex -4.975923633360985 0.490085701647803 6
    endloop
  endfacet
  facet normal -0.9939069700023555 0.1102222072938869 0
    outer loop
      vertex -4.975923633360985 0.490085701647803 0
      vertex -4.975923633360985 0.490085701647803 6
      vertex -4.96239767299355 0.612053375996081 6
    endloop
  endfacet
  facet normal -0.9909026354277799 0.13458070850712694 0
    outer loop
      vertex -4.96239767299355 0.612053375996081 0
      vertex -4.96239767299355 0.612053375996081 6
      vertex -4.945882549823905 0.7336523722768087 6
    endloop
  endfacet
  facet normal -0.9873014181578589 0.15885814333385861 0
    outer loop
      vertex -4.945882549823905 0.7336523722768087 0
      vertex -4.945882549823905 0.7336523722768087 6
      vertex -4.926388211944706 0.8548094438015061 6
    endloop
  endfacet
  facet normal -0.9831054874312157 0.18303988795514362 0
    outer loop
      vertex -4.926388211944706 0.8548094438015061 0
      vertex -4.926388211944706 0.8548094438015061 6
      vertex -4.903926402016152 0.9754516100806412 6
    endloop
  endfacet
  facet normal -0.9783173707196285 0.20711137619221393 0
    outer loop
      vertex -4.903926402016152 0.9754516100806412 0
      vertex -4.903926402016152 0.9754516100806412 6
      vertex -4.878510650192643 1.095506200784349 6
    endloop
  endfacet
  facet normal -0.9729399522055585 0.2310581082806783 0
    outer loop
      vertex -4.878510650192643 1.095506200784349 0
      vertex -4.878510650192643 1.095506200784349 6
      vertex -4.8501562659727195 1.2149008995163193 6
    endloop
  endfacet
  facet normal -0.966976471044853 0.25486565960451085 0
    outer loop
      vertex -4.8501562659727195 1.2149008995163193 0
      vertex -4.8501562659727195 1.2149008995163193 6
      vertex -4.818880328977199 1.333563787374492 6
    endloop
  endfacet
  facet normal -0.9604305194155647 0.278519689385057 0
    outer loop
      vertex -4.818880328977199 1.333563787374492 0
      vertex -4.818880328977199 1.333563787374492 6
      vertex -4.784701678661044 1.4514233862723116 6
    endloop
  endfacet
  facet normal -0.9533060403541945 0.3020059493192255 0
    outer loop
      vertex -4.784701678661044 1.4514233862723116 0
      vertex -4.784701678661044 1.4514233862723116 6
      vertex -4.747640902965183 1.5684087019944575 6
    endloop
  endfacet
  facet normal -0.9456073253805217 0.32531029216226176 0
    outer loop
      vertex -4.747640902965183 1.5684087019944575 0
      vertex -4.747640902965183 1.5684087019944575 6
      vertex -4.707720325915104 1.6844492669611002 6
    endloop
  endfacet
  facet normal -0.9373390119125757 0.34841868024943257 0
    outer loop
      vertex -4.707720325915104 1.6844492669611002 0
      vertex -4.707720325915104 1.6844492669611002 6
      vertex -4.664963994173695 1.7994751826749409 6
    endloop
  endfacet
  facet normal -0.9285060804732153 0.3713171939518384 0
    outer loop
      vertex -4.664963994173695 1.7994751826749409 0
      vertex -4.664963994173695 1.7994751826749409 6
      vertex -4.619397662556434 1.913417161825449 6
    endloop
  endfacet
  facet normal -0.9191138516900569 0.3939920400610501 0
    outer loop
      vertex -4.619397662556434 1.913417161825449 0
      vertex -4.619397662556434 1.913417161825449 6
      vertex -4.571048778517653 2.026206570024949 6
    endloop
  endfacet
  facet normal -0.9091679830905232 0.4164295600976356 0
    outer loop
      vertex -4.571048778517653 2.026206570024949 0
      vertex -4.571048778517653 2.026206570024949 6
      vertex -4.519946465617217 2.1377754671514104 6
    endloop
  endfacet
  facet normal -0.8986744656939534 0.43861623853852877 0
    outer loop
      vertex -4.519946465617217 2.1377754671514104 0
      vertex -4.519946465617217 2.1377754671514104 6
      vertex -4.4661215059775765 2.248056648273033 6
    endloop
  endfacet
  facet normal -0.8876396204028556 0.4605387109582369 0
    outer loop
      vertex -4.4661215059775765 2.248056648273033 0
      vertex -4.4661215059775765 2.248056648273033 6
      vertex -4.409606321741776 2.3569836841299883 6
    endloop
  endfacet
  facet normal -0.8760700941954048 0.48218377207912594 0
    outer loop
      vertex -4.409606321741776 2.3569836841299883 0
      vertex -4.409606321741776 2.3569836841299883 6
      vertex -4.350434955543557 2.46449096114892 6
    endloop
  endfacet
  facet normal -0.8639728561215865 0.5035383837257181 0
    outer loop
      vertex -4.350434955543557 2.46449096114892 0
      vertex -4.350434955543557 2.46449096114892 6
      vertex -4.28864305000136 2.570513720966109 6
    endloop
  endfacet
  facet normal 0 0 1
    outer loop
      vertex -4.998494093481021 -0.12270614261456145 6
      vertex -4.998494093481021 0.12270614261456145 6
      vertex -5 0 6
    endloop
  endfacet
  facet normal 0 0 1
    outer loop
      vertex -4.993977281025862 -0.24533837163709007 6
      vertex -4.993977281025862 0.24533837163709007 6
      vertex -4.998494093481021 0.12270614261456145 6
    endloop
  endfacet
  facet normal 0 0 1
    outer loop
      vertex -4.986452283393451 -0.36782281799833716 6
      vertex -4.986452283393451 0.36782281799833716 6
      vertex -4.993977281025862 0.24533837163709007 6
    endloop
  endfacet
  facet normal 0 0 1
    outer loop
      vertex -4.975923633360985 -0.490085701647803 6
      vertex -4.975923633360985 0.490085701647803 6
      vertex -4.986452283393451 0.36782281799833716 6
    endloop
  endfacet
  facet normal 0 0 1
    outer loop
      vertex -4.96239767299355 -0.612053375996081 6
      vertex -4.96239767299355 0.612053375996081 6
      vertex -4.975923633360985 0.490085701647803 6
    endloop
  endfacet
  facet normal 0 0 1
    outer loop
      vertex -4.945882549823905 -0.7336523722768087 6
      vertex -4.945882549823905 0.7336523722768087 6
      vertex -4.96239767299355 0.612053375996081 6
    endloop
  endfacet
  facet normal 0 0 1
    outer loop
      vertex -4.926388211944706 -0.8548094438015061 6
      vertex -4.926388211944706 0.8548094438015061 6
      vertex -4.945882549823905 0.7336523722768087 6
    endloop
  endfacet
  facet normal 0 0 1
    outer loop
      vertex -4.903926402016152 -0.9754516100806412 6
      vertex -4.903926402016152 0.9754516100806412 6
      vertex -4.926388211944706 0.8548094438015061 6
    endloop
  endfacet
  facet normal 0 0 1
    outer loop
      vertex -4.878510650192643 -1.095506200784349 6
      vertex -4.878510650192643 1.095506200784349 6
      vertex -4.903926402016152 0.9754516100806412 6
    endloop
  endfacet
  facet normal 0 0 1
    outer loop
      vertex -4.8501562659727195 -1.2149008995163193 6
      vertex -4.8501562659727195 1.2149008995163193 6
      vertex -4.878510650192643 1.095506200784349 6
    endloop
  endfacet
  facet normal 0 0 1
    outer loop
      vertex -4.818880328977199 -1.333563787374492 6
      vertex -4.818880328977199 1.333563787374492 6
      vertex -4.8501562659727195 1.2149008995163193 6
    endloop
  endfacet
  facet normal 0 0 1
    outer loop
      vertex -4.784701678661044 -1.4514233862723116 6
      vertex -4.784701678661044 1.4514233862723116 6
      vertex -4.818880328977199 1.333563787374492 6
    endloop
  endfacet
  facet normal 0 0 1
    outer loop
      vertex -4.747640902965183 -1.5684087019944575 6
      vertex -4.747640902965183 1.5684087019944575 6
      vertex -4.784701678661044 1.4514233862723116 6
    endloop
  endfacet
  facet normal 0 0 1
    outer loop
      vertex -4.707720325915104 -1.6844492669611002 6
      vertex -4.707720325915104 1.6844492669611002 6
      vertex -4.747640902965183 1.5684087019944575 6
    endloop
  endfacet
  facet normal 0 0 1
    outer loop
      vertex -4.664963994173695 -1.7994751826749409 6
      vertex -4.664963994173695 1.7994751826749409 6
      vertex -4.707720325915104 1.6844492669611002 6
    endloop
  endfacet
  facet normal 0 0 1
    outer loop
      vertex -4.619397662556434 -1.913417161825449 6
      vertex -4.619397662556434 1.913417161825449 6
      vertex -4.664963994173695 1.7994751826749409 6
    endloop
  endfacet
  facet normal 0 0 1
    outer loop
      vertex -4.571048778517653 -2.026206570024949 6
      vertex -4.571048778517653 2.026206570024949 6
      vertex -4.619397662556434 1.913417161825449 6
    endloop
  endfacet
  facet normal 0 0 1
    outer loop
      vertex -4.519946465617217 -2.1377754671514104 6
      vertex -4.519946465617217 2.1377754671514104 6
      vertex -4.571048778517653 2.026206570024949 6
    endloop
  endfacet
  facet normal 0 0 1
    outer loop
      vertex -4.4661215059775765 -2.248056648273033 6
      vertex -4.4661215059775765 2.248056648273033 6
      vertex -4.519946465617217 2.1377754671514104 6
    endloop
  endfacet
  facet normal 0 0 1
    outer loop
      vertex -4.409606321741776 -2.3569836841299883 6
      vertex -4.409606321741776 2.3569836841299883 6
      vertex -4.4661215059775765 2.248056648273033 6
    endloop
  endfacet
  facet normal 0 0 1
    outer loop
      vertex -4.350434955543557 -2.46449096114892 6
      vertex -4.350434955543557 2.46449096114892 6
      vertex -4.409606321741776 2.3569836841299883 6
    endloop
  endfacet
  facet normal 0 0 1
    outer loop
      vertex -4.28864305000136 -2.570513720966109 6
      vertex -4.28864305000136 2.570513720966109 6
      vertex -4.350434955543557 2.46449096114892 6
    endloop
  endfacet
  facet normal 0 0 1
    outer loop
      vertex -4.224267826248536 -2.6749880994354855 6
      vertex -4.224267826248536 2.6749880994354855 6
      vertex -4.28864305000136 2.570513720966109 6
    endloop
  endfacet
  facet normal 0 0 1
    outer loop
      vertex -4.157348061512726 -2.777851165098011 6
      vertex -4.157348061512726 2.777851165098011 6
      vertex -4.224267826248536 2.6749880994354855 6
    endloop
  endfacet
  facet normal 0 0 1
    outer loop
      vertex -4.087924065757918 -2.879040957089227 6
      vertex -4.087924065757918 2.879040957089227 6
      vertex -4.157348061512726 2.777851165098011 6
    endloop
  endfacet
  facet normal 0 0 1
    outer loop
      vertex -4.016037657403225 -2.9784965224621667 6
      vertex -4.016037657403225 2.9784965224621667 6
      vertex -4.087924065757918 2.879040957089227 6
    endloop
  endfacet
  facet normal 0 0 1
    outer loop
      vertex -3.9417321381330317 -3.076157952903134 6
      vertex -3.9417321381330317 3.076157952903134 6
      vertex -4.016037657403225 2.9784965224621667 6
    endloop
  endfacet
  facet normal 0 0 1
    outer loop
      vertex -3.865052266813685 -3.1719664208182277 6
      vertex -3.865052266813685 3.1719664208182277 6
      vertex -3.9417321381330317 3.076157952903134 6
    endloop
  endfacet
  facet normal 0 0 1
    outer loop
      vertex -3.786044232532423 -3.2658642147688837 6
      vertex -3.786044232532423 3.2658642147688837 6
      vertex -3.865052266813685 3.1719664208182277 6
    endloop
  endfacet
  facet normal 0 0 1
    outer loop
      vertex -3.7047556267747956 -3.357794774235092 6
      vertex -3.7047556267747956 3.357794774235092 6
      vertex -3.786044232532423 3.2658642147688837 6
    endloop
  endfacet
  facet normal 0 0 1
    outer loop
      vertex -3.621235414757335 -3.4477027236853344 6
      vertex -3.621235414757335 3.4477027236853344 6
      vertex -3.7047556267747956 3.357794774235092 6
    endloop
  endfacet
  facet normal 0 0 1
    outer loop
      vertex -3.5355339059327378 -3.5355339059327378 6
      vertex -3.5355339059327378 3.5355339059327378 6
      vertex -3.621235414757335 3.4477027236853344 6
    endloop
  endfacet
  facet normal 0 0 1
    outer loop
      vertex -3.4477027236853344 -3.621235414757335 6
      vertex -3.4477027236853344 3.621235414757335 6
      vertex -3.5355339059327378 3.5355339059327378 6
    endloop
  endfacet
  facet normal 0 0 1
    outer loop
      vertex -3.357794774235092 -3.7047556267747956 6
      vertex -3.357794774235092 3.7047556267747956 6
      vertex -3.4477027236853344 3.621235414757335 6
    endloop
  endfacet
  facet normal 0 0 1
    outer loop
      vertex -3.2658642147688837 -3.786044232532423 6
      vertex -3.2658642147688837 3.786044232532423 6
      vertex -3.357794774235092 3.7047556267747956 6
    endloop
  endfacet
  facet normal 0 0 1
    outer loop
      vertex -3.1719664208182277 -3.865052266813685 6
      vertex -3.1719664208182277 3.865052266813685 6
      vertex -3.2658642147688837 3.786044232532423 6
    endloop
  endfacet
  facet normal 0 0 1
    outer loop
      vertex -3.076157952903134 -3.9417321381330317 6
      vertex -3.076157952903134 3.9417321381330317 6
      vertex -3.1719664208182277 3.865052266813685 6
    endloop
  endfacet
  facet normal 0 0 1
    outer loop
      vertex -2.9784965224621667 -4.016037657403225 6
      vertex -2.9784965224621667 4.016037657403225 6
      vertex -3.076157952903134 3.9417321381330317 6
    endloop
  endfacet
  facet normal 0 0 1
    outer loop
      vertex -2.879040957089227 -4.087924065757918 6
      vertex -2.879040957089227 4.087924065757918 6
      vertex -2.9784965224621667 4.016037657403225 6
    endloop
  endfacet
  facet normal 0 0 1
    outer loop
      vertex -2.777851165098011 -4.157348061512726 6
      vertex -2.777851165098011 4.157348061512726 6
      vertex -2.879040957089227 4.087924065757918 6
    endloop
  endfacet
  facet normal 0 0 1
    outer loop
      vertex -2.6749880994354855 -4.224267826248536 6
      vertex -2.6749880994354855 4.224267826248536 6
      vertex -2.777851165098011 4.157348061512726 6
    endloop
  endfacet
  facet normal 0 0 1
    outer loop
      vertex -2.570513720966109 -4.28864305000136 6
      vertex -2.570513720966109 4.28864305000136 6
      vertex -2.6749880994354855 4.224267826248536 6
    endloop
  endfacet
  facet normal -0.8513551931052653 0.5245896826784686 0
    outer loop
      vertex -4.28864305000136 2.570513720966109 0
      vertex -4.28864305000136 2.570513720966109 6
      vertex -4.224267826248536 2.6749880994354855 6
    endloop
  endfacet
  facet normal -0.8382247055548383 0.545324988422046 0
    outer loop
      vertex -4.224267826248536 2.6749880994354855 0
      vertex -4.224267826248536 2.6749880994354855 6
      vertex -4.157348061512726 2.777851165098011 6
    endloop
  endfacet
  facet normal -0.8245893027850258 0.5657318107836126 0
    outer loop
      vertex -4.157348061512726 2.777851165098011 0
      vertex -4.157348061512726 2.777851165098011 6
      vertex -4.087924065757918 2.879040957089227 6
    endloop
  endfacet
  facet normal -0.8104571982525963 0.5857978574564366 0
    outer loop
      vertex -4.087924065757918 2.879040957089227 0
      vertex -4.087924065757918 2.879040957089227 6
      vertex -4.016037657403225 2.9784965224621667 6
    endloop
  endfacet
  facet normal -0.7958369046088826 0.6055110414043269 0
    outer loop
      vertex -4.016037657403225 2.9784965224621667 0
      vertex -4.016037657403225 2.9784965224621667 6
      vertex -3.9417321381330317 3.076157952903134 6
    endloop
  endfacet
  facet normal -0.7807372285720945 0.6248594881423863 0
    outer loop
      vertex -3.9417321381330317 3.076157952903134 0
      vertex -3.9417321381330317 3.076157952903134 6
      vertex -3.865052266813685 3.1719664208182277 6
    endloop
  endfacet
  facet normal -0.765167265622459 0.6438315428897915 0
    outer loop
      vertex -3.865052266813685 3.1719664208182277 0
      vertex -3.865052266813685 3.1719664208182277 6
      vertex -3.786044232532423 3.2658642147688837 6
    endloop
  endfacet
  facet normal -0.7491363945234601 0.662415777590171 0
    outer loop
      vertex -3.786044232532423 3.2658642147688837 0
      vertex -3.786044232532423 3.2658642147688837 6
      vertex -3.7047556267747956 3.357794774235092 6
    endloop
  endfacet
  facet normal -0.7326542716724125 0.6806009977954534 0
    outer loop
      vertex -3.7047556267747956 3.357794774235092 0
      vertex -3.7047556267747956 3.357794774235092 6
      vertex -3.621235414757335 3.4477027236853344 6
    endloop
  endfacet
  facet normal -0.7157308252838186 0.6983762494089729 0
    outer loop
      vertex -3.621235414757335 3.4477027236853344 0
      vertex -3.621235414757335 3.4477027236853344 6
      vertex -3.5355339059327378 3.5355339059327378 6
    endloop
  endfacet
  facet normal -0.6983762494089729 0.7157308252838186 0
    outer loop
      vertex -3.4477027236853344 3.621235414757335 0
      vertex -3.5355339059327378 3.5355339059327378 6
      vertex -3.4477027236853344 3.621235414757335 6
    endloop
  endfacet
  facet normal -0.6806009977954534 0.7326542716724125 0
    outer loop
      vertex -3.357794774235092 3.7047556267747956 0
      vertex -3.4477027236853344 3.621235414757335 6
      vertex -3.357794774235092 3.7047556267747956 6
    endloop
  endfacet
  facet normal -0.662415777590171 0.7491363945234601 0
    outer loop
      vertex -3.2658642147688837 3.786044232532423 0
      vertex -3.357794774235092 3.7047556267747956 6
      vertex -3.2658642147688837 3.786044232532423 6
    endloop
  endfacet
  facet normal -0.6438315428897915 0.765167265622459 0
    outer loop
      vertex -3.1719664208182277 3.865052266813685 0
      vertex -3.2658642147688837 3.786044232532423 6
      vertex -3.1719664208182277 3.865052266813685 6
    endloop
  endfacet
  facet normal -0.6248594881423863 0.7807372285720945 0
    outer loop
      vertex -3.076157952903134 3.9417321381330317 0
      vertex -3.1719664208182277 3.865052266813685 6
      vertex -3.076157952903134 3.9417321381330317 6
    endloop
  endfacet
  facet normal -0.6055110414043269 0.7958369046088826 0
    outer loop
      vertex -2.9784965224621667 4.016037657403225 0
      vertex -3.076157952903134 3.9417321381330317 6
      vertex -2.9784965224621667 4.016037657403225 6
    endloop
  endfacet
  facet normal -0.5857978574564366 0.8104571982525963 0
    outer loop
      vertex -2.879040957089227 4.087924065757918 0
      vertex -2.9784965224621667 4.016037657403225 6
      vertex -2.879040957089227 4.087924065757918 6
    endloop
  endfacet
  facet normal -0.5657318107836126 0.8245893027850258 0
    outer loop
      vertex -2.777851165098011 4.157348061512726 0
      vertex -2.879040957089227 4.087924065757918 6
      vertex -2.777851165098011 4.157348061512726 6
    endloop
  endfacet
  facet normal -0.545324988422046 0.8382247055548383 0
    outer loop
      vertex -2.6749880994354855 4.224267826248536 0
      vertex -2.777851165098011 4.157348061512726 6
      vertex -2.6749880994354855 4.224267826248536 6
    endloop
  endfacet
  facet normal -0.5245896826784686 0.8513551931052653 0
    outer loop
      vertex -2.570513720966109 4.28864305000136 0
      vertex -2.6749880994354855 4.224267826248536 6
      vertex -2.570513720966109 4.28864305000136 6
    endloop
  endfacet
  facet normal 0 0 1
    outer loop
      vertex -2.46449096114892 -4.350434955543557 6
      vertex -2.46449096114892 4.350434955543557 6
      vertex -2.570513720966109 4.28864305000136 6
    endloop
  endfacet
  facet normal 0 0 1
    outer loop
      vertex -2.3569836841299883 -4.409606321741776 6
      vertex -2.3569836841299883 4.409606321741776 6
      vertex -2.46449096114892 4.350434955543557 6
    endloop
  endfacet
  facet normal 0 0 1
    outer loop
      vertex -2.248056648273033 -4.4661215059775765 6
      vertex -2.248056648273033 4.4661215059775765 6
      vertex -2.3569836841299883 4.409606321741776 6
    endloop
  endfacet
  facet normal 0 0 1
    outer loop
      vertex -2.1377754671514104 -4.519946465617217 6
      vertex -2.1377754671514104 4.519946465617217 6
      vertex -2.248056648273033 4.4661215059775765 6
    endloop
  endfacet
  facet normal 0 0 1
    outer loop
      vertex -2.026206570024949 -4.571048778517653 6
      vertex -2.026206570024949 4.571048778517653 6
      vertex -2.1377754671514104 4.519946465617217 6
    endloop
  endfacet
  facet normal 0 0 1
    outer loop
      vertex -1.913417161825449 -4.619397662556434 6
      vertex -1.913417161825449 4.619397662556434 6
      vertex -2.026206570024949 4.571048778517653 6
    endloop
  endfacet
  facet normal 0 0 1
    outer loop
      vertex -1.7994751826749409 -4.664963994173695 6
      vertex -1.7994751826749409 4.664963994173695 6
      vertex -1.913417161825449 4.619397662556434 6
    endloop
  endfacet
  facet normal 0 0 1
    outer loop
      vertex -1.6844492669611002 -4.707720325915104 6
      vertex -1.6844492669611002 4.707720325915104 6
      vertex -1.7994751826749409 4.664963994173695 6
    endloop
  endfacet
  facet normal 0 0 1
    outer loop
      vertex -1.6844492669611002 4.707720325915104 6
      vertex -1.6 0 6
      vertex -1.5995181099139268 0.03926596563665966 6
    endloop
  endfacet
  facet normal 0 0 1
    outer loop
      vertex -1.6844492669611002 4.707720325915104 6
      vertex -1.5995181099139268 0.03926596563665966 6
      vertex -1.598072729928276 0.07850827892386883 6
    endloop
  endfacet
  facet normal 0 0 1
    outer loop
      vertex -1.6844492669611002 4.707720325915104 6
      vertex -1.598072729928276 0.07850827892386883 6
      vertex -1.5956647306859044 0.11770330175946789 6
    endloop
  endfacet
  facet normal 0 0 1
    outer loop
      vertex -1.6844492669611002 4.707720325915104 6
      vertex -1.5956647306859044 0.11770330175946789 6
      vertex -1.592295562675515 0.15682742452729698 6
    endloop
  endfacet
  facet normal 0 0 1
    outer loop
      vertex -1.6844492669611002 4.707720325915104 6
      vertex -1.592295562675515 0.15682742452729698 6
      vertex -1.587967255357936 0.19585708031874594 6
    endloop
  endfacet
  facet normal 0 0 1
    outer loop
      vertex -1.6844492669611002 4.707720325915104 6
      vertex -1.587967255357936 0.19585708031874594 6
      vertex -1.5826824159436497 0.2347687591285788 6
    endloop
  endfacet
  facet normal 0 0 1
    outer loop
      vertex -1.6844492669611002 4.707720325915104 6
      vertex -1.5826824159436497 0.2347687591285788 6
      vertex -1.576444227822306 0.27353902201648195 6
    endloop
  endfacet
  facet normal 0 0 1
    outer loop
      vertex -1.6844492669611002 4.707720325915104 6
      vertex -1.576444227822306 0.27353902201648195 6
      vertex -1.5692564486451688 0.3121445152258052 6
    endloop
  endfacet
  facet normal 0 0 1
    outer loop
      vertex -1.6844492669611002 4.707720325915104 6
      vertex -1.5692564486451688 0.3121445152258052 6
      vertex -1.5611234080616458 0.3505619842509917 6
    endloop
  endfacet
  facet normal 0 0 1
    outer loop
      vertex -1.5684087019944575 4.747640902965183 6
      vertex -1.5611234080616458 0.3505619842509917 6
      vertex -1.5520500051112704 0.3887682878452222 6
    endloop
  endfacet
  facet normal 0 0 1
    outer loop
      vertex -1.5684087019944575 4.747640902965183 6
      vertex -1.5520500051112704 0.3887682878452222 6
      vertex -1.5420417052727038 0.4267404119598375 6
    endloop
  endfacet
  facet normal 0 0 1
    outer loop
      vertex -1.5684087019944575 4.747640902965183 6
      vertex -1.5420417052727038 0.4267404119598375 6
      vertex -1.5311045371715342 0.46445548360713973 6
    endloop
  endfacet
  facet normal 0 0 1
    outer loop
      vertex -1.5684087019944575 4.747640902965183 6
      vertex -1.5311045371715342 0.46445548360713973 6
      vertex -1.5192450889488587 0.5018907846382265 6
    endloop
  endfacet
  facet normal 0 0 1
    outer loop
      vertex -1.5684087019944575 4.747640902965183 6
      vertex -1.5192450889488587 0.5018907846382265 6
      vertex -1.5064705042928335 0.5390237654275521 6
    endloop
  endfacet
  facet normal 0 0 1
    outer loop
      vertex -1.5684087019944575 4.747640902965183 6
      vertex -1.5064705042928335 0.5390237654275521 6
      vertex -1.4927884781355822 0.5758320584559811 6
    endloop
  endfacet
  facet normal 0 0 1
    outer loop
      vertex -1.5684087019944575 4.747640902965183 6
      vertex -1.4927884781355822 0.5758320584559811 6
      vertex -1.478207252018059 0.6122934917841437 6
    endloop
  endfacet
  facet normal 0 0 1
    outer loop
      vertex -1.5684087019944575 4.747640902965183 6
      vertex -1.478207252018059 0.6122934917841437 6
      vertex -1.4627356091256491 0.6483861024079838 6
    endloop
  endfacet
  facet normal 0 0 1
    outer loop
      vertex -1.5684087019944575 4.747640902965183 6
      vertex -1.4627356091256491 0.6483861024079838 6
      vertex -1.4463828689975093 0.6840881494884514 6
    endloop
  endfacet
  facet normal 0 0 1
    outer loop
      vertex -1.4514233862723116 4.784701678661044 6
      vertex -1.4463828689975093 0.6840881494884514 6
      vertex -1.4291588819128247 0.7193781274473706 6
    endloop
  endfacet
  facet normal 0 0 1
    outer loop
      vertex -1.4514233862723116 4.784701678661044 6
      vertex -1.4291588819128247 0.7193781274473706 6
      vertex -1.4110740229573682 0.7542347789215963 6
    endloop
  endfacet
  facet normal 0 0 1
    outer loop
      vertex -1.4514233862723116 4.784701678661044 6
      vertex -1.4110740229573682 0.7542347789215963 6
      vertex -1.3921391857739385 0.7886371075676545 6
    endloop
  endfacet
  facet normal 0 0 1
    outer loop
      vertex -1.4514233862723116 4.784701678661044 6
      vertex -1.3921391857739385 0.7886371075676545 6
      vertex -1.3723657760004353 0.8225643907091549 6
    endloop
  endfacet
  facet normal 0 0 1
    outer loop
      vertex -1.4514233862723116 4.784701678661044 6
      vertex -1.3723657760004353 0.8225643907091549 6
      vertex -1.3517657043995315 0.8559961918193555 6
    endloop
  endfacet
  facet normal 0 0 1
    outer loop
      vertex -1.4514233862723116 4.784701678661044 6
      vertex -1.3517657043995315 0.8559961918193555 6
      vertex -1.3303513796840725 0.8889123728313635 6
    endloop
  endfacet
  facet normal 0 0 1
    outer loop
      vertex -1.333563787374492 4.818880328977199 6
      vertex -1.3303513796840725 0.8889123728313635 6
      vertex -1.308135701042534 0.9212931062685525 6
    endloop
  endfacet
  facet normal 0 0 1
    outer loop
      vertex -1.333563787374492 4.818880328977199 6
      vertex -1.308135701042534 0.9212931062685525 6
      vertex -1.285132050369032 0.9531188871878934 6
    endloop
  endfacet
  facet normal 0 0 1
    outer loop
      vertex -1.333563787374492 4.818880328977199 6
      vertex -1.285132050369032 0.9531188871878934 6
      vertex -1.2613542842025702 0.984370544929003 6
    endloop
  endfacet
  facet normal 0 0 1
    outer loop
      vertex -1.333563787374492 4.818880328977199 6
      vertex -1.2613542842025702 0.984370544929003 6
      vertex -1.2368167253803792 1.015029254661833 6
    endloop
  endfacet
  facet normal 0 0 1
    outer loop
      vertex -1.333563787374492 4.818880328977199 6
      vertex -1.2368167253803792 1.015029254661833 6
      vertex -1.2115341544103755 1.045076548726043 6
    endloop
  endfacet
  facet normal 0 0 1
    outer loop
      vertex -1.2149008995163193 4.8501562659727195 6
      vertex -1.2115341544103755 1.045076548726043 6
      vertex -1.1855218005679347 1.0744943277552295 6
    endloop
  endfacet
  facet normal 0 0 1
    outer loop
      vertex -1.2149008995163193 4.8501562659727195 6
      vertex -1.1855218005679347 1.0744943277552295 6
      vertex -1.1587953327223472 1.103264871579307 6
    endloop
  endfacet
  facet normal 0 0 1
    outer loop
      vertex -1.2149008995163193 4.8501562659727195 6
      vertex -1.1587953327223472 1.103264871579307 6
      vertex -1.1313708498984762 1.1313708498984762 6
    endloop
  endfacet
  facet normal 0 0 1
    outer loop
      vertex -1.2149008995163193 4.8501562659727195 6
      vertex -1.1313708498984762 1.1313708498984762 6
      vertex -1.103264871579307 1.1587953327223472 6
    endloop
  endfacet
  facet normal 0 0 1
    outer loop
      vertex -1.2149008995163193 4.8501562659727195 6
      vertex -1.103264871579307 1.1587953327223472 6
      vertex -1.0744943277552295 1.1855218005679347 6
    endloop
  endfacet
  facet normal 0 0 1
    outer loop
      vertex -1.095506200784349 4.878510650192643 6
      vertex -1.0744943277552295 1.1855218005679347 6
      vertex -1.045076548726043 1.2115341544103755 6
    endloop
  endfacet
  facet normal 0 0 1
    outer loop
      vertex -1.095506200784349 4.878510650192643 6
      vertex -1.045076548726043 1.2115341544103755 6
      vertex -1.015029254661833 1.2368167253803792 6
    endloop
  endfacet
  facet normal 0 0 1
    outer loop
      vertex -1.095506200784349 4.878510650192643 6
      vertex -1.015029254661833 1.2368167253803792 6
      vertex -0.984370544929003 1.2613542842025702 6
    endloop
  endfacet
  facet normal 0 0 1
    outer loop
      vertex -1.095506200784349 4.878510650192643 6
      vertex -0.984370544929003 1.2613542842025702 6
      vertex -0.9531188871878934 1.285132050369032 6
    endloop
  endfacet
  facet normal 0 0 1
    outer loop
      vertex -0.9754516100806412 4.903926402016152 6
      vertex -0.9531188871878934 1.285132050369032 6
      vertex -0.9212931062685525 1.308135701042534 6
    endloop
  endfacet
  facet normal -0.5035383837257181 0.8639728561215865 0
    outer loop
      vertex -2.46449096114892 4.350434955543557 0
      vertex -2.570513720966109 4.28864305000136 6
      vertex -2.46449096114892 4.350434955543557 6
    endloop
  endfacet
  facet normal -0.48218377207912594 0.8760700941954048 0
    outer loop
      vertex -2.3569836841299883 4.409606321741776 0
      vertex -2.46449096114892 4.350434955543557 6
      vertex -2.3569836841299883 4.409606321741776 6
    endloop
  endfacet
  facet normal -0.4605387109582369 0.8876396204028556 0
    outer loop
      vertex -2.248056648273033 4.4661215059775765 0
      vertex -2.3569836841299883 4.409606321741776 6
      vertex -2.248056648273033 4.4661215059775765 6
    endloop
  endfacet
  facet normal -0.43861623853852877 0.8986744656939534 0
    outer loop
      vertex -2.1377754671514104 4.519946465617217 0
      vertex -2.248056648273033 4.4661215059775765 6
      vertex -2.1377754671514104 4.519946465617217 6
    endloop
  endfacet
  facet normal -0.4164295600976356 0.9091679830905232 0
    outer loop
      vertex -2.026206570024949 4.571048778517653 0
      vertex -2.1377754671514104 4.519946465617217 6
      vertex -2.026206570024949 4.571048778517653 6
    endloop
  endfacet
  facet normal -0.3939920400610501 0.9191138516900569 0
    outer loop
      vertex -1.913417161825449 4.619397662556434 0
      vertex -2.026206570024949 4.571048778517653 6
      vertex -1.913417161825449 4.619397662556434 6
    endloop
  endfacet
  facet normal -0.3713171939518384 0.9285060804732153 0
    outer loop
      vertex -1.7994751826749409 4.664963994173695 0
      vertex -1.913417161825449 4.619397662556434 6
      vertex -1.7994751826749409 4.664963994173695 6
    endloop
  endfacet
  facet normal -0.34841868024943257 0.9373390119125757 0
    outer loop
      vertex -1.6844492669611002 4.707720325915104 0
      vertex -1.7994751826749409 4.664963994173695 6
      vertex -1.6844492669611002 4.707720325915104 6
    endloop
  endfacet
  facet normal -0.32531029216226176 0.9456073253805217 0
    outer loop
      vertex -1.5684087019944575 4.747640902965183 0
      vertex -1.6844492669611002 4.707720325915104 6
      vertex -1.5684087019944575 4.747640902965183 6
    endloop
  endfacet
  facet normal -0.3020059493192255 0.9533060403541945 0
    outer loop
      vertex -1.4514233862723116 4.784701678661044 0
      vertex -1.5684087019944575 4.747640902965183 6
      vertex -1.4514233862723116 4.784701678661044 6
    endloop
  endfacet
  facet normal -0.278519689385057 0.9604305194155647 0
    outer loop
      vertex -1.333563787374492 4.818880328977199 0
      vertex -1.4514233862723116 4.784701678661044 6
      vertex -1.333563787374492 4.818880328977199 6
    endloop
  endfacet
  facet normal -0.25486565960451085 0.966976471044853 0
    outer loop
      vertex -1.2149008995163193 4.8501562659727195 0
      vertex -1.333563787374492 4.818880328977199 6
      vertex -1.2149008995163193 4.8501562659727195 6
    endloop
  endfacet
  facet normal -0.2310581082806783 0.9729399522055585 0
    outer loop
      vertex -1.095506200784349 4.878510650192643 0
      vertex -1.2149008995163193 4.8501562659727195 6
      vertex -1.095506200784349 4.878510650192643 6
    endloop
  endfacet
  facet normal -0.20711137619221393 0.9783173707196285 0
    outer loop
      vertex -0.9754516100806412 4.903926402016152 0
      vertex -1.095506200784349 4.878510650192643 6
      vertex -0.9754516100806412 4.903926402016152 6
    endloop
  endfacet
  facet normal -0.18303988795514362 0.9831054874312157 0
    outer loop
      vertex -0.8548094438015061 4.926388211944706 0
      vertex -0.9754516100806412 4.903926402016152 6
      vertex -0.8548094438015061 4.926388211944706 6
    endloop
  endfacet
  facet normal -0.15885814333385861 0.9873014181578589 0
    outer loop
      vertex -0.7336523722768087 4.945882549823905 0
      vertex -0.8548094438015061 4.926388211944706 6
      vertex -0.7336523722768087 4.945882549823905 6
    endloop
  endfacet
  facet normal -0.13458070850712694 0.9909026354277799 0
    outer loop
      vertex -0.612053375996081 4.96239767299355 0
      vertex -0.7336523722768087 4.945882549823905 6
      vertex -0.612053375996081 4.96239767299355 6
    endloop
  endfacet
  facet normal -0.1102222072938869 0.9939069700023555 0
    outer loop
      vertex -0.490085701647803 4.975923633360985 0
      vertex -0.612053375996081 4.96239767299355 6
      vertex -0.490085701647803 4.975923633360985 6
    endloop
  endfacet
  facet normal -0.08579731234443423 0.9963126121827786 0
    outer loop
      vertex -0.36782281799833716 4.986452283393451 0
      vertex -0.490085701647803 4.975923633360985 6
      vertex -0.36782281799833716 4.986452283393451 6
    endloop
  endfacet
  facet normal -0.06132073630221303 0.9981181129001488 0
    outer loop
      vertex -0.24533837163709007 4.993977281025862 0
      vertex -0.36782281799833716 4.986452283393451 6
      vertex -0.24533837163709007 4.993977281025862 6
    endloop
  endfacet
  facet normal -0.03680722294135684 0.9993223845883497 0
    outer loop
      vertex -0.12270614261456145 4.998494093481021 0
      vertex -0.24533837163709007 4.993977281025862 6
      vertex -0.12270614261456145 4.998494093481021 6
    endloop
  endfacet
  facet normal -0.012271538285719615 0.9999247018391445 0
    outer loop
      vertex -0.12270614261456145 4.998494093481021 6
      vertex 0 5 6
      vertex 0 5 0
    endloop
  endfacet
  facet normal 0 0 1
    outer loop
      vertex -1.6844492669611002 4.707720325915104 6
      vertex -1.5611234080616458 0.3505619842509917 6
      vertex -1.5684087019944575 4.747640902965183 6
    endloop
  endfacet
  facet normal 0 0 1
    outer loop
      vertex -1.5684087019944575 4.747640902965183 6
      vertex -1.4463828689975093 0.6840881494884514 6
      vertex -1.4514233862723116 4.784701678661044 6
    endloop
  endfacet
  facet normal 0 0 1
    outer loop
      vertex -1.4514233862723116 4.784701678661044 6
      vertex -1.3303513796840725 0.8889123728313635 6
      vertex -1.333563787374492 4.818880328977199 6
    endloop
  endfacet
  facet normal 0 0 1
    outer loop
      vertex -1.333563787374492 4.818880328977199 6
      vertex -1.2115341544103755 1.045076548726043 6
      vertex -1.2149008995163193 4.8501562659727195 6
    endloop
  endfacet
  facet normal 0 0 1
    outer loop
      vertex -0.9754516100806412 4.903926402016152 6
      vertex -0.9212931062685525 1.308135701042534 6
      vertex -0.8889123728313635 1.3303513796840725 6
    endloop
  endfacet
  facet normal 0 0 1
    outer loop
      vertex -0.9754516100806412 4.903926402016152 6
      vertex -0.8889123728313635 1.3303513796840725 6
      vertex -0.8559961918193555 1.3517657043995315 6
    endloop
  endfacet
  facet normal 0 0 1
    outer loop
      vertex -0.9754516100806412 4.903926402016152 6
      vertex -0.8559961918193555 1.3517657043995315 6
      vertex -0.8225643907091549 1.3723657760004353 6
    endloop
  endfacet
  facet normal 0 0 1
    outer loop
      vertex -0.8548094438015061 4.926388211944706 6
      vertex -0.8225643907091549 1.3723657760004353 6
      vertex -0.7886371075676545 1.3921391857739385 6
    endloop
  endfacet
  facet normal 0 0 1
    outer loop
      vertex -0.8548094438015061 4.926388211944706 6
      vertex -0.7886371075676545 1.3921391857739385 6
      vertex -0.7542347789215963 1.4110740229573682 6
    endloop
  endfacet
  facet normal 0 0 1
    outer loop
      vertex -0.8548094438015061 4.926388211944706 6
      vertex -0.7542347789215963 1.4110740229573682 6
      vertex -0.7193781274473706 1.4291588819128247 6
    endloop
  endfacet
  facet normal 0 0 1
    outer loop
      vertex -0.7336523722768087 4.945882549823905 6
      vertex -0.7193781274473706 1.4291588819128247 6
      vertex -0.6840881494884514 1.4463828689975093 6
    endloop
  endfacet
  facet normal 0 0 1
    outer loop
      vertex -0.7336523722768087 4.945882549823905 6
      vertex -0.6840881494884514 1.4463828689975093 6
      vertex -0.6483861024079838 1.4627356091256491 6
    endloop
  endfacet
  facet normal 0 0 1
    outer loop
      vertex -0.7336523722768087 4.945882549823905 6
      vertex -0.6483861024079838 1.4627356091256491 6
      vertex -0.6122934917841437 1.478207252018059 6
    endloop
  endfacet
  facet normal 0 0 1
    outer loop
      vertex -0.7336523722768087 4.945882549823905 6
      vertex -0.6122934917841437 1.478207252018059 6
      vertex -0.5758320584559811 1.4927884781355822 6
    endloop
  endfacet
  facet normal 0 0 1
    outer loop
      vertex -1.2149008995163193 4.8501562659727195 6
      vertex -1.0744943277552295 1.1855218005679347 6
      vertex -1.095506200784349 4.878510650192643 6
    endloop
  endfacet
  facet normal 0 0 1
    outer loop
      vertex -1.095506200784349 4.878510650192643 6
      vertex -0.9531188871878934 1.285132050369032 6
      vertex -0.9754516100806412 4.903926402016152 6
    endloop
  endfacet
  facet normal 0 0 1
    outer loop
      vertex -0.9754516100806412 4.903926402016152 6
      vertex -0.8225643907091549 1.3723657760004353 6
      vertex -0.8548094438015061 4.926388211944706 6
    endloop
  endfacet
  facet normal 0 0 1
    outer loop
      vertex -0.612053375996081 4.96239767299355 6
      vertex -0.5758320584559811 1.4927884781355822 6
      vertex -0.5390237654275521 1.5064705042928335 6
    endloop
  endfacet
  facet normal 0 0 1
    outer loop
      vertex -0.612053375996081 4.96239767299355 6
      vertex -0.5390237654275521 1.5064705042928335 6
      vertex -0.5018907846382265 1.5192450889488587 6
    endloop
  endfacet
  facet normal 0 0 1
    outer loop
      vertex -0.612053375996081 4.96239767299355 6
      vertex -0.5018907846382265 1.5192450889488587 6
      vertex -0.46445548360713973 1.5311045371715342 6
    endloop
  endfacet
  facet normal 0 0 1
    outer loop
      vertex -0.490085701647803 4.975923633360985 6
      vertex -0.46445548360713973 1.5311045371715342 6
      vertex -0.4267404119598375 1.5420417052727038 6
    endloop
  endfacet
  facet normal 0 0 1
    outer loop
      vertex -0.490085701647803 4.975923633360985 6
      vertex -0.4267404119598375 1.5420417052727038 6
      vertex -0.3887682878452222 1.5520500051112704 6
    endloop
  endfacet
  facet normal 0 0 1
    outer loop
      vertex -0.490085701647803 4.975923633360985 6
      vertex -0.3887682878452222 1.5520500051112704 6
      vertex -0.3505619842509917 1.5611234080616458 6
    endloop
  endfacet
  facet normal 0 0 1
    outer loop
      vertex -0.36782281799833716 4.986452283393451 6
      vertex -0.3505619842509917 1.5611234080616458 6
      vertex -0.3121445152258052 1.5692564486451688 6
    endloop
  endfacet
  facet normal 0 0 1
    outer loop
      vertex -0.36782281799833716 4.986452283393451 6
      vertex -0.3121445152258052 1.5692564486451688 6
      vertex -0.27353902201648195 1.576444227822306 6
    endloop
  endfacet
  facet normal 0 0 1
    outer loop
      vertex -0.36782281799833716 4.986452283393451 6
      vertex -0.27353902201648195 1.576444227822306 6
      vertex -0.2347687591285788 1.5826824159436497 6
    endloop
  endfacet
  facet normal 0 0 1
    outer loop
      vertex -0.24533837163709007 4.993977281025862 6
      vertex -0.2347687591285788 1.5826824159436497 6
      vertex -0.19585708031874594 1.587967255357936 6
    endloop
  endfacet
  facet normal 0 0 1
    outer loop
      vertex -0.24533837163709007 4.993977281025862 6
      vertex -0.19585708031874594 1.587967255357936 6
      vertex -0.15682742452729698 1.592295562675515 6
    endloop
  endfacet
  facet normal 0 0 1
    outer loop
      vertex -0.24533837163709007 4.993977281025862 6
      vertex -0.15682742452729698 1.592295562675515 6
      vertex -0.11770330175946789 1.5956647306859044 6
    endloop
  endfacet
  facet normal 0 0 1
    outer loop
      vertex -0.12270614261456145 4.998494093481021 6
      vertex -0.11770330175946789 1.5956647306859044 6
      vertex -0.07850827892386883 1.598072729928276 6
    endloop
  endfacet
  facet normal 0 0 1
    outer loop
      vertex -0.12270614261456145 4.998494093481021 6
      vertex -0.07850827892386883 1.598072729928276 6
      vertex -0.03926596563665966 1.5995181099139268 6
    endloop
  endfacet
  facet normal 0 0 1
    outer loop
      vertex -0.12270614261456145 4.998494093481021 6
      vertex -0.03926596563665966 1.5995181099139268 6
      vertex 0 1.6 6
    endloop
  endfacet
  facet normal 0 0 1
    outer loop
      vertex -0.8548094438015061 4.926388211944706 6
      vertex -0.7193781274473706 1.4291588819128247 6
      vertex -0.7336523722768087 4.945882549823905 6
    endloop
  endfacet
  facet normal 0 0 1
    outer loop
      vertex -0.7336523722768087 4.945882549823905 6
      vertex -0.5758320584559811 1.4927884781355822 6
      vertex -0.612053375996081 4.96239767299355 6
    endloop
  endfacet
  facet normal 0 0 1
    outer loop
      vertex -0.612053375996081 4.96239767299355 6
      vertex -0.46445548360713973 1.5311045371715342 6
      vertex -0.490085701647803 4.975923633360985 6
    endloop
  endfacet
  facet normal 0 0 1
    outer loop
      vertex -0.490085701647803 4.975923633360985 6
      vertex -0.3505619842509917 1.5611234080616458 6
      vertex -0.36782281799833716 4.986452283393451 6
    endloop
  endfacet
  facet normal 0 0 1
    outer loop
      vertex -0.36782281799833716 4.986452283393451 6
      vertex -0.2347687591285788 1.5826824159436497 6
      vertex -0.24533837163709007 4.993977281025862 6
    endloop
  endfacet
  facet normal 0 0 1
    outer loop
      vertex -0.24533837163709007 4.993977281025862 6
      vertex -0.11770330175946789 1.5956647306859044 6
      vertex -0.12270614261456145 4.998494093481021 6
    endloop
  endfacet
  facet normal 0 0 1
    outer loop
      vertex -0.12270614261456145 4.998494093481021 6
      vertex 0 1.6 6
      vertex 0 5 6
    endloop
  endfacet
  facet normal 0.012271538285719615 -0.9999247018391445 0
    outer loop
      vertex 0 -5 0
      vertex 0.12270614261456145 -4.998494093481021 0
      vertex 0.12270614261456145 -4.998494093481021 6
    endloop
  endfacet
  facet normal 0.03680722294135684 -0.9993223845883497 0
    outer loop
      vertex 0.12270614261456145 -4.998494093481021 0
      vertex 0.24533837163709007 -4.993977281025862 0
      vertex 0.24533837163709007 -4.993977281025862 6
    endloop
  endfacet
  facet normal 0.06132073630221303 -0.9981181129001488 0
    outer loop
      vertex 0.24533837163709007 -4.993977281025862 0
      vertex 0.36782281799833716 -4.986452283393451 0
      vertex 0.36782281799833716 -4.986452283393451 6
    endloop
  endfacet
  facet normal 0.08579731234443423 -0.9963126121827786 0
    outer loop
      vertex 0.36782281799833716 -4.986452283393451 0
      vertex 0.490085701647803 -4.975923633360985 0
      vertex 0.490085701647803 -4.975923633360985 6
    endloop
  endfacet
  facet normal 0.1102222072938869 -0.9939069700023555 0
    outer loop
      vertex 0.490085701647803 -4.975923633360985 0
      vertex 0.612053375996081 -4.96239767299355 0
      vertex 0.612053375996081 -4.96239767299355 6
    endloop
  endfacet
  facet normal 0.13458070850712694 -0.9909026354277799 0
    outer loop
      vertex 0.612053375996081 -4.96239767299355 0
      vertex 0.7336523722768087 -4.945882549823905 0
      vertex 0.7336523722768087 -4.945882549823905 6
    endloop
  endfacet
  facet normal 0.15885814333385861 -0.9873014181578589 0
    outer loop
      vertex 0.7336523722768087 -4.945882549823905 0
      vertex 0.8548094438015061 -4.926388211944706 0
      vertex 0.8548094438015061 -4.926388211944706 6
    endloop
  endfacet
  facet normal 0.18303988795514362 -0.9831054874312157 0
    outer loop
      vertex 0.8548094438015061 -4.926388211944706 0
      vertex 0.9754516100806412 -4.903926402016152 0
      vertex 0.9754516100806412 -4.903926402016152 6
    endloop
  endfacet
  facet normal 0.20711137619221393 -0.9783173707196285 0
    outer loop
      vertex 0.9754516100806412 -4.903926402016152 0
      vertex 1.095506200784349 -4.878510650192643 0
      vertex 1.095506200784349 -4.878510650192643 6
    endloop
  endfacet
  facet normal 0.2310581082806783 -0.9729399522055585 0
    outer loop
      vertex 1.095506200784349 -4.878510650192643 0
      vertex 1.2149008995163193 -4.8501562659727195 0
      vertex 1.2149008995163193 -4.8501562659727195 6
    endloop
  endfacet
  facet normal 0.25486565960451085 -0.966976471044853 0
    outer loop
      vertex 1.2149008995163193 -4.8501562659727195 0
      vertex 1.333563787374492 -4.818880328977199 0
      vertex 1.333563787374492 -4.818880328977199 6
    endloop
  endfacet
  facet normal 0.278519689385057 -0.9604305194155647 0
    outer loop
      vertex 1.333563787374492 -4.818880328977199 0
      vertex 1.4514233862723116 -4.784701678661044 0
      vertex 1.4514233862723116 -4.784701678661044 6
    endloop
  endfacet
  facet normal 0.3020059493192255 -0.9533060403541945 0
    outer loop
      vertex 1.4514233862723116 -4.784701678661044 0
      vertex 1.5684087019944575 -4.747640902965183 0
      vertex 1.5684087019944575 -4.747640902965183 6
    endloop
  endfacet
  facet normal 0.32531029216226176 -0.9456073253805217 0
    outer loop
      vertex 1.5684087019944575 -4.747640902965183 0
      vertex 1.6844492669611002 -4.707720325915104 0
      vertex 1.6844492669611002 -4.707720325915104 6
    endloop
  endfacet
  facet normal 0.34841868024943257 -0.9373390119125757 0
    outer loop
      vertex 1.6844492669611002 -4.707720325915104 0
      vertex 1.7994751826749409 -4.664963994173695 0
      vertex 1.7994751826749409 -4.664963994173695 6
    endloop
  endfacet
  facet normal 0.3713171939518384 -0.9285060804732153 0
    outer loop
      vertex 1.7994751826749409 -4.664963994173695 0
      vertex 1.913417161825449 -4.619397662556434 0
      vertex 1.913417161825449 -4.619397662556434 6
    endloop
  endfacet
  facet normal 0.3939920400610501 -0.9191138516900569 0
    outer loop
      vertex 1.913417161825449 -4.619397662556434 0
      vertex 2.026206570024949 -4.571048778517653 0
      vertex 2.026206570024949 -4.571048778517653 6
    endloop
  endfacet
  facet normal 0.4164295600976356 -0.9091679830905232 0
    outer loop
      vertex 2.026206570024949 -4.571048778517653 0
      vertex 2.1377754671514104 -4.519946465617217 0
      vertex 2.1377754671514104 -4.519946465617217 6
    endloop
  endfacet
  facet normal 0.43861623853852877 -0.8986744656939534 0
    outer loop
      vertex 2.1377754671514104 -4.519946465617217 0
      vertex 2.248056648273033 -4.4661215059775765 0
      vertex 2.248056648273033 -4.4661215059775765 6
    endloop
  endfacet
  facet normal 0.4605387109582369 -0.8876396204028556 0
    outer loop
      vertex 2.248056648273033 -4.4661215059775765 0
      vertex 2.3569836841299883 -4.409606321741776 0
      vertex 2.3569836841299883 -4.409606321741776 6
    endloop
  endfacet
  facet normal 0.48218377207912594 -0.8760700941954048 0
    outer loop
      vertex 2.3569836841299883 -4.409606321741776 0
      vertex 2.46449096114892 -4.350434955543557 0
      vertex 2.46449096114892 -4.350434955543557 6
    endloop
  endfacet
  facet normal 0 0 -1
    outer loop
      vertex 0 -5 0
      vertex 0.12270614261456145 4.998494093481021 0
      vertex 0.12270614261456145 -4.998494093481021 0
    endloop
  endfacet
  facet normal 0 0 -1
    outer loop
      vertex 0.12270614261456145 -4.998494093481021 0
      vertex 0.24533837163709007 4.993977281025862 0
      vertex 0.24533837163709007 -4.993977281025862 0
    endloop
  endfacet
  facet normal 0 0 -1
    outer loop
      vertex 0.24533837163709007 -4.993977281025862 0
      vertex 0.36782281799833716 4.986452283393451 0
      vertex 0.36782281799833716 -4.986452283393451 0
    endloop
  endfacet
  facet normal 0 0 -1
    outer loop
      vertex 0.36782281799833716 -4.986452283393451 0
      vertex 0.490085701647803 4.975923633360985 0
      vertex 0.490085701647803 -4.975923633360985 0
    endloop
  endfacet
  facet normal 0 0 -1
    outer loop
      vertex 0.490085701647803 -4.975923633360985 0
      vertex 0.612053375996081 4.96239767299355 0
      vertex 0.612053375996081 -4.96239767299355 0
    endloop
  endfacet
  facet normal 0 0 -1
    outer loop
      vertex 0.612053375996081 -4.96239767299355 0
      vertex 0.7336523722768087 4.945882549823905 0
      vertex 0.7336523722768087 -4.945882549823905 0
    endloop
  endfacet
  facet normal 0 0 -1
    outer loop
      vertex 0.7336523722768087 -4.945882549823905 0
      vertex 0.8548094438015061 4.926388211944706 0
      vertex 0.8548094438015061 -4.926388211944706 0
    endloop
  endfacet
  facet normal 0 0 -1
    outer loop
      vertex 0.8548094438015061 -4.926388211944706 0
      vertex 0.9754516100806412 4.903926402016152 0
      vertex 0.9754516100806412 -4.903926402016152 0
    endloop
  endfacet
  facet normal 0 0 -1
    outer loop
      vertex 0.9754516100806412 -4.903926402016152 0
      vertex 1.095506200784349 4.878510650192643 0
      vertex 1.095506200784349 -4.878510650192643 0
    endloop
  endfacet
  facet normal 0 0 -1
    outer loop
      vertex 1.095506200784349 -4.878510650192643 0
      vertex 1.2149008995163193 4.8501562659727195 0
      vertex 1.2149008995163193 -4.8501562659727195 0
    endloop
  endfacet
  facet normal 0 0 -1
    outer loop
      vertex 1.2149008995163193 -4.8501562659727195 0
      vertex 1.333563787374492 4.818880328977199 0
      vertex 1.333563787374492 -4.818880328977199 0
    endloop
  endfacet
  facet normal 0 0 -1
    outer loop
      vertex 1.333563787374492 -4.818880328977199 0
      vertex 1.4514233862723116 4.784701678661044 0
      vertex 1.4514233862723116 -4.784701678661044 0
    endloop
  endfacet
  facet normal 0 0 -1
    outer loop
      vertex 1.4514233862723116 -4.784701678661044 0
      vertex 1.5684087019944575 4.747640902965183 0
      vertex 1.5684087019944575 -4.747640902965183 0
    endloop
  endfacet
  facet normal 0 0 -1
    outer loop
      vertex 1.5684087019944575 -4.747640902965183 0
      vertex 1.6844492669611002 4.707720325915104 0
      vertex 1.6844492669611002 -4.707720325915104 0
    endloop
  endfacet
  facet normal 0 0 -1
    outer loop
      vertex 1.6844492669611002 -4.707720325915104 0
      vertex 1.7994751826749409 4.664963994173695 0
      vertex 1.7994751826749409 -4.664963994173695 0
    endloop
  endfacet
  facet normal 0 0 -1
    outer loop
      vertex 1.7994751826749409 -4.664963994173695 0
      vertex 1.913417161825449 4.619397662556434 0
      vertex 1.913417161825449 -4.619397662556434 0
    endloop
  endfacet
  facet normal 0 0 -1
    outer loop
      vertex 1.913417161825449 -4.619397662556434 0
      vertex 2.026206570024949 4.571048778517653 0
      vertex 2.026206570024949 -4.571048778517653 0
    endloop
  endfacet
  facet normal 0 0 -1
    outer loop
      vertex 2.026206570024949 -4.571048778517653 0
      vertex 2.1377754671514104 4.519946465617217 0
      vertex 2.1377754671514104 -4.519946465617217 0
    endloop
  endfacet
  facet normal 0 0 -1
    outer loop
      vertex 2.1377754671514104 -4.519946465617217 0
      vertex 2.248056648273033 4.4661215059775765 0
      vertex 2.248056648273033 -4.4661215059775765 0
    endloop
  endfacet
  facet normal 0 0 -1
    outer loop
      vertex 2.248056648273033 -4.4661215059775765 0
      vertex 2.3569836841299883 4.409606321741776 0
      vertex 2.3569836841299883 -4.409606321741776 0
    endloop
  endfacet
  facet normal 0 0 -1
    outer loop
      vertex 2.3569836841299883 -4.409606321741776 0
      vertex 2.46449096114892 4.350434955543557 0
      vertex 2.46449096114892 -4.350434955543557 0
    endloop
  endfacet
  facet normal 0.5035383837257181 -0.8639728561215865 0
    outer loop
      vertex 2.46449096114892 -4.350434955543557 0
      vertex 2.570513720966109 -4.28864305000136 0
      vertex 2.570513720966109 -4.28864305000136 6
    endloop
  endfacet
  facet normal 0.5245896826784686 -0.8513551931052653 0
    outer loop
      vertex 2.570513720966109 -4.28864305000136 0
      vertex 2.6749880994354855 -4.224267826248536 0
      vertex 2.6749880994354855 -4.224267826248536 6
    endloop
  endfacet
  facet normal 0.545324988422046 -0.8382247055548383 0
    outer loop
      vertex 2.6749880994354855 -4.224267826248536 0
      vertex 2.777851165098011 -4.157348061512726 0
      vertex 2.777851165098011 -4.157348061512726 6
    endloop
  endfacet
  facet normal 0.5657318107836126 -0.8245893027850258 0
    outer loop
      vertex 2.777851165098011 -4.157348061512726 0
      vertex 2.879040957089227 -4.087924065757918 0
      vertex 2.879040957089227 -4.087924065757918 6
    endloop
  endfacet
  facet normal 0.5857978574564366 -0.8104571982525963 0
    outer loop
      vertex 2.879040957089227 -4.087924065757918 0
      vertex 2.9784965224621667 -4.016037657403225 0
      vertex 2.9784965224621667 -4.016037657403225 6
    endloop
  endfacet
  facet normal 0.6055110414043269 -0.7958369046088826 0
    outer loop
      vertex 2.9784965224621667 -4.016037657403225 0
      vertex 3.076157952903134 -3.9417321381330317 0
      vertex 3.076157952903134 -3.9417321381330317 6
    endloop
  endfacet
  facet normal 0.6248594881423863 -0.7807372285720945 0
    outer loop
      vertex 3.076157952903134 -3.9417321381330317 0
      vertex 3.1719664208182277 -3.865052266813685 0
      vertex 3.1719664208182277 -3.865052266813685 6
    endloop
  endfacet
  facet normal 0.6438315428897915 -0.765167265622459 0
    outer loop
      vertex 3.1719664208182277 -3.865052266813685 0
      vertex 3.2658642147688837 -3.786044232532423 0
      vertex 3.2658642147688837 -3.786044232532423 6
    endloop
  endfacet
  facet normal 0.662415777590171 -0.7491363945234601 0
    outer loop
      vertex 3.2658642147688837 -3.786044232532423 0
      vertex 3.357794774235092 -3.7047556267747956 0
      vertex 3.357794774235092 -3.7047556267747956 6
    endloop
  endfacet
  facet normal 0.6806009977954534 -0.7326542716724125 0
    outer loop
      vertex 3.357794774235092 -3.7047556267747956 0
      vertex 3.4477027236853344 -3.621235414757335 0
      vertex 3.4477027236853344 -3.621235414757335 6
    endloop
  endfacet
  facet normal 0.6983762494089729 -0.7157308252838186 0
    outer loop
      vertex 3.4477027236853344 -3.621235414757335 0
      vertex 3.5355339059327378 -3.5355339059327378 0
      vertex 3.5355339059327378 -3.5355339059327378 6
    endloop
  endfacet
  facet normal 0.7157308252838186 -0.6983762494089729 0
    outer loop
      vertex 3.5355339059327378 -3.5355339059327378 0
      vertex 3.621235414757335 -3.4477027236853344 0
      vertex 3.5355339059327378 -3.5355339059327378 6
    endloop
  endfacet
  facet normal 0.7326542716724125 -0.6806009977954534 0
    outer loop
      vertex 3.621235414757335 -3.4477027236853344 0
      vertex 3.7047556267747956 -3.357794774235092 0
      vertex 3.621235414757335 -3.4477027236853344 6
    endloop
  endfacet
  facet normal 0.7491363945234601 -0.662415777590171 0
    outer loop
      vertex 3.7047556267747956 -3.357794774235092 0
      vertex 3.786044232532423 -3.2658642147688837 0
      vertex 3.7047556267747956 -3.357794774235092 6
    endloop
  endfacet
  facet normal 0.765167265622459 -0.6438315428897915 0
    outer loop
      vertex 3.786044232532423 -3.2658642147688837 0
      vertex 3.865052266813685 -3.1719664208182277 0
      vertex 3.786044232532423 -3.2658642147688837 6
    endloop
  endfacet
  facet normal 0.7807372285720945 -0.6248594881423863 0
    outer loop
      vertex 3.865052266813685 -3.1719664208182277 0
      vertex 3.9417321381330317 -3.076157952903134 0
      vertex 3.865052266813685 -3.1719664208182277 6
    endloop
  endfacet
  facet normal 0.7958369046088826 -0.6055110414043269 0
    outer loop
      vertex 3.9417321381330317 -3.076157952903134 0
      vertex 4.016037657403225 -2.9784965224621667 0
      vertex 3.9417321381330317 -3.076157952903134 6
    endloop
  endfacet
  facet normal 0.8104571982525963 -0.5857978574564366 0
    outer loop
      vertex 4.016037657403225 -2.9784965224621667 0
      vertex 4.087924065757918 -2.879040957089227 0
      vertex 4.016037657403225 -2.9784965224621667 6
    endloop
  endfacet
  facet normal 0.8245893027850258 -0.5657318107836126 0
    outer loop
      vertex 4.087924065757918 -2.879040957089227 0
      vertex 4.157348061512726 -2.777851165098011 0
      vertex 4.087924065757918 -2.879040957089227 6
    endloop
  endfacet
  facet normal 0.8382247055548383 -0.545324988422046 0
    outer loop
      vertex 4.157348061512726 -2.777851165098011 0
      vertex 4.224267826248536 -2.6749880994354855 0
      vertex 4.157348061512726 -2.777851165098011 6
    endloop
  endfacet
  facet normal 0.8513551931052653 -0.5245896826784686 0
    outer loop
      vertex 4.224267826248536 -2.6749880994354855 0
      vertex 4.28864305000136 -2.570513720966109 0
      vertex 4.224267826248536 -2.6749880994354855 6
    endloop
  endfacet
  facet normal 0.8639728561215865 -0.5035383837257181 0
    outer loop
      vertex 4.28864305000136 -2.570513720966109 0
      vertex 4.350434955543557 -2.46449096114892 0
      vertex 4.28864305000136 -2.570513720966109 6
    endloop
  endfacet
  facet normal 0 0 -1
    outer loop
      vertex 2.46449096114892 -4.350434955543557 0
      vertex 2.570513720966109 4.28864305000136 0
      vertex 2.570513720966109 -4.28864305000136 0
    endloop
  endfacet
  facet normal 0 0 -1
    outer loop
      vertex 2.570513720966109 -4.28864305000136 0
      vertex 2.6749880994354855 4.224267826248536 0
      vertex 2.6749880994354855 -4.224267826248536 0
    endloop
  endfacet
  facet normal 0 0 -1
    outer loop
      vertex 2.6749880994354855 -4.224267826248536 0
      vertex 2.777851165098011 4.157348061512726 0
      vertex 2.777851165098011 -4.157348061512726 0
    endloop
  endfacet
  facet normal 0 0 -1
    outer loop
      vertex 2.777851165098011 -4.157348061512726 0
      vertex 2.879040957089227 4.087924065757918 0
      vertex 2.879040957089227 -4.087924065757918 0
    endloop
  endfacet
  facet normal 0 0 -1
    outer loop
      vertex 2.879040957089227 -4.087924065757918 0
      vertex 2.9784965224621667 4.016037657403225 0
      vertex 2.9784965224621667 -4.016037657403225 0
    endloop
  endfacet
  facet normal 0 0 -1
    outer loop
      vertex 2.9784965224621667 -4.016037657403225 0
      vertex 3.076157952903134 3.9417321381330317 0
      vertex 3.076157952903134 -3.9417321381330317 0
    endloop
  endfacet
  facet normal 0 0 -1
    outer loop
      vertex 3.076157952903134 -3.9417321381330317 0
      vertex 3.1719664208182277 3.865052266813685 0
      vertex 3.1719664208182277 -3.865052266813685 0
    endloop
  endfacet
  facet normal 0 0 -1
    outer loop
      vertex 3.1719664208182277 -3.865052266813685 0
      vertex 3.2658642147688837 3.786044232532423 0
      vertex 3.2658642147688837 -3.786044232532423 0
    endloop
  endfacet
  facet normal 0 0 -1
    outer loop
      vertex 3.2658642147688837 -3.786044232532423 0
      vertex 3.357794774235092 3.7047556267747956 0
      vertex 3.357794774235092 -3.7047556267747956 0
    endloop
  endfacet
  facet normal 0 0 -1
    outer loop
      vertex 3.357794774235092 -3.7047556267747956 0
      vertex 3.4477027236853344 3.621235414757335 0
      vertex 3.4477027236853344 -3.621235414757335 0
    endloop
  endfacet
  facet normal 0 0 -1
    outer loop
      vertex 3.4477027236853344 -3.621235414757335 0
      vertex 3.5355339059327378 3.5355339059327378 0
      vertex 3.5355339059327378 -3.5355339059327378 0
    endloop
  endfacet
  facet normal 0 0 -1
    outer loop
      vertex 3.5355339059327378 -3.5355339059327378 0
      vertex 3.621235414757335 3.4477027236853344 0
      vertex 3.621235414757335 -3.4477027236853344 0
    endloop
  endfacet
  facet normal 0 0 -1
    outer loop
      vertex 3.621235414757335 -3.4477027236853344 0
      vertex 3.7047556267747956 3.357794774235092 0
      vertex 3.7047556267747956 -3.357794774235092 0
    endloop
  endfacet
  facet normal 0 0 -1
    outer loop
      vertex 3.7047556267747956 -3.357794774235092 0
      vertex 3.786044232532423 3.2658642147688837 0
      vertex 3.786044232532423 -3.2658642147688837 0
    endloop
  endfacet
  facet normal 0 0 -1
    outer loop
      vertex 3.786044232532423 -3.2658642147688837 0
      vertex 3.865052266813685 3.1719664208182277 0
      vertex 3.865052266813685 -3.1719664208182277 0
    endloop
  endfacet
  facet normal 0 0 -1
    outer loop
      vertex 3.865052266813685 -3.1719664208182277 0
      vertex 3.9417321381330317 3.076157952903134 0
      vertex 3.9417321381330317 -3.076157952903134 0
    endloop
  endfacet
  facet normal 0 0 -1
    outer loop
      vertex 3.9417321381330317 -3.076157952903134 0
      vertex 4.016037657403225 2.9784965224621667 0
      vertex 4.016037657403225 -2.9784965224621667 0
    endloop
  endfacet
  facet normal 0 0 -1
    outer loop
      vertex 4.016037657403225 -2.9784965224621667 0
      vertex 4.087924065757918 2.879040957089227 0
      vertex 4.087924065757918 -2.879040957089227 0
    endloop
  endfacet
  facet normal 0 0 -1
    outer loop
      vertex 4.087924065757918 -2.879040957089227 0
      vertex 4.157348061512726 2.777851165098011 0
      vertex 4.157348061512726 -2.777851165098011 0
    endloop
  endfacet
  facet normal 0 0 -1
    outer loop
      vertex 4.157348061512726 -2.777851165098011 0
      vertex 4.224267826248536 2.6749880994354855 0
      vertex 4.224267826248536 -2.6749880994354855 0
    endloop
  endfacet
  facet normal 0 0 -1
    outer loop
      vertex 4.224267826248536 -2.6749880994354855 0
      vertex 4.28864305000136 2.570513720966109 0
      vertex 4.28864305000136 -2.570513720966109 0
    endloop
  endfacet
  facet normal 0 0 -1
    outer loop
      vertex 4.28864305000136 -2.570513720966109 0
      vertex 4.350434955543557 2.46449096114892 0
      vertex 4.350434955543557 -2.46449096114892 0
    endloop
  endfacet
  facet normal 0 0 -1
    outer loop
      vertex 4.350434955543557 -2.46449096114892 0
      vertex 4.409606321741776 2.3569836841299883 0
      vertex 4.409606321741776 -2.3569836841299883 0
    endloop
  endfacet
  facet normal 0 0 -1
    outer loop
      vertex 4.409606321741776 -2.3569836841299883 0
      vertex 4.4661215059775765 2.248056648273033 0
      vertex 4.4661215059775765 -2.248056648273033 0
    endloop
  endfacet
  facet normal 0 0 -1
    outer loop
      vertex 4.4661215059775765 -2.248056648273033 0
      vertex 4.519946465617217 2.1377754671514104 0
      vertex 4.519946465617217 -2.1377754671514104 0
    endloop
  endfacet
  facet normal 0 0 -1
    outer loop
      vertex 4.519946465617217 -2.1377754671514104 0
      vertex 4.571048778517653 2.026206570024949 0
      vertex 4.571048778517653 -2.026206570024949 0
    endloop
  endfacet
  facet normal 0 0 -1
    outer loop
      vertex 4.571048778517653 -2.026206570024949 0
      vertex 4.619397662556434 1.913417161825449 0
      vertex 4.619397662556434 -1.913417161825449 0
    endloop
  endfacet
  facet normal 0 0 -1
    outer loop
      vertex 4.619397662556434 -1.913417161825449 0
      vertex 4.664963994173695 1.7994751826749409 0
      vertex 4.664963994173695 -1.7994751826749409 0
    endloop
  endfacet
  facet normal 0 0 -1
    outer loop
      vertex 4.664963994173695 -1.7994751826749409 0
      vertex 4.707720325915104 1.6844492669611002 0
      vertex 4.707720325915104 -1.6844492669611002 0
    endloop
  endfacet
  facet normal 0 0 -1
    outer loop
      vertex 4.707720325915104 -1.6844492669611002 0
      vertex 4.747640902965183 1.5684087019944575 0
      vertex 4.747640902965183 -1.5684087019944575 0
    endloop
  endfacet
  facet normal 0 0 -1
    outer loop
      vertex 4.747640902965183 -1.5684087019944575 0
      vertex 4.784701678661044 1.4514233862723116 0
      vertex 4.784701678661044 -1.4514233862723116 0
    endloop
  endfacet
  facet normal 0 0 -1
    outer loop
      vertex 4.784701678661044 -1.4514233862723116 0
      vertex 4.818880328977199 1.333563787374492 0
      vertex 4.818880328977199 -1.333563787374492 0
    endloop
  endfacet
  facet normal 0 0 -1
    outer loop
      vertex 4.818880328977199 -1.333563787374492 0
      vertex 4.8501562659727195 1.2149008995163193 0
      vertex 4.8501562659727195 -1.2149008995163193 0
    endloop
  endfacet
  facet normal 0 0 -1
    outer loop
      vertex 4.8501562659727195 -1.2149008995163193 0
      vertex 4.878510650192643 1.095506200784349 0
      vertex 4.878510650192643 -1.095506200784349 0
    endloop
  endfacet
  facet normal 0 0 -1
    outer loop
      vertex 4.878510650192643 -1.095506200784349 0
      vertex 4.903926402016152 0.9754516100806412 0
      vertex 4.903926402016152 -0.9754516100806412 0
    endloop
  endfacet
  facet normal 0 0 -1
    outer loop
      vertex 4.903926402016152 -0.9754516100806412 0
      vertex 4.926388211944706 0.8548094438015061 0
      vertex 4.926388211944706 -0.8548094438015061 0
    endloop
  endfacet
  facet normal 0 0 -1
    outer loop
      vertex 4.926388211944706 -0.8548094438015061 0
      vertex 4.945882549823905 0.7336523722768087 0
      vertex 4.945882549823905 -0.7336523722768087 0
    endloop
  endfacet
  facet normal 0 0 -1
    outer loop
      vertex 4.945882549823905 -0.7336523722768087 0
      vertex 4.96239767299355 0.612053375996081 0
      vertex 4.96239767299355 -0.612053375996081 0
    endloop
  endfacet
  facet normal 0 0 -1
    outer loop
      vertex 4.96239767299355 -0.612053375996081 0
      vertex 4.975923633360985 0.490085701647803 0
      vertex 4.975923633360985 -0.490085701647803 0
    endloop
  endfacet
  facet normal 0 0 -1
    outer loop
      vertex 4.975923633360985 -0.490085701647803 0
      vertex 4.986452283393451 0.36782281799833716 0
      vertex 4.986452283393451 -0.36782281799833716 0
    endloop
  endfacet
  facet normal 0 0 -1
    outer loop
      vertex 4.986452283393451 -0.36782281799833716 0
      vertex 4.993977281025862 0.24533837163709007 0
      vertex 4.993977281025862 -0.24533837163709007 0
    endloop
  endfacet
  facet normal 0 0 -1
    outer loop
      vertex 4.993977281025862 -0.24533837163709007 0
      vertex 4.998494093481021 0.12270614261456145 0
      vertex 4.998494093481021 -0.12270614261456145 0
    endloop
  endfacet
  facet normal 0.8760700941954048 -0.48218377207912594 0
    outer loop
      vertex 4.350434955543557 -2.46449096114892 0
      vertex 4.409606321741776 -2.3569836841299883 0
      vertex 4.350434955543557 -2.46449096114892 6
    endloop
  endfacet
  facet normal 0.8876396204028556 -0.4605387109582369 0
    outer loop
      vertex 4.409606321741776 -2.3569836841299883 0
      vertex 4.4661215059775765 -2.248056648273033 0
      vertex 4.409606321741776 -2.3569836841299883 6
    endloop
  endfacet
  facet normal 0.8986744656939534 -0.43861623853852877 0
    outer loop
      vertex 4.4661215059775765 -2.248056648273033 0
      vertex 4.519946465617217 -2.1377754671514104 0
      vertex 4.4661215059775765 -2.248056648273033 6
    endloop
  endfacet
  facet normal 0.9091679830905232 -0.4164295600976356 0
    outer loop
      vertex 4.519946465617217 -2.1377754671514104 0
      vertex 4.571048778517653 -2.026206570024949 0
      vertex 4.519946465617217 -2.1377754671514104 6
    endloop
  endfacet
  facet normal 0.9191138516900569 -0.3939920400610501 0
    outer loop
      vertex 4.571048778517653 -2.026206570024949 0
      vertex 4.619397662556434 -1.913417161825449 0
      vertex 4.571048778517653 -2.026206570024949 6
    endloop
  endfacet
  facet normal 0.9285060804732153 -0.3713171939518384 0
    outer loop
      vertex 4.619397662556434 -1.913417161825449 0
      vertex 4.664963994173695 -1.7994751826749409 0
      vertex 4.619397662556434 -1.913417161825449 6
    endloop
  endfacet
  facet normal 0.9373390119125757 -0.34841868024943257 0
    outer loop
      vertex 4.664963994173695 -1.7994751826749409 0
      vertex 4.707720325915104 -1.6844492669611002 0
      vertex 4.664963994173695 -1.7994751826749409 6
    endloop
  endfacet
  facet normal 0.9456073253805217 -0.32531029216226176 0
    outer loop
      vertex 4.707720325915104 -1.6844492669611002 0
      vertex 4.747640902965183 -1.5684087019944575 0
      vertex 4.707720325915104 -1.6844492669611002 6
    endloop
  endfacet
  facet normal 0.9533060403541945 -0.3020059493192255 0
    outer loop
      vertex 4.747640902965183 -1.5684087019944575 0
      vertex 4.784701678661044 -1.4514233862723116 0
      vertex 4.747640902965183 -1.5684087019944575 6
    endloop
  endfacet
  facet normal 0.9604305194155647 -0.278519689385057 0
    outer loop
      vertex 4.784701678661044 -1.4514233862723116 0
      vertex 4.818880328977199 -1.333563787374492 0
      vertex 4.784701678661044 -1.4514233862723116 6
    endloop
  endfacet
  facet normal 0.966976471044853 -0.25486565960451085 0
    outer loop
      vertex 4.818880328977199 -1.333563787374492 0
      vertex 4.8501562659727195 -1.2149008995163193 0
      vertex 4.818880328977199 -1.333563787374492 6
    endloop
  endfacet
  facet normal 0.9729399522055585 -0.2310581082806783 0
    outer loop
      vertex 4.8501562659727195 -1.2149008995163193 0
      vertex 4.878510650192643 -1.095506200784349 0
      vertex 4.8501562659727195 -1.2149008995163193 6
    endloop
  endfacet
  facet normal 0.9783173707196285 -0.20711137619221393 0
    outer loop
      vertex 4.878510650192643 -1.095506200784349 0
      vertex 4.903926402016152 -0.9754516100806412 0
      vertex 4.878510650192643 -1.095506200784349 6
    endloop
  endfacet
  facet normal 0.9831054874312157 -0.18303988795514362 0
    outer loop
      vertex 4.903926402016152 -0.9754516100806412 0
      vertex 4.926388211944706 -0.8548094438015061 0
      vertex 4.903926402016152 -0.9754516100806412 6
    endloop
  endfacet
  facet normal 0.9873014181578589 -0.15885814333385861 0
    outer loop
      vertex 4.926388211944706 -0.8548094438015061 0
      vertex 4.945882549823905 -0.7336523722768087 0
      vertex 4.926388211944706 -0.8548094438015061 6
    endloop
  endfacet
  facet normal 0.9909026354277799 -0.13458070850712694 0
    outer loop
      vertex 4.945882549823905 -0.7336523722768087 0
      vertex 4.96239767299355 -0.612053375996081 0
      vertex 4.945882549823905 -0.7336523722768087 6
    endloop
  endfacet
  facet normal 0.9939069700023555 -0.1102222072938869 0
    outer loop
      vertex 4.96239767299355 -0.612053375996081 0
      vertex 4.975923633360985 -0.490085701647803 0
      vertex 4.96239767299355 -0.612053375996081 6
    endloop
  endfacet
  facet normal 0.9963126121827786 -0.08579731234443423 0
    outer loop
      vertex 4.975923633360985 -0.490085701647803 0
      vertex 4.986452283393451 -0.36782281799833716 0
      vertex 4.975923633360985 -0.490085701647803 6
    endloop
  endfacet
  facet normal 0.9981181129001488 -0.06132073630221303 0
    outer loop
      vertex 4.986452283393451 -0.36782281799833716 0
      vertex 4.993977281025862 -0.24533837163709007 0
      vertex 4.986452283393451 -0.36782281799833716 6
    endloop
  endfacet
  facet normal 0.9993223845883497 -0.03680722294135684 0
    outer loop
      vertex 4.993977281025862 -0.24533837163709007 0
      vertex 4.998494093481021 -0.12270614261456145 0
      vertex 4.993977281025862 -0.24533837163709007 6
    endloop
  endfacet
  facet normal 0.9999247018391445 -0.012271538285719615 0
    outer loop
      vertex 4.998494093481021 -0.12270614261456145 0
      vertex 5 0 0
      vertex 4.998494093481021 -0.12270614261456145 6
    endloop
  endfacet
  facet normal 0.012271538285719615 -0.9999247018391445 0
    outer loop
      vertex 0 -5 0
      vertex 0.12270614261456145 -4.998494093481021 6
      vertex 0 -5 6
    endloop
  endfacet
  facet normal 0.03680722294135684 -0.9993223845883497 0
    outer loop
      vertex 0.12270614261456145 -4.998494093481021 0
      vertex 0.24533837163709007 -4.993977281025862 6
      vertex 0.12270614261456145 -4.998494093481021 6
    endloop
  endfacet
  facet normal 0.06132073630221303 -0.9981181129001488 0
    outer loop
      vertex 0.24533837163709007 -4.993977281025862 0
      vertex 0.36782281799833716 -4.986452283393451 6
      vertex 0.24533837163709007 -4.993977281025862 6
    endloop
  endfacet
  facet normal 0.08579731234443423 -0.9963126121827786 0
    outer loop
      vertex 0.36782281799833716 -4.986452283393451 0
      vertex 0.490085701647803 -4.975923633360985 6
      vertex 0.36782281799833716 -4.986452283393451 6
    endloop
  endfacet
  facet normal 0.1102222072938869 -0.9939069700023555 0
    outer loop
      vertex 0.490085701647803 -4.975923633360985 0
      vertex 0.612053375996081 -4.96239767299355 6
      vertex 0.490085701647803 -4.975923633360985 6
    endloop
  endfacet
  facet normal 0.13458070850712694 -0.9909026354277799 0
    outer loop
      vertex 0.612053375996081 -4.96239767299355 0
      vertex 0.7336523722768087 -4.945882549823905 6
      vertex 0.612053375996081 -4.96239767299355 6
    endloop
  endfacet
  facet normal 0.15885814333385861 -0.9873014181578589 0
    outer loop
      vertex 0.7336523722768087 -4.945882549823905 0
      vertex 0.8548094438015061 -4.926388211944706 6
      vertex 0.7336523722768087 -4.945882549823905 6
    endloop
  endfacet
  facet normal 0.18303988795514362 -0.9831054874312157 0
    outer loop
      vertex 0.8548094438015061 -4.926388211944706 0
      vertex 0.9754516100806412 -4.903926402016152 6
      vertex 0.8548094438015061 -4.926388211944706 6
    endloop
  endfacet
  facet normal 0.20711137619221393 -0.9783173707196285 0
    outer loop
      vertex 0.9754516100806412 -4.903926402016152 0
      vertex 1.095506200784349 -4.878510650192643 6
      vertex 0.9754516100806412 -4.903926402016152 6
    endloop
  endfacet
  facet normal 0.2310581082806783 -0.9729399522055585 0
    outer loop
      vertex 1.095506200784349 -4.878510650192643 0
      vertex 1.2149008995163193 -4.8501562659727195 6
      vertex 1.095506200784349 -4.878510650192643 6
    endloop
  endfacet
  facet normal 0.25486565960451085 -0.966976471044853 0
    outer loop
      vertex 1.2149008995163193 -4.8501562659727195 0
      vertex 1.333563787374492 -4.818880328977199 6
      vertex 1.2149008995163193 -4.8501562659727195 6
    endloop
  endfacet
  facet normal 0.278519689385057 -0.9604305194155647 0
    outer loop
      vertex 1.333563787374492 -4.818880328977199 0
      vertex 1.4514233862723116 -4.784701678661044 6
      vertex 1.333563787374492 -4.818880328977199 6
    endloop
  endfacet
  facet normal 0.3020059493192255 -0.9533060403541945 0
    outer loop
      vertex 1.4514233862723116 -4.784701678661044 0
      vertex 1.5684087019944575 -4.747640902965183 6
      vertex 1.4514233862723116 -4.784701678661044 6
    endloop
  endfacet
  facet normal 0.32531029216226176 -0.9456073253805217 0
    outer loop
      vertex 1.5684087019944575 -4.747640902965183 0
      vertex 1.6844492669611002 -4.707720325915104 6
      vertex 1.5684087019944575 -4.747640902965183 6
    endloop
  endfacet
  facet normal 0.34841868024943257 -0.9373390119125757 0
    outer loop
      vertex 1.6844492669611002 -4.707720325915104 0
      vertex 1.7994751826749409 -4.664963994173695 6
      vertex 1.6844492669611002 -4.707720325915104 6
    endloop
  endfacet
  facet normal 0.3713171939518384 -0.9285060804732153 0
    outer loop
      vertex 1.7994751826749409 -4.664963994173695 0
      vertex 1.913417161825449 -4.619397662556434 6
      vertex 1.7994751826749409 -4.664963994173695 6
    endloop
  endfacet
  facet normal 0.3939920400610501 -0.9191138516900569 0
    outer loop
      vertex 1.913417161825449 -4.619397662556434 0
      vertex 2.026206570024949 -4.571048778517653 6
      vertex 1.913417161825449 -4.619397662556434 6
    endloop
  endfacet
  facet normal 0.4164295600976356 -0.9091679830905232 0
    outer loop
      vertex 2.026206570024949 -4.571048778517653 0
      vertex 2.1377754671514104 -4.519946465617217 6
      vertex 2.026206570024949 -4.571048778517653 6
    endloop
  endfacet
  facet normal 0.43861623853852877 -0.8986744656939534 0
    outer loop
      vertex 2.1377754671514104 -4.519946465617217 0
      vertex 2.248056648273033 -4.4661215059775765 6
      vertex 2.1377754671514104 -4.519946465617217 6
    endloop
  endfacet
  facet normal 0.4605387109582369 -0.8876396204028556 0
    outer loop
      vertex 2.248056648273033 -4.4661215059775765 0
      vertex 2.3569836841299883 -4.409606321741776 6
      vertex 2.248056648273033 -4.4661215059775765 6
    endloop
  endfacet
  facet normal 0.48218377207912594 -0.8760700941954048 0
    outer loop
      vertex 2.3569836841299883 -4.409606321741776 0
      vertex 2.46449096114892 -4.350434955543557 6
      vertex 2.3569836841299883 -4.409606321741776 6
    endloop
  endfacet
  facet normal 0.5035383837257181 -0.8639728561215865 0
    outer loop
      vertex 2.46449096114892 -4.350434955543557 0
      vertex 2.570513720966109 -4.28864305000136 6
      vertex 2.46449096114892 -4.350434955543557 6
    endloop
  endfacet
  facet normal 0 0 1
    outer loop
      vertex 0 -5 6
      vertex 0.12270614261456145 -4.998494093481021 6
      vertex 0 -1.6 6
    endloop
  endfacet
  facet normal 0 0 1
    outer loop
      vertex 0.12270614261456145 -4.998494093481021 6
      vertex 0.24533837163709007 -4.993977281025862 6
      vertex 0.11770330175946789 -1.5956647306859044 6
    endloop
  endfacet
  facet normal 0 0 1
    outer loop
      vertex 0.24533837163709007 -4.993977281025862 6
      vertex 0.36782281799833716 -4.986452283393451 6
      vertex 0.2347687591285788 -1.5826824159436497 6
    endloop
  endfacet
  facet normal 0 0 1
    outer loop
      vertex 0.36782281799833716 -4.986452283393451 6
      vertex 0.490085701647803 -4.975923633360985 6
      vertex 0.3505619842509917 -1.5611234080616458 6
    endloop
  endfacet
  facet normal 0 0 1
    outer loop
      vertex 0.490085701647803 -4.975923633360985 6
      vertex 0.612053375996081 -4.96239767299355 6
      vertex 0.46445548360713973 -1.5311045371715342 6
    endloop
  endfacet
  facet normal 0 0 1
    outer loop
      vertex 0.612053375996081 -4.96239767299355 6
      vertex 0.7336523722768087 -4.945882549823905 6
      vertex 0.5758320584559811 -1.4927884781355822 6
    endloop
  endfacet
  facet normal 0 0 1
    outer loop
      vertex 0.7336523722768087 -4.945882549823905 6
      vertex 0.8548094438015061 -4.926388211944706 6
      vertex 0.7193781274473706 -1.4291588819128247 6
    endloop
  endfacet
  facet normal 0 0 1
    outer loop
      vertex 0.12270614261456145 -4.998494093481021 6
      vertex 0.03926596563665966 -1.5995181099139268 6
      vertex 0 -1.6 6
    endloop
  endfacet
  facet normal 0 0 1
    outer loop
      vertex 0.12270614261456145 -4.998494093481021 6
      vertex 0.07850827892386883 -1.598072729928276 6
      vertex 0.03926596563665966 -1.5995181099139268 6
    endloop
  endfacet
  facet normal 0 0 1
    outer loop
      vertex 0.12270614261456145 -4.998494093481021 6
      vertex 0.11770330175946789 -1.5956647306859044 6
      vertex 0.07850827892386883 -1.598072729928276 6
    endloop
  endfacet
  facet normal 0 0 1
    outer loop
      vertex 0.24533837163709007 -4.993977281025862 6
      vertex 0.15682742452729698 -1.592295562675515 6
      vertex 0.11770330175946789 -1.5956647306859044 6
    endloop
  endfacet
  facet normal 0 0 1
    outer loop
      vertex 0.24533837163709007 -4.993977281025862 6
      vertex 0.19585708031874594 -1.587967255357936 6
      vertex 0.15682742452729698 -1.592295562675515 6
    endloop
  endfacet
  facet normal 0 0 1
    outer loop
      vertex 0.24533837163709007 -4.993977281025862 6
      vertex 0.2347687591285788 -1.5826824159436497 6
      vertex 0.19585708031874594 -1.587967255357936 6
    endloop
  endfacet
  facet normal 0 0 1
    outer loop
      vertex 0.36782281799833716 -4.986452283393451 6
      vertex 0.27353902201648195 -1.576444227822306 6
      vertex 0.2347687591285788 -1.5826824159436497 6
    endloop
  endfacet
  facet normal 0 0 1
    outer loop
      vertex 0.36782281799833716 -4.986452283393451 6
      vertex 0.3121445152258052 -1.5692564486451688 6
      vertex 0.27353902201648195 -1.576444227822306 6
    endloop
  endfacet
  facet normal 0 0 1
    outer loop
      vertex 0.36782281799833716 -4.986452283393451 6
      vertex 0.3505619842509917 -1.5611234080616458 6
      vertex 0.3121445152258052 -1.5692564486451688 6
    endloop
  endfacet
  facet normal 0 0 1
    outer loop
      vertex 0.490085701647803 -4.975923633360985 6
      vertex 0.3887682878452222 -1.5520500051112704 6
      vertex 0.3505619842509917 -1.5611234080616458 6
    endloop
  endfacet
  facet normal 0 0 1
    outer loop
      vertex 0.490085701647803 -4.975923633360985 6
      vertex 0.4267404119598375 -1.5420417052727038 6
      vertex 0.3887682878452222 -1.5520500051112704 6
    endloop
  endfacet
  facet normal 0 0 1
    outer loop
      vertex 0.490085701647803 -4.975923633360985 6
      vertex 0.46445548360713973 -1.5311045371715342 6
      vertex 0.4267404119598375 -1.5420417052727038 6
    endloop
  endfacet
  facet normal 0 0 1
    outer loop
      vertex 0.612053375996081 -4.96239767299355 6
      vertex 0.5018907846382265 -1.5192450889488587 6
      vertex 0.46445548360713973 -1.5311045371715342 6
    endloop
  endfacet
  facet normal 0 0 1
    outer loop
      vertex 0.612053375996081 -4.96239767299355 6
      vertex 0.5390237654275521 -1.5064705042928335 6
      vertex 0.5018907846382265 -1.5192450889488587 6
    endloop
  endfacet
  facet normal 0 0 1
    outer loop
      vertex 0.612053375996081 -4.96239767299355 6
      vertex 0.5758320584559811 -1.4927884781355822 6
      vertex 0.5390237654275521 -1.5064705042928335 6
    endloop
  endfacet
  facet normal 0 0 1
    outer loop
      vertex 0.8548094438015061 -4.926388211944706 6
      vertex 0.9754516100806412 -4.903926402016152 6
      vertex 0.8225643907091549 -1.3723657760004353 6
    endloop
  endfacet
  facet normal 0 0 1
    outer loop
      vertex 0.9754516100806412 -4.903926402016152 6
      vertex 1.095506200784349 -4.878510650192643 6
      vertex 0.9531188871878934 -1.285132050369032 6
    endloop
  endfacet
  facet normal 0 0 1
    outer loop
      vertex 1.095506200784349 -4.878510650192643 6
      vertex 1.2149008995163193 -4.8501562659727195 6
      vertex 1.0744943277552295 -1.1855218005679347 6
    endloop
  endfacet
  facet normal 0 0 1
    outer loop
      vertex 0.7336523722768087 -4.945882549823905 6
      vertex 0.6122934917841437 -1.478207252018059 6
      vertex 0.5758320584559811 -1.4927884781355822 6
    endloop
  endfacet
  facet normal 0 0 1
    outer loop
      vertex 0.7336523722768087 -4.945882549823905 6
      vertex 0.6483861024079838 -1.4627356091256491 6
      vertex 0.6122934917841437 -1.478207252018059 6
    endloop
  endfacet
  facet normal 0 0 1
    outer loop
      vertex 0.7336523722768087 -4.945882549823905 6
      vertex 0.6840881494884514 -1.4463828689975093 6
      vertex 0.6483861024079838 -1.4627356091256491 6
    endloop
  endfacet
  facet normal 0 0 1
    outer loop
      vertex 0.7336523722768087 -4.945882549823905 6
      vertex 0.7193781274473706 -1.4291588819128247 6
      vertex 0.6840881494884514 -1.4463828689975093 6
    endloop
  endfacet
  facet normal 0 0 1
    outer loop
      vertex 0.8548094438015061 -4.926388211944706 6
      vertex 0.7542347789215963 -1.4110740229573682 6
      vertex 0.7193781274473706 -1.4291588819128247 6
    endloop
  endfacet
  facet normal 0 0 1
    outer loop
      vertex 0.8548094438015061 -4.926388211944706 6
      vertex 0.7886371075676545 -1.3921391857739385 6
      vertex 0.7542347789215963 -1.4110740229573682 6
    endloop
  endfacet
  facet normal 0 0 1
    outer loop
      vertex 0.8548094438015061 -4.926388211944706 6
      vertex 0.8225643907091549 -1.3723657760004353 6
      vertex 0.7886371075676545 -1.3921391857739385 6
    endloop
  endfacet
  facet normal 0 0 1
    outer loop
      vertex 0.9754516100806412 -4.903926402016152 6
      vertex 0.8559961918193555 -1.3517657043995315 6
      vertex 0.8225643907091549 -1.3723657760004353 6
    endloop
  endfacet
  facet normal 0 0 1
    outer loop
      vertex 0.9754516100806412 -4.903926402016152 6
      vertex 0.8889123728313635 -1.3303513796840725 6
      vertex 0.8559961918193555 -1.3517657043995315 6
    endloop
  endfacet
  facet normal 0 0 1
    outer loop
      vertex 0.9754516100806412 -4.903926402016152 6
      vertex 0.9212931062685525 -1.308135701042534 6
      vertex 0.8889123728313635 -1.3303513796840725 6
    endloop
  endfacet
  facet normal 0 0 1
    outer loop
      vertex 1.2149008995163193 -4.8501562659727195 6
      vertex 1.333563787374492 -4.818880328977199 6
      vertex 1.2115341544103755 -1.045076548726043 6
    endloop
  endfacet
  facet normal 0 0 1
    outer loop
      vertex 1.333563787374492 -4.818880328977199 6
      vertex 1.4514233862723116 -4.784701678661044 6
      vertex 1.3303513796840725 -0.8889123728313635 6
    endloop
  endfacet
  facet normal 0 0 1
    outer loop
      vertex 1.4514233862723116 -4.784701678661044 6
      vertex 1.5684087019944575 -4.747640902965183 6
      vertex 1.4463828689975093 -0.6840881494884514 6
    endloop
  endfacet
  facet normal 0 0 1
    outer loop
      vertex 1.5684087019944575 -4.747640902965183 6
      vertex 1.6844492669611002 -4.707720325915104 6
      vertex 1.5611234080616458 -0.3505619842509917 6
    endloop
  endfacet
  facet normal 0 0 1
    outer loop
      vertex 0.9754516100806412 -4.903926402016152 6
      vertex 0.9531188871878934 -1.285132050369032 6
      vertex 0.9212931062685525 -1.308135701042534 6
    endloop
  endfacet
  facet normal 0 0 1
    outer loop
      vertex 1.095506200784349 -4.878510650192643 6
      vertex 0.984370544929003 -1.2613542842025702 6
      vertex 0.9531188871878934 -1.285132050369032 6
    endloop
  endfacet
  facet normal 0 0 1
    outer loop
      vertex 1.095506200784349 -4.878510650192643 6
      vertex 1.015029254661833 -1.2368167253803792 6
      vertex 0.984370544929003 -1.2613542842025702 6
    endloop
  endfacet
  facet normal 0 0 1
    outer loop
      vertex 1.095506200784349 -4.878510650192643 6
      vertex 1.045076548726043 -1.2115341544103755 6
      vertex 1.015029254661833 -1.2368167253803792 6
    endloop
  endfacet
  facet normal 0 0 1
    outer loop
      vertex 1.095506200784349 -4.878510650192643 6
      vertex 1.0744943277552295 -1.1855218005679347 6
      vertex 1.045076548726043 -1.2115341544103755 6
    endloop
  endfacet
  facet normal 0 0 1
    outer loop
      vertex 1.2149008995163193 -4.8501562659727195 6
      vertex 1.103264871579307 -1.1587953327223472 6
      vertex 1.0744943277552295 -1.1855218005679347 6
    endloop
  endfacet
  facet normal 0 0 1
    outer loop
      vertex 1.2149008995163193 -4.8501562659727195 6
      vertex 1.1313708498984762 -1.1313708498984762 6
      vertex 1.103264871579307 -1.1587953327223472 6
    endloop
  endfacet
  facet normal 0 0 1
    outer loop
      vertex 1.2149008995163193 -4.8501562659727195 6
      vertex 1.1587953327223472 -1.103264871579307 6
      vertex 1.1313708498984762 -1.1313708498984762 6
    endloop
  endfacet
  facet normal 0 0 1
    outer loop
      vertex 1.2149008995163193 -4.8501562659727195 6
      vertex 1.1855218005679347 -1.0744943277552295 6
      vertex 1.1587953327223472 -1.103264871579307 6
    endloop
  endfacet
  facet normal 0 0 1
    outer loop
      vertex 1.2149008995163193 -4.8501562659727195 6
      vertex 1.2115341544103755 -1.045076548726043 6
      vertex 1.1855218005679347 -1.0744943277552295 6
    endloop
  endfacet
  facet normal 0 0 1
    outer loop
      vertex 1.333563787374492 -4.818880328977199 6
      vertex 1.2368167253803792 -1.015029254661833 6
      vertex 1.2115341544103755 -1.045076548726043 6
    endloop
  endfacet
  facet normal 0 0 1
    outer loop
      vertex 1.333563787374492 -4.818880328977199 6
      vertex 1.2613542842025702 -0.984370544929003 6
      vertex 1.2368167253803792 -1.015029254661833 6
    endloop
  endfacet
  facet normal 0 0 1
    outer loop
      vertex 1.333563787374492 -4.818880328977199 6
      vertex 1.285132050369032 -0.9531188871878934 6
      vertex 1.2613542842025702 -0.984370544929003 6
    endloop
  endfacet
  facet normal 0 0 1
    outer loop
      vertex 1.333563787374492 -4.818880328977199 6
      vertex 1.308135701042534 -0.9212931062685525 6
      vertex 1.285132050369032 -0.9531188871878934 6
    endloop
  endfacet
  facet normal 0 0 1
    outer loop
      vertex 1.333563787374492 -4.818880328977199 6
      vertex 1.3303513796840725 -0.8889123728313635 6
      vertex 1.308135701042534 -0.9212931062685525 6
    endloop
  endfacet
  facet normal 0 0 1
    outer loop
      vertex 1.4514233862723116 -4.784701678661044 6
      vertex 1.3517657043995315 -0.8559961918193555 6
      vertex 1.3303513796840725 -0.8889123728313635 6
    endloop
  endfacet
  facet normal 0 0 1
    outer loop
      vertex 1.4514233862723116 -4.784701678661044 6
      vertex 1.3723657760004353 -0.8225643907091549 6
      vertex 1.3517657043995315 -0.8559961918193555 6
    endloop
  endfacet
  facet normal 0 0 1
    outer loop
      vertex 1.4514233862723116 -4.784701678661044 6
      vertex 1.3921391857739385 -0.7886371075676545 6
      vertex 1.3723657760004353 -0.8225643907091549 6
    endloop
  endfacet
  facet normal 0 0 1
    outer loop
      vertex 1.4514233862723116 -4.784701678661044 6
      vertex 1.4110740229573682 -0.7542347789215963 6
      vertex 1.3921391857739385 -0.7886371075676545 6
    endloop
  endfacet
  facet normal 0 0 1
    outer loop
      vertex 1.4514233862723116 -4.784701678661044 6
      vertex 1.4291588819128247 -0.7193781274473706 6
      vertex 1.4110740229573682 -0.7542347789215963 6
    endloop
  endfacet
  facet normal 0 0 1
    outer loop
      vertex 1.4514233862723116 -4.784701678661044 6
      vertex 1.4463828689975093 -0.6840881494884514 6
      vertex 1.4291588819128247 -0.7193781274473706 6
    endloop
  endfacet
  facet normal 0 0 1
    outer loop
      vertex 1.5684087019944575 -4.747640902965183 6
      vertex 1.4627356091256491 -0.6483861024079838 6
      vertex 1.4463828689975093 -0.6840881494884514 6
    endloop
  endfacet
  facet normal 0 0 1
    outer loop
      vertex 1.5684087019944575 -4.747640902965183 6
      vertex 1.478207252018059 -0.6122934917841437 6
      vertex 1.4627356091256491 -0.6483861024079838 6
    endloop
  endfacet
  facet normal 0 0 1
    outer loop
      vertex 1.5684087019944575 -4.747640902965183 6
      vertex 1.4927884781355822 -0.5758320584559811 6
      vertex 1.478207252018059 -0.6122934917841437 6
    endloop
  endfacet
  facet normal 0 0 1
    outer loop
      vertex 1.5684087019944575 -4.747640902965183 6
      vertex 1.5064705042928335 -0.5390237654275521 6
      vertex 1.4927884781355822 -0.5758320584559811 6
    endloop
  endfacet
  facet normal 0 0 1
    outer loop
      vertex 1.5684087019944575 -4.747640902965183 6
      vertex 1.5192450889488587 -0.5018907846382265 6
      vertex 1.5064705042928335 -0.5390237654275521 6
    endloop
  endfacet
  facet normal 0 0 1
    outer loop
      vertex 1.5684087019944575 -4.747640902965183 6
      vertex 1.5311045371715342 -0.46445548360713973 6
      vertex 1.5192450889488587 -0.5018907846382265 6
    endloop
  endfacet
  facet normal 0 0 1
    outer loop
      vertex 1.5684087019944575 -4.747640902965183 6
      vertex 1.5420417052727038 -0.4267404119598375 6
      vertex 1.5311045371715342 -0.46445548360713973 6
    endloop
  endfacet
  facet normal 0 0 1
    outer loop
      vertex 1.5684087019944575 -4.747640902965183 6
      vertex 1.5520500051112704 -0.3887682878452222 6
      vertex 1.5420417052727038 -0.4267404119598375 6
    endloop
  endfacet
  facet normal 0 0 1
    outer loop
      vertex 1.5684087019944575 -4.747640902965183 6
      vertex 1.5611234080616458 -0.3505619842509917 6
      vertex 1.5520500051112704 -0.3887682878452222 6
    endloop
  endfacet
  facet normal 0 0 1
    outer loop
      vertex 1.6844492669611002 -4.707720325915104 6
      vertex 1.5692564486451688 -0.3121445152258052 6
      vertex 1.5611234080616458 -0.3505619842509917 6
    endloop
  endfacet
  facet normal 0 0 1
    outer loop
      vertex 1.6844492669611002 -4.707720325915104 6
      vertex 1.576444227822306 -0.27353902201648195 6
      vertex 1.5692564486451688 -0.3121445152258052 6
    endloop
  endfacet
  facet normal 0 0 1
    outer loop
      vertex 1.6844492669611002 -4.707720325915104 6
      vertex 1.5826824159436497 -0.2347687591285788 6
      vertex 1.576444227822306 -0.27353902201648195 6
    endloop
  endfacet
  facet normal 0 0 1
    outer loop
      vertex 1.6844492669611002 -4.707720325915104 6
      vertex 1.587967255357936 -0.19585708031874594 6
      vertex 1.5826824159436497 -0.2347687591285788 6
    endloop
  endfacet
  facet normal 0 0 1
    outer loop
      vertex 1.6844492669611002 -4.707720325915104 6
      vertex 1.592295562675515 -0.15682742452729698 6
      vertex 1.587967255357936 -0.19585708031874594 6
    endloop
  endfacet
  facet normal 0 0 1
    outer loop
      vertex 1.6844492669611002 -4.707720325915104 6
      vertex 1.5956647306859044 -0.11770330175946789 6
      vertex 1.592295562675515 -0.15682742452729698 6
    endloop
  endfacet
  facet normal 0 0 1
    outer loop
      vertex 1.6844492669611002 -4.707720325915104 6
      vertex 1.598072729928276 -0.07850827892386883 6
      vertex 1.5956647306859044 -0.11770330175946789 6
    endloop
  endfacet
  facet normal 0 0 1
    outer loop
      vertex 1.6844492669611002 -4.707720325915104 6
      vertex 1.5995181099139268 -0.03926596563665966 6
      vertex 1.598072729928276 -0.07850827892386883 6
    endloop
  endfacet
  facet normal 0 0 1
    outer loop
      vertex 1.6844492669611002 -4.707720325915104 6
      vertex 1.6 0 6
      vertex 1.5995181099139268 -0.03926596563665966 6
    endloop
  endfacet
  facet normal 0 0 1
    outer loop
      vertex 1.6844492669611002 -4.707720325915104 6
      vertex 1.7994751826749409 -4.664963994173695 6
      vertex 1.6844492669611002 4.707720325915104 6
    endloop
  endfacet
  facet normal 0 0 1
    outer loop
      vertex 1.7994751826749409 -4.664963994173695 6
      vertex 1.913417161825449 -4.619397662556434 6
      vertex 1.7994751826749409 4.664963994173695 6
    endloop
  endfacet
  facet normal 0 0 1
    outer loop
      vertex 1.913417161825449 -4.619397662556434 6
      vertex 2.026206570024949 -4.571048778517653 6
      vertex 1.913417161825449 4.619397662556434 6
    endloop
  endfacet
  facet normal 0 0 1
    outer loop
      vertex 2.026206570024949 -4.571048778517653 6
      vertex 2.1377754671514104 -4.519946465617217 6
      vertex 2.026206570024949 4.571048778517653 6
    endloop
  endfacet
  facet normal 0 0 1
    outer loop
      vertex 2.1377754671514104 -4.519946465617217 6
      vertex 2.248056648273033 -4.4661215059775765 6
      vertex 2.1377754671514104 4.519946465617217 6
    endloop
  endfacet
  facet normal 0 0 1
    outer loop
      vertex 2.248056648273033 -4.4661215059775765 6
      vertex 2.3569836841299883 -4.409606321741776 6
      vertex 2.248056648273033 4.4661215059775765 6
    endloop
  endfacet
  facet normal 0 0 1
    outer loop
      vertex 2.3569836841299883 -4.409606321741776 6
      vertex 2.46449096114892 -4.350434955543557 6
      vertex 2.3569836841299883 4.409606321741776 6
    endloop
  endfacet
  facet normal 0 0 1
    outer loop
      vertex 2.46449096114892 -4.350434955543557 6
      vertex 2.570513720966109 -4.28864305000136 6
      vertex 2.46449096114892 4.350434955543557 6
    endloop
  endfacet
  facet normal 0.5245896826784686 -0.8513551931052653 0
    outer loop
      vertex 2.570513720966109 -4.28864305000136 0
      vertex 2.6749880994354855 -4.224267826248536 6
      vertex 2.570513720966109 -4.28864305000136 6
    endloop
  endfacet
  facet normal 0.545324988422046 -0.8382247055548383 0
    outer loop
      vertex 2.6749880994354855 -4.224267826248536 0
      vertex 2.777851165098011 -4.157348061512726 6
      vertex 2.6749880994354855 -4.224267826248536 6
    endloop
  endfacet
  facet normal 0.5657318107836126 -0.8245893027850258 0
    outer loop
      vertex 2.777851165098011 -4.157348061512726 0
      vertex 2.879040957089227 -4.087924065757918 6
      vertex 2.777851165098011 -4.157348061512726 6
    endloop
  endfacet
  facet normal 0.5857978574564366 -0.8104571982525963 0
    outer loop
      vertex 2.879040957089227 -4.087924065757918 0
      vertex 2.9784965224621667 -4.016037657403225 6
      vertex 2.879040957089227 -4.087924065757918 6
    endloop
  endfacet
  facet normal 0.6055110414043269 -0.7958369046088826 0
    outer loop
      vertex 2.9784965224621667 -4.016037657403225 0
      vertex 3.076157952903134 -3.9417321381330317 6
      vertex 2.9784965224621667 -4.016037657403225 6
    endloop
  endfacet
  facet normal 0.6248594881423863 -0.7807372285720945 0
    outer loop
      vertex 3.076157952903134 -3.9417321381330317 0
      vertex 3.1719664208182277 -3.865052266813685 6
      vertex 3.076157952903134 -3.9417321381330317 6
    endloop
  endfacet
  facet normal 0.6438315428897915 -0.765167265622459 0
    outer loop
      vertex 3.1719664208182277 -3.865052266813685 0
      vertex 3.2658642147688837 -3.786044232532423 6
      vertex 3.1719664208182277 -3.865052266813685 6
    endloop
  endfacet
  facet normal 0.662415777590171 -0.7491363945234601 0
    outer loop
      vertex 3.2658642147688837 -3.786044232532423 0
      vertex 3.357794774235092 -3.7047556267747956 6
      vertex 3.2658642147688837 -3.786044232532423 6
    endloop
  endfacet
  facet normal 0.6806009977954534 -0.7326542716724125 0
    outer loop
      vertex 3.357794774235092 -3.7047556267747956 0
      vertex 3.4477027236853344 -3.621235414757335 6
      vertex 3.357794774235092 -3.7047556267747956 6
    endloop
  endfacet
  facet normal 0.6983762494089729 -0.7157308252838186 0
    outer loop
      vertex 3.4477027236853344 -3.621235414757335 0
      vertex 3.5355339059327378 -3.5355339059327378 6
      vertex 3.4477027236853344 -3.621235414757335 6
    endloop
  endfacet
  facet normal 0.7157308252838186 -0.6983762494089729 0
    outer loop
      vertex 3.621235414757335 -3.4477027236853344 0
      vertex 3.621235414757335 -3.4477027236853344 6
      vertex 3.5355339059327378 -3.5355339059327378 6
    endloop
  endfacet
  facet normal 0.7326542716724125 -0.6806009977954534 0
    outer loop
      vertex 3.7047556267747956 -3.357794774235092 0
      vertex 3.7047556267747956 -3.357794774235092 6
      vertex 3.621235414757335 -3.4477027236853344 6
    endloop
  endfacet
  facet normal 0.7491363945234601 -0.662415777590171 0
    outer loop
      vertex 3.786044232532423 -3.2658642147688837 0
      vertex 3.786044232532423 -3.2658642147688837 6
      vertex 3.7047556267747956 -3.357794774235092 6
    endloop
  endfacet
  facet normal 0.765167265622459 -0.6438315428897915 0
    outer loop
      vertex 3.865052266813685 -3.1719664208182277 0
      vertex 3.865052266813685 -3.1719664208182277 6
      vertex 3.786044232532423 -3.2658642147688837 6
    endloop
  endfacet
  facet normal 0.7807372285720945 -0.6248594881423863 0
    outer loop
      vertex 3.9417321381330317 -3.076157952903134 0
      vertex 3.9417321381330317 -3.076157952903134 6
      vertex 3.865052266813685 -3.1719664208182277 6
    endloop
  endfacet
  facet normal 0.7958369046088826 -0.6055110414043269 0
    outer loop
      vertex 4.016037657403225 -2.9784965224621667 0
      vertex 4.016037657403225 -2.9784965224621667 6
      vertex 3.9417321381330317 -3.076157952903134 6
    endloop
  endfacet
  facet normal 0.8104571982525963 -0.5857978574564366 0
    outer loop
      vertex 4.087924065757918 -2.879040957089227 0
      vertex 4.087924065757918 -2.879040957089227 6
      vertex 4.016037657403225 -2.9784965224621667 6
    endloop
  endfacet
  facet normal 0.8245893027850258 -0.5657318107836126 0
    outer loop
      vertex 4.157348061512726 -2.777851165098011 0
      vertex 4.157348061512726 -2.777851165098011 6
      vertex 4.087924065757918 -2.879040957089227 6
    endloop
  endfacet
  facet normal 0.8382247055548383 -0.545324988422046 0
    outer loop
      vertex 4.224267826248536 -2.6749880994354855 0
      vertex 4.224267826248536 -2.6749880994354855 6
      vertex 4.157348061512726 -2.777851165098011 6
    endloop
  endfacet
  facet normal 0.8513551931052653 -0.5245896826784686 0
    outer loop
      vertex 4.28864305000136 -2.570513720966109 0
      vertex 4.28864305000136 -2.570513720966109 6
      vertex 4.224267826248536 -2.6749880994354855 6
    endloop
  endfacet
  facet normal 0.8639728561215865 -0.5035383837257181 0
    outer loop
      vertex 4.350434955543557 -2.46449096114892 0
      vertex 4.350434955543557 -2.46449096114892 6
      vertex 4.28864305000136 -2.570513720966109 6
    endloop
  endfacet
  facet normal 0.8760700941954048 -0.48218377207912594 0
    outer loop
      vertex 4.409606321741776 -2.3569836841299883 0
      vertex 4.409606321741776 -2.3569836841299883 6
      vertex 4.350434955543557 -2.46449096114892 6
    endloop
  endfacet
  facet normal 0.8876396204028556 -0.4605387109582369 0
    outer loop
      vertex 4.4661215059775765 -2.248056648273033 0
      vertex 4.4661215059775765 -2.248056648273033 6
      vertex 4.409606321741776 -2.3569836841299883 6
    endloop
  endfacet
  facet normal 0.8986744656939534 -0.43861623853852877 0
    outer loop
      vertex 4.519946465617217 -2.1377754671514104 0
      vertex 4.519946465617217 -2.1377754671514104 6
      vertex 4.4661215059775765 -2.248056648273033 6
    endloop
  endfacet
  facet normal 0.9091679830905232 -0.4164295600976356 0
    outer loop
      vertex 4.571048778517653 -2.026206570024949 0
      vertex 4.571048778517653 -2.026206570024949 6
      vertex 4.519946465617217 -2.1377754671514104 6
    endloop
  endfacet
  facet normal 0.9191138516900569 -0.3939920400610501 0
    outer loop
      vertex 4.619397662556434 -1.913417161825449 0
      vertex 4.619397662556434 -1.913417161825449 6
      vertex 4.571048778517653 -2.026206570024949 6
    endloop
  endfacet
  facet normal 0.9285060804732153 -0.3713171939518384 0
    outer loop
      vertex 4.664963994173695 -1.7994751826749409 0
      vertex 4.664963994173695 -1.7994751826749409 6
      vertex 4.619397662556434 -1.913417161825449 6
    endloop
  endfacet
  facet normal 0.9373390119125757 -0.34841868024943257 0
    outer loop
      vertex 4.707720325915104 -1.6844492669611002 0
      vertex 4.707720325915104 -1.6844492669611002 6
      vertex 4.664963994173695 -1.7994751826749409 6
    endloop
  endfacet
  facet normal 0.9456073253805217 -0.32531029216226176 0
    outer loop
      vertex 4.747640902965183 -1.5684087019944575 0
      vertex 4.747640902965183 -1.5684087019944575 6
      vertex 4.707720325915104 -1.6844492669611002 6
    endloop
  endfacet
  facet normal 0.9533060403541945 -0.3020059493192255 0
    outer loop
      vertex 4.784701678661044 -1.4514233862723116 0
      vertex 4.784701678661044 -1.4514233862723116 6
      vertex 4.747640902965183 -1.5684087019944575 6
    endloop
  endfacet
  facet normal 0.9604305194155647 -0.278519689385057 0
    outer loop
      vertex 4.818880328977199 -1.333563787374492 0
      vertex 4.818880328977199 -1.333563787374492 6
      vertex 4.784701678661044 -1.4514233862723116 6
    endloop
  endfacet
  facet normal 0.966976471044853 -0.25486565960451085 0
    outer loop
      vertex 4.8501562659727195 -1.2149008995163193 0
      vertex 4.8501562659727195 -1.2149008995163193 6
      vertex 4.818880328977199 -1.333563787374492 6
    endloop
  endfacet
  facet normal 0.9729399522055585 -0.2310581082806783 0
    outer loop
      vertex 4.878510650192643 -1.095506200784349 0
      vertex 4.878510650192643 -1.095506200784349 6
      vertex 4.8501562659727195 -1.2149008995163193 6
    endloop
  endfacet
  facet normal 0.9783173707196285 -0.20711137619221393 0
    outer loop
      vertex 4.903926402016152 -0.9754516100806412 0
      vertex 4.903926402016152 -0.9754516100806412 6
      vertex 4.878510650192643 -1.095506200784349 6
    endloop
  endfacet
  facet normal 0.9831054874312157 -0.18303988795514362 0
    outer loop
      vertex 4.926388211944706 -0.8548094438015061 0
      vertex 4.926388211944706 -0.8548094438015061 6
      vertex 4.903926402016152 -0.9754516100806412 6
    endloop
  endfacet
  facet normal 0.9873014181578589 -0.15885814333385861 0
    outer loop
      vertex 4.945882549823905 -0.7336523722768087 0
      vertex 4.945882549823905 -0.7336523722768087 6
      vertex 4.926388211944706 -0.8548094438015061 6
    endloop
  endfacet
  facet normal 0.9909026354277799 -0.13458070850712694 0
    outer loop
      vertex 4.96239767299355 -0.612053375996081 0
      vertex 4.96239767299355 -0.612053375996081 6
      vertex 4.945882549823905 -0.7336523722768087 6
    endloop
  endfacet
  facet normal 0.9939069700023555 -0.1102222072938869 0
    outer loop
      vertex 4.975923633360985 -0.490085701647803 0
      vertex 4.975923633360985 -0.490085701647803 6
      vertex 4.96239767299355 -0.612053375996081 6
    endloop
  endfacet
  facet normal 0.9963126121827786 -0.08579731234443423 0
    outer loop
      vertex 4.986452283393451 -0.36782281799833716 0
      vertex 4.986452283393451 -0.36782281799833716 6
      vertex 4.975923633360985 -0.490085701647803 6
    endloop
  endfacet
  facet normal 0.9981181129001488 -0.06132073630221303 0
    outer loop
      vertex 4.993977281025862 -0.24533837163709007 0
      vertex 4.993977281025862 -0.24533837163709007 6
      vertex 4.986452283393451 -0.36782281799833716 6
    endloop
  endfacet
  facet normal 0.9993223845883497 -0.03680722294135684 0
    outer loop
      vertex 4.998494093481021 -0.12270614261456145 0
      vertex 4.998494093481021 -0.12270614261456145 6
      vertex 4.993977281025862 -0.24533837163709007 6
    endloop
  endfacet
  facet normal 0.9999247018391445 -0.012271538285719615 0
    outer loop
      vertex 4.998494093481021 -0.12270614261456145 6
      vertex 5 0 0
      vertex 5 0 6
    endloop
  endfacet
  facet normal 0 0 1
    outer loop
      vertex 2.570513720966109 -4.28864305000136 6
      vertex 2.6749880994354855 -4.224267826248536 6
      vertex 2.570513720966109 4.28864305000136 6
    endloop
  endfacet
  facet normal 0 0 1
    outer loop
      vertex 2.6749880994354855 -4.224267826248536 6
      vertex 2.777851165098011 -4.157348061512726 6
      vertex 2.6749880994354855 4.224267826248536 6
    endloop
  endfacet
  facet normal 0 0 1
    outer loop
      vertex 2.777851165098011 -4.157348061512726 6
      vertex 2.879040957089227 -4.087924065757918 6
      vertex 2.777851165098011 4.157348061512726 6
    endloop
  endfacet
  facet normal 0 0 1
    outer loop
      vertex 2.879040957089227 -4.087924065757918 6
      vertex 2.9784965224621667 -4.016037657403225 6
      vertex 2.879040957089227 4.087924065757918 6
    endloop
  endfacet
  facet normal 0 0 1
    outer loop
      vertex 2.9784965224621667 -4.016037657403225 6
      vertex 3.076157952903134 -3.9417321381330317 6
      vertex 2.9784965224621667 4.016037657403225 6
    endloop
  endfacet
  facet normal 0 0 1
    outer loop
      vertex 3.076157952903134 -3.9417321381330317 6
      vertex 3.1719664208182277 -3.865052266813685 6
      vertex 3.076157952903134 3.9417321381330317 6
    endloop
  endfacet
  facet normal 0 0 1
    outer loop
      vertex 3.1719664208182277 -3.865052266813685 6
      vertex 3.2658642147688837 -3.786044232532423 6
      vertex 3.1719664208182277 3.865052266813685 6
    endloop
  endfacet
  facet normal 0 0 1
    outer loop
      vertex 3.2658642147688837 -3.786044232532423 6
      vertex 3.357794774235092 -3.7047556267747956 6
      vertex 3.2658642147688837 3.786044232532423 6
    endloop
  endfacet
  facet normal 0 0 1
    outer loop
      vertex 3.357794774235092 -3.7047556267747956 6
      vertex 3.4477027236853344 -3.621235414757335 6
      vertex 3.357794774235092 3.7047556267747956 6
    endloop
  endfacet
  facet normal 0 0 1
    outer loop
      vertex 3.4477027236853344 -3.621235414757335 6
      vertex 3.5355339059327378 -3.5355339059327378 6
      vertex 3.4477027236853344 3.621235414757335 6
    endloop
  endfacet
  facet normal 0 0 1
    outer loop
      vertex 3.5355339059327378 -3.5355339059327378 6
      vertex 3.621235414757335 -3.4477027236853344 6
      vertex 3.5355339059327378 3.5355339059327378 6
    endloop
  endfacet
  facet normal 0 0 1
    outer loop
      vertex 3.621235414757335 -3.4477027236853344 6
      vertex 3.7047556267747956 -3.357794774235092 6
      vertex 3.621235414757335 3.4477027236853344 6
    endloop
  endfacet
  facet normal 0 0 1
    outer loop
      vertex 3.7047556267747956 -3.357794774235092 6
      vertex 3.786044232532423 -3.2658642147688837 6
      vertex 3.7047556267747956 3.357794774235092 6
    endloop
  endfacet
  facet normal 0 0 1
    outer loop
      vertex 3.786044232532423 -3.2658642147688837 6
      vertex 3.865052266813685 -3.1719664208182277 6
      vertex 3.786044232532423 3.2658642147688837 6
    endloop
  endfacet
  facet normal 0 0 1
    outer loop
      vertex 3.865052266813685 -3.1719664208182277 6
      vertex 3.9417321381330317 -3.076157952903134 6
      vertex 3.865052266813685 3.1719664208182277 6
    endloop
  endfacet
  facet normal 0 0 1
    outer loop
      vertex 3.9417321381330317 -3.076157952903134 6
      vertex 4.016037657403225 -2.9784965224621667 6
      vertex 3.9417321381330317 3.076157952903134 6
    endloop
  endfacet
  facet normal 0 0 1
    outer loop
      vertex 4.016037657403225 -2.9784965224621667 6
      vertex 4.087924065757918 -2.879040957089227 6
      vertex 4.016037657403225 2.9784965224621667 6
    endloop
  endfacet
  facet normal 0 0 1
    outer loop
      vertex 4.087924065757918 -2.879040957089227 6
      vertex 4.157348061512726 -2.777851165098011 6
      vertex 4.087924065757918 2.879040957089227 6
    endloop
  endfacet
  facet normal 0 0 1
    outer loop
      vertex 4.157348061512726 -2.777851165098011 6
      vertex 4.224267826248536 -2.6749880994354855 6
      vertex 4.157348061512726 2.777851165098011 6
    endloop
  endfacet
  facet normal 0 0 1
    outer loop
      vertex 4.224267826248536 -2.6749880994354855 6
      vertex 4.28864305000136 -2.570513720966109 6
      vertex 4.224267826248536 2.6749880994354855 6
    endloop
  endfacet
  facet normal 0 0 1
    outer loop
      vertex 4.28864305000136 -2.570513720966109 6
      vertex 4.350434955543557 -2.46449096114892 6
      vertex 4.28864305000136 2.570513720966109 6
    endloop
  endfacet
  facet normal 0 0 1
    outer loop
      vertex 4.350434955543557 -2.46449096114892 6
      vertex 4.409606321741776 -2.3569836841299883 6
      vertex 4.350434955543557 2.46449096114892 6
    endloop
  endfacet
  facet normal 0 0 1
    outer loop
      vertex 4.409606321741776 -2.3569836841299883 6
      vertex 4.4661215059775765 -2.248056648273033 6
      vertex 4.409606321741776 2.3569836841299883 6
    endloop
  endfacet
  facet normal 0 0 1
    outer loop
      vertex 4.4661215059775765 -2.248056648273033 6
      vertex 4.519946465617217 -2.1377754671514104 6
      vertex 4.4661215059775765 2.248056648273033 6
    endloop
  endfacet
  facet normal 0 0 1
    outer loop
      vertex 4.519946465617217 -2.1377754671514104 6
      vertex 4.571048778517653 -2.026206570024949 6
      vertex 4.519946465617217 2.1377754671514104 6
    endloop
  endfacet
  facet normal 0 0 1
    outer loop
      vertex 4.571048778517653 -2.026206570024949 6
      vertex 4.619397662556434 -1.913417161825449 6
      vertex 4.571048778517653 2.026206570024949 6
    endloop
  endfacet
  facet normal 0 0 1
    outer loop
      vertex 4.619397662556434 -1.913417161825449 6
      vertex 4.664963994173695 -1.7994751826749409 6
      vertex 4.619397662556434 1.913417161825449 6
    endloop
  endfacet
  facet normal 0 0 1
    outer loop
      vertex 4.664963994173695 -1.7994751826749409 6
      vertex 4.707720325915104 -1.6844492669611002 6
      vertex 4.664963994173695 1.7994751826749409 6
    endloop
  endfacet
  facet normal 0 0 1
    outer loop
      vertex 4.707720325915104 -1.6844492669611002 6
      vertex 4.747640902965183 -1.5684087019944575 6
      vertex 4.707720325915104 1.6844492669611002 6
    endloop
  endfacet
  facet normal 0 0 1
    outer loop
      vertex 4.747640902965183 -1.5684087019944575 6
      vertex 4.784701678661044 -1.4514233862723116 6
      vertex 4.747640902965183 1.5684087019944575 6
    endloop
  endfacet
  facet normal 0 0 1
    outer loop
      vertex 4.784701678661044 -1.4514233862723116 6
      vertex 4.818880328977199 -1.333563787374492 6
      vertex 4.784701678661044 1.4514233862723116 6
    endloop
  endfacet
  facet normal 0 0 1
    outer loop
      vertex 4.818880328977199 -1.333563787374492 6
      vertex 4.8501562659727195 -1.2149008995163193 6
      vertex 4.818880328977199 1.333563787374492 6
    endloop
  endfacet
  facet normal 0 0 1
    outer loop
      vertex 4.8501562659727195 -1.2149008995163193 6
      vertex 4.878510650192643 -1.095506200784349 6
      vertex 4.8501562659727195 1.2149008995163193 6
    endloop
  endfacet
  facet normal 0 0 1
    outer loop
      vertex 4.878510650192643 -1.095506200784349 6
      vertex 4.903926402016152 -0.9754516100806412 6
      vertex 4.878510650192643 1.095506200784349 6
    endloop
  endfacet
  facet normal 0 0 1
    outer loop
      vertex 4.903926402016152 -0.9754516100806412 6
      vertex 4.926388211944706 -0.8548094438015061 6
      vertex 4.903926402016152 0.9754516100806412 6
    endloop
  endfacet
  facet normal 0 0 1
    outer loop
      vertex 4.926388211944706 -0.8548094438015061 6
      vertex 4.945882549823905 -0.7336523722768087 6
      vertex 4.926388211944706 0.8548094438015061 6
    endloop
  endfacet
  facet normal 0 0 1
    outer loop
      vertex 4.945882549823905 -0.7336523722768087 6
      vertex 4.96239767299355 -0.612053375996081 6
      vertex 4.945882549823905 0.7336523722768087 6
    endloop
  endfacet
  facet normal 0 0 1
    outer loop
      vertex 4.96239767299355 -0.612053375996081 6
      vertex 4.975923633360985 -0.490085701647803 6
      vertex 4.96239767299355 0.612053375996081 6
    endloop
  endfacet
  facet normal 0 0 1
    outer loop
      vertex 4.975923633360985 -0.490085701647803 6
      vertex 4.986452283393451 -0.36782281799833716 6
      vertex 4.975923633360985 0.490085701647803 6
    endloop
  endfacet
  facet normal 0 0 1
    outer loop
      vertex 4.986452283393451 -0.36782281799833716 6
      vertex 4.993977281025862 -0.24533837163709007 6
      vertex 4.986452283393451 0.36782281799833716 6
    endloop
  endfacet
  facet normal 0 0 1
    outer loop
      vertex 4.993977281025862 -0.24533837163709007 6
      vertex 4.998494093481021 -0.12270614261456145 6
      vertex 4.993977281025862 0.24533837163709007 6
    endloop
  endfacet
  facet normal 0 0 -1
    outer loop
      vertex 0 -5 0
      vertex 0 5 0
      vertex 0.12270614261456145 4.998494093481021 0
    endloop
  endfacet
  facet normal 0 0 -1
    outer loop
      vertex 0.12270614261456145 -4.998494093481021 0
      vertex 0.12270614261456145 4.998494093481021 0
      vertex 0.24533837163709007 4.993977281025862 0
    endloop
  endfacet
  facet normal 0 0 -1
    outer loop
      vertex 0.24533837163709007 -4.993977281025862 0
      vertex 0.24533837163709007 4.993977281025862 0
      vertex 0.36782281799833716 4.986452283393451 0
    endloop
  endfacet
  facet normal 0 0 -1
    outer loop
      vertex 0.36782281799833716 -4.986452283393451 0
      vertex 0.36782281799833716 4.986452283393451 0
      vertex 0.490085701647803 4.975923633360985 0
    endloop
  endfacet
  facet normal 0 0 -1
    outer loop
      vertex 0.490085701647803 -4.975923633360985 0
      vertex 0.490085701647803 4.975923633360985 0
      vertex 0.612053375996081 4.96239767299355 0
    endloop
  endfacet
  facet normal 0 0 -1
    outer loop
      vertex 0.612053375996081 -4.96239767299355 0
      vertex 0.612053375996081 4.96239767299355 0
      vertex 0.7336523722768087 4.945882549823905 0
    endloop
  endfacet
  facet normal 0 0 -1
    outer loop
      vertex 0.7336523722768087 -4.945882549823905 0
      vertex 0.7336523722768087 4.945882549823905 0
      vertex 0.8548094438015061 4.926388211944706 0
    endloop
  endfacet
  facet normal 0 0 -1
    outer loop
      vertex 0.8548094438015061 -4.926388211944706 0
      vertex 0.8548094438015061 4.926388211944706 0
      vertex 0.9754516100806412 4.903926402016152 0
    endloop
  endfacet
  facet normal 0 0 -1
    outer loop
      vertex 0.9754516100806412 -4.903926402016152 0
      vertex 0.9754516100806412 4.903926402016152 0
      vertex 1.095506200784349 4.878510650192643 0
    endloop
  endfacet
  facet normal 0 0 -1
    outer loop
      vertex 1.095506200784349 -4.878510650192643 0
      vertex 1.095506200784349 4.878510650192643 0
      vertex 1.2149008995163193 4.8501562659727195 0
    endloop
  endfacet
  facet normal 0 0 -1
    outer loop
      vertex 1.2149008995163193 -4.8501562659727195 0
      vertex 1.2149008995163193 4.8501562659727195 0
      vertex 1.333563787374492 4.818880328977199 0
    endloop
  endfacet
  facet normal 0 0 -1
    outer loop
      vertex 1.333563787374492 -4.818880328977199 0
      vertex 1.333563787374492 4.818880328977199 0
      vertex 1.4514233862723116 4.784701678661044 0
    endloop
  endfacet
  facet normal 0 0 -1
    outer loop
      vertex 1.4514233862723116 -4.784701678661044 0
      vertex 1.4514233862723116 4.784701678661044 0
      vertex 1.5684087019944575 4.747640902965183 0
    endloop
  endfacet
  facet normal 0 0 -1
    outer loop
      vertex 1.6844492669611002 -4.707720325915104 0
      vertex 1.6844492669611002 4.707720325915104 0
      vertex 1.7994751826749409 4.664963994173695 0
    endloop
  endfacet
  facet normal 0 0 -1
    outer loop
      vertex 1.7994751826749409 -4.664963994173695 0
      vertex 1.7994751826749409 4.664963994173695 0
      vertex 1.913417161825449 4.619397662556434 0
    endloop
  endfacet
  facet normal 0 0 -1
    outer loop
      vertex 1.5684087019944575 -4.747640902965183 0
      vertex 1.5684087019944575 4.747640902965183 0
      vertex 1.6844492669611002 4.707720325915104 0
    endloop
  endfacet
  facet normal 0 0 -1
    outer loop
      vertex 1.913417161825449 -4.619397662556434 0
      vertex 1.913417161825449 4.619397662556434 0
      vertex 2.026206570024949 4.571048778517653 0
    endloop
  endfacet
  facet normal 0 0 -1
    outer loop
      vertex 2.026206570024949 -4.571048778517653 0
      vertex 2.026206570024949 4.571048778517653 0
      vertex 2.1377754671514104 4.519946465617217 0
    endloop
  endfacet
  facet normal 0 0 -1
    outer loop
      vertex 2.1377754671514104 -4.519946465617217 0
      vertex 2.1377754671514104 4.519946465617217 0
      vertex 2.248056648273033 4.4661215059775765 0
    endloop
  endfacet
  facet normal 0 0 -1
    outer loop
      vertex 2.248056648273033 -4.4661215059775765 0
      vertex 2.248056648273033 4.4661215059775765 0
      vertex 2.3569836841299883 4.409606321741776 0
    endloop
  endfacet
  facet normal 0 0 -1
    outer loop
      vertex 2.3569836841299883 -4.409606321741776 0
      vertex 2.3569836841299883 4.409606321741776 0
      vertex 2.46449096114892 4.350434955543557 0
    endloop
  endfacet
  facet normal 0 0 -1
    outer loop
      vertex 2.46449096114892 -4.350434955543557 0
      vertex 2.46449096114892 4.350434955543557 0
      vertex 2.570513720966109 4.28864305000136 0
    endloop
  endfacet
  facet normal 0.012271538285719615 0.9999247018391445 0
    outer loop
      vertex 0 5 0
      vertex 0 5 6
      vertex 0.12270614261456145 4.998494093481021 0
    endloop
  endfacet
  facet normal 0.03680722294135684 0.9993223845883497 0
    outer loop
      vertex 0.12270614261456145 4.998494093481021 0
      vertex 0.12270614261456145 4.998494093481021 6
      vertex 0.24533837163709007 4.993977281025862 0
    endloop
  endfacet
  facet normal 0.06132073630221303 0.9981181129001488 0
    outer loop
      vertex 0.24533837163709007 4.993977281025862 0
      vertex 0.24533837163709007 4.993977281025862 6
      vertex 0.36782281799833716 4.986452283393451 0
    endloop
  endfacet
  facet normal 0.08579731234443423 0.9963126121827786 0
    outer loop
      vertex 0.36782281799833716 4.986452283393451 0
      vertex 0.36782281799833716 4.986452283393451 6
      vertex 0.490085701647803 4.975923633360985 0
    endloop
  endfacet
  facet normal 0.1102222072938869 0.9939069700023555 0
    outer loop
      vertex 0.490085701647803 4.975923633360985 0
      vertex 0.490085701647803 4.975923633360985 6
      vertex 0.612053375996081 4.96239767299355 0
    endloop
  endfacet
  facet normal 0.13458070850712694 0.9909026354277799 0
    outer loop
      vertex 0.612053375996081 4.96239767299355 0
      vertex 0.612053375996081 4.96239767299355 6
      vertex 0.7336523722768087 4.945882549823905 0
    endloop
  endfacet
  facet normal 0.15885814333385861 0.9873014181578589 0
    outer loop
      vertex 0.7336523722768087 4.945882549823905 0
      vertex 0.7336523722768087 4.945882549823905 6
      vertex 0.8548094438015061 4.926388211944706 0
    endloop
  endfacet
  facet normal 0.18303988795514362 0.9831054874312157 0
    outer loop
      vertex 0.8548094438015061 4.926388211944706 0
      vertex 0.8548094438015061 4.926388211944706 6
      vertex 0.9754516100806412 4.903926402016152 0
    endloop
  endfacet
  facet normal 0.20711137619221393 0.9783173707196285 0
    outer loop
      vertex 0.9754516100806412 4.903926402016152 0
      vertex 0.9754516100806412 4.903926402016152 6
      vertex 1.095506200784349 4.878510650192643 0
    endloop
  endfacet
  facet normal 0.2310581082806783 0.9729399522055585 0
    outer loop
      vertex 1.095506200784349 4.878510650192643 0
      vertex 1.095506200784349 4.878510650192643 6
      vertex 1.2149008995163193 4.8501562659727195 0
    endloop
  endfacet
  facet normal 0.25486565960451085 0.966976471044853 0
    outer loop
      vertex 1.2149008995163193 4.8501562659727195 0
      vertex 1.2149008995163193 4.8501562659727195 6
      vertex 1.333563787374492 4.818880328977199 0
    endloop
  endfacet
  facet normal 0.278519689385057 0.9604305194155647 0
    outer loop
      vertex 1.333563787374492 4.818880328977199 0
      vertex 1.333563787374492 4.818880328977199 6
      vertex 1.4514233862723116 4.784701678661044 0
    endloop
  endfacet
  facet normal 0.3020059493192255 0.9533060403541945 0
    outer loop
      vertex 1.4514233862723116 4.784701678661044 0
      vertex 1.4514233862723116 4.784701678661044 6
      vertex 1.5684087019944575 4.747640902965183 0
    endloop
  endfacet
  facet normal 0.3713171939518384 0.9285060804732153 0
    outer loop
      vertex 1.7994751826749409 4.664963994173695 0
      vertex 1.7994751826749409 4.664963994173695 6
      vertex 1.913417161825449 4.619397662556434 0
    endloop
  endfacet
  facet normal 0.32531029216226176 0.9456073253805217 0
    outer loop
      vertex 1.5684087019944575 4.747640902965183 0
      vertex 1.5684087019944575 4.747640902965183 6
      vertex 1.6844492669611002 4.707720325915104 0
    endloop
  endfacet
  facet normal 0.34841868024943257 0.9373390119125757 0
    outer loop
      vertex 1.7994751826749409 4.664963994173695 0
      vertex 1.6844492669611002 4.707720325915104 0
      vertex 1.6844492669611002 4.707720325915104 6
    endloop
  endfacet
  facet normal 0.5035383837257181 0.8639728561215865 0
    outer loop
      vertex 2.46449096114892 4.350434955543557 0
      vertex 2.46449096114892 4.350434955543557 6
      vertex 2.570513720966109 4.28864305000136 0
    endloop
  endfacet
  facet normal 0.3939920400610501 0.9191138516900569 0
    outer loop
      vertex 1.913417161825449 4.619397662556434 0
      vertex 1.913417161825449 4.619397662556434 6
      vertex 2.026206570024949 4.571048778517653 0
    endloop
  endfacet
  facet normal 0.43861623853852877 0.8986744656939534 0
    outer loop
      vertex 2.1377754671514104 4.519946465617217 0
      vertex 2.1377754671514104 4.519946465617217 6
      vertex 2.248056648273033 4.4661215059775765 0
    endloop
  endfacet
  facet normal 0.4164295600976356 0.9091679830905232 0
    outer loop
      vertex 2.026206570024949 4.571048778517653 0
      vertex 2.026206570024949 4.571048778517653 6
      vertex 2.1377754671514104 4.519946465617217 0
    endloop
  endfacet
  facet normal 0.4605387109582369 0.8876396204028556 0
    outer loop
      vertex 2.248056648273033 4.4661215059775765 0
      vertex 2.248056648273033 4.4661215059775765 6
      vertex 2.3569836841299883 4.409606321741776 0
    endloop
  endfacet
  facet normal 0.48218377207912594 0.8760700941954048 0
    outer loop
      vertex 2.46449096114892 4.350434955543557 0
      vertex 2.3569836841299883 4.409606321741776 0
      vertex 2.3569836841299883 4.409606321741776 6
    endloop
  endfacet
  facet normal 0 0 -1
    outer loop
      vertex 3.2658642147688837 -3.786044232532423 0
      vertex 3.2658642147688837 3.786044232532423 0
      vertex 3.357794774235092 3.7047556267747956 0
    endloop
  endfacet
  facet normal 0 0 -1
    outer loop
      vertex 3.357794774235092 -3.7047556267747956 0
      vertex 3.357794774235092 3.7047556267747956 0
      vertex 3.4477027236853344 3.621235414757335 0
    endloop
  endfacet
  facet normal 0 0 -1
    outer loop
      vertex 3.4477027236853344 -3.621235414757335 0
      vertex 3.4477027236853344 3.621235414757335 0
      vertex 3.5355339059327378 3.5355339059327378 0
    endloop
  endfacet
  facet normal 0 0 -1
    outer loop
      vertex 3.5355339059327378 -3.5355339059327378 0
      vertex 3.5355339059327378 3.5355339059327378 0
      vertex 3.621235414757335 3.4477027236853344 0
    endloop
  endfacet
  facet normal 0 0 -1
    outer loop
      vertex 3.7047556267747956 -3.357794774235092 0
      vertex 3.7047556267747956 3.357794774235092 0
      vertex 3.786044232532423 3.2658642147688837 0
    endloop
  endfacet
  facet normal 0 0 -1
    outer loop
      vertex 3.621235414757335 -3.4477027236853344 0
      vertex 3.621235414757335 3.4477027236853344 0
      vertex 3.7047556267747956 3.357794774235092 0
    endloop
  endfacet
  facet normal 0 0 -1
    outer loop
      vertex 2.570513720966109 -4.28864305000136 0
      vertex 2.570513720966109 4.28864305000136 0
      vertex 2.6749880994354855 4.224267826248536 0
    endloop
  endfacet
  facet normal 0 0 -1
    outer loop
      vertex 2.6749880994354855 -4.224267826248536 0
      vertex 2.6749880994354855 4.224267826248536 0
      vertex 2.777851165098011 4.157348061512726 0
    endloop
  endfacet
  facet normal 0 0 -1
    outer loop
      vertex 2.777851165098011 -4.157348061512726 0
      vertex 2.777851165098011 4.157348061512726 0
      vertex 2.879040957089227 4.087924065757918 0
    endloop
  endfacet
  facet normal 0 0 -1
    outer loop
      vertex 2.879040957089227 -4.087924065757918 0
      vertex 2.879040957089227 4.087924065757918 0
      vertex 2.9784965224621667 4.016037657403225 0
    endloop
  endfacet
  facet normal 0 0 -1
    outer loop
      vertex 2.9784965224621667 -4.016037657403225 0
      vertex 2.9784965224621667 4.016037657403225 0
      vertex 3.076157952903134 3.9417321381330317 0
    endloop
  endfacet
  facet normal 0 0 -1
    outer loop
      vertex 3.076157952903134 -3.9417321381330317 0
      vertex 3.076157952903134 3.9417321381330317 0
      vertex 3.1719664208182277 3.865052266813685 0
    endloop
  endfacet
  facet normal 0 0 -1
    outer loop
      vertex 3.1719664208182277 -3.865052266813685 0
      vertex 3.1719664208182277 3.865052266813685 0
      vertex 3.2658642147688837 3.786044232532423 0
    endloop
  endfacet
  facet normal 0 0 -1
    outer loop
      vertex 3.786044232532423 -3.2658642147688837 0
      vertex 3.786044232532423 3.2658642147688837 0
      vertex 3.865052266813685 3.1719664208182277 0
    endloop
  endfacet
  facet normal 0 0 -1
    outer loop
      vertex 3.865052266813685 -3.1719664208182277 0
      vertex 3.865052266813685 3.1719664208182277 0
      vertex 3.9417321381330317 3.076157952903134 0
    endloop
  endfacet
  facet normal 0 0 -1
    outer loop
      vertex 3.9417321381330317 -3.076157952903134 0
      vertex 3.9417321381330317 3.076157952903134 0
      vertex 4.016037657403225 2.9784965224621667 0
    endloop
  endfacet
  facet normal 0 0 -1
    outer loop
      vertex 4.016037657403225 -2.9784965224621667 0
      vertex 4.016037657403225 2.9784965224621667 0
      vertex 4.087924065757918 2.879040957089227 0
    endloop
  endfacet
  facet normal 0 0 -1
    outer loop
      vertex 4.087924065757918 -2.879040957089227 0
      vertex 4.087924065757918 2.879040957089227 0
      vertex 4.157348061512726 2.777851165098011 0
    endloop
  endfacet
  facet normal 0 0 -1
    outer loop
      vertex 4.157348061512726 -2.777851165098011 0
      vertex 4.157348061512726 2.777851165098011 0
      vertex 4.224267826248536 2.6749880994354855 0
    endloop
  endfacet
  facet normal 0 0 -1
    outer loop
      vertex 4.224267826248536 -2.6749880994354855 0
      vertex 4.224267826248536 2.6749880994354855 0
      vertex 4.28864305000136 2.570513720966109 0
    endloop
  endfacet
  facet normal 0 0 -1
    outer loop
      vertex 4.28864305000136 -2.570513720966109 0
      vertex 4.28864305000136 2.570513720966109 0
      vertex 4.350434955543557 2.46449096114892 0
    endloop
  endfacet
  facet normal 0 0 -1
    outer loop
      vertex 4.350434955543557 -2.46449096114892 0
      vertex 4.350434955543557 2.46449096114892 0
      vertex 4.409606321741776 2.3569836841299883 0
    endloop
  endfacet
  facet normal 0 0 -1
    outer loop
      vertex 4.619397662556434 -1.913417161825449 0
      vertex 4.619397662556434 1.913417161825449 0
      vertex 4.664963994173695 1.7994751826749409 0
    endloop
  endfacet
  facet normal 0 0 -1
    outer loop
      vertex 4.664963994173695 -1.7994751826749409 0
      vertex 4.664963994173695 1.7994751826749409 0
      vertex 4.707720325915104 1.6844492669611002 0
    endloop
  endfacet
  facet normal 0 0 -1
    outer loop
      vertex 4.998494093481021 -0.12270614261456145 0
      vertex 4.998494093481021 0.12270614261456145 0
      vertex 5 0 0
    endloop
  endfacet
  facet normal 0 0 -1
    outer loop
      vertex 4.993977281025862 -0.24533837163709007 0
      vertex 4.993977281025862 0.24533837163709007 0
      vertex 4.998494093481021 0.12270614261456145 0
    endloop
  endfacet
  facet normal 0 0 -1
    outer loop
      vertex 4.986452283393451 -0.36782281799833716 0
      vertex 4.986452283393451 0.36782281799833716 0
      vertex 4.993977281025862 0.24533837163709007 0
    endloop
  endfacet
  facet normal 0 0 -1
    outer loop
      vertex 4.975923633360985 -0.490085701647803 0
      vertex 4.975923633360985 0.490085701647803 0
      vertex 4.986452283393451 0.36782281799833716 0
    endloop
  endfacet
  facet normal 0 0 -1
    outer loop
      vertex 4.903926402016152 -0.9754516100806412 0
      vertex 4.903926402016152 0.9754516100806412 0
      vertex 4.926388211944706 0.8548094438015061 0
    endloop
  endfacet
  facet normal 0 0 -1
    outer loop
      vertex 4.945882549823905 -0.7336523722768087 0
      vertex 4.945882549823905 0.7336523722768087 0
      vertex 4.96239767299355 0.612053375996081 0
    endloop
  endfacet
  facet normal 0 0 -1
    outer loop
      vertex 4.96239767299355 -0.612053375996081 0
      vertex 4.96239767299355 0.612053375996081 0
      vertex 4.975923633360985 0.490085701647803 0
    endloop
  endfacet
  facet normal 0 0 -1
    outer loop
      vertex 4.926388211944706 -0.8548094438015061 0
      vertex 4.926388211944706 0.8548094438015061 0
      vertex 4.945882549823905 0.7336523722768087 0
    endloop
  endfacet
  facet normal 0 0 -1
    outer loop
      vertex 4.784701678661044 -1.4514233862723116 0
      vertex 4.784701678661044 1.4514233862723116 0
      vertex 4.818880328977199 1.333563787374492 0
    endloop
  endfacet
  facet normal 0 0 -1
    outer loop
      vertex 4.818880328977199 -1.333563787374492 0
      vertex 4.818880328977199 1.333563787374492 0
      vertex 4.8501562659727195 1.2149008995163193 0
    endloop
  endfacet
  facet normal 0 0 -1
    outer loop
      vertex 4.707720325915104 -1.6844492669611002 0
      vertex 4.707720325915104 1.6844492669611002 0
      vertex 4.747640902965183 1.5684087019944575 0
    endloop
  endfacet
  facet normal 0 0 -1
    outer loop
      vertex 4.747640902965183 -1.5684087019944575 0
      vertex 4.747640902965183 1.5684087019944575 0
      vertex 4.784701678661044 1.4514233862723116 0
    endloop
  endfacet
  facet normal 0 0 -1
    outer loop
      vertex 4.8501562659727195 -1.2149008995163193 0
      vertex 4.8501562659727195 1.2149008995163193 0
      vertex 4.878510650192643 1.095506200784349 0
    endloop
  endfacet
  facet normal 0 0 -1
    outer loop
      vertex 4.878510650192643 -1.095506200784349 0
      vertex 4.878510650192643 1.095506200784349 0
      vertex 4.903926402016152 0.9754516100806412 0
    endloop
  endfacet
  facet normal 0 0 -1
    outer loop
      vertex 4.409606321741776 -2.3569836841299883 0
      vertex 4.409606321741776 2.3569836841299883 0
      vertex 4.4661215059775765 2.248056648273033 0
    endloop
  endfacet
  facet normal 0 0 -1
    outer loop
      vertex 4.4661215059775765 -2.248056648273033 0
      vertex 4.4661215059775765 2.248056648273033 0
      vertex 4.519946465617217 2.1377754671514104 0
    endloop
  endfacet
  facet normal 0 0 -1
    outer loop
      vertex 4.519946465617217 -2.1377754671514104 0
      vertex 4.519946465617217 2.1377754671514104 0
      vertex 4.571048778517653 2.026206570024949 0
    endloop
  endfacet
  facet normal 0 0 -1
    outer loop
      vertex 4.571048778517653 -2.026206570024949 0
      vertex 4.571048778517653 2.026206570024949 0
      vertex 4.619397662556434 1.913417161825449 0
    endloop
  endfacet
  facet normal 0.9999247018391445 0.012271538285719615 0
    outer loop
      vertex 5 0 0
      vertex 4.998494093481021 0.12270614261456145 0
      vertex 5 0 6
    endloop
  endfacet
  facet normal 0.9993223845883497 0.03680722294135684 0
    outer loop
      vertex 4.998494093481021 0.12270614261456145 0
      vertex 4.993977281025862 0.24533837163709007 0
      vertex 4.998494093481021 0.12270614261456145 6
    endloop
  endfacet
  facet normal 0.9981181129001488 0.06132073630221303 0
    outer loop
      vertex 4.993977281025862 0.24533837163709007 0
      vertex 4.986452283393451 0.36782281799833716 0
      vertex 4.993977281025862 0.24533837163709007 6
    endloop
  endfacet
  facet normal 0.9963126121827786 0.08579731234443423 0
    outer loop
      vertex 4.986452283393451 0.36782281799833716 0
      vertex 4.975923633360985 0.490085701647803 0
      vertex 4.986452283393451 0.36782281799833716 6
    endloop
  endfacet
  facet normal 0.9939069700023555 0.1102222072938869 0
    outer loop
      vertex 4.975923633360985 0.490085701647803 0
      vertex 4.96239767299355 0.612053375996081 0
      vertex 4.975923633360985 0.490085701647803 6
    endloop
  endfacet
  facet normal 0.9909026354277799 0.13458070850712694 0
    outer loop
      vertex 4.96239767299355 0.612053375996081 0
      vertex 4.945882549823905 0.7336523722768087 0
      vertex 4.96239767299355 0.612053375996081 6
    endloop
  endfacet
  facet normal 0.9873014181578589 0.15885814333385861 0
    outer loop
      vertex 4.945882549823905 0.7336523722768087 0
      vertex 4.926388211944706 0.8548094438015061 0
      vertex 4.945882549823905 0.7336523722768087 6
    endloop
  endfacet
  facet normal 0.9831054874312157 0.18303988795514362 0
    outer loop
      vertex 4.926388211944706 0.8548094438015061 0
      vertex 4.903926402016152 0.9754516100806412 0
      vertex 4.926388211944706 0.8548094438015061 6
    endloop
  endfacet
  facet normal 0.9783173707196285 0.20711137619221393 0
    outer loop
      vertex 4.903926402016152 0.9754516100806412 0
      vertex 4.878510650192643 1.095506200784349 0
      vertex 4.903926402016152 0.9754516100806412 6
    endloop
  endfacet
  facet normal 0.9729399522055585 0.2310581082806783 0
    outer loop
      vertex 4.878510650192643 1.095506200784349 0
      vertex 4.8501562659727195 1.2149008995163193 0
      vertex 4.878510650192643 1.095506200784349 6
    endloop
  endfacet
  facet normal 0.8639728561215865 0.5035383837257181 0
    outer loop
      vertex 4.350434955543557 2.46449096114892 0
      vertex 4.28864305000136 2.570513720966109 0
      vertex 4.350434955543557 2.46449096114892 6
    endloop
  endfacet
  facet normal 0.9285060804732153 0.3713171939518384 0
    outer loop
      vertex 4.664963994173695 1.7994751826749409 0
      vertex 4.619397662556434 1.913417161825449 0
      vertex 4.664963994173695 1.7994751826749409 6
    endloop
  endfacet
  facet normal 0.966976471044853 0.25486565960451085 0
    outer loop
      vertex 4.8501562659727195 1.2149008995163193 0
      vertex 4.818880328977199 1.333563787374492 0
      vertex 4.8501562659727195 1.2149008995163193 6
    endloop
  endfacet
  facet normal 0.9604305194155647 0.278519689385057 0
    outer loop
      vertex 4.818880328977199 1.333563787374492 0
      vertex 4.784701678661044 1.4514233862723116 0
      vertex 4.818880328977199 1.333563787374492 6
    endloop
  endfacet
  facet normal 0.9533060403541945 0.3020059493192255 0
    outer loop
      vertex 4.784701678661044 1.4514233862723116 0
      vertex 4.747640902965183 1.5684087019944575 0
      vertex 4.784701678661044 1.4514233862723116 6
    endloop
  endfacet
  facet normal 0.9456073253805217 0.32531029216226176 0
    outer loop
      vertex 4.747640902965183 1.5684087019944575 0
      vertex 4.707720325915104 1.6844492669611002 0
      vertex 4.747640902965183 1.5684087019944575 6
    endloop
  endfacet
  facet normal 0.9373390119125757 0.34841868024943257 0
    outer loop
      vertex 4.664963994173695 1.7994751826749409 0
      vertex 4.707720325915104 1.6844492669611002 6
      vertex 4.707720325915104 1.6844492669611002 0
    endloop
  endfacet
  facet normal 0.8986744656939534 0.43861623853852877 0
    outer loop
      vertex 4.519946465617217 2.1377754671514104 0
      vertex 4.4661215059775765 2.248056648273033 0
      vertex 4.519946465617217 2.1377754671514104 6
    endloop
  endfacet
  facet normal 0.9191138516900569 0.3939920400610501 0
    outer loop
      vertex 4.571048778517653 2.026206570024949 0
      vertex 4.619397662556434 1.913417161825449 6
      vertex 4.619397662556434 1.913417161825449 0
    endloop
  endfacet
  facet normal 0.9091679830905232 0.4164295600976356 0
    outer loop
      vertex 4.519946465617217 2.1377754671514104 0
      vertex 4.571048778517653 2.026206570024949 6
      vertex 4.571048778517653 2.026206570024949 0
    endloop
  endfacet
  facet normal 0.8876396204028556 0.4605387109582369 0
    outer loop
      vertex 4.4661215059775765 2.248056648273033 0
      vertex 4.409606321741776 2.3569836841299883 0
      vertex 4.4661215059775765 2.248056648273033 6
    endloop
  endfacet
  facet normal 0.8760700941954048 0.48218377207912594 0
    outer loop
      vertex 4.350434955543557 2.46449096114892 0
      vertex 4.409606321741776 2.3569836841299883 6
      vertex 4.409606321741776 2.3569836841299883 0
    endloop
  endfacet
  facet normal 0.6806009977954534 0.7326542716724125 0
    outer loop
      vertex 3.357794774235092 3.7047556267747956 0
      vertex 3.357794774235092 3.7047556267747956 6
      vertex 3.4477027236853344 3.621235414757335 0
    endloop
  endfacet
  facet normal 0.7326542716724125 0.6806009977954534 0
    outer loop
      vertex 3.7047556267747956 3.357794774235092 0
      vertex 3.621235414757335 3.4477027236853344 0
      vertex 3.7047556267747956 3.357794774235092 6
    endloop
  endfacet
  facet normal 0.6983762494089729 0.7157308252838186 0
    outer loop
      vertex 3.5355339059327378 3.5355339059327378 0
      vertex 3.4477027236853344 3.621235414757335 0
      vertex 3.4477027236853344 3.621235414757335 6
    endloop
  endfacet
  facet normal 0.7157308252838186 0.6983762494089729 0
    outer loop
      vertex 3.5355339059327378 3.5355339059327378 0
      vertex 3.621235414757335 3.4477027236853344 6
      vertex 3.621235414757335 3.4477027236853344 0
    endloop
  endfacet
  facet normal 0.5245896826784686 0.8513551931052653 0
    outer loop
      vertex 2.570513720966109 4.28864305000136 0
      vertex 2.570513720966109 4.28864305000136 6
      vertex 2.6749880994354855 4.224267826248536 0
    endloop
  endfacet
  facet normal 0.545324988422046 0.8382247055548383 0
    outer loop
      vertex 2.777851165098011 4.157348061512726 0
      vertex 2.6749880994354855 4.224267826248536 0
      vertex 2.6749880994354855 4.224267826248536 6
    endloop
  endfacet
  facet normal 0.5657318107836126 0.8245893027850258 0
    outer loop
      vertex 2.777851165098011 4.157348061512726 0
      vertex 2.777851165098011 4.157348061512726 6
      vertex 2.879040957089227 4.087924065757918 0
    endloop
  endfacet
  facet normal 0.6055110414043269 0.7958369046088826 0
    outer loop
      vertex 2.9784965224621667 4.016037657403225 0
      vertex 2.9784965224621667 4.016037657403225 6
      vertex 3.076157952903134 3.9417321381330317 0
    endloop
  endfacet
  facet normal 0.6248594881423863 0.7807372285720945 0
    outer loop
      vertex 3.076157952903134 3.9417321381330317 0
      vertex 3.076157952903134 3.9417321381330317 6
      vertex 3.1719664208182277 3.865052266813685 0
    endloop
  endfacet
  facet normal 0.5857978574564366 0.8104571982525963 0
    outer loop
      vertex 2.9784965224621667 4.016037657403225 0
      vertex 2.879040957089227 4.087924065757918 0
      vertex 2.879040957089227 4.087924065757918 6
    endloop
  endfacet
  facet normal 0.6438315428897915 0.765167265622459 0
    outer loop
      vertex 3.1719664208182277 3.865052266813685 0
      vertex 3.1719664208182277 3.865052266813685 6
      vertex 3.2658642147688837 3.786044232532423 0
    endloop
  endfacet
  facet normal 0.662415777590171 0.7491363945234601 0
    outer loop
      vertex 3.357794774235092 3.7047556267747956 0
      vertex 3.2658642147688837 3.786044232532423 0
      vertex 3.2658642147688837 3.786044232532423 6
    endloop
  endfacet
  facet normal 0.7807372285720945 0.6248594881423863 0
    outer loop
      vertex 3.9417321381330317 3.076157952903134 0
      vertex 3.865052266813685 3.1719664208182277 0
      vertex 3.9417321381330317 3.076157952903134 6
    endloop
  endfacet
  facet normal 0.7958369046088826 0.6055110414043269 0
    outer loop
      vertex 3.9417321381330317 3.076157952903134 0
      vertex 4.016037657403225 2.9784965224621667 6
      vertex 4.016037657403225 2.9784965224621667 0
    endloop
  endfacet
  facet normal 0.8245893027850258 0.5657318107836126 0
    outer loop
      vertex 4.157348061512726 2.777851165098011 0
      vertex 4.087924065757918 2.879040957089227 0
      vertex 4.157348061512726 2.777851165098011 6
    endloop
  endfacet
  facet normal 0.8382247055548383 0.545324988422046 0
    outer loop
      vertex 4.157348061512726 2.777851165098011 0
      vertex 4.224267826248536 2.6749880994354855 6
      vertex 4.224267826248536 2.6749880994354855 0
    endloop
  endfacet
  facet normal 0.8513551931052653 0.5245896826784686 0
    outer loop
      vertex 4.28864305000136 2.570513720966109 0
      vertex 4.224267826248536 2.6749880994354855 0
      vertex 4.28864305000136 2.570513720966109 6
    endloop
  endfacet
  facet normal 0.8104571982525963 0.5857978574564366 0
    outer loop
      vertex 4.016037657403225 2.9784965224621667 0
      vertex 4.087924065757918 2.879040957089227 6
      vertex 4.087924065757918 2.879040957089227 0
    endloop
  endfacet
  facet normal 0.765167265622459 0.6438315428897915 0
    outer loop
      vertex 3.786044232532423 3.2658642147688837 0
      vertex 3.865052266813685 3.1719664208182277 6
      vertex 3.865052266813685 3.1719664208182277 0
    endloop
  endfacet
  facet normal 0.7491363945234601 0.662415777590171 0
    outer loop
      vertex 3.7047556267747956 3.357794774235092 0
      vertex 3.786044232532423 3.2658642147688837 6
      vertex 3.786044232532423 3.2658642147688837 0
    endloop
  endfacet
  facet normal 0 0 1
    outer loop
      vertex 0.9754516100806412 4.903926402016152 6
      vertex 0.9212931062685525 1.308135701042534 6
      vertex 0.9531188871878934 1.285132050369032 6
    endloop
  endfacet
  facet normal 0 0 1
    outer loop
      vertex 0.9754516100806412 4.903926402016152 6
      vertex 0.9531188871878934 1.285132050369032 6
      vertex 0.984370544929003 1.2613542842025702 6
    endloop
  endfacet
  facet normal 0 0 1
    outer loop
      vertex 0.9754516100806412 4.903926402016152 6
      vertex 1.015029254661833 1.2368167253803792 6
      vertex 1.045076548726043 1.2115341544103755 6
    endloop
  endfacet
  facet normal 0 0 1
    outer loop
      vertex 0.9754516100806412 4.903926402016152 6
      vertex 0.984370544929003 1.2613542842025702 6
      vertex 1.015029254661833 1.2368167253803792 6
    endloop
  endfacet
  facet normal 0 0 1
    outer loop
      vertex 1.095506200784349 4.878510650192643 6
      vertex 1.0744943277552295 1.1855218005679347 6
      vertex 1.103264871579307 1.1587953327223472 6
    endloop
  endfacet
  facet normal 0 0 1
    outer loop
      vertex 1.095506200784349 4.878510650192643 6
      vertex 1.045076548726043 1.2115341544103755 6
      vertex 1.0744943277552295 1.1855218005679347 6
    endloop
  endfacet
  facet normal 0 0 1
    outer loop
      vertex 1.2149008995163193 4.8501562659727195 6
      vertex 1.1587953327223472 1.103264871579307 6
      vertex 1.1855218005679347 1.0744943277552295 6
    endloop
  endfacet
  facet normal 0 0 1
    outer loop
      vertex 1.2149008995163193 4.8501562659727195 6
      vertex 1.1855218005679347 1.0744943277552295 6
      vertex 1.2115341544103755 1.045076548726043 6
    endloop
  endfacet
  facet normal 0 0 1
    outer loop
      vertex 1.2149008995163193 4.8501562659727195 6
      vertex 1.2115341544103755 1.045076548726043 6
      vertex 1.2368167253803792 1.015029254661833 6
    endloop
  endfacet
  facet normal 0 0 1
    outer loop
      vertex 1.2149008995163193 4.8501562659727195 6
      vertex 1.2368167253803792 1.015029254661833 6
      vertex 1.2613542842025702 0.984370544929003 6
    endloop
  endfacet
  facet normal 0 0 1
    outer loop
      vertex 1.095506200784349 4.878510650192643 6
      vertex 1.1313708498984762 1.1313708498984762 6
      vertex 1.1587953327223472 1.103264871579307 6
    endloop
  endfacet
  facet normal 0 0 1
    outer loop
      vertex 1.095506200784349 4.878510650192643 6
      vertex 1.103264871579307 1.1587953327223472 6
      vertex 1.1313708498984762 1.1313708498984762 6
    endloop
  endfacet
  facet normal 0 0 1
    outer loop
      vertex 1.6844492669611002 -4.707720325915104 6
      vertex 1.5684087019944575 4.747640902965183 6
      vertex 1.6 0 6
    endloop
  endfacet
  facet normal 0 0 1
    outer loop
      vertex 1.5684087019944575 4.747640902965183 6
      vertex 1.5520500051112704 0.3887682878452222 6
      vertex 1.5611234080616458 0.3505619842509917 6
    endloop
  endfacet
  facet normal 0 0 1
    outer loop
      vertex 1.5684087019944575 4.747640902965183 6
      vertex 1.5420417052727038 0.4267404119598375 6
      vertex 1.5520500051112704 0.3887682878452222 6
    endloop
  endfacet
  facet normal 0 0 1
    outer loop
      vertex 1.5684087019944575 4.747640902965183 6
      vertex 1.5995181099139268 0.03926596563665966 6
      vertex 1.6 0 6
    endloop
  endfacet
  facet normal 0 0 1
    outer loop
      vertex 1.5684087019944575 4.747640902965183 6
      vertex 1.598072729928276 0.07850827892386883 6
      vertex 1.5995181099139268 0.03926596563665966 6
    endloop
  endfacet
  facet normal 0 0 1
    outer loop
      vertex 1.5684087019944575 4.747640902965183 6
      vertex 1.5956647306859044 0.11770330175946789 6
      vertex 1.598072729928276 0.07850827892386883 6
    endloop
  endfacet
  facet normal 0 0 1
    outer loop
      vertex 1.5684087019944575 4.747640902965183 6
      vertex 1.592295562675515 0.15682742452729698 6
      vertex 1.5956647306859044 0.11770330175946789 6
    endloop
  endfacet
  facet normal 0 0 1
    outer loop
      vertex 1.5684087019944575 4.747640902965183 6
      vertex 1.587967255357936 0.19585708031874594 6
      vertex 1.592295562675515 0.15682742452729698 6
    endloop
  endfacet
  facet normal 0 0 1
    outer loop
      vertex 1.6844492669611002 -4.707720325915104 6
      vertex 1.6844492669611002 4.707720325915104 6
      vertex 1.5684087019944575 4.747640902965183 6
    endloop
  endfacet
  facet normal 0 0 1
    outer loop
      vertex 1.5684087019944575 4.747640902965183 6
      vertex 1.5826824159436497 0.2347687591285788 6
      vertex 1.587967255357936 0.19585708031874594 6
    endloop
  endfacet
  facet normal 0 0 1
    outer loop
      vertex 1.5684087019944575 4.747640902965183 6
      vertex 1.576444227822306 0.27353902201648195 6
      vertex 1.5826824159436497 0.2347687591285788 6
    endloop
  endfacet
  facet normal 0 0 1
    outer loop
      vertex 1.5684087019944575 4.747640902965183 6
      vertex 1.5692564486451688 0.3121445152258052 6
      vertex 1.576444227822306 0.27353902201648195 6
    endloop
  endfacet
  facet normal 0 0 1
    outer loop
      vertex 1.5684087019944575 4.747640902965183 6
      vertex 1.5611234080616458 0.3505619842509917 6
      vertex 1.5692564486451688 0.3121445152258052 6
    endloop
  endfacet
  facet normal 0 0 1
    outer loop
      vertex 1.7994751826749409 -4.664963994173695 6
      vertex 1.7994751826749409 4.664963994173695 6
      vertex 1.6844492669611002 4.707720325915104 6
    endloop
  endfacet
  facet normal 0 0 1
    outer loop
      vertex 1.333563787374492 4.818880328977199 6
      vertex 1.3723657760004353 0.8225643907091549 6
      vertex 1.3921391857739385 0.7886371075676545 6
    endloop
  endfacet
  facet normal 0 0 1
    outer loop
      vertex 1.333563787374492 4.818880328977199 6
      vertex 1.3517657043995315 0.8559961918193555 6
      vertex 1.3723657760004353 0.8225643907091549 6
    endloop
  endfacet
  facet normal 0 0 1
    outer loop
      vertex 1.4514233862723116 4.784701678661044 6
      vertex 1.4927884781355822 0.5758320584559811 6
      vertex 1.5064705042928335 0.5390237654275521 6
    endloop
  endfacet
  facet normal 0 0 1
    outer loop
      vertex 1.4514233862723116 4.784701678661044 6
      vertex 1.478207252018059 0.6122934917841437 6
      vertex 1.4927884781355822 0.5758320584559811 6
    endloop
  endfacet
  facet normal 0 0 1
    outer loop
      vertex 1.4514233862723116 4.784701678661044 6
      vertex 1.4627356091256491 0.6483861024079838 6
      vertex 1.478207252018059 0.6122934917841437 6
    endloop
  endfacet
  facet normal 0 0 1
    outer loop
      vertex 1.5684087019944575 4.747640902965183 6
      vertex 1.5192450889488587 0.5018907846382265 6
      vertex 1.5311045371715342 0.46445548360713973 6
    endloop
  endfacet
  facet normal 0 0 1
    outer loop
      vertex 1.5684087019944575 4.747640902965183 6
      vertex 1.5311045371715342 0.46445548360713973 6
      vertex 1.5420417052727038 0.4267404119598375 6
    endloop
  endfacet
  facet normal 0 0 1
    outer loop
      vertex 1.5684087019944575 4.747640902965183 6
      vertex 1.5064705042928335 0.5390237654275521 6
      vertex 1.5192450889488587 0.5018907846382265 6
    endloop
  endfacet
  facet normal 0 0 1
    outer loop
      vertex 1.4514233862723116 4.784701678661044 6
      vertex 1.4291588819128247 0.7193781274473706 6
      vertex 1.4463828689975093 0.6840881494884514 6
    endloop
  endfacet
  facet normal 0 0 1
    outer loop
      vertex 1.4514233862723116 4.784701678661044 6
      vertex 1.3921391857739385 0.7886371075676545 6
      vertex 1.4110740229573682 0.7542347789215963 6
    endloop
  endfacet
  facet normal 0 0 1
    outer loop
      vertex 1.4514233862723116 4.784701678661044 6
      vertex 1.4110740229573682 0.7542347789215963 6
      vertex 1.4291588819128247 0.7193781274473706 6
    endloop
  endfacet
  facet normal 0 0 1
    outer loop
      vertex 1.4514233862723116 4.784701678661044 6
      vertex 1.4463828689975093 0.6840881494884514 6
      vertex 1.4627356091256491 0.6483861024079838 6
    endloop
  endfacet
  facet normal 0 0 1
    outer loop
      vertex 1.2149008995163193 4.8501562659727195 6
      vertex 1.2613542842025702 0.984370544929003 6
      vertex 1.285132050369032 0.9531188871878934 6
    endloop
  endfacet
  facet normal 0 0 1
    outer loop
      vertex 1.333563787374492 4.818880328977199 6
      vertex 1.308135701042534 0.9212931062685525 6
      vertex 1.3303513796840725 0.8889123728313635 6
    endloop
  endfacet
  facet normal 0 0 1
    outer loop
      vertex 1.333563787374492 4.818880328977199 6
      vertex 1.285132050369032 0.9531188871878934 6
      vertex 1.308135701042534 0.9212931062685525 6
    endloop
  endfacet
  facet normal 0 0 1
    outer loop
      vertex 1.333563787374492 4.818880328977199 6
      vertex 1.3303513796840725 0.8889123728313635 6
      vertex 1.3517657043995315 0.8559961918193555 6
    endloop
  endfacet
  facet normal 0 0 1
    outer loop
      vertex 1.913417161825449 -4.619397662556434 6
      vertex 1.913417161825449 4.619397662556434 6
      vertex 1.7994751826749409 4.664963994173695 6
    endloop
  endfacet
  facet normal 0 0 1
    outer loop
      vertex 2.026206570024949 -4.571048778517653 6
      vertex 2.026206570024949 4.571048778517653 6
      vertex 1.913417161825449 4.619397662556434 6
    endloop
  endfacet
  facet normal 0 0 1
    outer loop
      vertex 2.1377754671514104 -4.519946465617217 6
      vertex 2.1377754671514104 4.519946465617217 6
      vertex 2.026206570024949 4.571048778517653 6
    endloop
  endfacet
  facet normal 0 0 1
    outer loop
      vertex 2.248056648273033 -4.4661215059775765 6
      vertex 2.248056648273033 4.4661215059775765 6
      vertex 2.1377754671514104 4.519946465617217 6
    endloop
  endfacet
  facet normal 0 0 1
    outer loop
      vertex 2.3569836841299883 -4.409606321741776 6
      vertex 2.3569836841299883 4.409606321741776 6
      vertex 2.248056648273033 4.4661215059775765 6
    endloop
  endfacet
  facet normal 0 0 1
    outer loop
      vertex 2.46449096114892 -4.350434955543557 6
      vertex 2.46449096114892 4.350434955543557 6
      vertex 2.3569836841299883 4.409606321741776 6
    endloop
  endfacet
  facet normal 0.012271538285719615 0.9999247018391445 0
    outer loop
      vertex 0.12270614261456145 4.998494093481021 0
      vertex 0 5 6
      vertex 0.12270614261456145 4.998494093481021 6
    endloop
  endfacet
  facet normal 0.03680722294135684 0.9993223845883497 0
    outer loop
      vertex 0.24533837163709007 4.993977281025862 0
      vertex 0.12270614261456145 4.998494093481021 6
      vertex 0.24533837163709007 4.993977281025862 6
    endloop
  endfacet
  facet normal 0.06132073630221303 0.9981181129001488 0
    outer loop
      vertex 0.36782281799833716 4.986452283393451 0
      vertex 0.24533837163709007 4.993977281025862 6
      vertex 0.36782281799833716 4.986452283393451 6
    endloop
  endfacet
  facet normal 0.08579731234443423 0.9963126121827786 0
    outer loop
      vertex 0.490085701647803 4.975923633360985 0
      vertex 0.36782281799833716 4.986452283393451 6
      vertex 0.490085701647803 4.975923633360985 6
    endloop
  endfacet
  facet normal 0.1102222072938869 0.9939069700023555 0
    outer loop
      vertex 0.612053375996081 4.96239767299355 0
      vertex 0.490085701647803 4.975923633360985 6
      vertex 0.612053375996081 4.96239767299355 6
    endloop
  endfacet
  facet normal 0.13458070850712694 0.9909026354277799 0
    outer loop
      vertex 0.7336523722768087 4.945882549823905 0
      vertex 0.612053375996081 4.96239767299355 6
      vertex 0.7336523722768087 4.945882549823905 6
    endloop
  endfacet
  facet normal 0.15885814333385861 0.9873014181578589 0
    outer loop
      vertex 0.8548094438015061 4.926388211944706 0
      vertex 0.7336523722768087 4.945882549823905 6
      vertex 0.8548094438015061 4.926388211944706 6
    endloop
  endfacet
  facet normal 0.18303988795514362 0.9831054874312157 0
    outer loop
      vertex 0.9754516100806412 4.903926402016152 0
      vertex 0.8548094438015061 4.926388211944706 6
      vertex 0.9754516100806412 4.903926402016152 6
    endloop
  endfacet
  facet normal 0.20711137619221393 0.9783173707196285 0
    outer loop
      vertex 1.095506200784349 4.878510650192643 0
      vertex 0.9754516100806412 4.903926402016152 6
      vertex 1.095506200784349 4.878510650192643 6
    endloop
  endfacet
  facet normal 0.2310581082806783 0.9729399522055585 0
    outer loop
      vertex 1.2149008995163193 4.8501562659727195 0
      vertex 1.095506200784349 4.878510650192643 6
      vertex 1.2149008995163193 4.8501562659727195 6
    endloop
  endfacet
  facet normal 0.25486565960451085 0.966976471044853 0
    outer loop
      vertex 1.333563787374492 4.818880328977199 0
      vertex 1.2149008995163193 4.8501562659727195 6
      vertex 1.333563787374492 4.818880328977199 6
    endloop
  endfacet
  facet normal 0.278519689385057 0.9604305194155647 0
    outer loop
      vertex 1.4514233862723116 4.784701678661044 0
      vertex 1.333563787374492 4.818880328977199 6
      vertex 1.4514233862723116 4.784701678661044 6
    endloop
  endfacet
  facet normal 0.3020059493192255 0.9533060403541945 0
    outer loop
      vertex 1.5684087019944575 4.747640902965183 0
      vertex 1.4514233862723116 4.784701678661044 6
      vertex 1.5684087019944575 4.747640902965183 6
    endloop
  endfacet
  facet normal 0.34841868024943257 0.9373390119125757 0
    outer loop
      vertex 1.7994751826749409 4.664963994173695 0
      vertex 1.6844492669611002 4.707720325915104 6
      vertex 1.7994751826749409 4.664963994173695 6
    endloop
  endfacet
  facet normal 0.32531029216226176 0.9456073253805217 0
    outer loop
      vertex 1.6844492669611002 4.707720325915104 0
      vertex 1.5684087019944575 4.747640902965183 6
      vertex 1.6844492669611002 4.707720325915104 6
    endloop
  endfacet
  facet normal 0.48218377207912594 0.8760700941954048 0
    outer loop
      vertex 2.46449096114892 4.350434955543557 0
      vertex 2.3569836841299883 4.409606321741776 6
      vertex 2.46449096114892 4.350434955543557 6
    endloop
  endfacet
  facet normal 0.3713171939518384 0.9285060804732153 0
    outer loop
      vertex 1.913417161825449 4.619397662556434 0
      vertex 1.7994751826749409 4.664963994173695 6
      vertex 1.913417161825449 4.619397662556434 6
    endloop
  endfacet
  facet normal 0.3939920400610501 0.9191138516900569 0
    outer loop
      vertex 2.026206570024949 4.571048778517653 0
      vertex 1.913417161825449 4.619397662556434 6
      vertex 2.026206570024949 4.571048778517653 6
    endloop
  endfacet
  facet normal 0.4164295600976356 0.9091679830905232 0
    outer loop
      vertex 2.1377754671514104 4.519946465617217 0
      vertex 2.026206570024949 4.571048778517653 6
      vertex 2.1377754671514104 4.519946465617217 6
    endloop
  endfacet
  facet normal 0.43861623853852877 0.8986744656939534 0
    outer loop
      vertex 2.248056648273033 4.4661215059775765 0
      vertex 2.1377754671514104 4.519946465617217 6
      vertex 2.248056648273033 4.4661215059775765 6
    endloop
  endfacet
  facet normal 0.4605387109582369 0.8876396204028556 0
    outer loop
      vertex 2.3569836841299883 4.409606321741776 0
      vertex 2.248056648273033 4.4661215059775765 6
      vertex 2.3569836841299883 4.409606321741776 6
    endloop
  endfacet
  facet normal 0 0 1
    outer loop
      vertex 0 5 6
      vertex 0 1.6 6
      vertex 0.03926596563665966 1.5995181099139268 6
    endloop
  endfacet
  facet normal 0 0 1
    outer loop
      vertex 0 5 6
      vertex 0.03926596563665966 1.5995181099139268 6
      vertex 0.07850827892386883 1.598072729928276 6
    endloop
  endfacet
  facet normal 0 0 1
    outer loop
      vertex 0.12270614261456145 4.998494093481021 6
      vertex 0.07850827892386883 1.598072729928276 6
      vertex 0.11770330175946789 1.5956647306859044 6
    endloop
  endfacet
  facet normal 0 0 1
    outer loop
      vertex 0.12270614261456145 4.998494093481021 6
      vertex 0.11770330175946789 1.5956647306859044 6
      vertex 0.15682742452729698 1.592295562675515 6
    endloop
  endfacet
  facet normal 0 0 1
    outer loop
      vertex 0.12270614261456145 4.998494093481021 6
      vertex 0.15682742452729698 1.592295562675515 6
      vertex 0.19585708031874594 1.587967255357936 6
    endloop
  endfacet
  facet normal 0 0 1
    outer loop
      vertex 0.24533837163709007 4.993977281025862 6
      vertex 0.19585708031874594 1.587967255357936 6
      vertex 0.2347687591285788 1.5826824159436497 6
    endloop
  endfacet
  facet normal 0 0 1
    outer loop
      vertex 0.24533837163709007 4.993977281025862 6
      vertex 0.2347687591285788 1.5826824159436497 6
      vertex 0.27353902201648195 1.576444227822306 6
    endloop
  endfacet
  facet normal 0 0 1
    outer loop
      vertex 0.24533837163709007 4.993977281025862 6
      vertex 0.27353902201648195 1.576444227822306 6
      vertex 0.3121445152258052 1.5692564486451688 6
    endloop
  endfacet
  facet normal 0 0 1
    outer loop
      vertex 0.36782281799833716 4.986452283393451 6
      vertex 0.3121445152258052 1.5692564486451688 6
      vertex 0.3505619842509917 1.5611234080616458 6
    endloop
  endfacet
  facet normal 0 0 1
    outer loop
      vertex 0.36782281799833716 4.986452283393451 6
      vertex 0.3505619842509917 1.5611234080616458 6
      vertex 0.3887682878452222 1.5520500051112704 6
    endloop
  endfacet
  facet normal 0 0 1
    outer loop
      vertex 0.36782281799833716 4.986452283393451 6
      vertex 0.3887682878452222 1.5520500051112704 6
      vertex 0.4267404119598375 1.5420417052727038 6
    endloop
  endfacet
  facet normal 0 0 1
    outer loop
      vertex 0.490085701647803 4.975923633360985 6
      vertex 0.4267404119598375 1.5420417052727038 6
      vertex 0.46445548360713973 1.5311045371715342 6
    endloop
  endfacet
  facet normal 0 0 1
    outer loop
      vertex 0.612053375996081 4.96239767299355 6
      vertex 0.5390237654275521 1.5064705042928335 6
      vertex 0.5758320584559811 1.4927884781355822 6
    endloop
  endfacet
  facet normal 0 0 1
    outer loop
      vertex 0.612053375996081 4.96239767299355 6
      vertex 0.5758320584559811 1.4927884781355822 6
      vertex 0.6122934917841437 1.478207252018059 6
    endloop
  endfacet
  facet normal 0 0 1
    outer loop
      vertex 0.612053375996081 4.96239767299355 6
      vertex 0.6122934917841437 1.478207252018059 6
      vertex 0.6483861024079838 1.4627356091256491 6
    endloop
  endfacet
  facet normal 0 0 1
    outer loop
      vertex 0.490085701647803 4.975923633360985 6
      vertex 0.46445548360713973 1.5311045371715342 6
      vertex 0.5018907846382265 1.5192450889488587 6
    endloop
  endfacet
  facet normal 0 0 1
    outer loop
      vertex 0.490085701647803 4.975923633360985 6
      vertex 0.5018907846382265 1.5192450889488587 6
      vertex 0.5390237654275521 1.5064705042928335 6
    endloop
  endfacet
  facet normal 0 0 1
    outer loop
      vertex 0.612053375996081 4.96239767299355 6
      vertex 0.6483861024079838 1.4627356091256491 6
      vertex 0.6840881494884514 1.4463828689975093 6
    endloop
  endfacet
  facet normal 0 0 1
    outer loop
      vertex 0.7336523722768087 4.945882549823905 6
      vertex 0.6840881494884514 1.4463828689975093 6
      vertex 0.7193781274473706 1.4291588819128247 6
    endloop
  endfacet
  facet normal 0 0 1
    outer loop
      vertex 0.7336523722768087 4.945882549823905 6
      vertex 0.7193781274473706 1.4291588819128247 6
      vertex 0.7542347789215963 1.4110740229573682 6
    endloop
  endfacet
  facet normal 0 0 1
    outer loop
      vertex 0.7336523722768087 4.945882549823905 6
      vertex 0.7542347789215963 1.4110740229573682 6
      vertex 0.7886371075676545 1.3921391857739385 6
    endloop
  endfacet
  facet normal 0 0 1
    outer loop
      vertex 0.8548094438015061 4.926388211944706 6
      vertex 0.7886371075676545 1.3921391857739385 6
      vertex 0.8225643907091549 1.3723657760004353 6
    endloop
  endfacet
  facet normal 0 0 1
    outer loop
      vertex 0.8548094438015061 4.926388211944706 6
      vertex 0.8225643907091549 1.3723657760004353 6
      vertex 0.8559961918193555 1.3517657043995315 6
    endloop
  endfacet
  facet normal 0 0 1
    outer loop
      vertex 0.8548094438015061 4.926388211944706 6
      vertex 0.8559961918193555 1.3517657043995315 6
      vertex 0.8889123728313635 1.3303513796840725 6
    endloop
  endfacet
  facet normal 0 0 1
    outer loop
      vertex 0.8548094438015061 4.926388211944706 6
      vertex 0.8889123728313635 1.3303513796840725 6
      vertex 0.9212931062685525 1.308135701042534 6
    endloop
  endfacet
  facet normal 0 0 1
    outer loop
      vertex 0.8548094438015061 4.926388211944706 6
      vertex 0.9212931062685525 1.308135701042534 6
      vertex 0.9754516100806412 4.903926402016152 6
    endloop
  endfacet
  facet normal 0 0 1
    outer loop
      vertex 0.9754516100806412 4.903926402016152 6
      vertex 1.045076548726043 1.2115341544103755 6
      vertex 1.095506200784349 4.878510650192643 6
    endloop
  endfacet
  facet normal 0 0 1
    outer loop
      vertex 1.095506200784349 4.878510650192643 6
      vertex 1.1587953327223472 1.103264871579307 6
      vertex 1.2149008995163193 4.8501562659727195 6
    endloop
  endfacet
  facet normal 0 0 1
    outer loop
      vertex 0 5 6
      vertex 0.07850827892386883 1.598072729928276 6
      vertex 0.12270614261456145 4.998494093481021 6
    endloop
  endfacet
  facet normal 0 0 1
    outer loop
      vertex 0.12270614261456145 4.998494093481021 6
      vertex 0.19585708031874594 1.587967255357936 6
      vertex 0.24533837163709007 4.993977281025862 6
    endloop
  endfacet
  facet normal 0 0 1
    outer loop
      vertex 0.24533837163709007 4.993977281025862 6
      vertex 0.3121445152258052 1.5692564486451688 6
      vertex 0.36782281799833716 4.986452283393451 6
    endloop
  endfacet
  facet normal 0 0 1
    outer loop
      vertex 0.36782281799833716 4.986452283393451 6
      vertex 0.4267404119598375 1.5420417052727038 6
      vertex 0.490085701647803 4.975923633360985 6
    endloop
  endfacet
  facet normal 0 0 1
    outer loop
      vertex 0.490085701647803 4.975923633360985 6
      vertex 0.5390237654275521 1.5064705042928335 6
      vertex 0.612053375996081 4.96239767299355 6
    endloop
  endfacet
  facet normal 0 0 1
    outer loop
      vertex 0.612053375996081 4.96239767299355 6
      vertex 0.6840881494884514 1.4463828689975093 6
      vertex 0.7336523722768087 4.945882549823905 6
    endloop
  endfacet
  facet normal 0 0 1
    outer loop
      vertex 0.7336523722768087 4.945882549823905 6
      vertex 0.7886371075676545 1.3921391857739385 6
      vertex 0.8548094438015061 4.926388211944706 6
    endloop
  endfacet
  facet normal 0 0 1
    outer loop
      vertex 1.4514233862723116 4.784701678661044 6
      vertex 1.5064705042928335 0.5390237654275521 6
      vertex 1.5684087019944575 4.747640902965183 6
    endloop
  endfacet
  facet normal 0 0 1
    outer loop
      vertex 1.2149008995163193 4.8501562659727195 6
      vertex 1.285132050369032 0.9531188871878934 6
      vertex 1.333563787374492 4.818880328977199 6
    endloop
  endfacet
  facet normal 0 0 1
    outer loop
      vertex 1.333563787374492 4.818880328977199 6
      vertex 1.3921391857739385 0.7886371075676545 6
      vertex 1.4514233862723116 4.784701678661044 6
    endloop
  endfacet
  facet normal 0.9999247018391445 0.012271538285719615 0
    outer loop
      vertex 4.998494093481021 0.12270614261456145 0
      vertex 4.998494093481021 0.12270614261456145 6
      vertex 5 0 6
    endloop
  endfacet
  facet normal 0.9993223845883497 0.03680722294135684 0
    outer loop
      vertex 4.993977281025862 0.24533837163709007 0
      vertex 4.993977281025862 0.24533837163709007 6
      vertex 4.998494093481021 0.12270614261456145 6
    endloop
  endfacet
  facet normal 0.9981181129001488 0.06132073630221303 0
    outer loop
      vertex 4.986452283393451 0.36782281799833716 0
      vertex 4.986452283393451 0.36782281799833716 6
      vertex 4.993977281025862 0.24533837163709007 6
    endloop
  endfacet
  facet normal 0.9963126121827786 0.08579731234443423 0
    outer loop
      vertex 4.975923633360985 0.490085701647803 0
      vertex 4.975923633360985 0.490085701647803 6
      vertex 4.986452283393451 0.36782281799833716 6
    endloop
  endfacet
  facet normal 0.9939069700023555 0.1102222072938869 0
    outer loop
      vertex 4.96239767299355 0.612053375996081 0
      vertex 4.96239767299355 0.612053375996081 6
      vertex 4.975923633360985 0.490085701647803 6
    endloop
  endfacet
  facet normal 0.9909026354277799 0.13458070850712694 0
    outer loop
      vertex 4.945882549823905 0.7336523722768087 0
      vertex 4.945882549823905 0.7336523722768087 6
      vertex 4.96239767299355 0.612053375996081 6
    endloop
  endfacet
  facet normal 0.9831054874312157 0.18303988795514362 0
    outer loop
      vertex 4.903926402016152 0.9754516100806412 0
      vertex 4.903926402016152 0.9754516100806412 6
      vertex 4.926388211944706 0.8548094438015061 6
    endloop
  endfacet
  facet normal 0.9873014181578589 0.15885814333385861 0
    outer loop
      vertex 4.926388211944706 0.8548094438015061 0
      vertex 4.926388211944706 0.8548094438015061 6
      vertex 4.945882549823905 0.7336523722768087 6
    endloop
  endfacet
  facet normal 0.9783173707196285 0.20711137619221393 0
    outer loop
      vertex 4.878510650192643 1.095506200784349 0
      vertex 4.878510650192643 1.095506200784349 6
      vertex 4.903926402016152 0.9754516100806412 6
    endloop
  endfacet
  facet normal 0.9729399522055585 0.2310581082806783 0
    outer loop
      vertex 4.8501562659727195 1.2149008995163193 0
      vertex 4.8501562659727195 1.2149008995163193 6
      vertex 4.878510650192643 1.095506200784349 6
    endloop
  endfacet
  facet normal 0.8760700941954048 0.48218377207912594 0
    outer loop
      vertex 4.350434955543557 2.46449096114892 0
      vertex 4.350434955543557 2.46449096114892 6
      vertex 4.409606321741776 2.3569836841299883 6
    endloop
  endfacet
  facet normal 0.9373390119125757 0.34841868024943257 0
    outer loop
      vertex 4.664963994173695 1.7994751826749409 0
      vertex 4.664963994173695 1.7994751826749409 6
      vertex 4.707720325915104 1.6844492669611002 6
    endloop
  endfacet
  facet normal 0.966976471044853 0.25486565960451085 0
    outer loop
      vertex 4.818880328977199 1.333563787374492 0
      vertex 4.818880328977199 1.333563787374492 6
      vertex 4.8501562659727195 1.2149008995163193 6
    endloop
  endfacet
  facet normal 0.9533060403541945 0.3020059493192255 0
    outer loop
      vertex 4.747640902965183 1.5684087019944575 0
      vertex 4.747640902965183 1.5684087019944575 6
      vertex 4.784701678661044 1.4514233862723116 6
    endloop
  endfacet
  facet normal 0.9604305194155647 0.278519689385057 0
    outer loop
      vertex 4.784701678661044 1.4514233862723116 0
      vertex 4.784701678661044 1.4514233862723116 6
      vertex 4.818880328977199 1.333563787374492 6
    endloop
  endfacet
  facet normal 0.9456073253805217 0.32531029216226176 0
    outer loop
      vertex 4.707720325915104 1.6844492669611002 0
      vertex 4.707720325915104 1.6844492669611002 6
      vertex 4.747640902965183 1.5684087019944575 6
    endloop
  endfacet
  facet normal 0.9191138516900569 0.3939920400610501 0
    outer loop
      vertex 4.571048778517653 2.026206570024949 0
      vertex 4.571048778517653 2.026206570024949 6
      vertex 4.619397662556434 1.913417161825449 6
    endloop
  endfacet
  facet normal 0.9285060804732153 0.3713171939518384 0
    outer loop
      vertex 4.619397662556434 1.913417161825449 0
      vertex 4.619397662556434 1.913417161825449 6
      vertex 4.664963994173695 1.7994751826749409 6
    endloop
  endfacet
  facet normal 0.9091679830905232 0.4164295600976356 0
    outer loop
      vertex 4.519946465617217 2.1377754671514104 0
      vertex 4.519946465617217 2.1377754671514104 6
      vertex 4.571048778517653 2.026206570024949 6
    endloop
  endfacet
  facet normal 0.8876396204028556 0.4605387109582369 0
    outer loop
      vertex 4.409606321741776 2.3569836841299883 0
      vertex 4.409606321741776 2.3569836841299883 6
      vertex 4.4661215059775765 2.248056648273033 6
    endloop
  endfacet
  facet normal 0.8986744656939534 0.43861623853852877 0
    outer loop
      vertex 4.4661215059775765 2.248056648273033 0
      vertex 4.4661215059775765 2.248056648273033 6
      vertex 4.519946465617217 2.1377754671514104 6
    endloop
  endfacet
  facet normal 0 0 1
    outer loop
      vertex 3.4477027236853344 -3.621235414757335 6
      vertex 3.4477027236853344 3.621235414757335 6
      vertex 3.357794774235092 3.7047556267747956 6
    endloop
  endfacet
  facet normal 0 0 1
    outer loop
      vertex 3.5355339059327378 -3.5355339059327378 6
      vertex 3.5355339059327378 3.5355339059327378 6
      vertex 3.4477027236853344 3.621235414757335 6
    endloop
  endfacet
  facet normal 0 0 1
    outer loop
      vertex 3.621235414757335 -3.4477027236853344 6
      vertex 3.621235414757335 3.4477027236853344 6
      vertex 3.5355339059327378 3.5355339059327378 6
    endloop
  endfacet
  facet normal 0 0 1
    outer loop
      vertex 3.7047556267747956 -3.357794774235092 6
      vertex 3.7047556267747956 3.357794774235092 6
      vertex 3.621235414757335 3.4477027236853344 6
    endloop
  endfacet
  facet normal 0 0 1
    outer loop
      vertex 2.570513720966109 -4.28864305000136 6
      vertex 2.570513720966109 4.28864305000136 6
      vertex 2.46449096114892 4.350434955543557 6
    endloop
  endfacet
  facet normal 0 0 1
    outer loop
      vertex 2.6749880994354855 -4.224267826248536 6
      vertex 2.6749880994354855 4.224267826248536 6
      vertex 2.570513720966109 4.28864305000136 6
    endloop
  endfacet
  facet normal 0 0 1
    outer loop
      vertex 2.777851165098011 -4.157348061512726 6
      vertex 2.777851165098011 4.157348061512726 6
      vertex 2.6749880994354855 4.224267826248536 6
    endloop
  endfacet
  facet normal 0 0 1
    outer loop
      vertex 2.879040957089227 -4.087924065757918 6
      vertex 2.879040957089227 4.087924065757918 6
      vertex 2.777851165098011 4.157348061512726 6
    endloop
  endfacet
  facet normal 0 0 1
    outer loop
      vertex 2.9784965224621667 -4.016037657403225 6
      vertex 2.9784965224621667 4.016037657403225 6
      vertex 2.879040957089227 4.087924065757918 6
    endloop
  endfacet
  facet normal 0 0 1
    outer loop
      vertex 3.076157952903134 -3.9417321381330317 6
      vertex 3.076157952903134 3.9417321381330317 6
      vertex 2.9784965224621667 4.016037657403225 6
    endloop
  endfacet
  facet normal 0 0 1
    outer loop
      vertex 3.1719664208182277 -3.865052266813685 6
      vertex 3.1719664208182277 3.865052266813685 6
      vertex 3.076157952903134 3.9417321381330317 6
    endloop
  endfacet
  facet normal 0 0 1
    outer loop
      vertex 3.2658642147688837 -3.786044232532423 6
      vertex 3.2658642147688837 3.786044232532423 6
      vertex 3.1719664208182277 3.865052266813685 6
    endloop
  endfacet
  facet normal 0 0 1
    outer loop
      vertex 3.357794774235092 -3.7047556267747956 6
      vertex 3.357794774235092 3.7047556267747956 6
      vertex 3.2658642147688837 3.786044232532423 6
    endloop
  endfacet
  facet normal 0 0 1
    outer loop
      vertex 3.865052266813685 -3.1719664208182277 6
      vertex 3.865052266813685 3.1719664208182277 6
      vertex 3.786044232532423 3.2658642147688837 6
    endloop
  endfacet
  facet normal 0 0 1
    outer loop
      vertex 3.786044232532423 -3.2658642147688837 6
      vertex 3.786044232532423 3.2658642147688837 6
      vertex 3.7047556267747956 3.357794774235092 6
    endloop
  endfacet
  facet normal 0 0 1
    outer loop
      vertex 3.9417321381330317 -3.076157952903134 6
      vertex 3.9417321381330317 3.076157952903134 6
      vertex 3.865052266813685 3.1719664208182277 6
    endloop
  endfacet
  facet normal 0 0 1
    outer loop
      vertex 4.016037657403225 -2.9784965224621667 6
      vertex 4.016037657403225 2.9784965224621667 6
      vertex 3.9417321381330317 3.076157952903134 6
    endloop
  endfacet
  facet normal 0 0 1
    outer loop
      vertex 4.224267826248536 -2.6749880994354855 6
      vertex 4.224267826248536 2.6749880994354855 6
      vertex 4.157348061512726 2.777851165098011 6
    endloop
  endfacet
  facet normal 0 0 1
    outer loop
      vertex 4.28864305000136 -2.570513720966109 6
      vertex 4.28864305000136 2.570513720966109 6
      vertex 4.224267826248536 2.6749880994354855 6
    endloop
  endfacet
  facet normal 0 0 1
    outer loop
      vertex 4.350434955543557 -2.46449096114892 6
      vertex 4.350434955543557 2.46449096114892 6
      vertex 4.28864305000136 2.570513720966109 6
    endloop
  endfacet
  facet normal 0 0 1
    outer loop
      vertex 4.087924065757918 -2.879040957089227 6
      vertex 4.087924065757918 2.879040957089227 6
      vertex 4.016037657403225 2.9784965224621667 6
    endloop
  endfacet
  facet normal 0 0 1
    outer loop
      vertex 4.157348061512726 -2.777851165098011 6
      vertex 4.157348061512726 2.777851165098011 6
      vertex 4.087924065757918 2.879040957089227 6
    endloop
  endfacet
  facet normal 0 0 1
    outer loop
      vertex 4.998494093481021 -0.12270614261456145 6
      vertex 5 0 6
      vertex 4.998494093481021 0.12270614261456145 6
    endloop
  endfacet
  facet normal 0 0 1
    outer loop
      vertex 4.998494093481021 -0.12270614261456145 6
      vertex 4.998494093481021 0.12270614261456145 6
      vertex 4.993977281025862 0.24533837163709007 6
    endloop
  endfacet
  facet normal 0 0 1
    outer loop
      vertex 4.993977281025862 -0.24533837163709007 6
      vertex 4.993977281025862 0.24533837163709007 6
      vertex 4.986452283393451 0.36782281799833716 6
    endloop
  endfacet
  facet normal 0 0 1
    outer loop
      vertex 4.986452283393451 -0.36782281799833716 6
      vertex 4.986452283393451 0.36782281799833716 6
      vertex 4.975923633360985 0.490085701647803 6
    endloop
  endfacet
  facet normal 0 0 1
    outer loop
      vertex 4.975923633360985 -0.490085701647803 6
      vertex 4.975923633360985 0.490085701647803 6
      vertex 4.96239767299355 0.612053375996081 6
    endloop
  endfacet
  facet normal 0 0 1
    outer loop
      vertex 4.96239767299355 -0.612053375996081 6
      vertex 4.96239767299355 0.612053375996081 6
      vertex 4.945882549823905 0.7336523722768087 6
    endloop
  endfacet
  facet normal 0 0 1
    outer loop
      vertex 4.945882549823905 -0.7336523722768087 6
      vertex 4.945882549823905 0.7336523722768087 6
      vertex 4.926388211944706 0.8548094438015061 6
    endloop
  endfacet
  facet normal 0 0 1
    outer loop
      vertex 4.8501562659727195 -1.2149008995163193 6
      vertex 4.8501562659727195 1.2149008995163193 6
      vertex 4.818880328977199 1.333563787374492 6
    endloop
  endfacet
  facet normal 0 0 1
    outer loop
      vertex 4.707720325915104 -1.6844492669611002 6
      vertex 4.707720325915104 1.6844492669611002 6
      vertex 4.664963994173695 1.7994751826749409 6
    endloop
  endfacet
  facet normal 0 0 1
    outer loop
      vertex 4.747640902965183 -1.5684087019944575 6
      vertex 4.747640902965183 1.5684087019944575 6
      vertex 4.707720325915104 1.6844492669611002 6
    endloop
  endfacet
  facet normal 0 0 1
    outer loop
      vertex 4.784701678661044 -1.4514233862723116 6
      vertex 4.784701678661044 1.4514233862723116 6
      vertex 4.747640902965183 1.5684087019944575 6
    endloop
  endfacet
  facet normal 0 0 1
    outer loop
      vertex 4.818880328977199 -1.333563787374492 6
      vertex 4.818880328977199 1.333563787374492 6
      vertex 4.784701678661044 1.4514233862723116 6
    endloop
  endfacet
  facet normal 0 0 1
    outer loop
      vertex 4.926388211944706 -0.8548094438015061 6
      vertex 4.926388211944706 0.8548094438015061 6
      vertex 4.903926402016152 0.9754516100806412 6
    endloop
  endfacet
  facet normal 0 0 1
    outer loop
      vertex 4.903926402016152 -0.9754516100806412 6
      vertex 4.903926402016152 0.9754516100806412 6
      vertex 4.878510650192643 1.095506200784349 6
    endloop
  endfacet
  facet normal 0 0 1
    outer loop
      vertex 4.878510650192643 -1.095506200784349 6
      vertex 4.878510650192643 1.095506200784349 6
      vertex 4.8501562659727195 1.2149008995163193 6
    endloop
  endfacet
  facet normal 0 0 1
    outer loop
      vertex 4.519946465617217 -2.1377754671514104 6
      vertex 4.519946465617217 2.1377754671514104 6
      vertex 4.4661215059775765 2.248056648273033 6
    endloop
  endfacet
  facet normal 0 0 1
    outer loop
      vertex 4.409606321741776 -2.3569836841299883 6
      vertex 4.409606321741776 2.3569836841299883 6
      vertex 4.350434955543557 2.46449096114892 6
    endloop
  endfacet
  facet normal 0 0 1
    outer loop
      vertex 4.4661215059775765 -2.248056648273033 6
      vertex 4.4661215059775765 2.248056648273033 6
      vertex 4.409606321741776 2.3569836841299883 6
    endloop
  endfacet
  facet normal 0 0 1
    outer loop
      vertex 4.619397662556434 -1.913417161825449 6
      vertex 4.619397662556434 1.913417161825449 6
      vertex 4.571048778517653 2.026206570024949 6
    endloop
  endfacet
  facet normal 0 0 1
    outer loop
      vertex 4.571048778517653 -2.026206570024949 6
      vertex 4.571048778517653 2.026206570024949 6
      vertex 4.519946465617217 2.1377754671514104 6
    endloop
  endfacet
  facet normal 0 0 1
    outer loop
      vertex 4.664963994173695 -1.7994751826749409 6
      vertex 4.664963994173695 1.7994751826749409 6
      vertex 4.619397662556434 1.913417161825449 6
    endloop
  endfacet
  facet normal 0.662415777590171 0.7491363945234601 0
    outer loop
      vertex 3.357794774235092 3.7047556267747956 0
      vertex 3.2658642147688837 3.786044232532423 6
      vertex 3.357794774235092 3.7047556267747956 6
    endloop
  endfacet
  facet normal 0.6806009977954534 0.7326542716724125 0
    outer loop
      vertex 3.4477027236853344 3.621235414757335 0
      vertex 3.357794774235092 3.7047556267747956 6
      vertex 3.4477027236853344 3.621235414757335 6
    endloop
  endfacet
  facet normal 0.7326542716724125 0.6806009977954534 0
    outer loop
      vertex 3.621235414757335 3.4477027236853344 0
      vertex 3.621235414757335 3.4477027236853344 6
      vertex 3.7047556267747956 3.357794774235092 6
    endloop
  endfacet
  facet normal 0.7491363945234601 0.662415777590171 0
    outer loop
      vertex 3.7047556267747956 3.357794774235092 0
      vertex 3.7047556267747956 3.357794774235092 6
      vertex 3.786044232532423 3.2658642147688837 6
    endloop
  endfacet
  facet normal 0.6983762494089729 0.7157308252838186 0
    outer loop
      vertex 3.5355339059327378 3.5355339059327378 0
      vertex 3.4477027236853344 3.621235414757335 6
      vertex 3.5355339059327378 3.5355339059327378 6
    endloop
  endfacet
  facet normal 0.7157308252838186 0.6983762494089729 0
    outer loop
      vertex 3.5355339059327378 3.5355339059327378 0
      vertex 3.5355339059327378 3.5355339059327378 6
      vertex 3.621235414757335 3.4477027236853344 6
    endloop
  endfacet
  facet normal 0.5035383837257181 0.8639728561215865 0
    outer loop
      vertex 2.570513720966109 4.28864305000136 0
      vertex 2.46449096114892 4.350434955543557 6
      vertex 2.570513720966109 4.28864305000136 6
    endloop
  endfacet
  facet normal 0.5245896826784686 0.8513551931052653 0
    outer loop
      vertex 2.6749880994354855 4.224267826248536 0
      vertex 2.570513720966109 4.28864305000136 6
      vertex 2.6749880994354855 4.224267826248536 6
    endloop
  endfacet
  facet normal 0.545324988422046 0.8382247055548383 0
    outer loop
      vertex 2.777851165098011 4.157348061512726 0
      vertex 2.6749880994354855 4.224267826248536 6
      vertex 2.777851165098011 4.157348061512726 6
    endloop
  endfacet
  facet normal 0.5857978574564366 0.8104571982525963 0
    outer loop
      vertex 2.9784965224621667 4.016037657403225 0
      vertex 2.879040957089227 4.087924065757918 6
      vertex 2.9784965224621667 4.016037657403225 6
    endloop
  endfacet
  facet normal 0.6055110414043269 0.7958369046088826 0
    outer loop
      vertex 3.076157952903134 3.9417321381330317 0
      vertex 2.9784965224621667 4.016037657403225 6
      vertex 3.076157952903134 3.9417321381330317 6
    endloop
  endfacet
  facet normal 0.5657318107836126 0.8245893027850258 0
    outer loop
      vertex 2.879040957089227 4.087924065757918 0
      vertex 2.777851165098011 4.157348061512726 6
      vertex 2.879040957089227 4.087924065757918 6
    endloop
  endfacet
  facet normal 0.6248594881423863 0.7807372285720945 0
    outer loop
      vertex 3.1719664208182277 3.865052266813685 0
      vertex 3.076157952903134 3.9417321381330317 6
      vertex 3.1719664208182277 3.865052266813685 6
    endloop
  endfacet
  facet normal 0.6438315428897915 0.765167265622459 0
    outer loop
      vertex 3.2658642147688837 3.786044232532423 0
      vertex 3.1719664208182277 3.865052266813685 6
      vertex 3.2658642147688837 3.786044232532423 6
    endloop
  endfacet
  facet normal 0.8104571982525963 0.5857978574564366 0
    outer loop
      vertex 4.016037657403225 2.9784965224621667 0
      vertex 4.016037657403225 2.9784965224621667 6
      vertex 4.087924065757918 2.879040957089227 6
    endloop
  endfacet
  facet normal 0.7958369046088826 0.6055110414043269 0
    outer loop
      vertex 3.9417321381330317 3.076157952903134 0
      vertex 3.9417321381330317 3.076157952903134 6
      vertex 4.016037657403225 2.9784965224621667 6
    endloop
  endfacet
  facet normal 0.8382247055548383 0.545324988422046 0
    outer loop
      vertex 4.157348061512726 2.777851165098011 0
      vertex 4.157348061512726 2.777851165098011 6
      vertex 4.224267826248536 2.6749880994354855 6
    endloop
  endfacet
  facet normal 0.8513551931052653 0.5245896826784686 0
    outer loop
      vertex 4.224267826248536 2.6749880994354855 0
      vertex 4.224267826248536 2.6749880994354855 6
      vertex 4.28864305000136 2.570513720966109 6
    endloop
  endfacet
  facet normal 0.8639728561215865 0.5035383837257181 0
    outer loop
      vertex 4.28864305000136 2.570513720966109 0
      vertex 4.28864305000136 2.570513720966109 6
      vertex 4.350434955543557 2.46449096114892 6
    endloop
  endfacet
  facet normal 0.8245893027850258 0.5657318107836126 0
    outer loop
      vertex 4.087924065757918 2.879040957089227 0
      vertex 4.087924065757918 2.879040957089227 6
      vertex 4.157348061512726 2.777851165098011 6
    endloop
  endfacet
  facet normal 0.765167265622459 0.6438315428897915 0
    outer loop
      vertex 3.786044232532423 3.2658642147688837 0
      vertex 3.786044232532423 3.2658642147688837 6
      vertex 3.865052266813685 3.1719664208182277 6
    endloop
  endfacet
  facet normal 0.7807372285720945 0.6248594881423863 0
    outer loop
      vertex 3.865052266813685 3.1719664208182277 0
      vertex 3.865052266813685 3.1719664208182277 6
      vertex 3.9417321381330317 3.076157952903134 6
    endloop
  endfacet
  facet normal 0 0 1
    outer loop
      vertex -1.5611234080616458 -0.3505619842509917 1
      vertex -1.5611234080616458 0.3505619842509917 1
      vertex -1.5692564486451688 -0.3121445152258052 1
    endloop
  endfacet
  facet normal 0 0 1
    outer loop
      vertex -1.576444227822306 -0.27353902201648195 1
      vertex -1.576444227822306 0.27353902201648195 1
      vertex -1.5826824159436497 -0.2347687591285788 1
    endloop
  endfacet
  facet normal 0 0 1
    outer loop
      vertex -1.5692564486451688 -0.3121445152258052 1
      vertex -1.5692564486451688 0.3121445152258052 1
      vertex -1.576444227822306 -0.27353902201648195 1
    endloop
  endfacet
  facet normal 0 0 1
    outer loop
      vertex -1.5826824159436497 -0.2347687591285788 1
      vertex -1.5826824159436497 0.2347687591285788 1
      vertex -1.587967255357936 -0.19585708031874594 1
    endloop
  endfacet
  facet normal 0 0 1
    outer loop
      vertex -1.592295562675515 -0.15682742452729698 1
      vertex -1.592295562675515 0.15682742452729698 1
      vertex -1.5956647306859044 -0.11770330175946789 1
    endloop
  endfacet
  facet normal 0 0 1
    outer loop
      vertex -1.587967255357936 -0.19585708031874594 1
      vertex -1.587967255357936 0.19585708031874594 1
      vertex -1.592295562675515 -0.15682742452729698 1
    endloop
  endfacet
  facet normal 0 0 1
    outer loop
      vertex -1.5956647306859044 -0.11770330175946789 1
      vertex -1.5956647306859044 0.11770330175946789 1
      vertex -1.598072729928276 -0.07850827892386883 1
    endloop
  endfacet
  facet normal 0 0 1
    outer loop
      vertex -1.598072729928276 -0.07850827892386883 1
      vertex -1.598072729928276 0.07850827892386883 1
      vertex -1.5995181099139268 -0.03926596563665966 1
    endloop
  endfacet
  facet normal 0 0 1
    outer loop
      vertex -1.285132050369032 -0.9531188871878934 1
      vertex -1.2613542842025702 -0.984370544929003 1
      vertex -1.2613542842025702 0.984370544929003 1
    endloop
  endfacet
  facet normal 0 0 1
    outer loop
      vertex -1.5064705042928335 -0.5390237654275521 1
      vertex -1.5064705042928335 0.5390237654275521 1
      vertex -1.5192450889488587 -0.5018907846382265 1
    endloop
  endfacet
  facet normal 0 0 1
    outer loop
      vertex -1.5064705042928335 -0.5390237654275521 1
      vertex -1.4927884781355822 -0.5758320584559811 1
      vertex -1.4927884781355822 0.5758320584559811 1
    endloop
  endfacet
  facet normal 0 0 1
    outer loop
      vertex -1.4110740229573682 -0.7542347789215963 1
      vertex -1.4110740229573682 0.7542347789215963 1
      vertex -1.4291588819128247 -0.7193781274473706 1
    endloop
  endfacet
  facet normal 0 0 1
    outer loop
      vertex -1.478207252018059 -0.6122934917841437 1
      vertex -1.4627356091256491 -0.6483861024079838 1
      vertex -1.4627356091256491 0.6483861024079838 1
    endloop
  endfacet
  facet normal 0 0 1
    outer loop
      vertex -1.4627356091256491 -0.6483861024079838 1
      vertex -1.4463828689975093 -0.6840881494884514 1
      vertex -1.4463828689975093 0.6840881494884514 1
    endloop
  endfacet
  facet normal 0 0 1
    outer loop
      vertex -1.478207252018059 -0.6122934917841437 1
      vertex -1.478207252018059 0.6122934917841437 1
      vertex -1.4927884781355822 -0.5758320584559811 1
    endloop
  endfacet
  facet normal 0 0 1
    outer loop
      vertex -1.4291588819128247 -0.7193781274473706 1
      vertex -1.4291588819128247 0.7193781274473706 1
      vertex -1.4463828689975093 -0.6840881494884514 1
    endloop
  endfacet
  facet normal 0 0 1
    outer loop
      vertex -1.5420417052727038 -0.4267404119598375 1
      vertex -1.5420417052727038 0.4267404119598375 1
      vertex -1.5520500051112704 -0.3887682878452222 1
    endloop
  endfacet
  facet normal 0 0 1
    outer loop
      vertex -1.5311045371715342 -0.46445548360713973 1
      vertex -1.5311045371715342 0.46445548360713973 1
      vertex -1.5420417052727038 -0.4267404119598375 1
    endloop
  endfacet
  facet normal 0 0 1
    outer loop
      vertex -1.5520500051112704 -0.3887682878452222 1
      vertex -1.5520500051112704 0.3887682878452222 1
      vertex -1.5611234080616458 -0.3505619842509917 1
    endloop
  endfacet
  facet normal 0 0 1
    outer loop
      vertex -1.5192450889488587 -0.5018907846382265 1
      vertex -1.5192450889488587 0.5018907846382265 1
      vertex -1.5311045371715342 -0.46445548360713973 1
    endloop
  endfacet
  facet normal 0 0 1
    outer loop
      vertex -1.4110740229573682 -0.7542347789215963 1
      vertex -1.3921391857739385 -0.7886371075676545 1
      vertex -1.3921391857739385 0.7886371075676545 1
    endloop
  endfacet
  facet normal 0 0 1
    outer loop
      vertex -1.3723657760004353 -0.8225643907091549 1
      vertex -1.3723657760004353 0.8225643907091549 1
      vertex -1.3921391857739385 -0.7886371075676545 1
    endloop
  endfacet
  facet normal 0 0 1
    outer loop
      vertex -1.3517657043995315 -0.8559961918193555 1
      vertex -1.3517657043995315 0.8559961918193555 1
      vertex -1.3723657760004353 -0.8225643907091549 1
    endloop
  endfacet
  facet normal 0 0 1
    outer loop
      vertex -1.3517657043995315 -0.8559961918193555 1
      vertex -1.3303513796840725 -0.8889123728313635 1
      vertex -1.3303513796840725 0.8889123728313635 1
    endloop
  endfacet
  facet normal 0 0 1
    outer loop
      vertex -1.308135701042534 -0.9212931062685525 1
      vertex -1.308135701042534 0.9212931062685525 1
      vertex -1.3303513796840725 -0.8889123728313635 1
    endloop
  endfacet
  facet normal 0 0 1
    outer loop
      vertex -1.308135701042534 -0.9212931062685525 1
      vertex -1.285132050369032 -0.9531188871878934 1
      vertex -1.285132050369032 0.9531188871878934 1
    endloop
  endfacet
  facet normal 0 0 1
    outer loop
      vertex -1.2368167253803792 -1.015029254661833 1
      vertex -1.2368167253803792 1.015029254661833 1
      vertex -1.2613542842025702 -0.984370544929003 1
    endloop
  endfacet
  facet normal 0 0 1
    outer loop
      vertex -1.2368167253803792 -1.015029254661833 1
      vertex -1.2115341544103755 -1.045076548726043 1
      vertex -1.2115341544103755 1.045076548726043 1
    endloop
  endfacet
  facet normal 0 0 1
    outer loop
      vertex -1.2115341544103755 -1.045076548726043 1
      vertex -1.1855218005679347 -1.0744943277552295 1
      vertex -1.1855218005679347 1.0744943277552295 1
    endloop
  endfacet
  facet normal 0 0 1
    outer loop
      vertex -1.1587953327223472 -1.103264871579307 1
      vertex -1.1587953327223472 1.103264871579307 1
      vertex -1.1855218005679347 -1.0744943277552295 1
    endloop
  endfacet
  facet normal 0 0 1
    outer loop
      vertex -1.1587953327223472 -1.103264871579307 1
      vertex -1.1313708498984762 -1.1313708498984762 1
      vertex -1.1313708498984762 1.1313708498984762 1
    endloop
  endfacet
  facet normal 0 0 1
    outer loop
      vertex -1.103264871579307 -1.1587953327223472 1
      vertex -1.103264871579307 1.1587953327223472 1
      vertex -1.1313708498984762 -1.1313708498984762 1
    endloop
  endfacet
  facet normal 0 0 1
    outer loop
      vertex -1.045076548726043 -1.2115341544103755 1
      vertex -1.045076548726043 1.2115341544103755 1
      vertex -1.0744943277552295 -1.1855218005679347 1
    endloop
  endfacet
  facet normal 0 0 1
    outer loop
      vertex -1.045076548726043 -1.2115341544103755 1
      vertex -1.015029254661833 -1.2368167253803792 1
      vertex -1.015029254661833 1.2368167253803792 1
    endloop
  endfacet
  facet normal 0 0 1
    outer loop
      vertex -1.103264871579307 -1.1587953327223472 1
      vertex -1.0744943277552295 -1.1855218005679347 1
      vertex -1.0744943277552295 1.1855218005679347 1
    endloop
  endfacet
  facet normal 0 0 1
    outer loop
      vertex -1.015029254661833 -1.2368167253803792 1
      vertex -0.984370544929003 -1.2613542842025702 1
      vertex -0.984370544929003 1.2613542842025702 1
    endloop
  endfacet
  facet normal 0 0 1
    outer loop
      vertex -0.984370544929003 -1.2613542842025702 1
      vertex -0.9531188871878934 -1.285132050369032 1
      vertex -0.9531188871878934 1.285132050369032 1
    endloop
  endfacet
  facet normal 0 0 1
    outer loop
      vertex -0.9212931062685525 -1.308135701042534 1
      vertex -0.8889123728313635 -1.3303513796840725 1
      vertex -0.8889123728313635 1.3303513796840725 1
    endloop
  endfacet
  facet normal 0 0 1
    outer loop
      vertex -0.9212931062685525 -1.308135701042534 1
      vertex -0.9212931062685525 1.308135701042534 1
      vertex -0.9531188871878934 -1.285132050369032 1
    endloop
  endfacet
  facet normal 0 0 1
    outer loop
      vertex -0.8559961918193555 -1.3517657043995315 1
      vertex -0.8559961918193555 1.3517657043995315 1
      vertex -0.8889123728313635 -1.3303513796840725 1
    endloop
  endfacet
  facet normal 0 0 1
    outer loop
      vertex -0.8559961918193555 -1.3517657043995315 1
      vertex -0.8225643907091549 -1.3723657760004353 1
      vertex -0.8225643907091549 1.3723657760004353 1
    endloop
  endfacet
  facet normal 0 0 1
    outer loop
      vertex -0.8225643907091549 -1.3723657760004353 1
      vertex -0.7886371075676545 -1.3921391857739385 1
      vertex -0.7886371075676545 1.3921391857739385 1
    endloop
  endfacet
  facet normal 0 0 1
    outer loop
      vertex -0.7542347789215963 -1.4110740229573682 1
      vertex -0.7193781274473706 -1.4291588819128247 1
      vertex -0.7193781274473706 1.4291588819128247 1
    endloop
  endfacet
  facet normal 0 0 1
    outer loop
      vertex -0.7193781274473706 -1.4291588819128247 1
      vertex -0.6840881494884514 -1.4463828689975093 1
      vertex -0.6840881494884514 1.4463828689975093 1
    endloop
  endfacet
  facet normal 0 0 1
    outer loop
      vertex -0.6840881494884514 -1.4463828689975093 1
      vertex -0.6483861024079838 -1.4627356091256491 1
      vertex -0.6483861024079838 1.4627356091256491 1
    endloop
  endfacet
  facet normal 0 0 1
    outer loop
      vertex -0.7542347789215963 -1.4110740229573682 1
      vertex -0.7542347789215963 1.4110740229573682 1
      vertex -0.7886371075676545 -1.3921391857739385 1
    endloop
  endfacet
  facet normal 0 0 1
    outer loop
      vertex -0.6483861024079838 -1.4627356091256491 1
      vertex -0.6122934917841437 -1.478207252018059 1
      vertex -0.6122934917841437 1.478207252018059 1
    endloop
  endfacet
  facet normal 0 0 1
    outer loop
      vertex -0.6122934917841437 -1.478207252018059 1
      vertex -0.5758320584559811 -1.4927884781355822 1
      vertex -0.5758320584559811 1.4927884781355822 1
    endloop
  endfacet
  facet normal 0 0 1
    outer loop
      vertex -0.5390237654275521 -1.5064705042928335 1
      vertex -0.5390237654275521 1.5064705042928335 1
      vertex -0.5758320584559811 -1.4927884781355822 1
    endloop
  endfacet
  facet normal 0 0 1
    outer loop
      vertex -0.5390237654275521 -1.5064705042928335 1
      vertex -0.5018907846382265 -1.5192450889488587 1
      vertex -0.5018907846382265 1.5192450889488587 1
    endloop
  endfacet
  facet normal 0 0 1
    outer loop
      vertex -0.5018907846382265 -1.5192450889488587 1
      vertex -0.46445548360713973 -1.5311045371715342 1
      vertex -0.46445548360713973 1.5311045371715342 1
    endloop
  endfacet
  facet normal 0 0 1
    outer loop
      vertex -0.46445548360713973 -1.5311045371715342 1
      vertex -0.4267404119598375 -1.5420417052727038 1
      vertex -0.4267404119598375 1.5420417052727038 1
    endloop
  endfacet
  facet normal 0 0 1
    outer loop
      vertex -0.4267404119598375 -1.5420417052727038 1
      vertex -0.3887682878452222 -1.5520500051112704 1
      vertex -0.3887682878452222 1.5520500051112704 1
    endloop
  endfacet
  facet normal 0 0 1
    outer loop
      vertex -0.3887682878452222 -1.5520500051112704 1
      vertex -0.3505619842509917 -1.5611234080616458 1
      vertex -0.3505619842509917 1.5611234080616458 1
    endloop
  endfacet
  facet normal 0 0 1
    outer loop
      vertex -0.3505619842509917 -1.5611234080616458 1
      vertex -0.3121445152258052 -1.5692564486451688 1
      vertex -0.3121445152258052 1.5692564486451688 1
    endloop
  endfacet
  facet normal 0 0 1
    outer loop
      vertex -0.3121445152258052 -1.5692564486451688 1
      vertex -0.27353902201648195 -1.576444227822306 1
      vertex -0.27353902201648195 1.576444227822306 1
    endloop
  endfacet
  facet normal 0 0 1
    outer loop
      vertex -0.27353902201648195 -1.576444227822306 1
      vertex -0.2347687591285788 -1.5826824159436497 1
      vertex -0.2347687591285788 1.5826824159436497 1
    endloop
  endfacet
  facet normal 0 0 1
    outer loop
      vertex -0.2347687591285788 -1.5826824159436497 1
      vertex -0.19585708031874594 -1.587967255357936 1
      vertex -0.19585708031874594 1.587967255357936 1
    endloop
  endfacet
  facet normal 0 0 1
    outer loop
      vertex -0.19585708031874594 -1.587967255357936 1
      vertex -0.15682742452729698 -1.592295562675515 1
      vertex -0.15682742452729698 1.592295562675515 1
    endloop
  endfacet
  facet normal 0 0 1
    outer loop
      vertex -0.15682742452729698 -1.592295562675515 1
      vertex -0.11770330175946789 -1.5956647306859044 1
      vertex -0.11770330175946789 1.5956647306859044 1
    endloop
  endfacet
  facet normal 0 0 1
    outer loop
      vertex -0.11770330175946789 -1.5956647306859044 1
      vertex -0.07850827892386883 -1.598072729928276 1
      vertex -0.07850827892386883 1.598072729928276 1
    endloop
  endfacet
  facet normal 0 0 1
    outer loop
      vertex -0.07850827892386883 -1.598072729928276 1
      vertex -0.03926596563665966 -1.5995181099139268 1
      vertex -0.03926596563665966 1.5995181099139268 1
    endloop
  endfacet
  facet normal 0 0 1
    outer loop
      vertex -0.03926596563665966 -1.5995181099139268 1
      vertex 0 -1.6 1
      vertex 0 1.6 1
    endloop
  endfacet
  facet normal 0.7807372285720937 0.6248594881423873 0
    outer loop
      vertex -1.2368167253803792 -1.015029254661833 1
      vertex -1.2613542842025702 -0.984370544929003 1
      vertex -1.2613542842025702 -0.984370544929003 6
    endloop
  endfacet
  facet normal 0.7958369046088843 0.6055110414043243 0
    outer loop
      vertex -1.285132050369032 -0.9531188871878934 1
      vertex -1.285132050369032 -0.9531188871878934 6
      vertex -1.2613542842025702 -0.984370544929003 1
    endloop
  endfacet
  facet normal 0.8876396204028533 0.46053871095824134 0
    outer loop
      vertex -1.4110740229573682 -0.7542347789215963 1
      vertex -1.4291588819128247 -0.7193781274473706 1
      vertex -1.4291588819128247 -0.7193781274473706 6
    endloop
  endfacet
  facet normal 0.9091679830905219 0.41642956009763826 0
    outer loop
      vertex -1.4627356091256491 -0.6483861024079838 1
      vertex -1.4627356091256491 -0.6483861024079838 6
      vertex -1.4463828689975093 -0.6840881494884514 1
    endloop
  endfacet
  facet normal 0.8986744656939556 0.4386162385385242 0
    outer loop
      vertex -1.4291588819128247 -0.7193781274473706 1
      vertex -1.4463828689975093 -0.6840881494884514 1
      vertex -1.4463828689975093 -0.6840881494884514 6
    endloop
  endfacet
  facet normal 0.838224705554837 0.545324988422048 0
    outer loop
      vertex -1.3517657043995315 -0.8559961918193555 1
      vertex -1.3517657043995315 -0.8559961918193555 6
      vertex -1.3303513796840725 -0.8889123728313635 1
    endloop
  endfacet
  facet normal 0.863972856121585 0.5035383837257206 0
    outer loop
      vertex -1.3723657760004353 -0.8225643907091549 1
      vertex -1.3921391857739385 -0.7886371075676545 1
      vertex -1.3921391857739385 -0.7886371075676545 6
    endloop
  endfacet
  facet normal 0.851355193105266 0.5245896826784676 0
    outer loop
      vertex -1.3517657043995315 -0.8559961918193555 1
      vertex -1.3723657760004353 -0.8225643907091549 1
      vertex -1.3723657760004353 -0.8225643907091549 6
    endloop
  endfacet
  facet normal 0.8245893027850273 0.5657318107836103 0
    outer loop
      vertex -1.308135701042534 -0.9212931062685525 1
      vertex -1.3303513796840725 -0.8889123728313635 1
      vertex -1.3303513796840725 -0.8889123728313635 6
    endloop
  endfacet
  facet normal 0.8104571982525945 0.5857978574564394 0
    outer loop
      vertex -1.308135701042534 -0.9212931062685525 1
      vertex -1.308135701042534 -0.9212931062685525 6
      vertex -1.285132050369032 -0.9531188871878934 1
    endloop
  endfacet
  facet normal 0.8760700941954072 0.4821837720791215 0
    outer loop
      vertex -1.4110740229573682 -0.7542347789215963 1
      vertex -1.4110740229573682 -0.7542347789215963 6
      vertex -1.3921391857739385 -0.7886371075676545 1
    endloop
  endfacet
  facet normal 0.9783173707196282 0.20711137619221545 0
    outer loop
      vertex -1.5611234080616458 -0.3505619842509917 1
      vertex -1.5692564486451688 -0.3121445152258052 1
      vertex -1.5692564486451688 -0.3121445152258052 6
    endloop
  endfacet
  facet normal 0.9831054874312161 0.18303988795514184 0
    outer loop
      vertex -1.5692564486451688 -0.3121445152258052 1
      vertex -1.576444227822306 -0.27353902201648195 1
      vertex -1.576444227822306 -0.27353902201648195 6
    endloop
  endfacet
  facet normal 0.9873014181578583 0.15885814333386186 0
    outer loop
      vertex -1.576444227822306 -0.27353902201648195 1
      vertex -1.5826824159436497 -0.2347687591285788 1
      vertex -1.5826824159436497 -0.2347687591285788 6
    endloop
  endfacet
  facet normal 0.9909026354277803 0.13458070850712447 0
    outer loop
      vertex -1.5826824159436497 -0.2347687591285788 1
      vertex -1.587967255357936 -0.19585708031874594 1
      vertex -1.587967255357936 -0.19585708031874594 6
    endloop
  endfacet
  facet normal 0.9939069700023561 0.11022220729388378 0
    outer loop
      vertex -1.587967255357936 -0.19585708031874594 1
      vertex -1.592295562675515 -0.15682742452729698 1
      vertex -1.592295562675515 -0.15682742452729698 6
    endloop
  endfacet
  facet normal 0.996312612182778 0.08579731234444005 0
    outer loop
      vertex -1.592295562675515 -0.15682742452729698 1
      vertex -1.5956647306859044 -0.11770330175946789 1
      vertex -1.5956647306859044 -0.11770330175946789 6
    endloop
  endfacet
  facet normal 0.9981181129001491 0.06132073630221057 0
    outer loop
      vertex -1.5956647306859044 -0.11770330175946789 1
      vertex -1.598072729928276 -0.07850827892386883 1
      vertex -1.598072729928276 -0.07850827892386883 6
    endloop
  endfacet
  facet normal 0.9993223845883495 0.036807222941357284 0
    outer loop
      vertex -1.598072729928276 -0.07850827892386883 1
      vertex -1.5995181099139268 -0.03926596563665966 1
      vertex -1.5995181099139268 -0.03926596563665966 6
    endloop
  endfacet
  facet normal 0.9999247018391445 0.01227153828571984 0
    outer loop
      vertex -1.5995181099139268 -0.03926596563665966 1
      vertex -1.6 0 1
      vertex -1.6 0 6
    endloop
  endfacet
  facet normal 0.9285060804732165 0.3713171939518352 0
    outer loop
      vertex -1.478207252018059 -0.6122934917841437 1
      vertex -1.4927884781355822 -0.5758320584559811 1
      vertex -1.4927884781355822 -0.5758320584559811 6
    endloop
  endfacet
  facet normal 0.9373390119125732 0.3484186802494394 0
    outer loop
      vertex -1.5064705042928335 -0.5390237654275521 1
      vertex -1.5064705042928335 -0.5390237654275521 6
      vertex -1.4927884781355822 -0.5758320584559811 1
    endloop
  endfacet
  facet normal 0.9533060403541944 0.30200594931922625 0
    outer loop
      vertex -1.5192450889488587 -0.5018907846382265 1
      vertex -1.5311045371715342 -0.46445548360713973 1
      vertex -1.5311045371715342 -0.46445548360713973 6
    endloop
  endfacet
  facet normal 0.9456073253805228 0.32531029216225826 0
    outer loop
      vertex -1.5064705042928335 -0.5390237654275521 1
      vertex -1.5192450889488587 -0.5018907846382265 1
      vertex -1.5192450889488587 -0.5018907846382265 6
    endloop
  endfacet
  facet normal 0.9191138516900572 0.39399204006104904 0
    outer loop
      vertex -1.478207252018059 -0.6122934917841437 1
      vertex -1.478207252018059 -0.6122934917841437 6
      vertex -1.4627356091256491 -0.6483861024079838 1
    endloop
  endfacet
  facet normal 0.9604305194155655 0.2785196893850544 0
    outer loop
      vertex -1.5311045371715342 -0.46445548360713973 1
      vertex -1.5420417052727038 -0.4267404119598375 1
      vertex -1.5420417052727038 -0.4267404119598375 6
    endloop
  endfacet
  facet normal 0.9669764710448518 0.2548656596045155 0
    outer loop
      vertex -1.5420417052727038 -0.4267404119598375 1
      vertex -1.5520500051112704 -0.3887682878452222 1
      vertex -1.5520500051112704 -0.3887682878452222 6
    endloop
  endfacet
  facet normal 0.9729399522055594 0.2310581082806742 0
    outer loop
      vertex -1.5520500051112704 -0.3887682878452222 1
      vertex -1.5611234080616458 -0.3505619842509917 1
      vertex -1.5611234080616458 -0.3505619842509917 6
    endloop
  endfacet
  facet normal 0.5857978574564394 0.8104571982525945 0
    outer loop
      vertex -0.9212931062685525 -1.308135701042534 1
      vertex -0.9531188871878934 -1.285132050369032 1
      vertex -0.9531188871878934 -1.285132050369032 6
    endloop
  endfacet
  facet normal 0.6055110414043243 0.7958369046088843 0
    outer loop
      vertex -0.984370544929003 -1.2613542842025702 1
      vertex -0.984370544929003 -1.2613542842025702 6
      vertex -0.9531188871878934 -1.285132050369032 1
    endloop
  endfacet
  facet normal 0.545324988422048 0.838224705554837 0
    outer loop
      vertex -0.8559961918193555 -1.3517657043995315 1
      vertex -0.8889123728313635 -1.3303513796840725 1
      vertex -0.8889123728313635 -1.3303513796840725 6
    endloop
  endfacet
  facet normal 0.5657318107836103 0.8245893027850273 0
    outer loop
      vertex -0.9212931062685525 -1.308135701042534 1
      vertex -0.9212931062685525 -1.308135701042534 6
      vertex -0.8889123728313635 -1.3303513796840725 1
    endloop
  endfacet
  facet normal 0.5245896826784676 0.851355193105266 0
    outer loop
      vertex -0.8559961918193555 -1.3517657043995315 1
      vertex -0.8559961918193555 -1.3517657043995315 6
      vertex -0.8225643907091549 -1.3723657760004353 1
    endloop
  endfacet
  facet normal 0.5035383837257206 0.863972856121585 0
    outer loop
      vertex -0.8225643907091549 -1.3723657760004353 1
      vertex -0.8225643907091549 -1.3723657760004353 6
      vertex -0.7886371075676545 -1.3921391857739385 1
    endloop
  endfacet
  facet normal 0.46053871095824134 0.8876396204028533 0
    outer loop
      vertex -0.7542347789215963 -1.4110740229573682 1
      vertex -0.7542347789215963 -1.4110740229573682 6
      vertex -0.7193781274473706 -1.4291588819128247 1
    endloop
  endfacet
  facet normal 0.4386162385385242 0.8986744656939556 0
    outer loop
      vertex -0.7193781274473706 -1.4291588819128247 1
      vertex -0.7193781274473706 -1.4291588819128247 6
      vertex -0.6840881494884514 -1.4463828689975093 1
    endloop
  endfacet
  facet normal 0.41642956009763826 0.9091679830905219 0
    outer loop
      vertex -0.6840881494884514 -1.4463828689975093 1
      vertex -0.6840881494884514 -1.4463828689975093 6
      vertex -0.6483861024079838 -1.4627356091256491 1
    endloop
  endfacet
  facet normal 0.39399204006104904 0.9191138516900572 0
    outer loop
      vertex -0.6483861024079838 -1.4627356091256491 1
      vertex -0.6483861024079838 -1.4627356091256491 6
      vertex -0.6122934917841437 -1.478207252018059 1
    endloop
  endfacet
  facet normal 0.4821837720791215 0.8760700941954072 0
    outer loop
      vertex -0.7542347789215963 -1.4110740229573682 1
      vertex -0.7886371075676545 -1.3921391857739385 1
      vertex -0.7886371075676545 -1.3921391857739385 6
    endloop
  endfacet
  facet normal 0.20711137619221545 0.9783173707196282 0
    outer loop
      vertex -0.3505619842509917 -1.5611234080616458 1
      vertex -0.3505619842509917 -1.5611234080616458 6
      vertex -0.3121445152258052 -1.5692564486451688 1
    endloop
  endfacet
  facet normal 0.3484186802494394 0.9373390119125732 0
    outer loop
      vertex -0.5390237654275521 -1.5064705042928335 1
      vertex -0.5758320584559811 -1.4927884781355822 1
      vertex -0.5758320584559811 -1.4927884781355822 6
    endloop
  endfacet
  facet normal 0.3713171939518352 0.9285060804732165 0
    outer loop
      vertex -0.6122934917841437 -1.478207252018059 1
      vertex -0.6122934917841437 -1.478207252018059 6
      vertex -0.5758320584559811 -1.4927884781355822 1
    endloop
  endfacet
  facet normal 0.32531029216225826 0.9456073253805228 0
    outer loop
      vertex -0.5390237654275521 -1.5064705042928335 1
      vertex -0.5390237654275521 -1.5064705042928335 6
      vertex -0.5018907846382265 -1.5192450889488587 1
    endloop
  endfacet
  facet normal 0.30200594931922625 0.9533060403541944 0
    outer loop
      vertex -0.5018907846382265 -1.5192450889488587 1
      vertex -0.5018907846382265 -1.5192450889488587 6
      vertex -0.46445548360713973 -1.5311045371715342 1
    endloop
  endfacet
  facet normal 0.2785196893850544 0.9604305194155655 0
    outer loop
      vertex -0.46445548360713973 -1.5311045371715342 1
      vertex -0.46445548360713973 -1.5311045371715342 6
      vertex -0.4267404119598375 -1.5420417052727038 1
    endloop
  endfacet
  facet normal 0.2548656596045155 0.9669764710448518 0
    outer loop
      vertex -0.4267404119598375 -1.5420417052727038 1
      vertex -0.4267404119598375 -1.5420417052727038 6
      vertex -0.3887682878452222 -1.5520500051112704 1
    endloop
  endfacet
  facet normal 0.2310581082806742 0.9729399522055594 0
    outer loop
      vertex -0.3887682878452222 -1.5520500051112704 1
      vertex -0.3887682878452222 -1.5520500051112704 6
      vertex -0.3505619842509917 -1.5611234080616458 1
    endloop
  endfacet
  facet normal 0.18303988795514184 0.9831054874312161 0
    outer loop
      vertex -0.3121445152258052 -1.5692564486451688 1
      vertex -0.3121445152258052 -1.5692564486451688 6
      vertex -0.27353902201648195 -1.576444227822306 1
    endloop
  endfacet
  facet normal 0.15885814333386186 0.9873014181578583 0
    outer loop
      vertex -0.27353902201648195 -1.576444227822306 1
      vertex -0.27353902201648195 -1.576444227822306 6
      vertex -0.2347687591285788 -1.5826824159436497 1
    endloop
  endfacet
  facet normal 0.13458070850712447 0.9909026354277803 0
    outer loop
      vertex -0.2347687591285788 -1.5826824159436497 1
      vertex -0.2347687591285788 -1.5826824159436497 6
      vertex -0.19585708031874594 -1.587967255357936 1
    endloop
  endfacet
  facet normal 0.11022220729388378 0.9939069700023561 0
    outer loop
      vertex -0.19585708031874594 -1.587967255357936 1
      vertex -0.19585708031874594 -1.587967255357936 6
      vertex -0.15682742452729698 -1.592295562675515 1
    endloop
  endfacet
  facet normal 0.08579731234444005 0.996312612182778 0
    outer loop
      vertex -0.15682742452729698 -1.592295562675515 1
      vertex -0.15682742452729698 -1.592295562675515 6
      vertex -0.11770330175946789 -1.5956647306859044 1
    endloop
  endfacet
  facet normal 0.06132073630221057 0.9981181129001491 0
    outer loop
      vertex -0.11770330175946789 -1.5956647306859044 1
      vertex -0.11770330175946789 -1.5956647306859044 6
      vertex -0.07850827892386883 -1.598072729928276 1
    endloop
  endfacet
  facet normal 0.036807222941357284 0.9993223845883495 0
    outer loop
      vertex -0.07850827892386883 -1.598072729928276 1
      vertex -0.07850827892386883 -1.598072729928276 6
      vertex -0.03926596563665966 -1.5995181099139268 1
    endloop
  endfacet
  facet normal 0.01227153828571984 0.9999247018391445 0
    outer loop
      vertex -0.03926596563665966 -1.5995181099139268 1
      vertex -0.03926596563665966 -1.5995181099139268 6
      vertex 0 -1.6 1
    endloop
  endfacet
  facet normal 0.715730825283823 0.6983762494089684 0
    outer loop
      vertex -1.1587953327223472 -1.103264871579307 1
      vertex -1.1587953327223472 -1.103264871579307 6
      vertex -1.1313708498984762 -1.1313708498984762 1
    endloop
  endfacet
  facet normal 0.6983762494089684 0.715730825283823 0
    outer loop
      vertex -1.103264871579307 -1.1587953327223472 1
      vertex -1.1313708498984762 -1.1313708498984762 1
      vertex -1.1313708498984762 -1.1313708498984762 6
    endloop
  endfacet
  facet normal 0.7651672656224603 0.6438315428897897 0
    outer loop
      vertex -1.2368167253803792 -1.015029254661833 1
      vertex -1.2368167253803792 -1.015029254661833 6
      vertex -1.2115341544103755 -1.045076548726043 1
    endloop
  endfacet
  facet normal 0.7491363945234569 0.6624157775901743 0
    outer loop
      vertex -1.2115341544103755 -1.045076548726043 1
      vertex -1.2115341544103755 -1.045076548726043 6
      vertex -1.1855218005679347 -1.0744943277552295 1
    endloop
  endfacet
  facet normal 0.7326542716724121 0.6806009977954538 0
    outer loop
      vertex -1.1587953327223472 -1.103264871579307 1
      vertex -1.1855218005679347 -1.0744943277552295 1
      vertex -1.1855218005679347 -1.0744943277552295 6
    endloop
  endfacet
  facet normal 0.6624157775901743 0.7491363945234569 0
    outer loop
      vertex -1.045076548726043 -1.2115341544103755 1
      vertex -1.0744943277552295 -1.1855218005679347 1
      vertex -1.0744943277552295 -1.1855218005679347 6
    endloop
  endfacet
  facet normal 0.6438315428897897 0.7651672656224603 0
    outer loop
      vertex -1.045076548726043 -1.2115341544103755 1
      vertex -1.045076548726043 -1.2115341544103755 6
      vertex -1.015029254661833 -1.2368167253803792 1
    endloop
  endfacet
  facet normal 0.6806009977954538 0.7326542716724121 0
    outer loop
      vertex -1.103264871579307 -1.1587953327223472 1
      vertex -1.103264871579307 -1.1587953327223472 6
      vertex -1.0744943277552295 -1.1855218005679347 1
    endloop
  endfacet
  facet normal 0.6248594881423873 0.7807372285720937 0
    outer loop
      vertex -1.015029254661833 -1.2368167253803792 1
      vertex -1.015029254661833 -1.2368167253803792 6
      vertex -0.984370544929003 -1.2613542842025702 1
    endloop
  endfacet
  facet normal 0.8104571982525945 0.5857978574564394 0
    outer loop
      vertex -1.285132050369032 -0.9531188871878934 1
      vertex -1.308135701042534 -0.9212931062685525 6
      vertex -1.285132050369032 -0.9531188871878934 6
    endloop
  endfacet
  facet normal 0.7958369046088843 0.6055110414043243 0
    outer loop
      vertex -1.2613542842025702 -0.984370544929003 1
      vertex -1.285132050369032 -0.9531188871878934 6
      vertex -1.2613542842025702 -0.984370544929003 6
    endloop
  endfacet
  facet normal 0.8876396204028533 0.46053871095824134 0
    outer loop
      vertex -1.4110740229573682 -0.7542347789215963 1
      vertex -1.4291588819128247 -0.7193781274473706 6
      vertex -1.4110740229573682 -0.7542347789215963 6
    endloop
  endfacet
  facet normal 0.8986744656939556 0.4386162385385242 0
    outer loop
      vertex -1.4291588819128247 -0.7193781274473706 1
      vertex -1.4463828689975093 -0.6840881494884514 6
      vertex -1.4291588819128247 -0.7193781274473706 6
    endloop
  endfacet
  facet normal 0.9091679830905219 0.41642956009763826 0
    outer loop
      vertex -1.4463828689975093 -0.6840881494884514 1
      vertex -1.4627356091256491 -0.6483861024079838 6
      vertex -1.4463828689975093 -0.6840881494884514 6
    endloop
  endfacet
  facet normal 0.9191138516900572 0.39399204006104904 0
    outer loop
      vertex -1.4627356091256491 -0.6483861024079838 1
      vertex -1.478207252018059 -0.6122934917841437 6
      vertex -1.4627356091256491 -0.6483861024079838 6
    endloop
  endfacet
  facet normal 0.838224705554837 0.545324988422048 0
    outer loop
      vertex -1.3303513796840725 -0.8889123728313635 1
      vertex -1.3517657043995315 -0.8559961918193555 6
      vertex -1.3303513796840725 -0.8889123728313635 6
    endloop
  endfacet
  facet normal 0.863972856121585 0.5035383837257206 0
    outer loop
      vertex -1.3723657760004353 -0.8225643907091549 1
      vertex -1.3921391857739385 -0.7886371075676545 6
      vertex -1.3723657760004353 -0.8225643907091549 6
    endloop
  endfacet
  facet normal 0.851355193105266 0.5245896826784676 0
    outer loop
      vertex -1.3517657043995315 -0.8559961918193555 1
      vertex -1.3723657760004353 -0.8225643907091549 6
      vertex -1.3517657043995315 -0.8559961918193555 6
    endloop
  endfacet
  facet normal 0.8245893027850273 0.5657318107836103 0
    outer loop
      vertex -1.308135701042534 -0.9212931062685525 1
      vertex -1.3303513796840725 -0.8889123728313635 6
      vertex -1.308135701042534 -0.9212931062685525 6
    endloop
  endfacet
  facet normal 0.8760700941954072 0.4821837720791215 0
    outer loop
      vertex -1.3921391857739385 -0.7886371075676545 1
      vertex -1.4110740229573682 -0.7542347789215963 6
      vertex -1.3921391857739385 -0.7886371075676545 6
    endloop
  endfacet
  facet normal 0.9783173707196282 0.20711137619221545 0
    outer loop
      vertex -1.5611234080616458 -0.3505619842509917 1
      vertex -1.5692564486451688 -0.3121445152258052 6
      vertex -1.5611234080616458 -0.3505619842509917 6
    endloop
  endfacet
  facet normal 0.9831054874312161 0.18303988795514184 0
    outer loop
      vertex -1.5692564486451688 -0.3121445152258052 1
      vertex -1.576444227822306 -0.27353902201648195 6
      vertex -1.5692564486451688 -0.3121445152258052 6
    endloop
  endfacet
  facet normal 0.9873014181578583 0.15885814333386186 0
    outer loop
      vertex -1.576444227822306 -0.27353902201648195 1
      vertex -1.5826824159436497 -0.2347687591285788 6
      vertex -1.576444227822306 -0.27353902201648195 6
    endloop
  endfacet
  facet normal 0.9909026354277803 0.13458070850712447 0
    outer loop
      vertex -1.5826824159436497 -0.2347687591285788 1
      vertex -1.587967255357936 -0.19585708031874594 6
      vertex -1.5826824159436497 -0.2347687591285788 6
    endloop
  endfacet
  facet normal 0.9939069700023561 0.11022220729388378 0
    outer loop
      vertex -1.587967255357936 -0.19585708031874594 1
      vertex -1.592295562675515 -0.15682742452729698 6
      vertex -1.587967255357936 -0.19585708031874594 6
    endloop
  endfacet
  facet normal 0.996312612182778 0.08579731234444005 0
    outer loop
      vertex -1.592295562675515 -0.15682742452729698 1
      vertex -1.5956647306859044 -0.11770330175946789 6
      vertex -1.592295562675515 -0.15682742452729698 6
    endloop
  endfacet
  facet normal 0.9981181129001491 0.06132073630221057 0
    outer loop
      vertex -1.5956647306859044 -0.11770330175946789 1
      vertex -1.598072729928276 -0.07850827892386883 6
      vertex -1.5956647306859044 -0.11770330175946789 6
    endloop
  endfacet
  facet normal 0.9993223845883495 0.036807222941357284 0
    outer loop
      vertex -1.598072729928276 -0.07850827892386883 1
      vertex -1.5995181099139268 -0.03926596563665966 6
      vertex -1.598072729928276 -0.07850827892386883 6
    endloop
  endfacet
  facet normal 0.9999247018391445 0.01227153828571984 0
    outer loop
      vertex -1.5995181099139268 -0.03926596563665966 1
      vertex -1.6 0 6
      vertex -1.5995181099139268 -0.03926596563665966 6
    endloop
  endfacet
  facet normal 0.9373390119125732 0.3484186802494394 0
    outer loop
      vertex -1.4927884781355822 -0.5758320584559811 1
      vertex -1.5064705042928335 -0.5390237654275521 6
      vertex -1.4927884781355822 -0.5758320584559811 6
    endloop
  endfacet
  facet normal 0.9456073253805228 0.32531029216225826 0
    outer loop
      vertex -1.5064705042928335 -0.5390237654275521 1
      vertex -1.5192450889488587 -0.5018907846382265 6
      vertex -1.5064705042928335 -0.5390237654275521 6
    endloop
  endfacet
  facet normal 0.9533060403541944 0.30200594931922625 0
    outer loop
      vertex -1.5192450889488587 -0.5018907846382265 1
      vertex -1.5311045371715342 -0.46445548360713973 6
      vertex -1.5192450889488587 -0.5018907846382265 6
    endloop
  endfacet
  facet normal 0.9285060804732165 0.3713171939518352 0
    outer loop
      vertex -1.478207252018059 -0.6122934917841437 1
      vertex -1.4927884781355822 -0.5758320584559811 6
      vertex -1.478207252018059 -0.6122934917841437 6
    endloop
  endfacet
  facet normal 0.9604305194155655 0.2785196893850544 0
    outer loop
      vertex -1.5311045371715342 -0.46445548360713973 1
      vertex -1.5420417052727038 -0.4267404119598375 6
      vertex -1.5311045371715342 -0.46445548360713973 6
    endloop
  endfacet
  facet normal 0.9669764710448518 0.2548656596045155 0
    outer loop
      vertex -1.5420417052727038 -0.4267404119598375 1
      vertex -1.5520500051112704 -0.3887682878452222 6
      vertex -1.5420417052727038 -0.4267404119598375 6
    endloop
  endfacet
  facet normal 0.9729399522055594 0.2310581082806742 0
    outer loop
      vertex -1.5520500051112704 -0.3887682878452222 1
      vertex -1.5611234080616458 -0.3505619842509917 6
      vertex -1.5520500051112704 -0.3887682878452222 6
    endloop
  endfacet
  facet normal 0.6248594881423873 0.7807372285720937 0
    outer loop
      vertex -0.984370544929003 -1.2613542842025702 1
      vertex -1.015029254661833 -1.2368167253803792 6
      vertex -0.984370544929003 -1.2613542842025702 6
    endloop
  endfacet
  facet normal 0.6055110414043243 0.7958369046088843 0
    outer loop
      vertex -0.9531188871878934 -1.285132050369032 1
      vertex -0.984370544929003 -1.2613542842025702 6
      vertex -0.9531188871878934 -1.285132050369032 6
    endloop
  endfacet
  facet normal 0.545324988422048 0.838224705554837 0
    outer loop
      vertex -0.8559961918193555 -1.3517657043995315 1
      vertex -0.8889123728313635 -1.3303513796840725 6
      vertex -0.8559961918193555 -1.3517657043995315 6
    endloop
  endfacet
  facet normal 0.5857978574564394 0.8104571982525945 0
    outer loop
      vertex -0.9212931062685525 -1.308135701042534 1
      vertex -0.9531188871878934 -1.285132050369032 6
      vertex -0.9212931062685525 -1.308135701042534 6
    endloop
  endfacet
  facet normal 0.5657318107836103 0.8245893027850273 0
    outer loop
      vertex -0.8889123728313635 -1.3303513796840725 1
      vertex -0.9212931062685525 -1.308135701042534 6
      vertex -0.8889123728313635 -1.3303513796840725 6
    endloop
  endfacet
  facet normal 0.5245896826784676 0.851355193105266 0
    outer loop
      vertex -0.8225643907091549 -1.3723657760004353 1
      vertex -0.8559961918193555 -1.3517657043995315 6
      vertex -0.8225643907091549 -1.3723657760004353 6
    endloop
  endfacet
  facet normal 0.5035383837257206 0.863972856121585 0
    outer loop
      vertex -0.7886371075676545 -1.3921391857739385 1
      vertex -0.8225643907091549 -1.3723657760004353 6
      vertex -0.7886371075676545 -1.3921391857739385 6
    endloop
  endfacet
  facet normal 0.46053871095824134 0.8876396204028533 0
    outer loop
      vertex -0.7193781274473706 -1.4291588819128247 1
      vertex -0.7542347789215963 -1.4110740229573682 6
      vertex -0.7193781274473706 -1.4291588819128247 6
    endloop
  endfacet
  facet normal 0.4386162385385242 0.8986744656939556 0
    outer loop
      vertex -0.6840881494884514 -1.4463828689975093 1
      vertex -0.7193781274473706 -1.4291588819128247 6
      vertex -0.6840881494884514 -1.4463828689975093 6
    endloop
  endfacet
  facet normal 0.41642956009763826 0.9091679830905219 0
    outer loop
      vertex -0.6483861024079838 -1.4627356091256491 1
      vertex -0.6840881494884514 -1.4463828689975093 6
      vertex -0.6483861024079838 -1.4627356091256491 6
    endloop
  endfacet
  facet normal 0.4821837720791215 0.8760700941954072 0
    outer loop
      vertex -0.7542347789215963 -1.4110740229573682 1
      vertex -0.7886371075676545 -1.3921391857739385 6
      vertex -0.7542347789215963 -1.4110740229573682 6
    endloop
  endfacet
  facet normal 0.20711137619221545 0.9783173707196282 0
    outer loop
      vertex -0.3121445152258052 -1.5692564486451688 1
      vertex -0.3505619842509917 -1.5611234080616458 6
      vertex -0.3121445152258052 -1.5692564486451688 6
    endloop
  endfacet
  facet normal 0.3713171939518352 0.9285060804732165 0
    outer loop
      vertex -0.5758320584559811 -1.4927884781355822 1
      vertex -0.6122934917841437 -1.478207252018059 6
      vertex -0.5758320584559811 -1.4927884781355822 6
    endloop
  endfacet
  facet normal 0.3484186802494394 0.9373390119125732 0
    outer loop
      vertex -0.5390237654275521 -1.5064705042928335 1
      vertex -0.5758320584559811 -1.4927884781355822 6
      vertex -0.5390237654275521 -1.5064705042928335 6
    endloop
  endfacet
  facet normal 0.39399204006104904 0.9191138516900572 0
    outer loop
      vertex -0.6122934917841437 -1.478207252018059 1
      vertex -0.6483861024079838 -1.4627356091256491 6
      vertex -0.6122934917841437 -1.478207252018059 6
    endloop
  endfacet
  facet normal 0.32531029216225826 0.9456073253805228 0
    outer loop
      vertex -0.5018907846382265 -1.5192450889488587 1
      vertex -0.5390237654275521 -1.5064705042928335 6
      vertex -0.5018907846382265 -1.5192450889488587 6
    endloop
  endfacet
  facet normal 0.30200594931922625 0.9533060403541944 0
    outer loop
      vertex -0.46445548360713973 -1.5311045371715342 1
      vertex -0.5018907846382265 -1.5192450889488587 6
      vertex -0.46445548360713973 -1.5311045371715342 6
    endloop
  endfacet
  facet normal 0.2785196893850544 0.9604305194155655 0
    outer loop
      vertex -0.4267404119598375 -1.5420417052727038 1
      vertex -0.46445548360713973 -1.5311045371715342 6
      vertex -0.4267404119598375 -1.5420417052727038 6
    endloop
  endfacet
  facet normal 0.2548656596045155 0.9669764710448518 0
    outer loop
      vertex -0.3887682878452222 -1.5520500051112704 1
      vertex -0.4267404119598375 -1.5420417052727038 6
      vertex -0.3887682878452222 -1.5520500051112704 6
    endloop
  endfacet
  facet normal 0.2310581082806742 0.9729399522055594 0
    outer loop
      vertex -0.3505619842509917 -1.5611234080616458 1
      vertex -0.3887682878452222 -1.5520500051112704 6
      vertex -0.3505619842509917 -1.5611234080616458 6
    endloop
  endfacet
  facet normal 0.18303988795514184 0.9831054874312161 0
    outer loop
      vertex -0.27353902201648195 -1.576444227822306 1
      vertex -0.3121445152258052 -1.5692564486451688 6
      vertex -0.27353902201648195 -1.576444227822306 6
    endloop
  endfacet
  facet normal 0.15885814333386186 0.9873014181578583 0
    outer loop
      vertex -0.2347687591285788 -1.5826824159436497 1
      vertex -0.27353902201648195 -1.576444227822306 6
      vertex -0.2347687591285788 -1.5826824159436497 6
    endloop
  endfacet
  facet normal 0.13458070850712447 0.9909026354277803 0
    outer loop
      vertex -0.19585708031874594 -1.587967255357936 1
      vertex -0.2347687591285788 -1.5826824159436497 6
      vertex -0.19585708031874594 -1.587967255357936 6
    endloop
  endfacet
  facet normal 0.11022220729388378 0.9939069700023561 0
    outer loop
      vertex -0.15682742452729698 -1.592295562675515 1
      vertex -0.19585708031874594 -1.587967255357936 6
      vertex -0.15682742452729698 -1.592295562675515 6
    endloop
  endfacet
  facet normal 0.08579731234444005 0.996312612182778 0
    outer loop
      vertex -0.11770330175946789 -1.5956647306859044 1
      vertex -0.15682742452729698 -1.592295562675515 6
      vertex -0.11770330175946789 -1.5956647306859044 6
    endloop
  endfacet
  facet normal 0.06132073630221057 0.9981181129001491 0
    outer loop
      vertex -0.07850827892386883 -1.598072729928276 1
      vertex -0.11770330175946789 -1.5956647306859044 6
      vertex -0.07850827892386883 -1.598072729928276 6
    endloop
  endfacet
  facet normal 0.036807222941357284 0.9993223845883495 0
    outer loop
      vertex -0.03926596563665966 -1.5995181099139268 1
      vertex -0.07850827892386883 -1.598072729928276 6
      vertex -0.03926596563665966 -1.5995181099139268 6
    endloop
  endfacet
  facet normal 0.01227153828571984 0.9999247018391445 0
    outer loop
      vertex 0 -1.6 1
      vertex -0.03926596563665966 -1.5995181099139268 6
      vertex 0 -1.6 6
    endloop
  endfacet
  facet normal 0.715730825283823 0.6983762494089684 0
    outer loop
      vertex -1.1313708498984762 -1.1313708498984762 1
      vertex -1.1587953327223472 -1.103264871579307 6
      vertex -1.1313708498984762 -1.1313708498984762 6
    endloop
  endfacet
  facet normal 0.6983762494089684 0.715730825283823 0
    outer loop
      vertex -1.103264871579307 -1.1587953327223472 1
      vertex -1.1313708498984762 -1.1313708498984762 6
      vertex -1.103264871579307 -1.1587953327223472 6
    endloop
  endfacet
  facet normal 0.7651672656224603 0.6438315428897897 0
    outer loop
      vertex -1.2115341544103755 -1.045076548726043 1
      vertex -1.2368167253803792 -1.015029254661833 6
      vertex -1.2115341544103755 -1.045076548726043 6
    endloop
  endfacet
  facet normal 0.7491363945234569 0.6624157775901743 0
    outer loop
      vertex -1.1855218005679347 -1.0744943277552295 1
      vertex -1.2115341544103755 -1.045076548726043 6
      vertex -1.1855218005679347 -1.0744943277552295 6
    endloop
  endfacet
  facet normal 0.7807372285720937 0.6248594881423873 0
    outer loop
      vertex -1.2368167253803792 -1.015029254661833 1
      vertex -1.2613542842025702 -0.984370544929003 6
      vertex -1.2368167253803792 -1.015029254661833 6
    endloop
  endfacet
  facet normal 0.7326542716724121 0.6806009977954538 0
    outer loop
      vertex -1.1587953327223472 -1.103264871579307 1
      vertex -1.1855218005679347 -1.0744943277552295 6
      vertex -1.1587953327223472 -1.103264871579307 6
    endloop
  endfacet
  facet normal 0.6806009977954538 0.7326542716724121 0
    outer loop
      vertex -1.0744943277552295 -1.1855218005679347 1
      vertex -1.103264871579307 -1.1587953327223472 6
      vertex -1.0744943277552295 -1.1855218005679347 6
    endloop
  endfacet
  facet normal 0.6624157775901743 0.7491363945234569 0
    outer loop
      vertex -1.045076548726043 -1.2115341544103755 1
      vertex -1.0744943277552295 -1.1855218005679347 6
      vertex -1.045076548726043 -1.2115341544103755 6
    endloop
  endfacet
  facet normal 0.6438315428897897 0.7651672656224603 0
    outer loop
      vertex -1.015029254661833 -1.2368167253803792 1
      vertex -1.045076548726043 -1.2115341544103755 6
      vertex -1.015029254661833 -1.2368167253803792 6
    endloop
  endfacet
  facet normal 0 0 1
    outer loop
      vertex -1.5995181099139268 -0.03926596563665966 1
      vertex -1.5995181099139268 0.03926596563665966 1
      vertex -1.6 0 1
    endloop
  endfacet
  facet normal 0 0 1
    outer loop
      vertex -1.5995181099139268 -0.03926596563665966 1
      vertex -1.598072729928276 0.07850827892386883 1
      vertex -1.5995181099139268 0.03926596563665966 1
    endloop
  endfacet
  facet normal 0 0 1
    outer loop
      vertex -1.598072729928276 -0.07850827892386883 1
      vertex -1.5956647306859044 0.11770330175946789 1
      vertex -1.598072729928276 0.07850827892386883 1
    endloop
  endfacet
  facet normal 0 0 1
    outer loop
      vertex -1.5956647306859044 -0.11770330175946789 1
      vertex -1.592295562675515 0.15682742452729698 1
      vertex -1.5956647306859044 0.11770330175946789 1
    endloop
  endfacet
  facet normal 0 0 1
    outer loop
      vertex -1.592295562675515 -0.15682742452729698 1
      vertex -1.587967255357936 0.19585708031874594 1
      vertex -1.592295562675515 0.15682742452729698 1
    endloop
  endfacet
  facet normal 0 0 1
    outer loop
      vertex -1.587967255357936 -0.19585708031874594 1
      vertex -1.5826824159436497 0.2347687591285788 1
      vertex -1.587967255357936 0.19585708031874594 1
    endloop
  endfacet
  facet normal 0 0 1
    outer loop
      vertex -1.5826824159436497 -0.2347687591285788 1
      vertex -1.576444227822306 0.27353902201648195 1
      vertex -1.5826824159436497 0.2347687591285788 1
    endloop
  endfacet
  facet normal 0 0 1
    outer loop
      vertex -1.576444227822306 -0.27353902201648195 1
      vertex -1.5692564486451688 0.3121445152258052 1
      vertex -1.576444227822306 0.27353902201648195 1
    endloop
  endfacet
  facet normal 0 0 1
    outer loop
      vertex -1.5692564486451688 -0.3121445152258052 1
      vertex -1.5611234080616458 0.3505619842509917 1
      vertex -1.5692564486451688 0.3121445152258052 1
    endloop
  endfacet
  facet normal 0 0 1
    outer loop
      vertex -1.5611234080616458 -0.3505619842509917 1
      vertex -1.5520500051112704 0.3887682878452222 1
      vertex -1.5611234080616458 0.3505619842509917 1
    endloop
  endfacet
  facet normal 0 0 1
    outer loop
      vertex -1.5520500051112704 -0.3887682878452222 1
      vertex -1.5420417052727038 0.4267404119598375 1
      vertex -1.5520500051112704 0.3887682878452222 1
    endloop
  endfacet
  facet normal 0 0 1
    outer loop
      vertex -1.5420417052727038 -0.4267404119598375 1
      vertex -1.5311045371715342 0.46445548360713973 1
      vertex -1.5420417052727038 0.4267404119598375 1
    endloop
  endfacet
  facet normal 0 0 1
    outer loop
      vertex -1.5311045371715342 -0.46445548360713973 1
      vertex -1.5192450889488587 0.5018907846382265 1
      vertex -1.5311045371715342 0.46445548360713973 1
    endloop
  endfacet
  facet normal 0 0 1
    outer loop
      vertex -1.5192450889488587 -0.5018907846382265 1
      vertex -1.5064705042928335 0.5390237654275521 1
      vertex -1.5192450889488587 0.5018907846382265 1
    endloop
  endfacet
  facet normal 0 0 1
    outer loop
      vertex -1.5064705042928335 -0.5390237654275521 1
      vertex -1.4927884781355822 0.5758320584559811 1
      vertex -1.5064705042928335 0.5390237654275521 1
    endloop
  endfacet
  facet normal 0 0 1
    outer loop
      vertex -1.4927884781355822 -0.5758320584559811 1
      vertex -1.478207252018059 0.6122934917841437 1
      vertex -1.4927884781355822 0.5758320584559811 1
    endloop
  endfacet
  facet normal 0 0 1
    outer loop
      vertex -1.478207252018059 -0.6122934917841437 1
      vertex -1.4627356091256491 0.6483861024079838 1
      vertex -1.478207252018059 0.6122934917841437 1
    endloop
  endfacet
  facet normal 0 0 1
    outer loop
      vertex -1.4627356091256491 -0.6483861024079838 1
      vertex -1.4463828689975093 0.6840881494884514 1
      vertex -1.4627356091256491 0.6483861024079838 1
    endloop
  endfacet
  facet normal 0 0 1
    outer loop
      vertex -1.4463828689975093 -0.6840881494884514 1
      vertex -1.4291588819128247 0.7193781274473706 1
      vertex -1.4463828689975093 0.6840881494884514 1
    endloop
  endfacet
  facet normal 0 0 1
    outer loop
      vertex -1.4291588819128247 -0.7193781274473706 1
      vertex -1.4110740229573682 0.7542347789215963 1
      vertex -1.4291588819128247 0.7193781274473706 1
    endloop
  endfacet
  facet normal 0 0 1
    outer loop
      vertex -1.4110740229573682 -0.7542347789215963 1
      vertex -1.3921391857739385 0.7886371075676545 1
      vertex -1.4110740229573682 0.7542347789215963 1
    endloop
  endfacet
  facet normal 0 0 1
    outer loop
      vertex -1.3921391857739385 -0.7886371075676545 1
      vertex -1.3723657760004353 0.8225643907091549 1
      vertex -1.3921391857739385 0.7886371075676545 1
    endloop
  endfacet
  facet normal 0 0 1
    outer loop
      vertex -1.3723657760004353 -0.8225643907091549 1
      vertex -1.3517657043995315 0.8559961918193555 1
      vertex -1.3723657760004353 0.8225643907091549 1
    endloop
  endfacet
  facet normal 0 0 1
    outer loop
      vertex -1.3517657043995315 -0.8559961918193555 1
      vertex -1.3303513796840725 0.8889123728313635 1
      vertex -1.3517657043995315 0.8559961918193555 1
    endloop
  endfacet
  facet normal 0 0 1
    outer loop
      vertex -1.3303513796840725 -0.8889123728313635 1
      vertex -1.308135701042534 0.9212931062685525 1
      vertex -1.3303513796840725 0.8889123728313635 1
    endloop
  endfacet
  facet normal 0 0 1
    outer loop
      vertex -1.308135701042534 -0.9212931062685525 1
      vertex -1.285132050369032 0.9531188871878934 1
      vertex -1.308135701042534 0.9212931062685525 1
    endloop
  endfacet
  facet normal 0 0 1
    outer loop
      vertex -1.285132050369032 -0.9531188871878934 1
      vertex -1.2613542842025702 0.984370544929003 1
      vertex -1.285132050369032 0.9531188871878934 1
    endloop
  endfacet
  facet normal 0 0 1
    outer loop
      vertex -1.2613542842025702 -0.984370544929003 1
      vertex -1.2368167253803792 1.015029254661833 1
      vertex -1.2613542842025702 0.984370544929003 1
    endloop
  endfacet
  facet normal 0 0 1
    outer loop
      vertex -1.2368167253803792 -1.015029254661833 1
      vertex -1.2115341544103755 1.045076548726043 1
      vertex -1.2368167253803792 1.015029254661833 1
    endloop
  endfacet
  facet normal 0 0 1
    outer loop
      vertex -1.2115341544103755 -1.045076548726043 1
      vertex -1.1855218005679347 1.0744943277552295 1
      vertex -1.2115341544103755 1.045076548726043 1
    endloop
  endfacet
  facet normal 0 0 1
    outer loop
      vertex -1.1855218005679347 -1.0744943277552295 1
      vertex -1.1587953327223472 1.103264871579307 1
      vertex -1.1855218005679347 1.0744943277552295 1
    endloop
  endfacet
  facet normal 0 0 1
    outer loop
      vertex -1.1587953327223472 -1.103264871579307 1
      vertex -1.1313708498984762 1.1313708498984762 1
      vertex -1.1587953327223472 1.103264871579307 1
    endloop
  endfacet
  facet normal 0 0 1
    outer loop
      vertex -1.1313708498984762 -1.1313708498984762 1
      vertex -1.103264871579307 1.1587953327223472 1
      vertex -1.1313708498984762 1.1313708498984762 1
    endloop
  endfacet
  facet normal 0 0 1
    outer loop
      vertex -1.103264871579307 -1.1587953327223472 1
      vertex -1.0744943277552295 1.1855218005679347 1
      vertex -1.103264871579307 1.1587953327223472 1
    endloop
  endfacet
  facet normal 0 0 1
    outer loop
      vertex -1.0744943277552295 -1.1855218005679347 1
      vertex -1.045076548726043 1.2115341544103755 1
      vertex -1.0744943277552295 1.1855218005679347 1
    endloop
  endfacet
  facet normal 0 0 1
    outer loop
      vertex -1.045076548726043 -1.2115341544103755 1
      vertex -1.015029254661833 1.2368167253803792 1
      vertex -1.045076548726043 1.2115341544103755 1
    endloop
  endfacet
  facet normal 0 0 1
    outer loop
      vertex -1.015029254661833 -1.2368167253803792 1
      vertex -0.984370544929003 1.2613542842025702 1
      vertex -1.015029254661833 1.2368167253803792 1
    endloop
  endfacet
  facet normal 0 0 1
    outer loop
      vertex -0.984370544929003 -1.2613542842025702 1
      vertex -0.9531188871878934 1.285132050369032 1
      vertex -0.984370544929003 1.2613542842025702 1
    endloop
  endfacet
  facet normal 0 0 1
    outer loop
      vertex -0.9531188871878934 -1.285132050369032 1
      vertex -0.9212931062685525 1.308135701042534 1
      vertex -0.9531188871878934 1.285132050369032 1
    endloop
  endfacet
  facet normal 0 0 1
    outer loop
      vertex -0.9212931062685525 -1.308135701042534 1
      vertex -0.8889123728313635 1.3303513796840725 1
      vertex -0.9212931062685525 1.308135701042534 1
    endloop
  endfacet
  facet normal 0 0 1
    outer loop
      vertex -0.8889123728313635 -1.3303513796840725 1
      vertex -0.8559961918193555 1.3517657043995315 1
      vertex -0.8889123728313635 1.3303513796840725 1
    endloop
  endfacet
  facet normal 0 0 1
    outer loop
      vertex -0.8559961918193555 -1.3517657043995315 1
      vertex -0.8225643907091549 1.3723657760004353 1
      vertex -0.8559961918193555 1.3517657043995315 1
    endloop
  endfacet
  facet normal 0 0 1
    outer loop
      vertex -0.8225643907091549 -1.3723657760004353 1
      vertex -0.7886371075676545 1.3921391857739385 1
      vertex -0.8225643907091549 1.3723657760004353 1
    endloop
  endfacet
  facet normal 0 0 1
    outer loop
      vertex -0.7886371075676545 -1.3921391857739385 1
      vertex -0.7542347789215963 1.4110740229573682 1
      vertex -0.7886371075676545 1.3921391857739385 1
    endloop
  endfacet
  facet normal 0 0 1
    outer loop
      vertex -0.7542347789215963 -1.4110740229573682 1
      vertex -0.7193781274473706 1.4291588819128247 1
      vertex -0.7542347789215963 1.4110740229573682 1
    endloop
  endfacet
  facet normal 0 0 1
    outer loop
      vertex -0.7193781274473706 -1.4291588819128247 1
      vertex -0.6840881494884514 1.4463828689975093 1
      vertex -0.7193781274473706 1.4291588819128247 1
    endloop
  endfacet
  facet normal 0 0 1
    outer loop
      vertex -0.6840881494884514 -1.4463828689975093 1
      vertex -0.6483861024079838 1.4627356091256491 1
      vertex -0.6840881494884514 1.4463828689975093 1
    endloop
  endfacet
  facet normal 0 0 1
    outer loop
      vertex -0.6483861024079838 -1.4627356091256491 1
      vertex -0.6122934917841437 1.478207252018059 1
      vertex -0.6483861024079838 1.4627356091256491 1
    endloop
  endfacet
  facet normal 0 0 1
    outer loop
      vertex -0.6122934917841437 -1.478207252018059 1
      vertex -0.5758320584559811 1.4927884781355822 1
      vertex -0.6122934917841437 1.478207252018059 1
    endloop
  endfacet
  facet normal 0 0 1
    outer loop
      vertex -0.5758320584559811 -1.4927884781355822 1
      vertex -0.5390237654275521 1.5064705042928335 1
      vertex -0.5758320584559811 1.4927884781355822 1
    endloop
  endfacet
  facet normal 0 0 1
    outer loop
      vertex -0.5390237654275521 -1.5064705042928335 1
      vertex -0.5018907846382265 1.5192450889488587 1
      vertex -0.5390237654275521 1.5064705042928335 1
    endloop
  endfacet
  facet normal 0 0 1
    outer loop
      vertex -0.5018907846382265 -1.5192450889488587 1
      vertex -0.46445548360713973 1.5311045371715342 1
      vertex -0.5018907846382265 1.5192450889488587 1
    endloop
  endfacet
  facet normal 0 0 1
    outer loop
      vertex -0.46445548360713973 -1.5311045371715342 1
      vertex -0.4267404119598375 1.5420417052727038 1
      vertex -0.46445548360713973 1.5311045371715342 1
    endloop
  endfacet
  facet normal 0 0 1
    outer loop
      vertex -0.4267404119598375 -1.5420417052727038 1
      vertex -0.3887682878452222 1.5520500051112704 1
      vertex -0.4267404119598375 1.5420417052727038 1
    endloop
  endfacet
  facet normal 0 0 1
    outer loop
      vertex -0.3887682878452222 -1.5520500051112704 1
      vertex -0.3505619842509917 1.5611234080616458 1
      vertex -0.3887682878452222 1.5520500051112704 1
    endloop
  endfacet
  facet normal 0 0 1
    outer loop
      vertex -0.3505619842509917 -1.5611234080616458 1
      vertex -0.3121445152258052 1.5692564486451688 1
      vertex -0.3505619842509917 1.5611234080616458 1
    endloop
  endfacet
  facet normal 0 0 1
    outer loop
      vertex -0.3121445152258052 -1.5692564486451688 1
      vertex -0.27353902201648195 1.576444227822306 1
      vertex -0.3121445152258052 1.5692564486451688 1
    endloop
  endfacet
  facet normal 0 0 1
    outer loop
      vertex -0.27353902201648195 -1.576444227822306 1
      vertex -0.2347687591285788 1.5826824159436497 1
      vertex -0.27353902201648195 1.576444227822306 1
    endloop
  endfacet
  facet normal 0 0 1
    outer loop
      vertex -0.2347687591285788 -1.5826824159436497 1
      vertex -0.19585708031874594 1.587967255357936 1
      vertex -0.2347687591285788 1.5826824159436497 1
    endloop
  endfacet
  facet normal 0 0 1
    outer loop
      vertex -0.19585708031874594 -1.587967255357936 1
      vertex -0.15682742452729698 1.592295562675515 1
      vertex -0.19585708031874594 1.587967255357936 1
    endloop
  endfacet
  facet normal 0 0 1
    outer loop
      vertex -0.15682742452729698 -1.592295562675515 1
      vertex -0.11770330175946789 1.5956647306859044 1
      vertex -0.15682742452729698 1.592295562675515 1
    endloop
  endfacet
  facet normal 0 0 1
    outer loop
      vertex -0.11770330175946789 -1.5956647306859044 1
      vertex -0.07850827892386883 1.598072729928276 1
      vertex -0.11770330175946789 1.5956647306859044 1
    endloop
  endfacet
  facet normal 0 0 1
    outer loop
      vertex -0.07850827892386883 -1.598072729928276 1
      vertex -0.03926596563665966 1.5995181099139268 1
      vertex -0.07850827892386883 1.598072729928276 1
    endloop
  endfacet
  facet normal 0 0 1
    outer loop
      vertex -0.03926596563665966 -1.5995181099139268 1
      vertex 0 1.6 1
      vertex -0.03926596563665966 1.5995181099139268 1
    endloop
  endfacet
  facet normal 0.9999247018391445 -0.01227153828571984 0
    outer loop
      vertex -1.6 0 1
      vertex -1.5995181099139268 0.03926596563665966 1
      vertex -1.5995181099139268 0.03926596563665966 6
    endloop
  endfacet
  facet normal 0.9993223845883495 -0.036807222941357284 0
    outer loop
      vertex -1.5995181099139268 0.03926596563665966 1
      vertex -1.598072729928276 0.07850827892386883 1
      vertex -1.598072729928276 0.07850827892386883 6
    endloop
  endfacet
  facet normal 0.9981181129001491 -0.06132073630221057 0
    outer loop
      vertex -1.598072729928276 0.07850827892386883 1
      vertex -1.5956647306859044 0.11770330175946789 1
      vertex -1.5956647306859044 0.11770330175946789 6
    endloop
  endfacet
  facet normal 0.996312612182778 -0.08579731234444005 0
    outer loop
      vertex -1.5956647306859044 0.11770330175946789 1
      vertex -1.592295562675515 0.15682742452729698 1
      vertex -1.592295562675515 0.15682742452729698 6
    endloop
  endfacet
  facet normal 0.9939069700023561 -0.11022220729388378 0
    outer loop
      vertex -1.592295562675515 0.15682742452729698 1
      vertex -1.587967255357936 0.19585708031874594 1
      vertex -1.587967255357936 0.19585708031874594 6
    endloop
  endfacet
  facet normal 0.9909026354277803 -0.13458070850712447 0
    outer loop
      vertex -1.587967255357936 0.19585708031874594 1
      vertex -1.5826824159436497 0.2347687591285788 1
      vertex -1.5826824159436497 0.2347687591285788 6
    endloop
  endfacet
  facet normal 0.9873014181578583 -0.15885814333386186 0
    outer loop
      vertex -1.5826824159436497 0.2347687591285788 1
      vertex -1.576444227822306 0.27353902201648195 1
      vertex -1.576444227822306 0.27353902201648195 6
    endloop
  endfacet
  facet normal 0.9831054874312161 -0.18303988795514184 0
    outer loop
      vertex -1.576444227822306 0.27353902201648195 1
      vertex -1.5692564486451688 0.3121445152258052 1
      vertex -1.5692564486451688 0.3121445152258052 6
    endloop
  endfacet
  facet normal 0.9783173707196282 -0.20711137619221545 0
    outer loop
      vertex -1.5692564486451688 0.3121445152258052 1
      vertex -1.5611234080616458 0.3505619842509917 1
      vertex -1.5611234080616458 0.3505619842509917 6
    endloop
  endfacet
  facet normal 0.9729399522055594 -0.2310581082806742 0
    outer loop
      vertex -1.5611234080616458 0.3505619842509917 1
      vertex -1.5520500051112704 0.3887682878452222 1
      vertex -1.5520500051112704 0.3887682878452222 6
    endloop
  endfacet
  facet normal 0.9669764710448518 -0.2548656596045155 0
    outer loop
      vertex -1.5520500051112704 0.3887682878452222 1
      vertex -1.5420417052727038 0.4267404119598375 1
      vertex -1.5420417052727038 0.4267404119598375 6
    endloop
  endfacet
  facet normal 0.9604305194155655 -0.2785196893850544 0
    outer loop
      vertex -1.5420417052727038 0.4267404119598375 1
      vertex -1.5311045371715342 0.46445548360713973 1
      vertex -1.5311045371715342 0.46445548360713973 6
    endloop
  endfacet
  facet normal 0.9533060403541944 -0.30200594931922625 0
    outer loop
      vertex -1.5311045371715342 0.46445548360713973 1
      vertex -1.5192450889488587 0.5018907846382265 1
      vertex -1.5192450889488587 0.5018907846382265 6
    endloop
  endfacet
  facet normal 0.9456073253805228 -0.32531029216225826 0
    outer loop
      vertex -1.5192450889488587 0.5018907846382265 1
      vertex -1.5064705042928335 0.5390237654275521 1
      vertex -1.5064705042928335 0.5390237654275521 6
    endloop
  endfacet
  facet normal 0.9373390119125732 -0.3484186802494394 0
    outer loop
      vertex -1.5064705042928335 0.5390237654275521 1
      vertex -1.4927884781355822 0.5758320584559811 1
      vertex -1.4927884781355822 0.5758320584559811 6
    endloop
  endfacet
  facet normal 0.9285060804732165 -0.3713171939518352 0
    outer loop
      vertex -1.4927884781355822 0.5758320584559811 1
      vertex -1.478207252018059 0.6122934917841437 1
      vertex -1.478207252018059 0.6122934917841437 6
    endloop
  endfacet
  facet normal 0.9191138516900572 -0.39399204006104904 0
    outer loop
      vertex -1.478207252018059 0.6122934917841437 1
      vertex -1.4627356091256491 0.6483861024079838 1
      vertex -1.4627356091256491 0.6483861024079838 6
    endloop
  endfacet
  facet normal 0.9091679830905219 -0.41642956009763826 0
    outer loop
      vertex -1.4627356091256491 0.6483861024079838 1
      vertex -1.4463828689975093 0.6840881494884514 1
      vertex -1.4463828689975093 0.6840881494884514 6
    endloop
  endfacet
  facet normal 0.8986744656939556 -0.4386162385385242 0
    outer loop
      vertex -1.4463828689975093 0.6840881494884514 1
      vertex -1.4291588819128247 0.7193781274473706 1
      vertex -1.4291588819128247 0.7193781274473706 6
    endloop
  endfacet
  facet normal 0.8876396204028533 -0.46053871095824134 0
    outer loop
      vertex -1.4291588819128247 0.7193781274473706 1
      vertex -1.4110740229573682 0.7542347789215963 1
      vertex -1.4110740229573682 0.7542347789215963 6
    endloop
  endfacet
  facet normal 0.8760700941954072 -0.4821837720791215 0
    outer loop
      vertex -1.4110740229573682 0.7542347789215963 1
      vertex -1.3921391857739385 0.7886371075676545 1
      vertex -1.3921391857739385 0.7886371075676545 6
    endloop
  endfacet
  facet normal 0.863972856121585 -0.5035383837257206 0
    outer loop
      vertex -1.3921391857739385 0.7886371075676545 1
      vertex -1.3723657760004353 0.8225643907091549 1
      vertex -1.3723657760004353 0.8225643907091549 6
    endloop
  endfacet
  facet normal 0.851355193105266 -0.5245896826784676 0
    outer loop
      vertex -1.3723657760004353 0.8225643907091549 1
      vertex -1.3517657043995315 0.8559961918193555 1
      vertex -1.3517657043995315 0.8559961918193555 6
    endloop
  endfacet
  facet normal 0.838224705554837 -0.545324988422048 0
    outer loop
      vertex -1.3517657043995315 0.8559961918193555 1
      vertex -1.3303513796840725 0.8889123728313635 1
      vertex -1.3303513796840725 0.8889123728313635 6
    endloop
  endfacet
  facet normal 0.8245893027850273 -0.5657318107836103 0
    outer loop
      vertex -1.3303513796840725 0.8889123728313635 1
      vertex -1.308135701042534 0.9212931062685525 1
      vertex -1.308135701042534 0.9212931062685525 6
    endloop
  endfacet
  facet normal 0.8104571982525945 -0.5857978574564394 0
    outer loop
      vertex -1.308135701042534 0.9212931062685525 1
      vertex -1.285132050369032 0.9531188871878934 1
      vertex -1.285132050369032 0.9531188871878934 6
    endloop
  endfacet
  facet normal 0.7958369046088843 -0.6055110414043243 0
    outer loop
      vertex -1.285132050369032 0.9531188871878934 1
      vertex -1.2613542842025702 0.984370544929003 1
      vertex -1.2613542842025702 0.984370544929003 6
    endloop
  endfacet
  facet normal 0.7807372285720937 -0.6248594881423873 0
    outer loop
      vertex -1.2613542842025702 0.984370544929003 1
      vertex -1.2368167253803792 1.015029254661833 1
      vertex -1.2368167253803792 1.015029254661833 6
    endloop
  endfacet
  facet normal 0.7651672656224603 -0.6438315428897897 0
    outer loop
      vertex -1.2368167253803792 1.015029254661833 1
      vertex -1.2115341544103755 1.045076548726043 1
      vertex -1.2115341544103755 1.045076548726043 6
    endloop
  endfacet
  facet normal 0.7491363945234569 -0.6624157775901743 0
    outer loop
      vertex -1.2115341544103755 1.045076548726043 1
      vertex -1.1855218005679347 1.0744943277552295 1
      vertex -1.1855218005679347 1.0744943277552295 6
    endloop
  endfacet
  facet normal 0.7326542716724121 -0.6806009977954538 0
    outer loop
      vertex -1.1855218005679347 1.0744943277552295 1
      vertex -1.1587953327223472 1.103264871579307 1
      vertex -1.1587953327223472 1.103264871579307 6
    endloop
  endfacet
  facet normal 0.715730825283823 -0.6983762494089684 0
    outer loop
      vertex -1.1587953327223472 1.103264871579307 1
      vertex -1.1313708498984762 1.1313708498984762 1
      vertex -1.1313708498984762 1.1313708498984762 6
    endloop
  endfacet
  facet normal 0.6983762494089684 -0.715730825283823 0
    outer loop
      vertex -1.1313708498984762 1.1313708498984762 1
      vertex -1.103264871579307 1.1587953327223472 1
      vertex -1.103264871579307 1.1587953327223472 6
    endloop
  endfacet
  facet normal 0.6806009977954538 -0.7326542716724121 0
    outer loop
      vertex -1.103264871579307 1.1587953327223472 1
      vertex -1.0744943277552295 1.1855218005679347 1
      vertex -1.0744943277552295 1.1855218005679347 6
    endloop
  endfacet
  facet normal 0.6624157775901743 -0.7491363945234569 0
    outer loop
      vertex -1.0744943277552295 1.1855218005679347 1
      vertex -1.045076548726043 1.2115341544103755 1
      vertex -1.045076548726043 1.2115341544103755 6
    endloop
  endfacet
  facet normal 0.6438315428897897 -0.7651672656224603 0
    outer loop
      vertex -1.045076548726043 1.2115341544103755 1
      vertex -1.015029254661833 1.2368167253803792 1
      vertex -1.015029254661833 1.2368167253803792 6
    endloop
  endfacet
  facet normal 0.6248594881423873 -0.7807372285720937 0
    outer loop
      vertex -1.015029254661833 1.2368167253803792 1
      vertex -0.984370544929003 1.2613542842025702 1
      vertex -0.984370544929003 1.2613542842025702 6
    endloop
  endfacet
  facet normal 0.6055110414043243 -0.7958369046088843 0
    outer loop
      vertex -0.984370544929003 1.2613542842025702 1
      vertex -0.9531188871878934 1.285132050369032 1
      vertex -0.9531188871878934 1.285132050369032 6
    endloop
  endfacet
  facet normal 0.5857978574564394 -0.8104571982525945 0
    outer loop
      vertex -0.9531188871878934 1.285132050369032 1
      vertex -0.9212931062685525 1.308135701042534 1
      vertex -0.9212931062685525 1.308135701042534 6
    endloop
  endfacet
  facet normal 0.5657318107836103 -0.8245893027850273 0
    outer loop
      vertex -0.9212931062685525 1.308135701042534 1
      vertex -0.8889123728313635 1.3303513796840725 1
      vertex -0.8889123728313635 1.3303513796840725 6
    endloop
  endfacet
  facet normal 0.545324988422048 -0.838224705554837 0
    outer loop
      vertex -0.8889123728313635 1.3303513796840725 1
      vertex -0.8559961918193555 1.3517657043995315 1
      vertex -0.8559961918193555 1.3517657043995315 6
    endloop
  endfacet
  facet normal 0.5245896826784676 -0.851355193105266 0
    outer loop
      vertex -0.8559961918193555 1.3517657043995315 1
      vertex -0.8225643907091549 1.3723657760004353 1
      vertex -0.8225643907091549 1.3723657760004353 6
    endloop
  endfacet
  facet normal 0.5035383837257206 -0.863972856121585 0
    outer loop
      vertex -0.8225643907091549 1.3723657760004353 1
      vertex -0.7886371075676545 1.3921391857739385 1
      vertex -0.7886371075676545 1.3921391857739385 6
    endloop
  endfacet
  facet normal 0.4821837720791215 -0.8760700941954072 0
    outer loop
      vertex -0.7886371075676545 1.3921391857739385 1
      vertex -0.7542347789215963 1.4110740229573682 1
      vertex -0.7542347789215963 1.4110740229573682 6
    endloop
  endfacet
  facet normal 0.46053871095824134 -0.8876396204028533 0
    outer loop
      vertex -0.7542347789215963 1.4110740229573682 1
      vertex -0.7193781274473706 1.4291588819128247 1
      vertex -0.7193781274473706 1.4291588819128247 6
    endloop
  endfacet
  facet normal 0.4386162385385242 -0.8986744656939556 0
    outer loop
      vertex -0.7193781274473706 1.4291588819128247 1
      vertex -0.6840881494884514 1.4463828689975093 1
      vertex -0.6840881494884514 1.4463828689975093 6
    endloop
  endfacet
  facet normal 0.41642956009763826 -0.9091679830905219 0
    outer loop
      vertex -0.6840881494884514 1.4463828689975093 1
      vertex -0.6483861024079838 1.4627356091256491 1
      vertex -0.6483861024079838 1.4627356091256491 6
    endloop
  endfacet
  facet normal 0.39399204006104904 -0.9191138516900572 0
    outer loop
      vertex -0.6483861024079838 1.4627356091256491 1
      vertex -0.6122934917841437 1.478207252018059 1
      vertex -0.6122934917841437 1.478207252018059 6
    endloop
  endfacet
  facet normal 0.3713171939518352 -0.9285060804732165 0
    outer loop
      vertex -0.6122934917841437 1.478207252018059 1
      vertex -0.5758320584559811 1.4927884781355822 1
      vertex -0.5758320584559811 1.4927884781355822 6
    endloop
  endfacet
  facet normal 0.3484186802494394 -0.9373390119125732 0
    outer loop
      vertex -0.5758320584559811 1.4927884781355822 1
      vertex -0.5390237654275521 1.5064705042928335 1
      vertex -0.5390237654275521 1.5064705042928335 6
    endloop
  endfacet
  facet normal 0.32531029216225826 -0.9456073253805228 0
    outer loop
      vertex -0.5390237654275521 1.5064705042928335 1
      vertex -0.5018907846382265 1.5192450889488587 1
      vertex -0.5018907846382265 1.5192450889488587 6
    endloop
  endfacet
  facet normal 0.30200594931922625 -0.9533060403541944 0
    outer loop
      vertex -0.5018907846382265 1.5192450889488587 1
      vertex -0.46445548360713973 1.5311045371715342 1
      vertex -0.46445548360713973 1.5311045371715342 6
    endloop
  endfacet
  facet normal 0.2785196893850544 -0.9604305194155655 0
    outer loop
      vertex -0.46445548360713973 1.5311045371715342 1
      vertex -0.4267404119598375 1.5420417052727038 1
      vertex -0.4267404119598375 1.5420417052727038 6
    endloop
  endfacet
  facet normal 0.2548656596045155 -0.9669764710448518 0
    outer loop
      vertex -0.4267404119598375 1.5420417052727038 1
      vertex -0.3887682878452222 1.5520500051112704 1
      vertex -0.3887682878452222 1.5520500051112704 6
    endloop
  endfacet
  facet normal 0.2310581082806742 -0.9729399522055594 0
    outer loop
      vertex -0.3887682878452222 1.5520500051112704 1
      vertex -0.3505619842509917 1.5611234080616458 1
      vertex -0.3505619842509917 1.5611234080616458 6
    endloop
  endfacet
  facet normal 0.20711137619221545 -0.9783173707196282 0
    outer loop
      vertex -0.3505619842509917 1.5611234080616458 1
      vertex -0.3121445152258052 1.5692564486451688 1
      vertex -0.3121445152258052 1.5692564486451688 6
    endloop
  endfacet
  facet normal 0.18303988795514184 -0.9831054874312161 0
    outer loop
      vertex -0.3121445152258052 1.5692564486451688 1
      vertex -0.27353902201648195 1.576444227822306 1
      vertex -0.27353902201648195 1.576444227822306 6
    endloop
  endfacet
  facet normal 0.15885814333386186 -0.9873014181578583 0
    outer loop
      vertex -0.27353902201648195 1.576444227822306 1
      vertex -0.2347687591285788 1.5826824159436497 1
      vertex -0.2347687591285788 1.5826824159436497 6
    endloop
  endfacet
  facet normal 0.13458070850712447 -0.9909026354277803 0
    outer loop
      vertex -0.2347687591285788 1.5826824159436497 1
      vertex -0.19585708031874594 1.587967255357936 1
      vertex -0.19585708031874594 1.587967255357936 6
    endloop
  endfacet
  facet normal 0.11022220729388378 -0.9939069700023561 0
    outer loop
      vertex -0.19585708031874594 1.587967255357936 1
      vertex -0.15682742452729698 1.592295562675515 1
      vertex -0.15682742452729698 1.592295562675515 6
    endloop
  endfacet
  facet normal 0.08579731234444005 -0.996312612182778 0
    outer loop
      vertex -0.15682742452729698 1.592295562675515 1
      vertex -0.11770330175946789 1.5956647306859044 1
      vertex -0.11770330175946789 1.5956647306859044 6
    endloop
  endfacet
  facet normal 0.06132073630221057 -0.9981181129001491 0
    outer loop
      vertex -0.11770330175946789 1.5956647306859044 1
      vertex -0.07850827892386883 1.598072729928276 1
      vertex -0.07850827892386883 1.598072729928276 6
    endloop
  endfacet
  facet normal 0.036807222941357284 -0.9993223845883495 0
    outer loop
      vertex -0.07850827892386883 1.598072729928276 1
      vertex -0.03926596563665966 1.5995181099139268 1
      vertex -0.03926596563665966 1.5995181099139268 6
    endloop
  endfacet
  facet normal 0.01227153828571984 -0.9999247018391445 0
    outer loop
      vertex -0.03926596563665966 1.5995181099139268 1
      vertex 0 1.6 1
      vertex 0 1.6 6
    endloop
  endfacet
  facet normal 0.9999247018391445 -0.01227153828571984 0
    outer loop
      vertex -1.6 0 1
      vertex -1.5995181099139268 0.03926596563665966 6
      vertex -1.6 0 6
    endloop
  endfacet
  facet normal 0.9993223845883495 -0.036807222941357284 0
    outer loop
      vertex -1.5995181099139268 0.03926596563665966 1
      vertex -1.598072729928276 0.07850827892386883 6
      vertex -1.5995181099139268 0.03926596563665966 6
    endloop
  endfacet
  facet normal 0.9981181129001491 -0.06132073630221057 0
    outer loop
      vertex -1.598072729928276 0.07850827892386883 1
      vertex -1.5956647306859044 0.11770330175946789 6
      vertex -1.598072729928276 0.07850827892386883 6
    endloop
  endfacet
  facet normal 0.996312612182778 -0.08579731234444005 0
    outer loop
      vertex -1.5956647306859044 0.11770330175946789 1
      vertex -1.592295562675515 0.15682742452729698 6
      vertex -1.5956647306859044 0.11770330175946789 6
    endloop
  endfacet
  facet normal 0.9939069700023561 -0.11022220729388378 0
    outer loop
      vertex -1.592295562675515 0.15682742452729698 1
      vertex -1.587967255357936 0.19585708031874594 6
      vertex -1.592295562675515 0.15682742452729698 6
    endloop
  endfacet
  facet normal 0.9909026354277803 -0.13458070850712447 0
    outer loop
      vertex -1.587967255357936 0.19585708031874594 1
      vertex -1.5826824159436497 0.2347687591285788 6
      vertex -1.587967255357936 0.19585708031874594 6
    endloop
  endfacet
  facet normal 0.9873014181578583 -0.15885814333386186 0
    outer loop
      vertex -1.5826824159436497 0.2347687591285788 1
      vertex -1.576444227822306 0.27353902201648195 6
      vertex -1.5826824159436497 0.2347687591285788 6
    endloop
  endfacet
  facet normal 0.9831054874312161 -0.18303988795514184 0
    outer loop
      vertex -1.576444227822306 0.27353902201648195 1
      vertex -1.5692564486451688 0.3121445152258052 6
      vertex -1.576444227822306 0.27353902201648195 6
    endloop
  endfacet
  facet normal 0.9783173707196282 -0.20711137619221545 0
    outer loop
      vertex -1.5692564486451688 0.3121445152258052 1
      vertex -1.5611234080616458 0.3505619842509917 6
      vertex -1.5692564486451688 0.3121445152258052 6
    endloop
  endfacet
  facet normal 0.9729399522055594 -0.2310581082806742 0
    outer loop
      vertex -1.5611234080616458 0.3505619842509917 1
      vertex -1.5520500051112704 0.3887682878452222 6
      vertex -1.5611234080616458 0.3505619842509917 6
    endloop
  endfacet
  facet normal 0.9669764710448518 -0.2548656596045155 0
    outer loop
      vertex -1.5520500051112704 0.3887682878452222 1
      vertex -1.5420417052727038 0.4267404119598375 6
      vertex -1.5520500051112704 0.3887682878452222 6
    endloop
  endfacet
  facet normal 0.9604305194155655 -0.2785196893850544 0
    outer loop
      vertex -1.5420417052727038 0.4267404119598375 1
      vertex -1.5311045371715342 0.46445548360713973 6
      vertex -1.5420417052727038 0.4267404119598375 6
    endloop
  endfacet
  facet normal 0.9533060403541944 -0.30200594931922625 0
    outer loop
      vertex -1.5311045371715342 0.46445548360713973 1
      vertex -1.5192450889488587 0.5018907846382265 6
      vertex -1.5311045371715342 0.46445548360713973 6
    endloop
  endfacet
  facet normal 0.9456073253805228 -0.32531029216225826 0
    outer loop
      vertex -1.5192450889488587 0.5018907846382265 1
      vertex -1.5064705042928335 0.5390237654275521 6
      vertex -1.5192450889488587 0.5018907846382265 6
    endloop
  endfacet
  facet normal 0.9373390119125732 -0.3484186802494394 0
    outer loop
      vertex -1.5064705042928335 0.5390237654275521 1
      vertex -1.4927884781355822 0.5758320584559811 6
      vertex -1.5064705042928335 0.5390237654275521 6
    endloop
  endfacet
  facet normal 0.9285060804732165 -0.3713171939518352 0
    outer loop
      vertex -1.4927884781355822 0.5758320584559811 1
      vertex -1.478207252018059 0.6122934917841437 6
      vertex -1.4927884781355822 0.5758320584559811 6
    endloop
  endfacet
  facet normal 0.9191138516900572 -0.39399204006104904 0
    outer loop
      vertex -1.478207252018059 0.6122934917841437 1
      vertex -1.4627356091256491 0.6483861024079838 6
      vertex -1.478207252018059 0.6122934917841437 6
    endloop
  endfacet
  facet normal 0.9091679830905219 -0.41642956009763826 0
    outer loop
      vertex -1.4627356091256491 0.6483861024079838 1
      vertex -1.4463828689975093 0.6840881494884514 6
      vertex -1.4627356091256491 0.6483861024079838 6
    endloop
  endfacet
  facet normal 0.8986744656939556 -0.4386162385385242 0
    outer loop
      vertex -1.4463828689975093 0.6840881494884514 1
      vertex -1.4291588819128247 0.7193781274473706 6
      vertex -1.4463828689975093 0.6840881494884514 6
    endloop
  endfacet
  facet normal 0.8876396204028533 -0.46053871095824134 0
    outer loop
      vertex -1.4291588819128247 0.7193781274473706 1
      vertex -1.4110740229573682 0.7542347789215963 6
      vertex -1.4291588819128247 0.7193781274473706 6
    endloop
  endfacet
  facet normal 0.8760700941954072 -0.4821837720791215 0
    outer loop
      vertex -1.4110740229573682 0.7542347789215963 1
      vertex -1.3921391857739385 0.7886371075676545 6
      vertex -1.4110740229573682 0.7542347789215963 6
    endloop
  endfacet
  facet normal 0.863972856121585 -0.5035383837257206 0
    outer loop
      vertex -1.3921391857739385 0.7886371075676545 1
      vertex -1.3723657760004353 0.8225643907091549 6
      vertex -1.3921391857739385 0.7886371075676545 6
    endloop
  endfacet
  facet normal 0.851355193105266 -0.5245896826784676 0
    outer loop
      vertex -1.3723657760004353 0.8225643907091549 1
      vertex -1.3517657043995315 0.8559961918193555 6
      vertex -1.3723657760004353 0.8225643907091549 6
    endloop
  endfacet
  facet normal 0.838224705554837 -0.545324988422048 0
    outer loop
      vertex -1.3517657043995315 0.8559961918193555 1
      vertex -1.3303513796840725 0.8889123728313635 6
      vertex -1.3517657043995315 0.8559961918193555 6
    endloop
  endfacet
  facet normal 0.8245893027850273 -0.5657318107836103 0
    outer loop
      vertex -1.3303513796840725 0.8889123728313635 1
      vertex -1.308135701042534 0.9212931062685525 6
      vertex -1.3303513796840725 0.8889123728313635 6
    endloop
  endfacet
  facet normal 0.8104571982525945 -0.5857978574564394 0
    outer loop
      vertex -1.308135701042534 0.9212931062685525 1
      vertex -1.285132050369032 0.9531188871878934 6
      vertex -1.308135701042534 0.9212931062685525 6
    endloop
  endfacet
  facet normal 0.7958369046088843 -0.6055110414043243 0
    outer loop
      vertex -1.285132050369032 0.9531188871878934 1
      vertex -1.2613542842025702 0.984370544929003 6
      vertex -1.285132050369032 0.9531188871878934 6
    endloop
  endfacet
  facet normal 0.7807372285720937 -0.6248594881423873 0
    outer loop
      vertex -1.2613542842025702 0.984370544929003 1
      vertex -1.2368167253803792 1.015029254661833 6
      vertex -1.2613542842025702 0.984370544929003 6
    endloop
  endfacet
  facet normal 0.7651672656224603 -0.6438315428897897 0
    outer loop
      vertex -1.2368167253803792 1.015029254661833 1
      vertex -1.2115341544103755 1.045076548726043 6
      vertex -1.2368167253803792 1.015029254661833 6
    endloop
  endfacet
  facet normal 0.7491363945234569 -0.6624157775901743 0
    outer loop
      vertex -1.2115341544103755 1.045076548726043 1
      vertex -1.1855218005679347 1.0744943277552295 6
      vertex -1.2115341544103755 1.045076548726043 6
    endloop
  endfacet
  facet normal 0.7326542716724121 -0.6806009977954538 0
    outer loop
      vertex -1.1855218005679347 1.0744943277552295 1
      vertex -1.1587953327223472 1.103264871579307 6
      vertex -1.1855218005679347 1.0744943277552295 6
    endloop
  endfacet
  facet normal 0.715730825283823 -0.6983762494089684 0
    outer loop
      vertex -1.1587953327223472 1.103264871579307 1
      vertex -1.1313708498984762 1.1313708498984762 6
      vertex -1.1587953327223472 1.103264871579307 6
    endloop
  endfacet
  facet normal 0.6983762494089684 -0.715730825283823 0
    outer loop
      vertex -1.1313708498984762 1.1313708498984762 1
      vertex -1.103264871579307 1.1587953327223472 6
      vertex -1.1313708498984762 1.1313708498984762 6
    endloop
  endfacet
  facet normal 0.6806009977954538 -0.7326542716724121 0
    outer loop
      vertex -1.103264871579307 1.1587953327223472 1
      vertex -1.0744943277552295 1.1855218005679347 6
      vertex -1.103264871579307 1.1587953327223472 6
    endloop
  endfacet
  facet normal 0.6624157775901743 -0.7491363945234569 0
    outer loop
      vertex -1.0744943277552295 1.1855218005679347 1
      vertex -1.045076548726043 1.2115341544103755 6
      vertex -1.0744943277552295 1.1855218005679347 6
    endloop
  endfacet
  facet normal 0.6438315428897897 -0.7651672656224603 0
    outer loop
      vertex -1.045076548726043 1.2115341544103755 1
      vertex -1.015029254661833 1.2368167253803792 6
      vertex -1.045076548726043 1.2115341544103755 6
    endloop
  endfacet
  facet normal 0.6248594881423873 -0.7807372285720937 0
    outer loop
      vertex -1.015029254661833 1.2368167253803792 1
      vertex -0.984370544929003 1.2613542842025702 6
      vertex -1.015029254661833 1.2368167253803792 6
    endloop
  endfacet
  facet normal 0.6055110414043243 -0.7958369046088843 0
    outer loop
      vertex -0.984370544929003 1.2613542842025702 1
      vertex -0.9531188871878934 1.285132050369032 6
      vertex -0.984370544929003 1.2613542842025702 6
    endloop
  endfacet
  facet normal 0.5857978574564394 -0.8104571982525945 0
    outer loop
      vertex -0.9531188871878934 1.285132050369032 1
      vertex -0.9212931062685525 1.308135701042534 6
      vertex -0.9531188871878934 1.285132050369032 6
    endloop
  endfacet
  facet normal 0.5657318107836103 -0.8245893027850273 0
    outer loop
      vertex -0.9212931062685525 1.308135701042534 1
      vertex -0.8889123728313635 1.3303513796840725 6
      vertex -0.9212931062685525 1.308135701042534 6
    endloop
  endfacet
  facet normal 0.545324988422048 -0.838224705554837 0
    outer loop
      vertex -0.8889123728313635 1.3303513796840725 1
      vertex -0.8559961918193555 1.3517657043995315 6
      vertex -0.8889123728313635 1.3303513796840725 6
    endloop
  endfacet
  facet normal 0.5245896826784676 -0.851355193105266 0
    outer loop
      vertex -0.8559961918193555 1.3517657043995315 1
      vertex -0.8225643907091549 1.3723657760004353 6
      vertex -0.8559961918193555 1.3517657043995315 6
    endloop
  endfacet
  facet normal 0.5035383837257206 -0.863972856121585 0
    outer loop
      vertex -0.8225643907091549 1.3723657760004353 1
      vertex -0.7886371075676545 1.3921391857739385 6
      vertex -0.8225643907091549 1.3723657760004353 6
    endloop
  endfacet
  facet normal 0.4821837720791215 -0.8760700941954072 0
    outer loop
      vertex -0.7886371075676545 1.3921391857739385 1
      vertex -0.7542347789215963 1.4110740229573682 6
      vertex -0.7886371075676545 1.3921391857739385 6
    endloop
  endfacet
  facet normal 0.46053871095824134 -0.8876396204028533 0
    outer loop
      vertex -0.7542347789215963 1.4110740229573682 1
      vertex -0.7193781274473706 1.4291588819128247 6
      vertex -0.7542347789215963 1.4110740229573682 6
    endloop
  endfacet
  facet normal 0.4386162385385242 -0.8986744656939556 0
    outer loop
      vertex -0.7193781274473706 1.4291588819128247 1
      vertex -0.6840881494884514 1.4463828689975093 6
      vertex -0.7193781274473706 1.4291588819128247 6
    endloop
  endfacet
  facet normal 0.41642956009763826 -0.9091679830905219 0
    outer loop
      vertex -0.6840881494884514 1.4463828689975093 1
      vertex -0.6483861024079838 1.4627356091256491 6
      vertex -0.6840881494884514 1.4463828689975093 6
    endloop
  endfacet
  facet normal 0.39399204006104904 -0.9191138516900572 0
    outer loop
      vertex -0.6483861024079838 1.4627356091256491 1
      vertex -0.6122934917841437 1.478207252018059 6
      vertex -0.6483861024079838 1.4627356091256491 6
    endloop
  endfacet
  facet normal 0.3713171939518352 -0.9285060804732165 0
    outer loop
      vertex -0.6122934917841437 1.478207252018059 1
      vertex -0.5758320584559811 1.4927884781355822 6
      vertex -0.6122934917841437 1.478207252018059 6
    endloop
  endfacet
  facet normal 0.3484186802494394 -0.9373390119125732 0
    outer loop
      vertex -0.5758320584559811 1.4927884781355822 1
      vertex -0.5390237654275521 1.5064705042928335 6
      vertex -0.5758320584559811 1.4927884781355822 6
    endloop
  endfacet
  facet normal 0.32531029216225826 -0.9456073253805228 0
    outer loop
      vertex -0.5390237654275521 1.5064705042928335 1
      vertex -0.5018907846382265 1.5192450889488587 6
      vertex -0.5390237654275521 1.5064705042928335 6
    endloop
  endfacet
  facet normal 0.30200594931922625 -0.9533060403541944 0
    outer loop
      vertex -0.5018907846382265 1.5192450889488587 1
      vertex -0.46445548360713973 1.5311045371715342 6
      vertex -0.5018907846382265 1.5192450889488587 6
    endloop
  endfacet
  facet normal 0.2785196893850544 -0.9604305194155655 0
    outer loop
      vertex -0.46445548360713973 1.5311045371715342 1
      vertex -0.4267404119598375 1.5420417052727038 6
      vertex -0.46445548360713973 1.5311045371715342 6
    endloop
  endfacet
  facet normal 0.2548656596045155 -0.9669764710448518 0
    outer loop
      vertex -0.4267404119598375 1.5420417052727038 1
      vertex -0.3887682878452222 1.5520500051112704 6
      vertex -0.4267404119598375 1.5420417052727038 6
    endloop
  endfacet
  facet normal 0.2310581082806742 -0.9729399522055594 0
    outer loop
      vertex -0.3887682878452222 1.5520500051112704 1
      vertex -0.3505619842509917 1.5611234080616458 6
      vertex -0.3887682878452222 1.5520500051112704 6
    endloop
  endfacet
  facet normal 0.20711137619221545 -0.9783173707196282 0
    outer loop
      vertex -0.3505619842509917 1.5611234080616458 1
      vertex -0.3121445152258052 1.5692564486451688 6
      vertex -0.3505619842509917 1.5611234080616458 6
    endloop
  endfacet
  facet normal 0.18303988795514184 -0.9831054874312161 0
    outer loop
      vertex -0.3121445152258052 1.5692564486451688 1
      vertex -0.27353902201648195 1.576444227822306 6
      vertex -0.3121445152258052 1.5692564486451688 6
    endloop
  endfacet
  facet normal 0.15885814333386186 -0.9873014181578583 0
    outer loop
      vertex -0.27353902201648195 1.576444227822306 1
      vertex -0.2347687591285788 1.5826824159436497 6
      vertex -0.27353902201648195 1.576444227822306 6
    endloop
  endfacet
  facet normal 0.13458070850712447 -0.9909026354277803 0
    outer loop
      vertex -0.2347687591285788 1.5826824159436497 1
      vertex -0.19585708031874594 1.587967255357936 6
      vertex -0.2347687591285788 1.5826824159436497 6
    endloop
  endfacet
  facet normal 0.11022220729388378 -0.9939069700023561 0
    outer loop
      vertex -0.19585708031874594 1.587967255357936 1
      vertex -0.15682742452729698 1.592295562675515 6
      vertex -0.19585708031874594 1.587967255357936 6
    endloop
  endfacet
  facet normal 0.08579731234444005 -0.996312612182778 0
    outer loop
      vertex -0.15682742452729698 1.592295562675515 1
      vertex -0.11770330175946789 1.5956647306859044 6
      vertex -0.15682742452729698 1.592295562675515 6
    endloop
  endfacet
  facet normal 0.06132073630221057 -0.9981181129001491 0
    outer loop
      vertex -0.11770330175946789 1.5956647306859044 1
      vertex -0.07850827892386883 1.598072729928276 6
      vertex -0.11770330175946789 1.5956647306859044 6
    endloop
  endfacet
  facet normal 0.036807222941357284 -0.9993223845883495 0
    outer loop
      vertex -0.07850827892386883 1.598072729928276 1
      vertex -0.03926596563665966 1.5995181099139268 6
      vertex -0.07850827892386883 1.598072729928276 6
    endloop
  endfacet
  facet normal 0.01227153828571984 -0.9999247018391445 0
    outer loop
      vertex -0.03926596563665966 1.5995181099139268 1
      vertex 0 1.6 6
      vertex -0.03926596563665966 1.5995181099139268 6
    endloop
  endfacet
  facet normal 0 0 1
    outer loop
      vertex 0 -1.6 1
      vertex 0.03926596563665966 -1.5995181099139268 1
      vertex 0.03926596563665966 1.5995181099139268 1
    endloop
  endfacet
  facet normal 0 0 1
    outer loop
      vertex 0.03926596563665966 -1.5995181099139268 1
      vertex 0.07850827892386883 -1.598072729928276 1
      vertex 0.07850827892386883 1.598072729928276 1
    endloop
  endfacet
  facet normal 0 0 1
    outer loop
      vertex 0.07850827892386883 -1.598072729928276 1
      vertex 0.11770330175946789 -1.5956647306859044 1
      vertex 0.11770330175946789 1.5956647306859044 1
    endloop
  endfacet
  facet normal 0 0 1
    outer loop
      vertex 0.11770330175946789 -1.5956647306859044 1
      vertex 0.15682742452729698 -1.592295562675515 1
      vertex 0.15682742452729698 1.592295562675515 1
    endloop
  endfacet
  facet normal 0 0 1
    outer loop
      vertex 0.15682742452729698 -1.592295562675515 1
      vertex 0.19585708031874594 -1.587967255357936 1
      vertex 0.19585708031874594 1.587967255357936 1
    endloop
  endfacet
  facet normal 0 0 1
    outer loop
      vertex 0.19585708031874594 -1.587967255357936 1
      vertex 0.2347687591285788 -1.5826824159436497 1
      vertex 0.2347687591285788 1.5826824159436497 1
    endloop
  endfacet
  facet normal 0 0 1
    outer loop
      vertex 0.2347687591285788 -1.5826824159436497 1
      vertex 0.27353902201648195 -1.576444227822306 1
      vertex 0.27353902201648195 1.576444227822306 1
    endloop
  endfacet
  facet normal 0 0 1
    outer loop
      vertex 0.27353902201648195 -1.576444227822306 1
      vertex 0.3121445152258052 -1.5692564486451688 1
      vertex 0.3121445152258052 1.5692564486451688 1
    endloop
  endfacet
  facet normal 0 0 1
    outer loop
      vertex 0.3121445152258052 -1.5692564486451688 1
      vertex 0.3505619842509917 -1.5611234080616458 1
      vertex 0.3505619842509917 1.5611234080616458 1
    endloop
  endfacet
  facet normal 0 0 1
    outer loop
      vertex 0.3505619842509917 -1.5611234080616458 1
      vertex 0.3887682878452222 -1.5520500051112704 1
      vertex 0.3887682878452222 1.5520500051112704 1
    endloop
  endfacet
  facet normal 0 0 1
    outer loop
      vertex 0.3887682878452222 -1.5520500051112704 1
      vertex 0.4267404119598375 -1.5420417052727038 1
      vertex 0.4267404119598375 1.5420417052727038 1
    endloop
  endfacet
  facet normal 0 0 1
    outer loop
      vertex 0.4267404119598375 -1.5420417052727038 1
      vertex 0.46445548360713973 -1.5311045371715342 1
      vertex 0.46445548360713973 1.5311045371715342 1
    endloop
  endfacet
  facet normal 0 0 1
    outer loop
      vertex 0.46445548360713973 -1.5311045371715342 1
      vertex 0.5018907846382265 -1.5192450889488587 1
      vertex 0.5018907846382265 1.5192450889488587 1
    endloop
  endfacet
  facet normal 0 0 1
    outer loop
      vertex 0.5018907846382265 -1.5192450889488587 1
      vertex 0.5390237654275521 -1.5064705042928335 1
      vertex 0.5390237654275521 1.5064705042928335 1
    endloop
  endfacet
  facet normal 0 0 1
    outer loop
      vertex 0.5390237654275521 -1.5064705042928335 1
      vertex 0.5758320584559811 -1.4927884781355822 1
      vertex 0.5758320584559811 1.4927884781355822 1
    endloop
  endfacet
  facet normal 0 0 1
    outer loop
      vertex 0.5758320584559811 -1.4927884781355822 1
      vertex 0.6122934917841437 -1.478207252018059 1
      vertex 0.6122934917841437 1.478207252018059 1
    endloop
  endfacet
  facet normal 0 0 1
    outer loop
      vertex 0.6122934917841437 -1.478207252018059 1
      vertex 0.6483861024079838 -1.4627356091256491 1
      vertex 0.6483861024079838 1.4627356091256491 1
    endloop
  endfacet
  facet normal 0 0 1
    outer loop
      vertex 0.6483861024079838 -1.4627356091256491 1
      vertex 0.6840881494884514 -1.4463828689975093 1
      vertex 0.6840881494884514 1.4463828689975093 1
    endloop
  endfacet
  facet normal 0 0 1
    outer loop
      vertex 0.6840881494884514 -1.4463828689975093 1
      vertex 0.7193781274473706 -1.4291588819128247 1
      vertex 0.7193781274473706 1.4291588819128247 1
    endloop
  endfacet
  facet normal 0 0 1
    outer loop
      vertex 0.7193781274473706 -1.4291588819128247 1
      vertex 0.7542347789215963 -1.4110740229573682 1
      vertex 0.7542347789215963 1.4110740229573682 1
    endloop
  endfacet
  facet normal 0 0 1
    outer loop
      vertex 0.7542347789215963 -1.4110740229573682 1
      vertex 0.7886371075676545 -1.3921391857739385 1
      vertex 0.7886371075676545 1.3921391857739385 1
    endloop
  endfacet
  facet normal 0 0 1
    outer loop
      vertex 0.7886371075676545 -1.3921391857739385 1
      vertex 0.8225643907091549 -1.3723657760004353 1
      vertex 0.8225643907091549 1.3723657760004353 1
    endloop
  endfacet
  facet normal 0 0 1
    outer loop
      vertex 0.8225643907091549 -1.3723657760004353 1
      vertex 0.8559961918193555 -1.3517657043995315 1
      vertex 0.8559961918193555 1.3517657043995315 1
    endloop
  endfacet
  facet normal 0 0 1
    outer loop
      vertex 0.8559961918193555 -1.3517657043995315 1
      vertex 0.8889123728313635 -1.3303513796840725 1
      vertex 0.8889123728313635 1.3303513796840725 1
    endloop
  endfacet
  facet normal 0 0 1
    outer loop
      vertex 0.8889123728313635 -1.3303513796840725 1
      vertex 0.9212931062685525 -1.308135701042534 1
      vertex 0.9212931062685525 1.308135701042534 1
    endloop
  endfacet
  facet normal 0 0 1
    outer loop
      vertex 0.9212931062685525 -1.308135701042534 1
      vertex 0.9531188871878934 -1.285132050369032 1
      vertex 0.9531188871878934 1.285132050369032 1
    endloop
  endfacet
  facet normal 0 0 1
    outer loop
      vertex 0.9531188871878934 -1.285132050369032 1
      vertex 0.984370544929003 -1.2613542842025702 1
      vertex 0.984370544929003 1.2613542842025702 1
    endloop
  endfacet
  facet normal 0 0 1
    outer loop
      vertex 0.984370544929003 -1.2613542842025702 1
      vertex 1.015029254661833 -1.2368167253803792 1
      vertex 1.015029254661833 1.2368167253803792 1
    endloop
  endfacet
  facet normal 0 0 1
    outer loop
      vertex 1.015029254661833 -1.2368167253803792 1
      vertex 1.045076548726043 -1.2115341544103755 1
      vertex 1.045076548726043 1.2115341544103755 1
    endloop
  endfacet
  facet normal 0 0 1
    outer loop
      vertex 1.045076548726043 -1.2115341544103755 1
      vertex 1.0744943277552295 -1.1855218005679347 1
      vertex 1.0744943277552295 1.1855218005679347 1
    endloop
  endfacet
  facet normal 0 0 1
    outer loop
      vertex 1.0744943277552295 -1.1855218005679347 1
      vertex 1.103264871579307 -1.1587953327223472 1
      vertex 1.103264871579307 1.1587953327223472 1
    endloop
  endfacet
  facet normal 0 0 1
    outer loop
      vertex 1.103264871579307 -1.1587953327223472 1
      vertex 1.1313708498984762 -1.1313708498984762 1
      vertex 1.1313708498984762 1.1313708498984762 1
    endloop
  endfacet
  facet normal 0 0 1
    outer loop
      vertex 1.1313708498984762 -1.1313708498984762 1
      vertex 1.1587953327223472 -1.103264871579307 1
      vertex 1.1587953327223472 1.103264871579307 1
    endloop
  endfacet
  facet normal 0 0 1
    outer loop
      vertex 1.1587953327223472 -1.103264871579307 1
      vertex 1.1855218005679347 -1.0744943277552295 1
      vertex 1.1855218005679347 1.0744943277552295 1
    endloop
  endfacet
  facet normal 0 0 1
    outer loop
      vertex 1.1855218005679347 -1.0744943277552295 1
      vertex 1.2115341544103755 -1.045076548726043 1
      vertex 1.2115341544103755 1.045076548726043 1
    endloop
  endfacet
  facet normal 0 0 1
    outer loop
      vertex 1.2115341544103755 -1.045076548726043 1
      vertex 1.2368167253803792 -1.015029254661833 1
      vertex 1.2368167253803792 1.015029254661833 1
    endloop
  endfacet
  facet normal 0 0 1
    outer loop
      vertex 1.2368167253803792 -1.015029254661833 1
      vertex 1.2613542842025702 -0.984370544929003 1
      vertex 1.2613542842025702 0.984370544929003 1
    endloop
  endfacet
  facet normal 0 0 1
    outer loop
      vertex 1.2613542842025702 -0.984370544929003 1
      vertex 1.285132050369032 -0.9531188871878934 1
      vertex 1.285132050369032 0.9531188871878934 1
    endloop
  endfacet
  facet normal 0 0 1
    outer loop
      vertex 1.285132050369032 -0.9531188871878934 1
      vertex 1.308135701042534 -0.9212931062685525 1
      vertex 1.308135701042534 0.9212931062685525 1
    endloop
  endfacet
  facet normal 0 0 1
    outer loop
      vertex 1.308135701042534 -0.9212931062685525 1
      vertex 1.3303513796840725 -0.8889123728313635 1
      vertex 1.3303513796840725 0.8889123728313635 1
    endloop
  endfacet
  facet normal 0 0 1
    outer loop
      vertex 1.3303513796840725 -0.8889123728313635 1
      vertex 1.3517657043995315 -0.8559961918193555 1
      vertex 1.3517657043995315 0.8559961918193555 1
    endloop
  endfacet
  facet normal 0 0 1
    outer loop
      vertex 1.3517657043995315 -0.8559961918193555 1
      vertex 1.3723657760004353 -0.8225643907091549 1
      vertex 1.3723657760004353 0.8225643907091549 1
    endloop
  endfacet
  facet normal 0 0 1
    outer loop
      vertex 1.3723657760004353 -0.8225643907091549 1
      vertex 1.3921391857739385 -0.7886371075676545 1
      vertex 1.3921391857739385 0.7886371075676545 1
    endloop
  endfacet
  facet normal 0 0 1
    outer loop
      vertex 1.3921391857739385 -0.7886371075676545 1
      vertex 1.4110740229573682 -0.7542347789215963 1
      vertex 1.4110740229573682 0.7542347789215963 1
    endloop
  endfacet
  facet normal 0 0 1
    outer loop
      vertex 1.4110740229573682 -0.7542347789215963 1
      vertex 1.4291588819128247 -0.7193781274473706 1
      vertex 1.4291588819128247 0.7193781274473706 1
    endloop
  endfacet
  facet normal 0 0 1
    outer loop
      vertex 1.4291588819128247 -0.7193781274473706 1
      vertex 1.4463828689975093 -0.6840881494884514 1
      vertex 1.4463828689975093 0.6840881494884514 1
    endloop
  endfacet
  facet normal 0 0 1
    outer loop
      vertex 1.4463828689975093 -0.6840881494884514 1
      vertex 1.4627356091256491 -0.6483861024079838 1
      vertex 1.4627356091256491 0.6483861024079838 1
    endloop
  endfacet
  facet normal 0 0 1
    outer loop
      vertex 1.4627356091256491 -0.6483861024079838 1
      vertex 1.478207252018059 -0.6122934917841437 1
      vertex 1.478207252018059 0.6122934917841437 1
    endloop
  endfacet
  facet normal 0 0 1
    outer loop
      vertex 1.478207252018059 -0.6122934917841437 1
      vertex 1.4927884781355822 -0.5758320584559811 1
      vertex 1.4927884781355822 0.5758320584559811 1
    endloop
  endfacet
  facet normal 0 0 1
    outer loop
      vertex 1.4927884781355822 -0.5758320584559811 1
      vertex 1.5064705042928335 -0.5390237654275521 1
      vertex 1.5064705042928335 0.5390237654275521 1
    endloop
  endfacet
  facet normal 0 0 1
    outer loop
      vertex 1.5064705042928335 -0.5390237654275521 1
      vertex 1.5192450889488587 -0.5018907846382265 1
      vertex 1.5192450889488587 0.5018907846382265 1
    endloop
  endfacet
  facet normal 0 0 1
    outer loop
      vertex 1.5192450889488587 -0.5018907846382265 1
      vertex 1.5311045371715342 -0.46445548360713973 1
      vertex 1.5311045371715342 0.46445548360713973 1
    endloop
  endfacet
  facet normal 0 0 1
    outer loop
      vertex 1.5311045371715342 -0.46445548360713973 1
      vertex 1.5420417052727038 -0.4267404119598375 1
      vertex 1.5420417052727038 0.4267404119598375 1
    endloop
  endfacet
  facet normal 0 0 1
    outer loop
      vertex 1.5420417052727038 -0.4267404119598375 1
      vertex 1.5520500051112704 -0.3887682878452222 1
      vertex 1.5520500051112704 0.3887682878452222 1
    endloop
  endfacet
  facet normal 0 0 1
    outer loop
      vertex 1.5520500051112704 -0.3887682878452222 1
      vertex 1.5611234080616458 -0.3505619842509917 1
      vertex 1.5611234080616458 0.3505619842509917 1
    endloop
  endfacet
  facet normal 0 0 1
    outer loop
      vertex 1.5611234080616458 -0.3505619842509917 1
      vertex 1.5692564486451688 -0.3121445152258052 1
      vertex 1.5692564486451688 0.3121445152258052 1
    endloop
  endfacet
  facet normal 0 0 1
    outer loop
      vertex 1.5692564486451688 -0.3121445152258052 1
      vertex 1.576444227822306 -0.27353902201648195 1
      vertex 1.576444227822306 0.27353902201648195 1
    endloop
  endfacet
  facet normal 0 0 1
    outer loop
      vertex 1.576444227822306 -0.27353902201648195 1
      vertex 1.5826824159436497 -0.2347687591285788 1
      vertex 1.5826824159436497 0.2347687591285788 1
    endloop
  endfacet
  facet normal 0 0 1
    outer loop
      vertex 1.5826824159436497 -0.2347687591285788 1
      vertex 1.587967255357936 -0.19585708031874594 1
      vertex 1.587967255357936 0.19585708031874594 1
    endloop
  endfacet
  facet normal 0 0 1
    outer loop
      vertex 1.587967255357936 -0.19585708031874594 1
      vertex 1.592295562675515 -0.15682742452729698 1
      vertex 1.592295562675515 0.15682742452729698 1
    endloop
  endfacet
  facet normal 0 0 1
    outer loop
      vertex 1.592295562675515 -0.15682742452729698 1
      vertex 1.5956647306859044 -0.11770330175946789 1
      vertex 1.5956647306859044 0.11770330175946789 1
    endloop
  endfacet
  facet normal 0 0 1
    outer loop
      vertex 1.5956647306859044 -0.11770330175946789 1
      vertex 1.598072729928276 -0.07850827892386883 1
      vertex 1.598072729928276 0.07850827892386883 1
    endloop
  endfacet
  facet normal 0 0 1
    outer loop
      vertex 1.598072729928276 -0.07850827892386883 1
      vertex 1.5995181099139268 -0.03926596563665966 1
      vertex 1.5995181099139268 0.03926596563665966 1
    endloop
  endfacet
  facet normal -0.01227153828571984 0.9999247018391445 0
    outer loop
      vertex 0 -1.6 1
      vertex 0 -1.6 6
      vertex 0.03926596563665966 -1.5995181099139268 1
    endloop
  endfacet
  facet normal -0.036807222941357284 0.9993223845883495 0
    outer loop
      vertex 0.03926596563665966 -1.5995181099139268 1
      vertex 0.03926596563665966 -1.5995181099139268 6
      vertex 0.07850827892386883 -1.598072729928276 1
    endloop
  endfacet
  facet normal -0.06132073630221057 0.9981181129001491 0
    outer loop
      vertex 0.07850827892386883 -1.598072729928276 1
      vertex 0.07850827892386883 -1.598072729928276 6
      vertex 0.11770330175946789 -1.5956647306859044 1
    endloop
  endfacet
  facet normal -0.08579731234444005 0.996312612182778 0
    outer loop
      vertex 0.11770330175946789 -1.5956647306859044 1
      vertex 0.11770330175946789 -1.5956647306859044 6
      vertex 0.15682742452729698 -1.592295562675515 1
    endloop
  endfacet
  facet normal -0.11022220729388378 0.9939069700023561 0
    outer loop
      vertex 0.15682742452729698 -1.592295562675515 1
      vertex 0.15682742452729698 -1.592295562675515 6
      vertex 0.19585708031874594 -1.587967255357936 1
    endloop
  endfacet
  facet normal -0.13458070850712447 0.9909026354277803 0
    outer loop
      vertex 0.19585708031874594 -1.587967255357936 1
      vertex 0.19585708031874594 -1.587967255357936 6
      vertex 0.2347687591285788 -1.5826824159436497 1
    endloop
  endfacet
  facet normal -0.15885814333386186 0.9873014181578583 0
    outer loop
      vertex 0.2347687591285788 -1.5826824159436497 1
      vertex 0.2347687591285788 -1.5826824159436497 6
      vertex 0.27353902201648195 -1.576444227822306 1
    endloop
  endfacet
  facet normal -0.18303988795514184 0.9831054874312161 0
    outer loop
      vertex 0.27353902201648195 -1.576444227822306 1
      vertex 0.27353902201648195 -1.576444227822306 6
      vertex 0.3121445152258052 -1.5692564486451688 1
    endloop
  endfacet
  facet normal -0.20711137619221545 0.9783173707196282 0
    outer loop
      vertex 0.3121445152258052 -1.5692564486451688 1
      vertex 0.3121445152258052 -1.5692564486451688 6
      vertex 0.3505619842509917 -1.5611234080616458 1
    endloop
  endfacet
  facet normal -0.2310581082806742 0.9729399522055594 0
    outer loop
      vertex 0.3505619842509917 -1.5611234080616458 1
      vertex 0.3505619842509917 -1.5611234080616458 6
      vertex 0.3887682878452222 -1.5520500051112704 1
    endloop
  endfacet
  facet normal -0.2548656596045155 0.9669764710448518 0
    outer loop
      vertex 0.3887682878452222 -1.5520500051112704 1
      vertex 0.3887682878452222 -1.5520500051112704 6
      vertex 0.4267404119598375 -1.5420417052727038 1
    endloop
  endfacet
  facet normal -0.2785196893850544 0.9604305194155655 0
    outer loop
      vertex 0.4267404119598375 -1.5420417052727038 1
      vertex 0.4267404119598375 -1.5420417052727038 6
      vertex 0.46445548360713973 -1.5311045371715342 1
    endloop
  endfacet
  facet normal -0.30200594931922625 0.9533060403541944 0
    outer loop
      vertex 0.46445548360713973 -1.5311045371715342 1
      vertex 0.46445548360713973 -1.5311045371715342 6
      vertex 0.5018907846382265 -1.5192450889488587 1
    endloop
  endfacet
  facet normal -0.32531029216225826 0.9456073253805228 0
    outer loop
      vertex 0.5018907846382265 -1.5192450889488587 1
      vertex 0.5018907846382265 -1.5192450889488587 6
      vertex 0.5390237654275521 -1.5064705042928335 1
    endloop
  endfacet
  facet normal -0.3484186802494394 0.9373390119125732 0
    outer loop
      vertex 0.5390237654275521 -1.5064705042928335 1
      vertex 0.5390237654275521 -1.5064705042928335 6
      vertex 0.5758320584559811 -1.4927884781355822 1
    endloop
  endfacet
  facet normal -0.3713171939518352 0.9285060804732165 0
    outer loop
      vertex 0.5758320584559811 -1.4927884781355822 1
      vertex 0.5758320584559811 -1.4927884781355822 6
      vertex 0.6122934917841437 -1.478207252018059 1
    endloop
  endfacet
  facet normal -0.39399204006104904 0.9191138516900572 0
    outer loop
      vertex 0.6122934917841437 -1.478207252018059 1
      vertex 0.6122934917841437 -1.478207252018059 6
      vertex 0.6483861024079838 -1.4627356091256491 1
    endloop
  endfacet
  facet normal -0.41642956009763826 0.9091679830905219 0
    outer loop
      vertex 0.6483861024079838 -1.4627356091256491 1
      vertex 0.6483861024079838 -1.4627356091256491 6
      vertex 0.6840881494884514 -1.4463828689975093 1
    endloop
  endfacet
  facet normal -0.4386162385385242 0.8986744656939556 0
    outer loop
      vertex 0.6840881494884514 -1.4463828689975093 1
      vertex 0.6840881494884514 -1.4463828689975093 6
      vertex 0.7193781274473706 -1.4291588819128247 1
    endloop
  endfacet
  facet normal -0.46053871095824134 0.8876396204028533 0
    outer loop
      vertex 0.7193781274473706 -1.4291588819128247 1
      vertex 0.7193781274473706 -1.4291588819128247 6
      vertex 0.7542347789215963 -1.4110740229573682 1
    endloop
  endfacet
  facet normal -0.4821837720791215 0.8760700941954072 0
    outer loop
      vertex 0.7542347789215963 -1.4110740229573682 1
      vertex 0.7542347789215963 -1.4110740229573682 6
      vertex 0.7886371075676545 -1.3921391857739385 1
    endloop
  endfacet
  facet normal -0.5035383837257206 0.863972856121585 0
    outer loop
      vertex 0.7886371075676545 -1.3921391857739385 1
      vertex 0.7886371075676545 -1.3921391857739385 6
      vertex 0.8225643907091549 -1.3723657760004353 1
    endloop
  endfacet
  facet normal -0.5245896826784676 0.851355193105266 0
    outer loop
      vertex 0.8225643907091549 -1.3723657760004353 1
      vertex 0.8225643907091549 -1.3723657760004353 6
      vertex 0.8559961918193555 -1.3517657043995315 1
    endloop
  endfacet
  facet normal -0.545324988422048 0.838224705554837 0
    outer loop
      vertex 0.8559961918193555 -1.3517657043995315 1
      vertex 0.8559961918193555 -1.3517657043995315 6
      vertex 0.8889123728313635 -1.3303513796840725 1
    endloop
  endfacet
  facet normal -0.5657318107836103 0.8245893027850273 0
    outer loop
      vertex 0.8889123728313635 -1.3303513796840725 1
      vertex 0.8889123728313635 -1.3303513796840725 6
      vertex 0.9212931062685525 -1.308135701042534 1
    endloop
  endfacet
  facet normal -0.5857978574564394 0.8104571982525945 0
    outer loop
      vertex 0.9212931062685525 -1.308135701042534 1
      vertex 0.9212931062685525 -1.308135701042534 6
      vertex 0.9531188871878934 -1.285132050369032 1
    endloop
  endfacet
  facet normal -0.6055110414043243 0.7958369046088843 0
    outer loop
      vertex 0.9531188871878934 -1.285132050369032 1
      vertex 0.9531188871878934 -1.285132050369032 6
      vertex 0.984370544929003 -1.2613542842025702 1
    endloop
  endfacet
  facet normal -0.6248594881423873 0.7807372285720937 0
    outer loop
      vertex 0.984370544929003 -1.2613542842025702 1
      vertex 0.984370544929003 -1.2613542842025702 6
      vertex 1.015029254661833 -1.2368167253803792 1
    endloop
  endfacet
  facet normal -0.6438315428897897 0.7651672656224603 0
    outer loop
      vertex 1.015029254661833 -1.2368167253803792 1
      vertex 1.015029254661833 -1.2368167253803792 6
      vertex 1.045076548726043 -1.2115341544103755 1
    endloop
  endfacet
  facet normal -0.6624157775901743 0.7491363945234569 0
    outer loop
      vertex 1.045076548726043 -1.2115341544103755 1
      vertex 1.045076548726043 -1.2115341544103755 6
      vertex 1.0744943277552295 -1.1855218005679347 1
    endloop
  endfacet
  facet normal -0.6806009977954538 0.7326542716724121 0
    outer loop
      vertex 1.0744943277552295 -1.1855218005679347 1
      vertex 1.0744943277552295 -1.1855218005679347 6
      vertex 1.103264871579307 -1.1587953327223472 1
    endloop
  endfacet
  facet normal -0.6983762494089684 0.715730825283823 0
    outer loop
      vertex 1.103264871579307 -1.1587953327223472 1
      vertex 1.103264871579307 -1.1587953327223472 6
      vertex 1.1313708498984762 -1.1313708498984762 1
    endloop
  endfacet
  facet normal -0.715730825283823 0.6983762494089684 0
    outer loop
      vertex 1.1313708498984762 -1.1313708498984762 1
      vertex 1.1313708498984762 -1.1313708498984762 6
      vertex 1.1587953327223472 -1.103264871579307 1
    endloop
  endfacet
  facet normal -0.7326542716724121 0.6806009977954538 0
    outer loop
      vertex 1.1587953327223472 -1.103264871579307 1
      vertex 1.1587953327223472 -1.103264871579307 6
      vertex 1.1855218005679347 -1.0744943277552295 1
    endloop
  endfacet
  facet normal -0.7491363945234569 0.6624157775901743 0
    outer loop
      vertex 1.1855218005679347 -1.0744943277552295 1
      vertex 1.1855218005679347 -1.0744943277552295 6
      vertex 1.2115341544103755 -1.045076548726043 1
    endloop
  endfacet
  facet normal -0.7651672656224603 0.6438315428897897 0
    outer loop
      vertex 1.2115341544103755 -1.045076548726043 1
      vertex 1.2115341544103755 -1.045076548726043 6
      vertex 1.2368167253803792 -1.015029254661833 1
    endloop
  endfacet
  facet normal -0.7807372285720937 0.6248594881423873 0
    outer loop
      vertex 1.2368167253803792 -1.015029254661833 1
      vertex 1.2368167253803792 -1.015029254661833 6
      vertex 1.2613542842025702 -0.984370544929003 1
    endloop
  endfacet
  facet normal -0.7958369046088843 0.6055110414043243 0
    outer loop
      vertex 1.2613542842025702 -0.984370544929003 1
      vertex 1.2613542842025702 -0.984370544929003 6
      vertex 1.285132050369032 -0.9531188871878934 1
    endloop
  endfacet
  facet normal -0.8104571982525945 0.5857978574564394 0
    outer loop
      vertex 1.285132050369032 -0.9531188871878934 1
      vertex 1.285132050369032 -0.9531188871878934 6
      vertex 1.308135701042534 -0.9212931062685525 1
    endloop
  endfacet
  facet normal -0.8245893027850273 0.5657318107836103 0
    outer loop
      vertex 1.308135701042534 -0.9212931062685525 1
      vertex 1.308135701042534 -0.9212931062685525 6
      vertex 1.3303513796840725 -0.8889123728313635 1
    endloop
  endfacet
  facet normal -0.838224705554837 0.545324988422048 0
    outer loop
      vertex 1.3303513796840725 -0.8889123728313635 1
      vertex 1.3303513796840725 -0.8889123728313635 6
      vertex 1.3517657043995315 -0.8559961918193555 1
    endloop
  endfacet
  facet normal -0.851355193105266 0.5245896826784676 0
    outer loop
      vertex 1.3517657043995315 -0.8559961918193555 1
      vertex 1.3517657043995315 -0.8559961918193555 6
      vertex 1.3723657760004353 -0.8225643907091549 1
    endloop
  endfacet
  facet normal -0.863972856121585 0.5035383837257206 0
    outer loop
      vertex 1.3723657760004353 -0.8225643907091549 1
      vertex 1.3723657760004353 -0.8225643907091549 6
      vertex 1.3921391857739385 -0.7886371075676545 1
    endloop
  endfacet
  facet normal -0.8760700941954072 0.4821837720791215 0
    outer loop
      vertex 1.3921391857739385 -0.7886371075676545 1
      vertex 1.3921391857739385 -0.7886371075676545 6
      vertex 1.4110740229573682 -0.7542347789215963 1
    endloop
  endfacet
  facet normal -0.8876396204028533 0.46053871095824134 0
    outer loop
      vertex 1.4110740229573682 -0.7542347789215963 1
      vertex 1.4110740229573682 -0.7542347789215963 6
      vertex 1.4291588819128247 -0.7193781274473706 1
    endloop
  endfacet
  facet normal -0.8986744656939556 0.4386162385385242 0
    outer loop
      vertex 1.4291588819128247 -0.7193781274473706 1
      vertex 1.4291588819128247 -0.7193781274473706 6
      vertex 1.4463828689975093 -0.6840881494884514 1
    endloop
  endfacet
  facet normal -0.9091679830905219 0.41642956009763826 0
    outer loop
      vertex 1.4463828689975093 -0.6840881494884514 1
      vertex 1.4463828689975093 -0.6840881494884514 6
      vertex 1.4627356091256491 -0.6483861024079838 1
    endloop
  endfacet
  facet normal -0.9191138516900572 0.39399204006104904 0
    outer loop
      vertex 1.4627356091256491 -0.6483861024079838 1
      vertex 1.4627356091256491 -0.6483861024079838 6
      vertex 1.478207252018059 -0.6122934917841437 1
    endloop
  endfacet
  facet normal -0.9285060804732165 0.3713171939518352 0
    outer loop
      vertex 1.478207252018059 -0.6122934917841437 1
      vertex 1.478207252018059 -0.6122934917841437 6
      vertex 1.4927884781355822 -0.5758320584559811 1
    endloop
  endfacet
  facet normal -0.9373390119125732 0.3484186802494394 0
    outer loop
      vertex 1.4927884781355822 -0.5758320584559811 1
      vertex 1.4927884781355822 -0.5758320584559811 6
      vertex 1.5064705042928335 -0.5390237654275521 1
    endloop
  endfacet
  facet normal -0.9456073253805228 0.32531029216225826 0
    outer loop
      vertex 1.5064705042928335 -0.5390237654275521 1
      vertex 1.5064705042928335 -0.5390237654275521 6
      vertex 1.5192450889488587 -0.5018907846382265 1
    endloop
  endfacet
  facet normal -0.9533060403541944 0.30200594931922625 0
    outer loop
      vertex 1.5192450889488587 -0.5018907846382265 1
      vertex 1.5192450889488587 -0.5018907846382265 6
      vertex 1.5311045371715342 -0.46445548360713973 1
    endloop
  endfacet
  facet normal -0.9604305194155655 0.2785196893850544 0
    outer loop
      vertex 1.5311045371715342 -0.46445548360713973 1
      vertex 1.5311045371715342 -0.46445548360713973 6
      vertex 1.5420417052727038 -0.4267404119598375 1
    endloop
  endfacet
  facet normal -0.9669764710448518 0.2548656596045155 0
    outer loop
      vertex 1.5420417052727038 -0.4267404119598375 1
      vertex 1.5420417052727038 -0.4267404119598375 6
      vertex 1.5520500051112704 -0.3887682878452222 1
    endloop
  endfacet
  facet normal -0.9729399522055594 0.2310581082806742 0
    outer loop
      vertex 1.5520500051112704 -0.3887682878452222 1
      vertex 1.5520500051112704 -0.3887682878452222 6
      vertex 1.5611234080616458 -0.3505619842509917 1
    endloop
  endfacet
  facet normal -0.9783173707196282 0.20711137619221545 0
    outer loop
      vertex 1.5611234080616458 -0.3505619842509917 1
      vertex 1.5611234080616458 -0.3505619842509917 6
      vertex 1.5692564486451688 -0.3121445152258052 1
    endloop
  endfacet
  facet normal -0.9831054874312161 0.18303988795514184 0
    outer loop
      vertex 1.5692564486451688 -0.3121445152258052 1
      vertex 1.5692564486451688 -0.3121445152258052 6
      vertex 1.576444227822306 -0.27353902201648195 1
    endloop
  endfacet
  facet normal -0.9873014181578583 0.15885814333386186 0
    outer loop
      vertex 1.576444227822306 -0.27353902201648195 1
      vertex 1.576444227822306 -0.27353902201648195 6
      vertex 1.5826824159436497 -0.2347687591285788 1
    endloop
  endfacet
  facet normal -0.9909026354277803 0.13458070850712447 0
    outer loop
      vertex 1.5826824159436497 -0.2347687591285788 1
      vertex 1.5826824159436497 -0.2347687591285788 6
      vertex 1.587967255357936 -0.19585708031874594 1
    endloop
  endfacet
  facet normal -0.9939069700023561 0.11022220729388378 0
    outer loop
      vertex 1.587967255357936 -0.19585708031874594 1
      vertex 1.587967255357936 -0.19585708031874594 6
      vertex 1.592295562675515 -0.15682742452729698 1
    endloop
  endfacet
  facet normal -0.996312612182778 0.08579731234444005 0
    outer loop
      vertex 1.592295562675515 -0.15682742452729698 1
      vertex 1.592295562675515 -0.15682742452729698 6
      vertex 1.5956647306859044 -0.11770330175946789 1
    endloop
  endfacet
  facet normal -0.9981181129001491 0.06132073630221057 0
    outer loop
      vertex 1.5956647306859044 -0.11770330175946789 1
      vertex 1.5956647306859044 -0.11770330175946789 6
      vertex 1.598072729928276 -0.07850827892386883 1
    endloop
  endfacet
  facet normal -0.9993223845883495 0.036807222941357284 0
    outer loop
      vertex 1.598072729928276 -0.07850827892386883 1
      vertex 1.598072729928276 -0.07850827892386883 6
      vertex 1.5995181099139268 -0.03926596563665966 1
    endloop
  endfacet
  facet normal -0.9999247018391445 0.01227153828571984 0
    outer loop
      vertex 1.5995181099139268 -0.03926596563665966 1
      vertex 1.5995181099139268 -0.03926596563665966 6
      vertex 1.6 0 1
    endloop
  endfacet
  facet normal -0.01227153828571984 0.9999247018391445 0
    outer loop
      vertex 0.03926596563665966 -1.5995181099139268 1
      vertex 0 -1.6 6
      vertex 0.03926596563665966 -1.5995181099139268 6
    endloop
  endfacet
  facet normal -0.036807222941357284 0.9993223845883495 0
    outer loop
      vertex 0.07850827892386883 -1.598072729928276 1
      vertex 0.03926596563665966 -1.5995181099139268 6
      vertex 0.07850827892386883 -1.598072729928276 6
    endloop
  endfacet
  facet normal -0.06132073630221057 0.9981181129001491 0
    outer loop
      vertex 0.11770330175946789 -1.5956647306859044 1
      vertex 0.07850827892386883 -1.598072729928276 6
      vertex 0.11770330175946789 -1.5956647306859044 6
    endloop
  endfacet
  facet normal -0.08579731234444005 0.996312612182778 0
    outer loop
      vertex 0.15682742452729698 -1.592295562675515 1
      vertex 0.11770330175946789 -1.5956647306859044 6
      vertex 0.15682742452729698 -1.592295562675515 6
    endloop
  endfacet
  facet normal -0.11022220729388378 0.9939069700023561 0
    outer loop
      vertex 0.19585708031874594 -1.587967255357936 1
      vertex 0.15682742452729698 -1.592295562675515 6
      vertex 0.19585708031874594 -1.587967255357936 6
    endloop
  endfacet
  facet normal -0.13458070850712447 0.9909026354277803 0
    outer loop
      vertex 0.2347687591285788 -1.5826824159436497 1
      vertex 0.19585708031874594 -1.587967255357936 6
      vertex 0.2347687591285788 -1.5826824159436497 6
    endloop
  endfacet
  facet normal -0.15885814333386186 0.9873014181578583 0
    outer loop
      vertex 0.27353902201648195 -1.576444227822306 1
      vertex 0.2347687591285788 -1.5826824159436497 6
      vertex 0.27353902201648195 -1.576444227822306 6
    endloop
  endfacet
  facet normal -0.18303988795514184 0.9831054874312161 0
    outer loop
      vertex 0.3121445152258052 -1.5692564486451688 1
      vertex 0.27353902201648195 -1.576444227822306 6
      vertex 0.3121445152258052 -1.5692564486451688 6
    endloop
  endfacet
  facet normal -0.20711137619221545 0.9783173707196282 0
    outer loop
      vertex 0.3505619842509917 -1.5611234080616458 1
      vertex 0.3121445152258052 -1.5692564486451688 6
      vertex 0.3505619842509917 -1.5611234080616458 6
    endloop
  endfacet
  facet normal -0.2310581082806742 0.9729399522055594 0
    outer loop
      vertex 0.3887682878452222 -1.5520500051112704 1
      vertex 0.3505619842509917 -1.5611234080616458 6
      vertex 0.3887682878452222 -1.5520500051112704 6
    endloop
  endfacet
  facet normal -0.2548656596045155 0.9669764710448518 0
    outer loop
      vertex 0.4267404119598375 -1.5420417052727038 1
      vertex 0.3887682878452222 -1.5520500051112704 6
      vertex 0.4267404119598375 -1.5420417052727038 6
    endloop
  endfacet
  facet normal -0.2785196893850544 0.9604305194155655 0
    outer loop
      vertex 0.46445548360713973 -1.5311045371715342 1
      vertex 0.4267404119598375 -1.5420417052727038 6
      vertex 0.46445548360713973 -1.5311045371715342 6
    endloop
  endfacet
  facet normal -0.30200594931922625 0.9533060403541944 0
    outer loop
      vertex 0.5018907846382265 -1.5192450889488587 1
      vertex 0.46445548360713973 -1.5311045371715342 6
      vertex 0.5018907846382265 -1.5192450889488587 6
    endloop
  endfacet
  facet normal -0.32531029216225826 0.9456073253805228 0
    outer loop
      vertex 0.5390237654275521 -1.5064705042928335 1
      vertex 0.5018907846382265 -1.5192450889488587 6
      vertex 0.5390237654275521 -1.5064705042928335 6
    endloop
  endfacet
  facet normal -0.3484186802494394 0.9373390119125732 0
    outer loop
      vertex 0.5758320584559811 -1.4927884781355822 1
      vertex 0.5390237654275521 -1.5064705042928335 6
      vertex 0.5758320584559811 -1.4927884781355822 6
    endloop
  endfacet
  facet normal -0.3713171939518352 0.9285060804732165 0
    outer loop
      vertex 0.6122934917841437 -1.478207252018059 1
      vertex 0.5758320584559811 -1.4927884781355822 6
      vertex 0.6122934917841437 -1.478207252018059 6
    endloop
  endfacet
  facet normal -0.39399204006104904 0.9191138516900572 0
    outer loop
      vertex 0.6483861024079838 -1.4627356091256491 1
      vertex 0.6122934917841437 -1.478207252018059 6
      vertex 0.6483861024079838 -1.4627356091256491 6
    endloop
  endfacet
  facet normal -0.41642956009763826 0.9091679830905219 0
    outer loop
      vertex 0.6840881494884514 -1.4463828689975093 1
      vertex 0.6483861024079838 -1.4627356091256491 6
      vertex 0.6840881494884514 -1.4463828689975093 6
    endloop
  endfacet
  facet normal -0.4386162385385242 0.8986744656939556 0
    outer loop
      vertex 0.7193781274473706 -1.4291588819128247 1
      vertex 0.6840881494884514 -1.4463828689975093 6
      vertex 0.7193781274473706 -1.4291588819128247 6
    endloop
  endfacet
  facet normal -0.46053871095824134 0.8876396204028533 0
    outer loop
      vertex 0.7542347789215963 -1.4110740229573682 1
      vertex 0.7193781274473706 -1.4291588819128247 6
      vertex 0.7542347789215963 -1.4110740229573682 6
    endloop
  endfacet
  facet normal -0.4821837720791215 0.8760700941954072 0
    outer loop
      vertex 0.7886371075676545 -1.3921391857739385 1
      vertex 0.7542347789215963 -1.4110740229573682 6
      vertex 0.7886371075676545 -1.3921391857739385 6
    endloop
  endfacet
  facet normal -0.5035383837257206 0.863972856121585 0
    outer loop
      vertex 0.8225643907091549 -1.3723657760004353 1
      vertex 0.7886371075676545 -1.3921391857739385 6
      vertex 0.8225643907091549 -1.3723657760004353 6
    endloop
  endfacet
  facet normal -0.5245896826784676 0.851355193105266 0
    outer loop
      vertex 0.8559961918193555 -1.3517657043995315 1
      vertex 0.8225643907091549 -1.3723657760004353 6
      vertex 0.8559961918193555 -1.3517657043995315 6
    endloop
  endfacet
  facet normal -0.545324988422048 0.838224705554837 0
    outer loop
      vertex 0.8889123728313635 -1.3303513796840725 1
      vertex 0.8559961918193555 -1.3517657043995315 6
      vertex 0.8889123728313635 -1.3303513796840725 6
    endloop
  endfacet
  facet normal -0.5657318107836103 0.8245893027850273 0
    outer loop
      vertex 0.9212931062685525 -1.308135701042534 1
      vertex 0.8889123728313635 -1.3303513796840725 6
      vertex 0.9212931062685525 -1.308135701042534 6
    endloop
  endfacet
  facet normal -0.5857978574564394 0.8104571982525945 0
    outer loop
      vertex 0.9531188871878934 -1.285132050369032 1
      vertex 0.9212931062685525 -1.308135701042534 6
      vertex 0.9531188871878934 -1.285132050369032 6
    endloop
  endfacet
  facet normal -0.6055110414043243 0.7958369046088843 0
    outer loop
      vertex 0.984370544929003 -1.2613542842025702 1
      vertex 0.9531188871878934 -1.285132050369032 6
      vertex 0.984370544929003 -1.2613542842025702 6
    endloop
  endfacet
  facet normal -0.6248594881423873 0.7807372285720937 0
    outer loop
      vertex 1.015029254661833 -1.2368167253803792 1
      vertex 0.984370544929003 -1.2613542842025702 6
      vertex 1.015029254661833 -1.2368167253803792 6
    endloop
  endfacet
  facet normal -0.6438315428897897 0.7651672656224603 0
    outer loop
      vertex 1.045076548726043 -1.2115341544103755 1
      vertex 1.015029254661833 -1.2368167253803792 6
      vertex 1.045076548726043 -1.2115341544103755 6
    endloop
  endfacet
  facet normal -0.6624157775901743 0.7491363945234569 0
    outer loop
      vertex 1.0744943277552295 -1.1855218005679347 1
      vertex 1.045076548726043 -1.2115341544103755 6
      vertex 1.0744943277552295 -1.1855218005679347 6
    endloop
  endfacet
  facet normal -0.6806009977954538 0.7326542716724121 0
    outer loop
      vertex 1.103264871579307 -1.1587953327223472 1
      vertex 1.0744943277552295 -1.1855218005679347 6
      vertex 1.103264871579307 -1.1587953327223472 6
    endloop
  endfacet
  facet normal -0.6983762494089684 0.715730825283823 0
    outer loop
      vertex 1.1313708498984762 -1.1313708498984762 1
      vertex 1.103264871579307 -1.1587953327223472 6
      vertex 1.1313708498984762 -1.1313708498984762 6
    endloop
  endfacet
  facet normal -0.715730825283823 0.6983762494089684 0
    outer loop
      vertex 1.1587953327223472 -1.103264871579307 1
      vertex 1.1313708498984762 -1.1313708498984762 6
      vertex 1.1587953327223472 -1.103264871579307 6
    endloop
  endfacet
  facet normal -0.7326542716724121 0.6806009977954538 0
    outer loop
      vertex 1.1855218005679347 -1.0744943277552295 1
      vertex 1.1587953327223472 -1.103264871579307 6
      vertex 1.1855218005679347 -1.0744943277552295 6
    endloop
  endfacet
  facet normal -0.7491363945234569 0.6624157775901743 0
    outer loop
      vertex 1.2115341544103755 -1.045076548726043 1
      vertex 1.1855218005679347 -1.0744943277552295 6
      vertex 1.2115341544103755 -1.045076548726043 6
    endloop
  endfacet
  facet normal -0.7651672656224603 0.6438315428897897 0
    outer loop
      vertex 1.2368167253803792 -1.015029254661833 1
      vertex 1.2115341544103755 -1.045076548726043 6
      vertex 1.2368167253803792 -1.015029254661833 6
    endloop
  endfacet
  facet normal -0.7807372285720937 0.6248594881423873 0
    outer loop
      vertex 1.2613542842025702 -0.984370544929003 1
      vertex 1.2368167253803792 -1.015029254661833 6
      vertex 1.2613542842025702 -0.984370544929003 6
    endloop
  endfacet
  facet normal -0.7958369046088843 0.6055110414043243 0
    outer loop
      vertex 1.285132050369032 -0.9531188871878934 1
      vertex 1.2613542842025702 -0.984370544929003 6
      vertex 1.285132050369032 -0.9531188871878934 6
    endloop
  endfacet
  facet normal -0.8104571982525945 0.5857978574564394 0
    outer loop
      vertex 1.308135701042534 -0.9212931062685525 1
      vertex 1.285132050369032 -0.9531188871878934 6
      vertex 1.308135701042534 -0.9212931062685525 6
    endloop
  endfacet
  facet normal -0.8245893027850273 0.5657318107836103 0
    outer loop
      vertex 1.3303513796840725 -0.8889123728313635 1
      vertex 1.308135701042534 -0.9212931062685525 6
      vertex 1.3303513796840725 -0.8889123728313635 6
    endloop
  endfacet
  facet normal -0.838224705554837 0.545324988422048 0
    outer loop
      vertex 1.3517657043995315 -0.8559961918193555 1
      vertex 1.3303513796840725 -0.8889123728313635 6
      vertex 1.3517657043995315 -0.8559961918193555 6
    endloop
  endfacet
  facet normal -0.851355193105266 0.5245896826784676 0
    outer loop
      vertex 1.3723657760004353 -0.8225643907091549 1
      vertex 1.3517657043995315 -0.8559961918193555 6
      vertex 1.3723657760004353 -0.8225643907091549 6
    endloop
  endfacet
  facet normal -0.863972856121585 0.5035383837257206 0
    outer loop
      vertex 1.3921391857739385 -0.7886371075676545 1
      vertex 1.3723657760004353 -0.8225643907091549 6
      vertex 1.3921391857739385 -0.7886371075676545 6
    endloop
  endfacet
  facet normal -0.8760700941954072 0.4821837720791215 0
    outer loop
      vertex 1.4110740229573682 -0.7542347789215963 1
      vertex 1.3921391857739385 -0.7886371075676545 6
      vertex 1.4110740229573682 -0.7542347789215963 6
    endloop
  endfacet
  facet normal -0.8876396204028533 0.46053871095824134 0
    outer loop
      vertex 1.4291588819128247 -0.7193781274473706 1
      vertex 1.4110740229573682 -0.7542347789215963 6
      vertex 1.4291588819128247 -0.7193781274473706 6
    endloop
  endfacet
  facet normal -0.8986744656939556 0.4386162385385242 0
    outer loop
      vertex 1.4463828689975093 -0.6840881494884514 1
      vertex 1.4291588819128247 -0.7193781274473706 6
      vertex 1.4463828689975093 -0.6840881494884514 6
    endloop
  endfacet
  facet normal -0.9091679830905219 0.41642956009763826 0
    outer loop
      vertex 1.4627356091256491 -0.6483861024079838 1
      vertex 1.4463828689975093 -0.6840881494884514 6
      vertex 1.4627356091256491 -0.6483861024079838 6
    endloop
  endfacet
  facet normal -0.9191138516900572 0.39399204006104904 0
    outer loop
      vertex 1.478207252018059 -0.6122934917841437 1
      vertex 1.4627356091256491 -0.6483861024079838 6
      vertex 1.478207252018059 -0.6122934917841437 6
    endloop
  endfacet
  facet normal -0.9285060804732165 0.3713171939518352 0
    outer loop
      vertex 1.4927884781355822 -0.5758320584559811 1
      vertex 1.478207252018059 -0.6122934917841437 6
      vertex 1.4927884781355822 -0.5758320584559811 6
    endloop
  endfacet
  facet normal -0.9373390119125732 0.3484186802494394 0
    outer loop
      vertex 1.5064705042928335 -0.5390237654275521 1
      vertex 1.4927884781355822 -0.5758320584559811 6
      vertex 1.5064705042928335 -0.5390237654275521 6
    endloop
  endfacet
  facet normal -0.9456073253805228 0.32531029216225826 0
    outer loop
      vertex 1.5192450889488587 -0.5018907846382265 1
      vertex 1.5064705042928335 -0.5390237654275521 6
      vertex 1.5192450889488587 -0.5018907846382265 6
    endloop
  endfacet
  facet normal -0.9533060403541944 0.30200594931922625 0
    outer loop
      vertex 1.5311045371715342 -0.46445548360713973 1
      vertex 1.5192450889488587 -0.5018907846382265 6
      vertex 1.5311045371715342 -0.46445548360713973 6
    endloop
  endfacet
  facet normal -0.9604305194155655 0.2785196893850544 0
    outer loop
      vertex 1.5420417052727038 -0.4267404119598375 1
      vertex 1.5311045371715342 -0.46445548360713973 6
      vertex 1.5420417052727038 -0.4267404119598375 6
    endloop
  endfacet
  facet normal -0.9669764710448518 0.2548656596045155 0
    outer loop
      vertex 1.5520500051112704 -0.3887682878452222 1
      vertex 1.5420417052727038 -0.4267404119598375 6
      vertex 1.5520500051112704 -0.3887682878452222 6
    endloop
  endfacet
  facet normal -0.9729399522055594 0.2310581082806742 0
    outer loop
      vertex 1.5611234080616458 -0.3505619842509917 1
      vertex 1.5520500051112704 -0.3887682878452222 6
      vertex 1.5611234080616458 -0.3505619842509917 6
    endloop
  endfacet
  facet normal -0.9783173707196282 0.20711137619221545 0
    outer loop
      vertex 1.5692564486451688 -0.3121445152258052 1
      vertex 1.5611234080616458 -0.3505619842509917 6
      vertex 1.5692564486451688 -0.3121445152258052 6
    endloop
  endfacet
  facet normal -0.9831054874312161 0.18303988795514184 0
    outer loop
      vertex 1.576444227822306 -0.27353902201648195 1
      vertex 1.5692564486451688 -0.3121445152258052 6
      vertex 1.576444227822306 -0.27353902201648195 6
    endloop
  endfacet
  facet normal -0.9873014181578583 0.15885814333386186 0
    outer loop
      vertex 1.5826824159436497 -0.2347687591285788 1
      vertex 1.576444227822306 -0.27353902201648195 6
      vertex 1.5826824159436497 -0.2347687591285788 6
    endloop
  endfacet
  facet normal -0.9909026354277803 0.13458070850712447 0
    outer loop
      vertex 1.587967255357936 -0.19585708031874594 1
      vertex 1.5826824159436497 -0.2347687591285788 6
      vertex 1.587967255357936 -0.19585708031874594 6
    endloop
  endfacet
  facet normal -0.9939069700023561 0.11022220729388378 0
    outer loop
      vertex 1.592295562675515 -0.15682742452729698 1
      vertex 1.587967255357936 -0.19585708031874594 6
      vertex 1.592295562675515 -0.15682742452729698 6
    endloop
  endfacet
  facet normal -0.996312612182778 0.08579731234444005 0
    outer loop
      vertex 1.5956647306859044 -0.11770330175946789 1
      vertex 1.592295562675515 -0.15682742452729698 6
      vertex 1.5956647306859044 -0.11770330175946789 6
    endloop
  endfacet
  facet normal -0.9981181129001491 0.06132073630221057 0
    outer loop
      vertex 1.598072729928276 -0.07850827892386883 1
      vertex 1.5956647306859044 -0.11770330175946789 6
      vertex 1.598072729928276 -0.07850827892386883 6
    endloop
  endfacet
  facet normal -0.9993223845883495 0.036807222941357284 0
    outer loop
      vertex 1.5995181099139268 -0.03926596563665966 1
      vertex 1.598072729928276 -0.07850827892386883 6
      vertex 1.5995181099139268 -0.03926596563665966 6
    endloop
  endfacet
  facet normal -0.9999247018391445 0.01227153828571984 0
    outer loop
      vertex 1.6 0 1
      vertex 1.5995181099139268 -0.03926596563665966 6
      vertex 1.6 0 6
    endloop
  endfacet
  facet normal 0 0 1
    outer loop
      vertex 0 -1.6 1
      vertex 0.03926596563665966 1.5995181099139268 1
      vertex 0 1.6 1
    endloop
  endfacet
  facet normal 0 0 1
    outer loop
      vertex 0.03926596563665966 -1.5995181099139268 1
      vertex 0.07850827892386883 1.598072729928276 1
      vertex 0.03926596563665966 1.5995181099139268 1
    endloop
  endfacet
  facet normal 0 0 1
    outer loop
      vertex 0.07850827892386883 -1.598072729928276 1
      vertex 0.11770330175946789 1.5956647306859044 1
      vertex 0.07850827892386883 1.598072729928276 1
    endloop
  endfacet
  facet normal 0 0 1
    outer loop
      vertex 0.11770330175946789 -1.5956647306859044 1
      vertex 0.15682742452729698 1.592295562675515 1
      vertex 0.11770330175946789 1.5956647306859044 1
    endloop
  endfacet
  facet normal 0 0 1
    outer loop
      vertex 0.15682742452729698 -1.592295562675515 1
      vertex 0.19585708031874594 1.587967255357936 1
      vertex 0.15682742452729698 1.592295562675515 1
    endloop
  endfacet
  facet normal 0 0 1
    outer loop
      vertex 0.19585708031874594 -1.587967255357936 1
      vertex 0.2347687591285788 1.5826824159436497 1
      vertex 0.19585708031874594 1.587967255357936 1
    endloop
  endfacet
  facet normal 0 0 1
    outer loop
      vertex 0.2347687591285788 -1.5826824159436497 1
      vertex 0.27353902201648195 1.576444227822306 1
      vertex 0.2347687591285788 1.5826824159436497 1
    endloop
  endfacet
  facet normal 0 0 1
    outer loop
      vertex 0.27353902201648195 -1.576444227822306 1
      vertex 0.3121445152258052 1.5692564486451688 1
      vertex 0.27353902201648195 1.576444227822306 1
    endloop
  endfacet
  facet normal 0 0 1
    outer loop
      vertex 0.3121445152258052 -1.5692564486451688 1
      vertex 0.3505619842509917 1.5611234080616458 1
      vertex 0.3121445152258052 1.5692564486451688 1
    endloop
  endfacet
  facet normal 0 0 1
    outer loop
      vertex 0.3505619842509917 -1.5611234080616458 1
      vertex 0.3887682878452222 1.5520500051112704 1
      vertex 0.3505619842509917 1.5611234080616458 1
    endloop
  endfacet
  facet normal 0 0 1
    outer loop
      vertex 0.3887682878452222 -1.5520500051112704 1
      vertex 0.4267404119598375 1.5420417052727038 1
      vertex 0.3887682878452222 1.5520500051112704 1
    endloop
  endfacet
  facet normal 0 0 1
    outer loop
      vertex 0.4267404119598375 -1.5420417052727038 1
      vertex 0.46445548360713973 1.5311045371715342 1
      vertex 0.4267404119598375 1.5420417052727038 1
    endloop
  endfacet
  facet normal 0 0 1
    outer loop
      vertex 0.46445548360713973 -1.5311045371715342 1
      vertex 0.5018907846382265 1.5192450889488587 1
      vertex 0.46445548360713973 1.5311045371715342 1
    endloop
  endfacet
  facet normal 0 0 1
    outer loop
      vertex 0.5018907846382265 -1.5192450889488587 1
      vertex 0.5390237654275521 1.5064705042928335 1
      vertex 0.5018907846382265 1.5192450889488587 1
    endloop
  endfacet
  facet normal 0 0 1
    outer loop
      vertex 0.5390237654275521 -1.5064705042928335 1
      vertex 0.5758320584559811 1.4927884781355822 1
      vertex 0.5390237654275521 1.5064705042928335 1
    endloop
  endfacet
  facet normal 0 0 1
    outer loop
      vertex 0.5758320584559811 -1.4927884781355822 1
      vertex 0.6122934917841437 1.478207252018059 1
      vertex 0.5758320584559811 1.4927884781355822 1
    endloop
  endfacet
  facet normal 0 0 1
    outer loop
      vertex 0.6122934917841437 -1.478207252018059 1
      vertex 0.6483861024079838 1.4627356091256491 1
      vertex 0.6122934917841437 1.478207252018059 1
    endloop
  endfacet
  facet normal 0 0 1
    outer loop
      vertex 0.7542347789215963 -1.4110740229573682 1
      vertex 0.7886371075676545 1.3921391857739385 1
      vertex 0.7542347789215963 1.4110740229573682 1
    endloop
  endfacet
  facet normal 0 0 1
    outer loop
      vertex 0.6483861024079838 -1.4627356091256491 1
      vertex 0.6840881494884514 1.4463828689975093 1
      vertex 0.6483861024079838 1.4627356091256491 1
    endloop
  endfacet
  facet normal 0 0 1
    outer loop
      vertex 0.6840881494884514 -1.4463828689975093 1
      vertex 0.7193781274473706 1.4291588819128247 1
      vertex 0.6840881494884514 1.4463828689975093 1
    endloop
  endfacet
  facet normal 0 0 1
    outer loop
      vertex 0.7193781274473706 -1.4291588819128247 1
      vertex 0.7542347789215963 1.4110740229573682 1
      vertex 0.7193781274473706 1.4291588819128247 1
    endloop
  endfacet
  facet normal 0 0 1
    outer loop
      vertex 0.7886371075676545 -1.3921391857739385 1
      vertex 0.8225643907091549 1.3723657760004353 1
      vertex 0.7886371075676545 1.3921391857739385 1
    endloop
  endfacet
  facet normal 0 0 1
    outer loop
      vertex 0.8225643907091549 -1.3723657760004353 1
      vertex 0.8559961918193555 1.3517657043995315 1
      vertex 0.8225643907091549 1.3723657760004353 1
    endloop
  endfacet
  facet normal 0 0 1
    outer loop
      vertex 0.8559961918193555 -1.3517657043995315 1
      vertex 0.8889123728313635 1.3303513796840725 1
      vertex 0.8559961918193555 1.3517657043995315 1
    endloop
  endfacet
  facet normal 0 0 1
    outer loop
      vertex 0.9212931062685525 -1.308135701042534 1
      vertex 0.9531188871878934 1.285132050369032 1
      vertex 0.9212931062685525 1.308135701042534 1
    endloop
  endfacet
  facet normal 0 0 1
    outer loop
      vertex 0.8889123728313635 -1.3303513796840725 1
      vertex 0.9212931062685525 1.308135701042534 1
      vertex 0.8889123728313635 1.3303513796840725 1
    endloop
  endfacet
  facet normal 0 0 1
    outer loop
      vertex 0.9531188871878934 -1.285132050369032 1
      vertex 0.984370544929003 1.2613542842025702 1
      vertex 0.9531188871878934 1.285132050369032 1
    endloop
  endfacet
  facet normal 0 0 1
    outer loop
      vertex 0.984370544929003 -1.2613542842025702 1
      vertex 1.015029254661833 1.2368167253803792 1
      vertex 0.984370544929003 1.2613542842025702 1
    endloop
  endfacet
  facet normal 0 0 1
    outer loop
      vertex 1.0744943277552295 -1.1855218005679347 1
      vertex 1.103264871579307 1.1587953327223472 1
      vertex 1.0744943277552295 1.1855218005679347 1
    endloop
  endfacet
  facet normal 0 0 1
    outer loop
      vertex 1.015029254661833 -1.2368167253803792 1
      vertex 1.045076548726043 1.2115341544103755 1
      vertex 1.015029254661833 1.2368167253803792 1
    endloop
  endfacet
  facet normal 0 0 1
    outer loop
      vertex 1.045076548726043 -1.2115341544103755 1
      vertex 1.0744943277552295 1.1855218005679347 1
      vertex 1.045076548726043 1.2115341544103755 1
    endloop
  endfacet
  facet normal 0 0 1
    outer loop
      vertex 1.103264871579307 -1.1587953327223472 1
      vertex 1.1313708498984762 1.1313708498984762 1
      vertex 1.103264871579307 1.1587953327223472 1
    endloop
  endfacet
  facet normal 0 0 1
    outer loop
      vertex 1.1313708498984762 -1.1313708498984762 1
      vertex 1.1587953327223472 1.103264871579307 1
      vertex 1.1313708498984762 1.1313708498984762 1
    endloop
  endfacet
  facet normal 0 0 1
    outer loop
      vertex 1.1587953327223472 -1.103264871579307 1
      vertex 1.1855218005679347 1.0744943277552295 1
      vertex 1.1587953327223472 1.103264871579307 1
    endloop
  endfacet
  facet normal 0 0 1
    outer loop
      vertex 1.1855218005679347 -1.0744943277552295 1
      vertex 1.2115341544103755 1.045076548726043 1
      vertex 1.1855218005679347 1.0744943277552295 1
    endloop
  endfacet
  facet normal 0 0 1
    outer loop
      vertex 1.2115341544103755 -1.045076548726043 1
      vertex 1.2368167253803792 1.015029254661833 1
      vertex 1.2115341544103755 1.045076548726043 1
    endloop
  endfacet
  facet normal 0 0 1
    outer loop
      vertex 1.2368167253803792 -1.015029254661833 1
      vertex 1.2613542842025702 0.984370544929003 1
      vertex 1.2368167253803792 1.015029254661833 1
    endloop
  endfacet
  facet normal 0 0 1
    outer loop
      vertex 1.285132050369032 -0.9531188871878934 1
      vertex 1.308135701042534 0.9212931062685525 1
      vertex 1.285132050369032 0.9531188871878934 1
    endloop
  endfacet
  facet normal 0 0 1
    outer loop
      vertex 1.308135701042534 -0.9212931062685525 1
      vertex 1.3303513796840725 0.8889123728313635 1
      vertex 1.308135701042534 0.9212931062685525 1
    endloop
  endfacet
  facet normal 0 0 1
    outer loop
      vertex 1.3303513796840725 -0.8889123728313635 1
      vertex 1.3517657043995315 0.8559961918193555 1
      vertex 1.3303513796840725 0.8889123728313635 1
    endloop
  endfacet
  facet normal 0 0 1
    outer loop
      vertex 1.3517657043995315 -0.8559961918193555 1
      vertex 1.3723657760004353 0.8225643907091549 1
      vertex 1.3517657043995315 0.8559961918193555 1
    endloop
  endfacet
  facet normal 0 0 1
    outer loop
      vertex 1.3723657760004353 -0.8225643907091549 1
      vertex 1.3921391857739385 0.7886371075676545 1
      vertex 1.3723657760004353 0.8225643907091549 1
    endloop
  endfacet
  facet normal 0 0 1
    outer loop
      vertex 1.3921391857739385 -0.7886371075676545 1
      vertex 1.4110740229573682 0.7542347789215963 1
      vertex 1.3921391857739385 0.7886371075676545 1
    endloop
  endfacet
  facet normal 0 0 1
    outer loop
      vertex 1.5192450889488587 -0.5018907846382265 1
      vertex 1.5311045371715342 0.46445548360713973 1
      vertex 1.5192450889488587 0.5018907846382265 1
    endloop
  endfacet
  facet normal 0 0 1
    outer loop
      vertex 1.5520500051112704 -0.3887682878452222 1
      vertex 1.5611234080616458 0.3505619842509917 1
      vertex 1.5520500051112704 0.3887682878452222 1
    endloop
  endfacet
  facet normal 0 0 1
    outer loop
      vertex 1.5311045371715342 -0.46445548360713973 1
      vertex 1.5420417052727038 0.4267404119598375 1
      vertex 1.5311045371715342 0.46445548360713973 1
    endloop
  endfacet
  facet normal 0 0 1
    outer loop
      vertex 1.5420417052727038 -0.4267404119598375 1
      vertex 1.5520500051112704 0.3887682878452222 1
      vertex 1.5420417052727038 0.4267404119598375 1
    endloop
  endfacet
  facet normal 0 0 1
    outer loop
      vertex 1.4291588819128247 -0.7193781274473706 1
      vertex 1.4463828689975093 0.6840881494884514 1
      vertex 1.4291588819128247 0.7193781274473706 1
    endloop
  endfacet
  facet normal 0 0 1
    outer loop
      vertex 1.478207252018059 -0.6122934917841437 1
      vertex 1.4927884781355822 0.5758320584559811 1
      vertex 1.478207252018059 0.6122934917841437 1
    endloop
  endfacet
  facet normal 0 0 1
    outer loop
      vertex 1.4463828689975093 -0.6840881494884514 1
      vertex 1.4627356091256491 0.6483861024079838 1
      vertex 1.4463828689975093 0.6840881494884514 1
    endloop
  endfacet
  facet normal 0 0 1
    outer loop
      vertex 1.4627356091256491 -0.6483861024079838 1
      vertex 1.478207252018059 0.6122934917841437 1
      vertex 1.4627356091256491 0.6483861024079838 1
    endloop
  endfacet
  facet normal 0 0 1
    outer loop
      vertex 1.4110740229573682 -0.7542347789215963 1
      vertex 1.4291588819128247 0.7193781274473706 1
      vertex 1.4110740229573682 0.7542347789215963 1
    endloop
  endfacet
  facet normal 0 0 1
    outer loop
      vertex 1.4927884781355822 -0.5758320584559811 1
      vertex 1.5064705042928335 0.5390237654275521 1
      vertex 1.4927884781355822 0.5758320584559811 1
    endloop
  endfacet
  facet normal 0 0 1
    outer loop
      vertex 1.5064705042928335 -0.5390237654275521 1
      vertex 1.5192450889488587 0.5018907846382265 1
      vertex 1.5064705042928335 0.5390237654275521 1
    endloop
  endfacet
  facet normal 0 0 1
    outer loop
      vertex 1.2613542842025702 -0.984370544929003 1
      vertex 1.285132050369032 0.9531188871878934 1
      vertex 1.2613542842025702 0.984370544929003 1
    endloop
  endfacet
  facet normal 0 0 1
    outer loop
      vertex 1.5995181099139268 -0.03926596563665966 1
      vertex 1.6 0 1
      vertex 1.5995181099139268 0.03926596563665966 1
    endloop
  endfacet
  facet normal 0 0 1
    outer loop
      vertex 1.598072729928276 -0.07850827892386883 1
      vertex 1.5995181099139268 0.03926596563665966 1
      vertex 1.598072729928276 0.07850827892386883 1
    endloop
  endfacet
  facet normal 0 0 1
    outer loop
      vertex 1.5956647306859044 -0.11770330175946789 1
      vertex 1.598072729928276 0.07850827892386883 1
      vertex 1.5956647306859044 0.11770330175946789 1
    endloop
  endfacet
  facet normal 0 0 1
    outer loop
      vertex 1.587967255357936 -0.19585708031874594 1
      vertex 1.592295562675515 0.15682742452729698 1
      vertex 1.587967255357936 0.19585708031874594 1
    endloop
  endfacet
  facet normal 0 0 1
    outer loop
      vertex 1.592295562675515 -0.15682742452729698 1
      vertex 1.5956647306859044 0.11770330175946789 1
      vertex 1.592295562675515 0.15682742452729698 1
    endloop
  endfacet
  facet normal 0 0 1
    outer loop
      vertex 1.5826824159436497 -0.2347687591285788 1
      vertex 1.587967255357936 0.19585708031874594 1
      vertex 1.5826824159436497 0.2347687591285788 1
    endloop
  endfacet
  facet normal 0 0 1
    outer loop
      vertex 1.5692564486451688 -0.3121445152258052 1
      vertex 1.576444227822306 0.27353902201648195 1
      vertex 1.5692564486451688 0.3121445152258052 1
    endloop
  endfacet
  facet normal 0 0 1
    outer loop
      vertex 1.576444227822306 -0.27353902201648195 1
      vertex 1.5826824159436497 0.2347687591285788 1
      vertex 1.576444227822306 0.27353902201648195 1
    endloop
  endfacet
  facet normal 0 0 1
    outer loop
      vertex 1.5611234080616458 -0.3505619842509917 1
      vertex 1.5692564486451688 0.3121445152258052 1
      vertex 1.5611234080616458 0.3505619842509917 1
    endloop
  endfacet
  facet normal -0.6248594881423873 -0.7807372285720937 0
    outer loop
      vertex 0.984370544929003 1.2613542842025702 1
      vertex 1.015029254661833 1.2368167253803792 1
      vertex 1.015029254661833 1.2368167253803792 6
    endloop
  endfacet
  facet normal -0.6806009977954538 -0.7326542716724121 0
    outer loop
      vertex 1.0744943277552295 1.1855218005679347 1
      vertex 1.103264871579307 1.1587953327223472 1
      vertex 1.103264871579307 1.1587953327223472 6
    endloop
  endfacet
  facet normal -0.6438315428897897 -0.7651672656224603 0
    outer loop
      vertex 1.015029254661833 1.2368167253803792 1
      vertex 1.045076548726043 1.2115341544103755 1
      vertex 1.045076548726043 1.2115341544103755 6
    endloop
  endfacet
  facet normal -0.6624157775901743 -0.7491363945234569 0
    outer loop
      vertex 1.0744943277552295 1.1855218005679347 1
      vertex 1.0744943277552295 1.1855218005679347 6
      vertex 1.045076548726043 1.2115341544103755 1
    endloop
  endfacet
  facet normal -0.7326542716724121 -0.6806009977954538 0
    outer loop
      vertex 1.1855218005679347 1.0744943277552295 1
      vertex 1.1855218005679347 1.0744943277552295 6
      vertex 1.1587953327223472 1.103264871579307 1
    endloop
  endfacet
  facet normal -0.7491363945234569 -0.6624157775901743 0
    outer loop
      vertex 1.1855218005679347 1.0744943277552295 1
      vertex 1.2115341544103755 1.045076548726043 1
      vertex 1.2115341544103755 1.045076548726043 6
    endloop
  endfacet
  facet normal -0.7651672656224603 -0.6438315428897897 0
    outer loop
      vertex 1.2115341544103755 1.045076548726043 1
      vertex 1.2368167253803792 1.015029254661833 1
      vertex 1.2368167253803792 1.015029254661833 6
    endloop
  endfacet
  facet normal -0.6983762494089684 -0.715730825283823 0
    outer loop
      vertex 1.1313708498984762 1.1313708498984762 1
      vertex 1.1313708498984762 1.1313708498984762 6
      vertex 1.103264871579307 1.1587953327223472 1
    endloop
  endfacet
  facet normal -0.715730825283823 -0.6983762494089684 0
    outer loop
      vertex 1.1313708498984762 1.1313708498984762 1
      vertex 1.1587953327223472 1.103264871579307 1
      vertex 1.1587953327223472 1.103264871579307 6
    endloop
  endfacet
  facet normal -0.01227153828571984 -0.9999247018391445 0
    outer loop
      vertex 0 1.6 1
      vertex 0.03926596563665966 1.5995181099139268 1
      vertex 0.03926596563665966 1.5995181099139268 6
    endloop
  endfacet
  facet normal -0.036807222941357284 -0.9993223845883495 0
    outer loop
      vertex 0.03926596563665966 1.5995181099139268 1
      vertex 0.07850827892386883 1.598072729928276 1
      vertex 0.07850827892386883 1.598072729928276 6
    endloop
  endfacet
  facet normal -0.06132073630221057 -0.9981181129001491 0
    outer loop
      vertex 0.07850827892386883 1.598072729928276 1
      vertex 0.11770330175946789 1.5956647306859044 1
      vertex 0.11770330175946789 1.5956647306859044 6
    endloop
  endfacet
  facet normal -0.08579731234444005 -0.996312612182778 0
    outer loop
      vertex 0.11770330175946789 1.5956647306859044 1
      vertex 0.15682742452729698 1.592295562675515 1
      vertex 0.15682742452729698 1.592295562675515 6
    endloop
  endfacet
  facet normal -0.11022220729388378 -0.9939069700023561 0
    outer loop
      vertex 0.15682742452729698 1.592295562675515 1
      vertex 0.19585708031874594 1.587967255357936 1
      vertex 0.19585708031874594 1.587967255357936 6
    endloop
  endfacet
  facet normal -0.13458070850712447 -0.9909026354277803 0
    outer loop
      vertex 0.19585708031874594 1.587967255357936 1
      vertex 0.2347687591285788 1.5826824159436497 1
      vertex 0.2347687591285788 1.5826824159436497 6
    endloop
  endfacet
  facet normal -0.15885814333386186 -0.9873014181578583 0
    outer loop
      vertex 0.2347687591285788 1.5826824159436497 1
      vertex 0.27353902201648195 1.576444227822306 1
      vertex 0.27353902201648195 1.576444227822306 6
    endloop
  endfacet
  facet normal -0.18303988795514184 -0.9831054874312161 0
    outer loop
      vertex 0.27353902201648195 1.576444227822306 1
      vertex 0.3121445152258052 1.5692564486451688 1
      vertex 0.3121445152258052 1.5692564486451688 6
    endloop
  endfacet
  facet normal -0.2310581082806742 -0.9729399522055594 0
    outer loop
      vertex 0.3505619842509917 1.5611234080616458 1
      vertex 0.3887682878452222 1.5520500051112704 1
      vertex 0.3887682878452222 1.5520500051112704 6
    endloop
  endfacet
  facet normal -0.2548656596045155 -0.9669764710448518 0
    outer loop
      vertex 0.3887682878452222 1.5520500051112704 1
      vertex 0.4267404119598375 1.5420417052727038 1
      vertex 0.4267404119598375 1.5420417052727038 6
    endloop
  endfacet
  facet normal -0.2785196893850544 -0.9604305194155655 0
    outer loop
      vertex 0.4267404119598375 1.5420417052727038 1
      vertex 0.46445548360713973 1.5311045371715342 1
      vertex 0.46445548360713973 1.5311045371715342 6
    endloop
  endfacet
  facet normal -0.30200594931922625 -0.9533060403541944 0
    outer loop
      vertex 0.46445548360713973 1.5311045371715342 1
      vertex 0.5018907846382265 1.5192450889488587 1
      vertex 0.5018907846382265 1.5192450889488587 6
    endloop
  endfacet
  facet normal -0.32531029216225826 -0.9456073253805228 0
    outer loop
      vertex 0.5018907846382265 1.5192450889488587 1
      vertex 0.5390237654275521 1.5064705042928335 1
      vertex 0.5390237654275521 1.5064705042928335 6
    endloop
  endfacet
  facet normal -0.3713171939518352 -0.9285060804732165 0
    outer loop
      vertex 0.5758320584559811 1.4927884781355822 1
      vertex 0.6122934917841437 1.478207252018059 1
      vertex 0.6122934917841437 1.478207252018059 6
    endloop
  endfacet
  facet normal -0.3484186802494394 -0.9373390119125732 0
    outer loop
      vertex 0.5758320584559811 1.4927884781355822 1
      vertex 0.5758320584559811 1.4927884781355822 6
      vertex 0.5390237654275521 1.5064705042928335 1
    endloop
  endfacet
  facet normal -0.20711137619221545 -0.9783173707196282 0
    outer loop
      vertex 0.3121445152258052 1.5692564486451688 1
      vertex 0.3505619842509917 1.5611234080616458 1
      vertex 0.3505619842509917 1.5611234080616458 6
    endloop
  endfacet
  facet normal -0.4821837720791215 -0.8760700941954072 0
    outer loop
      vertex 0.7886371075676545 1.3921391857739385 1
      vertex 0.7886371075676545 1.3921391857739385 6
      vertex 0.7542347789215963 1.4110740229573682 1
    endloop
  endfacet
  facet normal -0.39399204006104904 -0.9191138516900572 0
    outer loop
      vertex 0.6122934917841437 1.478207252018059 1
      vertex 0.6483861024079838 1.4627356091256491 1
      vertex 0.6483861024079838 1.4627356091256491 6
    endloop
  endfacet
  facet normal -0.41642956009763826 -0.9091679830905219 0
    outer loop
      vertex 0.6483861024079838 1.4627356091256491 1
      vertex 0.6840881494884514 1.4463828689975093 1
      vertex 0.6840881494884514 1.4463828689975093 6
    endloop
  endfacet
  facet normal -0.4386162385385242 -0.8986744656939556 0
    outer loop
      vertex 0.6840881494884514 1.4463828689975093 1
      vertex 0.7193781274473706 1.4291588819128247 1
      vertex 0.7193781274473706 1.4291588819128247 6
    endloop
  endfacet
  facet normal -0.46053871095824134 -0.8876396204028533 0
    outer loop
      vertex 0.7193781274473706 1.4291588819128247 1
      vertex 0.7542347789215963 1.4110740229573682 1
      vertex 0.7542347789215963 1.4110740229573682 6
    endloop
  endfacet
  facet normal -0.5035383837257206 -0.863972856121585 0
    outer loop
      vertex 0.7886371075676545 1.3921391857739385 1
      vertex 0.8225643907091549 1.3723657760004353 1
      vertex 0.8225643907091549 1.3723657760004353 6
    endloop
  endfacet
  facet normal -0.5245896826784676 -0.851355193105266 0
    outer loop
      vertex 0.8225643907091549 1.3723657760004353 1
      vertex 0.8559961918193555 1.3517657043995315 1
      vertex 0.8559961918193555 1.3517657043995315 6
    endloop
  endfacet
  facet normal -0.5657318107836103 -0.8245893027850273 0
    outer loop
      vertex 0.8889123728313635 1.3303513796840725 1
      vertex 0.9212931062685525 1.308135701042534 1
      vertex 0.9212931062685525 1.308135701042534 6
    endloop
  endfacet
  facet normal -0.545324988422048 -0.838224705554837 0
    outer loop
      vertex 0.8889123728313635 1.3303513796840725 1
      vertex 0.8889123728313635 1.3303513796840725 6
      vertex 0.8559961918193555 1.3517657043995315 1
    endloop
  endfacet
  facet normal -0.6055110414043243 -0.7958369046088843 0
    outer loop
      vertex 0.9531188871878934 1.285132050369032 1
      vertex 0.984370544929003 1.2613542842025702 1
      vertex 0.984370544929003 1.2613542842025702 6
    endloop
  endfacet
  facet normal -0.5857978574564394 -0.8104571982525945 0
    outer loop
      vertex 0.9531188871878934 1.285132050369032 1
      vertex 0.9531188871878934 1.285132050369032 6
      vertex 0.9212931062685525 1.308135701042534 1
    endloop
  endfacet
  facet normal -0.9729399522055594 -0.2310581082806742 0
    outer loop
      vertex 1.5611234080616458 0.3505619842509917 1
      vertex 1.5611234080616458 0.3505619842509917 6
      vertex 1.5520500051112704 0.3887682878452222 1
    endloop
  endfacet
  facet normal -0.9669764710448518 -0.2548656596045155 0
    outer loop
      vertex 1.5520500051112704 0.3887682878452222 1
      vertex 1.5520500051112704 0.3887682878452222 6
      vertex 1.5420417052727038 0.4267404119598375 1
    endloop
  endfacet
  facet normal -0.9604305194155655 -0.2785196893850544 0
    outer loop
      vertex 1.5420417052727038 0.4267404119598375 1
      vertex 1.5420417052727038 0.4267404119598375 6
      vertex 1.5311045371715342 0.46445548360713973 1
    endloop
  endfacet
  facet normal -0.9191138516900572 -0.39399204006104904 0
    outer loop
      vertex 1.4627356091256491 0.6483861024079838 1
      vertex 1.478207252018059 0.6122934917841437 1
      vertex 1.478207252018059 0.6122934917841437 6
    endloop
  endfacet
  facet normal -0.9456073253805228 -0.32531029216225826 0
    outer loop
      vertex 1.5192450889488587 0.5018907846382265 1
      vertex 1.5192450889488587 0.5018907846382265 6
      vertex 1.5064705042928335 0.5390237654275521 1
    endloop
  endfacet
  facet normal -0.9533060403541944 -0.30200594931922625 0
    outer loop
      vertex 1.5311045371715342 0.46445548360713973 1
      vertex 1.5311045371715342 0.46445548360713973 6
      vertex 1.5192450889488587 0.5018907846382265 1
    endloop
  endfacet
  facet normal -0.9373390119125732 -0.3484186802494394 0
    outer loop
      vertex 1.4927884781355822 0.5758320584559811 1
      vertex 1.5064705042928335 0.5390237654275521 1
      vertex 1.5064705042928335 0.5390237654275521 6
    endloop
  endfacet
  facet normal -0.9285060804732165 -0.3713171939518352 0
    outer loop
      vertex 1.4927884781355822 0.5758320584559811 1
      vertex 1.4927884781355822 0.5758320584559811 6
      vertex 1.478207252018059 0.6122934917841437 1
    endloop
  endfacet
  facet normal -0.9999247018391445 -0.01227153828571984 0
    outer loop
      vertex 1.6 0 1
      vertex 1.6 0 6
      vertex 1.5995181099139268 0.03926596563665966 1
    endloop
  endfacet
  facet normal -0.9993223845883495 -0.036807222941357284 0
    outer loop
      vertex 1.5995181099139268 0.03926596563665966 1
      vertex 1.5995181099139268 0.03926596563665966 6
      vertex 1.598072729928276 0.07850827892386883 1
    endloop
  endfacet
  facet normal -0.9981181129001491 -0.06132073630221057 0
    outer loop
      vertex 1.598072729928276 0.07850827892386883 1
      vertex 1.598072729928276 0.07850827892386883 6
      vertex 1.5956647306859044 0.11770330175946789 1
    endloop
  endfacet
  facet normal -0.996312612182778 -0.08579731234444005 0
    outer loop
      vertex 1.5956647306859044 0.11770330175946789 1
      vertex 1.5956647306859044 0.11770330175946789 6
      vertex 1.592295562675515 0.15682742452729698 1
    endloop
  endfacet
  facet normal -0.9939069700023561 -0.11022220729388378 0
    outer loop
      vertex 1.592295562675515 0.15682742452729698 1
      vertex 1.592295562675515 0.15682742452729698 6
      vertex 1.587967255357936 0.19585708031874594 1
    endloop
  endfacet
  facet normal -0.9909026354277803 -0.13458070850712447 0
    outer loop
      vertex 1.587967255357936 0.19585708031874594 1
      vertex 1.587967255357936 0.19585708031874594 6
      vertex 1.5826824159436497 0.2347687591285788 1
    endloop
  endfacet
  facet normal -0.9873014181578583 -0.15885814333386186 0
    outer loop
      vertex 1.5826824159436497 0.2347687591285788 1
      vertex 1.5826824159436497 0.2347687591285788 6
      vertex 1.576444227822306 0.27353902201648195 1
    endloop
  endfacet
  facet normal -0.9831054874312161 -0.18303988795514184 0
    outer loop
      vertex 1.576444227822306 0.27353902201648195 1
      vertex 1.576444227822306 0.27353902201648195 6
      vertex 1.5692564486451688 0.3121445152258052 1
    endloop
  endfacet
  facet normal -0.9783173707196282 -0.20711137619221545 0
    outer loop
      vertex 1.5692564486451688 0.3121445152258052 1
      vertex 1.5692564486451688 0.3121445152258052 6
      vertex 1.5611234080616458 0.3505619842509917 1
    endloop
  endfacet
  facet normal -0.8760700941954072 -0.4821837720791215 0
    outer loop
      vertex 1.3921391857739385 0.7886371075676545 1
      vertex 1.4110740229573682 0.7542347789215963 1
      vertex 1.4110740229573682 0.7542347789215963 6
    endloop
  endfacet
  facet normal -0.8104571982525945 -0.5857978574564394 0
    outer loop
      vertex 1.285132050369032 0.9531188871878934 1
      vertex 1.308135701042534 0.9212931062685525 1
      vertex 1.308135701042534 0.9212931062685525 6
    endloop
  endfacet
  facet normal -0.8245893027850273 -0.5657318107836103 0
    outer loop
      vertex 1.3303513796840725 0.8889123728313635 1
      vertex 1.3303513796840725 0.8889123728313635 6
      vertex 1.308135701042534 0.9212931062685525 1
    endloop
  endfacet
  facet normal -0.851355193105266 -0.5245896826784676 0
    outer loop
      vertex 1.3723657760004353 0.8225643907091549 1
      vertex 1.3723657760004353 0.8225643907091549 6
      vertex 1.3517657043995315 0.8559961918193555 1
    endloop
  endfacet
  facet normal -0.863972856121585 -0.5035383837257206 0
    outer loop
      vertex 1.3921391857739385 0.7886371075676545 1
      vertex 1.3921391857739385 0.7886371075676545 6
      vertex 1.3723657760004353 0.8225643907091549 1
    endloop
  endfacet
  facet normal -0.838224705554837 -0.545324988422048 0
    outer loop
      vertex 1.3303513796840725 0.8889123728313635 1
      vertex 1.3517657043995315 0.8559961918193555 1
      vertex 1.3517657043995315 0.8559961918193555 6
    endloop
  endfacet
  facet normal -0.8986744656939556 -0.4386162385385242 0
    outer loop
      vertex 1.4463828689975093 0.6840881494884514 1
      vertex 1.4463828689975093 0.6840881494884514 6
      vertex 1.4291588819128247 0.7193781274473706 1
    endloop
  endfacet
  facet normal -0.9091679830905219 -0.41642956009763826 0
    outer loop
      vertex 1.4463828689975093 0.6840881494884514 1
      vertex 1.4627356091256491 0.6483861024079838 1
      vertex 1.4627356091256491 0.6483861024079838 6
    endloop
  endfacet
  facet normal -0.8876396204028533 -0.46053871095824134 0
    outer loop
      vertex 1.4291588819128247 0.7193781274473706 1
      vertex 1.4291588819128247 0.7193781274473706 6
      vertex 1.4110740229573682 0.7542347789215963 1
    endloop
  endfacet
  facet normal -0.7958369046088843 -0.6055110414043243 0
    outer loop
      vertex 1.2613542842025702 0.984370544929003 1
      vertex 1.285132050369032 0.9531188871878934 1
      vertex 1.285132050369032 0.9531188871878934 6
    endloop
  endfacet
  facet normal -0.7807372285720937 -0.6248594881423873 0
    outer loop
      vertex 1.2613542842025702 0.984370544929003 1
      vertex 1.2613542842025702 0.984370544929003 6
      vertex 1.2368167253803792 1.015029254661833 1
    endloop
  endfacet
  facet normal -0.6438315428897897 -0.7651672656224603 0
    outer loop
      vertex 1.015029254661833 1.2368167253803792 1
      vertex 1.045076548726043 1.2115341544103755 6
      vertex 1.015029254661833 1.2368167253803792 6
    endloop
  endfacet
  facet normal -0.6624157775901743 -0.7491363945234569 0
    outer loop
      vertex 1.045076548726043 1.2115341544103755 1
      vertex 1.0744943277552295 1.1855218005679347 6
      vertex 1.045076548726043 1.2115341544103755 6
    endloop
  endfacet
  facet normal -0.6806009977954538 -0.7326542716724121 0
    outer loop
      vertex 1.0744943277552295 1.1855218005679347 1
      vertex 1.103264871579307 1.1587953327223472 6
      vertex 1.0744943277552295 1.1855218005679347 6
    endloop
  endfacet
  facet normal -0.7326542716724121 -0.6806009977954538 0
    outer loop
      vertex 1.1587953327223472 1.103264871579307 1
      vertex 1.1855218005679347 1.0744943277552295 6
      vertex 1.1587953327223472 1.103264871579307 6
    endloop
  endfacet
  facet normal -0.7807372285720937 -0.6248594881423873 0
    outer loop
      vertex 1.2368167253803792 1.015029254661833 1
      vertex 1.2613542842025702 0.984370544929003 6
      vertex 1.2368167253803792 1.015029254661833 6
    endloop
  endfacet
  facet normal -0.7491363945234569 -0.6624157775901743 0
    outer loop
      vertex 1.1855218005679347 1.0744943277552295 1
      vertex 1.2115341544103755 1.045076548726043 6
      vertex 1.1855218005679347 1.0744943277552295 6
    endloop
  endfacet
  facet normal -0.7651672656224603 -0.6438315428897897 0
    outer loop
      vertex 1.2115341544103755 1.045076548726043 1
      vertex 1.2368167253803792 1.015029254661833 6
      vertex 1.2115341544103755 1.045076548726043 6
    endloop
  endfacet
  facet normal -0.6983762494089684 -0.715730825283823 0
    outer loop
      vertex 1.103264871579307 1.1587953327223472 1
      vertex 1.1313708498984762 1.1313708498984762 6
      vertex 1.103264871579307 1.1587953327223472 6
    endloop
  endfacet
  facet normal -0.715730825283823 -0.6983762494089684 0
    outer loop
      vertex 1.1313708498984762 1.1313708498984762 1
      vertex 1.1587953327223472 1.103264871579307 6
      vertex 1.1313708498984762 1.1313708498984762 6
    endloop
  endfacet
  facet normal -0.01227153828571984 -0.9999247018391445 0
    outer loop
      vertex 0 1.6 1
      vertex 0.03926596563665966 1.5995181099139268 6
      vertex 0 1.6 6
    endloop
  endfacet
  facet normal -0.036807222941357284 -0.9993223845883495 0
    outer loop
      vertex 0.03926596563665966 1.5995181099139268 1
      vertex 0.07850827892386883 1.598072729928276 6
      vertex 0.03926596563665966 1.5995181099139268 6
    endloop
  endfacet
  facet normal -0.06132073630221057 -0.9981181129001491 0
    outer loop
      vertex 0.07850827892386883 1.598072729928276 1
      vertex 0.11770330175946789 1.5956647306859044 6
      vertex 0.07850827892386883 1.598072729928276 6
    endloop
  endfacet
  facet normal -0.08579731234444005 -0.996312612182778 0
    outer loop
      vertex 0.11770330175946789 1.5956647306859044 1
      vertex 0.15682742452729698 1.592295562675515 6
      vertex 0.11770330175946789 1.5956647306859044 6
    endloop
  endfacet
  facet normal -0.11022220729388378 -0.9939069700023561 0
    outer loop
      vertex 0.15682742452729698 1.592295562675515 1
      vertex 0.19585708031874594 1.587967255357936 6
      vertex 0.15682742452729698 1.592295562675515 6
    endloop
  endfacet
  facet normal -0.13458070850712447 -0.9909026354277803 0
    outer loop
      vertex 0.19585708031874594 1.587967255357936 1
      vertex 0.2347687591285788 1.5826824159436497 6
      vertex 0.19585708031874594 1.587967255357936 6
    endloop
  endfacet
  facet normal -0.15885814333386186 -0.9873014181578583 0
    outer loop
      vertex 0.2347687591285788 1.5826824159436497 1
      vertex 0.27353902201648195 1.576444227822306 6
      vertex 0.2347687591285788 1.5826824159436497 6
    endloop
  endfacet
  facet normal -0.18303988795514184 -0.9831054874312161 0
    outer loop
      vertex 0.27353902201648195 1.576444227822306 1
      vertex 0.3121445152258052 1.5692564486451688 6
      vertex 0.27353902201648195 1.576444227822306 6
    endloop
  endfacet
  facet normal -0.2310581082806742 -0.9729399522055594 0
    outer loop
      vertex 0.3505619842509917 1.5611234080616458 1
      vertex 0.3887682878452222 1.5520500051112704 6
      vertex 0.3505619842509917 1.5611234080616458 6
    endloop
  endfacet
  facet normal -0.2548656596045155 -0.9669764710448518 0
    outer loop
      vertex 0.3887682878452222 1.5520500051112704 1
      vertex 0.4267404119598375 1.5420417052727038 6
      vertex 0.3887682878452222 1.5520500051112704 6
    endloop
  endfacet
  facet normal -0.2785196893850544 -0.9604305194155655 0
    outer loop
      vertex 0.4267404119598375 1.5420417052727038 1
      vertex 0.46445548360713973 1.5311045371715342 6
      vertex 0.4267404119598375 1.5420417052727038 6
    endloop
  endfacet
  facet normal -0.30200594931922625 -0.9533060403541944 0
    outer loop
      vertex 0.46445548360713973 1.5311045371715342 1
      vertex 0.5018907846382265 1.5192450889488587 6
      vertex 0.46445548360713973 1.5311045371715342 6
    endloop
  endfacet
  facet normal -0.32531029216225826 -0.9456073253805228 0
    outer loop
      vertex 0.5018907846382265 1.5192450889488587 1
      vertex 0.5390237654275521 1.5064705042928335 6
      vertex 0.5018907846382265 1.5192450889488587 6
    endloop
  endfacet
  facet normal -0.39399204006104904 -0.9191138516900572 0
    outer loop
      vertex 0.6122934917841437 1.478207252018059 1
      vertex 0.6483861024079838 1.4627356091256491 6
      vertex 0.6122934917841437 1.478207252018059 6
    endloop
  endfacet
  facet normal -0.3484186802494394 -0.9373390119125732 0
    outer loop
      vertex 0.5390237654275521 1.5064705042928335 1
      vertex 0.5758320584559811 1.4927884781355822 6
      vertex 0.5390237654275521 1.5064705042928335 6
    endloop
  endfacet
  facet normal -0.3713171939518352 -0.9285060804732165 0
    outer loop
      vertex 0.5758320584559811 1.4927884781355822 1
      vertex 0.6122934917841437 1.478207252018059 6
      vertex 0.5758320584559811 1.4927884781355822 6
    endloop
  endfacet
  facet normal -0.20711137619221545 -0.9783173707196282 0
    outer loop
      vertex 0.3121445152258052 1.5692564486451688 1
      vertex 0.3505619842509917 1.5611234080616458 6
      vertex 0.3121445152258052 1.5692564486451688 6
    endloop
  endfacet
  facet normal -0.4821837720791215 -0.8760700941954072 0
    outer loop
      vertex 0.7542347789215963 1.4110740229573682 1
      vertex 0.7886371075676545 1.3921391857739385 6
      vertex 0.7542347789215963 1.4110740229573682 6
    endloop
  endfacet
  facet normal -0.41642956009763826 -0.9091679830905219 0
    outer loop
      vertex 0.6483861024079838 1.4627356091256491 1
      vertex 0.6840881494884514 1.4463828689975093 6
      vertex 0.6483861024079838 1.4627356091256491 6
    endloop
  endfacet
  facet normal -0.4386162385385242 -0.8986744656939556 0
    outer loop
      vertex 0.6840881494884514 1.4463828689975093 1
      vertex 0.7193781274473706 1.4291588819128247 6
      vertex 0.6840881494884514 1.4463828689975093 6
    endloop
  endfacet
  facet normal -0.46053871095824134 -0.8876396204028533 0
    outer loop
      vertex 0.7193781274473706 1.4291588819128247 1
      vertex 0.7542347789215963 1.4110740229573682 6
      vertex 0.7193781274473706 1.4291588819128247 6
    endloop
  endfacet
  facet normal -0.5035383837257206 -0.863972856121585 0
    outer loop
      vertex 0.7886371075676545 1.3921391857739385 1
      vertex 0.8225643907091549 1.3723657760004353 6
      vertex 0.7886371075676545 1.3921391857739385 6
    endloop
  endfacet
  facet normal -0.5245896826784676 -0.851355193105266 0
    outer loop
      vertex 0.8225643907091549 1.3723657760004353 1
      vertex 0.8559961918193555 1.3517657043995315 6
      vertex 0.8225643907091549 1.3723657760004353 6
    endloop
  endfacet
  facet normal -0.5657318107836103 -0.8245893027850273 0
    outer loop
      vertex 0.8889123728313635 1.3303513796840725 1
      vertex 0.9212931062685525 1.308135701042534 6
      vertex 0.8889123728313635 1.3303513796840725 6
    endloop
  endfacet
  facet normal -0.5857978574564394 -0.8104571982525945 0
    outer loop
      vertex 0.9212931062685525 1.308135701042534 1
      vertex 0.9531188871878934 1.285132050369032 6
      vertex 0.9212931062685525 1.308135701042534 6
    endloop
  endfacet
  facet normal -0.545324988422048 -0.838224705554837 0
    outer loop
      vertex 0.8559961918193555 1.3517657043995315 1
      vertex 0.8889123728313635 1.3303513796840725 6
      vertex 0.8559961918193555 1.3517657043995315 6
    endloop
  endfacet
  facet normal -0.6055110414043243 -0.7958369046088843 0
    outer loop
      vertex 0.9531188871878934 1.285132050369032 1
      vertex 0.984370544929003 1.2613542842025702 6
      vertex 0.9531188871878934 1.285132050369032 6
    endloop
  endfacet
  facet normal -0.6248594881423873 -0.7807372285720937 0
    outer loop
      vertex 0.984370544929003 1.2613542842025702 1
      vertex 1.015029254661833 1.2368167253803792 6
      vertex 0.984370544929003 1.2613542842025702 6
    endloop
  endfacet
  facet normal -0.9729399522055594 -0.2310581082806742 0
    outer loop
      vertex 1.5520500051112704 0.3887682878452222 1
      vertex 1.5611234080616458 0.3505619842509917 6
      vertex 1.5520500051112704 0.3887682878452222 6
    endloop
  endfacet
  facet normal -0.9669764710448518 -0.2548656596045155 0
    outer loop
      vertex 1.5420417052727038 0.4267404119598375 1
      vertex 1.5520500051112704 0.3887682878452222 6
      vertex 1.5420417052727038 0.4267404119598375 6
    endloop
  endfacet
  facet normal -0.9604305194155655 -0.2785196893850544 0
    outer loop
      vertex 1.5311045371715342 0.46445548360713973 1
      vertex 1.5420417052727038 0.4267404119598375 6
      vertex 1.5311045371715342 0.46445548360713973 6
    endloop
  endfacet
  facet normal -0.9285060804732165 -0.3713171939518352 0
    outer loop
      vertex 1.478207252018059 0.6122934917841437 1
      vertex 1.4927884781355822 0.5758320584559811 6
      vertex 1.478207252018059 0.6122934917841437 6
    endloop
  endfacet
  facet normal -0.9533060403541944 -0.30200594931922625 0
    outer loop
      vertex 1.5192450889488587 0.5018907846382265 1
      vertex 1.5311045371715342 0.46445548360713973 6
      vertex 1.5192450889488587 0.5018907846382265 6
    endloop
  endfacet
  facet normal -0.9456073253805228 -0.32531029216225826 0
    outer loop
      vertex 1.5064705042928335 0.5390237654275521 1
      vertex 1.5192450889488587 0.5018907846382265 6
      vertex 1.5064705042928335 0.5390237654275521 6
    endloop
  endfacet
  facet normal -0.9373390119125732 -0.3484186802494394 0
    outer loop
      vertex 1.4927884781355822 0.5758320584559811 1
      vertex 1.5064705042928335 0.5390237654275521 6
      vertex 1.4927884781355822 0.5758320584559811 6
    endloop
  endfacet
  facet normal -0.9999247018391445 -0.01227153828571984 0
    outer loop
      vertex 1.5995181099139268 0.03926596563665966 1
      vertex 1.6 0 6
      vertex 1.5995181099139268 0.03926596563665966 6
    endloop
  endfacet
  facet normal -0.9993223845883495 -0.036807222941357284 0
    outer loop
      vertex 1.598072729928276 0.07850827892386883 1
      vertex 1.5995181099139268 0.03926596563665966 6
      vertex 1.598072729928276 0.07850827892386883 6
    endloop
  endfacet
  facet normal -0.9981181129001491 -0.06132073630221057 0
    outer loop
      vertex 1.5956647306859044 0.11770330175946789 1
      vertex 1.598072729928276 0.07850827892386883 6
      vertex 1.5956647306859044 0.11770330175946789 6
    endloop
  endfacet
  facet normal -0.996312612182778 -0.08579731234444005 0
    outer loop
      vertex 1.592295562675515 0.15682742452729698 1
      vertex 1.5956647306859044 0.11770330175946789 6
      vertex 1.592295562675515 0.15682742452729698 6
    endloop
  endfacet
  facet normal -0.9939069700023561 -0.11022220729388378 0
    outer loop
      vertex 1.587967255357936 0.19585708031874594 1
      vertex 1.592295562675515 0.15682742452729698 6
      vertex 1.587967255357936 0.19585708031874594 6
    endloop
  endfacet
  facet normal -0.9909026354277803 -0.13458070850712447 0
    outer loop
      vertex 1.5826824159436497 0.2347687591285788 1
      vertex 1.587967255357936 0.19585708031874594 6
      vertex 1.5826824159436497 0.2347687591285788 6
    endloop
  endfacet
  facet normal -0.9873014181578583 -0.15885814333386186 0
    outer loop
      vertex 1.576444227822306 0.27353902201648195 1
      vertex 1.5826824159436497 0.2347687591285788 6
      vertex 1.576444227822306 0.27353902201648195 6
    endloop
  endfacet
  facet normal -0.9831054874312161 -0.18303988795514184 0
    outer loop
      vertex 1.5692564486451688 0.3121445152258052 1
      vertex 1.576444227822306 0.27353902201648195 6
      vertex 1.5692564486451688 0.3121445152258052 6
    endloop
  endfacet
  facet normal -0.9783173707196282 -0.20711137619221545 0
    outer loop
      vertex 1.5611234080616458 0.3505619842509917 1
      vertex 1.5692564486451688 0.3121445152258052 6
      vertex 1.5611234080616458 0.3505619842509917 6
    endloop
  endfacet
  facet normal -0.8760700941954072 -0.4821837720791215 0
    outer loop
      vertex 1.3921391857739385 0.7886371075676545 1
      vertex 1.4110740229573682 0.7542347789215963 6
      vertex 1.3921391857739385 0.7886371075676545 6
    endloop
  endfacet
  facet normal -0.8245893027850273 -0.5657318107836103 0
    outer loop
      vertex 1.308135701042534 0.9212931062685525 1
      vertex 1.3303513796840725 0.8889123728313635 6
      vertex 1.308135701042534 0.9212931062685525 6
    endloop
  endfacet
  facet normal -0.851355193105266 -0.5245896826784676 0
    outer loop
      vertex 1.3517657043995315 0.8559961918193555 1
      vertex 1.3723657760004353 0.8225643907091549 6
      vertex 1.3517657043995315 0.8559961918193555 6
    endloop
  endfacet
  facet normal -0.863972856121585 -0.5035383837257206 0
    outer loop
      vertex 1.3723657760004353 0.8225643907091549 1
      vertex 1.3921391857739385 0.7886371075676545 6
      vertex 1.3723657760004353 0.8225643907091549 6
    endloop
  endfacet
  facet normal -0.838224705554837 -0.545324988422048 0
    outer loop
      vertex 1.3303513796840725 0.8889123728313635 1
      vertex 1.3517657043995315 0.8559961918193555 6
      vertex 1.3303513796840725 0.8889123728313635 6
    endloop
  endfacet
  facet normal -0.9191138516900572 -0.39399204006104904 0
    outer loop
      vertex 1.4627356091256491 0.6483861024079838 1
      vertex 1.478207252018059 0.6122934917841437 6
      vertex 1.4627356091256491 0.6483861024079838 6
    endloop
  endfacet
  facet normal -0.9091679830905219 -0.41642956009763826 0
    outer loop
      vertex 1.4463828689975093 0.6840881494884514 1
      vertex 1.4627356091256491 0.6483861024079838 6
      vertex 1.4463828689975093 0.6840881494884514 6
    endloop
  endfacet
  facet normal -0.8986744656939556 -0.4386162385385242 0
    outer loop
      vertex 1.4291588819128247 0.7193781274473706 1
      vertex 1.4463828689975093 0.6840881494884514 6
      vertex 1.4291588819128247 0.7193781274473706 6
    endloop
  endfacet
  facet normal -0.8876396204028533 -0.46053871095824134 0
    outer loop
      vertex 1.4110740229573682 0.7542347789215963 1
      vertex 1.4291588819128247 0.7193781274473706 6
      vertex 1.4110740229573682 0.7542347789215963 6
    endloop
  endfacet
  facet normal -0.7958369046088843 -0.6055110414043243 0
    outer loop
      vertex 1.2613542842025702 0.984370544929003 1
      vertex 1.285132050369032 0.9531188871878934 6
      vertex 1.2613542842025702 0.984370544929003 6
    endloop
  endfacet
  facet normal -0.8104571982525945 -0.5857978574564394 0
    outer loop
      vertex 1.285132050369032 0.9531188871878934 1
      vertex 1.308135701042534 0.9212931062685525 6
      vertex 1.285132050369032 0.9531188871878934 6
    endloop
  endfacet
endsolid OpenSCAD_Model
