solid OpenSCAD_Model
  facet normal 0 -1 0
    outer loop
      vertex 36.42941114641673 -5 3.1076570846090137
      vertex 38.40380592228744 -5 3.9038059222874404
      vertex 35.93250829542836 -5 3.777653019333382
    endloop
  endfacet
  facet normal 0 -1 0
    outer loop
      vertex 35.93250829542836 -5 3.777653019333382
      vertex 37.59544752003346 -5 4.888793485372586
      vertex 35.50366925303898 -5 4.49312773697902
    endloop
  endfacet
  facet normal 0 -1 0
    outer loop
      vertex 35.93250829542836 -5 3.777653019333382
      vertex 37.97543205314221 -5 4.376443652936304
      vertex 37.59544752003346 -5 4.888793485372586
    endloop
  endfacet
  facet normal 0 -1 0
    outer loop
      vertex 35.50366925303898 -5 4.49312773697902
      vertex 37.26751178173569 -5 5.435921210631015
      vertex 35.147023973654065 -5 5.247190824896737
    endloop
  endfacet
  facet normal 0 -1 0
    outer loop
      vertex 35.50366925303898 -5 4.49312773697902
      vertex 37.59544752003346 -5 4.888793485372586
      vertex 37.26751178173569 -5 5.435921210631015
    endloop
  endfacet
  facet normal 0 -1 0
    outer loop
      vertex 35.147023973654065 -5 5.247190824896737
      vertex 36.779887817740644 -5 6.613149597845995
      vertex 34.866007146276225 -5 6.032580243337071
    endloop
  endfacet
  facet normal 0 -1 0
    outer loop
      vertex 35.147023973654065 -5 5.247190824896737
      vertex 37.26751178173569 -5 5.435921210631015
      vertex 36.99478303867664 -5 6.012557689626917
    endloop
  endfacet
  facet normal 0 -1 0
    outer loop
      vertex 35.147023973654065 -5 5.247190824896737
      vertex 36.99478303867664 -5 6.012557689626917
      vertex 36.779887817740644 -5 6.613149597845995
    endloop
  endfacet
  facet normal 0 -1 0
    outer loop
      vertex 34.866007146276225 -5 6.032580243337071
      vertex 36.624895677379 -5 7.231912906895166
      vertex 34.66332511657254 -5 6.84173226286291
    endloop
  endfacet
  facet normal 0 -1 0
    outer loop
      vertex 34.866007146276225 -5 6.032580243337071
      vertex 36.779887817740644 -5 6.613149597845995
      vertex 36.624895677379 -5 7.231912906895166
    endloop
  endfacet
  facet normal 0 -1 0
    outer loop
      vertex 34.66332511657254 -5 6.84173226286291
      vertex 36.53129927663072 -5 7.8628885878578565
      vertex 34.540929823286326 -5 7.666854307198735
    endloop
  endfacet
  facet normal 0 -1 0
    outer loop
      vertex 34.66332511657254 -5 6.84173226286291
      vertex 36.624895677379 -5 7.231912906895166
      vertex 36.53129927663072 -5 7.8628885878578565
    endloop
  endfacet
  facet normal 0 -1 0
    outer loop
      vertex 34.540929823286326 -5 7.666854307198735
      vertex 36.53129927663072 -5 7.8628885878578565
      vertex 36.5 -5 8.5
    endloop
  endfacet
  facet normal -0.6715589548470166 0 -0.7409511253549608
    outer loop
      vertex 36.98959235991435 -5 2.4895923599143455
      vertex 37.52977428649794 15 2
      vertex 37.52977428649794 -5 2
    endloop
  endfacet
  facet normal -0.7409511253549572 0 -0.6715589548470204
    outer loop
      vertex 36.98959235991435 -5 2.4895923599143455
      vertex 36.42941114641673 -5 3.1076570846090137
      vertex 36.42941114641673 15 3.1076570846090137
    endloop
  endfacet
  facet normal -0.8032075314806453 0 -0.5956993044924328
    outer loop
      vertex 36.42941114641673 -5 3.1076570846090137
      vertex 35.93250829542836 -5 3.777653019333382
      vertex 35.93250829542836 15 3.777653019333382
    endloop
  endfacet
  facet normal -0.903989293123446 0 -0.4275550934302762
    outer loop
      vertex 35.50366925303898 -5 4.49312773697902
      vertex 35.147023973654065 -5 5.247190824896737
      vertex 35.147023973654065 15 5.247190824896737
    endloop
  endfacet
  facet normal -0.8577286100002713 0 -0.5141027441932231
    outer loop
      vertex 35.93250829542836 -5 3.777653019333382
      vertex 35.50366925303898 -5 4.49312773697902
      vertex 35.50366925303898 15 4.49312773697902
    endloop
  endfacet
  facet normal -0.9415440651830199 0 -0.33688985339222227
    outer loop
      vertex 35.147023973654065 -5 5.247190824896737
      vertex 34.866007146276225 -5 6.032580243337071
      vertex 34.866007146276225 15 6.032580243337071
    endloop
  endfacet
  facet normal -0.9700312531945426 0 -0.242980179903269
    outer loop
      vertex 34.866007146276225 -5 6.032580243337071
      vertex 34.66332511657254 -5 6.84173226286291
      vertex 34.66332511657254 15 6.84173226286291
    endloop
  endfacet
  facet normal -0.9891765099647817 0 -0.14673047445535675
    outer loop
      vertex 34.66332511657254 -5 6.84173226286291
      vertex 34.540929823286326 -5 7.666854307198735
      vertex 34.540929823286326 15 7.666854307198735
    endloop
  endfacet
  facet normal 0 -1 0
    outer loop
      vertex 43 -5 0
      vertex 43.83314569280127 -5 0.04092982328632644
      vertex 44.65826773713709 -5 0.16332511657254045
    endloop
  endfacet
  facet normal 0 -1 0
    outer loop
      vertex 43 -5 0
      vertex 44.65826773713709 -5 0.16332511657254045
      vertex 45.46741975666293 -5 0.36600714627622466
    endloop
  endfacet
  facet normal 0 -1 0
    outer loop
      vertex 37.52977428649794 -5 2
      vertex 43 -5 2
      vertex 42.36288858785785 -5 2.03129927663072
    endloop
  endfacet
  facet normal 0 -1 0
    outer loop
      vertex 36.98959235991435 -5 2.4895923599143455
      vertex 37.52977428649794 -5 2
      vertex 40.51255768962692 -5 2.494783038676636
    endloop
  endfacet
  facet normal 0 -1 0
    outer loop
      vertex 36.98959235991435 -5 2.4895923599143455
      vertex 38.8764436529363 -5 3.4754320531422094
      vertex 36.42941114641673 -5 3.1076570846090137
    endloop
  endfacet
  facet normal 0 -1 0
    outer loop
      vertex 36.98959235991435 -5 2.4895923599143455
      vertex 39.935921210631015 -5 2.767511781735692
      vertex 39.38879348537259 -5 3.0954475200334564
    endloop
  endfacet
  facet normal 0 -1 0
    outer loop
      vertex 36.98959235991435 -5 2.4895923599143455
      vertex 39.38879348537259 -5 3.0954475200334564
      vertex 38.8764436529363 -5 3.4754320531422094
    endloop
  endfacet
  facet normal 0 -1 0
    outer loop
      vertex 37.52977428649794 -5 2
      vertex 41.113149597846 -5 2.2798878177406428
      vertex 40.51255768962692 -5 2.494783038676636
    endloop
  endfacet
  facet normal 0 -1 0
    outer loop
      vertex 37.52977428649794 -5 2
      vertex 41.73191290689517 -5 2.124895677379002
      vertex 41.113149597846 -5 2.2798878177406428
    endloop
  endfacet
  facet normal 0 -1 0
    outer loop
      vertex 37.52977428649794 -5 2
      vertex 42.36288858785785 -5 2.03129927663072
      vertex 41.73191290689517 -5 2.124895677379002
    endloop
  endfacet
  facet normal 0 -1 0
    outer loop
      vertex 36.98959235991435 -5 2.4895923599143455
      vertex 40.51255768962692 -5 2.494783038676636
      vertex 39.935921210631015 -5 2.767511781735692
    endloop
  endfacet
  facet normal 0 -1 0
    outer loop
      vertex 36.42941114641673 -5 3.1076570846090137
      vertex 38.8764436529363 -5 3.4754320531422094
      vertex 38.40380592228744 -5 3.9038059222874404
    endloop
  endfacet
  facet normal 0 -1 0
    outer loop
      vertex 35.93250829542836 -5 3.777653019333382
      vertex 38.40380592228744 -5 3.9038059222874404
      vertex 37.97543205314221 -5 4.376443652936304
    endloop
  endfacet
  facet normal 0 -1 0
    outer loop
      vertex 43 -5 0
      vertex 45.46741975666293 -5 0.36600714627622466
      vertex 46.252809175103266 -5 0.6470239736540631
    endloop
  endfacet
  facet normal 0 -1 0
    outer loop
      vertex 43 -5 0
      vertex 46.252809175103266 -5 0.6470239736540631
      vertex 47.00687226302098 -5 1.0036692530389821
    endloop
  endfacet
  facet normal 0 -1 0
    outer loop
      vertex 43 -5 0
      vertex 47.00687226302098 -5 1.0036692530389821
      vertex 47.722346980666615 -5 1.4325082954283657
    endloop
  endfacet
  facet normal 0 -1 0
    outer loop
      vertex 43 -5 0
      vertex 48.392342915390984 -5 1.9294111464167356
      vertex 43 -5 2
    endloop
  endfacet
  facet normal 0 -1 0
    outer loop
      vertex 43 -5 2
      vertex 48.392342915390984 -5 1.9294111464167356
      vertex 43.63711141214215 -5 2.03129927663072
    endloop
  endfacet
  facet normal 0 -1 0
    outer loop
      vertex 43.63711141214215 -5 2.03129927663072
      vertex 48.392342915390984 -5 1.9294111464167356
      vertex 44.26808709310483 -5 2.124895677379002
    endloop
  endfacet
  facet normal 0 -1 0
    outer loop
      vertex 43 -5 0
      vertex 47.722346980666615 -5 1.4325082954283657
      vertex 48.392342915390984 -5 1.9294111464167356
    endloop
  endfacet
  facet normal 0 -1 0
    outer loop
      vertex 44.26808709310483 -5 2.124895677379002
      vertex 48.392342915390984 -5 1.9294111464167356
      vertex 44.886850402154 -5 2.2798878177406428
    endloop
  endfacet
  facet normal 0 -1 0
    outer loop
      vertex 44.886850402154 -5 2.2798878177406428
      vertex 49.01040764008565 -5 2.4895923599143455
      vertex 45.48744231037308 -5 2.494783038676636
    endloop
  endfacet
  facet normal 0 -1 0
    outer loop
      vertex 48.392342915390984 -5 1.9294111464167356
      vertex 49.01040764008565 -5 2.4895923599143455
      vertex 44.886850402154 -5 2.2798878177406428
    endloop
  endfacet
  facet normal 0 -1 0
    outer loop
      vertex 45.48744231037308 -5 2.494783038676636
      vertex 49.01040764008565 -5 2.4895923599143455
      vertex 46.064078789368985 -5 2.767511781735692
    endloop
  endfacet
  facet normal 0 -1 0
    outer loop
      vertex 46.064078789368985 -5 2.767511781735692
      vertex 49.57058885358327 -5 3.1076570846090137
      vertex 46.61120651462741 -5 3.0954475200334564
    endloop
  endfacet
  facet normal 0 -1 0
    outer loop
      vertex 46.61120651462741 -5 3.0954475200334564
      vertex 49.57058885358327 -5 3.1076570846090137
      vertex 47.1235563470637 -5 3.4754320531422094
    endloop
  endfacet
  facet normal 0 -1 0
    outer loop
      vertex 46.064078789368985 -5 2.767511781735692
      vertex 49.01040764008565 -5 2.4895923599143455
      vertex 49.57058885358327 -5 3.1076570846090137
    endloop
  endfacet
  facet normal 0 -1 0
    outer loop
      vertex 47.1235563470637 -5 3.4754320531422094
      vertex 49.57058885358327 -5 3.1076570846090137
      vertex 50.06749170457164 -5 3.777653019333382
    endloop
  endfacet
  facet normal 0 -1 0
    outer loop
      vertex 47.1235563470637 -5 3.4754320531422094
      vertex 50.06749170457164 -5 3.777653019333382
      vertex 47.59619407771256 -5 3.9038059222874404
    endloop
  endfacet
  facet normal 0 -1 0
    outer loop
      vertex 47.59619407771256 -5 3.9038059222874404
      vertex 50.06749170457164 -5 3.777653019333382
      vertex 50.49633074696102 -5 4.49312773697902
    endloop
  endfacet
  facet normal 0 -1 0
    outer loop
      vertex 47.59619407771256 -5 3.9038059222874404
      vertex 50.49633074696102 -5 4.49312773697902
      vertex 48.02456794685779 -5 4.376443652936304
    endloop
  endfacet
  facet normal 0 -1 0
    outer loop
      vertex 48.02456794685779 -5 4.376443652936304
      vertex 50.49633074696102 -5 4.49312773697902
      vertex 48.40455247996654 -5 4.888793485372586
    endloop
  endfacet
  facet normal 0 -1 0
    outer loop
      vertex 48.40455247996654 -5 4.888793485372586
      vertex 50.49633074696102 -5 4.49312773697902
      vertex 50.852976026345935 -5 5.247190824896737
    endloop
  endfacet
  facet normal 0 -1 0
    outer loop
      vertex 48.40455247996654 -5 4.888793485372586
      vertex 50.852976026345935 -5 5.247190824896737
      vertex 48.73248821826431 -5 5.435921210631015
    endloop
  endfacet
  facet normal 0 -1 0
    outer loop
      vertex 48.73248821826431 -5 5.435921210631015
      vertex 51.133992853723775 -5 6.032580243337071
      vertex 49.00521696132336 -5 6.012557689626917
    endloop
  endfacet
  facet normal 0 -1 0
    outer loop
      vertex 48.73248821826431 -5 5.435921210631015
      vertex 50.852976026345935 -5 5.247190824896737
      vertex 51.133992853723775 -5 6.032580243337071
    endloop
  endfacet
  facet normal 0 -1 0
    outer loop
      vertex 49.00521696132336 -5 6.012557689626917
      vertex 51.133992853723775 -5 6.032580243337071
      vertex 49.220112182259356 -5 6.613149597845995
    endloop
  endfacet
  facet normal 0 -1 0
    outer loop
      vertex 51.133992853723775 -5 6.032580243337071
      vertex 51.33667488342746 -5 6.84173226286291
      vertex 49.220112182259356 -5 6.613149597845995
    endloop
  endfacet
  facet normal 0 -1 0
    outer loop
      vertex 49.220112182259356 -5 6.613149597845995
      vertex 51.33667488342746 -5 6.84173226286291
      vertex 49.375104322621 -5 7.231912906895166
    endloop
  endfacet
  facet normal 0 -1 0
    outer loop
      vertex 49.375104322621 -5 7.231912906895166
      vertex 51.459070176713674 -5 7.666854307198735
      vertex 49.46870072336928 -5 7.8628885878578565
    endloop
  endfacet
  facet normal 0 -1 0
    outer loop
      vertex 51.33667488342746 -5 6.84173226286291
      vertex 51.459070176713674 -5 7.666854307198735
      vertex 49.375104322621 -5 7.231912906895166
    endloop
  endfacet
  facet normal 0 -1 0
    outer loop
      vertex 49.46870072336928 -5 7.8628885878578565
      vertex 51.459070176713674 -5 7.666854307198735
      vertex 51.5 -5 8.5
    endloop
  endfacet
  facet normal 0.04906767432741787 0 -0.9987954562051724
    outer loop
      vertex 43 -5 0
      vertex 43.83314569280127 15 0.04092982328632644
      vertex 43.83314569280127 -5 0.04092982328632644
    endloop
  endfacet
  facet normal 0.1467304744553617 0 -0.9891765099647809
    outer loop
      vertex 43.83314569280127 -5 0.04092982328632644
      vertex 44.65826773713709 15 0.16332511657254045
      vertex 44.65826773713709 -5 0.16332511657254045
    endloop
  endfacet
  facet normal 0.24298017990326473 0 -0.9700312531945436
    outer loop
      vertex 44.65826773713709 -5 0.16332511657254045
      vertex 45.46741975666293 15 0.36600714627622466
      vertex 45.46741975666293 -5 0.36600714627622466
    endloop
  endfacet
  facet normal 0.33688985339221833 0 -0.9415440651830214
    outer loop
      vertex 45.46741975666293 -5 0.36600714627622466
      vertex 46.252809175103266 15 0.6470239736540631
      vertex 46.252809175103266 -5 0.6470239736540631
    endloop
  endfacet
  facet normal 0.4275550934302827 0 -0.903989293123443
    outer loop
      vertex 46.252809175103266 -5 0.6470239736540631
      vertex 47.00687226302098 15 1.0036692530389821
      vertex 47.00687226302098 -5 1.0036692530389821
    endloop
  endfacet
  facet normal 0.5141027441932245 0 -0.8577286100002702
    outer loop
      vertex 47.00687226302098 -5 1.0036692530389821
      vertex 47.722346980666615 15 1.4325082954283657
      vertex 47.722346980666615 -5 1.4325082954283657
    endloop
  endfacet
  facet normal 0.5956993044924322 0 -0.8032075314806456
    outer loop
      vertex 47.722346980666615 -5 1.4325082954283657
      vertex 48.392342915390984 15 1.9294111464167356
      vertex 48.392342915390984 -5 1.9294111464167356
    endloop
  endfacet
  facet normal 0.671558954847017 0 -0.7409511253549603
    outer loop
      vertex 48.392342915390984 -5 1.9294111464167356
      vertex 49.01040764008565 15 2.4895923599143455
      vertex 49.01040764008565 -5 2.4895923599143455
    endloop
  endfacet
  facet normal 0.7409511253549572 0 -0.6715589548470204
    outer loop
      vertex 49.01040764008565 -5 2.4895923599143455
      vertex 49.01040764008565 15 2.4895923599143455
      vertex 49.57058885358327 -5 3.1076570846090137
    endloop
  endfacet
  facet normal 0.8032075314806453 0 -0.5956993044924328
    outer loop
      vertex 49.57058885358327 -5 3.1076570846090137
      vertex 49.57058885358327 15 3.1076570846090137
      vertex 50.06749170457164 -5 3.777653019333382
    endloop
  endfacet
  facet normal 0.8577286100002713 0 -0.5141027441932231
    outer loop
      vertex 50.06749170457164 -5 3.777653019333382
      vertex 50.06749170457164 15 3.777653019333382
      vertex 50.49633074696102 -5 4.49312773697902
    endloop
  endfacet
  facet normal 0.903989293123446 0 -0.4275550934302762
    outer loop
      vertex 50.49633074696102 -5 4.49312773697902
      vertex 50.49633074696102 15 4.49312773697902
      vertex 50.852976026345935 -5 5.247190824896737
    endloop
  endfacet
  facet normal 0.9415440651830199 0 -0.33688985339222227
    outer loop
      vertex 50.852976026345935 -5 5.247190824896737
      vertex 50.852976026345935 15 5.247190824896737
      vertex 51.133992853723775 -5 6.032580243337071
    endloop
  endfacet
  facet normal 0.9700312531945426 0 -0.242980179903269
    outer loop
      vertex 51.133992853723775 -5 6.032580243337071
      vertex 51.133992853723775 15 6.032580243337071
      vertex 51.33667488342746 -5 6.84173226286291
    endloop
  endfacet
  facet normal 0.9891765099647817 0 -0.14673047445535675
    outer loop
      vertex 51.33667488342746 -5 6.84173226286291
      vertex 51.33667488342746 15 6.84173226286291
      vertex 51.459070176713674 -5 7.666854307198735
    endloop
  endfacet
  facet normal 0.9987954562051724 0 -0.04906767432741797
    outer loop
      vertex 51.459070176713674 -5 7.666854307198735
      vertex 51.459070176713674 15 7.666854307198735
      vertex 51.5 -5 8.5
    endloop
  endfacet
  facet normal 0 -1 0
    outer loop
      vertex 34.540929823286326 -5 7.666854307198735
      vertex 36.5 -5 8.5
      vertex 34.5 -5 8.5
    endloop
  endfacet
  facet normal 0 -1 0
    outer loop
      vertex 34.5 -5 8.5
      vertex 36.53129927663072 -5 9.137111412142144
      vertex 34.540929823286326 -5 9.333145692801265
    endloop
  endfacet
  facet normal 0 -1 0
    outer loop
      vertex 34.5 -5 8.5
      vertex 36.5 -5 8.5
      vertex 36.53129927663072 -5 9.137111412142144
    endloop
  endfacet
  facet normal 0 -1 0
    outer loop
      vertex 34.540929823286326 -5 9.333145692801265
      vertex 36.624895677379 -5 9.768087093104834
      vertex 34.66332511657254 -5 10.15826773713709
    endloop
  endfacet
  facet normal 0 -1 0
    outer loop
      vertex 34.540929823286326 -5 9.333145692801265
      vertex 36.53129927663072 -5 9.137111412142144
      vertex 36.624895677379 -5 9.768087093104834
    endloop
  endfacet
  facet normal 0 -1 0
    outer loop
      vertex 36.624895677379 -5 9.768087093104834
      vertex 36.779887817740644 -5 10.386850402154005
      vertex 34.66332511657254 -5 10.15826773713709
    endloop
  endfacet
  facet normal 0 -1 0
    outer loop
      vertex 34.66332511657254 -5 10.15826773713709
      vertex 36.779887817740644 -5 10.386850402154005
      vertex 34.866007146276225 -5 10.96741975666293
    endloop
  endfacet
  facet normal 0 -1 0
    outer loop
      vertex 34.866007146276225 -5 10.96741975666293
      vertex 36.779887817740644 -5 10.386850402154005
      vertex 36.99478303867664 -5 10.987442310373083
    endloop
  endfacet
  facet normal 0 -1 0
    outer loop
      vertex 34.866007146276225 -5 10.96741975666293
      vertex 36.99478303867664 -5 10.987442310373083
      vertex 37.26751178173569 -5 11.564078789368985
    endloop
  endfacet
  facet normal 0 -1 0
    outer loop
      vertex 34.866007146276225 -5 10.96741975666293
      vertex 37.26751178173569 -5 11.564078789368985
      vertex 35.147023973654065 -5 11.752809175103263
    endloop
  endfacet
  facet normal 0 -1 0
    outer loop
      vertex 35.147023973654065 -5 11.752809175103263
      vertex 37.59544752003346 -5 12.111206514627414
      vertex 35.50366925303898 -5 12.50687226302098
    endloop
  endfacet
  facet normal 0 -1 0
    outer loop
      vertex 35.147023973654065 -5 11.752809175103263
      vertex 37.26751178173569 -5 11.564078789368985
      vertex 37.59544752003346 -5 12.111206514627414
    endloop
  endfacet
  facet normal 0 -1 0
    outer loop
      vertex 35.50366925303898 -5 12.50687226302098
      vertex 37.59544752003346 -5 12.111206514627414
      vertex 37.97543205314221 -5 12.623556347063696
    endloop
  endfacet
  facet normal 0 -1 0
    outer loop
      vertex 35.50366925303898 -5 12.50687226302098
      vertex 37.97543205314221 -5 12.623556347063696
      vertex 38.40380592228744 -5 13.09619407771256
    endloop
  endfacet
  facet normal 0 -1 0
    outer loop
      vertex 35.50366925303898 -5 12.50687226302098
      vertex 38.40380592228744 -5 13.09619407771256
      vertex 35.93250829542836 -5 13.222346980666618
    endloop
  endfacet
  facet normal 0 -1 0
    outer loop
      vertex 35.93250829542836 -5 13.222346980666618
      vertex 38.8764436529363 -5 13.52456794685779
      vertex 36.42941114641673 -5 13.892342915390987
    endloop
  endfacet
  facet normal -0.9987954562051724 0 -0.04906767432741797
    outer loop
      vertex 34.540929823286326 -5 7.666854307198735
      vertex 34.5 -5 8.5
      vertex 34.5 15 8.5
    endloop
  endfacet
  facet normal -0.9987954562051724 0 0.04906767432741797
    outer loop
      vertex 34.5 -5 8.5
      vertex 34.540929823286326 -5 9.333145692801265
      vertex 34.540929823286326 15 9.333145692801265
    endloop
  endfacet
  facet normal -0.9891765099647816 0 0.14673047445535692
    outer loop
      vertex 34.540929823286326 -5 9.333145692801265
      vertex 34.66332511657254 -5 10.15826773713709
      vertex 34.66332511657254 15 10.15826773713709
    endloop
  endfacet
  facet normal -0.9700312531945429 0 0.24298017990326878
    outer loop
      vertex 34.66332511657254 -5 10.15826773713709
      vertex 34.866007146276225 -5 10.96741975666293
      vertex 34.866007146276225 15 10.96741975666293
    endloop
  endfacet
  facet normal -0.9415440651830199 0 0.33688985339222227
    outer loop
      vertex 34.866007146276225 -5 10.96741975666293
      vertex 35.147023973654065 -5 11.752809175103263
      vertex 35.147023973654065 15 11.752809175103263
    endloop
  endfacet
  facet normal -0.9039892931234462 0 0.4275550934302758
    outer loop
      vertex 35.147023973654065 -5 11.752809175103263
      vertex 35.50366925303898 -5 12.50687226302098
      vertex 35.50366925303898 15 12.50687226302098
    endloop
  endfacet
  facet normal -0.857728610000271 0 0.5141027441932234
    outer loop
      vertex 35.50366925303898 -5 12.50687226302098
      vertex 35.93250829542836 -5 13.222346980666618
      vertex 35.93250829542836 15 13.222346980666618
    endloop
  endfacet
  facet normal -0.8032075314806456 0 0.5956993044924322
    outer loop
      vertex 35.93250829542836 -5 13.222346980666618
      vertex 36.42941114641673 -5 13.892342915390987
      vertex 36.42941114641673 15 13.892342915390987
    endloop
  endfacet
  facet normal -0.7409511253549568 0 0.671558954847021
    outer loop
      vertex 36.42941114641673 -5 13.892342915390987
      vertex 36.98959235991435 -5 14.510407640085655
      vertex 36.98959235991435 15 14.510407640085655
    endloop
  endfacet
  facet normal -0.6715589548470166 0 0.7409511253549609
    outer loop
      vertex 36.98959235991435 -5 14.510407640085655
      vertex 37.607657084609016 -5 15.070588853583264
      vertex 36.98959235991435 15 14.510407640085655
    endloop
  endfacet
  facet normal 0 -1 0
    outer loop
      vertex 49.46870072336928 -5 7.8628885878578565
      vertex 51.5 -5 8.5
      vertex 49.5 -5 8.5
    endloop
  endfacet
  facet normal 0 -1 0
    outer loop
      vertex 49.5 -5 8.5
      vertex 51.459070176713674 -5 9.333145692801265
      vertex 49.46870072336928 -5 9.137111412142144
    endloop
  endfacet
  facet normal 0 -1 0
    outer loop
      vertex 49.5 -5 8.5
      vertex 51.5 -5 8.5
      vertex 51.459070176713674 -5 9.333145692801265
    endloop
  endfacet
  facet normal 0 -1 0
    outer loop
      vertex 49.46870072336928 -5 9.137111412142144
      vertex 51.459070176713674 -5 9.333145692801265
      vertex 51.33667488342746 -5 10.15826773713709
    endloop
  endfacet
  facet normal 0 -1 0
    outer loop
      vertex 49.46870072336928 -5 9.137111412142144
      vertex 51.33667488342746 -5 10.15826773713709
      vertex 49.375104322621 -5 9.768087093104834
    endloop
  endfacet
  facet normal 0 -1 0
    outer loop
      vertex 49.220112182259356 -5 10.386850402154005
      vertex 50.852976026345935 -5 11.752809175103263
      vertex 49.00521696132336 -5 10.987442310373083
    endloop
  endfacet
  facet normal 0 -1 0
    outer loop
      vertex 49.375104322621 -5 9.768087093104834
      vertex 51.133992853723775 -5 10.96741975666293
      vertex 49.220112182259356 -5 10.386850402154005
    endloop
  endfacet
  facet normal 0 -1 0
    outer loop
      vertex 49.375104322621 -5 9.768087093104834
      vertex 51.33667488342746 -5 10.15826773713709
      vertex 51.133992853723775 -5 10.96741975666293
    endloop
  endfacet
  facet normal 0 -1 0
    outer loop
      vertex 49.220112182259356 -5 10.386850402154005
      vertex 51.133992853723775 -5 10.96741975666293
      vertex 50.852976026345935 -5 11.752809175103263
    endloop
  endfacet
  facet normal 0 -1 0
    outer loop
      vertex 49.00521696132336 -5 10.987442310373083
      vertex 50.852976026345935 -5 11.752809175103263
      vertex 48.73248821826431 -5 11.564078789368985
    endloop
  endfacet
  facet normal 0 -1 0
    outer loop
      vertex 48.73248821826431 -5 11.564078789368985
      vertex 50.49633074696102 -5 12.50687226302098
      vertex 48.40455247996654 -5 12.111206514627414
    endloop
  endfacet
  facet normal 0 -1 0
    outer loop
      vertex 48.73248821826431 -5 11.564078789368985
      vertex 50.852976026345935 -5 11.752809175103263
      vertex 50.49633074696102 -5 12.50687226302098
    endloop
  endfacet
  facet normal 0 -1 0
    outer loop
      vertex 35.93250829542836 -5 13.222346980666618
      vertex 38.40380592228744 -5 13.09619407771256
      vertex 38.8764436529363 -5 13.52456794685779
    endloop
  endfacet
  facet normal 0 -1 0
    outer loop
      vertex 36.42941114641673 -5 13.892342915390987
      vertex 38.8764436529363 -5 13.52456794685779
      vertex 39.38879348537259 -5 13.904552479966544
    endloop
  endfacet
  facet normal 0 -1 0
    outer loop
      vertex 36.42941114641673 -5 13.892342915390987
      vertex 39.38879348537259 -5 13.904552479966544
      vertex 39.5 -5 13.971207099709378
    endloop
  endfacet
  facet normal 0 -1 0
    outer loop
      vertex 36.42941114641673 -5 13.892342915390987
      vertex 39.5 -5 13.971207099709378
      vertex 39.5 -5 16.23606347324626
    endloop
  endfacet
  facet normal 0 -1 0
    outer loop
      vertex 36.42941114641673 -5 13.892342915390987
      vertex 39.5 -5 16.23606347324626
      vertex 36.98959235991435 -5 14.510407640085655
    endloop
  endfacet
  facet normal 0 -1 0
    outer loop
      vertex 36.98959235991435 -5 14.510407640085655
      vertex 39.5 -5 16.23606347324626
      vertex 37.607657084609016 -5 15.070588853583264
    endloop
  endfacet
  facet normal 0 -1 0
    outer loop
      vertex 37.607657084609016 -5 15.070588853583264
      vertex 39.5 -5 16.23606347324626
      vertex 38.277653019333385 -5 15.567491704571633
    endloop
  endfacet
  facet normal 0 -1 0
    outer loop
      vertex 38.277653019333385 -5 15.567491704571633
      vertex 39.5 -5 16.23606347324626
      vertex 38.99312773697902 -5 15.996330746961018
    endloop
  endfacet
  facet normal 0 -1 0
    outer loop
      vertex 46.61120651462741 -5 13.904552479966544
      vertex 49.01040764008565 -5 14.510407640085655
      vertex 46.5 -5 13.971207099709378
    endloop
  endfacet
  facet normal 0 -1 0
    outer loop
      vertex 47.1235563470637 -5 13.52456794685779
      vertex 49.01040764008565 -5 14.510407640085655
      vertex 46.61120651462741 -5 13.904552479966544
    endloop
  endfacet
  facet normal 0 -1 0
    outer loop
      vertex 48.40455247996654 -5 12.111206514627414
      vertex 50.06749170457164 -5 13.222346980666618
      vertex 48.02456794685779 -5 12.623556347063696
    endloop
  endfacet
  facet normal 0 -1 0
    outer loop
      vertex 48.40455247996654 -5 12.111206514627414
      vertex 50.49633074696102 -5 12.50687226302098
      vertex 50.06749170457164 -5 13.222346980666618
    endloop
  endfacet
  facet normal 0 -1 0
    outer loop
      vertex 47.59619407771256 -5 13.09619407771256
      vertex 48.02456794685779 -5 12.623556347063696
      vertex 50.06749170457164 -5 13.222346980666618
    endloop
  endfacet
  facet normal 0 -1 0
    outer loop
      vertex 47.59619407771256 -5 13.09619407771256
      vertex 49.57058885358327 -5 13.892342915390987
      vertex 47.1235563470637 -5 13.52456794685779
    endloop
  endfacet
  facet normal 0 -1 0
    outer loop
      vertex 47.59619407771256 -5 13.09619407771256
      vertex 50.06749170457164 -5 13.222346980666618
      vertex 49.57058885358327 -5 13.892342915390987
    endloop
  endfacet
  facet normal 0 -1 0
    outer loop
      vertex 47.1235563470637 -5 13.52456794685779
      vertex 49.57058885358327 -5 13.892342915390987
      vertex 49.01040764008565 -5 14.510407640085655
    endloop
  endfacet
  facet normal 0 -1 0
    outer loop
      vertex 46.5 -5 13.971207099709378
      vertex 49.01040764008565 -5 14.510407640085655
      vertex 48.392342915390984 -5 15.070588853583264
    endloop
  endfacet
  facet normal 0 -1 0
    outer loop
      vertex 46.5 -5 13.971207099709378
      vertex 47.722346980666615 -5 15.567491704571633
      vertex 47.00687226302098 -5 15.996330746961018
    endloop
  endfacet
  facet normal 0 -1 0
    outer loop
      vertex 46.5 -5 13.971207099709378
      vertex 48.392342915390984 -5 15.070588853583264
      vertex 47.722346980666615 -5 15.567491704571633
    endloop
  endfacet
  facet normal 0 -1 0
    outer loop
      vertex 46.5 -5 13.971207099709378
      vertex 47.00687226302098 -5 15.996330746961018
      vertex 46.5 -5 16.23606347324626
    endloop
  endfacet
  facet normal 0.9987954562051724 0 0.04906767432741797
    outer loop
      vertex 51.5 -5 8.5
      vertex 51.5 15 8.5
      vertex 51.459070176713674 -5 9.333145692801265
    endloop
  endfacet
  facet normal 0.9891765099647816 0 0.14673047445535692
    outer loop
      vertex 51.459070176713674 -5 9.333145692801265
      vertex 51.459070176713674 15 9.333145692801265
      vertex 51.33667488342746 -5 10.15826773713709
    endloop
  endfacet
  facet normal 0.9700312531945429 0 0.24298017990326878
    outer loop
      vertex 51.33667488342746 -5 10.15826773713709
      vertex 51.33667488342746 15 10.15826773713709
      vertex 51.133992853723775 -5 10.96741975666293
    endloop
  endfacet
  facet normal 0.9415440651830199 0 0.33688985339222227
    outer loop
      vertex 51.133992853723775 -5 10.96741975666293
      vertex 51.133992853723775 15 10.96741975666293
      vertex 50.852976026345935 -5 11.752809175103263
    endloop
  endfacet
  facet normal 0.9039892931234462 0 0.4275550934302758
    outer loop
      vertex 50.852976026345935 -5 11.752809175103263
      vertex 50.852976026345935 15 11.752809175103263
      vertex 50.49633074696102 -5 12.50687226302098
    endloop
  endfacet
  facet normal -0.5956993044924322 0 0.8032075314806456
    outer loop
      vertex 37.607657084609016 -5 15.070588853583264
      vertex 38.277653019333385 -5 15.567491704571633
      vertex 37.607657084609016 15 15.070588853583264
    endloop
  endfacet
  facet normal -0.5141027441932253 0 0.8577286100002699
    outer loop
      vertex 38.277653019333385 -5 15.567491704571633
      vertex 38.99312773697902 -5 15.996330746961018
      vertex 38.277653019333385 15 15.567491704571633
    endloop
  endfacet
  facet normal -0.4275550934302811 0 0.9039892931234438
    outer loop
      vertex 38.99312773697902 -5 15.996330746961018
      vertex 39.5 -5 16.23606347324626
      vertex 39.5 15 16.23606347324626
    endloop
  endfacet
  facet normal 0.857728610000271 0 0.5141027441932234
    outer loop
      vertex 50.49633074696102 -5 12.50687226302098
      vertex 50.49633074696102 15 12.50687226302098
      vertex 50.06749170457164 -5 13.222346980666618
    endloop
  endfacet
  facet normal 0.7409511253549568 0 0.671558954847021
    outer loop
      vertex 49.57058885358327 -5 13.892342915390987
      vertex 49.57058885358327 15 13.892342915390987
      vertex 49.01040764008565 -5 14.510407640085655
    endloop
  endfacet
  facet normal 0.8032075314806456 0 0.5956993044924322
    outer loop
      vertex 49.57058885358327 -5 13.892342915390987
      vertex 50.06749170457164 -5 13.222346980666618
      vertex 50.06749170457164 15 13.222346980666618
    endloop
  endfacet
  facet normal 0.5956993044924322 0 0.8032075314806456
    outer loop
      vertex 47.722346980666615 -5 15.567491704571633
      vertex 48.392342915390984 -5 15.070588853583264
      vertex 47.722346980666615 15 15.567491704571633
    endloop
  endfacet
  facet normal 0.4275550934302811 0 0.9039892931234438
    outer loop
      vertex 46.5 -5 16.23606347324626
      vertex 47.00687226302098 -5 15.996330746961018
      vertex 47.00687226302098 15 15.996330746961018
    endloop
  endfacet
  facet normal 0.5141027441932253 0 0.8577286100002699
    outer loop
      vertex 47.722346980666615 -5 15.567491704571633
      vertex 47.00687226302098 15 15.996330746961018
      vertex 47.00687226302098 -5 15.996330746961018
    endloop
  endfacet
  facet normal 0.6715589548470166 0 0.7409511253549609
    outer loop
      vertex 49.01040764008565 -5 14.510407640085655
      vertex 48.392342915390984 15 15.070588853583264
      vertex 48.392342915390984 -5 15.070588853583264
    endloop
  endfacet
  facet normal -0.6715589548470166 0 -0.7409511253549608
    outer loop
      vertex 36.98959235991435 -5 2.4895923599143455
      vertex 36.98959235991435 15 2.4895923599143455
      vertex 37.52977428649794 15 2
    endloop
  endfacet
  facet normal -0.7409511253549572 0 -0.6715589548470204
    outer loop
      vertex 36.98959235991435 -5 2.4895923599143455
      vertex 36.42941114641673 15 3.1076570846090137
      vertex 36.98959235991435 15 2.4895923599143455
    endloop
  endfacet
  facet normal -0.8032075314806453 0 -0.5956993044924328
    outer loop
      vertex 36.42941114641673 -5 3.1076570846090137
      vertex 35.93250829542836 15 3.777653019333382
      vertex 36.42941114641673 15 3.1076570846090137
    endloop
  endfacet
  facet normal -0.8577286100002713 0 -0.5141027441932231
    outer loop
      vertex 35.93250829542836 -5 3.777653019333382
      vertex 35.50366925303898 15 4.49312773697902
      vertex 35.93250829542836 15 3.777653019333382
    endloop
  endfacet
  facet normal -0.903989293123446 0 -0.4275550934302762
    outer loop
      vertex 35.50366925303898 -5 4.49312773697902
      vertex 35.147023973654065 15 5.247190824896737
      vertex 35.50366925303898 15 4.49312773697902
    endloop
  endfacet
  facet normal -0.9415440651830199 0 -0.33688985339222227
    outer loop
      vertex 35.147023973654065 -5 5.247190824896737
      vertex 34.866007146276225 15 6.032580243337071
      vertex 35.147023973654065 15 5.247190824896737
    endloop
  endfacet
  facet normal -0.9700312531945426 0 -0.242980179903269
    outer loop
      vertex 34.866007146276225 -5 6.032580243337071
      vertex 34.66332511657254 15 6.84173226286291
      vertex 34.866007146276225 15 6.032580243337071
    endloop
  endfacet
  facet normal -0.9891765099647817 0 -0.14673047445535675
    outer loop
      vertex 34.66332511657254 -5 6.84173226286291
      vertex 34.540929823286326 15 7.666854307198735
      vertex 34.66332511657254 15 6.84173226286291
    endloop
  endfacet
  facet normal -0.9987954562051724 0 -0.04906767432741797
    outer loop
      vertex 34.540929823286326 -5 7.666854307198735
      vertex 34.5 15 8.5
      vertex 34.540929823286326 15 7.666854307198735
    endloop
  endfacet
  facet normal 0 1 0
    outer loop
      vertex 36.42941114641673 15 3.1076570846090137
      vertex 35.93250829542836 15 3.777653019333382
      vertex 38.8764436529363 15 3.4754320531422094
    endloop
  endfacet
  facet normal 0 1 0
    outer loop
      vertex 35.93250829542836 15 3.777653019333382
      vertex 35.50366925303898 15 4.49312773697902
      vertex 38.40380592228744 15 3.9038059222874404
    endloop
  endfacet
  facet normal 0 1 0
    outer loop
      vertex 35.50366925303898 15 4.49312773697902
      vertex 37.97543205314221 15 4.376443652936304
      vertex 38.40380592228744 15 3.9038059222874404
    endloop
  endfacet
  facet normal 0 1 0
    outer loop
      vertex 35.50366925303898 15 4.49312773697902
      vertex 35.147023973654065 15 5.247190824896737
      vertex 37.59544752003346 15 4.888793485372586
    endloop
  endfacet
  facet normal 0 1 0
    outer loop
      vertex 35.50366925303898 15 4.49312773697902
      vertex 37.59544752003346 15 4.888793485372586
      vertex 37.97543205314221 15 4.376443652936304
    endloop
  endfacet
  facet normal 0 1 0
    outer loop
      vertex 35.147023973654065 15 5.247190824896737
      vertex 34.866007146276225 15 6.032580243337071
      vertex 37.26751178173569 15 5.435921210631015
    endloop
  endfacet
  facet normal 0 1 0
    outer loop
      vertex 35.147023973654065 15 5.247190824896737
      vertex 37.26751178173569 15 5.435921210631015
      vertex 37.59544752003346 15 4.888793485372586
    endloop
  endfacet
  facet normal 0 1 0
    outer loop
      vertex 34.866007146276225 15 6.032580243337071
      vertex 36.99478303867664 15 6.012557689626917
      vertex 37.26751178173569 15 5.435921210631015
    endloop
  endfacet
  facet normal 0 1 0
    outer loop
      vertex 34.866007146276225 15 6.032580243337071
      vertex 34.66332511657254 15 6.84173226286291
      vertex 36.779887817740644 15 6.613149597845995
    endloop
  endfacet
  facet normal 0 1 0
    outer loop
      vertex 34.866007146276225 15 6.032580243337071
      vertex 36.779887817740644 15 6.613149597845995
      vertex 36.99478303867664 15 6.012557689626917
    endloop
  endfacet
  facet normal 0 1 0
    outer loop
      vertex 34.66332511657254 15 6.84173226286291
      vertex 36.624895677379 15 7.231912906895166
      vertex 36.779887817740644 15 6.613149597845995
    endloop
  endfacet
  facet normal 0 1 0
    outer loop
      vertex 34.66332511657254 15 6.84173226286291
      vertex 34.540929823286326 15 7.666854307198735
      vertex 36.624895677379 15 7.231912906895166
    endloop
  endfacet
  facet normal 0 1 0
    outer loop
      vertex 34.540929823286326 15 7.666854307198735
      vertex 34.5 15 8.5
      vertex 36.53129927663072 15 7.8628885878578565
    endloop
  endfacet
  facet normal 0 1 0
    outer loop
      vertex 34.540929823286326 15 7.666854307198735
      vertex 36.53129927663072 15 7.8628885878578565
      vertex 36.624895677379 15 7.231912906895166
    endloop
  endfacet
  facet normal 0.04906767432741787 0 -0.9987954562051724
    outer loop
      vertex 43 -5 0
      vertex 43 15 0
      vertex 43.83314569280127 15 0.04092982328632644
    endloop
  endfacet
  facet normal 0.1467304744553617 0 -0.9891765099647809
    outer loop
      vertex 43.83314569280127 -5 0.04092982328632644
      vertex 43.83314569280127 15 0.04092982328632644
      vertex 44.65826773713709 15 0.16332511657254045
    endloop
  endfacet
  facet normal 0.24298017990326473 0 -0.9700312531945436
    outer loop
      vertex 44.65826773713709 -5 0.16332511657254045
      vertex 44.65826773713709 15 0.16332511657254045
      vertex 45.46741975666293 15 0.36600714627622466
    endloop
  endfacet
  facet normal 0.33688985339221833 0 -0.9415440651830214
    outer loop
      vertex 45.46741975666293 -5 0.36600714627622466
      vertex 45.46741975666293 15 0.36600714627622466
      vertex 46.252809175103266 15 0.6470239736540631
    endloop
  endfacet
  facet normal 0.4275550934302827 0 -0.903989293123443
    outer loop
      vertex 46.252809175103266 -5 0.6470239736540631
      vertex 46.252809175103266 15 0.6470239736540631
      vertex 47.00687226302098 15 1.0036692530389821
    endloop
  endfacet
  facet normal 0.5141027441932245 0 -0.8577286100002702
    outer loop
      vertex 47.00687226302098 -5 1.0036692530389821
      vertex 47.00687226302098 15 1.0036692530389821
      vertex 47.722346980666615 15 1.4325082954283657
    endloop
  endfacet
  facet normal 0.5956993044924322 0 -0.8032075314806456
    outer loop
      vertex 47.722346980666615 -5 1.4325082954283657
      vertex 47.722346980666615 15 1.4325082954283657
      vertex 48.392342915390984 15 1.9294111464167356
    endloop
  endfacet
  facet normal 0.671558954847017 0 -0.7409511253549603
    outer loop
      vertex 48.392342915390984 -5 1.9294111464167356
      vertex 48.392342915390984 15 1.9294111464167356
      vertex 49.01040764008565 15 2.4895923599143455
    endloop
  endfacet
  facet normal 0.7409511253549572 0 -0.6715589548470204
    outer loop
      vertex 49.57058885358327 -5 3.1076570846090137
      vertex 49.01040764008565 15 2.4895923599143455
      vertex 49.57058885358327 15 3.1076570846090137
    endloop
  endfacet
  facet normal 0.8032075314806453 0 -0.5956993044924328
    outer loop
      vertex 50.06749170457164 -5 3.777653019333382
      vertex 49.57058885358327 15 3.1076570846090137
      vertex 50.06749170457164 15 3.777653019333382
    endloop
  endfacet
  facet normal 0.8577286100002713 0 -0.5141027441932231
    outer loop
      vertex 50.49633074696102 -5 4.49312773697902
      vertex 50.06749170457164 15 3.777653019333382
      vertex 50.49633074696102 15 4.49312773697902
    endloop
  endfacet
  facet normal 0.903989293123446 0 -0.4275550934302762
    outer loop
      vertex 50.852976026345935 -5 5.247190824896737
      vertex 50.49633074696102 15 4.49312773697902
      vertex 50.852976026345935 15 5.247190824896737
    endloop
  endfacet
  facet normal 0.9415440651830199 0 -0.33688985339222227
    outer loop
      vertex 51.133992853723775 -5 6.032580243337071
      vertex 50.852976026345935 15 5.247190824896737
      vertex 51.133992853723775 15 6.032580243337071
    endloop
  endfacet
  facet normal 0.9700312531945426 0 -0.242980179903269
    outer loop
      vertex 51.33667488342746 -5 6.84173226286291
      vertex 51.133992853723775 15 6.032580243337071
      vertex 51.33667488342746 15 6.84173226286291
    endloop
  endfacet
  facet normal 0.9891765099647817 0 -0.14673047445535675
    outer loop
      vertex 51.459070176713674 -5 7.666854307198735
      vertex 51.33667488342746 15 6.84173226286291
      vertex 51.459070176713674 15 7.666854307198735
    endloop
  endfacet
  facet normal 0 1 0
    outer loop
      vertex 43 15 0
      vertex 43 15 2
      vertex 43.83314569280127 15 0.04092982328632644
    endloop
  endfacet
  facet normal 0 1 0
    outer loop
      vertex 43.83314569280127 15 0.04092982328632644
      vertex 43 15 2
      vertex 44.65826773713709 15 0.16332511657254045
    endloop
  endfacet
  facet normal 0 1 0
    outer loop
      vertex 43 15 2
      vertex 45.46741975666293 15 0.36600714627622466
      vertex 44.65826773713709 15 0.16332511657254045
    endloop
  endfacet
  facet normal 0 1 0
    outer loop
      vertex 37.52977428649794 15 2
      vertex 42.36288858785785 15 2.03129927663072
      vertex 43 15 2
    endloop
  endfacet
  facet normal 0 1 0
    outer loop
      vertex 36.98959235991435 15 2.4895923599143455
      vertex 41.113149597846 15 2.2798878177406428
      vertex 37.52977428649794 15 2
    endloop
  endfacet
  facet normal 0 1 0
    outer loop
      vertex 36.98959235991435 15 2.4895923599143455
      vertex 36.42941114641673 15 3.1076570846090137
      vertex 39.935921210631015 15 2.767511781735692
    endloop
  endfacet
  facet normal 0 1 0
    outer loop
      vertex 36.42941114641673 15 3.1076570846090137
      vertex 39.38879348537259 15 3.0954475200334564
      vertex 39.935921210631015 15 2.767511781735692
    endloop
  endfacet
  facet normal 0 1 0
    outer loop
      vertex 36.98959235991435 15 2.4895923599143455
      vertex 40.51255768962692 15 2.494783038676636
      vertex 41.113149597846 15 2.2798878177406428
    endloop
  endfacet
  facet normal 0 1 0
    outer loop
      vertex 37.52977428649794 15 2
      vertex 41.113149597846 15 2.2798878177406428
      vertex 41.73191290689517 15 2.124895677379002
    endloop
  endfacet
  facet normal 0 1 0
    outer loop
      vertex 37.52977428649794 15 2
      vertex 41.73191290689517 15 2.124895677379002
      vertex 42.36288858785785 15 2.03129927663072
    endloop
  endfacet
  facet normal 0 1 0
    outer loop
      vertex 36.98959235991435 15 2.4895923599143455
      vertex 39.935921210631015 15 2.767511781735692
      vertex 40.51255768962692 15 2.494783038676636
    endloop
  endfacet
  facet normal 0 1 0
    outer loop
      vertex 36.42941114641673 15 3.1076570846090137
      vertex 38.8764436529363 15 3.4754320531422094
      vertex 39.38879348537259 15 3.0954475200334564
    endloop
  endfacet
  facet normal 0 1 0
    outer loop
      vertex 35.93250829542836 15 3.777653019333382
      vertex 38.40380592228744 15 3.9038059222874404
      vertex 38.8764436529363 15 3.4754320531422094
    endloop
  endfacet
  facet normal 0 1 0
    outer loop
      vertex 43 15 2
      vertex 46.252809175103266 15 0.6470239736540631
      vertex 45.46741975666293 15 0.36600714627622466
    endloop
  endfacet
  facet normal 0 1 0
    outer loop
      vertex 43 15 2
      vertex 47.00687226302098 15 1.0036692530389821
      vertex 46.252809175103266 15 0.6470239736540631
    endloop
  endfacet
  facet normal 0 1 0
    outer loop
      vertex 43 15 2
      vertex 47.722346980666615 15 1.4325082954283657
      vertex 47.00687226302098 15 1.0036692530389821
    endloop
  endfacet
  facet normal 0 1 0
    outer loop
      vertex 43 15 2
      vertex 43.63711141214215 15 2.03129927663072
      vertex 48.392342915390984 15 1.9294111464167356
    endloop
  endfacet
  facet normal 0 1 0
    outer loop
      vertex 43.63711141214215 15 2.03129927663072
      vertex 44.26808709310483 15 2.124895677379002
      vertex 48.392342915390984 15 1.9294111464167356
    endloop
  endfacet
  facet normal 0 1 0
    outer loop
      vertex 43 15 2
      vertex 48.392342915390984 15 1.9294111464167356
      vertex 47.722346980666615 15 1.4325082954283657
    endloop
  endfacet
  facet normal 0 1 0
    outer loop
      vertex 44.26808709310483 15 2.124895677379002
      vertex 44.886850402154 15 2.2798878177406428
      vertex 48.392342915390984 15 1.9294111464167356
    endloop
  endfacet
  facet normal 0 1 0
    outer loop
      vertex 48.392342915390984 15 1.9294111464167356
      vertex 44.886850402154 15 2.2798878177406428
      vertex 45.48744231037308 15 2.494783038676636
    endloop
  endfacet
  facet normal 0 1 0
    outer loop
      vertex 48.392342915390984 15 1.9294111464167356
      vertex 45.48744231037308 15 2.494783038676636
      vertex 49.01040764008565 15 2.4895923599143455
    endloop
  endfacet
  facet normal 0 1 0
    outer loop
      vertex 45.48744231037308 15 2.494783038676636
      vertex 46.064078789368985 15 2.767511781735692
      vertex 49.01040764008565 15 2.4895923599143455
    endloop
  endfacet
  facet normal 0 1 0
    outer loop
      vertex 46.064078789368985 15 2.767511781735692
      vertex 46.61120651462741 15 3.0954475200334564
      vertex 49.01040764008565 15 2.4895923599143455
    endloop
  endfacet
  facet normal 0 1 0
    outer loop
      vertex 46.61120651462741 15 3.0954475200334564
      vertex 47.1235563470637 15 3.4754320531422094
      vertex 49.01040764008565 15 2.4895923599143455
    endloop
  endfacet
  facet normal 0 1 0
    outer loop
      vertex 47.1235563470637 15 3.4754320531422094
      vertex 49.57058885358327 15 3.1076570846090137
      vertex 49.01040764008565 15 2.4895923599143455
    endloop
  endfacet
  facet normal 0 1 0
    outer loop
      vertex 47.1235563470637 15 3.4754320531422094
      vertex 47.59619407771256 15 3.9038059222874404
      vertex 49.57058885358327 15 3.1076570846090137
    endloop
  endfacet
  facet normal 0 1 0
    outer loop
      vertex 47.59619407771256 15 3.9038059222874404
      vertex 48.02456794685779 15 4.376443652936304
      vertex 50.06749170457164 15 3.777653019333382
    endloop
  endfacet
  facet normal 0 1 0
    outer loop
      vertex 47.59619407771256 15 3.9038059222874404
      vertex 50.06749170457164 15 3.777653019333382
      vertex 49.57058885358327 15 3.1076570846090137
    endloop
  endfacet
  facet normal 0 1 0
    outer loop
      vertex 50.06749170457164 15 3.777653019333382
      vertex 48.02456794685779 15 4.376443652936304
      vertex 48.40455247996654 15 4.888793485372586
    endloop
  endfacet
  facet normal 0 1 0
    outer loop
      vertex 50.06749170457164 15 3.777653019333382
      vertex 48.40455247996654 15 4.888793485372586
      vertex 50.49633074696102 15 4.49312773697902
    endloop
  endfacet
  facet normal 0 1 0
    outer loop
      vertex 48.40455247996654 15 4.888793485372586
      vertex 48.73248821826431 15 5.435921210631015
      vertex 50.49633074696102 15 4.49312773697902
    endloop
  endfacet
  facet normal 0 1 0
    outer loop
      vertex 50.49633074696102 15 4.49312773697902
      vertex 48.73248821826431 15 5.435921210631015
      vertex 50.852976026345935 15 5.247190824896737
    endloop
  endfacet
  facet normal 0 1 0
    outer loop
      vertex 48.73248821826431 15 5.435921210631015
      vertex 49.00521696132336 15 6.012557689626917
      vertex 50.852976026345935 15 5.247190824896737
    endloop
  endfacet
  facet normal 0 1 0
    outer loop
      vertex 49.00521696132336 15 6.012557689626917
      vertex 49.220112182259356 15 6.613149597845995
      vertex 50.852976026345935 15 5.247190824896737
    endloop
  endfacet
  facet normal 0 1 0
    outer loop
      vertex 50.852976026345935 15 5.247190824896737
      vertex 49.220112182259356 15 6.613149597845995
      vertex 51.133992853723775 15 6.032580243337071
    endloop
  endfacet
  facet normal 0 1 0
    outer loop
      vertex 51.133992853723775 15 6.032580243337071
      vertex 49.220112182259356 15 6.613149597845995
      vertex 49.375104322621 15 7.231912906895166
    endloop
  endfacet
  facet normal 0 1 0
    outer loop
      vertex 51.133992853723775 15 6.032580243337071
      vertex 49.375104322621 15 7.231912906895166
      vertex 51.33667488342746 15 6.84173226286291
    endloop
  endfacet
  facet normal 0 1 0
    outer loop
      vertex 51.33667488342746 15 6.84173226286291
      vertex 49.375104322621 15 7.231912906895166
      vertex 49.46870072336928 15 7.8628885878578565
    endloop
  endfacet
  facet normal 0 1 0
    outer loop
      vertex 51.33667488342746 15 6.84173226286291
      vertex 49.46870072336928 15 7.8628885878578565
      vertex 51.459070176713674 15 7.666854307198735
    endloop
  endfacet
  facet normal 0 1 0
    outer loop
      vertex 49.46870072336928 15 7.8628885878578565
      vertex 49.5 15 8.5
      vertex 51.459070176713674 15 7.666854307198735
    endloop
  endfacet
  facet normal -0.9987954562051724 0 0.04906767432741797
    outer loop
      vertex 34.5 -5 8.5
      vertex 34.540929823286326 15 9.333145692801265
      vertex 34.5 15 8.5
    endloop
  endfacet
  facet normal -0.9891765099647816 0 0.14673047445535692
    outer loop
      vertex 34.540929823286326 -5 9.333145692801265
      vertex 34.66332511657254 15 10.15826773713709
      vertex 34.540929823286326 15 9.333145692801265
    endloop
  endfacet
  facet normal -0.9700312531945429 0 0.24298017990326878
    outer loop
      vertex 34.66332511657254 -5 10.15826773713709
      vertex 34.866007146276225 15 10.96741975666293
      vertex 34.66332511657254 15 10.15826773713709
    endloop
  endfacet
  facet normal -0.9415440651830199 0 0.33688985339222227
    outer loop
      vertex 34.866007146276225 -5 10.96741975666293
      vertex 35.147023973654065 15 11.752809175103263
      vertex 34.866007146276225 15 10.96741975666293
    endloop
  endfacet
  facet normal -0.9039892931234462 0 0.4275550934302758
    outer loop
      vertex 35.147023973654065 -5 11.752809175103263
      vertex 35.50366925303898 15 12.50687226302098
      vertex 35.147023973654065 15 11.752809175103263
    endloop
  endfacet
  facet normal -0.857728610000271 0 0.5141027441932234
    outer loop
      vertex 35.50366925303898 -5 12.50687226302098
      vertex 35.93250829542836 15 13.222346980666618
      vertex 35.50366925303898 15 12.50687226302098
    endloop
  endfacet
  facet normal -0.8032075314806456 0 0.5956993044924322
    outer loop
      vertex 35.93250829542836 -5 13.222346980666618
      vertex 36.42941114641673 15 13.892342915390987
      vertex 35.93250829542836 15 13.222346980666618
    endloop
  endfacet
  facet normal -0.7409511253549568 0 0.671558954847021
    outer loop
      vertex 36.42941114641673 -5 13.892342915390987
      vertex 36.98959235991435 15 14.510407640085655
      vertex 36.42941114641673 15 13.892342915390987
    endloop
  endfacet
  facet normal 0 1 0
    outer loop
      vertex 34.5 15 8.5
      vertex 34.540929823286326 15 9.333145692801265
      vertex 36.5 15 8.5
    endloop
  endfacet
  facet normal 0 1 0
    outer loop
      vertex 36.53129927663072 15 7.8628885878578565
      vertex 34.5 15 8.5
      vertex 36.5 15 8.5
    endloop
  endfacet
  facet normal 0 1 0
    outer loop
      vertex 36.5 15 8.5
      vertex 34.540929823286326 15 9.333145692801265
      vertex 36.53129927663072 15 9.137111412142144
    endloop
  endfacet
  facet normal 0 1 0
    outer loop
      vertex 34.540929823286326 15 9.333145692801265
      vertex 34.66332511657254 15 10.15826773713709
      vertex 36.53129927663072 15 9.137111412142144
    endloop
  endfacet
  facet normal 0 1 0
    outer loop
      vertex 36.53129927663072 15 9.137111412142144
      vertex 34.66332511657254 15 10.15826773713709
      vertex 36.624895677379 15 9.768087093104834
    endloop
  endfacet
  facet normal 0 1 0
    outer loop
      vertex 36.624895677379 15 9.768087093104834
      vertex 34.66332511657254 15 10.15826773713709
      vertex 34.866007146276225 15 10.96741975666293
    endloop
  endfacet
  facet normal 0 1 0
    outer loop
      vertex 34.866007146276225 15 10.96741975666293
      vertex 35.147023973654065 15 11.752809175103263
      vertex 36.779887817740644 15 10.386850402154005
    endloop
  endfacet
  facet normal 0 1 0
    outer loop
      vertex 36.624895677379 15 9.768087093104834
      vertex 34.866007146276225 15 10.96741975666293
      vertex 36.779887817740644 15 10.386850402154005
    endloop
  endfacet
  facet normal 0 1 0
    outer loop
      vertex 36.779887817740644 15 10.386850402154005
      vertex 35.147023973654065 15 11.752809175103263
      vertex 36.99478303867664 15 10.987442310373083
    endloop
  endfacet
  facet normal 0 1 0
    outer loop
      vertex 36.99478303867664 15 10.987442310373083
      vertex 35.147023973654065 15 11.752809175103263
      vertex 37.26751178173569 15 11.564078789368985
    endloop
  endfacet
  facet normal 0 1 0
    outer loop
      vertex 35.147023973654065 15 11.752809175103263
      vertex 35.50366925303898 15 12.50687226302098
      vertex 37.26751178173569 15 11.564078789368985
    endloop
  endfacet
  facet normal 0 1 0
    outer loop
      vertex 37.26751178173569 15 11.564078789368985
      vertex 35.50366925303898 15 12.50687226302098
      vertex 37.59544752003346 15 12.111206514627414
    endloop
  endfacet
  facet normal 0 1 0
    outer loop
      vertex 35.50366925303898 15 12.50687226302098
      vertex 35.93250829542836 15 13.222346980666618
      vertex 37.59544752003346 15 12.111206514627414
    endloop
  endfacet
  facet normal 0 1 0
    outer loop
      vertex 35.93250829542836 15 13.222346980666618
      vertex 37.97543205314221 15 12.623556347063696
      vertex 37.59544752003346 15 12.111206514627414
    endloop
  endfacet
  facet normal 0 1 0
    outer loop
      vertex 35.93250829542836 15 13.222346980666618
      vertex 36.42941114641673 15 13.892342915390987
      vertex 38.40380592228744 15 13.09619407771256
    endloop
  endfacet
  facet normal 0.9987954562051724 0 -0.04906767432741797
    outer loop
      vertex 51.5 -5 8.5
      vertex 51.459070176713674 15 7.666854307198735
      vertex 51.5 15 8.5
    endloop
  endfacet
  facet normal 0.9987954562051724 0 0.04906767432741797
    outer loop
      vertex 51.459070176713674 -5 9.333145692801265
      vertex 51.5 15 8.5
      vertex 51.459070176713674 15 9.333145692801265
    endloop
  endfacet
  facet normal 0.9891765099647816 0 0.14673047445535692
    outer loop
      vertex 51.33667488342746 -5 10.15826773713709
      vertex 51.459070176713674 15 9.333145692801265
      vertex 51.33667488342746 15 10.15826773713709
    endloop
  endfacet
  facet normal 0.9700312531945429 0 0.24298017990326878
    outer loop
      vertex 51.133992853723775 -5 10.96741975666293
      vertex 51.33667488342746 15 10.15826773713709
      vertex 51.133992853723775 15 10.96741975666293
    endloop
  endfacet
  facet normal 0.9415440651830199 0 0.33688985339222227
    outer loop
      vertex 50.852976026345935 -5 11.752809175103263
      vertex 51.133992853723775 15 10.96741975666293
      vertex 50.852976026345935 15 11.752809175103263
    endloop
  endfacet
  facet normal -0.6715589548470166 0 0.7409511253549609
    outer loop
      vertex 37.607657084609016 -5 15.070588853583264
      vertex 37.607657084609016 15 15.070588853583264
      vertex 36.98959235991435 15 14.510407640085655
    endloop
  endfacet
  facet normal -0.5956993044924322 0 0.8032075314806456
    outer loop
      vertex 38.277653019333385 -5 15.567491704571633
      vertex 38.277653019333385 15 15.567491704571633
      vertex 37.607657084609016 15 15.070588853583264
    endloop
  endfacet
  facet normal -0.5141027441932253 0 0.8577286100002699
    outer loop
      vertex 38.99312773697902 -5 15.996330746961018
      vertex 38.99312773697902 15 15.996330746961018
      vertex 38.277653019333385 15 15.567491704571633
    endloop
  endfacet
  facet normal -0.4275550934302811 0 0.9039892931234438
    outer loop
      vertex 38.99312773697902 -5 15.996330746961018
      vertex 39.5 15 16.23606347324626
      vertex 38.99312773697902 15 15.996330746961018
    endloop
  endfacet
  facet normal 0.9039892931234462 0 0.4275550934302758
    outer loop
      vertex 50.49633074696102 -5 12.50687226302098
      vertex 50.852976026345935 15 11.752809175103263
      vertex 50.49633074696102 15 12.50687226302098
    endloop
  endfacet
  facet normal 0.857728610000271 0 0.5141027441932234
    outer loop
      vertex 50.06749170457164 -5 13.222346980666618
      vertex 50.49633074696102 15 12.50687226302098
      vertex 50.06749170457164 15 13.222346980666618
    endloop
  endfacet
  facet normal 0.8032075314806456 0 0.5956993044924322
    outer loop
      vertex 49.57058885358327 -5 13.892342915390987
      vertex 50.06749170457164 15 13.222346980666618
      vertex 49.57058885358327 15 13.892342915390987
    endloop
  endfacet
  facet normal 0.5141027441932253 0 0.8577286100002699
    outer loop
      vertex 47.722346980666615 -5 15.567491704571633
      vertex 47.722346980666615 15 15.567491704571633
      vertex 47.00687226302098 15 15.996330746961018
    endloop
  endfacet
  facet normal 0.4275550934302811 0 0.9039892931234438
    outer loop
      vertex 46.5 -5 16.23606347324626
      vertex 47.00687226302098 15 15.996330746961018
      vertex 46.5 15 16.23606347324626
    endloop
  endfacet
  facet normal 0.6715589548470166 0 0.7409511253549609
    outer loop
      vertex 49.01040764008565 -5 14.510407640085655
      vertex 49.01040764008565 15 14.510407640085655
      vertex 48.392342915390984 15 15.070588853583264
    endloop
  endfacet
  facet normal 0.7409511253549568 0 0.671558954847021
    outer loop
      vertex 49.01040764008565 -5 14.510407640085655
      vertex 49.57058885358327 15 13.892342915390987
      vertex 49.01040764008565 15 14.510407640085655
    endloop
  endfacet
  facet normal 0.5956993044924322 0 0.8032075314806456
    outer loop
      vertex 48.392342915390984 -5 15.070588853583264
      vertex 48.392342915390984 15 15.070588853583264
      vertex 47.722346980666615 15 15.567491704571633
    endloop
  endfacet
  facet normal 0 1 0
    outer loop
      vertex 51.459070176713674 15 7.666854307198735
      vertex 49.5 15 8.5
      vertex 51.5 15 8.5
    endloop
  endfacet
  facet normal 0 1 0
    outer loop
      vertex 49.5 15 8.5
      vertex 49.46870072336928 15 9.137111412142144
      vertex 51.5 15 8.5
    endloop
  endfacet
  facet normal 0 1 0
    outer loop
      vertex 51.5 15 8.5
      vertex 49.46870072336928 15 9.137111412142144
      vertex 51.459070176713674 15 9.333145692801265
    endloop
  endfacet
  facet normal 0 1 0
    outer loop
      vertex 49.46870072336928 15 9.137111412142144
      vertex 49.375104322621 15 9.768087093104834
      vertex 51.459070176713674 15 9.333145692801265
    endloop
  endfacet
  facet normal 0 1 0
    outer loop
      vertex 49.375104322621 15 9.768087093104834
      vertex 49.220112182259356 15 10.386850402154005
      vertex 51.33667488342746 15 10.15826773713709
    endloop
  endfacet
  facet normal 0 1 0
    outer loop
      vertex 49.375104322621 15 9.768087093104834
      vertex 51.33667488342746 15 10.15826773713709
      vertex 51.459070176713674 15 9.333145692801265
    endloop
  endfacet
  facet normal 0 1 0
    outer loop
      vertex 49.220112182259356 15 10.386850402154005
      vertex 51.133992853723775 15 10.96741975666293
      vertex 51.33667488342746 15 10.15826773713709
    endloop
  endfacet
  facet normal 0 1 0
    outer loop
      vertex 49.220112182259356 15 10.386850402154005
      vertex 49.00521696132336 15 10.987442310373083
      vertex 51.133992853723775 15 10.96741975666293
    endloop
  endfacet
  facet normal 0 1 0
    outer loop
      vertex 49.00521696132336 15 10.987442310373083
      vertex 48.73248821826431 15 11.564078789368985
      vertex 51.133992853723775 15 10.96741975666293
    endloop
  endfacet
  facet normal 0 1 0
    outer loop
      vertex 48.73248821826431 15 11.564078789368985
      vertex 48.40455247996654 15 12.111206514627414
      vertex 50.852976026345935 15 11.752809175103263
    endloop
  endfacet
  facet normal 0 1 0
    outer loop
      vertex 51.133992853723775 15 10.96741975666293
      vertex 48.73248821826431 15 11.564078789368985
      vertex 50.852976026345935 15 11.752809175103263
    endloop
  endfacet
  facet normal 0 1 0
    outer loop
      vertex 48.40455247996654 15 12.111206514627414
      vertex 50.49633074696102 15 12.50687226302098
      vertex 50.852976026345935 15 11.752809175103263
    endloop
  endfacet
  facet normal 0 1 0
    outer loop
      vertex 35.93250829542836 15 13.222346980666618
      vertex 38.40380592228744 15 13.09619407771256
      vertex 37.97543205314221 15 12.623556347063696
    endloop
  endfacet
  facet normal 0 1 0
    outer loop
      vertex 36.42941114641673 15 13.892342915390987
      vertex 38.8764436529363 15 13.52456794685779
      vertex 38.40380592228744 15 13.09619407771256
    endloop
  endfacet
  facet normal 0 1 0
    outer loop
      vertex 36.42941114641673 15 13.892342915390987
      vertex 36.98959235991435 15 14.510407640085655
      vertex 38.8764436529363 15 13.52456794685779
    endloop
  endfacet
  facet normal 0 1 0
    outer loop
      vertex 36.98959235991435 15 14.510407640085655
      vertex 39.38879348537259 15 13.904552479966544
      vertex 38.8764436529363 15 13.52456794685779
    endloop
  endfacet
  facet normal 0 1 0
    outer loop
      vertex 36.98959235991435 15 14.510407640085655
      vertex 39.5 15 13.971207099709378
      vertex 39.38879348537259 15 13.904552479966544
    endloop
  endfacet
  facet normal 0 1 0
    outer loop
      vertex 36.98959235991435 15 14.510407640085655
      vertex 37.607657084609016 15 15.070588853583264
      vertex 39.5 15 13.971207099709378
    endloop
  endfacet
  facet normal 0 1 0
    outer loop
      vertex 39.5 15 13.971207099709378
      vertex 37.607657084609016 15 15.070588853583264
      vertex 38.277653019333385 15 15.567491704571633
    endloop
  endfacet
  facet normal 0 1 0
    outer loop
      vertex 39.5 15 13.971207099709378
      vertex 38.277653019333385 15 15.567491704571633
      vertex 38.99312773697902 15 15.996330746961018
    endloop
  endfacet
  facet normal 0 1 0
    outer loop
      vertex 39.5 15 13.971207099709378
      vertex 38.99312773697902 15 15.996330746961018
      vertex 39.5 15 16.23606347324626
    endloop
  endfacet
  facet normal 0 1 0
    outer loop
      vertex 47.1235563470637 15 13.52456794685779
      vertex 46.61120651462741 15 13.904552479966544
      vertex 49.57058885358327 15 13.892342915390987
    endloop
  endfacet
  facet normal 0 1 0
    outer loop
      vertex 46.61120651462741 15 13.904552479966544
      vertex 46.5 15 13.971207099709378
      vertex 49.57058885358327 15 13.892342915390987
    endloop
  endfacet
  facet normal 0 1 0
    outer loop
      vertex 48.40455247996654 15 12.111206514627414
      vertex 48.02456794685779 15 12.623556347063696
      vertex 50.49633074696102 15 12.50687226302098
    endloop
  endfacet
  facet normal 0 1 0
    outer loop
      vertex 47.59619407771256 15 13.09619407771256
      vertex 50.49633074696102 15 12.50687226302098
      vertex 48.02456794685779 15 12.623556347063696
    endloop
  endfacet
  facet normal 0 1 0
    outer loop
      vertex 47.59619407771256 15 13.09619407771256
      vertex 50.06749170457164 15 13.222346980666618
      vertex 50.49633074696102 15 12.50687226302098
    endloop
  endfacet
  facet normal 0 1 0
    outer loop
      vertex 47.59619407771256 15 13.09619407771256
      vertex 47.1235563470637 15 13.52456794685779
      vertex 50.06749170457164 15 13.222346980666618
    endloop
  endfacet
  facet normal 0 1 0
    outer loop
      vertex 47.1235563470637 15 13.52456794685779
      vertex 49.57058885358327 15 13.892342915390987
      vertex 50.06749170457164 15 13.222346980666618
    endloop
  endfacet
  facet normal 0 1 0
    outer loop
      vertex 46.5 15 13.971207099709378
      vertex 46.5 15 16.23606347324626
      vertex 49.57058885358327 15 13.892342915390987
    endloop
  endfacet
  facet normal 0 1 0
    outer loop
      vertex 46.5 15 16.23606347324626
      vertex 48.392342915390984 15 15.070588853583264
      vertex 49.01040764008565 15 14.510407640085655
    endloop
  endfacet
  facet normal 0 1 0
    outer loop
      vertex 47.722346980666615 15 15.567491704571633
      vertex 48.392342915390984 15 15.070588853583264
      vertex 46.5 15 16.23606347324626
    endloop
  endfacet
  facet normal 0 1 0
    outer loop
      vertex 47.722346980666615 15 15.567491704571633
      vertex 46.5 15 16.23606347324626
      vertex 47.00687226302098 15 15.996330746961018
    endloop
  endfacet
  facet normal 0 1 0
    outer loop
      vertex 49.57058885358327 15 13.892342915390987
      vertex 46.5 15 16.23606347324626
      vertex 49.01040764008565 15 14.510407640085655
    endloop
  endfacet
  facet normal 0.903989293123444 0 0.4275550934302805
    outer loop
      vertex 37.26751178173569 -5 5.435921210631015
      vertex 37.26751178173569 15 5.435921210631015
      vertex 36.99478303867664 -5 6.012557689626917
    endloop
  endfacet
  facet normal 0.9415440651830209 0 0.33688985339221944
    outer loop
      vertex 36.99478303867664 -5 6.012557689626917
      vertex 36.99478303867664 15 6.012557689626917
      vertex 36.779887817740644 -5 6.613149597845995
    endloop
  endfacet
  facet normal 0.9700312531945433 0 0.24298017990326695
    outer loop
      vertex 36.779887817740644 -5 6.613149597845995
      vertex 36.779887817740644 15 6.613149597845995
      vertex 36.624895677379 -5 7.231912906895166
    endloop
  endfacet
  facet normal 0.9891765099647808 0 0.14673047445536247
    outer loop
      vertex 36.624895677379 -5 7.231912906895166
      vertex 36.624895677379 15 7.231912906895166
      vertex 36.53129927663072 -5 7.8628885878578565
    endloop
  endfacet
  facet normal 0.9987954562051725 0 0.04906767432741605
    outer loop
      vertex 36.53129927663072 -5 7.8628885878578565
      vertex 36.53129927663072 15 7.8628885878578565
      vertex 36.5 -5 8.5
    endloop
  endfacet
  facet normal 0.04906767432741716 0 0.9987954562051723
    outer loop
      vertex 43 -5 2
      vertex 43 15 2
      vertex 42.36288858785785 -5 2.03129927663072
    endloop
  endfacet
  facet normal -0.04906767432741716 0 0.9987954562051723
    outer loop
      vertex 43 -5 2
      vertex 43.63711141214215 -5 2.03129927663072
      vertex 43.63711141214215 15 2.03129927663072
    endloop
  endfacet
  facet normal 0.5141027441932242 0 0.8577286100002706
    outer loop
      vertex 39.935921210631015 -5 2.767511781735692
      vertex 39.935921210631015 15 2.767511781735692
      vertex 39.38879348537259 -5 3.0954475200334564
    endloop
  endfacet
  facet normal 0.42755509343028164 0 0.9039892931234436
    outer loop
      vertex 40.51255768962692 -5 2.494783038676636
      vertex 40.51255768962692 15 2.494783038676636
      vertex 39.935921210631015 -5 2.767511781735692
    endloop
  endfacet
  facet normal 0.6715589548470183 0 0.7409511253549592
    outer loop
      vertex 38.8764436529363 -5 3.4754320531422094
      vertex 38.8764436529363 15 3.4754320531422094
      vertex 38.40380592228744 -5 3.9038059222874404
    endloop
  endfacet
  facet normal 0.5956993044924294 0 0.8032075314806479
    outer loop
      vertex 38.8764436529363 -5 3.4754320531422094
      vertex 39.38879348537259 -5 3.0954475200334564
      vertex 39.38879348537259 15 3.0954475200334564
    endloop
  endfacet
  facet normal 0.24298017990326434 0 0.970031253194544
    outer loop
      vertex 41.113149597846 -5 2.2798878177406428
      vertex 41.73191290689517 -5 2.124895677379002
      vertex 41.73191290689517 15 2.124895677379002
    endloop
  endfacet
  facet normal 0.3368898533922186 0 0.9415440651830214
    outer loop
      vertex 40.51255768962692 -5 2.494783038676636
      vertex 41.113149597846 -5 2.2798878177406428
      vertex 41.113149597846 15 2.2798878177406428
    endloop
  endfacet
  facet normal 0.1467304744553637 0 0.9891765099647808
    outer loop
      vertex 41.73191290689517 -5 2.124895677379002
      vertex 42.36288858785785 -5 2.03129927663072
      vertex 42.36288858785785 15 2.03129927663072
    endloop
  endfacet
  facet normal -0.1467304744553637 0 0.9891765099647808
    outer loop
      vertex 43.63711141214215 -5 2.03129927663072
      vertex 44.26808709310483 -5 2.124895677379002
      vertex 44.26808709310483 15 2.124895677379002
    endloop
  endfacet
  facet normal -0.24298017990326434 0 0.970031253194544
    outer loop
      vertex 44.26808709310483 -5 2.124895677379002
      vertex 44.886850402154 -5 2.2798878177406428
      vertex 44.886850402154 15 2.2798878177406428
    endloop
  endfacet
  facet normal -0.3368898533922186 0 0.9415440651830214
    outer loop
      vertex 44.886850402154 -5 2.2798878177406428
      vertex 45.48744231037308 -5 2.494783038676636
      vertex 45.48744231037308 15 2.494783038676636
    endloop
  endfacet
  facet normal -0.42755509343028164 0 0.9039892931234436
    outer loop
      vertex 45.48744231037308 -5 2.494783038676636
      vertex 46.064078789368985 -5 2.767511781735692
      vertex 46.064078789368985 15 2.767511781735692
    endloop
  endfacet
  facet normal -0.5141027441932242 0 0.8577286100002706
    outer loop
      vertex 46.064078789368985 -5 2.767511781735692
      vertex 46.61120651462741 -5 3.0954475200334564
      vertex 46.61120651462741 15 3.0954475200334564
    endloop
  endfacet
  facet normal -0.5956993044924294 0 0.8032075314806479
    outer loop
      vertex 46.61120651462741 -5 3.0954475200334564
      vertex 47.1235563470637 -5 3.4754320531422094
      vertex 47.1235563470637 15 3.4754320531422094
    endloop
  endfacet
  facet normal -0.6715589548470183 0 0.7409511253549592
    outer loop
      vertex 47.1235563470637 -5 3.4754320531422094
      vertex 47.59619407771256 -5 3.9038059222874404
      vertex 47.59619407771256 15 3.9038059222874404
    endloop
  endfacet
  facet normal 0.8032075314806506 0 0.5956993044924257
    outer loop
      vertex 37.97543205314221 -5 4.376443652936304
      vertex 37.97543205314221 15 4.376443652936304
      vertex 37.59544752003346 -5 4.888793485372586
    endloop
  endfacet
  facet normal 0.7409511253549584 0 0.6715589548470191
    outer loop
      vertex 38.40380592228744 -5 3.9038059222874404
      vertex 38.40380592228744 15 3.9038059222874404
      vertex 37.97543205314221 -5 4.376443652936304
    endloop
  endfacet
  facet normal 0.8577286100002688 0 0.5141027441932271
    outer loop
      vertex 37.26751178173569 -5 5.435921210631015
      vertex 37.59544752003346 -5 4.888793485372586
      vertex 37.59544752003346 15 4.888793485372586
    endloop
  endfacet
  facet normal -0.7409511253549584 0 0.6715589548470191
    outer loop
      vertex 47.59619407771256 -5 3.9038059222874404
      vertex 48.02456794685779 -5 4.376443652936304
      vertex 48.02456794685779 15 4.376443652936304
    endloop
  endfacet
  facet normal -0.8032075314806506 0 0.5956993044924257
    outer loop
      vertex 48.02456794685779 -5 4.376443652936304
      vertex 48.40455247996654 -5 4.888793485372586
      vertex 48.40455247996654 15 4.888793485372586
    endloop
  endfacet
  facet normal -0.8577286100002688 0 0.5141027441932271
    outer loop
      vertex 48.40455247996654 -5 4.888793485372586
      vertex 48.73248821826431 -5 5.435921210631015
      vertex 48.73248821826431 15 5.435921210631015
    endloop
  endfacet
  facet normal -0.903989293123444 0 0.4275550934302805
    outer loop
      vertex 48.73248821826431 -5 5.435921210631015
      vertex 49.00521696132336 -5 6.012557689626917
      vertex 49.00521696132336 15 6.012557689626917
    endloop
  endfacet
  facet normal -0.9415440651830209 0 0.33688985339221944
    outer loop
      vertex 49.00521696132336 -5 6.012557689626917
      vertex 49.220112182259356 -5 6.613149597845995
      vertex 49.220112182259356 15 6.613149597845995
    endloop
  endfacet
  facet normal -0.9700312531945433 0 0.24298017990326695
    outer loop
      vertex 49.220112182259356 -5 6.613149597845995
      vertex 49.375104322621 -5 7.231912906895166
      vertex 49.375104322621 15 7.231912906895166
    endloop
  endfacet
  facet normal -0.9891765099647808 0 0.14673047445536247
    outer loop
      vertex 49.375104322621 -5 7.231912906895166
      vertex 49.46870072336928 -5 7.8628885878578565
      vertex 49.46870072336928 15 7.8628885878578565
    endloop
  endfacet
  facet normal 0.9987954562051725 0 -0.04906767432741605
    outer loop
      vertex 36.5 -5 8.5
      vertex 36.5 15 8.5
      vertex 36.53129927663072 -5 9.137111412142144
    endloop
  endfacet
  facet normal 0.9891765099647808 0 -0.14673047445536247
    outer loop
      vertex 36.53129927663072 -5 9.137111412142144
      vertex 36.53129927663072 15 9.137111412142144
      vertex 36.624895677379 -5 9.768087093104834
    endloop
  endfacet
  facet normal 0.9700312531945433 0 -0.24298017990326695
    outer loop
      vertex 36.624895677379 -5 9.768087093104834
      vertex 36.624895677379 15 9.768087093104834
      vertex 36.779887817740644 -5 10.386850402154005
    endloop
  endfacet
  facet normal 0.9415440651830209 0 -0.33688985339221944
    outer loop
      vertex 36.779887817740644 -5 10.386850402154005
      vertex 36.779887817740644 15 10.386850402154005
      vertex 36.99478303867664 -5 10.987442310373083
    endloop
  endfacet
  facet normal 0.903989293123444 0 -0.4275550934302805
    outer loop
      vertex 36.99478303867664 -5 10.987442310373083
      vertex 36.99478303867664 15 10.987442310373083
      vertex 37.26751178173569 -5 11.564078789368985
    endloop
  endfacet
  facet normal 0.8577286100002688 0 -0.5141027441932271
    outer loop
      vertex 37.26751178173569 -5 11.564078789368985
      vertex 37.26751178173569 15 11.564078789368985
      vertex 37.59544752003346 -5 12.111206514627414
    endloop
  endfacet
  facet normal -0.9987954562051725 0 0.04906767432741605
    outer loop
      vertex 49.46870072336928 -5 7.8628885878578565
      vertex 49.5 -5 8.5
      vertex 49.5 15 8.5
    endloop
  endfacet
  facet normal -0.9987954562051725 0 -0.04906767432741605
    outer loop
      vertex 49.5 -5 8.5
      vertex 49.46870072336928 -5 9.137111412142144
      vertex 49.46870072336928 15 9.137111412142144
    endloop
  endfacet
  facet normal -0.9891765099647808 0 -0.14673047445536247
    outer loop
      vertex 49.46870072336928 -5 9.137111412142144
      vertex 49.375104322621 -5 9.768087093104834
      vertex 49.375104322621 15 9.768087093104834
    endloop
  endfacet
  facet normal -0.9700312531945433 0 -0.24298017990326695
    outer loop
      vertex 49.375104322621 -5 9.768087093104834
      vertex 49.220112182259356 -5 10.386850402154005
      vertex 49.220112182259356 15 10.386850402154005
    endloop
  endfacet
  facet normal -0.9415440651830209 0 -0.33688985339221944
    outer loop
      vertex 49.220112182259356 -5 10.386850402154005
      vertex 49.00521696132336 -5 10.987442310373083
      vertex 49.00521696132336 15 10.987442310373083
    endloop
  endfacet
  facet normal -0.903989293123444 0 -0.4275550934302805
    outer loop
      vertex 49.00521696132336 -5 10.987442310373083
      vertex 48.73248821826431 -5 11.564078789368985
      vertex 48.73248821826431 15 11.564078789368985
    endloop
  endfacet
  facet normal -0.8577286100002688 0 -0.5141027441932271
    outer loop
      vertex 48.73248821826431 -5 11.564078789368985
      vertex 48.40455247996654 -5 12.111206514627414
      vertex 48.40455247996654 15 12.111206514627414
    endloop
  endfacet
  facet normal 0.8032075314806506 0 -0.5956993044924257
    outer loop
      vertex 37.59544752003346 -5 12.111206514627414
      vertex 37.59544752003346 15 12.111206514627414
      vertex 37.97543205314221 -5 12.623556347063696
    endloop
  endfacet
  facet normal 0.7409511253549591 0 -0.6715589548470184
    outer loop
      vertex 37.97543205314221 -5 12.623556347063696
      vertex 37.97543205314221 15 12.623556347063696
      vertex 38.40380592228744 -5 13.09619407771256
    endloop
  endfacet
  facet normal 0.6715589548470168 0 -0.7409511253549607
    outer loop
      vertex 38.40380592228744 -5 13.09619407771256
      vertex 38.40380592228744 15 13.09619407771256
      vertex 38.8764436529363 -5 13.52456794685779
    endloop
  endfacet
  facet normal 0.5956993044924302 0 -0.8032075314806473
    outer loop
      vertex 38.8764436529363 -5 13.52456794685779
      vertex 38.8764436529363 15 13.52456794685779
      vertex 39.38879348537259 -5 13.904552479966544
    endloop
  endfacet
  facet normal 0.5141027441932355 0 -0.8577286100002638
    outer loop
      vertex 39.38879348537259 -5 13.904552479966544
      vertex 39.38879348537259 15 13.904552479966544
      vertex 39.5 -5 13.971207099709378
    endloop
  endfacet
  facet normal -0.7409511253549591 0 -0.6715589548470184
    outer loop
      vertex 47.59619407771256 -5 13.09619407771256
      vertex 47.59619407771256 15 13.09619407771256
      vertex 48.02456794685779 -5 12.623556347063696
    endloop
  endfacet
  facet normal -0.6715589548470168 0 -0.7409511253549607
    outer loop
      vertex 47.59619407771256 -5 13.09619407771256
      vertex 47.1235563470637 -5 13.52456794685779
      vertex 47.1235563470637 15 13.52456794685779
    endloop
  endfacet
  facet normal -0.5141027441932355 0 -0.8577286100002638
    outer loop
      vertex 46.61120651462741 -5 13.904552479966544
      vertex 46.5 -5 13.971207099709378
      vertex 46.5 15 13.971207099709378
    endloop
  endfacet
  facet normal -0.5956993044924302 0 -0.8032075314806473
    outer loop
      vertex 47.1235563470637 -5 13.52456794685779
      vertex 46.61120651462741 -5 13.904552479966544
      vertex 46.61120651462741 15 13.904552479966544
    endloop
  endfacet
  facet normal -0.8032075314806506 0 -0.5956993044924257
    outer loop
      vertex 48.40455247996654 -5 12.111206514627414
      vertex 48.02456794685779 -5 12.623556347063696
      vertex 48.02456794685779 15 12.623556347063696
    endloop
  endfacet
  facet normal 0.903989293123444 0 0.4275550934302805
    outer loop
      vertex 36.99478303867664 -5 6.012557689626917
      vertex 37.26751178173569 15 5.435921210631015
      vertex 36.99478303867664 15 6.012557689626917
    endloop
  endfacet
  facet normal 0.9415440651830209 0 0.33688985339221944
    outer loop
      vertex 36.779887817740644 -5 6.613149597845995
      vertex 36.99478303867664 15 6.012557689626917
      vertex 36.779887817740644 15 6.613149597845995
    endloop
  endfacet
  facet normal 0.9700312531945433 0 0.24298017990326695
    outer loop
      vertex 36.624895677379 -5 7.231912906895166
      vertex 36.779887817740644 15 6.613149597845995
      vertex 36.624895677379 15 7.231912906895166
    endloop
  endfacet
  facet normal 0.9891765099647808 0 0.14673047445536247
    outer loop
      vertex 36.53129927663072 -5 7.8628885878578565
      vertex 36.624895677379 15 7.231912906895166
      vertex 36.53129927663072 15 7.8628885878578565
    endloop
  endfacet
  facet normal 0.04906767432741716 0 0.9987954562051723
    outer loop
      vertex 42.36288858785785 -5 2.03129927663072
      vertex 43 15 2
      vertex 42.36288858785785 15 2.03129927663072
    endloop
  endfacet
  facet normal -0.04906767432741716 0 0.9987954562051723
    outer loop
      vertex 43 -5 2
      vertex 43.63711141214215 15 2.03129927663072
      vertex 43 15 2
    endloop
  endfacet
  facet normal 0.3368898533922186 0 0.9415440651830214
    outer loop
      vertex 40.51255768962692 -5 2.494783038676636
      vertex 41.113149597846 15 2.2798878177406428
      vertex 40.51255768962692 15 2.494783038676636
    endloop
  endfacet
  facet normal 0.5141027441932242 0 0.8577286100002706
    outer loop
      vertex 39.38879348537259 -5 3.0954475200334564
      vertex 39.935921210631015 15 2.767511781735692
      vertex 39.38879348537259 15 3.0954475200334564
    endloop
  endfacet
  facet normal 0.42755509343028164 0 0.9039892931234436
    outer loop
      vertex 39.935921210631015 -5 2.767511781735692
      vertex 40.51255768962692 15 2.494783038676636
      vertex 39.935921210631015 15 2.767511781735692
    endloop
  endfacet
  facet normal 0.5956993044924294 0 0.8032075314806479
    outer loop
      vertex 38.8764436529363 -5 3.4754320531422094
      vertex 39.38879348537259 15 3.0954475200334564
      vertex 38.8764436529363 15 3.4754320531422094
    endloop
  endfacet
  facet normal 0.6715589548470183 0 0.7409511253549592
    outer loop
      vertex 38.40380592228744 -5 3.9038059222874404
      vertex 38.8764436529363 15 3.4754320531422094
      vertex 38.40380592228744 15 3.9038059222874404
    endloop
  endfacet
  facet normal 0.24298017990326434 0 0.970031253194544
    outer loop
      vertex 41.113149597846 -5 2.2798878177406428
      vertex 41.73191290689517 15 2.124895677379002
      vertex 41.113149597846 15 2.2798878177406428
    endloop
  endfacet
  facet normal 0.1467304744553637 0 0.9891765099647808
    outer loop
      vertex 41.73191290689517 -5 2.124895677379002
      vertex 42.36288858785785 15 2.03129927663072
      vertex 41.73191290689517 15 2.124895677379002
    endloop
  endfacet
  facet normal -0.1467304744553637 0 0.9891765099647808
    outer loop
      vertex 43.63711141214215 -5 2.03129927663072
      vertex 44.26808709310483 15 2.124895677379002
      vertex 43.63711141214215 15 2.03129927663072
    endloop
  endfacet
  facet normal -0.24298017990326434 0 0.970031253194544
    outer loop
      vertex 44.26808709310483 -5 2.124895677379002
      vertex 44.886850402154 15 2.2798878177406428
      vertex 44.26808709310483 15 2.124895677379002
    endloop
  endfacet
  facet normal -0.3368898533922186 0 0.9415440651830214
    outer loop
      vertex 44.886850402154 -5 2.2798878177406428
      vertex 45.48744231037308 15 2.494783038676636
      vertex 44.886850402154 15 2.2798878177406428
    endloop
  endfacet
  facet normal -0.42755509343028164 0 0.9039892931234436
    outer loop
      vertex 45.48744231037308 -5 2.494783038676636
      vertex 46.064078789368985 15 2.767511781735692
      vertex 45.48744231037308 15 2.494783038676636
    endloop
  endfacet
  facet normal -0.5141027441932242 0 0.8577286100002706
    outer loop
      vertex 46.064078789368985 -5 2.767511781735692
      vertex 46.61120651462741 15 3.0954475200334564
      vertex 46.064078789368985 15 2.767511781735692
    endloop
  endfacet
  facet normal -0.5956993044924294 0 0.8032075314806479
    outer loop
      vertex 46.61120651462741 -5 3.0954475200334564
      vertex 47.1235563470637 15 3.4754320531422094
      vertex 46.61120651462741 15 3.0954475200334564
    endloop
  endfacet
  facet normal -0.6715589548470183 0 0.7409511253549592
    outer loop
      vertex 47.1235563470637 -5 3.4754320531422094
      vertex 47.59619407771256 15 3.9038059222874404
      vertex 47.1235563470637 15 3.4754320531422094
    endloop
  endfacet
  facet normal 0.7409511253549584 0 0.6715589548470191
    outer loop
      vertex 37.97543205314221 -5 4.376443652936304
      vertex 38.40380592228744 15 3.9038059222874404
      vertex 37.97543205314221 15 4.376443652936304
    endloop
  endfacet
  facet normal 0.8032075314806506 0 0.5956993044924257
    outer loop
      vertex 37.59544752003346 -5 4.888793485372586
      vertex 37.97543205314221 15 4.376443652936304
      vertex 37.59544752003346 15 4.888793485372586
    endloop
  endfacet
  facet normal 0.8577286100002688 0 0.5141027441932271
    outer loop
      vertex 37.26751178173569 -5 5.435921210631015
      vertex 37.59544752003346 15 4.888793485372586
      vertex 37.26751178173569 15 5.435921210631015
    endloop
  endfacet
  facet normal -0.7409511253549584 0 0.6715589548470191
    outer loop
      vertex 47.59619407771256 -5 3.9038059222874404
      vertex 48.02456794685779 15 4.376443652936304
      vertex 47.59619407771256 15 3.9038059222874404
    endloop
  endfacet
  facet normal -0.8032075314806506 0 0.5956993044924257
    outer loop
      vertex 48.02456794685779 -5 4.376443652936304
      vertex 48.40455247996654 15 4.888793485372586
      vertex 48.02456794685779 15 4.376443652936304
    endloop
  endfacet
  facet normal -0.8577286100002688 0 0.5141027441932271
    outer loop
      vertex 48.40455247996654 -5 4.888793485372586
      vertex 48.73248821826431 15 5.435921210631015
      vertex 48.40455247996654 15 4.888793485372586
    endloop
  endfacet
  facet normal -0.903989293123444 0 0.4275550934302805
    outer loop
      vertex 48.73248821826431 -5 5.435921210631015
      vertex 49.00521696132336 15 6.012557689626917
      vertex 48.73248821826431 15 5.435921210631015
    endloop
  endfacet
  facet normal -0.9415440651830209 0 0.33688985339221944
    outer loop
      vertex 49.00521696132336 -5 6.012557689626917
      vertex 49.220112182259356 15 6.613149597845995
      vertex 49.00521696132336 15 6.012557689626917
    endloop
  endfacet
  facet normal -0.9700312531945433 0 0.24298017990326695
    outer loop
      vertex 49.220112182259356 -5 6.613149597845995
      vertex 49.375104322621 15 7.231912906895166
      vertex 49.220112182259356 15 6.613149597845995
    endloop
  endfacet
  facet normal -0.9891765099647808 0 0.14673047445536247
    outer loop
      vertex 49.375104322621 -5 7.231912906895166
      vertex 49.46870072336928 15 7.8628885878578565
      vertex 49.375104322621 15 7.231912906895166
    endloop
  endfacet
  facet normal -0.9987954562051725 0 0.04906767432741605
    outer loop
      vertex 49.46870072336928 -5 7.8628885878578565
      vertex 49.5 15 8.5
      vertex 49.46870072336928 15 7.8628885878578565
    endloop
  endfacet
  facet normal 0.9987954562051725 0 0.04906767432741605
    outer loop
      vertex 36.5 -5 8.5
      vertex 36.53129927663072 15 7.8628885878578565
      vertex 36.5 15 8.5
    endloop
  endfacet
  facet normal 0.9987954562051725 0 -0.04906767432741605
    outer loop
      vertex 36.53129927663072 -5 9.137111412142144
      vertex 36.5 15 8.5
      vertex 36.53129927663072 15 9.137111412142144
    endloop
  endfacet
  facet normal 0.9891765099647808 0 -0.14673047445536247
    outer loop
      vertex 36.624895677379 -5 9.768087093104834
      vertex 36.53129927663072 15 9.137111412142144
      vertex 36.624895677379 15 9.768087093104834
    endloop
  endfacet
  facet normal 0.9700312531945433 0 -0.24298017990326695
    outer loop
      vertex 36.779887817740644 -5 10.386850402154005
      vertex 36.624895677379 15 9.768087093104834
      vertex 36.779887817740644 15 10.386850402154005
    endloop
  endfacet
  facet normal 0.9415440651830209 0 -0.33688985339221944
    outer loop
      vertex 36.99478303867664 -5 10.987442310373083
      vertex 36.779887817740644 15 10.386850402154005
      vertex 36.99478303867664 15 10.987442310373083
    endloop
  endfacet
  facet normal 0.903989293123444 0 -0.4275550934302805
    outer loop
      vertex 37.26751178173569 -5 11.564078789368985
      vertex 36.99478303867664 15 10.987442310373083
      vertex 37.26751178173569 15 11.564078789368985
    endloop
  endfacet
  facet normal 0.8577286100002688 0 -0.5141027441932271
    outer loop
      vertex 37.59544752003346 -5 12.111206514627414
      vertex 37.26751178173569 15 11.564078789368985
      vertex 37.59544752003346 15 12.111206514627414
    endloop
  endfacet
  facet normal -0.9987954562051725 0 -0.04906767432741605
    outer loop
      vertex 49.5 -5 8.5
      vertex 49.46870072336928 15 9.137111412142144
      vertex 49.5 15 8.5
    endloop
  endfacet
  facet normal -0.9891765099647808 0 -0.14673047445536247
    outer loop
      vertex 49.46870072336928 -5 9.137111412142144
      vertex 49.375104322621 15 9.768087093104834
      vertex 49.46870072336928 15 9.137111412142144
    endloop
  endfacet
  facet normal -0.9700312531945433 0 -0.24298017990326695
    outer loop
      vertex 49.375104322621 -5 9.768087093104834
      vertex 49.220112182259356 15 10.386850402154005
      vertex 49.375104322621 15 9.768087093104834
    endloop
  endfacet
  facet normal -0.9415440651830209 0 -0.33688985339221944
    outer loop
      vertex 49.220112182259356 -5 10.386850402154005
      vertex 49.00521696132336 15 10.987442310373083
      vertex 49.220112182259356 15 10.386850402154005
    endloop
  endfacet
  facet normal -0.903989293123444 0 -0.4275550934302805
    outer loop
      vertex 49.00521696132336 -5 10.987442310373083
      vertex 48.73248821826431 15 11.564078789368985
      vertex 49.00521696132336 15 10.987442310373083
    endloop
  endfacet
  facet normal -0.8577286100002688 0 -0.5141027441932271
    outer loop
      vertex 48.73248821826431 -5 11.564078789368985
      vertex 48.40455247996654 15 12.111206514627414
      vertex 48.73248821826431 15 11.564078789368985
    endloop
  endfacet
  facet normal 0.8032075314806506 0 -0.5956993044924257
    outer loop
      vertex 37.97543205314221 -5 12.623556347063696
      vertex 37.59544752003346 15 12.111206514627414
      vertex 37.97543205314221 15 12.623556347063696
    endloop
  endfacet
  facet normal 0.7409511253549591 0 -0.6715589548470184
    outer loop
      vertex 38.40380592228744 -5 13.09619407771256
      vertex 37.97543205314221 15 12.623556347063696
      vertex 38.40380592228744 15 13.09619407771256
    endloop
  endfacet
  facet normal 0.6715589548470168 0 -0.7409511253549607
    outer loop
      vertex 38.8764436529363 -5 13.52456794685779
      vertex 38.40380592228744 15 13.09619407771256
      vertex 38.8764436529363 15 13.52456794685779
    endloop
  endfacet
  facet normal 0.5956993044924302 0 -0.8032075314806473
    outer loop
      vertex 39.38879348537259 -5 13.904552479966544
      vertex 38.8764436529363 15 13.52456794685779
      vertex 39.38879348537259 15 13.904552479966544
    endloop
  endfacet
  facet normal 0.5141027441932355 0 -0.8577286100002638
    outer loop
      vertex 39.5 -5 13.971207099709378
      vertex 39.38879348537259 15 13.904552479966544
      vertex 39.5 15 13.971207099709378
    endloop
  endfacet
  facet normal -0.7409511253549591 0 -0.6715589548470184
    outer loop
      vertex 48.02456794685779 -5 12.623556347063696
      vertex 47.59619407771256 15 13.09619407771256
      vertex 48.02456794685779 15 12.623556347063696
    endloop
  endfacet
  facet normal -0.5956993044924302 0 -0.8032075314806473
    outer loop
      vertex 47.1235563470637 -5 13.52456794685779
      vertex 46.61120651462741 15 13.904552479966544
      vertex 47.1235563470637 15 13.52456794685779
    endloop
  endfacet
  facet normal -0.6715589548470168 0 -0.7409511253549607
    outer loop
      vertex 47.59619407771256 -5 13.09619407771256
      vertex 47.1235563470637 15 13.52456794685779
      vertex 47.59619407771256 15 13.09619407771256
    endloop
  endfacet
  facet normal -0.5141027441932355 0 -0.8577286100002638
    outer loop
      vertex 46.61120651462741 -5 13.904552479966544
      vertex 46.5 15 13.971207099709378
      vertex 46.61120651462741 15 13.904552479966544
    endloop
  endfacet
  facet normal -0.8032075314806506 0 -0.5956993044924257
    outer loop
      vertex 48.40455247996654 -5 12.111206514627414
      vertex 48.02456794685779 15 12.623556347063696
      vertex 48.40455247996654 15 12.111206514627414
    endloop
  endfacet
  facet normal 1 0 0
    outer loop
      vertex 39.5 -5 13.971207099709378
      vertex 39.5 15 16.23606347324626
      vertex 39.5 -5 16.23606347324626
    endloop
  endfacet
  facet normal -1 0 0
    outer loop
      vertex 46.5 -5 13.971207099709378
      vertex 46.5 -5 16.23606347324626
      vertex 46.5 15 13.971207099709378
    endloop
  endfacet
  facet normal 1 0 0
    outer loop
      vertex 39.5 -5 13.971207099709378
      vertex 39.5 15 13.971207099709378
      vertex 39.5 15 16.23606347324626
    endloop
  endfacet
  facet normal -1 0 0
    outer loop
      vertex 46.5 -5 16.23606347324626
      vertex 46.5 15 16.23606347324626
      vertex 46.5 15 13.971207099709378
    endloop
  endfacet
  facet normal 0 0 -1
    outer loop
      vertex -5 -5 0
      vertex -0.8333553495294033 -1.2472044184538178 0
      vertex -0.7070951052389964 -1.3228818965225326 0
    endloop
  endfacet
  facet normal 0 0 -1
    outer loop
      vertex -5 -5 0
      vertex -0.5740251485476346 -1.38581929876693 0
      vertex -0.4354270158816935 -1.4354105035983133 0
    endloop
  endfacet
  facet normal 0 0 -1
    outer loop
      vertex -5 -5 0
      vertex -0.7070951052389964 -1.3228818965225326 0
      vertex -0.5740251485476346 -1.38581929876693 0
    endloop
  endfacet
  facet normal 0 0 -1
    outer loop
      vertex -5 -5 0
      vertex -0.1470257104943409 -1.4927770900082953 0
      vertex 0 -1.5 0
    endloop
  endfacet
  facet normal 0 0 -1
    outer loop
      vertex -5 -5 0
      vertex 0 -1.5 0
      vertex 0.1470257104943409 -1.4927770900082953 0
    endloop
  endfacet
  facet normal 0 0 -1
    outer loop
      vertex -5 -5 0
      vertex -0.4354270158816935 -1.4354105035983133 0
      vertex -0.2926354830241924 -1.4711779206048456 0
    endloop
  endfacet
  facet normal 0 0 -1
    outer loop
      vertex -5 -5 0
      vertex -0.2926354830241924 -1.4711779206048456 0
      vertex -0.1470257104943409 -1.4927770900082953 0
    endloop
  endfacet
  facet normal 0 0 -1
    outer loop
      vertex -5 -5 0
      vertex 0.1470257104943409 -1.4927770900082953 0
      vertex 0.2926354830241924 -1.4711779206048456 0
    endloop
  endfacet
  facet normal 0 0 1
    outer loop
      vertex -5 -5 2
      vertex -0.7070951052389964 -1.3228818965225326 2
      vertex -0.8333553495294033 -1.2472044184538178 2
    endloop
  endfacet
  facet normal 0 0 1
    outer loop
      vertex -5 -5 2
      vertex -0.4354270158816935 -1.4354105035983133 2
      vertex -0.5740251485476346 -1.38581929876693 2
    endloop
  endfacet
  facet normal 0 0 1
    outer loop
      vertex -5 -5 2
      vertex -0.5740251485476346 -1.38581929876693 2
      vertex -0.7070951052389964 -1.3228818965225326 2
    endloop
  endfacet
  facet normal 0 0 1
    outer loop
      vertex -5 -5 2
      vertex 0 -1.5 2
      vertex -0.1470257104943409 -1.4927770900082953 2
    endloop
  endfacet
  facet normal 0 0 1
    outer loop
      vertex -5 -5 2
      vertex 0.1470257104943409 -1.4927770900082953 2
      vertex 0 -1.5 2
    endloop
  endfacet
  facet normal 0 0 1
    outer loop
      vertex -5 -5 2
      vertex -0.2926354830241924 -1.4711779206048456 2
      vertex -0.4354270158816935 -1.4354105035983133 2
    endloop
  endfacet
  facet normal 0 0 1
    outer loop
      vertex -5 -5 2
      vertex -0.1470257104943409 -1.4927770900082953 2
      vertex -0.2926354830241924 -1.4711779206048456 2
    endloop
  endfacet
  facet normal 0 0 1
    outer loop
      vertex -5 -5 2
      vertex 0.2926354830241924 -1.4711779206048456 2
      vertex 0.1470257104943409 -1.4927770900082953 2
    endloop
  endfacet
  facet normal 0 0 -1
    outer loop
      vertex -5 -5 0
      vertex 0.2926354830241924 -1.4711779206048456 0
      vertex 0.4354270158816935 -1.4354105035983133 0
    endloop
  endfacet
  facet normal 0 0 -1
    outer loop
      vertex -5 -5 0
      vertex 0.4354270158816935 -1.4354105035983133 0
      vertex 0.5740251485476346 -1.38581929876693 0
    endloop
  endfacet
  facet normal 0 0 -1
    outer loop
      vertex -5 -5 0
      vertex 0.5740251485476346 -1.38581929876693 0
      vertex 0.7070951052389964 -1.3228818965225326 0
    endloop
  endfacet
  facet normal 0 0 -1
    outer loop
      vertex -5 -5 0
      vertex 0.7070951052389964 -1.3228818965225326 0
      vertex 0.8333553495294033 -1.2472044184538178 0
    endloop
  endfacet
  facet normal 0 0 1
    outer loop
      vertex -5 -5 2
      vertex 0.4354270158816935 -1.4354105035983133 2
      vertex 0.2926354830241924 -1.4711779206048456 2
    endloop
  endfacet
  facet normal 0 0 1
    outer loop
      vertex -5 -5 2
      vertex 0.5740251485476346 -1.38581929876693 2
      vertex 0.4354270158816935 -1.4354105035983133 2
    endloop
  endfacet
  facet normal 0 0 -1
    outer loop
      vertex -5 -5 0
      vertex -1.1595156800441055 -0.9515899262454682 0
      vertex -1.0606601717798214 -1.0606601717798214 0
    endloop
  endfacet
  facet normal 0 0 -1
    outer loop
      vertex -5 -5 0
      vertex -1.2472044184538178 -0.8333553495294033 0
      vertex -1.1595156800441055 -0.9515899262454682 0
    endloop
  endfacet
  facet normal 0 0 -1
    outer loop
      vertex -5 -5 0
      vertex -1.3228818965225326 -0.7070951052389964 0
      vertex -1.2472044184538178 -0.8333553495294033 0
    endloop
  endfacet
  facet normal 0 0 -1
    outer loop
      vertex -5 -5 0
      vertex -1.38581929876693 -0.5740251485476346 0
      vertex -1.3228818965225326 -0.7070951052389964 0
    endloop
  endfacet
  facet normal 0 0 -1
    outer loop
      vertex -5 -5 0
      vertex -1.4354105035983133 -0.4354270158816935 0
      vertex -1.38581929876693 -0.5740251485476346 0
    endloop
  endfacet
  facet normal 0 0 -1
    outer loop
      vertex -5 -5 0
      vertex -1.4711779206048456 -0.2926354830241924 0
      vertex -1.4354105035983133 -0.4354270158816935 0
    endloop
  endfacet
  facet normal 0 0 -1
    outer loop
      vertex -5 -5 0
      vertex -0.9515899262454682 -1.1595156800441055 0
      vertex -0.8333553495294033 -1.2472044184538178 0
    endloop
  endfacet
  facet normal 0 0 -1
    outer loop
      vertex -5 -5 0
      vertex -1.0606601717798214 -1.0606601717798214 0
      vertex -0.9515899262454682 -1.1595156800441055 0
    endloop
  endfacet
  facet normal 0 0 -1
    outer loop
      vertex -5 -5 0
      vertex -1.4927770900082953 -0.1470257104943409 0
      vertex -1.4711779206048456 -0.2926354830241924 0
    endloop
  endfacet
  facet normal 0 0 -1
    outer loop
      vertex -5 -5 0
      vertex -1.5 0 0
      vertex -1.4927770900082953 -0.1470257104943409 0
    endloop
  endfacet
  facet normal 0 0 1
    outer loop
      vertex -5 -5 2
      vertex -1.0606601717798214 -1.0606601717798214 2
      vertex -1.1595156800441055 -0.9515899262454682 2
    endloop
  endfacet
  facet normal 0 0 1
    outer loop
      vertex -5 -5 2
      vertex -1.1595156800441055 -0.9515899262454682 2
      vertex -1.2472044184538178 -0.8333553495294033 2
    endloop
  endfacet
  facet normal 0 0 1
    outer loop
      vertex -5 -5 2
      vertex -1.2472044184538178 -0.8333553495294033 2
      vertex -1.3228818965225326 -0.7070951052389964 2
    endloop
  endfacet
  facet normal 0 0 1
    outer loop
      vertex -5 -5 2
      vertex -1.3228818965225326 -0.7070951052389964 2
      vertex -1.38581929876693 -0.5740251485476346 2
    endloop
  endfacet
  facet normal 0 0 1
    outer loop
      vertex -5 -5 2
      vertex -1.38581929876693 -0.5740251485476346 2
      vertex -1.4354105035983133 -0.4354270158816935 2
    endloop
  endfacet
  facet normal 0 0 1
    outer loop
      vertex -5 -5 2
      vertex -1.4354105035983133 -0.4354270158816935 2
      vertex -1.4711779206048456 -0.2926354830241924 2
    endloop
  endfacet
  facet normal 0 0 1
    outer loop
      vertex -5 -5 2
      vertex -0.8333553495294033 -1.2472044184538178 2
      vertex -0.9515899262454682 -1.1595156800441055 2
    endloop
  endfacet
  facet normal 0 0 1
    outer loop
      vertex -5 -5 2
      vertex -0.9515899262454682 -1.1595156800441055 2
      vertex -1.0606601717798214 -1.0606601717798214 2
    endloop
  endfacet
  facet normal 0 0 1
    outer loop
      vertex -5 -5 2
      vertex -1.4711779206048456 -0.2926354830241924 2
      vertex -1.4927770900082953 -0.1470257104943409 2
    endloop
  endfacet
  facet normal 0 0 1
    outer loop
      vertex -5 -5 2
      vertex -1.4927770900082953 -0.1470257104943409 2
      vertex -1.5 0 2
    endloop
  endfacet
  facet normal 0 0 1
    outer loop
      vertex -5 -5 2
      vertex -1.5 0 2
      vertex -1.4927770900082953 0.1470257104943409 2
    endloop
  endfacet
  facet normal 0 0 1
    outer loop
      vertex -5 -5 2
      vertex -1.4927770900082953 0.1470257104943409 2
      vertex -1.4711779206048456 0.2926354830241924 2
    endloop
  endfacet
  facet normal 0 0 1
    outer loop
      vertex -5 -5 2
      vertex -1.4711779206048456 0.2926354830241924 2
      vertex -1.4354105035983133 0.4354270158816935 2
    endloop
  endfacet
  facet normal 0 0 1
    outer loop
      vertex -5 -5 2
      vertex -1.4354105035983133 0.4354270158816935 2
      vertex -1.38581929876693 0.5740251485476346 2
    endloop
  endfacet
  facet normal 0 0 1
    outer loop
      vertex -5 -5 2
      vertex -1.38581929876693 0.5740251485476346 2
      vertex -1.3228818965225326 0.7070951052389964 2
    endloop
  endfacet
  facet normal 0 0 1
    outer loop
      vertex -5 -5 2
      vertex -1.3228818965225326 0.7070951052389964 2
      vertex -1.2472044184538178 0.8333553495294033 2
    endloop
  endfacet
  facet normal -1 0 0
    outer loop
      vertex -5 -5 0
      vertex -5 -5 2
      vertex -5 15 2
    endloop
  endfacet
  facet normal 0 0 -1
    outer loop
      vertex -5 -5 0
      vertex -5 15 0
      vertex -1.5 0 0
    endloop
  endfacet
  facet normal 0 0 1
    outer loop
      vertex -5 -5 2
      vertex -1.2472044184538178 0.8333553495294033 2
      vertex -5 15 2
    endloop
  endfacet
  facet normal 0 -1 0
    outer loop
      vertex -5 -5 0
      vertex 37.52977428649794 -5 2
      vertex -5 -5 2
    endloop
  endfacet
  facet normal 0 0 -1
    outer loop
      vertex -5 -5 0
      vertex 29.166644650470598 -1.2472044184538178 0
      vertex 29.292904894761005 -1.3228818965225326 0
    endloop
  endfacet
  facet normal 0 0 -1
    outer loop
      vertex -5 -5 0
      vertex 29.292904894761005 -1.3228818965225326 0
      vertex 29.425974851452366 -1.38581929876693 0
    endloop
  endfacet
  facet normal 0 0 -1
    outer loop
      vertex -5 -5 0
      vertex 29.425974851452366 -1.38581929876693 0
      vertex 29.564572984118307 -1.4354105035983133 0
    endloop
  endfacet
  facet normal 0 0 1
    outer loop
      vertex -5 -5 2
      vertex 29.292904894761005 -1.3228818965225326 2
      vertex 29.166644650470598 -1.2472044184538178 2
    endloop
  endfacet
  facet normal 0 0 1
    outer loop
      vertex -5 -5 2
      vertex 29.425974851452366 -1.38581929876693 2
      vertex 29.292904894761005 -1.3228818965225326 2
    endloop
  endfacet
  facet normal 0 0 1
    outer loop
      vertex -5 -5 2
      vertex 30 -1.5 2
      vertex 29.85297428950566 -1.4927770900082953 2
    endloop
  endfacet
  facet normal 0 0 1
    outer loop
      vertex -5 -5 2
      vertex 30.14702571049434 -1.4927770900082953 2
      vertex 30 -1.5 2
    endloop
  endfacet
  facet normal 0 0 1
    outer loop
      vertex -5 -5 2
      vertex 29.564572984118307 -1.4354105035983133 2
      vertex 29.425974851452366 -1.38581929876693 2
    endloop
  endfacet
  facet normal 0 0 1
    outer loop
      vertex -5 -5 2
      vertex 29.707364516975808 -1.4711779206048456 2
      vertex 29.564572984118307 -1.4354105035983133 2
    endloop
  endfacet
  facet normal 0 0 1
    outer loop
      vertex -5 -5 2
      vertex 29.85297428950566 -1.4927770900082953 2
      vertex 29.707364516975808 -1.4711779206048456 2
    endloop
  endfacet
  facet normal 0 0 -1
    outer loop
      vertex -5 -5 0
      vertex 29.564572984118307 -1.4354105035983133 0
      vertex 43 -5 0
    endloop
  endfacet
  facet normal 0 0 1
    outer loop
      vertex -5 -5 2
      vertex 37.52977428649794 -5 2
      vertex 30.14702571049434 -1.4927770900082953 2
    endloop
  endfacet
  facet normal 0 0 -1
    outer loop
      vertex -5 -5 0
      vertex 28.939339828220177 -1.0606601717798214 0
      vertex 29.048410073754532 -1.1595156800441055 0
    endloop
  endfacet
  facet normal 0 0 -1
    outer loop
      vertex -5 -5 0
      vertex 29.048410073754532 -1.1595156800441055 0
      vertex 29.166644650470598 -1.2472044184538178 0
    endloop
  endfacet
  facet normal 0 0 -1
    outer loop
      vertex -5 -5 0
      vertex 28.840484319955895 -0.9515899262454682 0
      vertex 28.939339828220177 -1.0606601717798214 0
    endloop
  endfacet
  facet normal 0 0 -1
    outer loop
      vertex -5 -5 0
      vertex 28.75279558154618 -0.8333553495294033 0
      vertex 28.840484319955895 -0.9515899262454682 0
    endloop
  endfacet
  facet normal 0 0 -1
    outer loop
      vertex -5 -5 0
      vertex 28.67711810347747 -0.7070951052389964 0
      vertex 28.75279558154618 -0.8333553495294033 0
    endloop
  endfacet
  facet normal 0 0 -1
    outer loop
      vertex -5 -5 0
      vertex 28.61418070123307 -0.5740251485476346 0
      vertex 28.67711810347747 -0.7070951052389964 0
    endloop
  endfacet
  facet normal 0 0 -1
    outer loop
      vertex -5 -5 0
      vertex 28.564589496401688 -0.4354270158816935 0
      vertex 28.61418070123307 -0.5740251485476346 0
    endloop
  endfacet
  facet normal 0 0 -1
    outer loop
      vertex -5 -5 0
      vertex 28.528822079395155 -0.2926354830241924 0
      vertex 28.564589496401688 -0.4354270158816935 0
    endloop
  endfacet
  facet normal 0 0 -1
    outer loop
      vertex -5 -5 0
      vertex 28.507222909991704 -0.1470257104943409 0
      vertex 28.528822079395155 -0.2926354830241924 0
    endloop
  endfacet
  facet normal 0 0 -1
    outer loop
      vertex -5 -5 0
      vertex 28.5 0 0
      vertex 28.507222909991704 -0.1470257104943409 0
    endloop
  endfacet
  facet normal 0 0 -1
    outer loop
      vertex -5 -5 0
      vertex 28.507222909991704 0.1470257104943409 0
      vertex 28.5 0 0
    endloop
  endfacet
  facet normal 0 0 -1
    outer loop
      vertex -5 -5 0
      vertex 28.528822079395155 0.2926354830241924 0
      vertex 28.507222909991704 0.1470257104943409 0
    endloop
  endfacet
  facet normal 0 0 -1
    outer loop
      vertex -5 -5 0
      vertex 28.564589496401688 0.4354270158816935 0
      vertex 28.528822079395155 0.2926354830241924 0
    endloop
  endfacet
  facet normal 0 0 -1
    outer loop
      vertex -5 -5 0
      vertex 28.61418070123307 0.5740251485476346 0
      vertex 28.564589496401688 0.4354270158816935 0
    endloop
  endfacet
  facet normal 0 0 1
    outer loop
      vertex -5 -5 2
      vertex 29.048410073754532 -1.1595156800441055 2
      vertex 28.939339828220177 -1.0606601717798214 2
    endloop
  endfacet
  facet normal 0 0 1
    outer loop
      vertex -5 -5 2
      vertex 29.166644650470598 -1.2472044184538178 2
      vertex 29.048410073754532 -1.1595156800441055 2
    endloop
  endfacet
  facet normal 0 0 1
    outer loop
      vertex -5 -5 2
      vertex 28.939339828220177 -1.0606601717798214 2
      vertex 28.840484319955895 -0.9515899262454682 2
    endloop
  endfacet
  facet normal 0 0 1
    outer loop
      vertex -5 -5 2
      vertex 28.840484319955895 -0.9515899262454682 2
      vertex 28.75279558154618 -0.8333553495294033 2
    endloop
  endfacet
  facet normal 0 0 1
    outer loop
      vertex -5 -5 2
      vertex 28.75279558154618 -0.8333553495294033 2
      vertex 28.67711810347747 -0.7070951052389964 2
    endloop
  endfacet
  facet normal 0 0 1
    outer loop
      vertex -5 -5 2
      vertex 28.67711810347747 -0.7070951052389964 2
      vertex 28.61418070123307 -0.5740251485476346 2
    endloop
  endfacet
  facet normal 0 0 1
    outer loop
      vertex -5 -5 2
      vertex 28.61418070123307 -0.5740251485476346 2
      vertex 28.564589496401688 -0.4354270158816935 2
    endloop
  endfacet
  facet normal 0 0 1
    outer loop
      vertex -5 -5 2
      vertex 28.564589496401688 -0.4354270158816935 2
      vertex 28.528822079395155 -0.2926354830241924 2
    endloop
  endfacet
  facet normal 0 0 1
    outer loop
      vertex -5 -5 2
      vertex 28.528822079395155 -0.2926354830241924 2
      vertex 28.507222909991704 -0.1470257104943409 2
    endloop
  endfacet
  facet normal 0 0 1
    outer loop
      vertex -5 -5 2
      vertex 28.507222909991704 -0.1470257104943409 2
      vertex 28.5 0 2
    endloop
  endfacet
  facet normal 0 0 1
    outer loop
      vertex -5 -5 2
      vertex 28.5 0 2
      vertex 28.507222909991704 0.1470257104943409 2
    endloop
  endfacet
  facet normal 0 0 1
    outer loop
      vertex -5 -5 2
      vertex 28.507222909991704 0.1470257104943409 2
      vertex 28.528822079395155 0.2926354830241924 2
    endloop
  endfacet
  facet normal 0 0 1
    outer loop
      vertex -5 -5 2
      vertex 28.528822079395155 0.2926354830241924 2
      vertex 28.564589496401688 0.4354270158816935 2
    endloop
  endfacet
  facet normal 0 0 1
    outer loop
      vertex -5 -5 2
      vertex 28.564589496401688 0.4354270158816935 2
      vertex 28.61418070123307 0.5740251485476346 2
    endloop
  endfacet
  facet normal 0 0 -1
    outer loop
      vertex -5 -5 0
      vertex 28.67711810347747 0.7070951052389964 0
      vertex 28.61418070123307 0.5740251485476346 0
    endloop
  endfacet
  facet normal 0 0 -1
    outer loop
      vertex -5 -5 0
      vertex 28.75279558154618 0.8333553495294033 0
      vertex 28.67711810347747 0.7070951052389964 0
    endloop
  endfacet
  facet normal 0 0 -1
    outer loop
      vertex -5 -5 0
      vertex 28.840484319955895 0.9515899262454682 0
      vertex 28.75279558154618 0.8333553495294033 0
    endloop
  endfacet
  facet normal 0 0 -1
    outer loop
      vertex -5 -5 0
      vertex 28.939339828220177 1.0606601717798214 0
      vertex 28.840484319955895 0.9515899262454682 0
    endloop
  endfacet
  facet normal 0 0 1
    outer loop
      vertex -5 -5 2
      vertex 28.61418070123307 0.5740251485476346 2
      vertex 28.67711810347747 0.7070951052389964 2
    endloop
  endfacet
  facet normal 0 0 1
    outer loop
      vertex -5 -5 2
      vertex 28.67711810347747 0.7070951052389964 2
      vertex 28.75279558154618 0.8333553495294033 2
    endloop
  endfacet
  facet normal 0 0 1
    outer loop
      vertex -5 -5 2
      vertex 28.75279558154618 0.8333553495294033 2
      vertex 28.840484319955895 0.9515899262454682 2
    endloop
  endfacet
  facet normal 0 0 1
    outer loop
      vertex -5 -5 2
      vertex 28.840484319955895 0.9515899262454682 2
      vertex 28.939339828220177 1.0606601717798214 2
    endloop
  endfacet
  facet normal 0 0 1
    outer loop
      vertex -5 -5 2
      vertex 28.939339828220177 1.0606601717798214 2
      vertex 29.048410073754532 1.1595156800441055 2
    endloop
  endfacet
  facet normal 0 0 1
    outer loop
      vertex -5 -5 2
      vertex 29.048410073754532 1.1595156800441055 2
      vertex 29.166644650470598 1.2472044184538178 2
    endloop
  endfacet
  facet normal 0 0 1
    outer loop
      vertex -5 -5 2
      vertex 29.166644650470598 1.2472044184538178 2
      vertex 29.292904894761005 1.3228818965225326 2
    endloop
  endfacet
  facet normal 0 0 1
    outer loop
      vertex -5 -5 2
      vertex 29.292904894761005 1.3228818965225326 2
      vertex 29.425974851452366 1.38581929876693 2
    endloop
  endfacet
  facet normal 0 0 1
    outer loop
      vertex -5 -5 2
      vertex 29.425974851452366 1.38581929876693 2
      vertex 29.564572984118307 1.4354105035983133 2
    endloop
  endfacet
  facet normal 0 0 1
    outer loop
      vertex -5 -5 2
      vertex 29.564572984118307 1.4354105035983133 2
      vertex 29.707364516975808 1.4711779206048456 2
    endloop
  endfacet
  facet normal 0 0 1
    outer loop
      vertex -5 -5 2
      vertex 37.52977428649794 15 2
      vertex 0.5740251485476346 -1.38581929876693 2
    endloop
  endfacet
  facet normal 0 0 -1
    outer loop
      vertex -5 -5 0
      vertex 0.8333553495294033 -1.2472044184538178 0
      vertex 43 15 0
    endloop
  endfacet
  facet normal 0 0 -1
    outer loop
      vertex 43 15 0
      vertex 0.8333553495294033 -1.2472044184538178 0
      vertex 0.9515899262454682 -1.1595156800441055 0
    endloop
  endfacet
  facet normal 0 0 -1
    outer loop
      vertex 43 15 0
      vertex 0.9515899262454682 -1.1595156800441055 0
      vertex 1.0606601717798214 -1.0606601717798214 0
    endloop
  endfacet
  facet normal 0 0 -1
    outer loop
      vertex 43 15 0
      vertex 1.0606601717798214 -1.0606601717798214 0
      vertex 1.1595156800441055 -0.9515899262454682 0
    endloop
  endfacet
  facet normal 0 0 -1
    outer loop
      vertex 43 15 0
      vertex 1.1595156800441055 -0.9515899262454682 0
      vertex 1.2472044184538178 -0.8333553495294033 0
    endloop
  endfacet
  facet normal 0 0 -1
    outer loop
      vertex 43 15 0
      vertex 1.2472044184538178 -0.8333553495294033 0
      vertex 1.3228818965225326 -0.7070951052389964 0
    endloop
  endfacet
  facet normal 0 0 -1
    outer loop
      vertex 43 15 0
      vertex 1.3228818965225326 -0.7070951052389964 0
      vertex 1.38581929876693 -0.5740251485476346 0
    endloop
  endfacet
  facet normal 0 0 -1
    outer loop
      vertex 43 15 0
      vertex 1.38581929876693 -0.5740251485476346 0
      vertex 1.4354105035983133 -0.4354270158816935 0
    endloop
  endfacet
  facet normal 0 0 -1
    outer loop
      vertex 43 15 0
      vertex 1.4354105035983133 -0.4354270158816935 0
      vertex 1.4711779206048456 -0.2926354830241924 0
    endloop
  endfacet
  facet normal 0 0 -1
    outer loop
      vertex 43 15 0
      vertex 1.4711779206048456 -0.2926354830241924 0
      vertex 1.4927770900082953 -0.1470257104943409 0
    endloop
  endfacet
  facet normal 0 0 -1
    outer loop
      vertex 43 15 0
      vertex 1.4927770900082953 -0.1470257104943409 0
      vertex 1.5 0 0
    endloop
  endfacet
  facet normal 0 0 1
    outer loop
      vertex 37.52977428649794 15 2
      vertex 0.7070951052389964 -1.3228818965225326 2
      vertex 0.5740251485476346 -1.38581929876693 2
    endloop
  endfacet
  facet normal 0 0 1
    outer loop
      vertex 37.52977428649794 15 2
      vertex 0.8333553495294033 -1.2472044184538178 2
      vertex 0.7070951052389964 -1.3228818965225326 2
    endloop
  endfacet
  facet normal 0 0 1
    outer loop
      vertex 37.52977428649794 15 2
      vertex 0.9515899262454682 -1.1595156800441055 2
      vertex 0.8333553495294033 -1.2472044184538178 2
    endloop
  endfacet
  facet normal 0 0 1
    outer loop
      vertex 37.52977428649794 15 2
      vertex 1.0606601717798214 -1.0606601717798214 2
      vertex 0.9515899262454682 -1.1595156800441055 2
    endloop
  endfacet
  facet normal 0 0 1
    outer loop
      vertex 37.52977428649794 15 2
      vertex 1.1595156800441055 -0.9515899262454682 2
      vertex 1.0606601717798214 -1.0606601717798214 2
    endloop
  endfacet
  facet normal 0 0 1
    outer loop
      vertex 37.52977428649794 15 2
      vertex 1.2472044184538178 -0.8333553495294033 2
      vertex 1.1595156800441055 -0.9515899262454682 2
    endloop
  endfacet
  facet normal 0 0 1
    outer loop
      vertex 37.52977428649794 15 2
      vertex 1.3228818965225326 -0.7070951052389964 2
      vertex 1.2472044184538178 -0.8333553495294033 2
    endloop
  endfacet
  facet normal 0 0 1
    outer loop
      vertex 37.52977428649794 15 2
      vertex 1.38581929876693 -0.5740251485476346 2
      vertex 1.3228818965225326 -0.7070951052389964 2
    endloop
  endfacet
  facet normal 0 0 1
    outer loop
      vertex 37.52977428649794 15 2
      vertex 1.4354105035983133 -0.4354270158816935 2
      vertex 1.38581929876693 -0.5740251485476346 2
    endloop
  endfacet
  facet normal 0 0 1
    outer loop
      vertex 37.52977428649794 15 2
      vertex 1.4711779206048456 -0.2926354830241924 2
      vertex 1.4354105035983133 -0.4354270158816935 2
    endloop
  endfacet
  facet normal 0 0 1
    outer loop
      vertex 37.52977428649794 15 2
      vertex 1.4927770900082953 -0.1470257104943409 2
      vertex 1.4711779206048456 -0.2926354830241924 2
    endloop
  endfacet
  facet normal 0 0 1
    outer loop
      vertex 37.52977428649794 15 2
      vertex 1.5 0 2
      vertex 1.4927770900082953 -0.1470257104943409 2
    endloop
  endfacet
  facet normal 0 0 -1
    outer loop
      vertex -5 -5 0
      vertex 43 15 0
      vertex 28.939339828220177 1.0606601717798214 0
    endloop
  endfacet
  facet normal 0 0 1
    outer loop
      vertex -5 -5 2
      vertex 29.707364516975808 1.4711779206048456 2
      vertex 37.52977428649794 15 2
    endloop
  endfacet
  facet normal 0 0 -1
    outer loop
      vertex -5 15 0
      vertex -1.4927770900082953 0.1470257104943409 0
      vertex -1.5 0 0
    endloop
  endfacet
  facet normal 0 0 -1
    outer loop
      vertex -5 15 0
      vertex -1.4711779206048456 0.2926354830241924 0
      vertex -1.4927770900082953 0.1470257104943409 0
    endloop
  endfacet
  facet normal 0 0 -1
    outer loop
      vertex -5 15 0
      vertex -1.4354105035983133 0.4354270158816935 0
      vertex -1.4711779206048456 0.2926354830241924 0
    endloop
  endfacet
  facet normal 0 0 -1
    outer loop
      vertex -5 15 0
      vertex -1.38581929876693 0.5740251485476346 0
      vertex -1.4354105035983133 0.4354270158816935 0
    endloop
  endfacet
  facet normal 0 0 -1
    outer loop
      vertex -5 15 0
      vertex -1.3228818965225326 0.7070951052389964 0
      vertex -1.38581929876693 0.5740251485476346 0
    endloop
  endfacet
  facet normal 0 0 -1
    outer loop
      vertex -5 15 0
      vertex -1.2472044184538178 0.8333553495294033 0
      vertex -1.3228818965225326 0.7070951052389964 0
    endloop
  endfacet
  facet normal 0 0 -1
    outer loop
      vertex -5 15 0
      vertex -1.1595156800441055 0.9515899262454682 0
      vertex -1.2472044184538178 0.8333553495294033 0
    endloop
  endfacet
  facet normal 0 0 -1
    outer loop
      vertex -5 15 0
      vertex -1.0606601717798214 1.0606601717798214 0
      vertex -1.1595156800441055 0.9515899262454682 0
    endloop
  endfacet
  facet normal 0 0 -1
    outer loop
      vertex -5 15 0
      vertex -0.9515899262454682 1.1595156800441055 0
      vertex -1.0606601717798214 1.0606601717798214 0
    endloop
  endfacet
  facet normal 0 0 -1
    outer loop
      vertex -5 15 0
      vertex -0.8333553495294033 1.2472044184538178 0
      vertex -0.9515899262454682 1.1595156800441055 0
    endloop
  endfacet
  facet normal 0 0 -1
    outer loop
      vertex -5 15 0
      vertex -0.7070951052389964 1.3228818965225326 0
      vertex -0.8333553495294033 1.2472044184538178 0
    endloop
  endfacet
  facet normal 0 0 -1
    outer loop
      vertex -5 15 0
      vertex -0.5740251485476346 1.38581929876693 0
      vertex -0.7070951052389964 1.3228818965225326 0
    endloop
  endfacet
  facet normal 0 0 -1
    outer loop
      vertex -5 15 0
      vertex -0.4354270158816935 1.4354105035983133 0
      vertex -0.5740251485476346 1.38581929876693 0
    endloop
  endfacet
  facet normal 0 0 -1
    outer loop
      vertex -5 15 0
      vertex -0.2926354830241924 1.4711779206048456 0
      vertex -0.4354270158816935 1.4354105035983133 0
    endloop
  endfacet
  facet normal 0 0 1
    outer loop
      vertex -5 15 2
      vertex -1.2472044184538178 0.8333553495294033 2
      vertex -1.1595156800441055 0.9515899262454682 2
    endloop
  endfacet
  facet normal 0 0 1
    outer loop
      vertex -5 15 2
      vertex -1.1595156800441055 0.9515899262454682 2
      vertex -1.0606601717798214 1.0606601717798214 2
    endloop
  endfacet
  facet normal 0 0 1
    outer loop
      vertex -5 15 2
      vertex -1.0606601717798214 1.0606601717798214 2
      vertex -0.9515899262454682 1.1595156800441055 2
    endloop
  endfacet
  facet normal 0 0 1
    outer loop
      vertex -5 15 2
      vertex -0.9515899262454682 1.1595156800441055 2
      vertex -0.8333553495294033 1.2472044184538178 2
    endloop
  endfacet
  facet normal 0 0 1
    outer loop
      vertex -5 15 2
      vertex -0.8333553495294033 1.2472044184538178 2
      vertex -0.7070951052389964 1.3228818965225326 2
    endloop
  endfacet
  facet normal 0 0 1
    outer loop
      vertex -5 15 2
      vertex -0.7070951052389964 1.3228818965225326 2
      vertex -0.5740251485476346 1.38581929876693 2
    endloop
  endfacet
  facet normal 0 0 1
    outer loop
      vertex -5 15 2
      vertex -0.5740251485476346 1.38581929876693 2
      vertex -0.4354270158816935 1.4354105035983133 2
    endloop
  endfacet
  facet normal 0 0 1
    outer loop
      vertex -5 15 2
      vertex -0.4354270158816935 1.4354105035983133 2
      vertex -0.2926354830241924 1.4711779206048456 2
    endloop
  endfacet
  facet normal 0 0 1
    outer loop
      vertex -5 15 2
      vertex -0.2926354830241924 1.4711779206048456 2
      vertex -0.1470257104943409 1.4927770900082953 2
    endloop
  endfacet
  facet normal 0 0 1
    outer loop
      vertex -5 15 2
      vertex -0.1470257104943409 1.4927770900082953 2
      vertex 0 1.5 2
    endloop
  endfacet
  facet normal 0 0 1
    outer loop
      vertex -5 15 2
      vertex 0 1.5 2
      vertex 0.1470257104943409 1.4927770900082953 2
    endloop
  endfacet
  facet normal 0 0 1
    outer loop
      vertex -5 15 2
      vertex 0.1470257104943409 1.4927770900082953 2
      vertex 0.2926354830241924 1.4711779206048456 2
    endloop
  endfacet
  facet normal 0 0 1
    outer loop
      vertex -5 15 2
      vertex 1.1595156800441055 0.9515899262454682 2
      vertex 1.2472044184538178 0.8333553495294033 2
    endloop
  endfacet
  facet normal 0 0 1
    outer loop
      vertex -5 15 2
      vertex 0.7070951052389964 1.3228818965225326 2
      vertex 0.8333553495294033 1.2472044184538178 2
    endloop
  endfacet
  facet normal 0 0 1
    outer loop
      vertex -5 15 2
      vertex 0.8333553495294033 1.2472044184538178 2
      vertex 0.9515899262454682 1.1595156800441055 2
    endloop
  endfacet
  facet normal 0 0 1
    outer loop
      vertex -5 15 2
      vertex 0.5740251485476346 1.38581929876693 2
      vertex 0.7070951052389964 1.3228818965225326 2
    endloop
  endfacet
  facet normal 0 0 1
    outer loop
      vertex -5 15 2
      vertex 1.0606601717798214 1.0606601717798214 2
      vertex 1.1595156800441055 0.9515899262454682 2
    endloop
  endfacet
  facet normal 0 0 1
    outer loop
      vertex -5 15 2
      vertex 0.9515899262454682 1.1595156800441055 2
      vertex 1.0606601717798214 1.0606601717798214 2
    endloop
  endfacet
  facet normal 0 0 1
    outer loop
      vertex -5 15 2
      vertex 0.2926354830241924 1.4711779206048456 2
      vertex 0.4354270158816935 1.4354105035983133 2
    endloop
  endfacet
  facet normal 0 0 1
    outer loop
      vertex -5 15 2
      vertex 0.4354270158816935 1.4354105035983133 2
      vertex 0.5740251485476346 1.38581929876693 2
    endloop
  endfacet
  facet normal -1 0 0
    outer loop
      vertex -5 -5 0
      vertex -5 15 2
      vertex -5 15 0
    endloop
  endfacet
  facet normal 0 0 -1
    outer loop
      vertex 43 15 0
      vertex -0.1470257104943409 1.4927770900082953 0
      vertex -0.2926354830241924 1.4711779206048456 0
    endloop
  endfacet
  facet normal 0 0 -1
    outer loop
      vertex 43 15 0
      vertex 0 1.5 0
      vertex -0.1470257104943409 1.4927770900082953 0
    endloop
  endfacet
  facet normal 0 0 -1
    outer loop
      vertex 43 15 0
      vertex 0.1470257104943409 1.4927770900082953 0
      vertex 0 1.5 0
    endloop
  endfacet
  facet normal 0 0 -1
    outer loop
      vertex 43 15 0
      vertex 1.4711779206048456 0.2926354830241924 0
      vertex 1.4354105035983133 0.4354270158816935 0
    endloop
  endfacet
  facet normal 0 0 -1
    outer loop
      vertex 43 15 0
      vertex 1.4354105035983133 0.4354270158816935 0
      vertex 1.38581929876693 0.5740251485476346 0
    endloop
  endfacet
  facet normal 0 0 -1
    outer loop
      vertex 43 15 0
      vertex 1.38581929876693 0.5740251485476346 0
      vertex 1.3228818965225326 0.7070951052389964 0
    endloop
  endfacet
  facet normal 0 0 -1
    outer loop
      vertex 43 15 0
      vertex 1.3228818965225326 0.7070951052389964 0
      vertex 1.2472044184538178 0.8333553495294033 0
    endloop
  endfacet
  facet normal 0 0 -1
    outer loop
      vertex 43 15 0
      vertex 1.2472044184538178 0.8333553495294033 0
      vertex 1.1595156800441055 0.9515899262454682 0
    endloop
  endfacet
  facet normal 0 0 -1
    outer loop
      vertex 43 15 0
      vertex 1.5 0 0
      vertex 1.4927770900082953 0.1470257104943409 0
    endloop
  endfacet
  facet normal 0 0 -1
    outer loop
      vertex 43 15 0
      vertex 1.4927770900082953 0.1470257104943409 0
      vertex 1.4711779206048456 0.2926354830241924 0
    endloop
  endfacet
  facet normal 0 0 -1
    outer loop
      vertex 43 15 0
      vertex 0.8333553495294033 1.2472044184538178 0
      vertex 0.7070951052389964 1.3228818965225326 0
    endloop
  endfacet
  facet normal 0 0 -1
    outer loop
      vertex 43 15 0
      vertex 0.7070951052389964 1.3228818965225326 0
      vertex 0.5740251485476346 1.38581929876693 0
    endloop
  endfacet
  facet normal 0 0 -1
    outer loop
      vertex 43 15 0
      vertex 1.1595156800441055 0.9515899262454682 0
      vertex 1.0606601717798214 1.0606601717798214 0
    endloop
  endfacet
  facet normal 0 0 -1
    outer loop
      vertex 43 15 0
      vertex 1.0606601717798214 1.0606601717798214 0
      vertex 0.9515899262454682 1.1595156800441055 0
    endloop
  endfacet
  facet normal 0 0 -1
    outer loop
      vertex 43 15 0
      vertex 0.9515899262454682 1.1595156800441055 0
      vertex 0.8333553495294033 1.2472044184538178 0
    endloop
  endfacet
  facet normal 0 0 -1
    outer loop
      vertex 43 15 0
      vertex 0.2926354830241924 1.4711779206048456 0
      vertex 0.1470257104943409 1.4927770900082953 0
    endloop
  endfacet
  facet normal 0 0 -1
    outer loop
      vertex 43 15 0
      vertex 0.4354270158816935 1.4354105035983133 0
      vertex 0.2926354830241924 1.4711779206048456 0
    endloop
  endfacet
  facet normal 0 0 -1
    outer loop
      vertex 43 15 0
      vertex 0.5740251485476346 1.38581929876693 0
      vertex 0.4354270158816935 1.4354105035983133 0
    endloop
  endfacet
  facet normal 0 0 1
    outer loop
      vertex 37.52977428649794 15 2
      vertex 1.4927770900082953 0.1470257104943409 2
      vertex 1.5 0 2
    endloop
  endfacet
  facet normal 0 0 1
    outer loop
      vertex 37.52977428649794 15 2
      vertex 1.4711779206048456 0.2926354830241924 2
      vertex 1.4927770900082953 0.1470257104943409 2
    endloop
  endfacet
  facet normal 0 0 1
    outer loop
      vertex 37.52977428649794 15 2
      vertex 1.4354105035983133 0.4354270158816935 2
      vertex 1.4711779206048456 0.2926354830241924 2
    endloop
  endfacet
  facet normal 0 0 1
    outer loop
      vertex 37.52977428649794 15 2
      vertex 1.38581929876693 0.5740251485476346 2
      vertex 1.4354105035983133 0.4354270158816935 2
    endloop
  endfacet
  facet normal 0 0 1
    outer loop
      vertex 37.52977428649794 15 2
      vertex 1.3228818965225326 0.7070951052389964 2
      vertex 1.38581929876693 0.5740251485476346 2
    endloop
  endfacet
  facet normal 0 0 1
    outer loop
      vertex 37.52977428649794 15 2
      vertex 1.2472044184538178 0.8333553495294033 2
      vertex 1.3228818965225326 0.7070951052389964 2
    endloop
  endfacet
  facet normal 0 0 -1
    outer loop
      vertex -5 15 0
      vertex 43 15 0
      vertex -0.2926354830241924 1.4711779206048456 0
    endloop
  endfacet
  facet normal 0 0 1
    outer loop
      vertex -5 15 2
      vertex 1.2472044184538178 0.8333553495294033 2
      vertex 37.52977428649794 15 2
    endloop
  endfacet
  facet normal 0 1 0
    outer loop
      vertex -5 15 0
      vertex -5 15 2
      vertex 43 15 0
    endloop
  endfacet
  facet normal 0 -1 0
    outer loop
      vertex -5 -5 0
      vertex 43 -5 2
      vertex 37.52977428649794 -5 2
    endloop
  endfacet
  facet normal 0 -1 0
    outer loop
      vertex -5 -5 0
      vertex 43 -5 0
      vertex 43 -5 2
    endloop
  endfacet
  facet normal 0 0 1
    outer loop
      vertex 37.52977428649794 -5 2
      vertex 30.292635483024192 -1.4711779206048456 2
      vertex 30.14702571049434 -1.4927770900082953 2
    endloop
  endfacet
  facet normal 0 0 1
    outer loop
      vertex 37.52977428649794 -5 2
      vertex 30.435427015881693 -1.4354105035983133 2
      vertex 30.292635483024192 -1.4711779206048456 2
    endloop
  endfacet
  facet normal 0 0 1
    outer loop
      vertex 37.52977428649794 -5 2
      vertex 30.574025148547634 -1.38581929876693 2
      vertex 30.435427015881693 -1.4354105035983133 2
    endloop
  endfacet
  facet normal 0 0 1
    outer loop
      vertex 37.52977428649794 -5 2
      vertex 30.707095105238995 -1.3228818965225326 2
      vertex 30.574025148547634 -1.38581929876693 2
    endloop
  endfacet
  facet normal 0 0 1
    outer loop
      vertex 37.52977428649794 -5 2
      vertex 30.833355349529402 -1.2472044184538178 2
      vertex 30.707095105238995 -1.3228818965225326 2
    endloop
  endfacet
  facet normal 0 0 -1
    outer loop
      vertex 43 -5 0
      vertex 29.85297428950566 -1.4927770900082953 0
      vertex 30 -1.5 0
    endloop
  endfacet
  facet normal 0 0 -1
    outer loop
      vertex 43 -5 0
      vertex 29.564572984118307 -1.4354105035983133 0
      vertex 29.707364516975808 -1.4711779206048456 0
    endloop
  endfacet
  facet normal 0 0 -1
    outer loop
      vertex 43 -5 0
      vertex 29.707364516975808 -1.4711779206048456 0
      vertex 29.85297428950566 -1.4927770900082953 0
    endloop
  endfacet
  facet normal 0 0 -1
    outer loop
      vertex 43 -5 0
      vertex 30 -1.5 0
      vertex 30.14702571049434 -1.4927770900082953 0
    endloop
  endfacet
  facet normal 0 0 -1
    outer loop
      vertex 43 -5 0
      vertex 30.14702571049434 -1.4927770900082953 0
      vertex 30.292635483024192 -1.4711779206048456 0
    endloop
  endfacet
  facet normal 0 0 -1
    outer loop
      vertex 43 -5 0
      vertex 30.292635483024192 -1.4711779206048456 0
      vertex 30.435427015881693 -1.4354105035983133 0
    endloop
  endfacet
  facet normal 0 0 -1
    outer loop
      vertex 43 -5 0
      vertex 30.435427015881693 -1.4354105035983133 0
      vertex 30.574025148547634 -1.38581929876693 0
    endloop
  endfacet
  facet normal 0 0 -1
    outer loop
      vertex 43 -5 0
      vertex 30.574025148547634 -1.38581929876693 0
      vertex 30.707095105238995 -1.3228818965225326 0
    endloop
  endfacet
  facet normal 0 0 -1
    outer loop
      vertex 43 -5 0
      vertex 30.707095105238995 -1.3228818965225326 0
      vertex 30.833355349529402 -1.2472044184538178 0
    endloop
  endfacet
  facet normal 0 0 1
    outer loop
      vertex 37.52977428649794 -5 2
      vertex 30.951589926245468 -1.1595156800441055 2
      vertex 30.833355349529402 -1.2472044184538178 2
    endloop
  endfacet
  facet normal 0 0 1
    outer loop
      vertex 37.52977428649794 -5 2
      vertex 31.060660171779823 -1.0606601717798214 2
      vertex 30.951589926245468 -1.1595156800441055 2
    endloop
  endfacet
  facet normal 0 0 1
    outer loop
      vertex 37.52977428649794 -5 2
      vertex 31.159515680044105 -0.9515899262454682 2
      vertex 31.060660171779823 -1.0606601717798214 2
    endloop
  endfacet
  facet normal 0 0 1
    outer loop
      vertex 37.52977428649794 -5 2
      vertex 31.24720441845382 -0.8333553495294033 2
      vertex 31.159515680044105 -0.9515899262454682 2
    endloop
  endfacet
  facet normal 0 0 1
    outer loop
      vertex 37.52977428649794 -5 2
      vertex 31.32288189652253 -0.7070951052389964 2
      vertex 31.24720441845382 -0.8333553495294033 2
    endloop
  endfacet
  facet normal 0 0 1
    outer loop
      vertex 37.52977428649794 -5 2
      vertex 31.38581929876693 -0.5740251485476346 2
      vertex 31.32288189652253 -0.7070951052389964 2
    endloop
  endfacet
  facet normal 0 0 1
    outer loop
      vertex 37.52977428649794 -5 2
      vertex 31.435410503598312 -0.4354270158816935 2
      vertex 31.38581929876693 -0.5740251485476346 2
    endloop
  endfacet
  facet normal 0 0 1
    outer loop
      vertex 37.52977428649794 -5 2
      vertex 31.471177920604845 -0.2926354830241924 2
      vertex 31.435410503598312 -0.4354270158816935 2
    endloop
  endfacet
  facet normal 0 0 1
    outer loop
      vertex 37.52977428649794 -5 2
      vertex 31.492777090008296 -0.1470257104943409 2
      vertex 31.471177920604845 -0.2926354830241924 2
    endloop
  endfacet
  facet normal 0 0 1
    outer loop
      vertex 37.52977428649794 -5 2
      vertex 31.5 0 2
      vertex 31.492777090008296 -0.1470257104943409 2
    endloop
  endfacet
  facet normal 0 0 -1
    outer loop
      vertex 43 -5 0
      vertex 30.833355349529402 -1.2472044184538178 0
      vertex 30.951589926245468 -1.1595156800441055 0
    endloop
  endfacet
  facet normal 0 0 -1
    outer loop
      vertex 43 -5 0
      vertex 30.951589926245468 -1.1595156800441055 0
      vertex 31.060660171779823 -1.0606601717798214 0
    endloop
  endfacet
  facet normal 0 0 -1
    outer loop
      vertex 43 -5 0
      vertex 31.060660171779823 -1.0606601717798214 0
      vertex 31.159515680044105 -0.9515899262454682 0
    endloop
  endfacet
  facet normal 0 0 -1
    outer loop
      vertex 43 -5 0
      vertex 31.159515680044105 -0.9515899262454682 0
      vertex 31.24720441845382 -0.8333553495294033 0
    endloop
  endfacet
  facet normal 0 0 -1
    outer loop
      vertex 43 -5 0
      vertex 31.24720441845382 -0.8333553495294033 0
      vertex 31.32288189652253 -0.7070951052389964 0
    endloop
  endfacet
  facet normal 0 0 -1
    outer loop
      vertex 43 -5 0
      vertex 31.32288189652253 -0.7070951052389964 0
      vertex 31.38581929876693 -0.5740251485476346 0
    endloop
  endfacet
  facet normal 0 0 -1
    outer loop
      vertex 43 -5 0
      vertex 31.38581929876693 -0.5740251485476346 0
      vertex 31.435410503598312 -0.4354270158816935 0
    endloop
  endfacet
  facet normal 0 0 -1
    outer loop
      vertex 43 -5 0
      vertex 31.435410503598312 -0.4354270158816935 0
      vertex 31.471177920604845 -0.2926354830241924 0
    endloop
  endfacet
  facet normal 0 0 -1
    outer loop
      vertex 43 -5 0
      vertex 31.471177920604845 -0.2926354830241924 0
      vertex 31.492777090008296 -0.1470257104943409 0
    endloop
  endfacet
  facet normal 0 0 -1
    outer loop
      vertex 43 -5 0
      vertex 31.492777090008296 -0.1470257104943409 0
      vertex 31.5 0 0
    endloop
  endfacet
  facet normal 0 0 -1
    outer loop
      vertex 43 -5 0
      vertex 31.5 0 0
      vertex 31.492777090008296 0.1470257104943409 0
    endloop
  endfacet
  facet normal 0 0 -1
    outer loop
      vertex 43 -5 0
      vertex 31.492777090008296 0.1470257104943409 0
      vertex 31.471177920604845 0.2926354830241924 0
    endloop
  endfacet
  facet normal 0 0 -1
    outer loop
      vertex 43 -5 0
      vertex 31.471177920604845 0.2926354830241924 0
      vertex 31.435410503598312 0.4354270158816935 0
    endloop
  endfacet
  facet normal 0 0 -1
    outer loop
      vertex 43 -5 0
      vertex 31.435410503598312 0.4354270158816935 0
      vertex 31.38581929876693 0.5740251485476346 0
    endloop
  endfacet
  facet normal 0 0 -1
    outer loop
      vertex 43 -5 0
      vertex 31.24720441845382 0.8333553495294033 0
      vertex 31.159515680044105 0.9515899262454682 0
    endloop
  endfacet
  facet normal 0 0 -1
    outer loop
      vertex 43 -5 0
      vertex 31.38581929876693 0.5740251485476346 0
      vertex 31.32288189652253 0.7070951052389964 0
    endloop
  endfacet
  facet normal 0 0 -1
    outer loop
      vertex 43 -5 0
      vertex 31.32288189652253 0.7070951052389964 0
      vertex 31.24720441845382 0.8333553495294033 0
    endloop
  endfacet
  facet normal 0 0 1
    outer loop
      vertex 37.52977428649794 -5 2
      vertex 37.52977428649794 15 2
      vertex 31.5 0 2
    endloop
  endfacet
  facet normal 0 0 -1
    outer loop
      vertex 43 -5 0
      vertex 31.159515680044105 0.9515899262454682 0
      vertex 43 15 0
    endloop
  endfacet
  facet normal 0 0 -1
    outer loop
      vertex 43 15 0
      vertex 29.048410073754532 1.1595156800441055 0
      vertex 28.939339828220177 1.0606601717798214 0
    endloop
  endfacet
  facet normal 0 0 -1
    outer loop
      vertex 43 15 0
      vertex 29.166644650470598 1.2472044184538178 0
      vertex 29.048410073754532 1.1595156800441055 0
    endloop
  endfacet
  facet normal 0 0 -1
    outer loop
      vertex 43 15 0
      vertex 29.292904894761005 1.3228818965225326 0
      vertex 29.166644650470598 1.2472044184538178 0
    endloop
  endfacet
  facet normal 0 0 1
    outer loop
      vertex 37.52977428649794 15 2
      vertex 31.492777090008296 0.1470257104943409 2
      vertex 31.5 0 2
    endloop
  endfacet
  facet normal 0 0 1
    outer loop
      vertex 37.52977428649794 15 2
      vertex 31.471177920604845 0.2926354830241924 2
      vertex 31.492777090008296 0.1470257104943409 2
    endloop
  endfacet
  facet normal 0 0 1
    outer loop
      vertex 37.52977428649794 15 2
      vertex 31.435410503598312 0.4354270158816935 2
      vertex 31.471177920604845 0.2926354830241924 2
    endloop
  endfacet
  facet normal 0 0 1
    outer loop
      vertex 37.52977428649794 15 2
      vertex 31.24720441845382 0.8333553495294033 2
      vertex 31.32288189652253 0.7070951052389964 2
    endloop
  endfacet
  facet normal 0 0 1
    outer loop
      vertex 37.52977428649794 15 2
      vertex 31.159515680044105 0.9515899262454682 2
      vertex 31.24720441845382 0.8333553495294033 2
    endloop
  endfacet
  facet normal 0 0 1
    outer loop
      vertex 37.52977428649794 15 2
      vertex 31.38581929876693 0.5740251485476346 2
      vertex 31.435410503598312 0.4354270158816935 2
    endloop
  endfacet
  facet normal 0 0 1
    outer loop
      vertex 37.52977428649794 15 2
      vertex 31.32288189652253 0.7070951052389964 2
      vertex 31.38581929876693 0.5740251485476346 2
    endloop
  endfacet
  facet normal 0 0 1
    outer loop
      vertex 37.52977428649794 15 2
      vertex 30.574025148547634 1.38581929876693 2
      vertex 30.707095105238995 1.3228818965225326 2
    endloop
  endfacet
  facet normal 0 0 1
    outer loop
      vertex 37.52977428649794 15 2
      vertex 29.707364516975808 1.4711779206048456 2
      vertex 29.85297428950566 1.4927770900082953 2
    endloop
  endfacet
  facet normal 0 0 1
    outer loop
      vertex 37.52977428649794 15 2
      vertex 29.85297428950566 1.4927770900082953 2
      vertex 30 1.5 2
    endloop
  endfacet
  facet normal 0 0 1
    outer loop
      vertex 37.52977428649794 15 2
      vertex 30 1.5 2
      vertex 30.14702571049434 1.4927770900082953 2
    endloop
  endfacet
  facet normal 0 0 1
    outer loop
      vertex 37.52977428649794 15 2
      vertex 30.14702571049434 1.4927770900082953 2
      vertex 30.292635483024192 1.4711779206048456 2
    endloop
  endfacet
  facet normal 0 0 1
    outer loop
      vertex 37.52977428649794 15 2
      vertex 30.292635483024192 1.4711779206048456 2
      vertex 30.435427015881693 1.4354105035983133 2
    endloop
  endfacet
  facet normal 0 0 1
    outer loop
      vertex 37.52977428649794 15 2
      vertex 30.435427015881693 1.4354105035983133 2
      vertex 30.574025148547634 1.38581929876693 2
    endloop
  endfacet
  facet normal 0 0 1
    outer loop
      vertex 37.52977428649794 15 2
      vertex 30.951589926245468 1.1595156800441055 2
      vertex 31.060660171779823 1.0606601717798214 2
    endloop
  endfacet
  facet normal 0 0 1
    outer loop
      vertex 37.52977428649794 15 2
      vertex 31.060660171779823 1.0606601717798214 2
      vertex 31.159515680044105 0.9515899262454682 2
    endloop
  endfacet
  facet normal 0 0 1
    outer loop
      vertex 37.52977428649794 15 2
      vertex 30.707095105238995 1.3228818965225326 2
      vertex 30.833355349529402 1.2472044184538178 2
    endloop
  endfacet
  facet normal 0 0 1
    outer loop
      vertex 37.52977428649794 15 2
      vertex 30.833355349529402 1.2472044184538178 2
      vertex 30.951589926245468 1.1595156800441055 2
    endloop
  endfacet
  facet normal 0 0 -1
    outer loop
      vertex 43 15 0
      vertex 29.425974851452366 1.38581929876693 0
      vertex 29.292904894761005 1.3228818965225326 0
    endloop
  endfacet
  facet normal 0 0 -1
    outer loop
      vertex 43 15 0
      vertex 29.564572984118307 1.4354105035983133 0
      vertex 29.425974851452366 1.38581929876693 0
    endloop
  endfacet
  facet normal 0 0 -1
    outer loop
      vertex 43 15 0
      vertex 29.707364516975808 1.4711779206048456 0
      vertex 29.564572984118307 1.4354105035983133 0
    endloop
  endfacet
  facet normal 0 0 -1
    outer loop
      vertex 43 15 0
      vertex 29.85297428950566 1.4927770900082953 0
      vertex 29.707364516975808 1.4711779206048456 0
    endloop
  endfacet
  facet normal 0 0 -1
    outer loop
      vertex 43 15 0
      vertex 30 1.5 0
      vertex 29.85297428950566 1.4927770900082953 0
    endloop
  endfacet
  facet normal 0 0 -1
    outer loop
      vertex 43 15 0
      vertex 30.14702571049434 1.4927770900082953 0
      vertex 30 1.5 0
    endloop
  endfacet
  facet normal 0 0 -1
    outer loop
      vertex 43 15 0
      vertex 30.292635483024192 1.4711779206048456 0
      vertex 30.14702571049434 1.4927770900082953 0
    endloop
  endfacet
  facet normal 0 0 -1
    outer loop
      vertex 43 15 0
      vertex 30.435427015881693 1.4354105035983133 0
      vertex 30.292635483024192 1.4711779206048456 0
    endloop
  endfacet
  facet normal 0 0 -1
    outer loop
      vertex 43 15 0
      vertex 30.574025148547634 1.38581929876693 0
      vertex 30.435427015881693 1.4354105035983133 0
    endloop
  endfacet
  facet normal 0 0 -1
    outer loop
      vertex 43 15 0
      vertex 31.159515680044105 0.9515899262454682 0
      vertex 31.060660171779823 1.0606601717798214 0
    endloop
  endfacet
  facet normal 0 0 -1
    outer loop
      vertex 43 15 0
      vertex 31.060660171779823 1.0606601717798214 0
      vertex 30.951589926245468 1.1595156800441055 0
    endloop
  endfacet
  facet normal 0 0 -1
    outer loop
      vertex 43 15 0
      vertex 30.951589926245468 1.1595156800441055 0
      vertex 30.833355349529402 1.2472044184538178 0
    endloop
  endfacet
  facet normal 0 0 -1
    outer loop
      vertex 43 15 0
      vertex 30.833355349529402 1.2472044184538178 0
      vertex 30.707095105238995 1.3228818965225326 0
    endloop
  endfacet
  facet normal 0 0 -1
    outer loop
      vertex 43 15 0
      vertex 30.707095105238995 1.3228818965225326 0
      vertex 30.574025148547634 1.38581929876693 0
    endloop
  endfacet
  facet normal 0 1 0
    outer loop
      vertex -5 15 2
      vertex 37.52977428649794 15 2
      vertex 43 15 0
    endloop
  endfacet
  facet normal 0 1 0
    outer loop
      vertex 37.52977428649794 15 2
      vertex 43 15 2
      vertex 43 15 0
    endloop
  endfacet
  facet normal 0.9891765099647809 0.1467304744553616 0
    outer loop
      vertex -1.4711779206048456 -0.2926354830241924 0
      vertex -1.4927770900082953 -0.1470257104943409 0
      vertex -1.4927770900082953 -0.1470257104943409 2
    endloop
  endfacet
  facet normal 0.9987954562051724 0.049067674327418334 0
    outer loop
      vertex -1.4927770900082953 -0.1470257104943409 0
      vertex -1.5 0 0
      vertex -1.5 0 2
    endloop
  endfacet
  facet normal 0.9891765099647809 0.1467304744553616 0
    outer loop
      vertex -1.4711779206048456 -0.2926354830241924 0
      vertex -1.4927770900082953 -0.1470257104943409 2
      vertex -1.4711779206048456 -0.2926354830241924 2
    endloop
  endfacet
  facet normal 0.9987954562051724 0.049067674327418334 0
    outer loop
      vertex -1.4927770900082953 -0.1470257104943409 0
      vertex -1.5 0 2
      vertex -1.4927770900082953 -0.1470257104943409 2
    endloop
  endfacet
  facet normal 0.4275550934302809 0.9039892931234438 0
    outer loop
      vertex -0.7070951052389964 -1.3228818965225326 0
      vertex -0.7070951052389964 -1.3228818965225326 2
      vertex -0.5740251485476346 -1.38581929876693 0
    endloop
  endfacet
  facet normal 0.5141027441932225 0.8577286100002717 0
    outer loop
      vertex -0.8333553495294033 -1.2472044184538178 0
      vertex -0.8333553495294033 -1.2472044184538178 2
      vertex -0.7070951052389964 -1.3228818965225326 0
    endloop
  endfacet
  facet normal 0.24298017990326345 0.9700312531945442 0
    outer loop
      vertex -0.4354270158816935 -1.4354105035983133 0
      vertex -0.4354270158816935 -1.4354105035983133 2
      vertex -0.2926354830241924 -1.4711779206048456 0
    endloop
  endfacet
  facet normal 0.1467304744553616 0.9891765099647809 0
    outer loop
      vertex -0.2926354830241924 -1.4711779206048456 0
      vertex -0.2926354830241924 -1.4711779206048456 2
      vertex -0.1470257104943409 -1.4927770900082953 0
    endloop
  endfacet
  facet normal 0.3368898533922211 0.9415440651830204 0
    outer loop
      vertex -0.5740251485476346 -1.38581929876693 0
      vertex -0.5740251485476346 -1.38581929876693 2
      vertex -0.4354270158816935 -1.4354105035983133 0
    endloop
  endfacet
  facet normal 0.049067674327418334 0.9987954562051724 0
    outer loop
      vertex -0.1470257104943409 -1.4927770900082953 0
      vertex -0.1470257104943409 -1.4927770900082953 2
      vertex 0 -1.5 0
    endloop
  endfacet
  facet normal -0.049067674327418334 0.9987954562051724 0
    outer loop
      vertex 0 -1.5 0
      vertex 0 -1.5 2
      vertex 0.1470257104943409 -1.4927770900082953 0
    endloop
  endfacet
  facet normal -0.1467304744553616 0.9891765099647809 0
    outer loop
      vertex 0.1470257104943409 -1.4927770900082953 0
      vertex 0.1470257104943409 -1.4927770900082953 2
      vertex 0.2926354830241924 -1.4711779206048456 0
    endloop
  endfacet
  facet normal -0.24298017990326345 0.9700312531945442 0
    outer loop
      vertex 0.2926354830241924 -1.4711779206048456 0
      vertex 0.2926354830241924 -1.4711779206048456 2
      vertex 0.4354270158816935 -1.4354105035983133 0
    endloop
  endfacet
  facet normal -0.3368898533922211 0.9415440651830204 0
    outer loop
      vertex 0.4354270158816935 -1.4354105035983133 0
      vertex 0.4354270158816935 -1.4354105035983133 2
      vertex 0.5740251485476346 -1.38581929876693 0
    endloop
  endfacet
  facet normal -0.4275550934302809 0.9039892931234438 0
    outer loop
      vertex 0.5740251485476346 -1.38581929876693 0
      vertex 0.5740251485476346 -1.38581929876693 2
      vertex 0.7070951052389964 -1.3228818965225326 0
    endloop
  endfacet
  facet normal -0.5141027441932225 0.8577286100002717 0
    outer loop
      vertex 0.7070951052389964 -1.3228818965225326 0
      vertex 0.7070951052389964 -1.3228818965225326 2
      vertex 0.8333553495294033 -1.2472044184538178 0
    endloop
  endfacet
  facet normal 0.4275550934302809 0.9039892931234438 0
    outer loop
      vertex -0.5740251485476346 -1.38581929876693 0
      vertex -0.7070951052389964 -1.3228818965225326 2
      vertex -0.5740251485476346 -1.38581929876693 2
    endloop
  endfacet
  facet normal 0.5141027441932225 0.8577286100002717 0
    outer loop
      vertex -0.7070951052389964 -1.3228818965225326 0
      vertex -0.8333553495294033 -1.2472044184538178 2
      vertex -0.7070951052389964 -1.3228818965225326 2
    endloop
  endfacet
  facet normal 0.3368898533922211 0.9415440651830204 0
    outer loop
      vertex -0.4354270158816935 -1.4354105035983133 0
      vertex -0.5740251485476346 -1.38581929876693 2
      vertex -0.4354270158816935 -1.4354105035983133 2
    endloop
  endfacet
  facet normal 0.1467304744553616 0.9891765099647809 0
    outer loop
      vertex -0.1470257104943409 -1.4927770900082953 0
      vertex -0.2926354830241924 -1.4711779206048456 2
      vertex -0.1470257104943409 -1.4927770900082953 2
    endloop
  endfacet
  facet normal 0.24298017990326345 0.9700312531945442 0
    outer loop
      vertex -0.2926354830241924 -1.4711779206048456 0
      vertex -0.4354270158816935 -1.4354105035983133 2
      vertex -0.2926354830241924 -1.4711779206048456 2
    endloop
  endfacet
  facet normal 0.049067674327418334 0.9987954562051724 0
    outer loop
      vertex 0 -1.5 0
      vertex -0.1470257104943409 -1.4927770900082953 2
      vertex 0 -1.5 2
    endloop
  endfacet
  facet normal -0.049067674327418334 0.9987954562051724 0
    outer loop
      vertex 0.1470257104943409 -1.4927770900082953 0
      vertex 0 -1.5 2
      vertex 0.1470257104943409 -1.4927770900082953 2
    endloop
  endfacet
  facet normal -0.1467304744553616 0.9891765099647809 0
    outer loop
      vertex 0.2926354830241924 -1.4711779206048456 0
      vertex 0.1470257104943409 -1.4927770900082953 2
      vertex 0.2926354830241924 -1.4711779206048456 2
    endloop
  endfacet
  facet normal -0.24298017990326345 0.9700312531945442 0
    outer loop
      vertex 0.4354270158816935 -1.4354105035983133 0
      vertex 0.2926354830241924 -1.4711779206048456 2
      vertex 0.4354270158816935 -1.4354105035983133 2
    endloop
  endfacet
  facet normal -0.3368898533922211 0.9415440651830204 0
    outer loop
      vertex 0.5740251485476346 -1.38581929876693 0
      vertex 0.4354270158816935 -1.4354105035983133 2
      vertex 0.5740251485476346 -1.38581929876693 2
    endloop
  endfacet
  facet normal -0.4275550934302809 0.9039892931234438 0
    outer loop
      vertex 0.7070951052389964 -1.3228818965225326 0
      vertex 0.5740251485476346 -1.38581929876693 2
      vertex 0.7070951052389964 -1.3228818965225326 2
    endloop
  endfacet
  facet normal -0.5141027441932225 0.8577286100002717 0
    outer loop
      vertex 0.8333553495294033 -1.2472044184538178 0
      vertex 0.7070951052389964 -1.3228818965225326 2
      vertex 0.8333553495294033 -1.2472044184538178 2
    endloop
  endfacet
  facet normal 0.7409511253549597 0.6715589548470179 0
    outer loop
      vertex -1.0606601717798214 -1.0606601717798214 0
      vertex -1.1595156800441055 -0.9515899262454682 0
      vertex -1.1595156800441055 -0.9515899262454682 2
    endloop
  endfacet
  facet normal 0.5956993044924325 0.8032075314806456 0
    outer loop
      vertex -0.9515899262454682 -1.1595156800441055 0
      vertex -0.9515899262454682 -1.1595156800441055 2
      vertex -0.8333553495294033 -1.2472044184538178 0
    endloop
  endfacet
  facet normal 0.6715589548470179 0.7409511253549597 0
    outer loop
      vertex -0.9515899262454682 -1.1595156800441055 0
      vertex -1.0606601717798214 -1.0606601717798214 0
      vertex -1.0606601717798214 -1.0606601717798214 2
    endloop
  endfacet
  facet normal 0.8032075314806456 0.5956993044924325 0
    outer loop
      vertex -1.1595156800441055 -0.9515899262454682 0
      vertex -1.2472044184538178 -0.8333553495294033 0
      vertex -1.2472044184538178 -0.8333553495294033 2
    endloop
  endfacet
  facet normal 0.8577286100002717 0.5141027441932225 0
    outer loop
      vertex -1.2472044184538178 -0.8333553495294033 0
      vertex -1.3228818965225326 -0.7070951052389964 0
      vertex -1.3228818965225326 -0.7070951052389964 2
    endloop
  endfacet
  facet normal 0.9039892931234438 0.4275550934302809 0
    outer loop
      vertex -1.3228818965225326 -0.7070951052389964 0
      vertex -1.38581929876693 -0.5740251485476346 0
      vertex -1.38581929876693 -0.5740251485476346 2
    endloop
  endfacet
  facet normal 0.9415440651830204 0.3368898533922211 0
    outer loop
      vertex -1.38581929876693 -0.5740251485476346 0
      vertex -1.4354105035983133 -0.4354270158816935 0
      vertex -1.4354105035983133 -0.4354270158816935 2
    endloop
  endfacet
  facet normal 0.9700312531945442 0.24298017990326345 0
    outer loop
      vertex -1.4354105035983133 -0.4354270158816935 0
      vertex -1.4711779206048456 -0.2926354830241924 0
      vertex -1.4711779206048456 -0.2926354830241924 2
    endloop
  endfacet
  facet normal -0.5956993044924325 0.8032075314806456 0
    outer loop
      vertex 0.8333553495294033 -1.2472044184538178 0
      vertex 0.8333553495294033 -1.2472044184538178 2
      vertex 0.9515899262454682 -1.1595156800441055 0
    endloop
  endfacet
  facet normal -0.6715589548470179 0.7409511253549597 0
    outer loop
      vertex 0.9515899262454682 -1.1595156800441055 0
      vertex 0.9515899262454682 -1.1595156800441055 2
      vertex 1.0606601717798214 -1.0606601717798214 0
    endloop
  endfacet
  facet normal -0.7409511253549597 0.6715589548470179 0
    outer loop
      vertex 1.0606601717798214 -1.0606601717798214 0
      vertex 1.0606601717798214 -1.0606601717798214 2
      vertex 1.1595156800441055 -0.9515899262454682 0
    endloop
  endfacet
  facet normal -0.8032075314806456 0.5956993044924325 0
    outer loop
      vertex 1.2472044184538178 -0.8333553495294033 0
      vertex 1.1595156800441055 -0.9515899262454682 0
      vertex 1.1595156800441055 -0.9515899262454682 2
    endloop
  endfacet
  facet normal -0.8577286100002717 0.5141027441932225 0
    outer loop
      vertex 1.3228818965225326 -0.7070951052389964 0
      vertex 1.2472044184538178 -0.8333553495294033 0
      vertex 1.2472044184538178 -0.8333553495294033 2
    endloop
  endfacet
  facet normal -0.9039892931234438 0.4275550934302809 0
    outer loop
      vertex 1.38581929876693 -0.5740251485476346 0
      vertex 1.3228818965225326 -0.7070951052389964 0
      vertex 1.3228818965225326 -0.7070951052389964 2
    endloop
  endfacet
  facet normal -0.9415440651830204 0.3368898533922211 0
    outer loop
      vertex 1.4354105035983133 -0.4354270158816935 0
      vertex 1.38581929876693 -0.5740251485476346 0
      vertex 1.38581929876693 -0.5740251485476346 2
    endloop
  endfacet
  facet normal -0.9700312531945442 0.24298017990326345 0
    outer loop
      vertex 1.4711779206048456 -0.2926354830241924 0
      vertex 1.4354105035983133 -0.4354270158816935 0
      vertex 1.4354105035983133 -0.4354270158816935 2
    endloop
  endfacet
  facet normal -0.9891765099647809 0.1467304744553616 0
    outer loop
      vertex 1.4927770900082953 -0.1470257104943409 0
      vertex 1.4711779206048456 -0.2926354830241924 0
      vertex 1.4711779206048456 -0.2926354830241924 2
    endloop
  endfacet
  facet normal -0.9987954562051724 0.049067674327418334 0
    outer loop
      vertex 1.4927770900082953 -0.1470257104943409 0
      vertex 1.4927770900082953 -0.1470257104943409 2
      vertex 1.5 0 0
    endloop
  endfacet
  facet normal 0.7409511253549597 0.6715589548470179 0
    outer loop
      vertex -1.0606601717798214 -1.0606601717798214 0
      vertex -1.1595156800441055 -0.9515899262454682 2
      vertex -1.0606601717798214 -1.0606601717798214 2
    endloop
  endfacet
  facet normal 0.5956993044924325 0.8032075314806456 0
    outer loop
      vertex -0.8333553495294033 -1.2472044184538178 0
      vertex -0.9515899262454682 -1.1595156800441055 2
      vertex -0.8333553495294033 -1.2472044184538178 2
    endloop
  endfacet
  facet normal 0.6715589548470179 0.7409511253549597 0
    outer loop
      vertex -0.9515899262454682 -1.1595156800441055 0
      vertex -1.0606601717798214 -1.0606601717798214 2
      vertex -0.9515899262454682 -1.1595156800441055 2
    endloop
  endfacet
  facet normal 0.8577286100002717 0.5141027441932225 0
    outer loop
      vertex -1.2472044184538178 -0.8333553495294033 0
      vertex -1.3228818965225326 -0.7070951052389964 2
      vertex -1.2472044184538178 -0.8333553495294033 2
    endloop
  endfacet
  facet normal 0.8032075314806456 0.5956993044924325 0
    outer loop
      vertex -1.1595156800441055 -0.9515899262454682 0
      vertex -1.2472044184538178 -0.8333553495294033 2
      vertex -1.1595156800441055 -0.9515899262454682 2
    endloop
  endfacet
  facet normal 0.9039892931234438 0.4275550934302809 0
    outer loop
      vertex -1.3228818965225326 -0.7070951052389964 0
      vertex -1.38581929876693 -0.5740251485476346 2
      vertex -1.3228818965225326 -0.7070951052389964 2
    endloop
  endfacet
  facet normal 0.9415440651830204 0.3368898533922211 0
    outer loop
      vertex -1.38581929876693 -0.5740251485476346 0
      vertex -1.4354105035983133 -0.4354270158816935 2
      vertex -1.38581929876693 -0.5740251485476346 2
    endloop
  endfacet
  facet normal 0.9700312531945442 0.24298017990326345 0
    outer loop
      vertex -1.4354105035983133 -0.4354270158816935 0
      vertex -1.4711779206048456 -0.2926354830241924 2
      vertex -1.4354105035983133 -0.4354270158816935 2
    endloop
  endfacet
  facet normal -0.5956993044924325 0.8032075314806456 0
    outer loop
      vertex 0.9515899262454682 -1.1595156800441055 0
      vertex 0.8333553495294033 -1.2472044184538178 2
      vertex 0.9515899262454682 -1.1595156800441055 2
    endloop
  endfacet
  facet normal -0.6715589548470179 0.7409511253549597 0
    outer loop
      vertex 1.0606601717798214 -1.0606601717798214 0
      vertex 0.9515899262454682 -1.1595156800441055 2
      vertex 1.0606601717798214 -1.0606601717798214 2
    endloop
  endfacet
  facet normal -0.7409511253549597 0.6715589548470179 0
    outer loop
      vertex 1.1595156800441055 -0.9515899262454682 0
      vertex 1.0606601717798214 -1.0606601717798214 2
      vertex 1.1595156800441055 -0.9515899262454682 2
    endloop
  endfacet
  facet normal -0.8032075314806456 0.5956993044924325 0
    outer loop
      vertex 1.2472044184538178 -0.8333553495294033 0
      vertex 1.1595156800441055 -0.9515899262454682 2
      vertex 1.2472044184538178 -0.8333553495294033 2
    endloop
  endfacet
  facet normal -0.8577286100002717 0.5141027441932225 0
    outer loop
      vertex 1.3228818965225326 -0.7070951052389964 0
      vertex 1.2472044184538178 -0.8333553495294033 2
      vertex 1.3228818965225326 -0.7070951052389964 2
    endloop
  endfacet
  facet normal -0.9039892931234438 0.4275550934302809 0
    outer loop
      vertex 1.38581929876693 -0.5740251485476346 0
      vertex 1.3228818965225326 -0.7070951052389964 2
      vertex 1.38581929876693 -0.5740251485476346 2
    endloop
  endfacet
  facet normal -0.9415440651830204 0.3368898533922211 0
    outer loop
      vertex 1.4354105035983133 -0.4354270158816935 0
      vertex 1.38581929876693 -0.5740251485476346 2
      vertex 1.4354105035983133 -0.4354270158816935 2
    endloop
  endfacet
  facet normal -0.9700312531945442 0.24298017990326345 0
    outer loop
      vertex 1.4711779206048456 -0.2926354830241924 0
      vertex 1.4354105035983133 -0.4354270158816935 2
      vertex 1.4711779206048456 -0.2926354830241924 2
    endloop
  endfacet
  facet normal -0.9891765099647809 0.1467304744553616 0
    outer loop
      vertex 1.4927770900082953 -0.1470257104943409 0
      vertex 1.4711779206048456 -0.2926354830241924 2
      vertex 1.4927770900082953 -0.1470257104943409 2
    endloop
  endfacet
  facet normal -0.9987954562051724 0.049067674327418334 0
    outer loop
      vertex 1.5 0 0
      vertex 1.4927770900082953 -0.1470257104943409 2
      vertex 1.5 0 2
    endloop
  endfacet
  facet normal 0.9987954562051724 -0.049067674327418334 0
    outer loop
      vertex -1.5 0 0
      vertex -1.4927770900082953 0.1470257104943409 0
      vertex -1.4927770900082953 0.1470257104943409 2
    endloop
  endfacet
  facet normal 0.9891765099647809 -0.1467304744553616 0
    outer loop
      vertex -1.4927770900082953 0.1470257104943409 0
      vertex -1.4711779206048456 0.2926354830241924 0
      vertex -1.4711779206048456 0.2926354830241924 2
    endloop
  endfacet
  facet normal 0.9987954562051724 -0.049067674327418334 0
    outer loop
      vertex -1.5 0 0
      vertex -1.4927770900082953 0.1470257104943409 2
      vertex -1.5 0 2
    endloop
  endfacet
  facet normal 0.9891765099647809 -0.1467304744553616 0
    outer loop
      vertex -1.4927770900082953 0.1470257104943409 0
      vertex -1.4711779206048456 0.2926354830241924 2
      vertex -1.4927770900082953 0.1470257104943409 2
    endloop
  endfacet
  facet normal 0.9700312531945442 -0.24298017990326345 0
    outer loop
      vertex -1.4711779206048456 0.2926354830241924 0
      vertex -1.4354105035983133 0.4354270158816935 0
      vertex -1.4354105035983133 0.4354270158816935 2
    endloop
  endfacet
  facet normal 0.9415440651830204 -0.3368898533922211 0
    outer loop
      vertex -1.4354105035983133 0.4354270158816935 0
      vertex -1.38581929876693 0.5740251485476346 0
      vertex -1.38581929876693 0.5740251485476346 2
    endloop
  endfacet
  facet normal 0.9039892931234438 -0.4275550934302809 0
    outer loop
      vertex -1.38581929876693 0.5740251485476346 0
      vertex -1.3228818965225326 0.7070951052389964 0
      vertex -1.3228818965225326 0.7070951052389964 2
    endloop
  endfacet
  facet normal 0.8577286100002717 -0.5141027441932225 0
    outer loop
      vertex -1.3228818965225326 0.7070951052389964 0
      vertex -1.2472044184538178 0.8333553495294033 0
      vertex -1.2472044184538178 0.8333553495294033 2
    endloop
  endfacet
  facet normal 0.8032075314806456 -0.5956993044924325 0
    outer loop
      vertex -1.2472044184538178 0.8333553495294033 0
      vertex -1.1595156800441055 0.9515899262454682 0
      vertex -1.1595156800441055 0.9515899262454682 2
    endloop
  endfacet
  facet normal 0.7409511253549597 -0.6715589548470179 0
    outer loop
      vertex -1.1595156800441055 0.9515899262454682 0
      vertex -1.0606601717798214 1.0606601717798214 0
      vertex -1.0606601717798214 1.0606601717798214 2
    endloop
  endfacet
  facet normal 0.6715589548470179 -0.7409511253549597 0
    outer loop
      vertex -0.9515899262454682 1.1595156800441055 0
      vertex -0.9515899262454682 1.1595156800441055 2
      vertex -1.0606601717798214 1.0606601717798214 0
    endloop
  endfacet
  facet normal 0.5956993044924325 -0.8032075314806456 0
    outer loop
      vertex -0.8333553495294033 1.2472044184538178 0
      vertex -0.8333553495294033 1.2472044184538178 2
      vertex -0.9515899262454682 1.1595156800441055 0
    endloop
  endfacet
  facet normal -0.9987954562051724 -0.049067674327418334 0
    outer loop
      vertex 1.5 0 0
      vertex 1.5 0 2
      vertex 1.4927770900082953 0.1470257104943409 0
    endloop
  endfacet
  facet normal -0.9891765099647809 -0.1467304744553616 0
    outer loop
      vertex 1.4711779206048456 0.2926354830241924 0
      vertex 1.4927770900082953 0.1470257104943409 0
      vertex 1.4927770900082953 0.1470257104943409 2
    endloop
  endfacet
  facet normal -0.9700312531945442 -0.24298017990326345 0
    outer loop
      vertex 1.4354105035983133 0.4354270158816935 0
      vertex 1.4711779206048456 0.2926354830241924 0
      vertex 1.4711779206048456 0.2926354830241924 2
    endloop
  endfacet
  facet normal -0.9039892931234438 -0.4275550934302809 0
    outer loop
      vertex 1.3228818965225326 0.7070951052389964 0
      vertex 1.38581929876693 0.5740251485476346 0
      vertex 1.38581929876693 0.5740251485476346 2
    endloop
  endfacet
  facet normal -0.9415440651830204 -0.3368898533922211 0
    outer loop
      vertex 1.38581929876693 0.5740251485476346 0
      vertex 1.4354105035983133 0.4354270158816935 0
      vertex 1.4354105035983133 0.4354270158816935 2
    endloop
  endfacet
  facet normal -0.7409511253549597 -0.6715589548470179 0
    outer loop
      vertex 1.0606601717798214 1.0606601717798214 0
      vertex 1.1595156800441055 0.9515899262454682 0
      vertex 1.1595156800441055 0.9515899262454682 2
    endloop
  endfacet
  facet normal -0.6715589548470179 -0.7409511253549597 0
    outer loop
      vertex 1.0606601717798214 1.0606601717798214 0
      vertex 1.0606601717798214 1.0606601717798214 2
      vertex 0.9515899262454682 1.1595156800441055 0
    endloop
  endfacet
  facet normal -0.5956993044924325 -0.8032075314806456 0
    outer loop
      vertex 0.9515899262454682 1.1595156800441055 0
      vertex 0.9515899262454682 1.1595156800441055 2
      vertex 0.8333553495294033 1.2472044184538178 0
    endloop
  endfacet
  facet normal -0.8577286100002717 -0.5141027441932225 0
    outer loop
      vertex 1.2472044184538178 0.8333553495294033 0
      vertex 1.3228818965225326 0.7070951052389964 0
      vertex 1.3228818965225326 0.7070951052389964 2
    endloop
  endfacet
  facet normal -0.8032075314806456 -0.5956993044924325 0
    outer loop
      vertex 1.1595156800441055 0.9515899262454682 0
      vertex 1.2472044184538178 0.8333553495294033 0
      vertex 1.2472044184538178 0.8333553495294033 2
    endloop
  endfacet
  facet normal 0.9700312531945442 -0.24298017990326345 0
    outer loop
      vertex -1.4711779206048456 0.2926354830241924 0
      vertex -1.4354105035983133 0.4354270158816935 2
      vertex -1.4711779206048456 0.2926354830241924 2
    endloop
  endfacet
  facet normal 0.9415440651830204 -0.3368898533922211 0
    outer loop
      vertex -1.4354105035983133 0.4354270158816935 0
      vertex -1.38581929876693 0.5740251485476346 2
      vertex -1.4354105035983133 0.4354270158816935 2
    endloop
  endfacet
  facet normal 0.9039892931234438 -0.4275550934302809 0
    outer loop
      vertex -1.38581929876693 0.5740251485476346 0
      vertex -1.3228818965225326 0.7070951052389964 2
      vertex -1.38581929876693 0.5740251485476346 2
    endloop
  endfacet
  facet normal 0.8577286100002717 -0.5141027441932225 0
    outer loop
      vertex -1.3228818965225326 0.7070951052389964 0
      vertex -1.2472044184538178 0.8333553495294033 2
      vertex -1.3228818965225326 0.7070951052389964 2
    endloop
  endfacet
  facet normal 0.8032075314806456 -0.5956993044924325 0
    outer loop
      vertex -1.2472044184538178 0.8333553495294033 0
      vertex -1.1595156800441055 0.9515899262454682 2
      vertex -1.2472044184538178 0.8333553495294033 2
    endloop
  endfacet
  facet normal 0.7409511253549597 -0.6715589548470179 0
    outer loop
      vertex -1.1595156800441055 0.9515899262454682 0
      vertex -1.0606601717798214 1.0606601717798214 2
      vertex -1.1595156800441055 0.9515899262454682 2
    endloop
  endfacet
  facet normal 0.6715589548470179 -0.7409511253549597 0
    outer loop
      vertex -1.0606601717798214 1.0606601717798214 0
      vertex -0.9515899262454682 1.1595156800441055 2
      vertex -1.0606601717798214 1.0606601717798214 2
    endloop
  endfacet
  facet normal 0.5956993044924325 -0.8032075314806456 0
    outer loop
      vertex -0.9515899262454682 1.1595156800441055 0
      vertex -0.8333553495294033 1.2472044184538178 2
      vertex -0.9515899262454682 1.1595156800441055 2
    endloop
  endfacet
  facet normal -0.9987954562051724 -0.049067674327418334 0
    outer loop
      vertex 1.4927770900082953 0.1470257104943409 0
      vertex 1.5 0 2
      vertex 1.4927770900082953 0.1470257104943409 2
    endloop
  endfacet
  facet normal -0.9891765099647809 -0.1467304744553616 0
    outer loop
      vertex 1.4711779206048456 0.2926354830241924 0
      vertex 1.4927770900082953 0.1470257104943409 2
      vertex 1.4711779206048456 0.2926354830241924 2
    endloop
  endfacet
  facet normal -0.9700312531945442 -0.24298017990326345 0
    outer loop
      vertex 1.4354105035983133 0.4354270158816935 0
      vertex 1.4711779206048456 0.2926354830241924 2
      vertex 1.4354105035983133 0.4354270158816935 2
    endloop
  endfacet
  facet normal -0.9415440651830204 -0.3368898533922211 0
    outer loop
      vertex 1.38581929876693 0.5740251485476346 0
      vertex 1.4354105035983133 0.4354270158816935 2
      vertex 1.38581929876693 0.5740251485476346 2
    endloop
  endfacet
  facet normal -0.7409511253549597 -0.6715589548470179 0
    outer loop
      vertex 1.0606601717798214 1.0606601717798214 0
      vertex 1.1595156800441055 0.9515899262454682 2
      vertex 1.0606601717798214 1.0606601717798214 2
    endloop
  endfacet
  facet normal -0.5956993044924325 -0.8032075314806456 0
    outer loop
      vertex 0.8333553495294033 1.2472044184538178 0
      vertex 0.9515899262454682 1.1595156800441055 2
      vertex 0.8333553495294033 1.2472044184538178 2
    endloop
  endfacet
  facet normal -0.6715589548470179 -0.7409511253549597 0
    outer loop
      vertex 0.9515899262454682 1.1595156800441055 0
      vertex 1.0606601717798214 1.0606601717798214 2
      vertex 0.9515899262454682 1.1595156800441055 2
    endloop
  endfacet
  facet normal -0.9039892931234438 -0.4275550934302809 0
    outer loop
      vertex 1.3228818965225326 0.7070951052389964 0
      vertex 1.38581929876693 0.5740251485476346 2
      vertex 1.3228818965225326 0.7070951052389964 2
    endloop
  endfacet
  facet normal -0.8577286100002717 -0.5141027441932225 0
    outer loop
      vertex 1.2472044184538178 0.8333553495294033 0
      vertex 1.3228818965225326 0.7070951052389964 2
      vertex 1.2472044184538178 0.8333553495294033 2
    endloop
  endfacet
  facet normal -0.8032075314806456 -0.5956993044924325 0
    outer loop
      vertex 1.1595156800441055 0.9515899262454682 0
      vertex 1.2472044184538178 0.8333553495294033 2
      vertex 1.1595156800441055 0.9515899262454682 2
    endloop
  endfacet
  facet normal 0.5141027441932225 -0.8577286100002717 0
    outer loop
      vertex -0.7070951052389964 1.3228818965225326 0
      vertex -0.7070951052389964 1.3228818965225326 2
      vertex -0.8333553495294033 1.2472044184538178 0
    endloop
  endfacet
  facet normal 0.4275550934302809 -0.9039892931234438 0
    outer loop
      vertex -0.5740251485476346 1.38581929876693 0
      vertex -0.5740251485476346 1.38581929876693 2
      vertex -0.7070951052389964 1.3228818965225326 0
    endloop
  endfacet
  facet normal 0.3368898533922211 -0.9415440651830204 0
    outer loop
      vertex -0.4354270158816935 1.4354105035983133 0
      vertex -0.4354270158816935 1.4354105035983133 2
      vertex -0.5740251485476346 1.38581929876693 0
    endloop
  endfacet
  facet normal 0.24298017990326345 -0.9700312531945442 0
    outer loop
      vertex -0.2926354830241924 1.4711779206048456 0
      vertex -0.2926354830241924 1.4711779206048456 2
      vertex -0.4354270158816935 1.4354105035983133 0
    endloop
  endfacet
  facet normal 0.1467304744553616 -0.9891765099647809 0
    outer loop
      vertex -0.1470257104943409 1.4927770900082953 0
      vertex -0.1470257104943409 1.4927770900082953 2
      vertex -0.2926354830241924 1.4711779206048456 0
    endloop
  endfacet
  facet normal 0.049067674327418334 -0.9987954562051724 0
    outer loop
      vertex 0 1.5 0
      vertex 0 1.5 2
      vertex -0.1470257104943409 1.4927770900082953 0
    endloop
  endfacet
  facet normal -0.1467304744553616 -0.9891765099647809 0
    outer loop
      vertex 0.2926354830241924 1.4711779206048456 0
      vertex 0.2926354830241924 1.4711779206048456 2
      vertex 0.1470257104943409 1.4927770900082953 0
    endloop
  endfacet
  facet normal -0.049067674327418334 -0.9987954562051724 0
    outer loop
      vertex 0.1470257104943409 1.4927770900082953 0
      vertex 0.1470257104943409 1.4927770900082953 2
      vertex 0 1.5 0
    endloop
  endfacet
  facet normal -0.3368898533922211 -0.9415440651830204 0
    outer loop
      vertex 0.5740251485476346 1.38581929876693 0
      vertex 0.5740251485476346 1.38581929876693 2
      vertex 0.4354270158816935 1.4354105035983133 0
    endloop
  endfacet
  facet normal -0.4275550934302809 -0.9039892931234438 0
    outer loop
      vertex 0.7070951052389964 1.3228818965225326 0
      vertex 0.7070951052389964 1.3228818965225326 2
      vertex 0.5740251485476346 1.38581929876693 0
    endloop
  endfacet
  facet normal -0.24298017990326345 -0.9700312531945442 0
    outer loop
      vertex 0.4354270158816935 1.4354105035983133 0
      vertex 0.4354270158816935 1.4354105035983133 2
      vertex 0.2926354830241924 1.4711779206048456 0
    endloop
  endfacet
  facet normal -0.5141027441932225 -0.8577286100002717 0
    outer loop
      vertex 0.8333553495294033 1.2472044184538178 0
      vertex 0.8333553495294033 1.2472044184538178 2
      vertex 0.7070951052389964 1.3228818965225326 0
    endloop
  endfacet
  facet normal 0.5141027441932225 -0.8577286100002717 0
    outer loop
      vertex -0.8333553495294033 1.2472044184538178 0
      vertex -0.7070951052389964 1.3228818965225326 2
      vertex -0.8333553495294033 1.2472044184538178 2
    endloop
  endfacet
  facet normal 0.4275550934302809 -0.9039892931234438 0
    outer loop
      vertex -0.7070951052389964 1.3228818965225326 0
      vertex -0.5740251485476346 1.38581929876693 2
      vertex -0.7070951052389964 1.3228818965225326 2
    endloop
  endfacet
  facet normal 0.3368898533922211 -0.9415440651830204 0
    outer loop
      vertex -0.5740251485476346 1.38581929876693 0
      vertex -0.4354270158816935 1.4354105035983133 2
      vertex -0.5740251485476346 1.38581929876693 2
    endloop
  endfacet
  facet normal 0.24298017990326345 -0.9700312531945442 0
    outer loop
      vertex -0.4354270158816935 1.4354105035983133 0
      vertex -0.2926354830241924 1.4711779206048456 2
      vertex -0.4354270158816935 1.4354105035983133 2
    endloop
  endfacet
  facet normal 0.1467304744553616 -0.9891765099647809 0
    outer loop
      vertex -0.2926354830241924 1.4711779206048456 0
      vertex -0.1470257104943409 1.4927770900082953 2
      vertex -0.2926354830241924 1.4711779206048456 2
    endloop
  endfacet
  facet normal 0.049067674327418334 -0.9987954562051724 0
    outer loop
      vertex -0.1470257104943409 1.4927770900082953 0
      vertex 0 1.5 2
      vertex -0.1470257104943409 1.4927770900082953 2
    endloop
  endfacet
  facet normal -0.049067674327418334 -0.9987954562051724 0
    outer loop
      vertex 0 1.5 0
      vertex 0.1470257104943409 1.4927770900082953 2
      vertex 0 1.5 2
    endloop
  endfacet
  facet normal -0.1467304744553616 -0.9891765099647809 0
    outer loop
      vertex 0.1470257104943409 1.4927770900082953 0
      vertex 0.2926354830241924 1.4711779206048456 2
      vertex 0.1470257104943409 1.4927770900082953 2
    endloop
  endfacet
  facet normal -0.4275550934302809 -0.9039892931234438 0
    outer loop
      vertex 0.5740251485476346 1.38581929876693 0
      vertex 0.7070951052389964 1.3228818965225326 2
      vertex 0.5740251485476346 1.38581929876693 2
    endloop
  endfacet
  facet normal -0.24298017990326345 -0.9700312531945442 0
    outer loop
      vertex 0.2926354830241924 1.4711779206048456 0
      vertex 0.4354270158816935 1.4354105035983133 2
      vertex 0.2926354830241924 1.4711779206048456 2
    endloop
  endfacet
  facet normal -0.3368898533922211 -0.9415440651830204 0
    outer loop
      vertex 0.4354270158816935 1.4354105035983133 0
      vertex 0.5740251485476346 1.38581929876693 2
      vertex 0.4354270158816935 1.4354105035983133 2
    endloop
  endfacet
  facet normal -0.5141027441932225 -0.8577286100002717 0
    outer loop
      vertex 0.7070951052389964 1.3228818965225326 0
      vertex 0.8333553495294033 1.2472044184538178 2
      vertex 0.7070951052389964 1.3228818965225326 2
    endloop
  endfacet
  facet normal 0.5141027441932225 0.8577286100002717 0
    outer loop
      vertex 29.166644650470598 -1.2472044184538178 2
      vertex 29.292904894761005 -1.3228818965225326 0
      vertex 29.166644650470598 -1.2472044184538178 0
    endloop
  endfacet
  facet normal 0.42755509343028153 0.9039892931234437 0
    outer loop
      vertex 29.292904894761005 -1.3228818965225326 2
      vertex 29.425974851452366 -1.38581929876693 0
      vertex 29.292904894761005 -1.3228818965225326 0
    endloop
  endfacet
  facet normal 0.24298017990326345 0.9700312531945442 0
    outer loop
      vertex 29.564572984118307 -1.4354105035983133 2
      vertex 29.707364516975808 -1.4711779206048456 0
      vertex 29.564572984118307 -1.4354105035983133 0
    endloop
  endfacet
  facet normal 0.14673047445536117 0.9891765099647811 0
    outer loop
      vertex 29.707364516975808 -1.4711779206048456 2
      vertex 29.85297428950566 -1.4927770900082953 0
      vertex 29.707364516975808 -1.4711779206048456 0
    endloop
  endfacet
  facet normal 0.3368898533922226 0.9415440651830199 0
    outer loop
      vertex 29.425974851452366 -1.38581929876693 2
      vertex 29.564572984118307 -1.4354105035983133 0
      vertex 29.425974851452366 -1.38581929876693 0
    endloop
  endfacet
  facet normal 0.04906767432741864 0.9987954562051724 0
    outer loop
      vertex 29.85297428950566 -1.4927770900082953 2
      vertex 30 -1.5 0
      vertex 29.85297428950566 -1.4927770900082953 0
    endloop
  endfacet
  facet normal -0.04906767432741864 0.9987954562051724 0
    outer loop
      vertex 30 -1.5 2
      vertex 30.14702571049434 -1.4927770900082953 0
      vertex 30 -1.5 0
    endloop
  endfacet
  facet normal -0.14673047445536117 0.9891765099647811 0
    outer loop
      vertex 30.14702571049434 -1.4927770900082953 2
      vertex 30.292635483024192 -1.4711779206048456 0
      vertex 30.14702571049434 -1.4927770900082953 0
    endloop
  endfacet
  facet normal 0.42755509343028153 0.9039892931234437 0
    outer loop
      vertex 29.425974851452366 -1.38581929876693 2
      vertex 29.425974851452366 -1.38581929876693 0
      vertex 29.292904894761005 -1.3228818965225326 2
    endloop
  endfacet
  facet normal 0.5141027441932225 0.8577286100002717 0
    outer loop
      vertex 29.292904894761005 -1.3228818965225326 2
      vertex 29.292904894761005 -1.3228818965225326 0
      vertex 29.166644650470598 -1.2472044184538178 2
    endloop
  endfacet
  facet normal 0.3368898533922226 0.9415440651830199 0
    outer loop
      vertex 29.564572984118307 -1.4354105035983133 2
      vertex 29.564572984118307 -1.4354105035983133 0
      vertex 29.425974851452366 -1.38581929876693 2
    endloop
  endfacet
  facet normal 0.14673047445536117 0.9891765099647811 0
    outer loop
      vertex 29.85297428950566 -1.4927770900082953 2
      vertex 29.85297428950566 -1.4927770900082953 0
      vertex 29.707364516975808 -1.4711779206048456 2
    endloop
  endfacet
  facet normal 0.24298017990326345 0.9700312531945442 0
    outer loop
      vertex 29.707364516975808 -1.4711779206048456 2
      vertex 29.707364516975808 -1.4711779206048456 0
      vertex 29.564572984118307 -1.4354105035983133 2
    endloop
  endfacet
  facet normal 0.04906767432741864 0.9987954562051724 0
    outer loop
      vertex 30 -1.5 2
      vertex 30 -1.5 0
      vertex 29.85297428950566 -1.4927770900082953 2
    endloop
  endfacet
  facet normal -0.04906767432741864 0.9987954562051724 0
    outer loop
      vertex 30.14702571049434 -1.4927770900082953 2
      vertex 30.14702571049434 -1.4927770900082953 0
      vertex 30 -1.5 2
    endloop
  endfacet
  facet normal -0.14673047445536117 0.9891765099647811 0
    outer loop
      vertex 30.292635483024192 -1.4711779206048456 2
      vertex 30.292635483024192 -1.4711779206048456 0
      vertex 30.14702571049434 -1.4927770900082953 2
    endloop
  endfacet
  facet normal 0.9700312531945442 0.24298017990326345 0
    outer loop
      vertex 28.528822079395155 -0.2926354830241924 2
      vertex 28.564589496401688 -0.4354270158816935 0
      vertex 28.528822079395155 -0.2926354830241924 0
    endloop
  endfacet
  facet normal 0.9891765099647792 0.14673047445537343 0
    outer loop
      vertex 28.507222909991704 -0.1470257104943409 2
      vertex 28.528822079395155 -0.2926354830241924 0
      vertex 28.507222909991704 -0.1470257104943409 0
    endloop
  endfacet
  facet normal 0.9987954562051726 0.04906767432741231 0
    outer loop
      vertex 28.5 0 2
      vertex 28.507222909991704 -0.1470257104943409 0
      vertex 28.5 0 0
    endloop
  endfacet
  facet normal 0.6715589548470129 0.740951125354964 0
    outer loop
      vertex 29.048410073754532 -1.1595156800441055 0
      vertex 28.939339828220177 -1.0606601717798214 0
      vertex 28.939339828220177 -1.0606601717798214 2
    endloop
  endfacet
  facet normal 0.740951125354965 0.6715589548470121 0
    outer loop
      vertex 28.840484319955895 -0.9515899262454682 2
      vertex 28.939339828220177 -1.0606601717798214 0
      vertex 28.840484319955895 -0.9515899262454682 0
    endloop
  endfacet
  facet normal 0.5956993044924286 0.8032075314806486 0
    outer loop
      vertex 29.048410073754532 -1.1595156800441055 2
      vertex 29.166644650470598 -1.2472044184538178 0
      vertex 29.048410073754532 -1.1595156800441055 0
    endloop
  endfacet
  facet normal 0.8032075314806406 0.5956993044924394 0
    outer loop
      vertex 28.75279558154618 -0.8333553495294033 2
      vertex 28.840484319955895 -0.9515899262454682 0
      vertex 28.75279558154618 -0.8333553495294033 0
    endloop
  endfacet
  facet normal 0.857728610000279 0.5141027441932103 0
    outer loop
      vertex 28.67711810347747 -0.7070951052389964 2
      vertex 28.75279558154618 -0.8333553495294033 0
      vertex 28.67711810347747 -0.7070951052389964 0
    endloop
  endfacet
  facet normal 0.9039892931234433 0.42755509343028214 0
    outer loop
      vertex 28.61418070123307 -0.5740251485476346 2
      vertex 28.67711810347747 -0.7070951052389964 0
      vertex 28.61418070123307 -0.5740251485476346 0
    endloop
  endfacet
  facet normal 0.9415440651830204 0.3368898533922211 0
    outer loop
      vertex 28.564589496401688 -0.4354270158816935 2
      vertex 28.61418070123307 -0.5740251485476346 0
      vertex 28.564589496401688 -0.4354270158816935 0
    endloop
  endfacet
  facet normal 0.9891765099647792 0.14673047445537343 0
    outer loop
      vertex 28.507222909991704 -0.1470257104943409 2
      vertex 28.528822079395155 -0.2926354830241924 2
      vertex 28.528822079395155 -0.2926354830241924 0
    endloop
  endfacet
  facet normal 0.9987954562051726 0.04906767432741231 0
    outer loop
      vertex 28.5 0 2
      vertex 28.507222909991704 -0.1470257104943409 2
      vertex 28.507222909991704 -0.1470257104943409 0
    endloop
  endfacet
  facet normal 0.740951125354965 0.6715589548470121 0
    outer loop
      vertex 28.840484319955895 -0.9515899262454682 2
      vertex 28.939339828220177 -1.0606601717798214 2
      vertex 28.939339828220177 -1.0606601717798214 0
    endloop
  endfacet
  facet normal 0.5956993044924286 0.8032075314806486 0
    outer loop
      vertex 29.166644650470598 -1.2472044184538178 2
      vertex 29.166644650470598 -1.2472044184538178 0
      vertex 29.048410073754532 -1.1595156800441055 2
    endloop
  endfacet
  facet normal 0.6715589548470129 0.740951125354964 0
    outer loop
      vertex 29.048410073754532 -1.1595156800441055 2
      vertex 29.048410073754532 -1.1595156800441055 0
      vertex 28.939339828220177 -1.0606601717798214 2
    endloop
  endfacet
  facet normal 0.857728610000279 0.5141027441932103 0
    outer loop
      vertex 28.67711810347747 -0.7070951052389964 2
      vertex 28.75279558154618 -0.8333553495294033 2
      vertex 28.75279558154618 -0.8333553495294033 0
    endloop
  endfacet
  facet normal 0.8032075314806406 0.5956993044924394 0
    outer loop
      vertex 28.75279558154618 -0.8333553495294033 2
      vertex 28.840484319955895 -0.9515899262454682 2
      vertex 28.840484319955895 -0.9515899262454682 0
    endloop
  endfacet
  facet normal 0.9039892931234433 0.42755509343028214 0
    outer loop
      vertex 28.61418070123307 -0.5740251485476346 2
      vertex 28.67711810347747 -0.7070951052389964 2
      vertex 28.67711810347747 -0.7070951052389964 0
    endloop
  endfacet
  facet normal 0.9415440651830204 0.3368898533922211 0
    outer loop
      vertex 28.564589496401688 -0.4354270158816935 2
      vertex 28.61418070123307 -0.5740251485476346 2
      vertex 28.61418070123307 -0.5740251485476346 0
    endloop
  endfacet
  facet normal 0.9700312531945442 0.24298017990326345 0
    outer loop
      vertex 28.528822079395155 -0.2926354830241924 2
      vertex 28.564589496401688 -0.4354270158816935 2
      vertex 28.564589496401688 -0.4354270158816935 0
    endloop
  endfacet
  facet normal -0.24298017990326345 0.9700312531945442 0
    outer loop
      vertex 30.292635483024192 -1.4711779206048456 2
      vertex 30.435427015881693 -1.4354105035983133 0
      vertex 30.292635483024192 -1.4711779206048456 0
    endloop
  endfacet
  facet normal -0.3368898533922226 0.9415440651830199 0
    outer loop
      vertex 30.435427015881693 -1.4354105035983133 2
      vertex 30.574025148547634 -1.38581929876693 0
      vertex 30.435427015881693 -1.4354105035983133 0
    endloop
  endfacet
  facet normal -0.42755509343028153 0.9039892931234437 0
    outer loop
      vertex 30.574025148547634 -1.38581929876693 2
      vertex 30.707095105238995 -1.3228818965225326 0
      vertex 30.574025148547634 -1.38581929876693 0
    endloop
  endfacet
  facet normal -0.5141027441932225 0.8577286100002717 0
    outer loop
      vertex 30.707095105238995 -1.3228818965225326 2
      vertex 30.833355349529402 -1.2472044184538178 0
      vertex 30.707095105238995 -1.3228818965225326 0
    endloop
  endfacet
  facet normal -0.24298017990326345 0.9700312531945442 0
    outer loop
      vertex 30.435427015881693 -1.4354105035983133 2
      vertex 30.435427015881693 -1.4354105035983133 0
      vertex 30.292635483024192 -1.4711779206048456 2
    endloop
  endfacet
  facet normal -0.3368898533922226 0.9415440651830199 0
    outer loop
      vertex 30.574025148547634 -1.38581929876693 2
      vertex 30.574025148547634 -1.38581929876693 0
      vertex 30.435427015881693 -1.4354105035983133 2
    endloop
  endfacet
  facet normal -0.42755509343028153 0.9039892931234437 0
    outer loop
      vertex 30.707095105238995 -1.3228818965225326 2
      vertex 30.707095105238995 -1.3228818965225326 0
      vertex 30.574025148547634 -1.38581929876693 2
    endloop
  endfacet
  facet normal -0.5141027441932225 0.8577286100002717 0
    outer loop
      vertex 30.833355349529402 -1.2472044184538178 2
      vertex 30.833355349529402 -1.2472044184538178 0
      vertex 30.707095105238995 -1.3228818965225326 2
    endloop
  endfacet
  facet normal -0.5956993044924286 0.8032075314806486 0
    outer loop
      vertex 30.833355349529402 -1.2472044184538178 2
      vertex 30.951589926245468 -1.1595156800441055 0
      vertex 30.833355349529402 -1.2472044184538178 0
    endloop
  endfacet
  facet normal -0.6715589548470129 0.740951125354964 0
    outer loop
      vertex 30.951589926245468 -1.1595156800441055 2
      vertex 31.060660171779823 -1.0606601717798214 0
      vertex 30.951589926245468 -1.1595156800441055 0
    endloop
  endfacet
  facet normal -0.740951125354965 0.6715589548470121 0
    outer loop
      vertex 31.060660171779823 -1.0606601717798214 0
      vertex 31.060660171779823 -1.0606601717798214 2
      vertex 31.159515680044105 -0.9515899262454682 0
    endloop
  endfacet
  facet normal -0.8032075314806406 0.5956993044924394 0
    outer loop
      vertex 31.159515680044105 -0.9515899262454682 2
      vertex 31.24720441845382 -0.8333553495294033 0
      vertex 31.159515680044105 -0.9515899262454682 0
    endloop
  endfacet
  facet normal -0.857728610000279 0.5141027441932103 0
    outer loop
      vertex 31.24720441845382 -0.8333553495294033 2
      vertex 31.32288189652253 -0.7070951052389964 0
      vertex 31.24720441845382 -0.8333553495294033 0
    endloop
  endfacet
  facet normal -0.9039892931234433 0.42755509343028214 0
    outer loop
      vertex 31.32288189652253 -0.7070951052389964 2
      vertex 31.38581929876693 -0.5740251485476346 0
      vertex 31.32288189652253 -0.7070951052389964 0
    endloop
  endfacet
  facet normal -0.9415440651830204 0.3368898533922211 0
    outer loop
      vertex 31.38581929876693 -0.5740251485476346 2
      vertex 31.435410503598312 -0.4354270158816935 0
      vertex 31.38581929876693 -0.5740251485476346 0
    endloop
  endfacet
  facet normal -0.9700312531945442 0.24298017990326345 0
    outer loop
      vertex 31.435410503598312 -0.4354270158816935 2
      vertex 31.471177920604845 -0.2926354830241924 0
      vertex 31.435410503598312 -0.4354270158816935 0
    endloop
  endfacet
  facet normal -0.9891765099647792 0.14673047445537343 0
    outer loop
      vertex 31.471177920604845 -0.2926354830241924 2
      vertex 31.492777090008296 -0.1470257104943409 0
      vertex 31.471177920604845 -0.2926354830241924 0
    endloop
  endfacet
  facet normal -0.9987954562051726 0.04906767432741231 0
    outer loop
      vertex 31.492777090008296 -0.1470257104943409 0
      vertex 31.492777090008296 -0.1470257104943409 2
      vertex 31.5 0 0
    endloop
  endfacet
  facet normal -0.5956993044924286 0.8032075314806486 0
    outer loop
      vertex 30.951589926245468 -1.1595156800441055 2
      vertex 30.951589926245468 -1.1595156800441055 0
      vertex 30.833355349529402 -1.2472044184538178 2
    endloop
  endfacet
  facet normal -0.6715589548470129 0.740951125354964 0
    outer loop
      vertex 31.060660171779823 -1.0606601717798214 2
      vertex 31.060660171779823 -1.0606601717798214 0
      vertex 30.951589926245468 -1.1595156800441055 2
    endloop
  endfacet
  facet normal -0.740951125354965 0.6715589548470121 0
    outer loop
      vertex 31.060660171779823 -1.0606601717798214 2
      vertex 31.159515680044105 -0.9515899262454682 2
      vertex 31.159515680044105 -0.9515899262454682 0
    endloop
  endfacet
  facet normal -0.8032075314806406 0.5956993044924394 0
    outer loop
      vertex 31.159515680044105 -0.9515899262454682 2
      vertex 31.24720441845382 -0.8333553495294033 2
      vertex 31.24720441845382 -0.8333553495294033 0
    endloop
  endfacet
  facet normal -0.857728610000279 0.5141027441932103 0
    outer loop
      vertex 31.24720441845382 -0.8333553495294033 2
      vertex 31.32288189652253 -0.7070951052389964 2
      vertex 31.32288189652253 -0.7070951052389964 0
    endloop
  endfacet
  facet normal -0.9039892931234433 0.42755509343028214 0
    outer loop
      vertex 31.32288189652253 -0.7070951052389964 2
      vertex 31.38581929876693 -0.5740251485476346 2
      vertex 31.38581929876693 -0.5740251485476346 0
    endloop
  endfacet
  facet normal -0.9415440651830204 0.3368898533922211 0
    outer loop
      vertex 31.38581929876693 -0.5740251485476346 2
      vertex 31.435410503598312 -0.4354270158816935 2
      vertex 31.435410503598312 -0.4354270158816935 0
    endloop
  endfacet
  facet normal -0.9700312531945442 0.24298017990326345 0
    outer loop
      vertex 31.435410503598312 -0.4354270158816935 2
      vertex 31.471177920604845 -0.2926354830241924 2
      vertex 31.471177920604845 -0.2926354830241924 0
    endloop
  endfacet
  facet normal -0.9891765099647792 0.14673047445537343 0
    outer loop
      vertex 31.471177920604845 -0.2926354830241924 2
      vertex 31.492777090008296 -0.1470257104943409 2
      vertex 31.492777090008296 -0.1470257104943409 0
    endloop
  endfacet
  facet normal -0.9987954562051726 0.04906767432741231 0
    outer loop
      vertex 31.492777090008296 -0.1470257104943409 2
      vertex 31.5 0 2
      vertex 31.5 0 0
    endloop
  endfacet
  facet normal 0.9987954562051726 -0.04906767432741231 0
    outer loop
      vertex 28.507222909991704 0.1470257104943409 2
      vertex 28.5 0 0
      vertex 28.507222909991704 0.1470257104943409 0
    endloop
  endfacet
  facet normal 0.9891765099647792 -0.14673047445537343 0
    outer loop
      vertex 28.528822079395155 0.2926354830241924 2
      vertex 28.507222909991704 0.1470257104943409 0
      vertex 28.528822079395155 0.2926354830241924 0
    endloop
  endfacet
  facet normal 0.9700312531945442 -0.24298017990326345 0
    outer loop
      vertex 28.564589496401688 0.4354270158816935 2
      vertex 28.528822079395155 0.2926354830241924 0
      vertex 28.564589496401688 0.4354270158816935 0
    endloop
  endfacet
  facet normal 0.9415440651830204 -0.3368898533922211 0
    outer loop
      vertex 28.61418070123307 0.5740251485476346 2
      vertex 28.564589496401688 0.4354270158816935 0
      vertex 28.61418070123307 0.5740251485476346 0
    endloop
  endfacet
  facet normal 0.9039892931234433 -0.42755509343028214 0
    outer loop
      vertex 28.67711810347747 0.7070951052389964 2
      vertex 28.61418070123307 0.5740251485476346 0
      vertex 28.67711810347747 0.7070951052389964 0
    endloop
  endfacet
  facet normal 0.857728610000279 -0.5141027441932103 0
    outer loop
      vertex 28.75279558154618 0.8333553495294033 2
      vertex 28.67711810347747 0.7070951052389964 0
      vertex 28.75279558154618 0.8333553495294033 0
    endloop
  endfacet
  facet normal 0.8032075314806406 -0.5956993044924394 0
    outer loop
      vertex 28.840484319955895 0.9515899262454682 2
      vertex 28.75279558154618 0.8333553495294033 0
      vertex 28.840484319955895 0.9515899262454682 0
    endloop
  endfacet
  facet normal 0.740951125354965 -0.6715589548470121 0
    outer loop
      vertex 28.939339828220177 1.0606601717798214 2
      vertex 28.840484319955895 0.9515899262454682 0
      vertex 28.939339828220177 1.0606601717798214 0
    endloop
  endfacet
  facet normal 0.6715589548470129 -0.740951125354964 0
    outer loop
      vertex 29.048410073754532 1.1595156800441055 2
      vertex 28.939339828220177 1.0606601717798214 0
      vertex 29.048410073754532 1.1595156800441055 0
    endloop
  endfacet
  facet normal 0.5956993044924286 -0.8032075314806486 0
    outer loop
      vertex 29.166644650470598 1.2472044184538178 2
      vertex 29.048410073754532 1.1595156800441055 0
      vertex 29.166644650470598 1.2472044184538178 0
    endloop
  endfacet
  facet normal 0.9987954562051726 -0.04906767432741231 0
    outer loop
      vertex 28.507222909991704 0.1470257104943409 2
      vertex 28.5 0 2
      vertex 28.5 0 0
    endloop
  endfacet
  facet normal 0.9891765099647792 -0.14673047445537343 0
    outer loop
      vertex 28.528822079395155 0.2926354830241924 2
      vertex 28.507222909991704 0.1470257104943409 2
      vertex 28.507222909991704 0.1470257104943409 0
    endloop
  endfacet
  facet normal 0.9700312531945442 -0.24298017990326345 0
    outer loop
      vertex 28.564589496401688 0.4354270158816935 2
      vertex 28.528822079395155 0.2926354830241924 2
      vertex 28.528822079395155 0.2926354830241924 0
    endloop
  endfacet
  facet normal 0.9415440651830204 -0.3368898533922211 0
    outer loop
      vertex 28.61418070123307 0.5740251485476346 2
      vertex 28.564589496401688 0.4354270158816935 2
      vertex 28.564589496401688 0.4354270158816935 0
    endloop
  endfacet
  facet normal 0.9039892931234433 -0.42755509343028214 0
    outer loop
      vertex 28.67711810347747 0.7070951052389964 2
      vertex 28.61418070123307 0.5740251485476346 2
      vertex 28.61418070123307 0.5740251485476346 0
    endloop
  endfacet
  facet normal 0.857728610000279 -0.5141027441932103 0
    outer loop
      vertex 28.75279558154618 0.8333553495294033 2
      vertex 28.67711810347747 0.7070951052389964 2
      vertex 28.67711810347747 0.7070951052389964 0
    endloop
  endfacet
  facet normal 0.8032075314806406 -0.5956993044924394 0
    outer loop
      vertex 28.840484319955895 0.9515899262454682 2
      vertex 28.75279558154618 0.8333553495294033 2
      vertex 28.75279558154618 0.8333553495294033 0
    endloop
  endfacet
  facet normal 0.740951125354965 -0.6715589548470121 0
    outer loop
      vertex 28.939339828220177 1.0606601717798214 2
      vertex 28.840484319955895 0.9515899262454682 2
      vertex 28.840484319955895 0.9515899262454682 0
    endloop
  endfacet
  facet normal 0.6715589548470129 -0.740951125354964 0
    outer loop
      vertex 28.939339828220177 1.0606601717798214 2
      vertex 28.939339828220177 1.0606601717798214 0
      vertex 29.048410073754532 1.1595156800441055 2
    endloop
  endfacet
  facet normal 0.5956993044924286 -0.8032075314806486 0
    outer loop
      vertex 29.048410073754532 1.1595156800441055 2
      vertex 29.048410073754532 1.1595156800441055 0
      vertex 29.166644650470598 1.2472044184538178 2
    endloop
  endfacet
  facet normal 0.5141027441932225 -0.8577286100002717 0
    outer loop
      vertex 29.292904894761005 1.3228818965225326 2
      vertex 29.166644650470598 1.2472044184538178 0
      vertex 29.292904894761005 1.3228818965225326 0
    endloop
  endfacet
  facet normal 0.42755509343028153 -0.9039892931234437 0
    outer loop
      vertex 29.425974851452366 1.38581929876693 2
      vertex 29.292904894761005 1.3228818965225326 0
      vertex 29.425974851452366 1.38581929876693 0
    endloop
  endfacet
  facet normal 0.3368898533922226 -0.9415440651830199 0
    outer loop
      vertex 29.564572984118307 1.4354105035983133 2
      vertex 29.425974851452366 1.38581929876693 0
      vertex 29.564572984118307 1.4354105035983133 0
    endloop
  endfacet
  facet normal 0.24298017990326345 -0.9700312531945442 0
    outer loop
      vertex 29.707364516975808 1.4711779206048456 2
      vertex 29.564572984118307 1.4354105035983133 0
      vertex 29.707364516975808 1.4711779206048456 0
    endloop
  endfacet
  facet normal 0.14673047445536117 -0.9891765099647811 0
    outer loop
      vertex 29.85297428950566 1.4927770900082953 2
      vertex 29.707364516975808 1.4711779206048456 0
      vertex 29.85297428950566 1.4927770900082953 0
    endloop
  endfacet
  facet normal 0.04906767432741864 -0.9987954562051724 0
    outer loop
      vertex 30 1.5 2
      vertex 29.85297428950566 1.4927770900082953 0
      vertex 30 1.5 0
    endloop
  endfacet
  facet normal -0.14673047445536117 -0.9891765099647811 0
    outer loop
      vertex 30.292635483024192 1.4711779206048456 2
      vertex 30.14702571049434 1.4927770900082953 0
      vertex 30.292635483024192 1.4711779206048456 0
    endloop
  endfacet
  facet normal -0.04906767432741864 -0.9987954562051724 0
    outer loop
      vertex 30.14702571049434 1.4927770900082953 2
      vertex 30 1.5 0
      vertex 30.14702571049434 1.4927770900082953 0
    endloop
  endfacet
  facet normal 0.5141027441932225 -0.8577286100002717 0
    outer loop
      vertex 29.166644650470598 1.2472044184538178 2
      vertex 29.166644650470598 1.2472044184538178 0
      vertex 29.292904894761005 1.3228818965225326 2
    endloop
  endfacet
  facet normal 0.42755509343028153 -0.9039892931234437 0
    outer loop
      vertex 29.292904894761005 1.3228818965225326 2
      vertex 29.292904894761005 1.3228818965225326 0
      vertex 29.425974851452366 1.38581929876693 2
    endloop
  endfacet
  facet normal 0.3368898533922226 -0.9415440651830199 0
    outer loop
      vertex 29.425974851452366 1.38581929876693 2
      vertex 29.425974851452366 1.38581929876693 0
      vertex 29.564572984118307 1.4354105035983133 2
    endloop
  endfacet
  facet normal 0.24298017990326345 -0.9700312531945442 0
    outer loop
      vertex 29.564572984118307 1.4354105035983133 2
      vertex 29.564572984118307 1.4354105035983133 0
      vertex 29.707364516975808 1.4711779206048456 2
    endloop
  endfacet
  facet normal 0.14673047445536117 -0.9891765099647811 0
    outer loop
      vertex 29.707364516975808 1.4711779206048456 2
      vertex 29.707364516975808 1.4711779206048456 0
      vertex 29.85297428950566 1.4927770900082953 2
    endloop
  endfacet
  facet normal 0.04906767432741864 -0.9987954562051724 0
    outer loop
      vertex 29.85297428950566 1.4927770900082953 2
      vertex 29.85297428950566 1.4927770900082953 0
      vertex 30 1.5 2
    endloop
  endfacet
  facet normal -0.04906767432741864 -0.9987954562051724 0
    outer loop
      vertex 30 1.5 2
      vertex 30 1.5 0
      vertex 30.14702571049434 1.4927770900082953 2
    endloop
  endfacet
  facet normal -0.14673047445536117 -0.9891765099647811 0
    outer loop
      vertex 30.14702571049434 1.4927770900082953 2
      vertex 30.14702571049434 1.4927770900082953 0
      vertex 30.292635483024192 1.4711779206048456 2
    endloop
  endfacet
  facet normal -0.9987954562051726 -0.04906767432741231 0
    outer loop
      vertex 31.5 0 0
      vertex 31.5 0 2
      vertex 31.492777090008296 0.1470257104943409 0
    endloop
  endfacet
  facet normal -0.9891765099647792 -0.14673047445537343 0
    outer loop
      vertex 31.492777090008296 0.1470257104943409 2
      vertex 31.471177920604845 0.2926354830241924 0
      vertex 31.492777090008296 0.1470257104943409 0
    endloop
  endfacet
  facet normal -0.9700312531945442 -0.24298017990326345 0
    outer loop
      vertex 31.471177920604845 0.2926354830241924 2
      vertex 31.435410503598312 0.4354270158816935 0
      vertex 31.471177920604845 0.2926354830241924 0
    endloop
  endfacet
  facet normal -0.9039892931234433 -0.42755509343028214 0
    outer loop
      vertex 31.38581929876693 0.5740251485476346 2
      vertex 31.32288189652253 0.7070951052389964 0
      vertex 31.38581929876693 0.5740251485476346 0
    endloop
  endfacet
  facet normal -0.9415440651830204 -0.3368898533922211 0
    outer loop
      vertex 31.435410503598312 0.4354270158816935 2
      vertex 31.38581929876693 0.5740251485476346 0
      vertex 31.435410503598312 0.4354270158816935 0
    endloop
  endfacet
  facet normal -0.740951125354965 -0.6715589548470121 0
    outer loop
      vertex 31.159515680044105 0.9515899262454682 2
      vertex 31.060660171779823 1.0606601717798214 0
      vertex 31.159515680044105 0.9515899262454682 0
    endloop
  endfacet
  facet normal -0.6715589548470129 -0.740951125354964 0
    outer loop
      vertex 31.060660171779823 1.0606601717798214 2
      vertex 30.951589926245468 1.1595156800441055 0
      vertex 31.060660171779823 1.0606601717798214 0
    endloop
  endfacet
  facet normal -0.5956993044924286 -0.8032075314806486 0
    outer loop
      vertex 30.951589926245468 1.1595156800441055 2
      vertex 30.833355349529402 1.2472044184538178 0
      vertex 30.951589926245468 1.1595156800441055 0
    endloop
  endfacet
  facet normal -0.857728610000279 -0.5141027441932103 0
    outer loop
      vertex 31.32288189652253 0.7070951052389964 2
      vertex 31.24720441845382 0.8333553495294033 0
      vertex 31.32288189652253 0.7070951052389964 0
    endloop
  endfacet
  facet normal -0.8032075314806406 -0.5956993044924394 0
    outer loop
      vertex 31.24720441845382 0.8333553495294033 2
      vertex 31.159515680044105 0.9515899262454682 0
      vertex 31.24720441845382 0.8333553495294033 0
    endloop
  endfacet
  facet normal -0.9987954562051726 -0.04906767432741231 0
    outer loop
      vertex 31.5 0 2
      vertex 31.492777090008296 0.1470257104943409 2
      vertex 31.492777090008296 0.1470257104943409 0
    endloop
  endfacet
  facet normal -0.9891765099647792 -0.14673047445537343 0
    outer loop
      vertex 31.492777090008296 0.1470257104943409 2
      vertex 31.471177920604845 0.2926354830241924 2
      vertex 31.471177920604845 0.2926354830241924 0
    endloop
  endfacet
  facet normal -0.9700312531945442 -0.24298017990326345 0
    outer loop
      vertex 31.471177920604845 0.2926354830241924 2
      vertex 31.435410503598312 0.4354270158816935 2
      vertex 31.435410503598312 0.4354270158816935 0
    endloop
  endfacet
  facet normal -0.9415440651830204 -0.3368898533922211 0
    outer loop
      vertex 31.435410503598312 0.4354270158816935 2
      vertex 31.38581929876693 0.5740251485476346 2
      vertex 31.38581929876693 0.5740251485476346 0
    endloop
  endfacet
  facet normal -0.8032075314806406 -0.5956993044924394 0
    outer loop
      vertex 31.24720441845382 0.8333553495294033 2
      vertex 31.159515680044105 0.9515899262454682 2
      vertex 31.159515680044105 0.9515899262454682 0
    endloop
  endfacet
  facet normal -0.740951125354965 -0.6715589548470121 0
    outer loop
      vertex 31.159515680044105 0.9515899262454682 2
      vertex 31.060660171779823 1.0606601717798214 2
      vertex 31.060660171779823 1.0606601717798214 0
    endloop
  endfacet
  facet normal -0.5956993044924286 -0.8032075314806486 0
    outer loop
      vertex 30.833355349529402 1.2472044184538178 2
      vertex 30.833355349529402 1.2472044184538178 0
      vertex 30.951589926245468 1.1595156800441055 2
    endloop
  endfacet
  facet normal -0.6715589548470129 -0.740951125354964 0
    outer loop
      vertex 30.951589926245468 1.1595156800441055 2
      vertex 30.951589926245468 1.1595156800441055 0
      vertex 31.060660171779823 1.0606601717798214 2
    endloop
  endfacet
  facet normal -0.9039892931234433 -0.42755509343028214 0
    outer loop
      vertex 31.38581929876693 0.5740251485476346 2
      vertex 31.32288189652253 0.7070951052389964 2
      vertex 31.32288189652253 0.7070951052389964 0
    endloop
  endfacet
  facet normal -0.857728610000279 -0.5141027441932103 0
    outer loop
      vertex 31.32288189652253 0.7070951052389964 2
      vertex 31.24720441845382 0.8333553495294033 2
      vertex 31.24720441845382 0.8333553495294033 0
    endloop
  endfacet
  facet normal -0.3368898533922226 -0.9415440651830199 0
    outer loop
      vertex 30.574025148547634 1.38581929876693 2
      vertex 30.435427015881693 1.4354105035983133 0
      vertex 30.574025148547634 1.38581929876693 0
    endloop
  endfacet
  facet normal -0.42755509343028153 -0.9039892931234437 0
    outer loop
      vertex 30.707095105238995 1.3228818965225326 2
      vertex 30.574025148547634 1.38581929876693 0
      vertex 30.707095105238995 1.3228818965225326 0
    endloop
  endfacet
  facet normal -0.24298017990326345 -0.9700312531945442 0
    outer loop
      vertex 30.435427015881693 1.4354105035983133 2
      vertex 30.292635483024192 1.4711779206048456 0
      vertex 30.435427015881693 1.4354105035983133 0
    endloop
  endfacet
  facet normal -0.5141027441932225 -0.8577286100002717 0
    outer loop
      vertex 30.833355349529402 1.2472044184538178 2
      vertex 30.707095105238995 1.3228818965225326 0
      vertex 30.833355349529402 1.2472044184538178 0
    endloop
  endfacet
  facet normal -0.5141027441932225 -0.8577286100002717 0
    outer loop
      vertex 30.707095105238995 1.3228818965225326 2
      vertex 30.707095105238995 1.3228818965225326 0
      vertex 30.833355349529402 1.2472044184538178 2
    endloop
  endfacet
  facet normal -0.42755509343028153 -0.9039892931234437 0
    outer loop
      vertex 30.574025148547634 1.38581929876693 2
      vertex 30.574025148547634 1.38581929876693 0
      vertex 30.707095105238995 1.3228818965225326 2
    endloop
  endfacet
  facet normal -0.24298017990326345 -0.9700312531945442 0
    outer loop
      vertex 30.292635483024192 1.4711779206048456 2
      vertex 30.292635483024192 1.4711779206048456 0
      vertex 30.435427015881693 1.4354105035983133 2
    endloop
  endfacet
  facet normal -0.3368898533922226 -0.9415440651830199 0
    outer loop
      vertex 30.435427015881693 1.4354105035983133 2
      vertex 30.435427015881693 1.4354105035983133 0
      vertex 30.574025148547634 1.38581929876693 2
    endloop
  endfacet
endsolid OpenSCAD_Model
