solid OpenSCAD_Model
  facet normal 0 0 -1
    outer loop
      vertex -8.03207531480645 -5.956993044924333 -2.5
      vertex -8.175848131515837 -5.758081914178454 -2.5
      vertex -6.779919698425825 -3.2066632007271156 -2.5
    endloop
  endfacet
  facet normal 0 0 -1
    outer loop
      vertex -8.03207531480645 -5.956993044924333 -2.5
      vertex -6.614409482612663 -3.535475526194982 -2.5
      vertex -7.883464276266063 -6.152315905806268 -2.5
    endloop
  endfacet
  facet normal 0 0 -1
    outer loop
      vertex -7.73010453362737 -6.343932841636455 -2.5
      vertex -6.336401739372803 -4.012482149153229 -2.5
      vertex -7.572088465064846 -6.531728429537767 -2.5
    endloop
  endfacet
  facet normal 0 0 -1
    outer loop
      vertex -7.24247082951467 -6.895405447370669 -2.5
      vertex -7.409511253549591 -6.715589548470184 -2.5
      vertex -6.131886098636878 -4.31856143563384 -2.5
    endloop
  endfacet
  facet normal 0 0 -1
    outer loop
      vertex -7.572088465064846 -6.531728429537767 -2.5
      vertex -6.236022092269089 -4.166776747647017 -2.5
      vertex -7.409511253549591 -6.715589548470184 -2.5
    endloop
  endfacet
  facet normal 0 0 -1
    outer loop
      vertex -7.73010453362737 -6.343932841636455 -2.5
      vertex -7.883464276266063 -6.152315905806268 -2.5
      vertex -6.525652433315336 -3.69673644172338 -2.5
    endloop
  endfacet
  facet normal 0 0 -1
    outer loop
      vertex -7.0710678118654755 -7.0710678118654755 -2.5
      vertex -5.7975784002205275 -4.7579496312273415 -2.5
      vertex -6.895405447370669 -7.24247082951467 -2.5
    endloop
  endfacet
  facet normal 0 0 -1
    outer loop
      vertex -6.895405447370669 -7.24247082951467 -2.5
      vertex -5.679066348798634 -4.898796322153325 -2.5
      vertex -6.715589548470184 -7.409511253549591 -2.5
    endloop
  endfacet
  facet normal 0 0 -1
    outer loop
      vertex -6.531728429537767 -7.572088465064846 -2.5
      vertex -5.303300858899107 -5.303300858899107 -2.5
      vertex -6.343932841636455 -7.73010453362737 -2.5
    endloop
  endfacet
  facet normal 0 0 -1
    outer loop
      vertex -6.531728429537767 -7.572088465064846 -2.5
      vertex -6.715589548470184 -7.409511253549591 -2.5
      vertex -5.431853122136003 -5.171554085528001 -2.5
    endloop
  endfacet
  facet normal 0 0 -1
    outer loop
      vertex -7.24247082951467 -6.895405447370669 -2.5
      vertex -5.912598207199547 -4.614236929354701 -2.5
      vertex -7.0710678118654755 -7.0710678118654755 -2.5
    endloop
  endfacet
  facet normal 0 0 -1
    outer loop
      vertex -7.409511253549591 -6.715589548470184 -2.5
      vertex -6.236022092269089 -4.166776747647017 -2.5
      vertex -6.131886098636878 -4.31856143563384 -2.5
    endloop
  endfacet
  facet normal 0 0 -1
    outer loop
      vertex -7.24247082951467 -6.895405447370669 -2.5
      vertex -6.131886098636878 -4.31856143563384 -2.5
      vertex -6.024056486104837 -4.4677447836932505 -2.5
    endloop
  endfacet
  facet normal 0 0 -1
    outer loop
      vertex -6.895405447370669 -7.24247082951467 -2.5
      vertex -5.7975784002205275 -4.7579496312273415 -2.5
      vertex -5.679066348798634 -4.898796322153325 -2.5
    endloop
  endfacet
  facet normal 0 0 -1
    outer loop
      vertex -6.715589548470184 -7.409511253549591 -2.5
      vertex -5.679066348798634 -4.898796322153325 -2.5
      vertex -5.557133440162193 -5.036692161352638 -2.5
    endloop
  endfacet
  facet normal 0 0 -1
    outer loop
      vertex -7.24247082951467 -6.895405447370669 -2.5
      vertex -6.024056486104837 -4.4677447836932505 -2.5
      vertex -5.912598207199547 -4.614236929354701 -2.5
    endloop
  endfacet
  facet normal 0 0 -1
    outer loop
      vertex -7.0710678118654755 -7.0710678118654755 -2.5
      vertex -5.912598207199547 -4.614236929354701 -2.5
      vertex -5.7975784002205275 -4.7579496312273415 -2.5
    endloop
  endfacet
  facet normal 0 0 -1
    outer loop
      vertex -8.57728610000272 -5.141027441932218 -2.5
      vertex -7.061580488872656 -2.5266739004416503 -2.5
      vertex -8.448535652497071 -5.349976198870971 -2.5
    endloop
  endfacet
  facet normal 0 0 -1
    outer loop
      vertex -8.819212643483551 -4.7139673682599765 -2.5
      vertex -7.103704770677539 -2.4042276378708296 -2.5
      vertex -8.700869911087114 -4.92898192229784 -2.5
    endloop
  endfacet
  facet normal 0 0 -1
    outer loop
      vertex -9.039892931234434 -4.275550934302821 -2.5
      vertex -7.103704770677539 -2.4042276378708296 -2.5
      vertex -8.932243011955153 -4.496113296546066 -2.5
    endloop
  endfacet
  facet normal 0 0 -1
    outer loop
      vertex -8.819212643483551 -4.7139673682599765 -2.5
      vertex -8.932243011955153 -4.496113296546066 -2.5
      vertex -7.103704770677539 -2.4042276378708296 -2.5
    endloop
  endfacet
  facet normal 0 0 -1
    outer loop
      vertex -8.57728610000272 -5.141027441932218 -2.5
      vertex -8.700869911087114 -4.92898192229784 -2.5
      vertex -7.103704770677539 -2.4042276378708296 -2.5
    endloop
  endfacet
  facet normal 0 0 -1
    outer loop
      vertex -9.238795325112868 -3.826834323650898 -2.5
      vertex -7.103704770677539 -2.4042276378708296 -2.5
      vertex -9.142097557035306 -4.052413140049898 -2.5
    endloop
  endfacet
  facet normal 0 0 -1
    outer loop
      vertex -9.415440651830208 -3.3688985339222004 -2.5
      vertex -7.103704770677539 -2.4042276378708296 -2.5
      vertex -9.32992798834739 -3.5989503653498818 -2.5
    endloop
  endfacet
  facet normal 0 0 -1
    outer loop
      vertex -9.238795325112868 -3.826834323650898 -2.5
      vertex -9.32992798834739 -3.5989503653498818 -2.5
      vertex -7.103704770677539 -2.4042276378708296 -2.5
    endloop
  endfacet
  facet normal 0 0 -1
    outer loop
      vertex -9.495281805930366 -3.136817403988915 -2.5
      vertex -9.569403357322088 -2.902846772544623 -2.5
      vertex -7.103704770677539 -2.4042276378708296 -2.5
    endloop
  endfacet
  facet normal 0 0 -1
    outer loop
      vertex -9.569403357322088 -2.902846772544623 -2.5
      vertex -9.637760657954399 -2.667127574748984 -2.5
      vertex -7.103704770677539 -2.4042276378708296 -2.5
    endloop
  endfacet
  facet normal 0 0 -1
    outer loop
      vertex -9.637760657954399 -2.667127574748984 -2.5
      vertex -9.700312531945439 -2.4298017990326386 -2.5
      vertex -7.103704770677539 -2.4042276378708296 -2.5
    endloop
  endfacet
  facet normal 0 0 -1
    outer loop
      vertex -9.495281805930366 -3.136817403988915 -2.5
      vertex -7.103704770677539 -2.4042276378708296 -2.5
      vertex -9.415440651830208 -3.3688985339222004 -2.5
    endloop
  endfacet
  facet normal 0 0 -1
    outer loop
      vertex -9.142097557035306 -4.052413140049898 -2.5
      vertex -7.103704770677539 -2.4042276378708296 -2.5
      vertex -9.039892931234434 -4.275550934302821 -2.5
    endloop
  endfacet
  facet normal 0 0 -1
    outer loop
      vertex -9.89176509964781 -1.4673047445536174 -2.5
      vertex -9.9247953459871 -1.224106751992162 -2.5
      vertex -7.103704770677539 -2.4042276378708296 -2.5
    endloop
  endfacet
  facet normal 0 0 -1
    outer loop
      vertex -9.9247953459871 -1.224106751992162 -2.5
      vertex -9.95184726672197 -0.980171403295606 -2.5
      vertex -7.103704770677539 -2.4042276378708296 -2.5
    endloop
  endfacet
  facet normal 0 0 -1
    outer loop
      vertex -9.95184726672197 -0.980171403295606 -2.5
      vertex -9.971812706870665 -0.748324748844826 -2.5
      vertex -7.103704770677539 -2.4042276378708296 -2.5
    endloop
  endfacet
  facet normal 0 0 -1
    outer loop
      vertex -9.700312531945439 -2.4298017990326386 -2.5
      vertex -9.757021300385286 -2.191012401568698 -2.5
      vertex -7.103704770677539 -2.4042276378708296 -2.5
    endloop
  endfacet
  facet normal 0 0 -1
    outer loop
      vertex -9.757021300385286 -2.191012401568698 -2.5
      vertex -9.807852804032304 -1.9509032201612824 -2.5
      vertex -7.103704770677539 -2.4042276378708296 -2.5
    endloop
  endfacet
  facet normal 0 0 -1
    outer loop
      vertex -9.807852804032304 -1.9509032201612824 -2.5
      vertex -9.852776423889413 -1.7096188876030123 -2.5
      vertex -7.103704770677539 -2.4042276378708296 -2.5
    endloop
  endfacet
  facet normal 0 0 -1
    outer loop
      vertex -9.89176509964781 -1.4673047445536174 -2.5
      vertex -7.103704770677539 -2.4042276378708296 -2.5
      vertex -9.852776423889413 -1.7096188876030123 -2.5
    endloop
  endfacet
  facet normal 0 0 -1
    outer loop
      vertex -8.175848131515837 -5.758081914178454 -2.5
      vertex -8.314696123025453 -5.555702330196022 -2.5
      vertex -6.85657316777648 -3.039309855037424 -2.5
    endloop
  endfacet
  facet normal 0 0 -1
    outer loop
      vertex -8.448535652497071 -5.349976198870971 -2.5
      vertex -6.929096493834651 -2.8701257427381734 -2.5
      vertex -8.314696123025453 -5.555702330196022 -2.5
    endloop
  endfacet
  facet normal 0 0 -1
    outer loop
      vertex -7.883464276266063 -6.152315905806268 -2.5
      vertex -6.614409482612663 -3.535475526194982 -2.5
      vertex -6.525652433315336 -3.69673644172338 -2.5
    endloop
  endfacet
  facet normal 0 0 -1
    outer loop
      vertex -8.175848131515837 -5.758081914178454 -2.5
      vertex -6.85657316777648 -3.039309855037424 -2.5
      vertex -6.779919698425825 -3.2066632007271156 -2.5
    endloop
  endfacet
  facet normal 0 0 -1
    outer loop
      vertex -8.314696123025453 -5.555702330196022 -2.5
      vertex -6.929096493834651 -2.8701257427381734 -2.5
      vertex -6.85657316777648 -3.039309855037424 -2.5
    endloop
  endfacet
  facet normal 0 0 -1
    outer loop
      vertex -8.03207531480645 -5.956993044924333 -2.5
      vertex -6.779919698425825 -3.2066632007271156 -2.5
      vertex -6.699182258966365 -3.3720849724095494 -2.5
    endloop
  endfacet
  facet normal 0 0 -1
    outer loop
      vertex -8.03207531480645 -5.956993044924333 -2.5
      vertex -6.699182258966365 -3.3720849724095494 -2.5
      vertex -6.614409482612663 -3.535475526194982 -2.5
    endloop
  endfacet
  facet normal 0 0 -1
    outer loop
      vertex -8.57728610000272 -5.141027441932218 -2.5
      vertex -7.103704770677539 -2.4042276378708296 -2.5
      vertex -7.061580488872656 -2.5266739004416503 -2.5
    endloop
  endfacet
  facet normal 0 0 -1
    outer loop
      vertex -8.448535652497071 -5.349976198870971 -2.5
      vertex -7.061580488872656 -2.5266739004416503 -2.5
      vertex -6.997445991260541 -2.699212774012411 -2.5
    endloop
  endfacet
  facet normal 0 0 -1
    outer loop
      vertex -8.448535652497071 -5.349976198870971 -2.5
      vertex -6.997445991260541 -2.699212774012411 -2.5
      vertex -6.929096493834651 -2.8701257427381734 -2.5
    endloop
  endfacet
  facet normal 0 0 -1
    outer loop
      vertex -7.73010453362737 -6.343932841636455 -2.5
      vertex -6.525652433315336 -3.69673644172338 -2.5
      vertex -6.43296457500204 -3.855770581449163 -2.5
    endloop
  endfacet
  facet normal 0 0 -1
    outer loop
      vertex -7.73010453362737 -6.343932841636455 -2.5
      vertex -6.43296457500204 -3.855770581449163 -2.5
      vertex -6.336401739372803 -4.012482149153229 -2.5
    endloop
  endfacet
  facet normal 0 0 -1
    outer loop
      vertex -7.572088465064846 -6.531728429537767 -2.5
      vertex -6.336401739372803 -4.012482149153229 -2.5
      vertex -6.236022092269089 -4.166776747647017 -2.5
    endloop
  endfacet
  facet normal 0 0 -1
    outer loop
      vertex -5.555702330196022 -8.314696123025453 -2.5
      vertex -4.4677447836932505 -6.024056486104837 -2.5
      vertex -5.349976198870971 -8.448535652497071 -2.5
    endloop
  endfacet
  facet normal 0 0 -1
    outer loop
      vertex -5.141027441932218 -8.57728610000272 -2.5
      vertex -4.012482149153229 -6.336401739372803 -2.5
      vertex -4.92898192229784 -8.700869911087114 -2.5
    endloop
  endfacet
  facet normal 0 0 -1
    outer loop
      vertex -5.349976198870971 -8.448535652497071 -2.5
      vertex -4.166776747647017 -6.236022092269089 -2.5
      vertex -5.141027441932218 -8.57728610000272 -2.5
    endloop
  endfacet
  facet normal 0 0 -1
    outer loop
      vertex -4.92898192229784 -8.700869911087114 -2.5
      vertex -3.855770581449163 -6.43296457500204 -2.5
      vertex -4.7139673682599765 -8.819212643483551 -2.5
    endloop
  endfacet
  facet normal 0 0 -1
    outer loop
      vertex -4.496113296546066 -8.932243011955153 -2.5
      vertex -3.3720849724095494 -6.699182258966365 -2.5
      vertex -4.275550934302821 -9.039892931234434 -2.5
    endloop
  endfacet
  facet normal 0 0 -1
    outer loop
      vertex -4.7139673682599765 -8.819212643483551 -2.5
      vertex -3.69673644172338 -6.525652433315336 -2.5
      vertex -4.496113296546066 -8.932243011955153 -2.5
    endloop
  endfacet
  facet normal 0 0 -1
    outer loop
      vertex -6.152315905806268 -7.883464276266063 -2.5
      vertex -4.898796322153325 -5.679066348798634 -2.5
      vertex -5.956993044924333 -8.03207531480645 -2.5
    endloop
  endfacet
  facet normal 0 0 -1
    outer loop
      vertex -6.343932841636455 -7.73010453362737 -2.5
      vertex -5.171554085528001 -5.431853122136003 -2.5
      vertex -6.152315905806268 -7.883464276266063 -2.5
    endloop
  endfacet
  facet normal 0 0 -1
    outer loop
      vertex -5.956993044924333 -8.03207531480645 -2.5
      vertex -4.7579496312273415 -5.7975784002205275 -2.5
      vertex -5.758081914178454 -8.175848131515837 -2.5
    endloop
  endfacet
  facet normal 0 0 -1
    outer loop
      vertex -6.152315905806268 -7.883464276266063 -2.5
      vertex -5.171554085528001 -5.431853122136003 -2.5
      vertex -5.036692161352638 -5.557133440162193 -2.5
    endloop
  endfacet
  facet normal 0 0 -1
    outer loop
      vertex -5.758081914178454 -8.175848131515837 -2.5
      vertex -4.614236929354701 -5.912598207199547 -2.5
      vertex -5.555702330196022 -8.314696123025453 -2.5
    endloop
  endfacet
  facet normal 0 0 -1
    outer loop
      vertex -6.152315905806268 -7.883464276266063 -2.5
      vertex -5.036692161352638 -5.557133440162193 -2.5
      vertex -4.898796322153325 -5.679066348798634 -2.5
    endloop
  endfacet
  facet normal 0 0 -1
    outer loop
      vertex -5.956993044924333 -8.03207531480645 -2.5
      vertex -4.898796322153325 -5.679066348798634 -2.5
      vertex -4.7579496312273415 -5.7975784002205275 -2.5
    endloop
  endfacet
  facet normal 0 0 -1
    outer loop
      vertex -5.758081914178454 -8.175848131515837 -2.5
      vertex -4.7579496312273415 -5.7975784002205275 -2.5
      vertex -4.614236929354701 -5.912598207199547 -2.5
    endloop
  endfacet
  facet normal 0 0 -1
    outer loop
      vertex -6.531728429537767 -7.572088465064846 -2.5
      vertex -5.431853122136003 -5.171554085528001 -2.5
      vertex -5.303300858899107 -5.303300858899107 -2.5
    endloop
  endfacet
  facet normal 0 0 -1
    outer loop
      vertex -6.715589548470184 -7.409511253549591 -2.5
      vertex -5.557133440162193 -5.036692161352638 -2.5
      vertex -5.431853122136003 -5.171554085528001 -2.5
    endloop
  endfacet
  facet normal 0 0 -1
    outer loop
      vertex -6.343932841636455 -7.73010453362737 -2.5
      vertex -5.303300858899107 -5.303300858899107 -2.5
      vertex -5.171554085528001 -5.431853122136003 -2.5
    endloop
  endfacet
  facet normal 0 0 -1
    outer loop
      vertex -5.349976198870971 -8.448535652497071 -2.5
      vertex -4.4677447836932505 -6.024056486104837 -2.5
      vertex -4.31856143563384 -6.131886098636878 -2.5
    endloop
  endfacet
  facet normal 0 0 -1
    outer loop
      vertex -5.349976198870971 -8.448535652497071 -2.5
      vertex -4.31856143563384 -6.131886098636878 -2.5
      vertex -4.166776747647017 -6.236022092269089 -2.5
    endloop
  endfacet
  facet normal 0 0 -1
    outer loop
      vertex -5.141027441932218 -8.57728610000272 -2.5
      vertex -4.166776747647017 -6.236022092269089 -2.5
      vertex -4.012482149153229 -6.336401739372803 -2.5
    endloop
  endfacet
  facet normal 0 0 -1
    outer loop
      vertex -5.555702330196022 -8.314696123025453 -2.5
      vertex -4.614236929354701 -5.912598207199547 -2.5
      vertex -4.4677447836932505 -6.024056486104837 -2.5
    endloop
  endfacet
  facet normal 0 0 -1
    outer loop
      vertex -4.92898192229784 -8.700869911087114 -2.5
      vertex -4.012482149153229 -6.336401739372803 -2.5
      vertex -3.855770581449163 -6.43296457500204 -2.5
    endloop
  endfacet
  facet normal 0 0 -1
    outer loop
      vertex -4.7139673682599765 -8.819212643483551 -2.5
      vertex -3.855770581449163 -6.43296457500204 -2.5
      vertex -3.69673644172338 -6.525652433315336 -2.5
    endloop
  endfacet
  facet normal 0 0 -1
    outer loop
      vertex -4.496113296546066 -8.932243011955153 -2.5
      vertex -3.69673644172338 -6.525652433315336 -2.5
      vertex -3.535475526194982 -6.614409482612663 -2.5
    endloop
  endfacet
  facet normal 0 0 -1
    outer loop
      vertex -4.275550934302821 -9.039892931234434 -2.5
      vertex -3.2066632007271156 -6.779919698425825 -2.5
      vertex -4.052413140049898 -9.142097557035306 -2.5
    endloop
  endfacet
  facet normal 0 0 -1
    outer loop
      vertex -4.052413140049898 -9.142097557035306 -2.5
      vertex -3.039309855037424 -6.85657316777648 -2.5
      vertex -3.826834323650898 -9.238795325112868 -2.5
    endloop
  endfacet
  facet normal 0 0 -1
    outer loop
      vertex -4.275550934302821 -9.039892931234434 -2.5
      vertex -3.3720849724095494 -6.699182258966365 -2.5
      vertex -3.2066632007271156 -6.779919698425825 -2.5
    endloop
  endfacet
  facet normal 0 0 -1
    outer loop
      vertex -4.052413140049898 -9.142097557035306 -2.5
      vertex -3.2066632007271156 -6.779919698425825 -2.5
      vertex -3.039309855037424 -6.85657316777648 -2.5
    endloop
  endfacet
  facet normal 0 0 -1
    outer loop
      vertex -3.826834323650898 -9.238795325112868 -2.5
      vertex -2.699212774012411 -6.997445991260541 -2.5
      vertex -3.5989503653498818 -9.32992798834739 -2.5
    endloop
  endfacet
  facet normal 0 0 -1
    outer loop
      vertex -3.5989503653498818 -9.32992798834739 -2.5
      vertex -2.5266739004416503 -7.061580488872656 -2.5
      vertex -3.3688985339222004 -9.415440651830208 -2.5
    endloop
  endfacet
  facet normal 0 0 -1
    outer loop
      vertex -3.3688985339222004 -9.415440651830208 -2.5
      vertex -2.3526130529916864 -7.121461354447775 -2.5
      vertex -3.136817403988915 -9.495281805930366 -2.5
    endloop
  endfacet
  facet normal 0 0 -1
    outer loop
      vertex -3.826834323650898 -9.238795325112868 -2.5
      vertex -3.039309855037424 -6.85657316777648 -2.5
      vertex -2.8701257427381734 -6.929096493834651 -2.5
    endloop
  endfacet
  facet normal 0 0 -1
    outer loop
      vertex -3.826834323650898 -9.238795325112868 -2.5
      vertex -2.8701257427381734 -6.929096493834651 -2.5
      vertex -2.699212774012411 -6.997445991260541 -2.5
    endloop
  endfacet
  facet normal 0 0 -1
    outer loop
      vertex -3.5989503653498818 -9.32992798834739 -2.5
      vertex -2.699212774012411 -6.997445991260541 -2.5
      vertex -2.5266739004416503 -7.061580488872656 -2.5
    endloop
  endfacet
  facet normal 0 0 -1
    outer loop
      vertex -3.136817403988915 -9.495281805930366 -2.5
      vertex -2.1771350794084676 -7.177052517991566 -2.5
      vertex -2.902846772544623 -9.569403357322088 -2.5
    endloop
  endfacet
  facet normal 0 0 -1
    outer loop
      vertex -2.902846772544623 -9.569403357322088 -2.5
      vertex -2.1771350794084676 -7.177052517991566 -2.5
      vertex -2.667127574748984 -9.637760657954399 -2.5
    endloop
  endfacet
  facet normal 0 0 -1
    outer loop
      vertex -2.667127574748984 -9.637760657954399 -2.5
      vertex -1.822351349274479 -7.27523439895908 -2.5
      vertex -2.4298017990326386 -9.700312531945439 -2.5
    endloop
  endfacet
  facet normal 0 0 -1
    outer loop
      vertex -2.4298017990326386 -9.700312531945439 -2.5
      vertex -1.6432593011765235 -7.317765975288964 -2.5
      vertex -2.191012401568698 -9.757021300385286 -2.5
    endloop
  endfacet
  facet normal 0 0 -1
    outer loop
      vertex -2.191012401568698 -9.757021300385286 -2.5
      vertex -1.4631774151209618 -7.355889603024228 -2.5
      vertex -1.9509032201612824 -9.807852804032304 -2.5
    endloop
  endfacet
  facet normal 0 0 -1
    outer loop
      vertex -3.3688985339222004 -9.415440651830208 -2.5
      vertex -2.5266739004416503 -7.061580488872656 -2.5
      vertex -2.3526130529916864 -7.121461354447775 -2.5
    endloop
  endfacet
  facet normal 0 0 -1
    outer loop
      vertex -3.136817403988915 -9.495281805930366 -2.5
      vertex -2.3526130529916864 -7.121461354447775 -2.5
      vertex -2.1771350794084676 -7.177052517991566 -2.5
    endloop
  endfacet
  facet normal 0 0 -1
    outer loop
      vertex -2.667127574748984 -9.637760657954399 -2.5
      vertex -2.1771350794084676 -7.177052517991566 -2.5
      vertex -2.000345681061738 -7.228320493465799 -2.5
    endloop
  endfacet
  facet normal 0 0 -1
    outer loop
      vertex -2.667127574748984 -9.637760657954399 -2.5
      vertex -2.000345681061738 -7.228320493465799 -2.5
      vertex -1.822351349274479 -7.27523439895908 -2.5
    endloop
  endfacet
  facet normal 0 0 -1
    outer loop
      vertex -2.4298017990326386 -9.700312531945439 -2.5
      vertex -1.822351349274479 -7.27523439895908 -2.5
      vertex -1.6432593011765235 -7.317765975288964 -2.5
    endloop
  endfacet
  facet normal 0 0 -1
    outer loop
      vertex -4.496113296546066 -8.932243011955153 -2.5
      vertex -3.535475526194982 -6.614409482612663 -2.5
      vertex -3.3720849724095494 -6.699182258966365 -2.5
    endloop
  endfacet
  facet normal -0.8639728561215865 -0.5035383837257181 0
    outer loop
      vertex -8.57728610000272 -5.141027441932218 -2.5
      vertex -8.57728610000272 -5.141027441932218 2.5
      vertex -8.700869911087114 -4.92898192229784 -2.5
    endloop
  endfacet
  facet normal -0.8513551931052652 -0.5245896826784685 0
    outer loop
      vertex -8.57728610000272 -5.141027441932218 -2.5
      vertex -8.448535652497071 -5.349976198870971 -2.5
      vertex -8.57728610000272 -5.141027441932218 2.5
    endloop
  endfacet
  facet normal -0.8245893027850256 -0.5657318107836126 0
    outer loop
      vertex -8.175848131515837 -5.758081914178454 -2.5
      vertex -8.314696123025453 -5.555702330196022 2.5
      vertex -8.314696123025453 -5.555702330196022 -2.5
    endloop
  endfacet
  facet normal -0.8104571982525963 -0.5857978574564368 0
    outer loop
      vertex -8.03207531480645 -5.956993044924333 -2.5
      vertex -8.03207531480645 -5.956993044924333 2.5
      vertex -8.175848131515837 -5.758081914178454 -2.5
    endloop
  endfacet
  facet normal -0.7958369046088826 -0.605511041404327 0
    outer loop
      vertex -8.03207531480645 -5.956993044924333 -2.5
      vertex -7.883464276266063 -6.152315905806268 -2.5
      vertex -8.03207531480645 -5.956993044924333 2.5
    endloop
  endfacet
  facet normal -0.8382247055548384 -0.5453249884220461 0
    outer loop
      vertex -8.448535652497071 -5.349976198870971 -2.5
      vertex -8.314696123025453 -5.555702330196022 -2.5
      vertex -8.314696123025453 -5.555702330196022 2.5
    endloop
  endfacet
  facet normal -0.6248594881423865 -0.7807372285720945 0
    outer loop
      vertex -6.343932841636455 -7.73010453362737 -2.5
      vertex -6.152315905806268 -7.883464276266063 -2.5
      vertex -6.152315905806268 -7.883464276266063 2.5
    endloop
  endfacet
  facet normal -0.6438315428897914 -0.7651672656224588 0
    outer loop
      vertex -6.531728429537767 -7.572088465064846 -2.5
      vertex -6.343932841636455 -7.73010453362737 -2.5
      vertex -6.343932841636455 -7.73010453362737 2.5
    endloop
  endfacet
  facet normal -0.605511041404327 -0.7958369046088826 0
    outer loop
      vertex -6.152315905806268 -7.883464276266063 -2.5
      vertex -5.956993044924333 -8.03207531480645 -2.5
      vertex -6.152315905806268 -7.883464276266063 2.5
    endloop
  endfacet
  facet normal -0.7807372285720945 -0.6248594881423865 0
    outer loop
      vertex -7.73010453362737 -6.343932841636455 -2.5
      vertex -7.73010453362737 -6.343932841636455 2.5
      vertex -7.883464276266063 -6.152315905806268 -2.5
    endloop
  endfacet
  facet normal -0.74913639452346 -0.6624157775901709 0
    outer loop
      vertex -7.572088465064846 -6.531728429537767 -2.5
      vertex -7.409511253549591 -6.715589548470184 -2.5
      vertex -7.572088465064846 -6.531728429537767 2.5
    endloop
  endfacet
  facet normal -0.7651672656224588 -0.6438315428897914 0
    outer loop
      vertex -7.73010453362737 -6.343932841636455 -2.5
      vertex -7.572088465064846 -6.531728429537767 -2.5
      vertex -7.572088465064846 -6.531728429537767 2.5
    endloop
  endfacet
  facet normal -0.7157308252838186 -0.6983762494089729 0
    outer loop
      vertex -7.24247082951467 -6.895405447370669 -2.5
      vertex -7.0710678118654755 -7.0710678118654755 -2.5
      vertex -7.24247082951467 -6.895405447370669 2.5
    endloop
  endfacet
  facet normal -0.6983762494089729 -0.7157308252838186 0
    outer loop
      vertex -7.0710678118654755 -7.0710678118654755 -2.5
      vertex -6.895405447370669 -7.24247082951467 -2.5
      vertex -7.0710678118654755 -7.0710678118654755 2.5
    endloop
  endfacet
  facet normal -0.7326542716724125 -0.6806009977954535 0
    outer loop
      vertex -7.24247082951467 -6.895405447370669 -2.5
      vertex -7.24247082951467 -6.895405447370669 2.5
      vertex -7.409511253549591 -6.715589548470184 -2.5
    endloop
  endfacet
  facet normal -0.6806009977954535 -0.7326542716724125 0
    outer loop
      vertex -6.895405447370669 -7.24247082951467 -2.5
      vertex -6.715589548470184 -7.409511253549591 -2.5
      vertex -6.715589548470184 -7.409511253549591 2.5
    endloop
  endfacet
  facet normal -0.6624157775901709 -0.74913639452346 0
    outer loop
      vertex -6.531728429537767 -7.572088465064846 -2.5
      vertex -6.715589548470184 -7.409511253549591 2.5
      vertex -6.715589548470184 -7.409511253549591 -2.5
    endloop
  endfacet
  facet normal -0.8986744656939533 -0.4386162385385287 0
    outer loop
      vertex -9.039892931234434 -4.275550934302821 -2.5
      vertex -8.932243011955153 -4.496113296546066 -2.5
      vertex -9.039892931234434 -4.275550934302821 2.5
    endloop
  endfacet
  facet normal -0.9285060804732154 -0.3713171939518384 0
    outer loop
      vertex -9.238795325112868 -3.826834323650898 -2.5
      vertex -9.238795325112868 -3.826834323650898 2.5
      vertex -9.32992798834739 -3.5989503653498818 -2.5
    endloop
  endfacet
  facet normal -0.909167983090523 -0.41642956009763554 0
    outer loop
      vertex -9.142097557035306 -4.052413140049898 -2.5
      vertex -9.039892931234434 -4.275550934302821 -2.5
      vertex -9.039892931234434 -4.275550934302821 2.5
    endloop
  endfacet
  facet normal -0.919113851690057 -0.39399204006105015 0
    outer loop
      vertex -9.238795325112868 -3.826834323650898 -2.5
      vertex -9.142097557035306 -4.052413140049898 -2.5
      vertex -9.238795325112868 -3.826834323650898 2.5
    endloop
  endfacet
  facet normal -0.9456073253805217 -0.32531029216226176 0
    outer loop
      vertex -9.495281805930366 -3.136817403988915 -2.5
      vertex -9.415440651830208 -3.3688985339222004 -2.5
      vertex -9.495281805930366 -3.136817403988915 2.5
    endloop
  endfacet
  facet normal -0.9604305194155647 -0.278519689385057 0
    outer loop
      vertex -9.569403357322088 -2.902846772544623 -2.5
      vertex -9.569403357322088 -2.902846772544623 2.5
      vertex -9.637760657954399 -2.667127574748984 -2.5
    endloop
  endfacet
  facet normal -0.9533060403541945 -0.3020059493192255 0
    outer loop
      vertex -9.495281805930366 -3.136817403988915 -2.5
      vertex -9.569403357322088 -2.902846772544623 2.5
      vertex -9.569403357322088 -2.902846772544623 -2.5
    endloop
  endfacet
  facet normal -0.9669764710448531 -0.25486565960451085 0
    outer loop
      vertex -9.637760657954399 -2.667127574748984 -2.5
      vertex -9.637760657954399 -2.667127574748984 2.5
      vertex -9.700312531945439 -2.4298017990326386 -2.5
    endloop
  endfacet
  facet normal -0.9373390119125757 -0.3484186802494326 0
    outer loop
      vertex -9.415440651830208 -3.3688985339222004 -2.5
      vertex -9.32992798834739 -3.5989503653498818 -2.5
      vertex -9.32992798834739 -3.5989503653498818 2.5
    endloop
  endfacet
  facet normal -0.8876396204028556 -0.4605387109582369 0
    outer loop
      vertex -8.819212643483551 -4.7139673682599765 -2.5
      vertex -8.819212643483551 -4.7139673682599765 2.5
      vertex -8.932243011955153 -4.496113296546066 -2.5
    endloop
  endfacet
  facet normal -0.8760700941954048 -0.482183772079126 0
    outer loop
      vertex -8.819212643483551 -4.7139673682599765 -2.5
      vertex -8.700869911087114 -4.92898192229784 -2.5
      vertex -8.819212643483551 -4.7139673682599765 2.5
    endloop
  endfacet
  facet normal -0.9729399522055584 -0.23105810828067827 0
    outer loop
      vertex -9.700312531945439 -2.4298017990326386 -2.5
      vertex -9.757021300385286 -2.191012401568698 2.5
      vertex -9.757021300385286 -2.191012401568698 -2.5
    endloop
  endfacet
  facet normal -0.9783173707196287 -0.20711137619221395 0
    outer loop
      vertex -9.757021300385286 -2.191012401568698 -2.5
      vertex -9.807852804032304 -1.9509032201612824 2.5
      vertex -9.807852804032304 -1.9509032201612824 -2.5
    endloop
  endfacet
  facet normal -0.983105487431216 -0.18303988795514367 0
    outer loop
      vertex -9.807852804032304 -1.9509032201612824 -2.5
      vertex -9.807852804032304 -1.9509032201612824 2.5
      vertex -9.852776423889413 -1.7096188876030123 -2.5
    endloop
  endfacet
  facet normal -0.9873014181578588 -0.1588581433338586 0
    outer loop
      vertex -9.89176509964781 -1.4673047445536174 -2.5
      vertex -9.852776423889413 -1.7096188876030123 -2.5
      vertex -9.89176509964781 -1.4673047445536174 2.5
    endloop
  endfacet
  facet normal -0.9909026354277799 -0.13458070850712694 0
    outer loop
      vertex -9.89176509964781 -1.4673047445536174 -2.5
      vertex -9.89176509964781 -1.4673047445536174 2.5
      vertex -9.9247953459871 -1.224106751992162 -2.5
    endloop
  endfacet
  facet normal -0.9939069700023555 -0.11022220729388689 0
    outer loop
      vertex -9.9247953459871 -1.224106751992162 -2.5
      vertex -9.95184726672197 -0.980171403295606 2.5
      vertex -9.95184726672197 -0.980171403295606 -2.5
    endloop
  endfacet
  facet normal -0.9963126121827786 -0.08579731234443351 0
    outer loop
      vertex -9.95184726672197 -0.980171403295606 -2.5
      vertex -9.95184726672197 -0.980171403295606 2.5
      vertex -9.971812706870665 -0.748324748844826 -2.5
    endloop
  endfacet
  facet normal -0.5857978574564368 -0.8104571982525963 0
    outer loop
      vertex -5.956993044924333 -8.03207531480645 -2.5
      vertex -5.758081914178454 -8.175848131515837 -2.5
      vertex -5.758081914178454 -8.175848131515837 2.5
    endloop
  endfacet
  facet normal -0.5657318107836126 -0.8245893027850256 0
    outer loop
      vertex -5.758081914178454 -8.175848131515837 -2.5
      vertex -5.555702330196022 -8.314696123025453 -2.5
      vertex -5.758081914178454 -8.175848131515837 2.5
    endloop
  endfacet
  facet normal -0.5453249884220461 -0.8382247055548384 0
    outer loop
      vertex -5.555702330196022 -8.314696123025453 -2.5
      vertex -5.349976198870971 -8.448535652497071 -2.5
      vertex -5.555702330196022 -8.314696123025453 2.5
    endloop
  endfacet
  facet normal -0.5245896826784685 -0.8513551931052652 0
    outer loop
      vertex -5.349976198870971 -8.448535652497071 -2.5
      vertex -5.141027441932218 -8.57728610000272 -2.5
      vertex -5.141027441932218 -8.57728610000272 2.5
    endloop
  endfacet
  facet normal -0.5035383837257181 -0.8639728561215865 0
    outer loop
      vertex -5.141027441932218 -8.57728610000272 -2.5
      vertex -4.92898192229784 -8.700869911087114 -2.5
      vertex -5.141027441932218 -8.57728610000272 2.5
    endloop
  endfacet
  facet normal -0.482183772079126 -0.8760700941954048 0
    outer loop
      vertex -4.92898192229784 -8.700869911087114 -2.5
      vertex -4.7139673682599765 -8.819212643483551 -2.5
      vertex -4.7139673682599765 -8.819212643483551 2.5
    endloop
  endfacet
  facet normal -0.4605387109582369 -0.8876396204028556 0
    outer loop
      vertex -4.7139673682599765 -8.819212643483551 -2.5
      vertex -4.496113296546066 -8.932243011955153 -2.5
      vertex -4.7139673682599765 -8.819212643483551 2.5
    endloop
  endfacet
  facet normal -0.4386162385385287 -0.8986744656939533 0
    outer loop
      vertex -4.496113296546066 -8.932243011955153 -2.5
      vertex -4.275550934302821 -9.039892931234434 -2.5
      vertex -4.275550934302821 -9.039892931234434 2.5
    endloop
  endfacet
  facet normal -0.41642956009763554 -0.909167983090523 0
    outer loop
      vertex -4.275550934302821 -9.039892931234434 -2.5
      vertex -4.052413140049898 -9.142097557035306 -2.5
      vertex -4.052413140049898 -9.142097557035306 2.5
    endloop
  endfacet
  facet normal -0.39399204006105015 -0.919113851690057 0
    outer loop
      vertex -4.052413140049898 -9.142097557035306 -2.5
      vertex -3.826834323650898 -9.238795325112868 -2.5
      vertex -4.052413140049898 -9.142097557035306 2.5
    endloop
  endfacet
  facet normal -0.3484186802494326 -0.9373390119125757 0
    outer loop
      vertex -3.5989503653498818 -9.32992798834739 -2.5
      vertex -3.3688985339222004 -9.415440651830208 -2.5
      vertex -3.3688985339222004 -9.415440651830208 2.5
    endloop
  endfacet
  facet normal -0.3713171939518384 -0.9285060804732154 0
    outer loop
      vertex -3.826834323650898 -9.238795325112868 -2.5
      vertex -3.5989503653498818 -9.32992798834739 -2.5
      vertex -3.826834323650898 -9.238795325112868 2.5
    endloop
  endfacet
  facet normal -0.32531029216226176 -0.9456073253805217 0
    outer loop
      vertex -3.3688985339222004 -9.415440651830208 -2.5
      vertex -3.136817403988915 -9.495281805930366 -2.5
      vertex -3.3688985339222004 -9.415440651830208 2.5
    endloop
  endfacet
  facet normal -0.3020059493192255 -0.9533060403541945 0
    outer loop
      vertex -3.136817403988915 -9.495281805930366 -2.5
      vertex -2.902846772544623 -9.569403357322088 -2.5
      vertex -3.136817403988915 -9.495281805930366 2.5
    endloop
  endfacet
  facet normal -0.278519689385057 -0.9604305194155647 0
    outer loop
      vertex -2.902846772544623 -9.569403357322088 -2.5
      vertex -2.667127574748984 -9.637760657954399 -2.5
      vertex -2.667127574748984 -9.637760657954399 2.5
    endloop
  endfacet
  facet normal -0.25486565960451085 -0.9669764710448531 0
    outer loop
      vertex -2.667127574748984 -9.637760657954399 -2.5
      vertex -2.4298017990326386 -9.700312531945439 -2.5
      vertex -2.4298017990326386 -9.700312531945439 2.5
    endloop
  endfacet
  facet normal -0.23105810828067827 -0.9729399522055584 0
    outer loop
      vertex -2.4298017990326386 -9.700312531945439 -2.5
      vertex -2.191012401568698 -9.757021300385286 -2.5
      vertex -2.4298017990326386 -9.700312531945439 2.5
    endloop
  endfacet
  facet normal -0.20711137619221395 -0.9783173707196287 0
    outer loop
      vertex -2.191012401568698 -9.757021300385286 -2.5
      vertex -1.9509032201612824 -9.807852804032304 -2.5
      vertex -1.9509032201612824 -9.807852804032304 2.5
    endloop
  endfacet
  facet normal -0.18303988795514367 -0.983105487431216 0
    outer loop
      vertex -1.9509032201612824 -9.807852804032304 -2.5
      vertex -1.7096188876030123 -9.852776423889413 -2.5
      vertex -1.9509032201612824 -9.807852804032304 2.5
    endloop
  endfacet
  facet normal 0 0 -1
    outer loop
      vertex -8.984014672519804 4.454872482013979 -2.5
      vertex -6.779919698425825 3.2066632007271156 -2.5
      vertex -6.788731399572131 3.187425093430157 -2.5
    endloop
  endfacet
  facet normal 0 0 -1
    outer loop
      vertex -8.984014672519804 4.454872482013979 -2.5
      vertex -6.699182258966365 3.3720849724095494 -2.5
      vertex -6.779919698425825 3.2066632007271156 -2.5
    endloop
  endfacet
  facet normal 0 0 -1
    outer loop
      vertex -8.984014672519804 4.454872482013979 -2.5
      vertex -6.614409482612663 3.535475526194982 -2.5
      vertex -6.699182258966365 3.3720849724095494 -2.5
    endloop
  endfacet
  facet normal 0 0 -1
    outer loop
      vertex -8.984014672519804 4.454872482013979 -2.5
      vertex -6.525652433315336 3.69673644172338 -2.5
      vertex -6.614409482612663 3.535475526194982 -2.5
    endloop
  endfacet
  facet normal 0 0 -1
    outer loop
      vertex 0.2996874680545609 15.570198200967361 -2.5
      vertex -6.43296457500204 3.855770581449163 -2.5
      vertex -6.525652433315336 3.69673644172338 -2.5
    endloop
  endfacet
  facet normal 0 0 -1
    outer loop
      vertex 0.2996874680545609 15.570198200967361 -2.5
      vertex -6.525652433315336 3.69673644172338 -2.5
      vertex -8.984014672519804 4.454872482013979 -2.5
    endloop
  endfacet
  facet normal 0 0 -1
    outer loop
      vertex 0.2996874680545609 15.570198200967361 -2.5
      vertex -6.336401739372803 4.012482149153229 -2.5
      vertex -6.43296457500204 3.855770581449163 -2.5
    endloop
  endfacet
  facet normal 0 0 -1
    outer loop
      vertex 0.2996874680545609 15.570198200967361 -2.5
      vertex -6.236022092269089 4.166776747647017 -2.5
      vertex -6.336401739372803 4.012482149153229 -2.5
    endloop
  endfacet
  facet normal 0 0 -1
    outer loop
      vertex 0.2996874680545609 15.570198200967361 -2.5
      vertex -6.131886098636878 4.31856143563384 -2.5
      vertex -6.236022092269089 4.166776747647017 -2.5
    endloop
  endfacet
  facet normal 0 0 -1
    outer loop
      vertex -6.131886098636878 4.31856143563384 -2.5
      vertex 0.2996874680545609 15.570198200967361 -2.5
      vertex -6.024056486104837 4.4677447836932505 -2.5
    endloop
  endfacet
  facet normal 0 0 -1
    outer loop
      vertex 0.2996874680545609 15.570198200967361 -2.5
      vertex -5.912598207199547 4.614236929354701 -2.5
      vertex -6.024056486104837 4.4677447836932505 -2.5
    endloop
  endfacet
  facet normal 0 0 -1
    outer loop
      vertex 0.2996874680545609 15.570198200967361 -2.5
      vertex -5.7975784002205275 4.7579496312273415 -2.5
      vertex -5.912598207199547 4.614236929354701 -2.5
    endloop
  endfacet
  facet normal 0 0 -1
    outer loop
      vertex 0.2996874680545609 15.570198200967361 -2.5
      vertex -5.679066348798634 4.898796322153325 -2.5
      vertex -5.7975784002205275 4.7579496312273415 -2.5
    endloop
  endfacet
  facet normal 0 0 -1
    outer loop
      vertex -5.679066348798634 4.898796322153325 -2.5
      vertex 0.2996874680545609 15.570198200967361 -2.5
      vertex -5.557133440162193 5.036692161352638 -2.5
    endloop
  endfacet
  facet normal 0 0 -1
    outer loop
      vertex 0.2996874680545609 15.570198200967361 -2.5
      vertex -5.431853122136003 5.171554085528001 -2.5
      vertex -5.557133440162193 5.036692161352638 -2.5
    endloop
  endfacet
  facet normal 0 0 -1
    outer loop
      vertex 0.2996874680545609 15.570198200967361 -2.5
      vertex -5.303300858899107 5.303300858899107 -2.5
      vertex -5.431853122136003 5.171554085528001 -2.5
    endloop
  endfacet
  facet normal 0 0 -1
    outer loop
      vertex 0.3622393420456014 15.332872425251015 -2.5
      vertex -5.171554085528001 5.431853122136003 -2.5
      vertex -5.303300858899107 5.303300858899107 -2.5
    endloop
  endfacet
  facet normal 0 0 -1
    outer loop
      vertex 0.3622393420456014 15.332872425251015 -2.5
      vertex -5.036692161352638 5.557133440162193 -2.5
      vertex -5.171554085528001 5.431853122136003 -2.5
    endloop
  endfacet
  facet normal 0 0 -1
    outer loop
      vertex 0.3622393420456014 15.332872425251015 -2.5
      vertex -4.898796322153325 5.679066348798634 -2.5
      vertex -5.036692161352638 5.557133440162193 -2.5
    endloop
  endfacet
  facet normal 0 0 -1
    outer loop
      vertex 0.3622393420456014 15.332872425251015 -2.5
      vertex -4.7579496312273415 5.7975784002205275 -2.5
      vertex -4.898796322153325 5.679066348798634 -2.5
    endloop
  endfacet
  facet normal 0 0 -1
    outer loop
      vertex 0.4305966426779122 15.097153227455376 -2.5
      vertex -4.614236929354701 5.912598207199547 -2.5
      vertex -4.7579496312273415 5.7975784002205275 -2.5
    endloop
  endfacet
  facet normal 0 0 -1
    outer loop
      vertex 0.4305966426779122 15.097153227455376 -2.5
      vertex -4.4677447836932505 6.024056486104837 -2.5
      vertex -4.614236929354701 5.912598207199547 -2.5
    endloop
  endfacet
  facet normal 0 0 -1
    outer loop
      vertex 0.4305966426779122 15.097153227455376 -2.5
      vertex -4.31856143563384 6.131886098636878 -2.5
      vertex -4.4677447836932505 6.024056486104837 -2.5
    endloop
  endfacet
  facet normal 0 0 -1
    outer loop
      vertex -4.31856143563384 6.131886098636878 -2.5
      vertex 0.5047181940696337 14.863182596011086 -2.5
      vertex -4.166776747647017 6.236022092269089 -2.5
    endloop
  endfacet
  facet normal 0 0 -1
    outer loop
      vertex 0.5047181940696337 14.863182596011086 -2.5
      vertex -4.012482149153229 6.336401739372803 -2.5
      vertex -4.166776747647017 6.236022092269089 -2.5
    endloop
  endfacet
  facet normal 0 0 -1
    outer loop
      vertex 0.5047181940696337 14.863182596011086 -2.5
      vertex -3.855770581449163 6.43296457500204 -2.5
      vertex -4.012482149153229 6.336401739372803 -2.5
    endloop
  endfacet
  facet normal 0 0 -1
    outer loop
      vertex 0.5845593481697922 14.6311014660778 -2.5
      vertex -3.69673644172338 6.525652433315336 -2.5
      vertex -3.855770581449163 6.43296457500204 -2.5
    endloop
  endfacet
  facet normal 0 0 -1
    outer loop
      vertex -3.69673644172338 6.525652433315336 -2.5
      vertex 0.5845593481697922 14.6311014660778 -2.5
      vertex -3.535475526194982 6.614409482612663 -2.5
    endloop
  endfacet
  facet normal 0 0 -1
    outer loop
      vertex -3.3720849724095494 6.699182258966365 -2.5
      vertex -3.535475526194982 6.614409482612663 -2.5
      vertex 0.5845593481697922 14.6311014660778 -2.5
    endloop
  endfacet
  facet normal 0 0 -1
    outer loop
      vertex 0.6700720116526107 14.401049634650118 -2.5
      vertex -3.2066632007271156 6.779919698425825 -2.5
      vertex -3.3720849724095494 6.699182258966365 -2.5
    endloop
  endfacet
  facet normal 0 0 -1
    outer loop
      vertex 0.6700720116526107 14.401049634650118 -2.5
      vertex -3.039309855037424 6.85657316777648 -2.5
      vertex -3.2066632007271156 6.779919698425825 -2.5
    endloop
  endfacet
  facet normal 0 0 -1
    outer loop
      vertex -1.9509032201612824 -9.807852804032304 -2.5
      vertex -1.2822141657022592 -7.389582317917059 -2.5
      vertex -1.7096188876030123 -9.852776423889413 -2.5
    endloop
  endfacet
  facet normal 0 0 -1
    outer loop
      vertex -1.7096188876030123 -9.852776423889413 -2.5
      vertex -0.9180800639941215 -7.443596509490325 -2.5
      vertex -1.4673047445536174 -9.89176509964781 -2.5
    endloop
  endfacet
  facet normal 0 0 -1
    outer loop
      vertex -1.4673047445536174 -9.89176509964781 -2.5
      vertex -0.7351285524717045 -7.463885450041477 -2.5
      vertex -1.224106751992162 -9.9247953459871 -2.5
    endloop
  endfacet
  facet normal 0 0 -1
    outer loop
      vertex -1.224106751992162 -9.9247953459871 -2.5
      vertex -0.5517342269975057 -7.479678425090176 -2.5
      vertex -0.980171403295606 -9.95184726672197 -2.5
    endloop
  endfacet
  facet normal 0 0 -1
    outer loop
      vertex -2.191012401568698 -9.757021300385286 -2.5
      vertex -1.6432593011765235 -7.317765975288964 -2.5
      vertex -1.4631774151209618 -7.355889603024228 -2.5
    endloop
  endfacet
  facet normal 0 0 -1
    outer loop
      vertex -1.9509032201612824 -9.807852804032304 -2.5
      vertex -1.4631774151209618 -7.355889603024228 -2.5
      vertex -1.2822141657022592 -7.389582317917059 -2.5
    endloop
  endfacet
  facet normal 0 0 -1
    outer loop
      vertex -1.7096188876030123 -9.852776423889413 -2.5
      vertex -1.2822141657022592 -7.389582317917059 -2.5
      vertex -1.100478558415213 -7.418823824735858 -2.5
    endloop
  endfacet
  facet normal 0 0 -1
    outer loop
      vertex -1.7096188876030123 -9.852776423889413 -2.5
      vertex -1.100478558415213 -7.418823824735858 -2.5
      vertex -0.9180800639941215 -7.443596509490325 -2.5
    endloop
  endfacet
  facet normal 0 0 -1
    outer loop
      vertex -1.4673047445536174 -9.89176509964781 -2.5
      vertex -0.9180800639941215 -7.443596509490325 -2.5
      vertex -0.7351285524717045 -7.463885450041477 -2.5
    endloop
  endfacet
  facet normal 0 0 -1
    outer loop
      vertex -0.980171403295606 -9.95184726672197 -2.5
      vertex -0.3680075574556351 -7.490965921538793 -2.5
      vertex -0.7356456359966743 -9.972904566786902 -2.5
    endloop
  endfacet
  facet normal 0 0 -1
    outer loop
      vertex -0.7356456359966743 -9.972904566786902 -2.5
      vertex 0 -7.5 -2.5
      vertex -0.49067674327418015 -9.987954562051724 -2.5
    endloop
  endfacet
  facet normal 0 0 -1
    outer loop
      vertex -0.49067674327418015 -9.987954562051724 -2.5
      vertex 0.18405921392184216 -7.497741140221532 -2.5
      vertex -0.2454122852291229 -9.996988186962042 -2.5
    endloop
  endfacet
  facet normal 0 0 -1
    outer loop
      vertex -0.2454122852291229 -9.996988186962042 -2.5
      vertex 0.3680075574556351 -7.490965921538793 -2.5
      vertex 0 -10 -2.5
    endloop
  endfacet
  facet normal 0 0 -1
    outer loop
      vertex -1.224106751992162 -9.9247953459871 -2.5
      vertex -0.7351285524717045 -7.463885450041477 -2.5
      vertex -0.5517342269975057 -7.479678425090176 -2.5
    endloop
  endfacet
  facet normal 0 0 -1
    outer loop
      vertex -0.980171403295606 -9.95184726672197 -2.5
      vertex -0.5517342269975057 -7.479678425090176 -2.5
      vertex -0.3680075574556351 -7.490965921538793 -2.5
    endloop
  endfacet
  facet normal 0 0 -1
    outer loop
      vertex -0.7356456359966743 -9.972904566786902 -2.5
      vertex -0.3680075574556351 -7.490965921538793 -2.5
      vertex -0.18405921392184216 -7.497741140221532 -2.5
    endloop
  endfacet
  facet normal 0 0 -1
    outer loop
      vertex -0.7356456359966743 -9.972904566786902 -2.5
      vertex -0.18405921392184216 -7.497741140221532 -2.5
      vertex 0 -7.5 -2.5
    endloop
  endfacet
  facet normal 0 0 -1
    outer loop
      vertex -0.49067674327418015 -9.987954562051724 -2.5
      vertex 0 -7.5 -2.5
      vertex 0.18405921392184216 -7.497741140221532 -2.5
    endloop
  endfacet
  facet normal 0 0 -1
    outer loop
      vertex -0.2454122852291229 -9.996988186962042 -2.5
      vertex 0.18405921392184216 -7.497741140221532 -2.5
      vertex 0.3680075574556351 -7.490965921538793 -2.5
    endloop
  endfacet
  facet normal 0 0 -1
    outer loop
      vertex 0 -10 -2.5
      vertex 0.5517342269975057 -7.479678425090176 -2.5
      vertex 0.2454122852291229 -9.996988186962042 -2.5
    endloop
  endfacet
  facet normal 0 0 -1
    outer loop
      vertex 0.2454122852291229 -9.996988186962042 -2.5
      vertex 0.9180800639941215 -7.443596509490325 -2.5
      vertex 0.49067674327418015 -9.987954562051724 -2.5
    endloop
  endfacet
  facet normal 0 0 -1
    outer loop
      vertex 0.49067674327418015 -9.987954562051724 -2.5
      vertex 1.100478558415213 -7.418823824735858 -2.5
      vertex 0.7356456359966743 -9.972904566786902 -2.5
    endloop
  endfacet
  facet normal 0 0 -1
    outer loop
      vertex 0.7356456359966743 -9.972904566786902 -2.5
      vertex 1.2822141657022592 -7.389582317917059 -2.5
      vertex 0.980171403295606 -9.95184726672197 -2.5
    endloop
  endfacet
  facet normal 0 0 -1
    outer loop
      vertex 0 -10 -2.5
      vertex 0.3680075574556351 -7.490965921538793 -2.5
      vertex 0.5517342269975057 -7.479678425090176 -2.5
    endloop
  endfacet
  facet normal 0 0 -1
    outer loop
      vertex 0.2454122852291229 -9.996988186962042 -2.5
      vertex 0.5517342269975057 -7.479678425090176 -2.5
      vertex 0.7351285524717045 -7.463885450041477 -2.5
    endloop
  endfacet
  facet normal 0 0 -1
    outer loop
      vertex 0.2454122852291229 -9.996988186962042 -2.5
      vertex 0.7351285524717045 -7.463885450041477 -2.5
      vertex 0.9180800639941215 -7.443596509490325 -2.5
    endloop
  endfacet
  facet normal 0 0 -1
    outer loop
      vertex 0.49067674327418015 -9.987954562051724 -2.5
      vertex 0.9180800639941215 -7.443596509490325 -2.5
      vertex 1.100478558415213 -7.418823824735858 -2.5
    endloop
  endfacet
  facet normal 0 0 -1
    outer loop
      vertex 0.7356456359966743 -9.972904566786902 -2.5
      vertex 1.100478558415213 -7.418823824735858 -2.5
      vertex 1.2822141657022592 -7.389582317917059 -2.5
    endloop
  endfacet
  facet normal 0 0 -1
    outer loop
      vertex 0.980171403295606 -9.95184726672197 -2.5
      vertex 1.4631774151209618 -7.355889603024228 -2.5
      vertex 1.224106751992162 -9.9247953459871 -2.5
    endloop
  endfacet
  facet normal 0 0 -1
    outer loop
      vertex 1.224106751992162 -9.9247953459871 -2.5
      vertex 1.822351349274479 -7.27523439895908 -2.5
      vertex 1.4673047445536174 -9.89176509964781 -2.5
    endloop
  endfacet
  facet normal 0 0 -1
    outer loop
      vertex 1.4673047445536174 -9.89176509964781 -2.5
      vertex 2.000345681061738 -7.228320493465799 -2.5
      vertex 1.7096188876030123 -9.852776423889413 -2.5
    endloop
  endfacet
  facet normal 0 0 -1
    outer loop
      vertex 1.7096188876030123 -9.852776423889413 -2.5
      vertex 2.1771350794084676 -7.177052517991566 -2.5
      vertex 1.9509032201612824 -9.807852804032304 -2.5
    endloop
  endfacet
  facet normal 0 0 -1
    outer loop
      vertex 0.980171403295606 -9.95184726672197 -2.5
      vertex 1.2822141657022592 -7.389582317917059 -2.5
      vertex 1.4631774151209618 -7.355889603024228 -2.5
    endloop
  endfacet
  facet normal 0 0 -1
    outer loop
      vertex 1.224106751992162 -9.9247953459871 -2.5
      vertex 1.4631774151209618 -7.355889603024228 -2.5
      vertex 1.6432593011765235 -7.317765975288964 -2.5
    endloop
  endfacet
  facet normal 0 0 -1
    outer loop
      vertex 1.224106751992162 -9.9247953459871 -2.5
      vertex 1.6432593011765235 -7.317765975288964 -2.5
      vertex 1.822351349274479 -7.27523439895908 -2.5
    endloop
  endfacet
  facet normal 0 0 -1
    outer loop
      vertex 1.4673047445536174 -9.89176509964781 -2.5
      vertex 1.822351349274479 -7.27523439895908 -2.5
      vertex 2.000345681061738 -7.228320493465799 -2.5
    endloop
  endfacet
  facet normal 0 0 -1
    outer loop
      vertex 1.7096188876030123 -9.852776423889413 -2.5
      vertex 2.000345681061738 -7.228320493465799 -2.5
      vertex 2.1771350794084676 -7.177052517991566 -2.5
    endloop
  endfacet
  facet normal 0 0 -1
    outer loop
      vertex 1.9509032201612824 -9.807852804032304 -2.5
      vertex 2.1771350794084676 -7.177052517991566 -2.5
      vertex 2.3526130529916864 -7.121461354447775 -2.5
    endloop
  endfacet
  facet normal 0 0 -1
    outer loop
      vertex 1.9509032201612824 -9.807852804032304 -2.5
      vertex 2.5266739004416503 -7.061580488872656 -2.5
      vertex 2.191012401568698 -9.757021300385286 -2.5
    endloop
  endfacet
  facet normal 0 0 -1
    outer loop
      vertex 2.191012401568698 -9.757021300385286 -2.5
      vertex 2.699212774012411 -6.997445991260541 -2.5
      vertex 2.4298017990326386 -9.700312531945439 -2.5
    endloop
  endfacet
  facet normal 0 0 -1
    outer loop
      vertex 2.4298017990326386 -9.700312531945439 -2.5
      vertex 2.8701257427381734 -6.929096493834651 -2.5
      vertex 2.667127574748984 -9.637760657954399 -2.5
    endloop
  endfacet
  facet normal 0 0 -1
    outer loop
      vertex 1.9509032201612824 -9.807852804032304 -2.5
      vertex 2.3526130529916864 -7.121461354447775 -2.5
      vertex 2.5266739004416503 -7.061580488872656 -2.5
    endloop
  endfacet
  facet normal 0 0 -1
    outer loop
      vertex 2.191012401568698 -9.757021300385286 -2.5
      vertex 2.5266739004416503 -7.061580488872656 -2.5
      vertex 2.699212774012411 -6.997445991260541 -2.5
    endloop
  endfacet
  facet normal 0 0 -1
    outer loop
      vertex 2.4298017990326386 -9.700312531945439 -2.5
      vertex 2.699212774012411 -6.997445991260541 -2.5
      vertex 2.8701257427381734 -6.929096493834651 -2.5
    endloop
  endfacet
  facet normal 0 0 -1
    outer loop
      vertex 2.667127574748984 -9.637760657954399 -2.5
      vertex 3.2066632007271156 -6.779919698425825 -2.5
      vertex 2.902846772544623 -9.569403357322088 -2.5
    endloop
  endfacet
  facet normal 0 0 -1
    outer loop
      vertex 2.902846772544623 -9.569403357322088 -2.5
      vertex 3.3720849724095494 -6.699182258966365 -2.5
      vertex 3.136817403988915 -9.495281805930366 -2.5
    endloop
  endfacet
  facet normal 0 0 -1
    outer loop
      vertex 2.667127574748984 -9.637760657954399 -2.5
      vertex 2.8701257427381734 -6.929096493834651 -2.5
      vertex 3.039309855037424 -6.85657316777648 -2.5
    endloop
  endfacet
  facet normal 0 0 -1
    outer loop
      vertex 2.667127574748984 -9.637760657954399 -2.5
      vertex 3.039309855037424 -6.85657316777648 -2.5
      vertex 3.2066632007271156 -6.779919698425825 -2.5
    endloop
  endfacet
  facet normal 0 0 -1
    outer loop
      vertex 2.902846772544623 -9.569403357322088 -2.5
      vertex 3.2066632007271156 -6.779919698425825 -2.5
      vertex 3.3720849724095494 -6.699182258966365 -2.5
    endloop
  endfacet
  facet normal 0 0 -1
    outer loop
      vertex 3.136817403988915 -9.495281805930366 -2.5
      vertex 3.535475526194982 -6.614409482612663 -2.5
      vertex 3.3688985339222004 -9.415440651830208 -2.5
    endloop
  endfacet
  facet normal 0 0 -1
    outer loop
      vertex 3.3688985339222004 -9.415440651830208 -2.5
      vertex 3.855770581449163 -6.43296457500204 -2.5
      vertex 3.5989503653498818 -9.32992798834739 -2.5
    endloop
  endfacet
  facet normal 0 0 -1
    outer loop
      vertex 3.136817403988915 -9.495281805930366 -2.5
      vertex 3.3720849724095494 -6.699182258966365 -2.5
      vertex 3.535475526194982 -6.614409482612663 -2.5
    endloop
  endfacet
  facet normal 0 0 -1
    outer loop
      vertex 3.3688985339222004 -9.415440651830208 -2.5
      vertex 3.535475526194982 -6.614409482612663 -2.5
      vertex 3.69673644172338 -6.525652433315336 -2.5
    endloop
  endfacet
  facet normal 0 0 -1
    outer loop
      vertex 3.5989503653498818 -9.32992798834739 -2.5
      vertex 4.012482149153229 -6.336401739372803 -2.5
      vertex 3.826834323650898 -9.238795325112868 -2.5
    endloop
  endfacet
  facet normal 0 0 -1
    outer loop
      vertex 3.826834323650898 -9.238795325112868 -2.5
      vertex 4.31856143563384 -6.131886098636878 -2.5
      vertex 4.052413140049898 -9.142097557035306 -2.5
    endloop
  endfacet
  facet normal 0 0 -1
    outer loop
      vertex 3.3688985339222004 -9.415440651830208 -2.5
      vertex 3.69673644172338 -6.525652433315336 -2.5
      vertex 3.855770581449163 -6.43296457500204 -2.5
    endloop
  endfacet
  facet normal 0 0 -1
    outer loop
      vertex 3.5989503653498818 -9.32992798834739 -2.5
      vertex 3.855770581449163 -6.43296457500204 -2.5
      vertex 4.012482149153229 -6.336401739372803 -2.5
    endloop
  endfacet
  facet normal 0 0 -1
    outer loop
      vertex 3.826834323650898 -9.238795325112868 -2.5
      vertex 4.012482149153229 -6.336401739372803 -2.5
      vertex 4.166776747647017 -6.236022092269089 -2.5
    endloop
  endfacet
  facet normal 0 0 -1
    outer loop
      vertex 3.826834323650898 -9.238795325112868 -2.5
      vertex 4.166776747647017 -6.236022092269089 -2.5
      vertex 4.31856143563384 -6.131886098636878 -2.5
    endloop
  endfacet
  facet normal 0 0 -1
    outer loop
      vertex 4.052413140049898 -9.142097557035306 -2.5
      vertex 4.4677447836932505 -6.024056486104837 -2.5
      vertex 4.275550934302821 -9.039892931234434 -2.5
    endloop
  endfacet
  facet normal 0 0 -1
    outer loop
      vertex 4.275550934302821 -9.039892931234434 -2.5
      vertex 4.614236929354701 -5.912598207199547 -2.5
      vertex 4.496113296546066 -8.932243011955153 -2.5
    endloop
  endfacet
  facet normal 0 0 -1
    outer loop
      vertex 4.496113296546066 -8.932243011955153 -2.5
      vertex 4.898796322153325 -5.679066348798634 -2.5
      vertex 4.7139673682599765 -8.819212643483551 -2.5
    endloop
  endfacet
  facet normal 0 0 -1
    outer loop
      vertex 4.7139673682599765 -8.819212643483551 -2.5
      vertex 5.036692161352638 -5.557133440162193 -2.5
      vertex 4.92898192229784 -8.700869911087114 -2.5
    endloop
  endfacet
  facet normal 0 0 -1
    outer loop
      vertex 4.92898192229784 -8.700869911087114 -2.5
      vertex 5.303300858899107 -5.303300858899107 -2.5
      vertex 5.141027441932218 -8.57728610000272 -2.5
    endloop
  endfacet
  facet normal 0 0 -1
    outer loop
      vertex 4.052413140049898 -9.142097557035306 -2.5
      vertex 4.31856143563384 -6.131886098636878 -2.5
      vertex 4.4677447836932505 -6.024056486104837 -2.5
    endloop
  endfacet
  facet normal 0 0 -1
    outer loop
      vertex 4.275550934302821 -9.039892931234434 -2.5
      vertex 4.4677447836932505 -6.024056486104837 -2.5
      vertex 4.614236929354701 -5.912598207199547 -2.5
    endloop
  endfacet
  facet normal 0 0 -1
    outer loop
      vertex 4.496113296546066 -8.932243011955153 -2.5
      vertex 4.614236929354701 -5.912598207199547 -2.5
      vertex 4.7579496312273415 -5.7975784002205275 -2.5
    endloop
  endfacet
  facet normal 0 0 -1
    outer loop
      vertex 4.496113296546066 -8.932243011955153 -2.5
      vertex 4.7579496312273415 -5.7975784002205275 -2.5
      vertex 4.898796322153325 -5.679066348798634 -2.5
    endloop
  endfacet
  facet normal 0 0 -1
    outer loop
      vertex 4.7139673682599765 -8.819212643483551 -2.5
      vertex 4.898796322153325 -5.679066348798634 -2.5
      vertex 5.036692161352638 -5.557133440162193 -2.5
    endloop
  endfacet
  facet normal 0 0 -1
    outer loop
      vertex 4.92898192229784 -8.700869911087114 -2.5
      vertex 5.036692161352638 -5.557133440162193 -2.5
      vertex 5.171554085528001 -5.431853122136003 -2.5
    endloop
  endfacet
  facet normal 0 0 -1
    outer loop
      vertex 4.92898192229784 -8.700869911087114 -2.5
      vertex 5.171554085528001 -5.431853122136003 -2.5
      vertex 5.303300858899107 -5.303300858899107 -2.5
    endloop
  endfacet
  facet normal 0 0 -1
    outer loop
      vertex 5.141027441932218 -8.57728610000272 -2.5
      vertex 5.431853122136003 -5.171554085528001 -2.5
      vertex 5.349976198870971 -8.448535652497071 -2.5
    endloop
  endfacet
  facet normal 0 0 -1
    outer loop
      vertex 5.349976198870971 -8.448535652497071 -2.5
      vertex 5.679066348798634 -4.898796322153325 -2.5
      vertex 5.555702330196022 -8.314696123025453 -2.5
    endloop
  endfacet
  facet normal 0 0 -1
    outer loop
      vertex 5.555702330196022 -8.314696123025453 -2.5
      vertex 5.912598207199547 -4.614236929354701 -2.5
      vertex 5.758081914178454 -8.175848131515837 -2.5
    endloop
  endfacet
  facet normal 0 0 -1
    outer loop
      vertex 5.141027441932218 -8.57728610000272 -2.5
      vertex 5.303300858899107 -5.303300858899107 -2.5
      vertex 5.431853122136003 -5.171554085528001 -2.5
    endloop
  endfacet
  facet normal 0 0 -1
    outer loop
      vertex 5.349976198870971 -8.448535652497071 -2.5
      vertex 5.431853122136003 -5.171554085528001 -2.5
      vertex 5.557133440162193 -5.036692161352638 -2.5
    endloop
  endfacet
  facet normal 0 0 -1
    outer loop
      vertex 5.758081914178454 -8.175848131515837 -2.5
      vertex 6.024056486104837 -4.4677447836932505 -2.5
      vertex 5.956993044924333 -8.03207531480645 -2.5
    endloop
  endfacet
  facet normal 0 0 -1
    outer loop
      vertex 5.956993044924333 -8.03207531480645 -2.5
      vertex 6.236022092269089 -4.166776747647017 -2.5
      vertex 6.152315905806268 -7.883464276266063 -2.5
    endloop
  endfacet
  facet normal 0 0 -1
    outer loop
      vertex 5.349976198870971 -8.448535652497071 -2.5
      vertex 5.557133440162193 -5.036692161352638 -2.5
      vertex 5.679066348798634 -4.898796322153325 -2.5
    endloop
  endfacet
  facet normal 0 0 -1
    outer loop
      vertex 5.555702330196022 -8.314696123025453 -2.5
      vertex 5.679066348798634 -4.898796322153325 -2.5
      vertex 5.7975784002205275 -4.7579496312273415 -2.5
    endloop
  endfacet
  facet normal 0 0 -1
    outer loop
      vertex 5.555702330196022 -8.314696123025453 -2.5
      vertex 5.7975784002205275 -4.7579496312273415 -2.5
      vertex 5.912598207199547 -4.614236929354701 -2.5
    endloop
  endfacet
  facet normal 0 0 -1
    outer loop
      vertex 5.758081914178454 -8.175848131515837 -2.5
      vertex 5.912598207199547 -4.614236929354701 -2.5
      vertex 6.024056486104837 -4.4677447836932505 -2.5
    endloop
  endfacet
  facet normal 0 0 -1
    outer loop
      vertex 5.956993044924333 -8.03207531480645 -2.5
      vertex 6.024056486104837 -4.4677447836932505 -2.5
      vertex 6.131886098636878 -4.31856143563384 -2.5
    endloop
  endfacet
  facet normal 0 0 -1
    outer loop
      vertex 5.956993044924333 -8.03207531480645 -2.5
      vertex 6.131886098636878 -4.31856143563384 -2.5
      vertex 6.236022092269089 -4.166776747647017 -2.5
    endloop
  endfacet
  facet normal 0 0 -1
    outer loop
      vertex 6.152315905806268 -7.883464276266063 -2.5
      vertex 6.236022092269089 -4.166776747647017 -2.5
      vertex 6.336401739372803 -4.012482149153229 -2.5
    endloop
  endfacet
  facet normal -0.1588581433338586 -0.9873014181578588 0
    outer loop
      vertex -1.7096188876030123 -9.852776423889413 -2.5
      vertex -1.4673047445536174 -9.89176509964781 -2.5
      vertex -1.4673047445536174 -9.89176509964781 2.5
    endloop
  endfacet
  facet normal -0.13458070850712694 -0.9909026354277799 0
    outer loop
      vertex -1.4673047445536174 -9.89176509964781 -2.5
      vertex -1.224106751992162 -9.9247953459871 -2.5
      vertex -1.4673047445536174 -9.89176509964781 2.5
    endloop
  endfacet
  facet normal -0.11022220729388689 -0.9939069700023555 0
    outer loop
      vertex -1.224106751992162 -9.9247953459871 -2.5
      vertex -0.980171403295606 -9.95184726672197 -2.5
      vertex -0.980171403295606 -9.95184726672197 2.5
    endloop
  endfacet
  facet normal -0.08579731234443422 -0.9963126121827784 0
    outer loop
      vertex -0.980171403295606 -9.95184726672197 -2.5
      vertex -0.7356456359966743 -9.972904566786902 -2.5
      vertex -0.980171403295606 -9.95184726672197 2.5
    endloop
  endfacet
  facet normal -0.06132073630221303 -0.998118112900149 0
    outer loop
      vertex -0.7356456359966743 -9.972904566786902 -2.5
      vertex -0.49067674327418015 -9.987954562051724 -2.5
      vertex -0.49067674327418015 -9.987954562051724 2.5
    endloop
  endfacet
  facet normal -0.03680722294135683 -0.9993223845883494 0
    outer loop
      vertex -0.49067674327418015 -9.987954562051724 -2.5
      vertex -0.2454122852291229 -9.996988186962042 -2.5
      vertex -0.49067674327418015 -9.987954562051724 2.5
    endloop
  endfacet
  facet normal -0.012271538285719613 -0.9999247018391445 0
    outer loop
      vertex -0.2454122852291229 -9.996988186962042 -2.5
      vertex 0 -10 -2.5
      vertex -0.2454122852291229 -9.996988186962042 2.5
    endloop
  endfacet
  facet normal 0.012271538285719613 -0.9999247018391445 0
    outer loop
      vertex 0 -10 -2.5
      vertex 0.2454122852291229 -9.996988186962042 -2.5
      vertex 0 -10 2.5
    endloop
  endfacet
  facet normal 0.03680722294135683 -0.9993223845883494 0
    outer loop
      vertex 0.2454122852291229 -9.996988186962042 -2.5
      vertex 0.49067674327418015 -9.987954562051724 -2.5
      vertex 0.49067674327418015 -9.987954562051724 2.5
    endloop
  endfacet
  facet normal 0.06132073630221303 -0.998118112900149 0
    outer loop
      vertex 0.49067674327418015 -9.987954562051724 -2.5
      vertex 0.7356456359966743 -9.972904566786902 -2.5
      vertex 0.49067674327418015 -9.987954562051724 2.5
    endloop
  endfacet
  facet normal 0.08579731234443422 -0.9963126121827784 0
    outer loop
      vertex 0.7356456359966743 -9.972904566786902 -2.5
      vertex 0.980171403295606 -9.95184726672197 -2.5
      vertex 0.980171403295606 -9.95184726672197 2.5
    endloop
  endfacet
  facet normal 0.11022220729388689 -0.9939069700023555 0
    outer loop
      vertex 0.980171403295606 -9.95184726672197 -2.5
      vertex 1.224106751992162 -9.9247953459871 -2.5
      vertex 1.224106751992162 -9.9247953459871 2.5
    endloop
  endfacet
  facet normal 0.13458070850712694 -0.9909026354277799 0
    outer loop
      vertex 1.224106751992162 -9.9247953459871 -2.5
      vertex 1.4673047445536174 -9.89176509964781 -2.5
      vertex 1.224106751992162 -9.9247953459871 2.5
    endloop
  endfacet
  facet normal 0.1588581433338586 -0.9873014181578588 0
    outer loop
      vertex 1.4673047445536174 -9.89176509964781 -2.5
      vertex 1.7096188876030123 -9.852776423889413 -2.5
      vertex 1.4673047445536174 -9.89176509964781 2.5
    endloop
  endfacet
  facet normal 0.18303988795514367 -0.983105487431216 0
    outer loop
      vertex 1.7096188876030123 -9.852776423889413 -2.5
      vertex 1.9509032201612824 -9.807852804032304 -2.5
      vertex 1.9509032201612824 -9.807852804032304 2.5
    endloop
  endfacet
  facet normal 0.20711137619221395 -0.9783173707196287 0
    outer loop
      vertex 1.9509032201612824 -9.807852804032304 -2.5
      vertex 2.191012401568698 -9.757021300385286 -2.5
      vertex 1.9509032201612824 -9.807852804032304 2.5
    endloop
  endfacet
  facet normal 0.23105810828067827 -0.9729399522055584 0
    outer loop
      vertex 2.191012401568698 -9.757021300385286 -2.5
      vertex 2.4298017990326386 -9.700312531945439 -2.5
      vertex 2.4298017990326386 -9.700312531945439 2.5
    endloop
  endfacet
  facet normal 0.25486565960451085 -0.9669764710448531 0
    outer loop
      vertex 2.4298017990326386 -9.700312531945439 -2.5
      vertex 2.667127574748984 -9.637760657954399 -2.5
      vertex 2.667127574748984 -9.637760657954399 2.5
    endloop
  endfacet
  facet normal 0.278519689385057 -0.9604305194155647 0
    outer loop
      vertex 2.667127574748984 -9.637760657954399 -2.5
      vertex 2.902846772544623 -9.569403357322088 -2.5
      vertex 2.667127574748984 -9.637760657954399 2.5
    endloop
  endfacet
  facet normal 0.3020059493192255 -0.9533060403541945 0
    outer loop
      vertex 2.902846772544623 -9.569403357322088 -2.5
      vertex 3.136817403988915 -9.495281805930366 -2.5
      vertex 3.136817403988915 -9.495281805930366 2.5
    endloop
  endfacet
  facet normal 0.32531029216226176 -0.9456073253805217 0
    outer loop
      vertex 3.136817403988915 -9.495281805930366 -2.5
      vertex 3.3688985339222004 -9.415440651830208 -2.5
      vertex 3.136817403988915 -9.495281805930366 2.5
    endloop
  endfacet
  facet normal 0.3484186802494326 -0.9373390119125757 0
    outer loop
      vertex 3.3688985339222004 -9.415440651830208 -2.5
      vertex 3.5989503653498818 -9.32992798834739 -2.5
      vertex 3.5989503653498818 -9.32992798834739 2.5
    endloop
  endfacet
  facet normal 0.3713171939518384 -0.9285060804732154 0
    outer loop
      vertex 3.5989503653498818 -9.32992798834739 -2.5
      vertex 3.826834323650898 -9.238795325112868 -2.5
      vertex 3.5989503653498818 -9.32992798834739 2.5
    endloop
  endfacet
  facet normal 0.39399204006105015 -0.919113851690057 0
    outer loop
      vertex 3.826834323650898 -9.238795325112868 -2.5
      vertex 4.052413140049898 -9.142097557035306 -2.5
      vertex 4.052413140049898 -9.142097557035306 2.5
    endloop
  endfacet
  facet normal 0.41642956009763554 -0.909167983090523 0
    outer loop
      vertex 4.052413140049898 -9.142097557035306 -2.5
      vertex 4.275550934302821 -9.039892931234434 -2.5
      vertex 4.052413140049898 -9.142097557035306 2.5
    endloop
  endfacet
  facet normal 0.4386162385385287 -0.8986744656939533 0
    outer loop
      vertex 4.275550934302821 -9.039892931234434 -2.5
      vertex 4.496113296546066 -8.932243011955153 -2.5
      vertex 4.275550934302821 -9.039892931234434 2.5
    endloop
  endfacet
  facet normal 0.4605387109582369 -0.8876396204028556 0
    outer loop
      vertex 4.496113296546066 -8.932243011955153 -2.5
      vertex 4.7139673682599765 -8.819212643483551 -2.5
      vertex 4.7139673682599765 -8.819212643483551 2.5
    endloop
  endfacet
  facet normal 0.482183772079126 -0.8760700941954048 0
    outer loop
      vertex 4.7139673682599765 -8.819212643483551 -2.5
      vertex 4.92898192229784 -8.700869911087114 -2.5
      vertex 4.7139673682599765 -8.819212643483551 2.5
    endloop
  endfacet
  facet normal 0.5035383837257181 -0.8639728561215865 0
    outer loop
      vertex 4.92898192229784 -8.700869911087114 -2.5
      vertex 5.141027441932218 -8.57728610000272 -2.5
      vertex 5.141027441932218 -8.57728610000272 2.5
    endloop
  endfacet
  facet normal 0.5245896826784685 -0.8513551931052652 0
    outer loop
      vertex 5.141027441932218 -8.57728610000272 -2.5
      vertex 5.349976198870971 -8.448535652497071 -2.5
      vertex 5.349976198870971 -8.448535652497071 2.5
    endloop
  endfacet
  facet normal 0.5453249884220461 -0.8382247055548384 0
    outer loop
      vertex 5.349976198870971 -8.448535652497071 -2.5
      vertex 5.555702330196022 -8.314696123025453 -2.5
      vertex 5.555702330196022 -8.314696123025453 2.5
    endloop
  endfacet
  facet normal 0.5657318107836126 -0.8245893027850256 0
    outer loop
      vertex 5.555702330196022 -8.314696123025453 -2.5
      vertex 5.758081914178454 -8.175848131515837 -2.5
      vertex 5.555702330196022 -8.314696123025453 2.5
    endloop
  endfacet
  facet normal 0.5857978574564368 -0.8104571982525963 0
    outer loop
      vertex 5.758081914178454 -8.175848131515837 -2.5
      vertex 5.956993044924333 -8.03207531480645 -2.5
      vertex 5.956993044924333 -8.03207531480645 2.5
    endloop
  endfacet
  facet normal 0.605511041404327 -0.7958369046088826 0
    outer loop
      vertex 5.956993044924333 -8.03207531480645 -2.5
      vertex 6.152315905806268 -7.883464276266063 -2.5
      vertex 5.956993044924333 -8.03207531480645 2.5
    endloop
  endfacet
  facet normal 0.6248594881423865 -0.7807372285720945 0
    outer loop
      vertex 6.152315905806268 -7.883464276266063 -2.5
      vertex 6.343932841636455 -7.73010453362737 -2.5
      vertex 6.152315905806268 -7.883464276266063 2.5
    endloop
  endfacet
  facet normal 0 0 -1
    outer loop
      vertex 0.7612046748871322 14.173165676349102 -2.5
      vertex -2.8701257427381734 6.929096493834651 -2.5
      vertex -3.039309855037424 6.85657316777648 -2.5
    endloop
  endfacet
  facet normal 0 0 -1
    outer loop
      vertex 0.7612046748871322 14.173165676349102 -2.5
      vertex -2.699212774012411 6.997445991260541 -2.5
      vertex -2.8701257427381734 6.929096493834651 -2.5
    endloop
  endfacet
  facet normal 0 0 -1
    outer loop
      vertex 0.8579024429646935 13.947586859950102 -2.5
      vertex -2.5266739004416503 7.061580488872656 -2.5
      vertex -2.699212774012411 6.997445991260541 -2.5
    endloop
  endfacet
  facet normal 0 0 -1
    outer loop
      vertex 0.8579024429646935 13.947586859950102 -2.5
      vertex -2.3526130529916864 7.121461354447775 -2.5
      vertex -2.5266739004416503 7.061580488872656 -2.5
    endloop
  endfacet
  facet normal 0 0 -1
    outer loop
      vertex 0.9601070687655664 13.72444906569718 -2.5
      vertex -2.1771350794084676 7.177052517991566 -2.5
      vertex -2.3526130529916864 7.121461354447775 -2.5
    endloop
  endfacet
  facet normal 0 0 -1
    outer loop
      vertex 0.9601070687655664 13.72444906569718 -2.5
      vertex -2.000345681061738 7.228320493465799 -2.5
      vertex -2.1771350794084676 7.177052517991566 -2.5
    endloop
  endfacet
  facet normal 0 0 -1
    outer loop
      vertex 1.067756988044847 13.503886703453933 -2.5
      vertex -1.822351349274479 7.27523439895908 -2.5
      vertex -2.000345681061738 7.228320493465799 -2.5
    endloop
  endfacet
  facet normal 0 0 -1
    outer loop
      vertex 1.067756988044847 13.503886703453933 -2.5
      vertex -1.6432593011765235 7.317765975288964 -2.5
      vertex -1.822351349274479 7.27523439895908 -2.5
    endloop
  endfacet
  facet normal 0 0 -1
    outer loop
      vertex 1.1807873565164488 13.286032631740024 -2.5
      vertex -1.4631774151209618 7.355889603024228 -2.5
      vertex -1.6432593011765235 7.317765975288964 -2.5
    endloop
  endfacet
  facet normal 0 0 -1
    outer loop
      vertex 1.2991300889128858 13.07101807770216 -2.5
      vertex -1.100478558415213 7.418823824735858 -2.5
      vertex -1.2822141657022592 7.389582317917059 -2.5
    endloop
  endfacet
  facet normal 0 0 -1
    outer loop
      vertex -1.2822141657022592 7.389582317917059 -2.5
      vertex -1.4631774151209618 7.355889603024228 -2.5
      vertex 1.1807873565164488 13.286032631740024 -2.5
    endloop
  endfacet
  facet normal 0 0 -1
    outer loop
      vertex 1.4227138999972802 12.858972558067782 -2.5
      vertex -0.9180800639941215 7.443596509490325 -2.5
      vertex -1.100478558415213 7.418823824735858 -2.5
    endloop
  endfacet
  facet normal 0 0 -1
    outer loop
      vertex -0.9180800639941215 7.443596509490325 -2.5
      vertex 1.5514643475029288 12.650023801129029 -2.5
      vertex -0.7351285524717045 7.463885450041477 -2.5
    endloop
  endfacet
  facet normal 0 0 -1
    outer loop
      vertex -0.7351285524717045 7.463885450041477 -2.5
      vertex 1.5514643475029288 12.650023801129029 -2.5
      vertex -0.5517342269975057 7.479678425090176 -2.5
    endloop
  endfacet
  facet normal 0 0 -1
    outer loop
      vertex 2.1165357237339366 11.847684094193731 -2.5
      vertex 0.3680075574556351 7.490965921538793 -2.5
      vertex 0.18405921392184216 7.497741140221532 -2.5
    endloop
  endfacet
  facet normal 0 0 -1
    outer loop
      vertex 2.1165357237339366 11.847684094193731 -2.5
      vertex 0.5517342269975057 7.479678425090176 -2.5
      vertex 0.3680075574556351 7.490965921538793 -2.5
    endloop
  endfacet
  facet normal 0 0 -1
    outer loop
      vertex 2.2698954663726303 11.656067158363545 -2.5
      vertex 0.7351285524717045 7.463885450041477 -2.5
      vertex 0.5517342269975057 7.479678425090176 -2.5
    endloop
  endfacet
  facet normal 0 0 -1
    outer loop
      vertex 1.6853038769745474 12.444297669803978 -2.5
      vertex -0.3680075574556351 7.490965921538793 -2.5
      vertex -0.5517342269975057 7.479678425090176 -2.5
    endloop
  endfacet
  facet normal 0 0 -1
    outer loop
      vertex -0.18405921392184216 7.497741140221532 -2.5
      vertex -0.3680075574556351 7.490965921538793 -2.5
      vertex 1.6853038769745474 12.444297669803978 -2.5
    endloop
  endfacet
  facet normal 0 0 -1
    outer loop
      vertex 0 7.5 -2.5
      vertex -0.18405921392184216 7.497741140221532 -2.5
      vertex 1.8241518684841633 12.241918085821546 -2.5
    endloop
  endfacet
  facet normal 0 0 -1
    outer loop
      vertex 0 7.5 -2.5
      vertex 1.96792468519355 12.043006955075667 -2.5
      vertex 0.18405921392184216 7.497741140221532 -2.5
    endloop
  endfacet
  facet normal 0 0 -1
    outer loop
      vertex 0.7351285524717045 7.463885450041477 -2.5
      vertex 2.427911534935154 11.468271570462232 -2.5
      vertex 0.9180800639941215 7.443596509490325 -2.5
    endloop
  endfacet
  facet normal 0 0 -1
    outer loop
      vertex 2.5904887464504087 11.284410451529816 -2.5
      vertex 1.100478558415213 7.418823824735858 -2.5
      vertex 0.9180800639941215 7.443596509490325 -2.5
    endloop
  endfacet
  facet normal 0 0 -1
    outer loop
      vertex 1.2822141657022592 7.389582317917059 -2.5
      vertex 1.100478558415213 7.418823824735858 -2.5
      vertex 2.5904887464504087 11.284410451529816 -2.5
    endloop
  endfacet
  facet normal 0 0 -1
    outer loop
      vertex 2.427911534935154 11.468271570462232 -2.5
      vertex 0.7351285524717045 7.463885450041477 -2.5
      vertex 2.2698954663726303 11.656067158363545 -2.5
    endloop
  endfacet
  facet normal 0 0 -1
    outer loop
      vertex 0.9180800639941215 7.443596509490325 -2.5
      vertex 2.427911534935154 11.468271570462232 -2.5
      vertex 2.5904887464504087 11.284410451529816 -2.5
    endloop
  endfacet
  facet normal 0 0 -1
    outer loop
      vertex 7.126467054215301 6.307398950947608 -2.5
      vertex 1.4631774151209618 7.355889603024228 -2.5
      vertex 1.2822141657022592 7.389582317917059 -2.5
    endloop
  endfacet
  facet normal 0 0 -1
    outer loop
      vertex 1.4631774151209618 7.355889603024228 -2.5
      vertex 7.126467054215301 6.307398950947608 -2.5
      vertex 1.6432593011765235 7.317765975288964 -2.5
    endloop
  endfacet
  facet normal 0 0 -1
    outer loop
      vertex 7.126467054215301 6.307398950947608 -2.5
      vertex 1.822351349274479 7.27523439895908 -2.5
      vertex 1.6432593011765235 7.317765975288964 -2.5
    endloop
  endfacet
  facet normal 0 0 -1
    outer loop
      vertex 7.126467054215301 6.307398950947608 -2.5
      vertex 2.000345681061738 7.228320493465799 -2.5
      vertex 1.822351349274479 7.27523439895908 -2.5
    endloop
  endfacet
  facet normal 0 0 -1
    outer loop
      vertex 2.000345681061738 7.228320493465799 -2.5
      vertex 7.126467054215301 6.307398950947608 -2.5
      vertex 2.1771350794084676 7.177052517991566 -2.5
    endloop
  endfacet
  facet normal 0 0 -1
    outer loop
      vertex 7.126467054215301 6.307398950947608 -2.5
      vertex 2.3526130529916864 7.121461354447775 -2.5
      vertex 2.1771350794084676 7.177052517991566 -2.5
    endloop
  endfacet
  facet normal 0 0 -1
    outer loop
      vertex 2.699212774012411 6.997445991260541 -2.5
      vertex 7.126467054215301 6.307398950947608 -2.5
      vertex 2.8701257427381734 6.929096493834651 -2.5
    endloop
  endfacet
  facet normal 0 0 -1
    outer loop
      vertex 7.126467054215301 6.307398950947608 -2.5
      vertex 2.5266739004416503 7.061580488872656 -2.5
      vertex 2.3526130529916864 7.121461354447775 -2.5
    endloop
  endfacet
  facet normal 0 0 -1
    outer loop
      vertex 2.5266739004416503 7.061580488872656 -2.5
      vertex 7.126467054215301 6.307398950947608 -2.5
      vertex 2.699212774012411 6.997445991260541 -2.5
    endloop
  endfacet
  facet normal 0 0 -1
    outer loop
      vertex 7.126467054215301 6.307398950947608 -2.5
      vertex 1.2822141657022592 7.389582317917059 -2.5
      vertex 2.5904887464504087 11.284410451529816 -2.5
    endloop
  endfacet
  facet normal 0 0 -1
    outer loop
      vertex 7.126467054215301 6.307398950947608 -2.5
      vertex 3.855770581449163 6.43296457500204 -2.5
      vertex 3.69673644172338 6.525652433315336 -2.5
    endloop
  endfacet
  facet normal 0 0 -1
    outer loop
      vertex 4.012482149153229 6.336401739372803 -2.5
      vertex 7.126467054215301 6.307398950947608 -2.5
      vertex 4.166776747647017 6.236022092269089 -2.5
    endloop
  endfacet
  facet normal 0 0 -1
    outer loop
      vertex 3.855770581449163 6.43296457500204 -2.5
      vertex 7.126467054215301 6.307398950947608 -2.5
      vertex 4.012482149153229 6.336401739372803 -2.5
    endloop
  endfacet
  facet normal 0 0 -1
    outer loop
      vertex 7.126467054215301 6.307398950947608 -2.5
      vertex 4.31856143563384 6.131886098636878 -2.5
      vertex 4.166776747647017 6.236022092269089 -2.5
    endloop
  endfacet
  facet normal 0 0 -1
    outer loop
      vertex 7.126467054215301 6.307398950947608 -2.5
      vertex 3.039309855037424 6.85657316777648 -2.5
      vertex 2.8701257427381734 6.929096493834651 -2.5
    endloop
  endfacet
  facet normal 0 0 -1
    outer loop
      vertex 7.126467054215301 6.307398950947608 -2.5
      vertex 3.2066632007271156 6.779919698425825 -2.5
      vertex 3.039309855037424 6.85657316777648 -2.5
    endloop
  endfacet
  facet normal 0 0 -1
    outer loop
      vertex 3.2066632007271156 6.779919698425825 -2.5
      vertex 7.126467054215301 6.307398950947608 -2.5
      vertex 3.3720849724095494 6.699182258966365 -2.5
    endloop
  endfacet
  facet normal 0 0 -1
    outer loop
      vertex 7.126467054215301 6.307398950947608 -2.5
      vertex 3.535475526194982 6.614409482612663 -2.5
      vertex 3.3720849724095494 6.699182258966365 -2.5
    endloop
  endfacet
  facet normal 0 0 -1
    outer loop
      vertex 7.126467054215301 6.307398950947608 -2.5
      vertex 3.69673644172338 6.525652433315336 -2.5
      vertex 3.535475526194982 6.614409482612663 -2.5
    endloop
  endfacet
  facet normal 0 0 -1
    outer loop
      vertex 7.126467054215301 6.307398950947608 -2.5
      vertex 4.614236929354701 5.912598207199547 -2.5
      vertex 4.4677447836932505 6.024056486104837 -2.5
    endloop
  endfacet
  facet normal 0 0 -1
    outer loop
      vertex 7.126467054215301 6.307398950947608 -2.5
      vertex 4.7579496312273415 5.7975784002205275 -2.5
      vertex 4.614236929354701 5.912598207199547 -2.5
    endloop
  endfacet
  facet normal 0 0 -1
    outer loop
      vertex 7.126467054215301 6.307398950947608 -2.5
      vertex 4.4677447836932505 6.024056486104837 -2.5
      vertex 4.31856143563384 6.131886098636878 -2.5
    endloop
  endfacet
  facet normal 0 0 -1
    outer loop
      vertex 4.7579496312273415 5.7975784002205275 -2.5
      vertex 7.126467054215301 6.307398950947608 -2.5
      vertex 4.898796322153325 5.679066348798634 -2.5
    endloop
  endfacet
  facet normal 0 0 -1
    outer loop
      vertex 4.898796322153325 5.679066348798634 -2.5
      vertex 7.126467054215301 6.307398950947608 -2.5
      vertex 5.036692161352638 5.557133440162193 -2.5
    endloop
  endfacet
  facet normal 0 0 -1
    outer loop
      vertex 7.126467054215301 6.307398950947608 -2.5
      vertex 5.171554085528001 5.431853122136003 -2.5
      vertex 5.036692161352638 5.557133440162193 -2.5
    endloop
  endfacet
  facet normal 0 0 -1
    outer loop
      vertex 7.126467054215301 6.307398950947608 -2.5
      vertex 5.303300858899107 5.303300858899107 -2.5
      vertex 5.171554085528001 5.431853122136003 -2.5
    endloop
  endfacet
  facet normal 0 0 -1
    outer loop
      vertex 5.303300858899107 5.303300858899107 -2.5
      vertex 7.126467054215301 6.307398950947608 -2.5
      vertex 5.431853122136003 5.171554085528001 -2.5
    endloop
  endfacet
  facet normal 0 0 -1
    outer loop
      vertex 5.557133440162193 5.036692161352638 -2.5
      vertex 7.126467054215301 6.307398950947608 -2.5
      vertex 5.679066348798634 4.898796322153325 -2.5
    endloop
  endfacet
  facet normal 0 0 -1
    outer loop
      vertex 5.679066348798634 4.898796322153325 -2.5
      vertex 7.126467054215301 6.307398950947608 -2.5
      vertex 5.7975784002205275 4.7579496312273415 -2.5
    endloop
  endfacet
  facet normal 0 0 -1
    outer loop
      vertex 5.431853122136003 5.171554085528001 -2.5
      vertex 7.126467054215301 6.307398950947608 -2.5
      vertex 5.557133440162193 5.036692161352638 -2.5
    endloop
  endfacet
  facet normal -0.8513551931052652 -0.5245896826784685 0
    outer loop
      vertex -8.448535652497071 -5.349976198870971 -2.5
      vertex -8.448535652497071 -5.349976198870971 2.5
      vertex -8.57728610000272 -5.141027441932218 2.5
    endloop
  endfacet
  facet normal -0.8639728561215865 -0.5035383837257181 0
    outer loop
      vertex -8.700869911087114 -4.92898192229784 -2.5
      vertex -8.57728610000272 -5.141027441932218 2.5
      vertex -8.700869911087114 -4.92898192229784 2.5
    endloop
  endfacet
  facet normal -0.8245893027850256 -0.5657318107836126 0
    outer loop
      vertex -8.175848131515837 -5.758081914178454 -2.5
      vertex -8.175848131515837 -5.758081914178454 2.5
      vertex -8.314696123025453 -5.555702330196022 2.5
    endloop
  endfacet
  facet normal -0.8104571982525963 -0.5857978574564368 0
    outer loop
      vertex -8.175848131515837 -5.758081914178454 -2.5
      vertex -8.03207531480645 -5.956993044924333 2.5
      vertex -8.175848131515837 -5.758081914178454 2.5
    endloop
  endfacet
  facet normal -0.8382247055548384 -0.5453249884220461 0
    outer loop
      vertex -8.448535652497071 -5.349976198870971 -2.5
      vertex -8.314696123025453 -5.555702330196022 2.5
      vertex -8.448535652497071 -5.349976198870971 2.5
    endloop
  endfacet
  facet normal -0.6624157775901709 -0.74913639452346 0
    outer loop
      vertex -6.531728429537767 -7.572088465064846 -2.5
      vertex -6.531728429537767 -7.572088465064846 2.5
      vertex -6.715589548470184 -7.409511253549591 2.5
    endloop
  endfacet
  facet normal -0.6438315428897914 -0.7651672656224588 0
    outer loop
      vertex -6.531728429537767 -7.572088465064846 -2.5
      vertex -6.343932841636455 -7.73010453362737 2.5
      vertex -6.531728429537767 -7.572088465064846 2.5
    endloop
  endfacet
  facet normal -0.6248594881423865 -0.7807372285720945 0
    outer loop
      vertex -6.343932841636455 -7.73010453362737 -2.5
      vertex -6.152315905806268 -7.883464276266063 2.5
      vertex -6.343932841636455 -7.73010453362737 2.5
    endloop
  endfacet
  facet normal -0.605511041404327 -0.7958369046088826 0
    outer loop
      vertex -5.956993044924333 -8.03207531480645 -2.5
      vertex -5.956993044924333 -8.03207531480645 2.5
      vertex -6.152315905806268 -7.883464276266063 2.5
    endloop
  endfacet
  facet normal -0.7807372285720945 -0.6248594881423865 0
    outer loop
      vertex -7.883464276266063 -6.152315905806268 -2.5
      vertex -7.73010453362737 -6.343932841636455 2.5
      vertex -7.883464276266063 -6.152315905806268 2.5
    endloop
  endfacet
  facet normal -0.74913639452346 -0.6624157775901709 0
    outer loop
      vertex -7.409511253549591 -6.715589548470184 -2.5
      vertex -7.409511253549591 -6.715589548470184 2.5
      vertex -7.572088465064846 -6.531728429537767 2.5
    endloop
  endfacet
  facet normal -0.7651672656224588 -0.6438315428897914 0
    outer loop
      vertex -7.73010453362737 -6.343932841636455 -2.5
      vertex -7.572088465064846 -6.531728429537767 2.5
      vertex -7.73010453362737 -6.343932841636455 2.5
    endloop
  endfacet
  facet normal -0.6983762494089729 -0.7157308252838186 0
    outer loop
      vertex -6.895405447370669 -7.24247082951467 -2.5
      vertex -6.895405447370669 -7.24247082951467 2.5
      vertex -7.0710678118654755 -7.0710678118654755 2.5
    endloop
  endfacet
  facet normal -0.7157308252838186 -0.6983762494089729 0
    outer loop
      vertex -7.0710678118654755 -7.0710678118654755 -2.5
      vertex -7.0710678118654755 -7.0710678118654755 2.5
      vertex -7.24247082951467 -6.895405447370669 2.5
    endloop
  endfacet
  facet normal -0.7326542716724125 -0.6806009977954535 0
    outer loop
      vertex -7.409511253549591 -6.715589548470184 -2.5
      vertex -7.24247082951467 -6.895405447370669 2.5
      vertex -7.409511253549591 -6.715589548470184 2.5
    endloop
  endfacet
  facet normal -0.7958369046088826 -0.605511041404327 0
    outer loop
      vertex -7.883464276266063 -6.152315905806268 -2.5
      vertex -7.883464276266063 -6.152315905806268 2.5
      vertex -8.03207531480645 -5.956993044924333 2.5
    endloop
  endfacet
  facet normal -0.6806009977954535 -0.7326542716724125 0
    outer loop
      vertex -6.895405447370669 -7.24247082951467 -2.5
      vertex -6.715589548470184 -7.409511253549591 2.5
      vertex -6.895405447370669 -7.24247082951467 2.5
    endloop
  endfacet
  facet normal -0.8986744656939533 -0.4386162385385287 0
    outer loop
      vertex -8.932243011955153 -4.496113296546066 -2.5
      vertex -8.932243011955153 -4.496113296546066 2.5
      vertex -9.039892931234434 -4.275550934302821 2.5
    endloop
  endfacet
  facet normal -0.9285060804732154 -0.3713171939518384 0
    outer loop
      vertex -9.32992798834739 -3.5989503653498818 -2.5
      vertex -9.238795325112868 -3.826834323650898 2.5
      vertex -9.32992798834739 -3.5989503653498818 2.5
    endloop
  endfacet
  facet normal -0.909167983090523 -0.41642956009763554 0
    outer loop
      vertex -9.142097557035306 -4.052413140049898 -2.5
      vertex -9.039892931234434 -4.275550934302821 2.5
      vertex -9.142097557035306 -4.052413140049898 2.5
    endloop
  endfacet
  facet normal -0.919113851690057 -0.39399204006105015 0
    outer loop
      vertex -9.142097557035306 -4.052413140049898 -2.5
      vertex -9.142097557035306 -4.052413140049898 2.5
      vertex -9.238795325112868 -3.826834323650898 2.5
    endloop
  endfacet
  facet normal -0.9533060403541945 -0.3020059493192255 0
    outer loop
      vertex -9.495281805930366 -3.136817403988915 -2.5
      vertex -9.495281805930366 -3.136817403988915 2.5
      vertex -9.569403357322088 -2.902846772544623 2.5
    endloop
  endfacet
  facet normal -0.9604305194155647 -0.278519689385057 0
    outer loop
      vertex -9.637760657954399 -2.667127574748984 -2.5
      vertex -9.569403357322088 -2.902846772544623 2.5
      vertex -9.637760657954399 -2.667127574748984 2.5
    endloop
  endfacet
  facet normal -0.9669764710448531 -0.25486565960451085 0
    outer loop
      vertex -9.700312531945439 -2.4298017990326386 -2.5
      vertex -9.637760657954399 -2.667127574748984 2.5
      vertex -9.700312531945439 -2.4298017990326386 2.5
    endloop
  endfacet
  facet normal -0.9373390119125757 -0.3484186802494326 0
    outer loop
      vertex -9.415440651830208 -3.3688985339222004 -2.5
      vertex -9.32992798834739 -3.5989503653498818 2.5
      vertex -9.415440651830208 -3.3688985339222004 2.5
    endloop
  endfacet
  facet normal -0.9456073253805217 -0.32531029216226176 0
    outer loop
      vertex -9.415440651830208 -3.3688985339222004 -2.5
      vertex -9.415440651830208 -3.3688985339222004 2.5
      vertex -9.495281805930366 -3.136817403988915 2.5
    endloop
  endfacet
  facet normal -0.8760700941954048 -0.482183772079126 0
    outer loop
      vertex -8.700869911087114 -4.92898192229784 -2.5
      vertex -8.700869911087114 -4.92898192229784 2.5
      vertex -8.819212643483551 -4.7139673682599765 2.5
    endloop
  endfacet
  facet normal -0.8876396204028556 -0.4605387109582369 0
    outer loop
      vertex -8.932243011955153 -4.496113296546066 -2.5
      vertex -8.819212643483551 -4.7139673682599765 2.5
      vertex -8.932243011955153 -4.496113296546066 2.5
    endloop
  endfacet
  facet normal -0.9729399522055584 -0.23105810828067827 0
    outer loop
      vertex -9.700312531945439 -2.4298017990326386 -2.5
      vertex -9.700312531945439 -2.4298017990326386 2.5
      vertex -9.757021300385286 -2.191012401568698 2.5
    endloop
  endfacet
  facet normal -0.9783173707196287 -0.20711137619221395 0
    outer loop
      vertex -9.757021300385286 -2.191012401568698 -2.5
      vertex -9.757021300385286 -2.191012401568698 2.5
      vertex -9.807852804032304 -1.9509032201612824 2.5
    endloop
  endfacet
  facet normal -0.983105487431216 -0.18303988795514367 0
    outer loop
      vertex -9.852776423889413 -1.7096188876030123 -2.5
      vertex -9.807852804032304 -1.9509032201612824 2.5
      vertex -9.852776423889413 -1.7096188876030123 2.5
    endloop
  endfacet
  facet normal -0.9873014181578588 -0.1588581433338586 0
    outer loop
      vertex -9.852776423889413 -1.7096188876030123 -2.5
      vertex -9.852776423889413 -1.7096188876030123 2.5
      vertex -9.89176509964781 -1.4673047445536174 2.5
    endloop
  endfacet
  facet normal -0.9909026354277799 -0.13458070850712694 0
    outer loop
      vertex -9.9247953459871 -1.224106751992162 -2.5
      vertex -9.89176509964781 -1.4673047445536174 2.5
      vertex -9.9247953459871 -1.224106751992162 2.5
    endloop
  endfacet
  facet normal -0.9939069700023555 -0.11022220729388689 0
    outer loop
      vertex -9.9247953459871 -1.224106751992162 -2.5
      vertex -9.9247953459871 -1.224106751992162 2.5
      vertex -9.95184726672197 -0.980171403295606 2.5
    endloop
  endfacet
  facet normal -0.9963126121827786 -0.08579731234443351 0
    outer loop
      vertex -9.95184726672197 -0.980171403295606 2.5
      vertex -9.971812706870665 -0.748324748844826 2.5
      vertex -9.971812706870665 -0.748324748844826 -2.5
    endloop
  endfacet
  facet normal -0.5657318107836126 -0.8245893027850256 0
    outer loop
      vertex -5.555702330196022 -8.314696123025453 -2.5
      vertex -5.555702330196022 -8.314696123025453 2.5
      vertex -5.758081914178454 -8.175848131515837 2.5
    endloop
  endfacet
  facet normal -0.5453249884220461 -0.8382247055548384 0
    outer loop
      vertex -5.349976198870971 -8.448535652497071 -2.5
      vertex -5.349976198870971 -8.448535652497071 2.5
      vertex -5.555702330196022 -8.314696123025453 2.5
    endloop
  endfacet
  facet normal -0.5857978574564368 -0.8104571982525963 0
    outer loop
      vertex -5.956993044924333 -8.03207531480645 -2.5
      vertex -5.758081914178454 -8.175848131515837 2.5
      vertex -5.956993044924333 -8.03207531480645 2.5
    endloop
  endfacet
  facet normal -0.5245896826784685 -0.8513551931052652 0
    outer loop
      vertex -5.349976198870971 -8.448535652497071 -2.5
      vertex -5.141027441932218 -8.57728610000272 2.5
      vertex -5.349976198870971 -8.448535652497071 2.5
    endloop
  endfacet
  facet normal -0.5035383837257181 -0.8639728561215865 0
    outer loop
      vertex -4.92898192229784 -8.700869911087114 -2.5
      vertex -4.92898192229784 -8.700869911087114 2.5
      vertex -5.141027441932218 -8.57728610000272 2.5
    endloop
  endfacet
  facet normal -0.482183772079126 -0.8760700941954048 0
    outer loop
      vertex -4.92898192229784 -8.700869911087114 -2.5
      vertex -4.7139673682599765 -8.819212643483551 2.5
      vertex -4.92898192229784 -8.700869911087114 2.5
    endloop
  endfacet
  facet normal -0.4605387109582369 -0.8876396204028556 0
    outer loop
      vertex -4.496113296546066 -8.932243011955153 -2.5
      vertex -4.496113296546066 -8.932243011955153 2.5
      vertex -4.7139673682599765 -8.819212643483551 2.5
    endloop
  endfacet
  facet normal -0.4386162385385287 -0.8986744656939533 0
    outer loop
      vertex -4.496113296546066 -8.932243011955153 -2.5
      vertex -4.275550934302821 -9.039892931234434 2.5
      vertex -4.496113296546066 -8.932243011955153 2.5
    endloop
  endfacet
  facet normal -0.41642956009763554 -0.909167983090523 0
    outer loop
      vertex -4.275550934302821 -9.039892931234434 -2.5
      vertex -4.052413140049898 -9.142097557035306 2.5
      vertex -4.275550934302821 -9.039892931234434 2.5
    endloop
  endfacet
  facet normal -0.39399204006105015 -0.919113851690057 0
    outer loop
      vertex -3.826834323650898 -9.238795325112868 -2.5
      vertex -3.826834323650898 -9.238795325112868 2.5
      vertex -4.052413140049898 -9.142097557035306 2.5
    endloop
  endfacet
  facet normal -0.3713171939518384 -0.9285060804732154 0
    outer loop
      vertex -3.5989503653498818 -9.32992798834739 -2.5
      vertex -3.5989503653498818 -9.32992798834739 2.5
      vertex -3.826834323650898 -9.238795325112868 2.5
    endloop
  endfacet
  facet normal -0.3484186802494326 -0.9373390119125757 0
    outer loop
      vertex -3.5989503653498818 -9.32992798834739 -2.5
      vertex -3.3688985339222004 -9.415440651830208 2.5
      vertex -3.5989503653498818 -9.32992798834739 2.5
    endloop
  endfacet
  facet normal -0.32531029216226176 -0.9456073253805217 0
    outer loop
      vertex -3.136817403988915 -9.495281805930366 -2.5
      vertex -3.136817403988915 -9.495281805930366 2.5
      vertex -3.3688985339222004 -9.415440651830208 2.5
    endloop
  endfacet
  facet normal -0.3020059493192255 -0.9533060403541945 0
    outer loop
      vertex -2.902846772544623 -9.569403357322088 -2.5
      vertex -2.902846772544623 -9.569403357322088 2.5
      vertex -3.136817403988915 -9.495281805930366 2.5
    endloop
  endfacet
  facet normal -0.278519689385057 -0.9604305194155647 0
    outer loop
      vertex -2.902846772544623 -9.569403357322088 -2.5
      vertex -2.667127574748984 -9.637760657954399 2.5
      vertex -2.902846772544623 -9.569403357322088 2.5
    endloop
  endfacet
  facet normal -0.25486565960451085 -0.9669764710448531 0
    outer loop
      vertex -2.667127574748984 -9.637760657954399 -2.5
      vertex -2.4298017990326386 -9.700312531945439 2.5
      vertex -2.667127574748984 -9.637760657954399 2.5
    endloop
  endfacet
  facet normal -0.23105810828067827 -0.9729399522055584 0
    outer loop
      vertex -2.191012401568698 -9.757021300385286 -2.5
      vertex -2.191012401568698 -9.757021300385286 2.5
      vertex -2.4298017990326386 -9.700312531945439 2.5
    endloop
  endfacet
  facet normal -0.20711137619221395 -0.9783173707196287 0
    outer loop
      vertex -2.191012401568698 -9.757021300385286 -2.5
      vertex -1.9509032201612824 -9.807852804032304 2.5
      vertex -2.191012401568698 -9.757021300385286 2.5
    endloop
  endfacet
  facet normal 0 0 1
    outer loop
      vertex -7.0710678118654755 -7.0710678118654755 2.5
      vertex -6.895405447370669 -7.24247082951467 2.5
      vertex -9.89176509964781 -1.4673047445536174 2.5
    endloop
  endfacet
  facet normal 0 0 1
    outer loop
      vertex -7.24247082951467 -6.895405447370669 2.5
      vertex -9.89176509964781 -1.4673047445536174 2.5
      vertex -7.409511253549591 -6.715589548470184 2.5
    endloop
  endfacet
  facet normal 0 0 1
    outer loop
      vertex -7.24247082951467 -6.895405447370669 2.5
      vertex -7.0710678118654755 -7.0710678118654755 2.5
      vertex -9.89176509964781 -1.4673047445536174 2.5
    endloop
  endfacet
  facet normal 0 0 1
    outer loop
      vertex -6.531728429537767 -7.572088465064846 2.5
      vertex -6.343932841636455 -7.73010453362737 2.5
      vertex -9.89176509964781 -1.4673047445536174 2.5
    endloop
  endfacet
  facet normal 0 0 1
    outer loop
      vertex -6.343932841636455 -7.73010453362737 2.5
      vertex -6.152315905806268 -7.883464276266063 2.5
      vertex -9.89176509964781 -1.4673047445536174 2.5
    endloop
  endfacet
  facet normal 0 0 1
    outer loop
      vertex -6.895405447370669 -7.24247082951467 2.5
      vertex -6.715589548470184 -7.409511253549591 2.5
      vertex -9.89176509964781 -1.4673047445536174 2.5
    endloop
  endfacet
  facet normal 0 0 1
    outer loop
      vertex -6.531728429537767 -7.572088465064846 2.5
      vertex -9.89176509964781 -1.4673047445536174 2.5
      vertex -6.715589548470184 -7.409511253549591 2.5
    endloop
  endfacet
  facet normal 0 0 1
    outer loop
      vertex -5.956993044924333 -8.03207531480645 2.5
      vertex -5.758081914178454 -8.175848131515837 2.5
      vertex -9.89176509964781 -1.4673047445536174 2.5
    endloop
  endfacet
  facet normal 0 0 1
    outer loop
      vertex -6.152315905806268 -7.883464276266063 2.5
      vertex -5.956993044924333 -8.03207531480645 2.5
      vertex -9.89176509964781 -1.4673047445536174 2.5
    endloop
  endfacet
  facet normal 0 0 1
    outer loop
      vertex -9.89176509964781 -1.4673047445536174 2.5
      vertex -5.758081914178454 -8.175848131515837 2.5
      vertex -5.555702330196022 -8.314696123025453 2.5
    endloop
  endfacet
  facet normal 0 0 1
    outer loop
      vertex -9.89176509964781 -1.4673047445536174 2.5
      vertex -5.555702330196022 -8.314696123025453 2.5
      vertex -5.349976198870971 -8.448535652497071 2.5
    endloop
  endfacet
  facet normal 0 0 1
    outer loop
      vertex -9.89176509964781 -1.4673047445536174 2.5
      vertex -5.141027441932218 -8.57728610000272 2.5
      vertex -4.92898192229784 -8.700869911087114 2.5
    endloop
  endfacet
  facet normal 0 0 1
    outer loop
      vertex -9.89176509964781 -1.4673047445536174 2.5
      vertex -4.92898192229784 -8.700869911087114 2.5
      vertex -4.7139673682599765 -8.819212643483551 2.5
    endloop
  endfacet
  facet normal 0 0 1
    outer loop
      vertex -9.89176509964781 -1.4673047445536174 2.5
      vertex -4.7139673682599765 -8.819212643483551 2.5
      vertex -4.496113296546066 -8.932243011955153 2.5
    endloop
  endfacet
  facet normal 0 0 1
    outer loop
      vertex -9.89176509964781 -1.4673047445536174 2.5
      vertex -4.496113296546066 -8.932243011955153 2.5
      vertex -4.275550934302821 -9.039892931234434 2.5
    endloop
  endfacet
  facet normal 0 0 1
    outer loop
      vertex -9.89176509964781 -1.4673047445536174 2.5
      vertex -4.275550934302821 -9.039892931234434 2.5
      vertex -4.052413140049898 -9.142097557035306 2.5
    endloop
  endfacet
  facet normal 0 0 1
    outer loop
      vertex -9.89176509964781 -1.4673047445536174 2.5
      vertex -4.052413140049898 -9.142097557035306 2.5
      vertex -3.826834323650898 -9.238795325112868 2.5
    endloop
  endfacet
  facet normal 0 0 1
    outer loop
      vertex -9.89176509964781 -1.4673047445536174 2.5
      vertex -5.349976198870971 -8.448535652497071 2.5
      vertex -5.141027441932218 -8.57728610000272 2.5
    endloop
  endfacet
  facet normal 0 0 1
    outer loop
      vertex -8.819212643483551 -4.7139673682599765 2.5
      vertex -8.700869911087114 -4.92898192229784 2.5
      vertex -9.89176509964781 -1.4673047445536174 2.5
    endloop
  endfacet
  facet normal 0 0 1
    outer loop
      vertex -8.57728610000272 -5.141027441932218 2.5
      vertex -9.89176509964781 -1.4673047445536174 2.5
      vertex -8.700869911087114 -4.92898192229784 2.5
    endloop
  endfacet
  facet normal 0 0 1
    outer loop
      vertex -8.57728610000272 -5.141027441932218 2.5
      vertex -8.448535652497071 -5.349976198870971 2.5
      vertex -9.89176509964781 -1.4673047445536174 2.5
    endloop
  endfacet
  facet normal 0 0 1
    outer loop
      vertex -9.238795325112868 -3.826834323650898 2.5
      vertex -9.89176509964781 -1.4673047445536174 2.5
      vertex -9.32992798834739 -3.5989503653498818 2.5
    endloop
  endfacet
  facet normal 0 0 1
    outer loop
      vertex -9.415440651830208 -3.3688985339222004 2.5
      vertex -9.32992798834739 -3.5989503653498818 2.5
      vertex -9.89176509964781 -1.4673047445536174 2.5
    endloop
  endfacet
  facet normal 0 0 1
    outer loop
      vertex -9.495281805930366 -3.136817403988915 2.5
      vertex -9.415440651830208 -3.3688985339222004 2.5
      vertex -9.89176509964781 -1.4673047445536174 2.5
    endloop
  endfacet
  facet normal 0 0 1
    outer loop
      vertex -9.495281805930366 -3.136817403988915 2.5
      vertex -9.89176509964781 -1.4673047445536174 2.5
      vertex -9.569403357322088 -2.902846772544623 2.5
    endloop
  endfacet
  facet normal 0 0 1
    outer loop
      vertex -8.819212643483551 -4.7139673682599765 2.5
      vertex -9.89176509964781 -1.4673047445536174 2.5
      vertex -8.932243011955153 -4.496113296546066 2.5
    endloop
  endfacet
  facet normal 0 0 1
    outer loop
      vertex -9.039892931234434 -4.275550934302821 2.5
      vertex -8.932243011955153 -4.496113296546066 2.5
      vertex -9.89176509964781 -1.4673047445536174 2.5
    endloop
  endfacet
  facet normal 0 0 1
    outer loop
      vertex -9.142097557035306 -4.052413140049898 2.5
      vertex -9.039892931234434 -4.275550934302821 2.5
      vertex -9.89176509964781 -1.4673047445536174 2.5
    endloop
  endfacet
  facet normal 0 0 1
    outer loop
      vertex -9.238795325112868 -3.826834323650898 2.5
      vertex -9.142097557035306 -4.052413140049898 2.5
      vertex -9.89176509964781 -1.4673047445536174 2.5
    endloop
  endfacet
  facet normal 0 0 1
    outer loop
      vertex -7.73010453362737 -6.343932841636455 2.5
      vertex -9.89176509964781 -1.4673047445536174 2.5
      vertex -7.883464276266063 -6.152315905806268 2.5
    endloop
  endfacet
  facet normal 0 0 1
    outer loop
      vertex -8.03207531480645 -5.956993044924333 2.5
      vertex -7.883464276266063 -6.152315905806268 2.5
      vertex -9.89176509964781 -1.4673047445536174 2.5
    endloop
  endfacet
  facet normal 0 0 1
    outer loop
      vertex -8.03207531480645 -5.956993044924333 2.5
      vertex -9.89176509964781 -1.4673047445536174 2.5
      vertex -8.175848131515837 -5.758081914178454 2.5
    endloop
  endfacet
  facet normal 0 0 1
    outer loop
      vertex -8.448535652497071 -5.349976198870971 2.5
      vertex -8.314696123025453 -5.555702330196022 2.5
      vertex -9.89176509964781 -1.4673047445536174 2.5
    endloop
  endfacet
  facet normal 0 0 1
    outer loop
      vertex -8.175848131515837 -5.758081914178454 2.5
      vertex -9.89176509964781 -1.4673047445536174 2.5
      vertex -8.314696123025453 -5.555702330196022 2.5
    endloop
  endfacet
  facet normal 0 0 1
    outer loop
      vertex -7.73010453362737 -6.343932841636455 2.5
      vertex -7.572088465064846 -6.531728429537767 2.5
      vertex -9.89176509964781 -1.4673047445536174 2.5
    endloop
  endfacet
  facet normal 0 0 1
    outer loop
      vertex -7.572088465064846 -6.531728429537767 2.5
      vertex -7.409511253549591 -6.715589548470184 2.5
      vertex -9.89176509964781 -1.4673047445536174 2.5
    endloop
  endfacet
  facet normal 0 0 1
    outer loop
      vertex -9.637760657954399 -2.667127574748984 2.5
      vertex -9.89176509964781 -1.4673047445536174 2.5
      vertex -9.700312531945439 -2.4298017990326386 2.5
    endloop
  endfacet
  facet normal 0 0 1
    outer loop
      vertex -9.700312531945439 -2.4298017990326386 2.5
      vertex -9.89176509964781 -1.4673047445536174 2.5
      vertex -9.757021300385286 -2.191012401568698 2.5
    endloop
  endfacet
  facet normal 0 0 1
    outer loop
      vertex -9.757021300385286 -2.191012401568698 2.5
      vertex -9.89176509964781 -1.4673047445536174 2.5
      vertex -9.807852804032304 -1.9509032201612824 2.5
    endloop
  endfacet
  facet normal 0 0 1
    outer loop
      vertex -9.569403357322088 -2.902846772544623 2.5
      vertex -9.89176509964781 -1.4673047445536174 2.5
      vertex -9.637760657954399 -2.667127574748984 2.5
    endloop
  endfacet
  facet normal 0 0 1
    outer loop
      vertex -9.807852804032304 -1.9509032201612824 2.5
      vertex -9.89176509964781 -1.4673047445536174 2.5
      vertex -9.852776423889413 -1.7096188876030123 2.5
    endloop
  endfacet
  facet normal 0 0 1
    outer loop
      vertex -9.89176509964781 -1.4673047445536174 2.5
      vertex -9.95184726672197 -0.980171403295606 2.5
      vertex -9.9247953459871 -1.224106751992162 2.5
    endloop
  endfacet
  facet normal 0 0 1
    outer loop
      vertex -9.89176509964781 -1.4673047445536174 2.5
      vertex -7.103704770677539 -2.4042276378708296 2.5
      vertex -9.971812706870665 -0.748324748844826 2.5
    endloop
  endfacet
  facet normal 0 0 1
    outer loop
      vertex -9.89176509964781 -1.4673047445536174 2.5
      vertex -9.971812706870665 -0.748324748844826 2.5
      vertex -9.95184726672197 -0.980171403295606 2.5
    endloop
  endfacet
  facet normal 0 0 1
    outer loop
      vertex -9.89176509964781 -1.4673047445536174 2.5
      vertex -7.061580488872656 -2.5266739004416503 2.5
      vertex -7.103704770677539 -2.4042276378708296 2.5
    endloop
  endfacet
  facet normal 0 0 1
    outer loop
      vertex -9.89176509964781 -1.4673047445536174 2.5
      vertex -6.997445991260541 -2.699212774012411 2.5
      vertex -7.061580488872656 -2.5266739004416503 2.5
    endloop
  endfacet
  facet normal 0 0 1
    outer loop
      vertex -9.89176509964781 -1.4673047445536174 2.5
      vertex -5.679066348798634 -4.898796322153325 2.5
      vertex -5.7975784002205275 -4.7579496312273415 2.5
    endloop
  endfacet
  facet normal 0 0 1
    outer loop
      vertex -9.89176509964781 -1.4673047445536174 2.5
      vertex -5.431853122136003 -5.171554085528001 2.5
      vertex -5.557133440162193 -5.036692161352638 2.5
    endloop
  endfacet
  facet normal 0 0 1
    outer loop
      vertex -9.89176509964781 -1.4673047445536174 2.5
      vertex -5.557133440162193 -5.036692161352638 2.5
      vertex -5.679066348798634 -4.898796322153325 2.5
    endloop
  endfacet
  facet normal 0 0 1
    outer loop
      vertex -9.89176509964781 -1.4673047445536174 2.5
      vertex -6.236022092269089 -4.166776747647017 2.5
      vertex -6.336401739372803 -4.012482149153229 2.5
    endloop
  endfacet
  facet normal 0 0 1
    outer loop
      vertex -9.89176509964781 -1.4673047445536174 2.5
      vertex -6.336401739372803 -4.012482149153229 2.5
      vertex -6.43296457500204 -3.855770581449163 2.5
    endloop
  endfacet
  facet normal 0 0 1
    outer loop
      vertex -9.89176509964781 -1.4673047445536174 2.5
      vertex -6.614409482612663 -3.535475526194982 2.5
      vertex -6.699182258966365 -3.3720849724095494 2.5
    endloop
  endfacet
  facet normal 0 0 1
    outer loop
      vertex -9.89176509964781 -1.4673047445536174 2.5
      vertex -6.779919698425825 -3.2066632007271156 2.5
      vertex -6.85657316777648 -3.039309855037424 2.5
    endloop
  endfacet
  facet normal 0 0 1
    outer loop
      vertex -9.89176509964781 -1.4673047445536174 2.5
      vertex -6.85657316777648 -3.039309855037424 2.5
      vertex -6.929096493834651 -2.8701257427381734 2.5
    endloop
  endfacet
  facet normal 0 0 1
    outer loop
      vertex -9.89176509964781 -1.4673047445536174 2.5
      vertex -6.699182258966365 -3.3720849724095494 2.5
      vertex -6.779919698425825 -3.2066632007271156 2.5
    endloop
  endfacet
  facet normal 0 0 1
    outer loop
      vertex -9.89176509964781 -1.4673047445536174 2.5
      vertex -6.525652433315336 -3.69673644172338 2.5
      vertex -6.614409482612663 -3.535475526194982 2.5
    endloop
  endfacet
  facet normal 0 0 1
    outer loop
      vertex -9.89176509964781 -1.4673047445536174 2.5
      vertex -6.43296457500204 -3.855770581449163 2.5
      vertex -6.525652433315336 -3.69673644172338 2.5
    endloop
  endfacet
  facet normal 0 0 1
    outer loop
      vertex -9.89176509964781 -1.4673047445536174 2.5
      vertex -6.024056486104837 -4.4677447836932505 2.5
      vertex -6.131886098636878 -4.31856143563384 2.5
    endloop
  endfacet
  facet normal 0 0 1
    outer loop
      vertex -9.89176509964781 -1.4673047445536174 2.5
      vertex -5.912598207199547 -4.614236929354701 2.5
      vertex -6.024056486104837 -4.4677447836932505 2.5
    endloop
  endfacet
  facet normal 0 0 1
    outer loop
      vertex -9.89176509964781 -1.4673047445536174 2.5
      vertex -5.7975784002205275 -4.7579496312273415 2.5
      vertex -5.912598207199547 -4.614236929354701 2.5
    endloop
  endfacet
  facet normal 0 0 1
    outer loop
      vertex -9.89176509964781 -1.4673047445536174 2.5
      vertex -6.131886098636878 -4.31856143563384 2.5
      vertex -6.236022092269089 -4.166776747647017 2.5
    endloop
  endfacet
  facet normal 0 0 1
    outer loop
      vertex -9.89176509964781 -1.4673047445536174 2.5
      vertex -5.036692161352638 -5.557133440162193 2.5
      vertex -5.171554085528001 -5.431853122136003 2.5
    endloop
  endfacet
  facet normal 0 0 1
    outer loop
      vertex -9.89176509964781 -1.4673047445536174 2.5
      vertex -5.171554085528001 -5.431853122136003 2.5
      vertex -5.303300858899107 -5.303300858899107 2.5
    endloop
  endfacet
  facet normal 0 0 1
    outer loop
      vertex -9.89176509964781 -1.4673047445536174 2.5
      vertex -5.303300858899107 -5.303300858899107 2.5
      vertex -5.431853122136003 -5.171554085528001 2.5
    endloop
  endfacet
  facet normal 0 0 1
    outer loop
      vertex -9.89176509964781 -1.4673047445536174 2.5
      vertex -4.898796322153325 -5.679066348798634 2.5
      vertex -5.036692161352638 -5.557133440162193 2.5
    endloop
  endfacet
  facet normal 0 0 1
    outer loop
      vertex -9.89176509964781 -1.4673047445536174 2.5
      vertex -6.929096493834651 -2.8701257427381734 2.5
      vertex -6.997445991260541 -2.699212774012411 2.5
    endloop
  endfacet
  facet normal 0 0 1
    outer loop
      vertex -9.89176509964781 -1.4673047445536174 2.5
      vertex -3.826834323650898 -9.238795325112868 2.5
      vertex -3.5989503653498818 -9.32992798834739 2.5
    endloop
  endfacet
  facet normal 0 0 1
    outer loop
      vertex -9.89176509964781 -1.4673047445536174 2.5
      vertex -3.5989503653498818 -9.32992798834739 2.5
      vertex -3.3688985339222004 -9.415440651830208 2.5
    endloop
  endfacet
  facet normal 0 0 1
    outer loop
      vertex -9.89176509964781 -1.4673047445536174 2.5
      vertex -3.3688985339222004 -9.415440651830208 2.5
      vertex -3.136817403988915 -9.495281805930366 2.5
    endloop
  endfacet
  facet normal 0 0 1
    outer loop
      vertex -9.89176509964781 -1.4673047445536174 2.5
      vertex -3.136817403988915 -9.495281805930366 2.5
      vertex -2.902846772544623 -9.569403357322088 2.5
    endloop
  endfacet
  facet normal 0 0 1
    outer loop
      vertex -9.89176509964781 -1.4673047445536174 2.5
      vertex -2.902846772544623 -9.569403357322088 2.5
      vertex -2.667127574748984 -9.637760657954399 2.5
    endloop
  endfacet
  facet normal 0 0 1
    outer loop
      vertex -9.89176509964781 -1.4673047445536174 2.5
      vertex -2.667127574748984 -9.637760657954399 2.5
      vertex -2.4298017990326386 -9.700312531945439 2.5
    endloop
  endfacet
  facet normal 0 0 1
    outer loop
      vertex -9.89176509964781 -1.4673047445536174 2.5
      vertex 0 -10 2.5
      vertex -4.898796322153325 -5.679066348798634 2.5
    endloop
  endfacet
  facet normal 0 0 1
    outer loop
      vertex -9.89176509964781 -1.4673047445536174 2.5
      vertex -2.4298017990326386 -9.700312531945439 2.5
      vertex -2.191012401568698 -9.757021300385286 2.5
    endloop
  endfacet
  facet normal 0 0 1
    outer loop
      vertex -9.89176509964781 -1.4673047445536174 2.5
      vertex -2.191012401568698 -9.757021300385286 2.5
      vertex -1.9509032201612824 -9.807852804032304 2.5
    endloop
  endfacet
  facet normal 0 0 1
    outer loop
      vertex -9.89176509964781 -1.4673047445536174 2.5
      vertex -1.9509032201612824 -9.807852804032304 2.5
      vertex -1.7096188876030123 -9.852776423889413 2.5
    endloop
  endfacet
  facet normal 0 0 1
    outer loop
      vertex -9.89176509964781 -1.4673047445536174 2.5
      vertex -1.7096188876030123 -9.852776423889413 2.5
      vertex -1.4673047445536174 -9.89176509964781 2.5
    endloop
  endfacet
  facet normal 0 0 1
    outer loop
      vertex -9.89176509964781 -1.4673047445536174 2.5
      vertex -1.4673047445536174 -9.89176509964781 2.5
      vertex -1.224106751992162 -9.9247953459871 2.5
    endloop
  endfacet
  facet normal 0 0 1
    outer loop
      vertex -9.89176509964781 -1.4673047445536174 2.5
      vertex -1.224106751992162 -9.9247953459871 2.5
      vertex -0.980171403295606 -9.95184726672197 2.5
    endloop
  endfacet
  facet normal 0 0 1
    outer loop
      vertex 0.2454122852291229 -9.996988186962042 2.5
      vertex -4.012482149153229 -6.336401739372803 2.5
      vertex -4.166776747647017 -6.236022092269089 2.5
    endloop
  endfacet
  facet normal 0 0 1
    outer loop
      vertex 0.2454122852291229 -9.996988186962042 2.5
      vertex -3.855770581449163 -6.43296457500204 2.5
      vertex -4.012482149153229 -6.336401739372803 2.5
    endloop
  endfacet
  facet normal 0 0 1
    outer loop
      vertex 0.49067674327418015 -9.987954562051724 2.5
      vertex -3.69673644172338 -6.525652433315336 2.5
      vertex -3.855770581449163 -6.43296457500204 2.5
    endloop
  endfacet
  facet normal 0 0 1
    outer loop
      vertex 0.49067674327418015 -9.987954562051724 2.5
      vertex -3.535475526194982 -6.614409482612663 2.5
      vertex -3.69673644172338 -6.525652433315336 2.5
    endloop
  endfacet
  facet normal 0 0 1
    outer loop
      vertex 0.49067674327418015 -9.987954562051724 2.5
      vertex -3.3720849724095494 -6.699182258966365 2.5
      vertex -3.535475526194982 -6.614409482612663 2.5
    endloop
  endfacet
  facet normal 0 0 1
    outer loop
      vertex 0.7356456359966743 -9.972904566786902 2.5
      vertex -3.2066632007271156 -6.779919698425825 2.5
      vertex -3.3720849724095494 -6.699182258966365 2.5
    endloop
  endfacet
  facet normal 0 0 1
    outer loop
      vertex -9.89176509964781 -1.4673047445536174 2.5
      vertex -0.980171403295606 -9.95184726672197 2.5
      vertex -0.7356456359966743 -9.972904566786902 2.5
    endloop
  endfacet
  facet normal 0 0 1
    outer loop
      vertex -9.89176509964781 -1.4673047445536174 2.5
      vertex -0.7356456359966743 -9.972904566786902 2.5
      vertex -0.49067674327418015 -9.987954562051724 2.5
    endloop
  endfacet
  facet normal 0 0 1
    outer loop
      vertex -9.89176509964781 -1.4673047445536174 2.5
      vertex -0.2454122852291229 -9.996988186962042 2.5
      vertex 0 -10 2.5
    endloop
  endfacet
  facet normal 0 0 1
    outer loop
      vertex -9.89176509964781 -1.4673047445536174 2.5
      vertex -0.49067674327418015 -9.987954562051724 2.5
      vertex -0.2454122852291229 -9.996988186962042 2.5
    endloop
  endfacet
  facet normal 0 0 1
    outer loop
      vertex 0 -10 2.5
      vertex -4.7579496312273415 -5.7975784002205275 2.5
      vertex -4.898796322153325 -5.679066348798634 2.5
    endloop
  endfacet
  facet normal 0 0 1
    outer loop
      vertex 0 -10 2.5
      vertex -4.614236929354701 -5.912598207199547 2.5
      vertex -4.7579496312273415 -5.7975784002205275 2.5
    endloop
  endfacet
  facet normal 0 0 1
    outer loop
      vertex 0.2454122852291229 -9.996988186962042 2.5
      vertex -4.4677447836932505 -6.024056486104837 2.5
      vertex -4.614236929354701 -5.912598207199547 2.5
    endloop
  endfacet
  facet normal 0 0 1
    outer loop
      vertex 0.2454122852291229 -9.996988186962042 2.5
      vertex -4.31856143563384 -6.131886098636878 2.5
      vertex -4.4677447836932505 -6.024056486104837 2.5
    endloop
  endfacet
  facet normal 0 0 1
    outer loop
      vertex 0.2454122852291229 -9.996988186962042 2.5
      vertex -4.166776747647017 -6.236022092269089 2.5
      vertex -4.31856143563384 -6.131886098636878 2.5
    endloop
  endfacet
  facet normal 0 0 1
    outer loop
      vertex -8.984014672519804 4.454872482013979 2.5
      vertex -6.788731399572131 3.187425093430157 2.5
      vertex -6.779919698425825 3.2066632007271156 2.5
    endloop
  endfacet
  facet normal 0 0 1
    outer loop
      vertex -6.699182258966365 3.3720849724095494 2.5
      vertex -8.984014672519804 4.454872482013979 2.5
      vertex -6.779919698425825 3.2066632007271156 2.5
    endloop
  endfacet
  facet normal 0 0 1
    outer loop
      vertex -8.984014672519804 4.454872482013979 2.5
      vertex -6.699182258966365 3.3720849724095494 2.5
      vertex -6.614409482612663 3.535475526194982 2.5
    endloop
  endfacet
  facet normal 0 0 1
    outer loop
      vertex -8.984014672519804 4.454872482013979 2.5
      vertex -6.614409482612663 3.535475526194982 2.5
      vertex -6.525652433315336 3.69673644172338 2.5
    endloop
  endfacet
  facet normal 0 0 1
    outer loop
      vertex -6.43296457500204 3.855770581449163 2.5
      vertex -8.984014672519804 4.454872482013979 2.5
      vertex -6.525652433315336 3.69673644172338 2.5
    endloop
  endfacet
  facet normal 0 0 1
    outer loop
      vertex -8.984014672519804 4.454872482013979 2.5
      vertex -6.43296457500204 3.855770581449163 2.5
      vertex -6.336401739372803 4.012482149153229 2.5
    endloop
  endfacet
  facet normal 0 0 1
    outer loop
      vertex -8.984014672519804 4.454872482013979 2.5
      vertex -6.336401739372803 4.012482149153229 2.5
      vertex -6.236022092269089 4.166776747647017 2.5
    endloop
  endfacet
  facet normal 0 0 1
    outer loop
      vertex 0.5845593481697922 14.6311014660778 2.5
      vertex -6.236022092269089 4.166776747647017 2.5
      vertex -6.131886098636878 4.31856143563384 2.5
    endloop
  endfacet
  facet normal 0 0 1
    outer loop
      vertex -8.984014672519804 4.454872482013979 2.5
      vertex -6.236022092269089 4.166776747647017 2.5
      vertex 0.5845593481697922 14.6311014660778 2.5
    endloop
  endfacet
  facet normal 0 0 1
    outer loop
      vertex 0.5845593481697922 14.6311014660778 2.5
      vertex -6.131886098636878 4.31856143563384 2.5
      vertex -6.024056486104837 4.4677447836932505 2.5
    endloop
  endfacet
  facet normal 0 0 1
    outer loop
      vertex -5.912598207199547 4.614236929354701 2.5
      vertex 0.5845593481697922 14.6311014660778 2.5
      vertex -6.024056486104837 4.4677447836932505 2.5
    endloop
  endfacet
  facet normal 0 0 1
    outer loop
      vertex 0.5845593481697922 14.6311014660778 2.5
      vertex -5.912598207199547 4.614236929354701 2.5
      vertex -5.7975784002205275 4.7579496312273415 2.5
    endloop
  endfacet
  facet normal 0 0 1
    outer loop
      vertex 0.5845593481697922 14.6311014660778 2.5
      vertex -5.7975784002205275 4.7579496312273415 2.5
      vertex -5.679066348798634 4.898796322153325 2.5
    endloop
  endfacet
  facet normal 0 0 1
    outer loop
      vertex -5.557133440162193 5.036692161352638 2.5
      vertex 0.5845593481697922 14.6311014660778 2.5
      vertex -5.679066348798634 4.898796322153325 2.5
    endloop
  endfacet
  facet normal 0 0 1
    outer loop
      vertex 0.5845593481697922 14.6311014660778 2.5
      vertex -5.557133440162193 5.036692161352638 2.5
      vertex -5.431853122136003 5.171554085528001 2.5
    endloop
  endfacet
  facet normal 0 0 1
    outer loop
      vertex -5.303300858899107 5.303300858899107 2.5
      vertex 0.6700720116526107 14.401049634650118 2.5
      vertex -5.431853122136003 5.171554085528001 2.5
    endloop
  endfacet
  facet normal 0 0 1
    outer loop
      vertex 0.6700720116526107 14.401049634650118 2.5
      vertex -5.303300858899107 5.303300858899107 2.5
      vertex -5.171554085528001 5.431853122136003 2.5
    endloop
  endfacet
  facet normal 0 0 1
    outer loop
      vertex 0.7612046748871322 14.173165676349102 2.5
      vertex -5.171554085528001 5.431853122136003 2.5
      vertex -5.036692161352638 5.557133440162193 2.5
    endloop
  endfacet
  facet normal 0 0 1
    outer loop
      vertex 0.7612046748871322 14.173165676349102 2.5
      vertex -5.036692161352638 5.557133440162193 2.5
      vertex -4.898796322153325 5.679066348798634 2.5
    endloop
  endfacet
  facet normal 0 0 1
    outer loop
      vertex 0.7612046748871322 14.173165676349102 2.5
      vertex -4.898796322153325 5.679066348798634 2.5
      vertex -4.7579496312273415 5.7975784002205275 2.5
    endloop
  endfacet
  facet normal 0 0 1
    outer loop
      vertex 0.8579024429646935 13.947586859950102 2.5
      vertex -4.7579496312273415 5.7975784002205275 2.5
      vertex -4.614236929354701 5.912598207199547 2.5
    endloop
  endfacet
  facet normal 0 0 1
    outer loop
      vertex 0.9601070687655664 13.72444906569718 2.5
      vertex -4.614236929354701 5.912598207199547 2.5
      vertex -4.4677447836932505 6.024056486104837 2.5
    endloop
  endfacet
  facet normal 0 0 1
    outer loop
      vertex -4.31856143563384 6.131886098636878 2.5
      vertex 0.9601070687655664 13.72444906569718 2.5
      vertex -4.4677447836932505 6.024056486104837 2.5
    endloop
  endfacet
  facet normal 0 0 1
    outer loop
      vertex -4.31856143563384 6.131886098636878 2.5
      vertex -4.166776747647017 6.236022092269089 2.5
      vertex 0.9601070687655664 13.72444906569718 2.5
    endloop
  endfacet
  facet normal 0 0 1
    outer loop
      vertex 1.067756988044847 13.503886703453933 2.5
      vertex -4.166776747647017 6.236022092269089 2.5
      vertex -4.012482149153229 6.336401739372803 2.5
    endloop
  endfacet
  facet normal 0 0 1
    outer loop
      vertex 1.067756988044847 13.503886703453933 2.5
      vertex -4.012482149153229 6.336401739372803 2.5
      vertex -3.855770581449163 6.43296457500204 2.5
    endloop
  endfacet
  facet normal 0 0 1
    outer loop
      vertex 1.1807873565164488 13.286032631740024 2.5
      vertex -3.855770581449163 6.43296457500204 2.5
      vertex -3.69673644172338 6.525652433315336 2.5
    endloop
  endfacet
  facet normal 0 0 1
    outer loop
      vertex 1.2991300889128858 13.07101807770216 2.5
      vertex -3.69673644172338 6.525652433315336 2.5
      vertex -3.535475526194982 6.614409482612663 2.5
    endloop
  endfacet
  facet normal 0 0 1
    outer loop
      vertex 1.2991300889128858 13.07101807770216 2.5
      vertex -3.535475526194982 6.614409482612663 2.5
      vertex -3.3720849724095494 6.699182258966365 2.5
    endloop
  endfacet
  facet normal -0.18303988795514367 -0.983105487431216 0
    outer loop
      vertex -1.7096188876030123 -9.852776423889413 -2.5
      vertex -1.7096188876030123 -9.852776423889413 2.5
      vertex -1.9509032201612824 -9.807852804032304 2.5
    endloop
  endfacet
  facet normal -0.1588581433338586 -0.9873014181578588 0
    outer loop
      vertex -1.7096188876030123 -9.852776423889413 -2.5
      vertex -1.4673047445536174 -9.89176509964781 2.5
      vertex -1.7096188876030123 -9.852776423889413 2.5
    endloop
  endfacet
  facet normal -0.13458070850712694 -0.9909026354277799 0
    outer loop
      vertex -1.224106751992162 -9.9247953459871 -2.5
      vertex -1.224106751992162 -9.9247953459871 2.5
      vertex -1.4673047445536174 -9.89176509964781 2.5
    endloop
  endfacet
  facet normal -0.11022220729388689 -0.9939069700023555 0
    outer loop
      vertex -1.224106751992162 -9.9247953459871 -2.5
      vertex -0.980171403295606 -9.95184726672197 2.5
      vertex -1.224106751992162 -9.9247953459871 2.5
    endloop
  endfacet
  facet normal -0.08579731234443422 -0.9963126121827784 0
    outer loop
      vertex -0.7356456359966743 -9.972904566786902 -2.5
      vertex -0.7356456359966743 -9.972904566786902 2.5
      vertex -0.980171403295606 -9.95184726672197 2.5
    endloop
  endfacet
  facet normal -0.06132073630221303 -0.998118112900149 0
    outer loop
      vertex -0.7356456359966743 -9.972904566786902 -2.5
      vertex -0.49067674327418015 -9.987954562051724 2.5
      vertex -0.7356456359966743 -9.972904566786902 2.5
    endloop
  endfacet
  facet normal -0.03680722294135683 -0.9993223845883494 0
    outer loop
      vertex -0.2454122852291229 -9.996988186962042 -2.5
      vertex -0.2454122852291229 -9.996988186962042 2.5
      vertex -0.49067674327418015 -9.987954562051724 2.5
    endloop
  endfacet
  facet normal -0.012271538285719613 -0.9999247018391445 0
    outer loop
      vertex 0 -10 -2.5
      vertex 0 -10 2.5
      vertex -0.2454122852291229 -9.996988186962042 2.5
    endloop
  endfacet
  facet normal 0.012271538285719613 -0.9999247018391445 0
    outer loop
      vertex 0.2454122852291229 -9.996988186962042 -2.5
      vertex 0.2454122852291229 -9.996988186962042 2.5
      vertex 0 -10 2.5
    endloop
  endfacet
  facet normal 0.03680722294135683 -0.9993223845883494 0
    outer loop
      vertex 0.2454122852291229 -9.996988186962042 -2.5
      vertex 0.49067674327418015 -9.987954562051724 2.5
      vertex 0.2454122852291229 -9.996988186962042 2.5
    endloop
  endfacet
  facet normal 0.06132073630221303 -0.998118112900149 0
    outer loop
      vertex 0.7356456359966743 -9.972904566786902 -2.5
      vertex 0.7356456359966743 -9.972904566786902 2.5
      vertex 0.49067674327418015 -9.987954562051724 2.5
    endloop
  endfacet
  facet normal 0.08579731234443422 -0.9963126121827784 0
    outer loop
      vertex 0.7356456359966743 -9.972904566786902 -2.5
      vertex 0.980171403295606 -9.95184726672197 2.5
      vertex 0.7356456359966743 -9.972904566786902 2.5
    endloop
  endfacet
  facet normal 0.11022220729388689 -0.9939069700023555 0
    outer loop
      vertex 0.980171403295606 -9.95184726672197 -2.5
      vertex 1.224106751992162 -9.9247953459871 2.5
      vertex 0.980171403295606 -9.95184726672197 2.5
    endloop
  endfacet
  facet normal 0.13458070850712694 -0.9909026354277799 0
    outer loop
      vertex 1.4673047445536174 -9.89176509964781 -2.5
      vertex 1.4673047445536174 -9.89176509964781 2.5
      vertex 1.224106751992162 -9.9247953459871 2.5
    endloop
  endfacet
  facet normal 0.1588581433338586 -0.9873014181578588 0
    outer loop
      vertex 1.7096188876030123 -9.852776423889413 -2.5
      vertex 1.7096188876030123 -9.852776423889413 2.5
      vertex 1.4673047445536174 -9.89176509964781 2.5
    endloop
  endfacet
  facet normal 0.18303988795514367 -0.983105487431216 0
    outer loop
      vertex 1.7096188876030123 -9.852776423889413 -2.5
      vertex 1.9509032201612824 -9.807852804032304 2.5
      vertex 1.7096188876030123 -9.852776423889413 2.5
    endloop
  endfacet
  facet normal 0.20711137619221395 -0.9783173707196287 0
    outer loop
      vertex 2.191012401568698 -9.757021300385286 -2.5
      vertex 2.191012401568698 -9.757021300385286 2.5
      vertex 1.9509032201612824 -9.807852804032304 2.5
    endloop
  endfacet
  facet normal 0.23105810828067827 -0.9729399522055584 0
    outer loop
      vertex 2.191012401568698 -9.757021300385286 -2.5
      vertex 2.4298017990326386 -9.700312531945439 2.5
      vertex 2.191012401568698 -9.757021300385286 2.5
    endloop
  endfacet
  facet normal 0.25486565960451085 -0.9669764710448531 0
    outer loop
      vertex 2.4298017990326386 -9.700312531945439 -2.5
      vertex 2.667127574748984 -9.637760657954399 2.5
      vertex 2.4298017990326386 -9.700312531945439 2.5
    endloop
  endfacet
  facet normal 0.278519689385057 -0.9604305194155647 0
    outer loop
      vertex 2.902846772544623 -9.569403357322088 -2.5
      vertex 2.902846772544623 -9.569403357322088 2.5
      vertex 2.667127574748984 -9.637760657954399 2.5
    endloop
  endfacet
  facet normal 0.3020059493192255 -0.9533060403541945 0
    outer loop
      vertex 2.902846772544623 -9.569403357322088 -2.5
      vertex 3.136817403988915 -9.495281805930366 2.5
      vertex 2.902846772544623 -9.569403357322088 2.5
    endloop
  endfacet
  facet normal 0.32531029216226176 -0.9456073253805217 0
    outer loop
      vertex 3.3688985339222004 -9.415440651830208 -2.5
      vertex 3.3688985339222004 -9.415440651830208 2.5
      vertex 3.136817403988915 -9.495281805930366 2.5
    endloop
  endfacet
  facet normal 0.3484186802494326 -0.9373390119125757 0
    outer loop
      vertex 3.3688985339222004 -9.415440651830208 -2.5
      vertex 3.5989503653498818 -9.32992798834739 2.5
      vertex 3.3688985339222004 -9.415440651830208 2.5
    endloop
  endfacet
  facet normal 0.3713171939518384 -0.9285060804732154 0
    outer loop
      vertex 3.826834323650898 -9.238795325112868 -2.5
      vertex 3.826834323650898 -9.238795325112868 2.5
      vertex 3.5989503653498818 -9.32992798834739 2.5
    endloop
  endfacet
  facet normal 0.39399204006105015 -0.919113851690057 0
    outer loop
      vertex 3.826834323650898 -9.238795325112868 -2.5
      vertex 4.052413140049898 -9.142097557035306 2.5
      vertex 3.826834323650898 -9.238795325112868 2.5
    endloop
  endfacet
  facet normal 0.41642956009763554 -0.909167983090523 0
    outer loop
      vertex 4.275550934302821 -9.039892931234434 -2.5
      vertex 4.275550934302821 -9.039892931234434 2.5
      vertex 4.052413140049898 -9.142097557035306 2.5
    endloop
  endfacet
  facet normal 0.4386162385385287 -0.8986744656939533 0
    outer loop
      vertex 4.496113296546066 -8.932243011955153 -2.5
      vertex 4.496113296546066 -8.932243011955153 2.5
      vertex 4.275550934302821 -9.039892931234434 2.5
    endloop
  endfacet
  facet normal 0.4605387109582369 -0.8876396204028556 0
    outer loop
      vertex 4.496113296546066 -8.932243011955153 -2.5
      vertex 4.7139673682599765 -8.819212643483551 2.5
      vertex 4.496113296546066 -8.932243011955153 2.5
    endloop
  endfacet
  facet normal 0.482183772079126 -0.8760700941954048 0
    outer loop
      vertex 4.92898192229784 -8.700869911087114 -2.5
      vertex 4.92898192229784 -8.700869911087114 2.5
      vertex 4.7139673682599765 -8.819212643483551 2.5
    endloop
  endfacet
  facet normal 0.5035383837257181 -0.8639728561215865 0
    outer loop
      vertex 4.92898192229784 -8.700869911087114 -2.5
      vertex 5.141027441932218 -8.57728610000272 2.5
      vertex 4.92898192229784 -8.700869911087114 2.5
    endloop
  endfacet
  facet normal 0.5245896826784685 -0.8513551931052652 0
    outer loop
      vertex 5.141027441932218 -8.57728610000272 -2.5
      vertex 5.349976198870971 -8.448535652497071 2.5
      vertex 5.141027441932218 -8.57728610000272 2.5
    endloop
  endfacet
  facet normal 0.5453249884220461 -0.8382247055548384 0
    outer loop
      vertex 5.349976198870971 -8.448535652497071 -2.5
      vertex 5.555702330196022 -8.314696123025453 2.5
      vertex 5.349976198870971 -8.448535652497071 2.5
    endloop
  endfacet
  facet normal 0.5657318107836126 -0.8245893027850256 0
    outer loop
      vertex 5.758081914178454 -8.175848131515837 -2.5
      vertex 5.758081914178454 -8.175848131515837 2.5
      vertex 5.555702330196022 -8.314696123025453 2.5
    endloop
  endfacet
  facet normal 0.5857978574564368 -0.8104571982525963 0
    outer loop
      vertex 5.758081914178454 -8.175848131515837 -2.5
      vertex 5.956993044924333 -8.03207531480645 2.5
      vertex 5.758081914178454 -8.175848131515837 2.5
    endloop
  endfacet
  facet normal 0.605511041404327 -0.7958369046088826 0
    outer loop
      vertex 6.152315905806268 -7.883464276266063 -2.5
      vertex 6.152315905806268 -7.883464276266063 2.5
      vertex 5.956993044924333 -8.03207531480645 2.5
    endloop
  endfacet
  facet normal 0 0 1
    outer loop
      vertex 0.2454122852291229 -9.996988186962042 2.5
      vertex 0.49067674327418015 -9.987954562051724 2.5
      vertex -3.855770581449163 -6.43296457500204 2.5
    endloop
  endfacet
  facet normal 0 0 1
    outer loop
      vertex 0 -10 2.5
      vertex 0.2454122852291229 -9.996988186962042 2.5
      vertex -4.614236929354701 -5.912598207199547 2.5
    endloop
  endfacet
  facet normal 0 0 1
    outer loop
      vertex 0.7356456359966743 -9.972904566786902 2.5
      vertex -3.039309855037424 -6.85657316777648 2.5
      vertex -3.2066632007271156 -6.779919698425825 2.5
    endloop
  endfacet
  facet normal 0 0 1
    outer loop
      vertex 0.980171403295606 -9.95184726672197 2.5
      vertex -2.8701257427381734 -6.929096493834651 2.5
      vertex -3.039309855037424 -6.85657316777648 2.5
    endloop
  endfacet
  facet normal 0 0 1
    outer loop
      vertex 0.980171403295606 -9.95184726672197 2.5
      vertex -2.699212774012411 -6.997445991260541 2.5
      vertex -2.8701257427381734 -6.929096493834651 2.5
    endloop
  endfacet
  facet normal 0 0 1
    outer loop
      vertex 1.224106751992162 -9.9247953459871 2.5
      vertex -2.5266739004416503 -7.061580488872656 2.5
      vertex -2.699212774012411 -6.997445991260541 2.5
    endloop
  endfacet
  facet normal 0 0 1
    outer loop
      vertex 1.224106751992162 -9.9247953459871 2.5
      vertex -2.3526130529916864 -7.121461354447775 2.5
      vertex -2.5266739004416503 -7.061580488872656 2.5
    endloop
  endfacet
  facet normal 0 0 1
    outer loop
      vertex 1.4673047445536174 -9.89176509964781 2.5
      vertex -2.1771350794084676 -7.177052517991566 2.5
      vertex -2.3526130529916864 -7.121461354447775 2.5
    endloop
  endfacet
  facet normal 0 0 1
    outer loop
      vertex 1.4673047445536174 -9.89176509964781 2.5
      vertex -2.000345681061738 -7.228320493465799 2.5
      vertex -2.1771350794084676 -7.177052517991566 2.5
    endloop
  endfacet
  facet normal 0 0 1
    outer loop
      vertex 0.49067674327418015 -9.987954562051724 2.5
      vertex 0.7356456359966743 -9.972904566786902 2.5
      vertex -3.3720849724095494 -6.699182258966365 2.5
    endloop
  endfacet
  facet normal 0 0 1
    outer loop
      vertex 0.7356456359966743 -9.972904566786902 2.5
      vertex 0.980171403295606 -9.95184726672197 2.5
      vertex -3.039309855037424 -6.85657316777648 2.5
    endloop
  endfacet
  facet normal 0 0 1
    outer loop
      vertex 0.980171403295606 -9.95184726672197 2.5
      vertex 1.224106751992162 -9.9247953459871 2.5
      vertex -2.699212774012411 -6.997445991260541 2.5
    endloop
  endfacet
  facet normal 0 0 1
    outer loop
      vertex 1.224106751992162 -9.9247953459871 2.5
      vertex 1.4673047445536174 -9.89176509964781 2.5
      vertex -2.3526130529916864 -7.121461354447775 2.5
    endloop
  endfacet
  facet normal 0 0 1
    outer loop
      vertex 1.7096188876030123 -9.852776423889413 2.5
      vertex -1.822351349274479 -7.27523439895908 2.5
      vertex -2.000345681061738 -7.228320493465799 2.5
    endloop
  endfacet
  facet normal 0 0 1
    outer loop
      vertex 1.7096188876030123 -9.852776423889413 2.5
      vertex -1.6432593011765235 -7.317765975288964 2.5
      vertex -1.822351349274479 -7.27523439895908 2.5
    endloop
  endfacet
  facet normal 0 0 1
    outer loop
      vertex 1.9509032201612824 -9.807852804032304 2.5
      vertex -1.4631774151209618 -7.355889603024228 2.5
      vertex -1.6432593011765235 -7.317765975288964 2.5
    endloop
  endfacet
  facet normal 0 0 1
    outer loop
      vertex 1.9509032201612824 -9.807852804032304 2.5
      vertex -1.2822141657022592 -7.389582317917059 2.5
      vertex -1.4631774151209618 -7.355889603024228 2.5
    endloop
  endfacet
  facet normal 0 0 1
    outer loop
      vertex 2.191012401568698 -9.757021300385286 2.5
      vertex -1.100478558415213 -7.418823824735858 2.5
      vertex -1.2822141657022592 -7.389582317917059 2.5
    endloop
  endfacet
  facet normal 0 0 1
    outer loop
      vertex 2.4298017990326386 -9.700312531945439 2.5
      vertex -0.9180800639941215 -7.443596509490325 2.5
      vertex -1.100478558415213 -7.418823824735858 2.5
    endloop
  endfacet
  facet normal 0 0 1
    outer loop
      vertex 1.4673047445536174 -9.89176509964781 2.5
      vertex 1.7096188876030123 -9.852776423889413 2.5
      vertex -2.000345681061738 -7.228320493465799 2.5
    endloop
  endfacet
  facet normal 0 0 1
    outer loop
      vertex 1.7096188876030123 -9.852776423889413 2.5
      vertex 1.9509032201612824 -9.807852804032304 2.5
      vertex -1.6432593011765235 -7.317765975288964 2.5
    endloop
  endfacet
  facet normal 0 0 1
    outer loop
      vertex 1.9509032201612824 -9.807852804032304 2.5
      vertex 2.191012401568698 -9.757021300385286 2.5
      vertex -1.2822141657022592 -7.389582317917059 2.5
    endloop
  endfacet
  facet normal 0 0 1
    outer loop
      vertex 2.191012401568698 -9.757021300385286 2.5
      vertex 2.4298017990326386 -9.700312531945439 2.5
      vertex -1.100478558415213 -7.418823824735858 2.5
    endloop
  endfacet
  facet normal 0 0 1
    outer loop
      vertex 2.4298017990326386 -9.700312531945439 2.5
      vertex -0.7351285524717045 -7.463885450041477 2.5
      vertex -0.9180800639941215 -7.443596509490325 2.5
    endloop
  endfacet
  facet normal 0 0 1
    outer loop
      vertex 2.667127574748984 -9.637760657954399 2.5
      vertex -0.5517342269975057 -7.479678425090176 2.5
      vertex -0.7351285524717045 -7.463885450041477 2.5
    endloop
  endfacet
  facet normal 0 0 1
    outer loop
      vertex 2.902846772544623 -9.569403357322088 2.5
      vertex -0.3680075574556351 -7.490965921538793 2.5
      vertex -0.5517342269975057 -7.479678425090176 2.5
    endloop
  endfacet
  facet normal 0 0 1
    outer loop
      vertex 2.902846772544623 -9.569403357322088 2.5
      vertex -0.18405921392184216 -7.497741140221532 2.5
      vertex -0.3680075574556351 -7.490965921538793 2.5
    endloop
  endfacet
  facet normal 0 0 1
    outer loop
      vertex 3.136817403988915 -9.495281805930366 2.5
      vertex 0 -7.5 2.5
      vertex -0.18405921392184216 -7.497741140221532 2.5
    endloop
  endfacet
  facet normal 0 0 1
    outer loop
      vertex 3.3688985339222004 -9.415440651830208 2.5
      vertex 0.18405921392184216 -7.497741140221532 2.5
      vertex 0 -7.5 2.5
    endloop
  endfacet
  facet normal 0 0 1
    outer loop
      vertex 2.4298017990326386 -9.700312531945439 2.5
      vertex 2.667127574748984 -9.637760657954399 2.5
      vertex -0.7351285524717045 -7.463885450041477 2.5
    endloop
  endfacet
  facet normal 0 0 1
    outer loop
      vertex 2.667127574748984 -9.637760657954399 2.5
      vertex 2.902846772544623 -9.569403357322088 2.5
      vertex -0.5517342269975057 -7.479678425090176 2.5
    endloop
  endfacet
  facet normal 0 0 1
    outer loop
      vertex 2.902846772544623 -9.569403357322088 2.5
      vertex 3.136817403988915 -9.495281805930366 2.5
      vertex -0.18405921392184216 -7.497741140221532 2.5
    endloop
  endfacet
  facet normal 0 0 1
    outer loop
      vertex 3.136817403988915 -9.495281805930366 2.5
      vertex 3.3688985339222004 -9.415440651830208 2.5
      vertex 0 -7.5 2.5
    endloop
  endfacet
  facet normal 0 0 1
    outer loop
      vertex 3.3688985339222004 -9.415440651830208 2.5
      vertex 0.3680075574556351 -7.490965921538793 2.5
      vertex 0.18405921392184216 -7.497741140221532 2.5
    endloop
  endfacet
  facet normal 0 0 1
    outer loop
      vertex 3.5989503653498818 -9.32992798834739 2.5
      vertex 0.5517342269975057 -7.479678425090176 2.5
      vertex 0.3680075574556351 -7.490965921538793 2.5
    endloop
  endfacet
  facet normal 0 0 1
    outer loop
      vertex 3.826834323650898 -9.238795325112868 2.5
      vertex 0.7351285524717045 -7.463885450041477 2.5
      vertex 0.5517342269975057 -7.479678425090176 2.5
    endloop
  endfacet
  facet normal 0 0 1
    outer loop
      vertex 3.826834323650898 -9.238795325112868 2.5
      vertex 0.9180800639941215 -7.443596509490325 2.5
      vertex 0.7351285524717045 -7.463885450041477 2.5
    endloop
  endfacet
  facet normal 0 0 1
    outer loop
      vertex 4.052413140049898 -9.142097557035306 2.5
      vertex 1.100478558415213 -7.418823824735858 2.5
      vertex 0.9180800639941215 -7.443596509490325 2.5
    endloop
  endfacet
  facet normal 0 0 1
    outer loop
      vertex 3.3688985339222004 -9.415440651830208 2.5
      vertex 3.5989503653498818 -9.32992798834739 2.5
      vertex 0.3680075574556351 -7.490965921538793 2.5
    endloop
  endfacet
  facet normal 0 0 1
    outer loop
      vertex 3.5989503653498818 -9.32992798834739 2.5
      vertex 3.826834323650898 -9.238795325112868 2.5
      vertex 0.5517342269975057 -7.479678425090176 2.5
    endloop
  endfacet
  facet normal 0 0 1
    outer loop
      vertex 4.275550934302821 -9.039892931234434 2.5
      vertex 1.2822141657022592 -7.389582317917059 2.5
      vertex 1.100478558415213 -7.418823824735858 2.5
    endloop
  endfacet
  facet normal 0 0 1
    outer loop
      vertex 4.496113296546066 -8.932243011955153 2.5
      vertex 1.4631774151209618 -7.355889603024228 2.5
      vertex 1.2822141657022592 -7.389582317917059 2.5
    endloop
  endfacet
  facet normal 0 0 1
    outer loop
      vertex 4.496113296546066 -8.932243011955153 2.5
      vertex 1.6432593011765235 -7.317765975288964 2.5
      vertex 1.4631774151209618 -7.355889603024228 2.5
    endloop
  endfacet
  facet normal 0 0 1
    outer loop
      vertex 3.826834323650898 -9.238795325112868 2.5
      vertex 4.052413140049898 -9.142097557035306 2.5
      vertex 0.9180800639941215 -7.443596509490325 2.5
    endloop
  endfacet
  facet normal 0 0 1
    outer loop
      vertex 4.052413140049898 -9.142097557035306 2.5
      vertex 4.275550934302821 -9.039892931234434 2.5
      vertex 1.100478558415213 -7.418823824735858 2.5
    endloop
  endfacet
  facet normal 0 0 1
    outer loop
      vertex 4.7139673682599765 -8.819212643483551 2.5
      vertex 1.822351349274479 -7.27523439895908 2.5
      vertex 1.6432593011765235 -7.317765975288964 2.5
    endloop
  endfacet
  facet normal 0 0 1
    outer loop
      vertex 4.92898192229784 -8.700869911087114 2.5
      vertex 2.000345681061738 -7.228320493465799 2.5
      vertex 1.822351349274479 -7.27523439895908 2.5
    endloop
  endfacet
  facet normal 0 0 1
    outer loop
      vertex 4.92898192229784 -8.700869911087114 2.5
      vertex 2.1771350794084676 -7.177052517991566 2.5
      vertex 2.000345681061738 -7.228320493465799 2.5
    endloop
  endfacet
  facet normal 0 0 1
    outer loop
      vertex 4.275550934302821 -9.039892931234434 2.5
      vertex 4.496113296546066 -8.932243011955153 2.5
      vertex 1.2822141657022592 -7.389582317917059 2.5
    endloop
  endfacet
  facet normal 0 0 1
    outer loop
      vertex 4.496113296546066 -8.932243011955153 2.5
      vertex 4.7139673682599765 -8.819212643483551 2.5
      vertex 1.6432593011765235 -7.317765975288964 2.5
    endloop
  endfacet
  facet normal 0 0 1
    outer loop
      vertex 5.141027441932218 -8.57728610000272 2.5
      vertex 2.3526130529916864 -7.121461354447775 2.5
      vertex 2.1771350794084676 -7.177052517991566 2.5
    endloop
  endfacet
  facet normal 0 0 1
    outer loop
      vertex 5.349976198870971 -8.448535652497071 2.5
      vertex 2.5266739004416503 -7.061580488872656 2.5
      vertex 2.3526130529916864 -7.121461354447775 2.5
    endloop
  endfacet
  facet normal 0 0 1
    outer loop
      vertex 4.7139673682599765 -8.819212643483551 2.5
      vertex 4.92898192229784 -8.700869911087114 2.5
      vertex 1.822351349274479 -7.27523439895908 2.5
    endloop
  endfacet
  facet normal 0 0 1
    outer loop
      vertex 4.92898192229784 -8.700869911087114 2.5
      vertex 5.141027441932218 -8.57728610000272 2.5
      vertex 2.1771350794084676 -7.177052517991566 2.5
    endloop
  endfacet
  facet normal 0 0 1
    outer loop
      vertex 5.555702330196022 -8.314696123025453 2.5
      vertex 2.699212774012411 -6.997445991260541 2.5
      vertex 2.5266739004416503 -7.061580488872656 2.5
    endloop
  endfacet
  facet normal 0 0 1
    outer loop
      vertex 5.758081914178454 -8.175848131515837 2.5
      vertex 2.8701257427381734 -6.929096493834651 2.5
      vertex 2.699212774012411 -6.997445991260541 2.5
    endloop
  endfacet
  facet normal 0 0 1
    outer loop
      vertex 5.758081914178454 -8.175848131515837 2.5
      vertex 3.039309855037424 -6.85657316777648 2.5
      vertex 2.8701257427381734 -6.929096493834651 2.5
    endloop
  endfacet
  facet normal 0 0 1
    outer loop
      vertex 5.956993044924333 -8.03207531480645 2.5
      vertex 3.2066632007271156 -6.779919698425825 2.5
      vertex 3.039309855037424 -6.85657316777648 2.5
    endloop
  endfacet
  facet normal 0 0 1
    outer loop
      vertex 5.141027441932218 -8.57728610000272 2.5
      vertex 5.349976198870971 -8.448535652497071 2.5
      vertex 2.3526130529916864 -7.121461354447775 2.5
    endloop
  endfacet
  facet normal 0 0 1
    outer loop
      vertex 5.349976198870971 -8.448535652497071 2.5
      vertex 5.555702330196022 -8.314696123025453 2.5
      vertex 2.5266739004416503 -7.061580488872656 2.5
    endloop
  endfacet
  facet normal 0 0 1
    outer loop
      vertex 5.555702330196022 -8.314696123025453 2.5
      vertex 5.758081914178454 -8.175848131515837 2.5
      vertex 2.699212774012411 -6.997445991260541 2.5
    endloop
  endfacet
  facet normal 0 0 1
    outer loop
      vertex 5.758081914178454 -8.175848131515837 2.5
      vertex 5.956993044924333 -8.03207531480645 2.5
      vertex 3.039309855037424 -6.85657316777648 2.5
    endloop
  endfacet
  facet normal 0 0 1
    outer loop
      vertex 5.956993044924333 -8.03207531480645 2.5
      vertex 6.152315905806268 -7.883464276266063 2.5
      vertex 3.2066632007271156 -6.779919698425825 2.5
    endloop
  endfacet
  facet normal 0 0 1
    outer loop
      vertex 6.152315905806268 -7.883464276266063 2.5
      vertex 3.3720849724095494 -6.699182258966365 2.5
      vertex 3.2066632007271156 -6.779919698425825 2.5
    endloop
  endfacet
  facet normal 0 0 1
    outer loop
      vertex 6.343932841636455 -7.73010453362737 2.5
      vertex 3.535475526194982 -6.614409482612663 2.5
      vertex 3.3720849724095494 -6.699182258966365 2.5
    endloop
  endfacet
  facet normal 0 0 1
    outer loop
      vertex 6.343932841636455 -7.73010453362737 2.5
      vertex 3.69673644172338 -6.525652433315336 2.5
      vertex 3.535475526194982 -6.614409482612663 2.5
    endloop
  endfacet
  facet normal 0 0 1
    outer loop
      vertex 6.531728429537767 -7.572088465064846 2.5
      vertex 3.855770581449163 -6.43296457500204 2.5
      vertex 3.69673644172338 -6.525652433315336 2.5
    endloop
  endfacet
  facet normal 0 0 1
    outer loop
      vertex 6.715589548470184 -7.409511253549591 2.5
      vertex 4.012482149153229 -6.336401739372803 2.5
      vertex 3.855770581449163 -6.43296457500204 2.5
    endloop
  endfacet
  facet normal 0 0 1
    outer loop
      vertex 6.895405447370669 -7.24247082951467 2.5
      vertex 4.166776747647017 -6.236022092269089 2.5
      vertex 4.012482149153229 -6.336401739372803 2.5
    endloop
  endfacet
  facet normal 0 0 1
    outer loop
      vertex 7.0710678118654755 -7.0710678118654755 2.5
      vertex 4.31856143563384 -6.131886098636878 2.5
      vertex 4.166776747647017 -6.236022092269089 2.5
    endloop
  endfacet
  facet normal 0 0 1
    outer loop
      vertex 6.152315905806268 -7.883464276266063 2.5
      vertex 6.343932841636455 -7.73010453362737 2.5
      vertex 3.3720849724095494 -6.699182258966365 2.5
    endloop
  endfacet
  facet normal 0 0 1
    outer loop
      vertex 6.343932841636455 -7.73010453362737 2.5
      vertex 6.531728429537767 -7.572088465064846 2.5
      vertex 3.69673644172338 -6.525652433315336 2.5
    endloop
  endfacet
  facet normal 0 0 1
    outer loop
      vertex 6.531728429537767 -7.572088465064846 2.5
      vertex 6.715589548470184 -7.409511253549591 2.5
      vertex 3.855770581449163 -6.43296457500204 2.5
    endloop
  endfacet
  facet normal 0 0 1
    outer loop
      vertex 7.0710678118654755 -7.0710678118654755 2.5
      vertex 4.4677447836932505 -6.024056486104837 2.5
      vertex 4.31856143563384 -6.131886098636878 2.5
    endloop
  endfacet
  facet normal 0 0 1
    outer loop
      vertex 7.24247082951467 -6.895405447370669 2.5
      vertex 4.614236929354701 -5.912598207199547 2.5
      vertex 4.4677447836932505 -6.024056486104837 2.5
    endloop
  endfacet
  facet normal 0 0 1
    outer loop
      vertex 6.715589548470184 -7.409511253549591 2.5
      vertex 6.895405447370669 -7.24247082951467 2.5
      vertex 4.012482149153229 -6.336401739372803 2.5
    endloop
  endfacet
  facet normal 0 0 1
    outer loop
      vertex 6.895405447370669 -7.24247082951467 2.5
      vertex 7.0710678118654755 -7.0710678118654755 2.5
      vertex 4.166776747647017 -6.236022092269089 2.5
    endloop
  endfacet
  facet normal 0 0 1
    outer loop
      vertex 7.0710678118654755 -7.0710678118654755 2.5
      vertex 7.24247082951467 -6.895405447370669 2.5
      vertex 4.4677447836932505 -6.024056486104837 2.5
    endloop
  endfacet
  facet normal 0 0 1
    outer loop
      vertex 7.409511253549591 -6.715589548470184 2.5
      vertex 4.7579496312273415 -5.7975784002205275 2.5
      vertex 4.614236929354701 -5.912598207199547 2.5
    endloop
  endfacet
  facet normal 0 0 1
    outer loop
      vertex 7.572088465064846 -6.531728429537767 2.5
      vertex 4.898796322153325 -5.679066348798634 2.5
      vertex 4.7579496312273415 -5.7975784002205275 2.5
    endloop
  endfacet
  facet normal 0 0 1
    outer loop
      vertex 7.73010453362737 -6.343932841636455 2.5
      vertex 5.036692161352638 -5.557133440162193 2.5
      vertex 4.898796322153325 -5.679066348798634 2.5
    endloop
  endfacet
  facet normal 0 0 1
    outer loop
      vertex 7.883464276266063 -6.152315905806268 2.5
      vertex 5.171554085528001 -5.431853122136003 2.5
      vertex 5.036692161352638 -5.557133440162193 2.5
    endloop
  endfacet
  facet normal 0 0 1
    outer loop
      vertex 7.883464276266063 -6.152315905806268 2.5
      vertex 5.303300858899107 -5.303300858899107 2.5
      vertex 5.171554085528001 -5.431853122136003 2.5
    endloop
  endfacet
  facet normal 0 0 1
    outer loop
      vertex 8.03207531480645 -5.956993044924333 2.5
      vertex 5.431853122136003 -5.171554085528001 2.5
      vertex 5.303300858899107 -5.303300858899107 2.5
    endloop
  endfacet
  facet normal 0 0 1
    outer loop
      vertex 1.4227138999972802 12.858972558067782 2.5
      vertex -3.3720849724095494 6.699182258966365 2.5
      vertex -3.2066632007271156 6.779919698425825 2.5
    endloop
  endfacet
  facet normal 0 0 1
    outer loop
      vertex 1.4227138999972802 12.858972558067782 2.5
      vertex -3.2066632007271156 6.779919698425825 2.5
      vertex -3.039309855037424 6.85657316777648 2.5
    endloop
  endfacet
  facet normal 0 0 1
    outer loop
      vertex 1.5514643475029288 12.650023801129029 2.5
      vertex -3.039309855037424 6.85657316777648 2.5
      vertex -2.8701257427381734 6.929096493834651 2.5
    endloop
  endfacet
  facet normal 0 0 1
    outer loop
      vertex 1.6853038769745474 12.444297669803978 2.5
      vertex -2.8701257427381734 6.929096493834651 2.5
      vertex -2.699212774012411 6.997445991260541 2.5
    endloop
  endfacet
  facet normal 0 0 1
    outer loop
      vertex 1.6853038769745474 12.444297669803978 2.5
      vertex -2.699212774012411 6.997445991260541 2.5
      vertex -2.5266739004416503 7.061580488872656 2.5
    endloop
  endfacet
  facet normal 0 0 1
    outer loop
      vertex 1.8241518684841633 12.241918085821546 2.5
      vertex -2.5266739004416503 7.061580488872656 2.5
      vertex -2.3526130529916864 7.121461354447775 2.5
    endloop
  endfacet
  facet normal 0 0 1
    outer loop
      vertex 1.8241518684841633 12.241918085821546 2.5
      vertex -2.3526130529916864 7.121461354447775 2.5
      vertex -2.1771350794084676 7.177052517991566 2.5
    endloop
  endfacet
  facet normal 0 0 1
    outer loop
      vertex 1.96792468519355 12.043006955075667 2.5
      vertex -2.1771350794084676 7.177052517991566 2.5
      vertex -2.000345681061738 7.228320493465799 2.5
    endloop
  endfacet
  facet normal 0 0 1
    outer loop
      vertex 1.96792468519355 12.043006955075667 2.5
      vertex -2.000345681061738 7.228320493465799 2.5
      vertex -1.822351349274479 7.27523439895908 2.5
    endloop
  endfacet
  facet normal 0 0 1
    outer loop
      vertex 2.1165357237339366 11.847684094193731 2.5
      vertex -1.822351349274479 7.27523439895908 2.5
      vertex -1.6432593011765235 7.317765975288964 2.5
    endloop
  endfacet
  facet normal 0 0 1
    outer loop
      vertex -1.4631774151209618 7.355889603024228 2.5
      vertex 2.2698954663726303 11.656067158363545 2.5
      vertex -1.6432593011765235 7.317765975288964 2.5
    endloop
  endfacet
  facet normal 0 0 1
    outer loop
      vertex 2.427911534935154 11.468271570462232 2.5
      vertex -1.4631774151209618 7.355889603024228 2.5
      vertex -1.2822141657022592 7.389582317917059 2.5
    endloop
  endfacet
  facet normal 0 0 1
    outer loop
      vertex 2.427911534935154 11.468271570462232 2.5
      vertex -1.2822141657022592 7.389582317917059 2.5
      vertex -1.100478558415213 7.418823824735858 2.5
    endloop
  endfacet
  facet normal 0 0 1
    outer loop
      vertex 2.5904887464504087 11.284410451529816 2.5
      vertex -1.100478558415213 7.418823824735858 2.5
      vertex -0.9180800639941215 7.443596509490325 2.5
    endloop
  endfacet
  facet normal 0 0 1
    outer loop
      vertex 2.5904887464504087 11.284410451529816 2.5
      vertex -0.9180800639941215 7.443596509490325 2.5
      vertex -0.7351285524717045 7.463885450041477 2.5
    endloop
  endfacet
  facet normal 0 0 1
    outer loop
      vertex 2.5904887464504087 11.284410451529816 2.5
      vertex -0.7351285524717045 7.463885450041477 2.5
      vertex -0.5517342269975057 7.479678425090176 2.5
    endloop
  endfacet
  facet normal 0 0 1
    outer loop
      vertex -0.3680075574556351 7.490965921538793 2.5
      vertex 2.5904887464504087 11.284410451529816 2.5
      vertex -0.5517342269975057 7.479678425090176 2.5
    endloop
  endfacet
  facet normal 0 0 1
    outer loop
      vertex 2.5904887464504087 11.284410451529816 2.5
      vertex -0.3680075574556351 7.490965921538793 2.5
      vertex -0.18405921392184216 7.497741140221532 2.5
    endloop
  endfacet
  facet normal 0 0 1
    outer loop
      vertex 2.5904887464504087 11.284410451529816 2.5
      vertex -0.18405921392184216 7.497741140221532 2.5
      vertex 0 7.5 2.5
    endloop
  endfacet
  facet normal 0 0 1
    outer loop
      vertex 2.5904887464504087 11.284410451529816 2.5
      vertex 0 7.5 2.5
      vertex 0.18405921392184216 7.497741140221532 2.5
    endloop
  endfacet
  facet normal 0 0 1
    outer loop
      vertex 2.5904887464504087 11.284410451529816 2.5
      vertex 0.18405921392184216 7.497741140221532 2.5
      vertex 0.3680075574556351 7.490965921538793 2.5
    endloop
  endfacet
  facet normal 0 0 1
    outer loop
      vertex 0.5517342269975057 7.479678425090176 2.5
      vertex 2.5904887464504087 11.284410451529816 2.5
      vertex 0.3680075574556351 7.490965921538793 2.5
    endloop
  endfacet
  facet normal 0 0 1
    outer loop
      vertex -1.4631774151209618 7.355889603024228 2.5
      vertex 2.427911534935154 11.468271570462232 2.5
      vertex 2.2698954663726303 11.656067158363545 2.5
    endloop
  endfacet
  facet normal 0 0 1
    outer loop
      vertex 2.5904887464504087 11.284410451529816 2.5
      vertex 0.5517342269975057 7.479678425090176 2.5
      vertex 0.7351285524717045 7.463885450041477 2.5
    endloop
  endfacet
  facet normal 0 0 1
    outer loop
      vertex 2.5904887464504087 11.284410451529816 2.5
      vertex 0.7351285524717045 7.463885450041477 2.5
      vertex 0.9180800639941215 7.443596509490325 2.5
    endloop
  endfacet
  facet normal 0 0 1
    outer loop
      vertex 2.5904887464504087 11.284410451529816 2.5
      vertex 0.9180800639941215 7.443596509490325 2.5
      vertex 1.100478558415213 7.418823824735858 2.5
    endloop
  endfacet
  facet normal 0 0 1
    outer loop
      vertex 2.5904887464504087 11.284410451529816 2.5
      vertex 1.100478558415213 7.418823824735858 2.5
      vertex 1.2822141657022592 7.389582317917059 2.5
    endloop
  endfacet
  facet normal 0 0 1
    outer loop
      vertex 2.5904887464504087 11.284410451529816 2.5
      vertex 1.4631774151209618 7.355889603024228 2.5
      vertex 1.6432593011765235 7.317765975288964 2.5
    endloop
  endfacet
  facet normal 0 0 1
    outer loop
      vertex 2.5904887464504087 11.284410451529816 2.5
      vertex 1.2822141657022592 7.389582317917059 2.5
      vertex 1.4631774151209618 7.355889603024228 2.5
    endloop
  endfacet
  facet normal 0 0 1
    outer loop
      vertex 1.822351349274479 7.27523439895908 2.5
      vertex 2.5904887464504087 11.284410451529816 2.5
      vertex 1.6432593011765235 7.317765975288964 2.5
    endloop
  endfacet
  facet normal 0 0 1
    outer loop
      vertex 2.5904887464504087 11.284410451529816 2.5
      vertex 1.822351349274479 7.27523439895908 2.5
      vertex 2.000345681061738 7.228320493465799 2.5
    endloop
  endfacet
  facet normal 0 0 1
    outer loop
      vertex -1.100478558415213 7.418823824735858 2.5
      vertex 2.5904887464504087 11.284410451529816 2.5
      vertex 2.427911534935154 11.468271570462232 2.5
    endloop
  endfacet
  facet normal 0 0 1
    outer loop
      vertex 7.061580488872656 2.5266739004416503 2.5
      vertex 4.711065604164798 8.957649895676639 2.5
      vertex 6.997445991260541 2.699212774012411 2.5
    endloop
  endfacet
  facet normal 0 0 1
    outer loop
      vertex 6.997445991260541 2.699212774012411 2.5
      vertex 4.711065604164798 8.957649895676639 2.5
      vertex 6.929096493834651 2.8701257427381734 2.5
    endloop
  endfacet
  facet normal 0 0 1
    outer loop
      vertex 6.779919698425825 3.2066632007271156 2.5
      vertex 4.711065604164798 8.957649895676639 2.5
      vertex 6.699182258966365 3.3720849724095494 2.5
    endloop
  endfacet
  facet normal 0 0 1
    outer loop
      vertex 6.85657316777648 3.039309855037424 2.5
      vertex 4.711065604164798 8.957649895676639 2.5
      vertex 6.779919698425825 3.2066632007271156 2.5
    endloop
  endfacet
  facet normal 0 0 1
    outer loop
      vertex 6.929096493834651 2.8701257427381734 2.5
      vertex 4.711065604164798 8.957649895676639 2.5
      vertex 6.85657316777648 3.039309855037424 2.5
    endloop
  endfacet
  facet normal 0 0 1
    outer loop
      vertex 4.711065604164798 8.957649895676639 2.5
      vertex 2.3526130529916864 7.121461354447775 2.5
      vertex 2.5266739004416503 7.061580488872656 2.5
    endloop
  endfacet
  facet normal 0 0 1
    outer loop
      vertex 4.711065604164798 8.957649895676639 2.5
      vertex 2.5266739004416503 7.061580488872656 2.5
      vertex 2.699212774012411 6.997445991260541 2.5
    endloop
  endfacet
  facet normal 0 0 1
    outer loop
      vertex 2.8701257427381734 6.929096493834651 2.5
      vertex 4.711065604164798 8.957649895676639 2.5
      vertex 2.699212774012411 6.997445991260541 2.5
    endloop
  endfacet
  facet normal 0 0 1
    outer loop
      vertex 4.711065604164798 8.957649895676639 2.5
      vertex 2.8701257427381734 6.929096493834651 2.5
      vertex 3.039309855037424 6.85657316777648 2.5
    endloop
  endfacet
  facet normal 0 0 1
    outer loop
      vertex 4.711065604164798 8.957649895676639 2.5
      vertex 3.039309855037424 6.85657316777648 2.5
      vertex 3.2066632007271156 6.779919698425825 2.5
    endloop
  endfacet
  facet normal 0 0 1
    outer loop
      vertex 4.711065604164798 8.957649895676639 2.5
      vertex 3.2066632007271156 6.779919698425825 2.5
      vertex 3.3720849724095494 6.699182258966365 2.5
    endloop
  endfacet
  facet normal 0 0 1
    outer loop
      vertex 4.711065604164798 8.957649895676639 2.5
      vertex 3.3720849724095494 6.699182258966365 2.5
      vertex 3.535475526194982 6.614409482612663 2.5
    endloop
  endfacet
  facet normal 0 0 1
    outer loop
      vertex 3.69673644172338 6.525652433315336 2.5
      vertex 4.711065604164798 8.957649895676639 2.5
      vertex 3.535475526194982 6.614409482612663 2.5
    endloop
  endfacet
  facet normal 0 0 1
    outer loop
      vertex 4.711065604164798 8.957649895676639 2.5
      vertex 3.69673644172338 6.525652433315336 2.5
      vertex 3.855770581449163 6.43296457500204 2.5
    endloop
  endfacet
  facet normal 0 0 1
    outer loop
      vertex 4.012482149153229 6.336401739372803 2.5
      vertex 4.711065604164798 8.957649895676639 2.5
      vertex 3.855770581449163 6.43296457500204 2.5
    endloop
  endfacet
  facet normal 0 0 1
    outer loop
      vertex 2.5904887464504087 11.284410451529816 2.5
      vertex 2.000345681061738 7.228320493465799 2.5
      vertex 2.1771350794084676 7.177052517991566 2.5
    endloop
  endfacet
  facet normal 0 0 1
    outer loop
      vertex 2.5904887464504087 11.284410451529816 2.5
      vertex 2.1771350794084676 7.177052517991566 2.5
      vertex 2.3526130529916864 7.121461354447775 2.5
    endloop
  endfacet
  facet normal 0 0 1
    outer loop
      vertex 2.5904887464504087 11.284410451529816 2.5
      vertex 2.3526130529916864 7.121461354447775 2.5
      vertex 4.711065604164798 8.957649895676639 2.5
    endloop
  endfacet
  facet normal 0 0 1
    outer loop
      vertex 5.557133440162193 5.036692161352638 2.5
      vertex 4.711065604164798 8.957649895676639 2.5
      vertex 5.431853122136003 5.171554085528001 2.5
    endloop
  endfacet
  facet normal 0 0 1
    outer loop
      vertex 4.711065604164798 8.957649895676639 2.5
      vertex 4.31856143563384 6.131886098636878 2.5
      vertex 4.4677447836932505 6.024056486104837 2.5
    endloop
  endfacet
  facet normal 0 0 1
    outer loop
      vertex 4.614236929354701 5.912598207199547 2.5
      vertex 4.711065604164798 8.957649895676639 2.5
      vertex 4.4677447836932505 6.024056486104837 2.5
    endloop
  endfacet
  facet normal 0 0 1
    outer loop
      vertex 4.711065604164798 8.957649895676639 2.5
      vertex 4.614236929354701 5.912598207199547 2.5
      vertex 4.7579496312273415 5.7975784002205275 2.5
    endloop
  endfacet
  facet normal 0 0 1
    outer loop
      vertex 4.711065604164798 8.957649895676639 2.5
      vertex 4.012482149153229 6.336401739372803 2.5
      vertex 4.166776747647017 6.236022092269089 2.5
    endloop
  endfacet
  facet normal 0 0 1
    outer loop
      vertex 4.31856143563384 6.131886098636878 2.5
      vertex 4.711065604164798 8.957649895676639 2.5
      vertex 4.166776747647017 6.236022092269089 2.5
    endloop
  endfacet
  facet normal 0 0 1
    outer loop
      vertex 5.036692161352638 5.557133440162193 2.5
      vertex 4.711065604164798 8.957649895676639 2.5
      vertex 4.898796322153325 5.679066348798634 2.5
    endloop
  endfacet
  facet normal 0 0 1
    outer loop
      vertex 4.711065604164798 8.957649895676639 2.5
      vertex 5.036692161352638 5.557133440162193 2.5
      vertex 5.171554085528001 5.431853122136003 2.5
    endloop
  endfacet
  facet normal 0 0 1
    outer loop
      vertex 4.711065604164798 8.957649895676639 2.5
      vertex 4.7579496312273415 5.7975784002205275 2.5
      vertex 4.898796322153325 5.679066348798634 2.5
    endloop
  endfacet
  facet normal 0 0 1
    outer loop
      vertex 4.711065604164798 8.957649895676639 2.5
      vertex 5.171554085528001 5.431853122136003 2.5
      vertex 5.303300858899107 5.303300858899107 2.5
    endloop
  endfacet
  facet normal 0 0 1
    outer loop
      vertex 5.431853122136003 5.171554085528001 2.5
      vertex 4.711065604164798 8.957649895676639 2.5
      vertex 5.303300858899107 5.303300858899107 2.5
    endloop
  endfacet
  facet normal 0 0 1
    outer loop
      vertex 4.711065604164798 8.957649895676639 2.5
      vertex 6.131886098636878 4.31856143563384 2.5
      vertex 6.236022092269089 4.166776747647017 2.5
    endloop
  endfacet
  facet normal 0 0 1
    outer loop
      vertex 4.711065604164798 8.957649895676639 2.5
      vertex 5.7975784002205275 4.7579496312273415 2.5
      vertex 5.912598207199547 4.614236929354701 2.5
    endloop
  endfacet
  facet normal 0 0 1
    outer loop
      vertex 5.679066348798634 4.898796322153325 2.5
      vertex 4.711065604164798 8.957649895676639 2.5
      vertex 5.557133440162193 5.036692161352638 2.5
    endloop
  endfacet
  facet normal 0 0 1
    outer loop
      vertex 5.7975784002205275 4.7579496312273415 2.5
      vertex 4.711065604164798 8.957649895676639 2.5
      vertex 5.679066348798634 4.898796322153325 2.5
    endloop
  endfacet
  facet normal 0 0 1
    outer loop
      vertex 4.711065604164798 8.957649895676639 2.5
      vertex 6.024056486104837 4.4677447836932505 2.5
      vertex 6.131886098636878 4.31856143563384 2.5
    endloop
  endfacet
  facet normal 0 0 1
    outer loop
      vertex 4.711065604164798 8.957649895676639 2.5
      vertex 5.912598207199547 4.614236929354701 2.5
      vertex 6.024056486104837 4.4677447836932505 2.5
    endloop
  endfacet
  facet normal 0 0 1
    outer loop
      vertex 6.699182258966365 3.3720849724095494 2.5
      vertex 4.711065604164798 8.957649895676639 2.5
      vertex 6.614409482612663 3.535475526194982 2.5
    endloop
  endfacet
  facet normal 0 0 1
    outer loop
      vertex 6.525652433315336 3.69673644172338 2.5
      vertex 4.711065604164798 8.957649895676639 2.5
      vertex 6.43296457500204 3.855770581449163 2.5
    endloop
  endfacet
  facet normal 0 0 1
    outer loop
      vertex 6.614409482612663 3.535475526194982 2.5
      vertex 4.711065604164798 8.957649895676639 2.5
      vertex 6.525652433315336 3.69673644172338 2.5
    endloop
  endfacet
  facet normal 0 0 1
    outer loop
      vertex 6.43296457500204 3.855770581449163 2.5
      vertex 4.711065604164798 8.957649895676639 2.5
      vertex 6.336401739372803 4.012482149153229 2.5
    endloop
  endfacet
  facet normal 0 0 1
    outer loop
      vertex 4.711065604164798 8.957649895676639 2.5
      vertex 6.236022092269089 4.166776747647017 2.5
      vertex 6.336401739372803 4.012482149153229 2.5
    endloop
  endfacet
  facet normal 0 0 -1
    outer loop
      vertex 0.1921471959676957 16.049096779838717 -2.5
      vertex -8.984014672519804 4.454872482013979 -2.5
      vertex 0.14722357611058712 16.290381112396986 -2.5
    endloop
  endfacet
  facet normal 0 0 -1
    outer loop
      vertex 0.14722357611058712 16.290381112396986 -2.5
      vertex -8.984014672519804 4.454872482013979 -2.5
      vertex 0.10823490035219052 16.532695255446384 -2.5
    endloop
  endfacet
  facet normal 0 0 -1
    outer loop
      vertex -8.984014672519804 4.454872482013979 -2.5
      vertex 0.07520465401290011 16.775893248007836 -2.5
      vertex 0.10823490035219052 16.532695255446384 -2.5
    endloop
  endfacet
  facet normal 0 0 -1
    outer loop
      vertex 0.07520465401290011 16.775893248007836 -2.5
      vertex -8.984014672519804 4.454872482013979 -2.5
      vertex 0.04815273327803027 17.019828596704393 -2.5
    endloop
  endfacet
  facet normal 0 0 -1
    outer loop
      vertex 0.2996874680545609 15.570198200967361 -2.5
      vertex -8.984014672519804 4.454872482013979 -2.5
      vertex 0.24297869961471363 15.808987598431301 -2.5
    endloop
  endfacet
  facet normal 0 0 -1
    outer loop
      vertex -8.984014672519804 4.454872482013979 -2.5
      vertex 0.1921471959676957 16.049096779838717 -2.5
      vertex 0.24297869961471363 15.808987598431301 -2.5
    endloop
  endfacet
  facet normal 0 0 -1
    outer loop
      vertex -8.984014672519804 4.454872482013979 -2.5
      vertex 0.027095433213098374 17.264354364003324 -2.5
      vertex 0.04815273327803027 17.019828596704393 -2.5
    endloop
  endfacet
  facet normal 0 0 -1
    outer loop
      vertex 0.027095433213098374 17.264354364003324 -2.5
      vertex -8.984014672519804 4.454872482013979 -2.5
      vertex 0.012045437948275506 17.50932325672582 -2.5
    endloop
  endfacet
  facet normal 0 0 -1
    outer loop
      vertex 0.012045437948275506 17.50932325672582 -2.5
      vertex -8.984014672519804 4.454872482013979 -2.5
      vertex 0.0030118130379577224 17.754587714770878 -2.5
    endloop
  endfacet
  facet normal 0 0 -1
    outer loop
      vertex -8.984014672519804 4.454872482013979 -2.5
      vertex 0 18 -2.5
      vertex 0.0030118130379577224 17.754587714770878 -2.5
    endloop
  endfacet
  facet normal 0 0 -1
    outer loop
      vertex -1.5484941563910848 22.78354290456362 -2.5
      vertex 0 18 -2.5
      vertex -8.984014672519804 4.454872482013979 -2.5
    endloop
  endfacet
  facet normal -0.9266516065988181 0.37592126833664163 0
    outer loop
      vertex -1.5484941563910848 22.78354290456362 -2.5
      vertex -8.984014672519804 4.454872482013979 -2.5
      vertex -8.984014672519804 4.454872482013979 2.5
    endloop
  endfacet
  facet normal 0 0 -1
    outer loop
      vertex -5.303300858899107 5.303300858899107 -2.5
      vertex 0.2996874680545609 15.570198200967361 -2.5
      vertex 0.3622393420456014 15.332872425251015 -2.5
    endloop
  endfacet
  facet normal 0 0 -1
    outer loop
      vertex -4.7579496312273415 5.7975784002205275 -2.5
      vertex 0.3622393420456014 15.332872425251015 -2.5
      vertex 0.4305966426779122 15.097153227455376 -2.5
    endloop
  endfacet
  facet normal 0 0 -1
    outer loop
      vertex 0.5047181940696337 14.863182596011086 -2.5
      vertex -4.31856143563384 6.131886098636878 -2.5
      vertex 0.4305966426779122 15.097153227455376 -2.5
    endloop
  endfacet
  facet normal 0 0 -1
    outer loop
      vertex -3.855770581449163 6.43296457500204 -2.5
      vertex 0.5047181940696337 14.863182596011086 -2.5
      vertex 0.5845593481697922 14.6311014660778 -2.5
    endloop
  endfacet
  facet normal 0 0 -1
    outer loop
      vertex -2.000345681061738 7.228320493465799 -2.5
      vertex 0.9601070687655664 13.72444906569718 -2.5
      vertex 1.067756988044847 13.503886703453933 -2.5
    endloop
  endfacet
  facet normal 0 0 -1
    outer loop
      vertex -3.3720849724095494 6.699182258966365 -2.5
      vertex 0.5845593481697922 14.6311014660778 -2.5
      vertex 0.6700720116526107 14.401049634650118 -2.5
    endloop
  endfacet
  facet normal 0 0 -1
    outer loop
      vertex -3.039309855037424 6.85657316777648 -2.5
      vertex 0.6700720116526107 14.401049634650118 -2.5
      vertex 0.7612046748871322 14.173165676349102 -2.5
    endloop
  endfacet
  facet normal 0 0 -1
    outer loop
      vertex -2.699212774012411 6.997445991260541 -2.5
      vertex 0.7612046748871322 14.173165676349102 -2.5
      vertex 0.8579024429646935 13.947586859950102 -2.5
    endloop
  endfacet
  facet normal 0 0 -1
    outer loop
      vertex -2.3526130529916864 7.121461354447775 -2.5
      vertex 0.8579024429646935 13.947586859950102 -2.5
      vertex 0.9601070687655664 13.72444906569718 -2.5
    endloop
  endfacet
  facet normal 0 0 -1
    outer loop
      vertex -1.6432593011765235 7.317765975288964 -2.5
      vertex 1.067756988044847 13.503886703453933 -2.5
      vertex 1.1807873565164488 13.286032631740024 -2.5
    endloop
  endfacet
  facet normal 0 0 -1
    outer loop
      vertex -1.2822141657022592 7.389582317917059 -2.5
      vertex 1.1807873565164488 13.286032631740024 -2.5
      vertex 1.2991300889128858 13.07101807770216 -2.5
    endloop
  endfacet
  facet normal 0 0 -1
    outer loop
      vertex 1.4227138999972802 12.858972558067782 -2.5
      vertex -1.100478558415213 7.418823824735858 -2.5
      vertex 1.2991300889128858 13.07101807770216 -2.5
    endloop
  endfacet
  facet normal 0 0 -1
    outer loop
      vertex -0.5517342269975057 7.479678425090176 -2.5
      vertex 1.5514643475029288 12.650023801129029 -2.5
      vertex 1.6853038769745474 12.444297669803978 -2.5
    endloop
  endfacet
  facet normal 0 0 -1
    outer loop
      vertex 1.8241518684841633 12.241918085821546 -2.5
      vertex -0.18405921392184216 7.497741140221532 -2.5
      vertex 1.6853038769745474 12.444297669803978 -2.5
    endloop
  endfacet
  facet normal 0 0 -1
    outer loop
      vertex -0.9180800639941215 7.443596509490325 -2.5
      vertex 1.4227138999972802 12.858972558067782 -2.5
      vertex 1.5514643475029288 12.650023801129029 -2.5
    endloop
  endfacet
  facet normal 0 0 -1
    outer loop
      vertex 0.18405921392184216 7.497741140221532 -2.5
      vertex 1.96792468519355 12.043006955075667 -2.5
      vertex 2.1165357237339366 11.847684094193731 -2.5
    endloop
  endfacet
  facet normal 0 0 -1
    outer loop
      vertex 0 7.5 -2.5
      vertex 1.8241518684841633 12.241918085821546 -2.5
      vertex 1.96792468519355 12.043006955075667 -2.5
    endloop
  endfacet
  facet normal 0 0 -1
    outer loop
      vertex 0.5517342269975057 7.479678425090176 -2.5
      vertex 2.1165357237339366 11.847684094193731 -2.5
      vertex 2.2698954663726303 11.656067158363545 -2.5
    endloop
  endfacet
  facet normal 0 0 -1
    outer loop
      vertex -1.5484941563910848 22.78354290456362 -2.5
      vertex 0.0030118130379577224 18.245412285229122 -2.5
      vertex 0 18 -2.5
    endloop
  endfacet
  facet normal 0 0 -1
    outer loop
      vertex -1.5484941563910848 22.78354290456362 -2.5
      vertex 0.012045437948275506 18.49067674327418 -2.5
      vertex 0.0030118130379577224 18.245412285229122 -2.5
    endloop
  endfacet
  facet normal 0 0 -1
    outer loop
      vertex -1.5484941563910848 22.78354290456362 -2.5
      vertex 0.027095433213098374 18.735645635996676 -2.5
      vertex 0.012045437948275506 18.49067674327418 -2.5
    endloop
  endfacet
  facet normal 0 0 -1
    outer loop
      vertex -1.5484941563910848 22.78354290456362 -2.5
      vertex 0.04815273327803027 18.980171403295607 -2.5
      vertex 0.027095433213098374 18.735645635996676 -2.5
    endloop
  endfacet
  facet normal 0 0 -1
    outer loop
      vertex -1.5484941563910848 22.78354290456362 -2.5
      vertex 0.07520465401290011 19.224106751992164 -2.5
      vertex 0.04815273327803027 18.980171403295607 -2.5
    endloop
  endfacet
  facet normal 0 0 -1
    outer loop
      vertex -1.5484941563910848 22.78354290456362 -2.5
      vertex 0.10823490035219052 19.467304744553616 -2.5
      vertex 0.07520465401290011 19.224106751992164 -2.5
    endloop
  endfacet
  facet normal 0 0 -1
    outer loop
      vertex -1.5484941563910848 22.78354290456362 -2.5
      vertex 0.14722357611058712 19.709618887603014 -2.5
      vertex 0.10823490035219052 19.467304744553616 -2.5
    endloop
  endfacet
  facet normal 0 0 -1
    outer loop
      vertex -1.5484941563910848 22.78354290456362 -2.5
      vertex 0.1921471959676957 19.950903220161283 -2.5
      vertex 0.14722357611058712 19.709618887603014 -2.5
    endloop
  endfacet
  facet normal 0 0 -1
    outer loop
      vertex -1.5484941563910848 22.78354290456362 -2.5
      vertex 0.24297869961471363 20.1910124015687 -2.5
      vertex 0.1921471959676957 19.950903220161283 -2.5
    endloop
  endfacet
  facet normal 0 0 -1
    outer loop
      vertex -1.5484941563910848 22.78354290456362 -2.5
      vertex 0.2996874680545609 20.42980179903264 -2.5
      vertex 0.24297869961471363 20.1910124015687 -2.5
    endloop
  endfacet
  facet normal 0 0 -1
    outer loop
      vertex -1.5484941563910848 22.78354290456362 -2.5
      vertex 0.3622393420456014 20.667127574748985 -2.5
      vertex 0.2996874680545609 20.42980179903264 -2.5
    endloop
  endfacet
  facet normal 0 0 -1
    outer loop
      vertex -1.5484941563910848 22.78354290456362 -2.5
      vertex 0.4305966426779122 20.902846772544624 -2.5
      vertex 0.3622393420456014 20.667127574748985 -2.5
    endloop
  endfacet
  facet normal 0 0 -1
    outer loop
      vertex -1.5484941563910848 22.78354290456362 -2.5
      vertex 0.5047181940696337 21.136817403988914 -2.5
      vertex 0.4305966426779122 20.902846772544624 -2.5
    endloop
  endfacet
  facet normal 0 0 -1
    outer loop
      vertex -1.5484941563910848 22.78354290456362 -2.5
      vertex 0.5845593481697922 21.3688985339222 -2.5
      vertex 0.5047181940696337 21.136817403988914 -2.5
    endloop
  endfacet
  facet normal 0 0 -1
    outer loop
      vertex -1.5484941563910848 22.78354290456362 -2.5
      vertex 0.6700720116526107 21.598950365349882 -2.5
      vertex 0.5845593481697922 21.3688985339222 -2.5
    endloop
  endfacet
  facet normal 0 0 -1
    outer loop
      vertex -1.5484941563910848 22.78354290456362 -2.5
      vertex 0.7612046748871322 21.8268343236509 -2.5
      vertex 0.6700720116526107 21.598950365349882 -2.5
    endloop
  endfacet
  facet normal 0 0 -1
    outer loop
      vertex -1.5484941563910848 22.78354290456362 -2.5
      vertex 0.8579024429646935 22.0524131400499 -2.5
      vertex 0.7612046748871322 21.8268343236509 -2.5
    endloop
  endfacet
  facet normal 0 0 -1
    outer loop
      vertex -1.5484941563910848 22.78354290456362 -2.5
      vertex 0.9601070687655664 22.27555093430282 -2.5
      vertex 0.8579024429646935 22.0524131400499 -2.5
    endloop
  endfacet
  facet normal 0 0 -1
    outer loop
      vertex -1.5484941563910848 22.78354290456362 -2.5
      vertex 1.067756988044847 22.496113296546067 -2.5
      vertex 0.9601070687655664 22.27555093430282 -2.5
    endloop
  endfacet
  facet normal 0 0 -1
    outer loop
      vertex -1.5484941563910848 22.78354290456362 -2.5
      vertex 1.1807873565164488 22.713967368259976 -2.5
      vertex 1.067756988044847 22.496113296546067 -2.5
    endloop
  endfacet
  facet normal 0 0 -1
    outer loop
      vertex -1.5484941563910848 22.78354290456362 -2.5
      vertex 1.2991300889128858 22.92898192229784 -2.5
      vertex 1.1807873565164488 22.713967368259976 -2.5
    endloop
  endfacet
  facet normal 0 0 -1
    outer loop
      vertex -1.5484941563910848 22.78354290456362 -2.5
      vertex 1.4227138999972802 23.141027441932216 -2.5
      vertex 1.2991300889128858 22.92898192229784 -2.5
    endloop
  endfacet
  facet normal 0 0 -1
    outer loop
      vertex -1.5484941563910848 22.78354290456362 -2.5
      vertex 1.5514643475029288 23.34997619887097 -2.5
      vertex 1.4227138999972802 23.141027441932216 -2.5
    endloop
  endfacet
  facet normal 0 0 -1
    outer loop
      vertex -1.5484941563910848 22.78354290456362 -2.5
      vertex 1.6853038769745474 23.55570233019602 -2.5
      vertex 1.5514643475029288 23.34997619887097 -2.5
    endloop
  endfacet
  facet normal 0 0 -1
    outer loop
      vertex -1.5484941563910848 22.78354290456362 -2.5
      vertex 1.8241518684841633 23.758081914178454 -2.5
      vertex 1.6853038769745474 23.55570233019602 -2.5
    endloop
  endfacet
  facet normal 0 0 -1
    outer loop
      vertex -1.5484941563910848 22.78354290456362 -2.5
      vertex 1.96792468519355 23.95699304492433 -2.5
      vertex 1.8241518684841633 23.758081914178454 -2.5
    endloop
  endfacet
  facet normal 0 0 -1
    outer loop
      vertex -1.5484941563910848 22.78354290456362 -2.5
      vertex 2.1165357237339366 24.15231590580627 -2.5
      vertex 1.96792468519355 23.95699304492433 -2.5
    endloop
  endfacet
  facet normal 0 0 -1
    outer loop
      vertex -1.5484941563910848 22.78354290456362 -2.5
      vertex 2.2698954663726303 24.343932841636455 -2.5
      vertex 2.1165357237339366 24.15231590580627 -2.5
    endloop
  endfacet
  facet normal 0 0 -1
    outer loop
      vertex -1.5484941563910848 22.78354290456362 -2.5
      vertex 2.427911534935154 24.531728429537768 -2.5
      vertex 2.2698954663726303 24.343932841636455 -2.5
    endloop
  endfacet
  facet normal 0 0 -1
    outer loop
      vertex -1.5484941563910848 22.78354290456362 -2.5
      vertex 2.5904887464504087 24.715589548470184 -2.5
      vertex 2.427911534935154 24.531728429537768 -2.5
    endloop
  endfacet
  facet normal 0 0 -1
    outer loop
      vertex -1.5484941563910848 22.78354290456362 -2.5
      vertex 2.7575291704853298 24.89540544737067 -2.5
      vertex 2.5904887464504087 24.715589548470184 -2.5
    endloop
  endfacet
  facet normal 0 0 -1
    outer loop
      vertex -1.5484941563910848 22.78354290456362 -2.5
      vertex 2.9289321881345245 25.071067811865476 -2.5
      vertex 2.7575291704853298 24.89540544737067 -2.5
    endloop
  endfacet
  facet normal 0 0 -1
    outer loop
      vertex -1.5484941563910848 22.78354290456362 -2.5
      vertex 3.1045945526293313 25.24247082951467 -2.5
      vertex 2.9289321881345245 25.071067811865476 -2.5
    endloop
  endfacet
  facet normal 0 0 -1
    outer loop
      vertex -1.5484941563910848 22.78354290456362 -2.5
      vertex -1.427621946294133 23.065516425062373 -2.5
      vertex 8.469866560009798 30.405994182483873 -2.5
    endloop
  endfacet
  facet normal 0 0 -1
    outer loop
      vertex -1.427621946294133 23.065516425062373 -2.5
      vertex -1.299866164043042 23.344438667878528 -2.5
      vertex 8.469866560009798 30.405994182483873 -2.5
    endloop
  endfacet
  facet normal 0 0 -1
    outer loop
      vertex -1.299866164043042 23.344438667878528 -2.5
      vertex -1.1653037649439408 23.62014162068258 -2.5
      vertex 8.469866560009798 30.405994182483873 -2.5
    endloop
  endfacet
  facet normal 0 0 -1
    outer loop
      vertex -1.1653037649439408 23.62014162068258 -2.5
      vertex -1.0240158043544376 23.892459210324972 -2.5
      vertex 8.469866560009798 30.405994182483873 -2.5
    endloop
  endfacet
  facet normal 0 0 -1
    outer loop
      vertex -1.0240158043544376 23.892459210324972 -2.5
      vertex -0.8760873888588936 24.1612274028723 -2.5
      vertex 8.469866560009798 30.405994182483873 -2.5
    endloop
  endfacet
  facet normal 0 0 -1
    outer loop
      vertex -0.8760873888588936 24.1612274028723 -2.5
      vertex -0.7216076250034007 24.426284302415272 -2.5
      vertex 8.469866560009798 30.405994182483873 -2.5
    endloop
  endfacet
  facet normal 0 0 -1
    outer loop
      vertex -0.7216076250034007 24.426284302415272 -2.5
      vertex -0.560669565621339 24.687470248588713 -2.5
      vertex 8.469866560009798 30.405994182483873 -2.5
    endloop
  endfacet
  facet normal 0 0 -1
    outer loop
      vertex -0.560669565621339 24.687470248588713 -2.5
      vertex -0.39337015378181484 24.944627912745027 -2.5
      vertex 8.469866560009798 30.405994182483873 -2.5
    endloop
  endfacet
  facet normal 0 0 -1
    outer loop
      vertex -0.39337015378181484 24.944627912745027 -2.5
      vertex -0.21981016439479717 25.197602392723066 -2.5
      vertex 8.469866560009798 30.405994182483873 -2.5
    endloop
  endfacet
  facet normal 0 0 -1
    outer loop
      vertex -0.21981016439479717 25.197602392723066 -2.5
      vertex -0.040094143508062174 25.446241306155418 -2.5
      vertex 8.469866560009798 30.405994182483873 -2.5
    endloop
  endfacet
  facet normal 0 0 -1
    outer loop
      vertex -0.040094143508062174 25.446241306155418 -2.5
      vertex 0.14566965466742055 25.690394882257834 -2.5
      vertex 8.469866560009798 30.405994182483873 -2.5
    endloop
  endfacet
  facet normal 0 0 -1
    outer loop
      vertex 0.14566965466742055 25.690394882257834 -2.5
      vertex 0.3373693329657872 25.92991605204557 -2.5
      vertex 8.469866560009798 30.405994182483873 -2.5
    endloop
  endfacet
  facet normal 0 0 -1
    outer loop
      vertex 0.3373693329657872 25.92991605204557 -2.5
      vertex 0.5348894186689428 26.16466053692221 -2.5
      vertex 8.469866560009798 30.405994182483873 -2.5
    endloop
  endfacet
  facet normal 0 0 -1
    outer loop
      vertex -1.5484941563910848 22.78354290456362 -2.5
      vertex 8.469866560009798 30.405994182483873 -2.5
      vertex 3.1045945526293313 25.24247082951467 -2.5
    endloop
  endfacet
  facet normal 0 0 -1
    outer loop
      vertex 0.5348894186689428 26.16466053692221 -2.5
      vertex 0.7381109330630107 26.39448693558773 -2.5
      vertex 8.469866560009798 30.405994182483873 -2.5
    endloop
  endfacet
  facet normal 0 0 -1
    outer loop
      vertex 0.7381109330630107 26.39448693558773 -2.5
      vertex 0.9469114631066624 26.619256809213333 -2.5
      vertex 8.469866560009798 30.405994182483873 -2.5
    endloop
  endfacet
  facet normal 0 0 -1
    outer loop
      vertex 0.9469114631066624 26.619256809213333 -2.5
      vertex 1.1611652351681556 26.838834764831844 -2.5
      vertex 8.469866560009798 30.405994182483873 -2.5
    endloop
  endfacet
  facet normal 0 0 -1
    outer loop
      vertex 1.1611652351681556 26.838834764831844 -2.5
      vertex 1.3807431907866654 27.053088536893338 -2.5
      vertex 8.469866560009798 30.405994182483873 -2.5
    endloop
  endfacet
  facet normal 0 0 -1
    outer loop
      vertex 1.3807431907866654 27.053088536893338 -2.5
      vertex 1.6055130644122695 27.261889066936988 -2.5
      vertex 8.469866560009798 30.405994182483873 -2.5
    endloop
  endfacet
  facet normal 0 0 -1
    outer loop
      vertex 1.6055130644122695 27.261889066936988 -2.5
      vertex 1.8353394630777906 27.465110581331057 -2.5
      vertex 8.469866560009798 30.405994182483873 -2.5
    endloop
  endfacet
  facet normal 0 0 -1
    outer loop
      vertex 1.8353394630777906 27.465110581331057 -2.5
      vertex 2.0700839479544317 27.662630667034215 -2.5
      vertex 8.469866560009798 30.405994182483873 -2.5
    endloop
  endfacet
  facet normal 0 0 -1
    outer loop
      vertex 8.469866560009798 30.405994182483873 -2.5
      vertex 3.2844104515298156 25.409511253549592 -2.5
      vertex 3.1045945526293313 25.24247082951467 -2.5
    endloop
  endfacet
  facet normal 0 0 -1
    outer loop
      vertex 8.469866560009798 30.405994182483873 -2.5
      vertex 3.4682715704622327 25.572088465064844 -2.5
      vertex 3.2844104515298156 25.409511253549592 -2.5
    endloop
  endfacet
  facet normal 0 0 -1
    outer loop
      vertex 8.469866560009798 30.405994182483873 -2.5
      vertex 3.6560671583635447 25.73010453362737 -2.5
      vertex 3.4682715704622327 25.572088465064844 -2.5
    endloop
  endfacet
  facet normal 0 0 -1
    outer loop
      vertex 8.469866560009798 30.405994182483873 -2.5
      vertex 3.847684094193732 25.883464276266064 -2.5
      vertex 3.6560671583635447 25.73010453362737 -2.5
    endloop
  endfacet
  facet normal 0 0 -1
    outer loop
      vertex 8.469866560009798 30.405994182483873 -2.5
      vertex 4.043006955075667 26.03207531480645 -2.5
      vertex 3.847684094193732 25.883464276266064 -2.5
    endloop
  endfacet
  facet normal 0 0 -1
    outer loop
      vertex 8.469866560009798 30.405994182483873 -2.5
      vertex 4.241918085821546 26.175848131515835 -2.5
      vertex 4.043006955075667 26.03207531480645 -2.5
    endloop
  endfacet
  facet normal 0 0 -1
    outer loop
      vertex 8.469866560009798 30.405994182483873 -2.5
      vertex 4.444297669803978 26.314696123025453 -2.5
      vertex 4.241918085821546 26.175848131515835 -2.5
    endloop
  endfacet
  facet normal 0 0 -1
    outer loop
      vertex 8.469866560009798 30.405994182483873 -2.5
      vertex 4.650023801129029 26.44853565249707 -2.5
      vertex 4.444297669803978 26.314696123025453 -2.5
    endloop
  endfacet
  facet normal 0 0 -1
    outer loop
      vertex 8.469866560009798 30.405994182483873 -2.5
      vertex 4.858972558067782 26.57728610000272 -2.5
      vertex 4.650023801129029 26.44853565249707 -2.5
    endloop
  endfacet
  facet normal 0 0 -1
    outer loop
      vertex 8.469866560009798 30.405994182483873 -2.5
      vertex 5.07101807770216 26.700869911087114 -2.5
      vertex 4.858972558067782 26.57728610000272 -2.5
    endloop
  endfacet
  facet normal 0 0 -1
    outer loop
      vertex 2.0700839479544317 27.662630667034215 -2.5
      vertex 2.309605117742165 27.854330345332578 -2.5
      vertex 8.469866560009798 30.405994182483873 -2.5
    endloop
  endfacet
  facet normal 0 0 -1
    outer loop
      vertex 2.309605117742165 27.854330345332578 -2.5
      vertex 2.553758693844583 28.040094143508064 -2.5
      vertex 8.469866560009798 30.405994182483873 -2.5
    endloop
  endfacet
  facet normal 0 0 -1
    outer loop
      vertex 2.553758693844583 28.040094143508064 -2.5
      vertex 2.8023976072769337 28.219810164394797 -2.5
      vertex 8.469866560009798 30.405994182483873 -2.5
    endloop
  endfacet
  facet normal 0 0 -1
    outer loop
      vertex 2.8023976072769337 28.219810164394797 -2.5
      vertex 3.0553720872549732 28.393370153781817 -2.5
      vertex 8.469866560009798 30.405994182483873 -2.5
    endloop
  endfacet
  facet normal 0 0 -1
    outer loop
      vertex 3.0553720872549732 28.393370153781817 -2.5
      vertex 3.3125297514112857 28.56066956562134 -2.5
      vertex 8.469866560009798 30.405994182483873 -2.5
    endloop
  endfacet
  facet normal 0 0 -1
    outer loop
      vertex 3.3125297514112857 28.56066956562134 -2.5
      vertex 3.5737156975847277 28.7216076250034 -2.5
      vertex 8.469866560009798 30.405994182483873 -2.5
    endloop
  endfacet
  facet normal 0 0 -1
    outer loop
      vertex 3.5737156975847277 28.7216076250034 -2.5
      vertex 3.8387725971277 28.876087388858892 -2.5
      vertex 8.469866560009798 30.405994182483873 -2.5
    endloop
  endfacet
  facet normal 0 0 -1
    outer loop
      vertex 3.8387725971277 28.876087388858892 -2.5
      vertex 4.10754078967503 29.024015804354438 -2.5
      vertex 8.469866560009798 30.405994182483873 -2.5
    endloop
  endfacet
  facet normal 0 0 -1
    outer loop
      vertex 4.10754078967503 29.024015804354438 -2.5
      vertex 4.379858379317418 29.165303764943943 -2.5
      vertex 8.469866560009798 30.405994182483873 -2.5
    endloop
  endfacet
  facet normal 0 0 -1
    outer loop
      vertex 4.379858379317418 29.165303764943943 -2.5
      vertex 4.655561332121474 29.299866164043042 -2.5
      vertex 8.469866560009798 30.405994182483873 -2.5
    endloop
  endfacet
  facet normal 0 0 -1
    outer loop
      vertex 4.655561332121474 29.299866164043042 -2.5
      vertex 4.934483574937627 29.42762194629413 -2.5
      vertex 8.469866560009798 30.405994182483873 -2.5
    endloop
  endfacet
  facet normal 0 0 -1
    outer loop
      vertex 4.934483574937627 29.42762194629413 -2.5
      vertex 5.216457095436378 29.548494156391087 -2.5
      vertex 8.469866560009798 30.405994182483873 -2.5
    endloop
  endfacet
  facet normal -0.9191138516900578 0.393992040061048 0
    outer loop
      vertex -1.5484941563910848 22.78354290456362 -2.5
      vertex -1.427621946294133 23.065516425062373 2.5
      vertex -1.427621946294133 23.065516425062373 -2.5
    endloop
  endfacet
  facet normal -0.9091679830905238 0.41642956009763393 0
    outer loop
      vertex -1.427621946294133 23.065516425062373 -2.5
      vertex -1.427621946294133 23.065516425062373 2.5
      vertex -1.299866164043042 23.344438667878528 -2.5
    endloop
  endfacet
  facet normal -0.8986744656939506 0.4386162385385342 0
    outer loop
      vertex -1.299866164043042 23.344438667878528 -2.5
      vertex -1.299866164043042 23.344438667878528 2.5
      vertex -1.1653037649439408 23.62014162068258 -2.5
    endloop
  endfacet
  facet normal -0.8876396204028565 0.460538710958235 0
    outer loop
      vertex -1.1653037649439408 23.62014162068258 -2.5
      vertex -1.0240158043544376 23.892459210324972 2.5
      vertex -1.0240158043544376 23.892459210324972 -2.5
    endloop
  endfacet
  facet normal -0.8760700941954062 0.48218377207912383 0
    outer loop
      vertex -1.0240158043544376 23.892459210324972 -2.5
      vertex -1.0240158043544376 23.892459210324972 2.5
      vertex -0.8760873888588936 24.1612274028723 -2.5
    endloop
  endfacet
  facet normal -0.8639728561215868 0.5035383837257175 0
    outer loop
      vertex -0.8760873888588936 24.1612274028723 -2.5
      vertex -0.7216076250034007 24.426284302415272 2.5
      vertex -0.7216076250034007 24.426284302415272 -2.5
    endloop
  endfacet
  facet normal -0.851355193105264 0.5245896826784707 0
    outer loop
      vertex -0.7216076250034007 24.426284302415272 -2.5
      vertex -0.7216076250034007 24.426284302415272 2.5
      vertex -0.560669565621339 24.687470248588713 -2.5
    endloop
  endfacet
  facet normal -0.8382247055548371 0.5453249884220481 0
    outer loop
      vertex -0.560669565621339 24.687470248588713 -2.5
      vertex -0.560669565621339 24.687470248588713 2.5
      vertex -0.39337015378181484 24.944627912745027 -2.5
    endloop
  endfacet
  facet normal -0.8245893027850288 0.5657318107836079 0
    outer loop
      vertex -0.39337015378181484 24.944627912745027 -2.5
      vertex -0.21981016439479717 25.197602392723066 2.5
      vertex -0.21981016439479717 25.197602392723066 -2.5
    endloop
  endfacet
  facet normal -0.8104571982525959 0.5857978574564374 0
    outer loop
      vertex -0.21981016439479717 25.197602392723066 -2.5
      vertex -0.21981016439479717 25.197602392723066 2.5
      vertex -0.040094143508062174 25.446241306155418 -2.5
    endloop
  endfacet
  facet normal -0.7958369046088812 0.6055110414043287 0
    outer loop
      vertex -0.040094143508062174 25.446241306155418 -2.5
      vertex 0.14566965466742055 25.690394882257834 2.5
      vertex 0.14566965466742055 25.690394882257834 -2.5
    endloop
  endfacet
  facet normal -0.7807372285720972 0.624859488142383 0
    outer loop
      vertex 0.14566965466742055 25.690394882257834 -2.5
      vertex 0.14566965466742055 25.690394882257834 2.5
      vertex 0.3373693329657872 25.92991605204557 -2.5
    endloop
  endfacet
  facet normal -0.7651672656224563 0.6438315428897947 0
    outer loop
      vertex 0.3373693329657872 25.92991605204557 -2.5
      vertex 0.3373693329657872 25.92991605204557 2.5
      vertex 0.5348894186689428 26.16466053692221 -2.5
    endloop
  endfacet
  facet normal -0.7491363945234584 0.662415777590173 0
    outer loop
      vertex 0.5348894186689428 26.16466053692221 -2.5
      vertex 0.7381109330630107 26.39448693558773 2.5
      vertex 0.7381109330630107 26.39448693558773 -2.5
    endloop
  endfacet
  facet normal -0.7326542716724097 0.6806009977954564 0
    outer loop
      vertex 0.7381109330630107 26.39448693558773 -2.5
      vertex 0.7381109330630107 26.39448693558773 2.5
      vertex 0.9469114631066624 26.619256809213333 -2.5
    endloop
  endfacet
  facet normal -0.7157308252838238 0.6983762494089675 0
    outer loop
      vertex 0.9469114631066624 26.619256809213333 -2.5
      vertex 1.1611652351681556 26.838834764831844 2.5
      vertex 1.1611652351681556 26.838834764831844 -2.5
    endloop
  endfacet
  facet normal -0.6983762494089704 0.715730825283821 0
    outer loop
      vertex 1.1611652351681556 26.838834764831844 -2.5
      vertex 1.1611652351681556 26.838834764831844 2.5
      vertex 1.3807431907866654 27.053088536893338 -2.5
    endloop
  endfacet
  facet normal -0.6806009977954532 0.7326542716724127 0
    outer loop
      vertex 1.3807431907866654 27.053088536893338 -2.5
      vertex 1.6055130644122695 27.261889066936988 2.5
      vertex 1.6055130644122695 27.261889066936988 -2.5
    endloop
  endfacet
  facet normal -0.6624157775901733 0.7491363945234579 0
    outer loop
      vertex 1.6055130644122695 27.261889066936988 -2.5
      vertex 1.6055130644122695 27.261889066936988 2.5
      vertex 1.8353394630777906 27.465110581331057 -2.5
    endloop
  endfacet
  facet normal -0.6438315428897952 0.7651672656224557 0
    outer loop
      vertex 1.8353394630777906 27.465110581331057 -2.5
      vertex 2.0700839479544317 27.662630667034215 2.5
      vertex 2.0700839479544317 27.662630667034215 -2.5
    endloop
  endfacet
  facet normal -0.6248594881423802 0.7807372285720995 0
    outer loop
      vertex 2.0700839479544317 27.662630667034215 -2.5
      vertex 2.309605117742165 27.854330345332578 2.5
      vertex 2.309605117742165 27.854330345332578 -2.5
    endloop
  endfacet
  facet normal -0.6055110414043332 0.7958369046088777 0
    outer loop
      vertex 2.309605117742165 27.854330345332578 -2.5
      vertex 2.553758693844583 28.040094143508064 2.5
      vertex 2.553758693844583 28.040094143508064 -2.5
    endloop
  endfacet
  facet normal -0.585797857456435 0.8104571982525975 0
    outer loop
      vertex 2.553758693844583 28.040094143508064 -2.5
      vertex 2.8023976072769337 28.219810164394797 2.5
      vertex 2.8023976072769337 28.219810164394797 -2.5
    endloop
  endfacet
  facet normal -0.5657318107836119 0.8245893027850262 0
    outer loop
      vertex 2.8023976072769337 28.219810164394797 -2.5
      vertex 2.8023976072769337 28.219810164394797 2.5
      vertex 3.0553720872549732 28.393370153781817 -2.5
    endloop
  endfacet
  facet normal -0.5453249884220454 0.8382247055548387 0
    outer loop
      vertex 3.0553720872549732 28.393370153781817 -2.5
      vertex 3.3125297514112857 28.56066956562134 2.5
      vertex 3.3125297514112857 28.56066956562134 -2.5
    endloop
  endfacet
  facet normal -0.5245896826784694 0.8513551931052649 0
    outer loop
      vertex 3.3125297514112857 28.56066956562134 -2.5
      vertex 3.3125297514112857 28.56066956562134 2.5
      vertex 3.5737156975847277 28.7216076250034 -2.5
    endloop
  endfacet
  facet normal -0.5035383837257145 0.8639728561215886 0
    outer loop
      vertex 3.5737156975847277 28.7216076250034 -2.5
      vertex 3.8387725971277 28.876087388858892 2.5
      vertex 3.8387725971277 28.876087388858892 -2.5
    endloop
  endfacet
  facet normal -0.48218377207912455 0.8760700941954056 0
    outer loop
      vertex 3.8387725971277 28.876087388858892 -2.5
      vertex 4.10754078967503 29.024015804354438 2.5
      vertex 4.10754078967503 29.024015804354438 -2.5
    endloop
  endfacet
  facet normal -0.4605387109582431 0.8876396204028524 0
    outer loop
      vertex 4.10754078967503 29.024015804354438 -2.5
      vertex 4.10754078967503 29.024015804354438 2.5
      vertex 4.379858379317418 29.165303764943943 -2.5
    endloop
  endfacet
  facet normal -0.4386162385385261 0.8986744656939546 0
    outer loop
      vertex 4.379858379317418 29.165303764943943 -2.5
      vertex 4.655561332121474 29.299866164043042 2.5
      vertex 4.655561332121474 29.299866164043042 -2.5
    endloop
  endfacet
  facet normal -0.4164295600976314 0.909167983090525 0
    outer loop
      vertex 4.655561332121474 29.299866164043042 -2.5
      vertex 4.934483574937627 29.42762194629413 2.5
      vertex 4.934483574937627 29.42762194629413 -2.5
    endloop
  endfacet
  facet normal -0.39399204006105887 0.9191138516900532 0
    outer loop
      vertex 4.934483574937627 29.42762194629413 -2.5
      vertex 4.934483574937627 29.42762194629413 2.5
      vertex 5.216457095436378 29.548494156391087 -2.5
    endloop
  endfacet
  facet normal -0.371317193951836 0.9285060804732161 0
    outer loop
      vertex 5.216457095436378 29.548494156391087 -2.5
      vertex 5.501312043312648 29.662409985434238 2.5
      vertex 5.501312043312648 29.662409985434238 -2.5
    endloop
  endfacet
  facet normal -0.34841868024943723 0.9373390119125738 0
    outer loop
      vertex 5.501312043312648 29.662409985434238 -2.5
      vertex 5.501312043312648 29.662409985434238 2.5
      vertex 5.788876832597249 29.769300814787762 -2.5
    endloop
  endfacet
  facet normal -0.32531029216225676 0.9456073253805234 0
    outer loop
      vertex 5.788876832597249 29.769300814787762 -2.5
      vertex 6.078978245013856 29.86910225741296 2.5
      vertex 6.078978245013856 29.86910225741296 -2.5
    endloop
  endfacet
  facet normal -0.9266516065988181 0.37592126833664163 0
    outer loop
      vertex -1.5484941563910848 22.78354290456362 -2.5
      vertex -8.984014672519804 4.454872482013979 2.5
      vertex -1.5484941563910848 22.78354290456362 2.5
    endloop
  endfacet
  facet normal 0 0 1
    outer loop
      vertex -8.984014672519804 4.454872482013979 2.5
      vertex 0.1921471959676957 16.049096779838717 2.5
      vertex 0.14722357611058712 16.290381112396986 2.5
    endloop
  endfacet
  facet normal 0 0 1
    outer loop
      vertex -8.984014672519804 4.454872482013979 2.5
      vertex 0.14722357611058712 16.290381112396986 2.5
      vertex 0.10823490035219052 16.532695255446384 2.5
    endloop
  endfacet
  facet normal 0 0 1
    outer loop
      vertex -8.984014672519804 4.454872482013979 2.5
      vertex 0.10823490035219052 16.532695255446384 2.5
      vertex 0.07520465401290011 16.775893248007836 2.5
    endloop
  endfacet
  facet normal 0 0 1
    outer loop
      vertex -8.984014672519804 4.454872482013979 2.5
      vertex 0.07520465401290011 16.775893248007836 2.5
      vertex 0.04815273327803027 17.019828596704393 2.5
    endloop
  endfacet
  facet normal 0 0 1
    outer loop
      vertex -8.984014672519804 4.454872482013979 2.5
      vertex 0.5845593481697922 14.6311014660778 2.5
      vertex 0.5047181940696337 14.863182596011086 2.5
    endloop
  endfacet
  facet normal 0 0 1
    outer loop
      vertex -8.984014672519804 4.454872482013979 2.5
      vertex 0.5047181940696337 14.863182596011086 2.5
      vertex 0.4305966426779122 15.097153227455376 2.5
    endloop
  endfacet
  facet normal 0 0 1
    outer loop
      vertex -8.984014672519804 4.454872482013979 2.5
      vertex 0.3622393420456014 15.332872425251015 2.5
      vertex 0.2996874680545609 15.570198200967361 2.5
    endloop
  endfacet
  facet normal 0 0 1
    outer loop
      vertex -8.984014672519804 4.454872482013979 2.5
      vertex 0.4305966426779122 15.097153227455376 2.5
      vertex 0.3622393420456014 15.332872425251015 2.5
    endloop
  endfacet
  facet normal 0 0 1
    outer loop
      vertex -8.984014672519804 4.454872482013979 2.5
      vertex 0.2996874680545609 15.570198200967361 2.5
      vertex 0.24297869961471363 15.808987598431301 2.5
    endloop
  endfacet
  facet normal 0 0 1
    outer loop
      vertex -8.984014672519804 4.454872482013979 2.5
      vertex 0.24297869961471363 15.808987598431301 2.5
      vertex 0.1921471959676957 16.049096779838717 2.5
    endloop
  endfacet
  facet normal 0 0 1
    outer loop
      vertex -8.984014672519804 4.454872482013979 2.5
      vertex 0.04815273327803027 17.019828596704393 2.5
      vertex 0.027095433213098374 17.264354364003324 2.5
    endloop
  endfacet
  facet normal 0 0 1
    outer loop
      vertex -8.984014672519804 4.454872482013979 2.5
      vertex 0.027095433213098374 17.264354364003324 2.5
      vertex 0.012045437948275506 17.50932325672582 2.5
    endloop
  endfacet
  facet normal 0 0 1
    outer loop
      vertex -8.984014672519804 4.454872482013979 2.5
      vertex 0.012045437948275506 17.50932325672582 2.5
      vertex 0.0030118130379577224 17.754587714770878 2.5
    endloop
  endfacet
  facet normal 0 0 1
    outer loop
      vertex -8.984014672519804 4.454872482013979 2.5
      vertex 0.0030118130379577224 17.754587714770878 2.5
      vertex 0 18 2.5
    endloop
  endfacet
  facet normal 0 0 1
    outer loop
      vertex -8.984014672519804 4.454872482013979 2.5
      vertex 0 18 2.5
      vertex 0.0030118130379577224 18.245412285229122 2.5
    endloop
  endfacet
  facet normal 0 0 1
    outer loop
      vertex -8.984014672519804 4.454872482013979 2.5
      vertex 0.0030118130379577224 18.245412285229122 2.5
      vertex 0.012045437948275506 18.49067674327418 2.5
    endloop
  endfacet
  facet normal 0 0 1
    outer loop
      vertex -8.984014672519804 4.454872482013979 2.5
      vertex 0.012045437948275506 18.49067674327418 2.5
      vertex 0.027095433213098374 18.735645635996676 2.5
    endloop
  endfacet
  facet normal 0 0 1
    outer loop
      vertex -8.984014672519804 4.454872482013979 2.5
      vertex 0.027095433213098374 18.735645635996676 2.5
      vertex 0.04815273327803027 18.980171403295607 2.5
    endloop
  endfacet
  facet normal 0 0 1
    outer loop
      vertex -8.984014672519804 4.454872482013979 2.5
      vertex 0.04815273327803027 18.980171403295607 2.5
      vertex 0.07520465401290011 19.224106751992164 2.5
    endloop
  endfacet
  facet normal 0 0 1
    outer loop
      vertex -8.984014672519804 4.454872482013979 2.5
      vertex 0.07520465401290011 19.224106751992164 2.5
      vertex 0.10823490035219052 19.467304744553616 2.5
    endloop
  endfacet
  facet normal 0 0 1
    outer loop
      vertex -8.984014672519804 4.454872482013979 2.5
      vertex 0.10823490035219052 19.467304744553616 2.5
      vertex 0.14722357611058712 19.709618887603014 2.5
    endloop
  endfacet
  facet normal 0 0 1
    outer loop
      vertex -8.984014672519804 4.454872482013979 2.5
      vertex 0.14722357611058712 19.709618887603014 2.5
      vertex 0.1921471959676957 19.950903220161283 2.5
    endloop
  endfacet
  facet normal 0 0 1
    outer loop
      vertex -8.984014672519804 4.454872482013979 2.5
      vertex 0.1921471959676957 19.950903220161283 2.5
      vertex 0.24297869961471363 20.1910124015687 2.5
    endloop
  endfacet
  facet normal 0 0 1
    outer loop
      vertex -8.984014672519804 4.454872482013979 2.5
      vertex 0.24297869961471363 20.1910124015687 2.5
      vertex 0.2996874680545609 20.42980179903264 2.5
    endloop
  endfacet
  facet normal 0 0 1
    outer loop
      vertex -8.984014672519804 4.454872482013979 2.5
      vertex 0.2996874680545609 20.42980179903264 2.5
      vertex 0.3622393420456014 20.667127574748985 2.5
    endloop
  endfacet
  facet normal 0 0 1
    outer loop
      vertex -1.5484941563910848 22.78354290456362 2.5
      vertex -8.984014672519804 4.454872482013979 2.5
      vertex -1.427621946294133 23.065516425062373 2.5
    endloop
  endfacet
  facet normal 0 0 1
    outer loop
      vertex -1.427621946294133 23.065516425062373 2.5
      vertex -8.984014672519804 4.454872482013979 2.5
      vertex -1.299866164043042 23.344438667878528 2.5
    endloop
  endfacet
  facet normal 0 0 1
    outer loop
      vertex -1.299866164043042 23.344438667878528 2.5
      vertex -8.984014672519804 4.454872482013979 2.5
      vertex -1.1653037649439408 23.62014162068258 2.5
    endloop
  endfacet
  facet normal 0 0 1
    outer loop
      vertex -1.1653037649439408 23.62014162068258 2.5
      vertex -8.984014672519804 4.454872482013979 2.5
      vertex -1.0240158043544376 23.892459210324972 2.5
    endloop
  endfacet
  facet normal 0 0 1
    outer loop
      vertex -1.0240158043544376 23.892459210324972 2.5
      vertex -8.984014672519804 4.454872482013979 2.5
      vertex -0.8760873888588936 24.1612274028723 2.5
    endloop
  endfacet
  facet normal 0 0 1
    outer loop
      vertex -0.8760873888588936 24.1612274028723 2.5
      vertex -8.984014672519804 4.454872482013979 2.5
      vertex -0.7216076250034007 24.426284302415272 2.5
    endloop
  endfacet
  facet normal 0 0 1
    outer loop
      vertex -8.984014672519804 4.454872482013979 2.5
      vertex 0.3622393420456014 20.667127574748985 2.5
      vertex 0.4305966426779122 20.902846772544624 2.5
    endloop
  endfacet
  facet normal 0 0 1
    outer loop
      vertex -8.984014672519804 4.454872482013979 2.5
      vertex 0.4305966426779122 20.902846772544624 2.5
      vertex 0.5047181940696337 21.136817403988914 2.5
    endloop
  endfacet
  facet normal 0 0 1
    outer loop
      vertex -8.984014672519804 4.454872482013979 2.5
      vertex 0.5047181940696337 21.136817403988914 2.5
      vertex 0.5845593481697922 21.3688985339222 2.5
    endloop
  endfacet
  facet normal 0 0 1
    outer loop
      vertex -8.984014672519804 4.454872482013979 2.5
      vertex 0.5845593481697922 21.3688985339222 2.5
      vertex 0.6700720116526107 21.598950365349882 2.5
    endloop
  endfacet
  facet normal 0 0 1
    outer loop
      vertex -8.984014672519804 4.454872482013979 2.5
      vertex 0.6700720116526107 21.598950365349882 2.5
      vertex 0.7612046748871322 21.8268343236509 2.5
    endloop
  endfacet
  facet normal 0 0 1
    outer loop
      vertex -8.984014672519804 4.454872482013979 2.5
      vertex 0.7612046748871322 21.8268343236509 2.5
      vertex 0.8579024429646935 22.0524131400499 2.5
    endloop
  endfacet
  facet normal 0 0 1
    outer loop
      vertex -8.984014672519804 4.454872482013979 2.5
      vertex 0.8579024429646935 22.0524131400499 2.5
      vertex 0.9601070687655664 22.27555093430282 2.5
    endloop
  endfacet
  facet normal 0 0 1
    outer loop
      vertex -0.7216076250034007 24.426284302415272 2.5
      vertex -8.984014672519804 4.454872482013979 2.5
      vertex -0.560669565621339 24.687470248588713 2.5
    endloop
  endfacet
  facet normal 0 0 1
    outer loop
      vertex -0.560669565621339 24.687470248588713 2.5
      vertex -8.984014672519804 4.454872482013979 2.5
      vertex -0.39337015378181484 24.944627912745027 2.5
    endloop
  endfacet
  facet normal 0 0 1
    outer loop
      vertex -0.39337015378181484 24.944627912745027 2.5
      vertex -8.984014672519804 4.454872482013979 2.5
      vertex -0.21981016439479717 25.197602392723066 2.5
    endloop
  endfacet
  facet normal 0 0 1
    outer loop
      vertex -0.21981016439479717 25.197602392723066 2.5
      vertex -8.984014672519804 4.454872482013979 2.5
      vertex -0.040094143508062174 25.446241306155418 2.5
    endloop
  endfacet
  facet normal 0 0 1
    outer loop
      vertex -0.040094143508062174 25.446241306155418 2.5
      vertex -8.984014672519804 4.454872482013979 2.5
      vertex 0.14566965466742055 25.690394882257834 2.5
    endloop
  endfacet
  facet normal 0 0 1
    outer loop
      vertex 0.14566965466742055 25.690394882257834 2.5
      vertex -8.984014672519804 4.454872482013979 2.5
      vertex 0.3373693329657872 25.92991605204557 2.5
    endloop
  endfacet
  facet normal 0 0 1
    outer loop
      vertex 0.3373693329657872 25.92991605204557 2.5
      vertex -8.984014672519804 4.454872482013979 2.5
      vertex 0.5348894186689428 26.16466053692221 2.5
    endloop
  endfacet
  facet normal 0 0 1
    outer loop
      vertex 0.5348894186689428 26.16466053692221 2.5
      vertex -8.984014672519804 4.454872482013979 2.5
      vertex 0.7381109330630107 26.39448693558773 2.5
    endloop
  endfacet
  facet normal 0 0 1
    outer loop
      vertex 0.7381109330630107 26.39448693558773 2.5
      vertex -8.984014672519804 4.454872482013979 2.5
      vertex 0.9469114631066624 26.619256809213333 2.5
    endloop
  endfacet
  facet normal 0 0 1
    outer loop
      vertex 0.9469114631066624 26.619256809213333 2.5
      vertex -8.984014672519804 4.454872482013979 2.5
      vertex 1.1611652351681556 26.838834764831844 2.5
    endloop
  endfacet
  facet normal 0 0 1
    outer loop
      vertex 1.1611652351681556 26.838834764831844 2.5
      vertex -8.984014672519804 4.454872482013979 2.5
      vertex 1.3807431907866654 27.053088536893338 2.5
    endloop
  endfacet
  facet normal 0 0 1
    outer loop
      vertex 1.3807431907866654 27.053088536893338 2.5
      vertex -8.984014672519804 4.454872482013979 2.5
      vertex 1.6055130644122695 27.261889066936988 2.5
    endloop
  endfacet
  facet normal 0 0 1
    outer loop
      vertex -5.431853122136003 5.171554085528001 2.5
      vertex 0.6700720116526107 14.401049634650118 2.5
      vertex 0.5845593481697922 14.6311014660778 2.5
    endloop
  endfacet
  facet normal 0 0 1
    outer loop
      vertex 0.6700720116526107 14.401049634650118 2.5
      vertex -5.171554085528001 5.431853122136003 2.5
      vertex 0.7612046748871322 14.173165676349102 2.5
    endloop
  endfacet
  facet normal 0 0 1
    outer loop
      vertex 0.8579024429646935 13.947586859950102 2.5
      vertex -4.614236929354701 5.912598207199547 2.5
      vertex 0.9601070687655664 13.72444906569718 2.5
    endloop
  endfacet
  facet normal 0 0 1
    outer loop
      vertex -4.7579496312273415 5.7975784002205275 2.5
      vertex 0.8579024429646935 13.947586859950102 2.5
      vertex 0.7612046748871322 14.173165676349102 2.5
    endloop
  endfacet
  facet normal 0 0 1
    outer loop
      vertex -4.166776747647017 6.236022092269089 2.5
      vertex 1.067756988044847 13.503886703453933 2.5
      vertex 0.9601070687655664 13.72444906569718 2.5
    endloop
  endfacet
  facet normal 0 0 1
    outer loop
      vertex 1.067756988044847 13.503886703453933 2.5
      vertex -3.855770581449163 6.43296457500204 2.5
      vertex 1.1807873565164488 13.286032631740024 2.5
    endloop
  endfacet
  facet normal 0 0 1
    outer loop
      vertex -3.69673644172338 6.525652433315336 2.5
      vertex 1.2991300889128858 13.07101807770216 2.5
      vertex 1.1807873565164488 13.286032631740024 2.5
    endloop
  endfacet
  facet normal 0 0 1
    outer loop
      vertex 1.2991300889128858 13.07101807770216 2.5
      vertex -3.3720849724095494 6.699182258966365 2.5
      vertex 1.4227138999972802 12.858972558067782 2.5
    endloop
  endfacet
  facet normal 0 0 1
    outer loop
      vertex -3.039309855037424 6.85657316777648 2.5
      vertex 1.5514643475029288 12.650023801129029 2.5
      vertex 1.4227138999972802 12.858972558067782 2.5
    endloop
  endfacet
  facet normal 0 0 1
    outer loop
      vertex -2.8701257427381734 6.929096493834651 2.5
      vertex 1.6853038769745474 12.444297669803978 2.5
      vertex 1.5514643475029288 12.650023801129029 2.5
    endloop
  endfacet
  facet normal 0 0 1
    outer loop
      vertex 1.6853038769745474 12.444297669803978 2.5
      vertex -2.5266739004416503 7.061580488872656 2.5
      vertex 1.8241518684841633 12.241918085821546 2.5
    endloop
  endfacet
  facet normal 0 0 1
    outer loop
      vertex -2.1771350794084676 7.177052517991566 2.5
      vertex 1.96792468519355 12.043006955075667 2.5
      vertex 1.8241518684841633 12.241918085821546 2.5
    endloop
  endfacet
  facet normal 0 0 1
    outer loop
      vertex 1.96792468519355 12.043006955075667 2.5
      vertex -1.822351349274479 7.27523439895908 2.5
      vertex 2.1165357237339366 11.847684094193731 2.5
    endloop
  endfacet
  facet normal 0 0 1
    outer loop
      vertex 2.1165357237339366 11.847684094193731 2.5
      vertex -1.6432593011765235 7.317765975288964 2.5
      vertex 2.2698954663726303 11.656067158363545 2.5
    endloop
  endfacet
  facet normal 0 0 1
    outer loop
      vertex 3.8387725971277 28.876087388858892 2.5
      vertex -8.984014672519804 4.454872482013979 2.5
      vertex 0.9601070687655664 22.27555093430282 2.5
    endloop
  endfacet
  facet normal 0 0 1
    outer loop
      vertex 1.6055130644122695 27.261889066936988 2.5
      vertex -8.984014672519804 4.454872482013979 2.5
      vertex 1.8353394630777906 27.465110581331057 2.5
    endloop
  endfacet
  facet normal 0 0 1
    outer loop
      vertex 1.8353394630777906 27.465110581331057 2.5
      vertex -8.984014672519804 4.454872482013979 2.5
      vertex 2.0700839479544317 27.662630667034215 2.5
    endloop
  endfacet
  facet normal 0 0 1
    outer loop
      vertex 2.0700839479544317 27.662630667034215 2.5
      vertex -8.984014672519804 4.454872482013979 2.5
      vertex 2.309605117742165 27.854330345332578 2.5
    endloop
  endfacet
  facet normal 0 0 1
    outer loop
      vertex 2.309605117742165 27.854330345332578 2.5
      vertex -8.984014672519804 4.454872482013979 2.5
      vertex 2.553758693844583 28.040094143508064 2.5
    endloop
  endfacet
  facet normal 0 0 1
    outer loop
      vertex 2.553758693844583 28.040094143508064 2.5
      vertex -8.984014672519804 4.454872482013979 2.5
      vertex 2.8023976072769337 28.219810164394797 2.5
    endloop
  endfacet
  facet normal 0 0 1
    outer loop
      vertex 2.8023976072769337 28.219810164394797 2.5
      vertex -8.984014672519804 4.454872482013979 2.5
      vertex 3.0553720872549732 28.393370153781817 2.5
    endloop
  endfacet
  facet normal -0.9191138516900578 0.393992040061048 0
    outer loop
      vertex -1.5484941563910848 22.78354290456362 -2.5
      vertex -1.5484941563910848 22.78354290456362 2.5
      vertex -1.427621946294133 23.065516425062373 2.5
    endloop
  endfacet
  facet normal -0.9091679830905238 0.41642956009763393 0
    outer loop
      vertex -1.299866164043042 23.344438667878528 -2.5
      vertex -1.427621946294133 23.065516425062373 2.5
      vertex -1.299866164043042 23.344438667878528 2.5
    endloop
  endfacet
  facet normal -0.8986744656939506 0.4386162385385342 0
    outer loop
      vertex -1.1653037649439408 23.62014162068258 -2.5
      vertex -1.299866164043042 23.344438667878528 2.5
      vertex -1.1653037649439408 23.62014162068258 2.5
    endloop
  endfacet
  facet normal -0.8876396204028565 0.460538710958235 0
    outer loop
      vertex -1.1653037649439408 23.62014162068258 -2.5
      vertex -1.1653037649439408 23.62014162068258 2.5
      vertex -1.0240158043544376 23.892459210324972 2.5
    endloop
  endfacet
  facet normal -0.8760700941954062 0.48218377207912383 0
    outer loop
      vertex -0.8760873888588936 24.1612274028723 -2.5
      vertex -1.0240158043544376 23.892459210324972 2.5
      vertex -0.8760873888588936 24.1612274028723 2.5
    endloop
  endfacet
  facet normal -0.8639728561215868 0.5035383837257175 0
    outer loop
      vertex -0.8760873888588936 24.1612274028723 -2.5
      vertex -0.8760873888588936 24.1612274028723 2.5
      vertex -0.7216076250034007 24.426284302415272 2.5
    endloop
  endfacet
  facet normal -0.851355193105264 0.5245896826784707 0
    outer loop
      vertex -0.560669565621339 24.687470248588713 -2.5
      vertex -0.7216076250034007 24.426284302415272 2.5
      vertex -0.560669565621339 24.687470248588713 2.5
    endloop
  endfacet
  facet normal -0.8382247055548371 0.5453249884220481 0
    outer loop
      vertex -0.39337015378181484 24.944627912745027 -2.5
      vertex -0.560669565621339 24.687470248588713 2.5
      vertex -0.39337015378181484 24.944627912745027 2.5
    endloop
  endfacet
  facet normal -0.8245893027850288 0.5657318107836079 0
    outer loop
      vertex -0.39337015378181484 24.944627912745027 -2.5
      vertex -0.39337015378181484 24.944627912745027 2.5
      vertex -0.21981016439479717 25.197602392723066 2.5
    endloop
  endfacet
  facet normal -0.8104571982525959 0.5857978574564374 0
    outer loop
      vertex -0.040094143508062174 25.446241306155418 -2.5
      vertex -0.21981016439479717 25.197602392723066 2.5
      vertex -0.040094143508062174 25.446241306155418 2.5
    endloop
  endfacet
  facet normal -0.7958369046088812 0.6055110414043287 0
    outer loop
      vertex -0.040094143508062174 25.446241306155418 -2.5
      vertex -0.040094143508062174 25.446241306155418 2.5
      vertex 0.14566965466742055 25.690394882257834 2.5
    endloop
  endfacet
  facet normal -0.7807372285720972 0.624859488142383 0
    outer loop
      vertex 0.3373693329657872 25.92991605204557 -2.5
      vertex 0.14566965466742055 25.690394882257834 2.5
      vertex 0.3373693329657872 25.92991605204557 2.5
    endloop
  endfacet
  facet normal -0.7651672656224563 0.6438315428897947 0
    outer loop
      vertex 0.5348894186689428 26.16466053692221 -2.5
      vertex 0.3373693329657872 25.92991605204557 2.5
      vertex 0.5348894186689428 26.16466053692221 2.5
    endloop
  endfacet
  facet normal -0.7491363945234584 0.662415777590173 0
    outer loop
      vertex 0.5348894186689428 26.16466053692221 -2.5
      vertex 0.5348894186689428 26.16466053692221 2.5
      vertex 0.7381109330630107 26.39448693558773 2.5
    endloop
  endfacet
  facet normal -0.7326542716724097 0.6806009977954564 0
    outer loop
      vertex 0.9469114631066624 26.619256809213333 -2.5
      vertex 0.7381109330630107 26.39448693558773 2.5
      vertex 0.9469114631066624 26.619256809213333 2.5
    endloop
  endfacet
  facet normal -0.7157308252838238 0.6983762494089675 0
    outer loop
      vertex 0.9469114631066624 26.619256809213333 -2.5
      vertex 0.9469114631066624 26.619256809213333 2.5
      vertex 1.1611652351681556 26.838834764831844 2.5
    endloop
  endfacet
  facet normal -0.6983762494089704 0.715730825283821 0
    outer loop
      vertex 1.3807431907866654 27.053088536893338 -2.5
      vertex 1.1611652351681556 26.838834764831844 2.5
      vertex 1.3807431907866654 27.053088536893338 2.5
    endloop
  endfacet
  facet normal -0.6806009977954532 0.7326542716724127 0
    outer loop
      vertex 1.3807431907866654 27.053088536893338 -2.5
      vertex 1.3807431907866654 27.053088536893338 2.5
      vertex 1.6055130644122695 27.261889066936988 2.5
    endloop
  endfacet
  facet normal -0.6624157775901733 0.7491363945234579 0
    outer loop
      vertex 1.8353394630777906 27.465110581331057 -2.5
      vertex 1.6055130644122695 27.261889066936988 2.5
      vertex 1.8353394630777906 27.465110581331057 2.5
    endloop
  endfacet
  facet normal -0.6438315428897952 0.7651672656224557 0
    outer loop
      vertex 1.8353394630777906 27.465110581331057 -2.5
      vertex 1.8353394630777906 27.465110581331057 2.5
      vertex 2.0700839479544317 27.662630667034215 2.5
    endloop
  endfacet
  facet normal -0.6248594881423802 0.7807372285720995 0
    outer loop
      vertex 2.0700839479544317 27.662630667034215 -2.5
      vertex 2.0700839479544317 27.662630667034215 2.5
      vertex 2.309605117742165 27.854330345332578 2.5
    endloop
  endfacet
  facet normal -0.6055110414043332 0.7958369046088777 0
    outer loop
      vertex 2.309605117742165 27.854330345332578 -2.5
      vertex 2.309605117742165 27.854330345332578 2.5
      vertex 2.553758693844583 28.040094143508064 2.5
    endloop
  endfacet
  facet normal -0.585797857456435 0.8104571982525975 0
    outer loop
      vertex 2.553758693844583 28.040094143508064 -2.5
      vertex 2.553758693844583 28.040094143508064 2.5
      vertex 2.8023976072769337 28.219810164394797 2.5
    endloop
  endfacet
  facet normal -0.5657318107836119 0.8245893027850262 0
    outer loop
      vertex 3.0553720872549732 28.393370153781817 -2.5
      vertex 2.8023976072769337 28.219810164394797 2.5
      vertex 3.0553720872549732 28.393370153781817 2.5
    endloop
  endfacet
  facet normal -0.5453249884220454 0.8382247055548387 0
    outer loop
      vertex 3.0553720872549732 28.393370153781817 -2.5
      vertex 3.0553720872549732 28.393370153781817 2.5
      vertex 3.3125297514112857 28.56066956562134 2.5
    endloop
  endfacet
  facet normal -0.5245896826784694 0.8513551931052649 0
    outer loop
      vertex 3.5737156975847277 28.7216076250034 -2.5
      vertex 3.3125297514112857 28.56066956562134 2.5
      vertex 3.5737156975847277 28.7216076250034 2.5
    endloop
  endfacet
  facet normal -0.5035383837257145 0.8639728561215886 0
    outer loop
      vertex 3.5737156975847277 28.7216076250034 -2.5
      vertex 3.5737156975847277 28.7216076250034 2.5
      vertex 3.8387725971277 28.876087388858892 2.5
    endloop
  endfacet
  facet normal -0.48218377207912455 0.8760700941954056 0
    outer loop
      vertex 3.8387725971277 28.876087388858892 -2.5
      vertex 3.8387725971277 28.876087388858892 2.5
      vertex 4.10754078967503 29.024015804354438 2.5
    endloop
  endfacet
  facet normal -0.4605387109582431 0.8876396204028524 0
    outer loop
      vertex 4.379858379317418 29.165303764943943 -2.5
      vertex 4.10754078967503 29.024015804354438 2.5
      vertex 4.379858379317418 29.165303764943943 2.5
    endloop
  endfacet
  facet normal -0.4386162385385261 0.8986744656939546 0
    outer loop
      vertex 4.379858379317418 29.165303764943943 -2.5
      vertex 4.379858379317418 29.165303764943943 2.5
      vertex 4.655561332121474 29.299866164043042 2.5
    endloop
  endfacet
  facet normal -0.4164295600976314 0.909167983090525 0
    outer loop
      vertex 4.655561332121474 29.299866164043042 -2.5
      vertex 4.655561332121474 29.299866164043042 2.5
      vertex 4.934483574937627 29.42762194629413 2.5
    endloop
  endfacet
  facet normal -0.39399204006105887 0.9191138516900532 0
    outer loop
      vertex 5.216457095436378 29.548494156391087 -2.5
      vertex 4.934483574937627 29.42762194629413 2.5
      vertex 5.216457095436378 29.548494156391087 2.5
    endloop
  endfacet
  facet normal -0.371317193951836 0.9285060804732161 0
    outer loop
      vertex 5.216457095436378 29.548494156391087 -2.5
      vertex 5.216457095436378 29.548494156391087 2.5
      vertex 5.501312043312648 29.662409985434238 2.5
    endloop
  endfacet
  facet normal -0.34841868024943723 0.9373390119125738 0
    outer loop
      vertex 5.788876832597249 29.769300814787762 -2.5
      vertex 5.501312043312648 29.662409985434238 2.5
      vertex 5.788876832597249 29.769300814787762 2.5
    endloop
  endfacet
  facet normal -0.32531029216225676 0.9456073253805234 0
    outer loop
      vertex 5.788876832597249 29.769300814787762 -2.5
      vertex 5.788876832597249 29.769300814787762 2.5
      vertex 6.078978245013856 29.86910225741296 2.5
    endloop
  endfacet
  facet normal -0.30200594931922375 0.9533060403541951 0
    outer loop
      vertex 6.078978245013856 29.86910225741296 -2.5
      vertex 6.078978245013856 29.86910225741296 2.5
      vertex 6.371441534319221 29.96175419665261 2.5
    endloop
  endfacet
  facet normal 0 0 1
    outer loop
      vertex 3.0553720872549732 28.393370153781817 2.5
      vertex -8.984014672519804 4.454872482013979 2.5
      vertex 3.3125297514112857 28.56066956562134 2.5
    endloop
  endfacet
  facet normal 0 0 1
    outer loop
      vertex 3.3125297514112857 28.56066956562134 2.5
      vertex -8.984014672519804 4.454872482013979 2.5
      vertex 3.5737156975847277 28.7216076250034 2.5
    endloop
  endfacet
  facet normal 0 0 1
    outer loop
      vertex 3.5737156975847277 28.7216076250034 2.5
      vertex -8.984014672519804 4.454872482013979 2.5
      vertex 3.8387725971277 28.876087388858892 2.5
    endloop
  endfacet
  facet normal 0 0 1
    outer loop
      vertex 3.8387725971277 28.876087388858892 2.5
      vertex 0.9601070687655664 22.27555093430282 2.5
      vertex 1.067756988044847 22.496113296546067 2.5
    endloop
  endfacet
  facet normal 0 0 1
    outer loop
      vertex 3.8387725971277 28.876087388858892 2.5
      vertex 1.067756988044847 22.496113296546067 2.5
      vertex 1.1807873565164488 22.713967368259976 2.5
    endloop
  endfacet
  facet normal 0 0 1
    outer loop
      vertex 3.8387725971277 28.876087388858892 2.5
      vertex 1.1807873565164488 22.713967368259976 2.5
      vertex 1.2991300889128858 22.92898192229784 2.5
    endloop
  endfacet
  facet normal 0 0 1
    outer loop
      vertex 3.8387725971277 28.876087388858892 2.5
      vertex 1.2991300889128858 22.92898192229784 2.5
      vertex 1.4227138999972802 23.141027441932216 2.5
    endloop
  endfacet
  facet normal 0 0 1
    outer loop
      vertex 4.10754078967503 29.024015804354438 2.5
      vertex 1.4227138999972802 23.141027441932216 2.5
      vertex 1.5514643475029288 23.34997619887097 2.5
    endloop
  endfacet
  facet normal 0 0 1
    outer loop
      vertex 4.10754078967503 29.024015804354438 2.5
      vertex 1.5514643475029288 23.34997619887097 2.5
      vertex 1.6853038769745474 23.55570233019602 2.5
    endloop
  endfacet
  facet normal 0 0 1
    outer loop
      vertex 4.10754078967503 29.024015804354438 2.5
      vertex 1.6853038769745474 23.55570233019602 2.5
      vertex 1.8241518684841633 23.758081914178454 2.5
    endloop
  endfacet
  facet normal 0 0 1
    outer loop
      vertex 4.10754078967503 29.024015804354438 2.5
      vertex 1.8241518684841633 23.758081914178454 2.5
      vertex 1.96792468519355 23.95699304492433 2.5
    endloop
  endfacet
  facet normal 0 0 1
    outer loop
      vertex 4.379858379317418 29.165303764943943 2.5
      vertex 1.96792468519355 23.95699304492433 2.5
      vertex 2.1165357237339366 24.15231590580627 2.5
    endloop
  endfacet
  facet normal 0 0 1
    outer loop
      vertex 4.379858379317418 29.165303764943943 2.5
      vertex 2.1165357237339366 24.15231590580627 2.5
      vertex 2.2698954663726303 24.343932841636455 2.5
    endloop
  endfacet
  facet normal 0 0 1
    outer loop
      vertex 4.379858379317418 29.165303764943943 2.5
      vertex 2.2698954663726303 24.343932841636455 2.5
      vertex 2.427911534935154 24.531728429537768 2.5
    endloop
  endfacet
  facet normal 0 0 1
    outer loop
      vertex 3.8387725971277 28.876087388858892 2.5
      vertex 1.4227138999972802 23.141027441932216 2.5
      vertex 4.10754078967503 29.024015804354438 2.5
    endloop
  endfacet
  facet normal 0 0 1
    outer loop
      vertex 4.655561332121474 29.299866164043042 2.5
      vertex 2.427911534935154 24.531728429537768 2.5
      vertex 2.5904887464504087 24.715589548470184 2.5
    endloop
  endfacet
  facet normal 0 0 1
    outer loop
      vertex 4.655561332121474 29.299866164043042 2.5
      vertex 2.5904887464504087 24.715589548470184 2.5
      vertex 2.7575291704853298 24.89540544737067 2.5
    endloop
  endfacet
  facet normal 0 0 1
    outer loop
      vertex 4.655561332121474 29.299866164043042 2.5
      vertex 2.7575291704853298 24.89540544737067 2.5
      vertex 2.9289321881345245 25.071067811865476 2.5
    endloop
  endfacet
  facet normal 0 0 1
    outer loop
      vertex 4.934483574937627 29.42762194629413 2.5
      vertex 2.9289321881345245 25.071067811865476 2.5
      vertex 3.1045945526293313 25.24247082951467 2.5
    endloop
  endfacet
  facet normal 0 0 1
    outer loop
      vertex 4.934483574937627 29.42762194629413 2.5
      vertex 3.1045945526293313 25.24247082951467 2.5
      vertex 3.2844104515298156 25.409511253549592 2.5
    endloop
  endfacet
  facet normal 0 0 1
    outer loop
      vertex 4.10754078967503 29.024015804354438 2.5
      vertex 1.96792468519355 23.95699304492433 2.5
      vertex 4.379858379317418 29.165303764943943 2.5
    endloop
  endfacet
  facet normal 0 0 1
    outer loop
      vertex 5.216457095436378 29.548494156391087 2.5
      vertex 3.2844104515298156 25.409511253549592 2.5
      vertex 3.4682715704622327 25.572088465064844 2.5
    endloop
  endfacet
  facet normal 0 0 1
    outer loop
      vertex 5.216457095436378 29.548494156391087 2.5
      vertex 3.4682715704622327 25.572088465064844 2.5
      vertex 3.6560671583635447 25.73010453362737 2.5
    endloop
  endfacet
  facet normal 0 0 1
    outer loop
      vertex 4.379858379317418 29.165303764943943 2.5
      vertex 2.427911534935154 24.531728429537768 2.5
      vertex 4.655561332121474 29.299866164043042 2.5
    endloop
  endfacet
  facet normal 0 0 1
    outer loop
      vertex 4.655561332121474 29.299866164043042 2.5
      vertex 2.9289321881345245 25.071067811865476 2.5
      vertex 4.934483574937627 29.42762194629413 2.5
    endloop
  endfacet
  facet normal 0 0 1
    outer loop
      vertex 5.501312043312648 29.662409985434238 2.5
      vertex 3.6560671583635447 25.73010453362737 2.5
      vertex 3.847684094193732 25.883464276266064 2.5
    endloop
  endfacet
  facet normal 0 0 1
    outer loop
      vertex 5.788876832597249 29.769300814787762 2.5
      vertex 3.847684094193732 25.883464276266064 2.5
      vertex 4.043006955075667 26.03207531480645 2.5
    endloop
  endfacet
  facet normal 0 0 1
    outer loop
      vertex 5.788876832597249 29.769300814787762 2.5
      vertex 4.043006955075667 26.03207531480645 2.5
      vertex 4.241918085821546 26.175848131515835 2.5
    endloop
  endfacet
  facet normal 0 0 1
    outer loop
      vertex 6.078978245013856 29.86910225741296 2.5
      vertex 4.241918085821546 26.175848131515835 2.5
      vertex 4.444297669803978 26.314696123025453 2.5
    endloop
  endfacet
  facet normal 0 0 1
    outer loop
      vertex 6.078978245013856 29.86910225741296 2.5
      vertex 4.444297669803978 26.314696123025453 2.5
      vertex 4.650023801129029 26.44853565249707 2.5
    endloop
  endfacet
  facet normal 0 0 1
    outer loop
      vertex 6.371441534319221 29.96175419665261 2.5
      vertex 4.650023801129029 26.44853565249707 2.5
      vertex 4.858972558067782 26.57728610000272 2.5
    endloop
  endfacet
  facet normal 0 0 1
    outer loop
      vertex 6.6660905315637695 30.047200822442996 2.5
      vertex 4.858972558067782 26.57728610000272 2.5
      vertex 5.07101807770216 26.700869911087114 2.5
    endloop
  endfacet
  facet normal 0 0 1
    outer loop
      vertex 6.6660905315637695 30.047200822442996 2.5
      vertex 5.07101807770216 26.700869911087114 2.5
      vertex 5.2860326317400235 26.819212643483553 2.5
    endloop
  endfacet
  facet normal 0 0 1
    outer loop
      vertex 6.962747751209202 30.1253906649318 2.5
      vertex 5.2860326317400235 26.819212643483553 2.5
      vertex 5.503886703453934 26.93224301195515 2.5
    endloop
  endfacet
  facet normal 0 0 1
    outer loop
      vertex 4.934483574937627 29.42762194629413 2.5
      vertex 3.2844104515298156 25.409511253549592 2.5
      vertex 5.216457095436378 29.548494156391087 2.5
    endloop
  endfacet
  facet normal 0 0 1
    outer loop
      vertex 5.216457095436378 29.548494156391087 2.5
      vertex 3.6560671583635447 25.73010453362737 2.5
      vertex 5.501312043312648 29.662409985434238 2.5
    endloop
  endfacet
  facet normal 0 0 1
    outer loop
      vertex 5.501312043312648 29.662409985434238 2.5
      vertex 3.847684094193732 25.883464276266064 2.5
      vertex 5.788876832597249 29.769300814787762 2.5
    endloop
  endfacet
  facet normal 0 0 1
    outer loop
      vertex 5.788876832597249 29.769300814787762 2.5
      vertex 4.241918085821546 26.175848131515835 2.5
      vertex 6.078978245013856 29.86910225741296 2.5
    endloop
  endfacet
  facet normal 0 0 1
    outer loop
      vertex 6.078978245013856 29.86910225741296 2.5
      vertex 4.650023801129029 26.44853565249707 2.5
      vertex 6.371441534319221 29.96175419665261 2.5
    endloop
  endfacet
  facet normal 0 0 1
    outer loop
      vertex 7.261234498039128 30.19627662548161 2.5
      vertex 5.503886703453934 26.93224301195515 2.5
      vertex 5.724449065697179 27.039892931234434 2.5
    endloop
  endfacet
  facet normal 0 0 1
    outer loop
      vertex 6.371441534319221 29.96175419665261 2.5
      vertex 4.858972558067782 26.57728610000272 2.5
      vertex 6.6660905315637695 30.047200822442996 2.5
    endloop
  endfacet
  facet normal 0 0 -1
    outer loop
      vertex 6.152315905806268 -7.883464276266063 -2.5
      vertex 6.43296457500204 -3.855770581449163 -2.5
      vertex 6.343932841636455 -7.73010453362737 -2.5
    endloop
  endfacet
  facet normal 0 0 -1
    outer loop
      vertex 6.343932841636455 -7.73010453362737 -2.5
      vertex 6.614409482612663 -3.535475526194982 -2.5
      vertex 6.531728429537767 -7.572088465064846 -2.5
    endloop
  endfacet
  facet normal 0 0 -1
    outer loop
      vertex 6.531728429537767 -7.572088465064846 -2.5
      vertex 6.779919698425825 -3.2066632007271156 -2.5
      vertex 6.715589548470184 -7.409511253549591 -2.5
    endloop
  endfacet
  facet normal 0 0 -1
    outer loop
      vertex 6.152315905806268 -7.883464276266063 -2.5
      vertex 6.336401739372803 -4.012482149153229 -2.5
      vertex 6.43296457500204 -3.855770581449163 -2.5
    endloop
  endfacet
  facet normal 0 0 -1
    outer loop
      vertex 6.343932841636455 -7.73010453362737 -2.5
      vertex 6.43296457500204 -3.855770581449163 -2.5
      vertex 6.525652433315336 -3.69673644172338 -2.5
    endloop
  endfacet
  facet normal 0 0 -1
    outer loop
      vertex 6.343932841636455 -7.73010453362737 -2.5
      vertex 6.525652433315336 -3.69673644172338 -2.5
      vertex 6.614409482612663 -3.535475526194982 -2.5
    endloop
  endfacet
  facet normal 0 0 -1
    outer loop
      vertex 6.715589548470184 -7.409511253549591 -2.5
      vertex 6.929096493834651 -2.8701257427381734 -2.5
      vertex 6.895405447370669 -7.24247082951467 -2.5
    endloop
  endfacet
  facet normal 0 0 -1
    outer loop
      vertex 6.895405447370669 -7.24247082951467 -2.5
      vertex 7.121461354447775 -2.3526130529916864 -2.5
      vertex 7.0710678118654755 -7.0710678118654755 -2.5
    endloop
  endfacet
  facet normal 0 0 -1
    outer loop
      vertex 7.0710678118654755 -7.0710678118654755 -2.5
      vertex 7.27523439895908 -1.822351349274479 -2.5
      vertex 7.24247082951467 -6.895405447370669 -2.5
    endloop
  endfacet
  facet normal 0 0 -1
    outer loop
      vertex 6.531728429537767 -7.572088465064846 -2.5
      vertex 6.614409482612663 -3.535475526194982 -2.5
      vertex 6.699182258966365 -3.3720849724095494 -2.5
    endloop
  endfacet
  facet normal 0 0 -1
    outer loop
      vertex 6.531728429537767 -7.572088465064846 -2.5
      vertex 6.699182258966365 -3.3720849724095494 -2.5
      vertex 6.779919698425825 -3.2066632007271156 -2.5
    endloop
  endfacet
  facet normal 0 0 -1
    outer loop
      vertex 6.715589548470184 -7.409511253549591 -2.5
      vertex 6.779919698425825 -3.2066632007271156 -2.5
      vertex 6.85657316777648 -3.039309855037424 -2.5
    endloop
  endfacet
  facet normal 0 0 -1
    outer loop
      vertex 6.715589548470184 -7.409511253549591 -2.5
      vertex 6.85657316777648 -3.039309855037424 -2.5
      vertex 6.929096493834651 -2.8701257427381734 -2.5
    endloop
  endfacet
  facet normal 0 0 -1
    outer loop
      vertex 6.895405447370669 -7.24247082951467 -2.5
      vertex 6.929096493834651 -2.8701257427381734 -2.5
      vertex 6.997445991260541 -2.699212774012411 -2.5
    endloop
  endfacet
  facet normal 0 0 -1
    outer loop
      vertex 6.895405447370669 -7.24247082951467 -2.5
      vertex 6.997445991260541 -2.699212774012411 -2.5
      vertex 7.061580488872656 -2.5266739004416503 -2.5
    endloop
  endfacet
  facet normal 0 0 -1
    outer loop
      vertex 6.895405447370669 -7.24247082951467 -2.5
      vertex 7.061580488872656 -2.5266739004416503 -2.5
      vertex 7.121461354447775 -2.3526130529916864 -2.5
    endloop
  endfacet
  facet normal 0 0 -1
    outer loop
      vertex 7.0710678118654755 -7.0710678118654755 -2.5
      vertex 7.121461354447775 -2.3526130529916864 -2.5
      vertex 7.177052517991566 -2.1771350794084676 -2.5
    endloop
  endfacet
  facet normal 0 0 -1
    outer loop
      vertex 7.0710678118654755 -7.0710678118654755 -2.5
      vertex 7.177052517991566 -2.1771350794084676 -2.5
      vertex 7.228320493465799 -2.000345681061738 -2.5
    endloop
  endfacet
  facet normal 0 0 -1
    outer loop
      vertex 7.0710678118654755 -7.0710678118654755 -2.5
      vertex 7.228320493465799 -2.000345681061738 -2.5
      vertex 7.27523439895908 -1.822351349274479 -2.5
    endloop
  endfacet
  facet normal 0 0 -1
    outer loop
      vertex 7.24247082951467 -6.895405447370669 -2.5
      vertex 7.27523439895908 -1.822351349274479 -2.5
      vertex 7.317765975288964 -1.6432593011765235 -2.5
    endloop
  endfacet
  facet normal 0 0 -1
    outer loop
      vertex 7.24247082951467 -6.895405447370669 -2.5
      vertex 7.443596509490325 -0.9180800639941215 -2.5
      vertex 7.409511253549591 -6.715589548470184 -2.5
    endloop
  endfacet
  facet normal 0 0 -1
    outer loop
      vertex 7.24247082951467 -6.895405447370669 -2.5
      vertex 7.317765975288964 -1.6432593011765235 -2.5
      vertex 7.355889603024228 -1.4631774151209618 -2.5
    endloop
  endfacet
  facet normal 0 0 -1
    outer loop
      vertex 7.24247082951467 -6.895405447370669 -2.5
      vertex 7.355889603024228 -1.4631774151209618 -2.5
      vertex 7.389582317917059 -1.2822141657022592 -2.5
    endloop
  endfacet
  facet normal 0 0 -1
    outer loop
      vertex 7.24247082951467 -6.895405447370669 -2.5
      vertex 7.389582317917059 -1.2822141657022592 -2.5
      vertex 7.418823824735858 -1.100478558415213 -2.5
    endloop
  endfacet
  facet normal 0 0 -1
    outer loop
      vertex 7.24247082951467 -6.895405447370669 -2.5
      vertex 7.418823824735858 -1.100478558415213 -2.5
      vertex 7.443596509490325 -0.9180800639941215 -2.5
    endloop
  endfacet
  facet normal 0 0 -1
    outer loop
      vertex 7.409511253549591 -6.715589548470184 -2.5
      vertex 7.443596509490325 -0.9180800639941215 -2.5
      vertex 7.463885450041477 -0.7351285524717045 -2.5
    endloop
  endfacet
  facet normal 0 0 -1
    outer loop
      vertex 7.409511253549591 -6.715589548470184 -2.5
      vertex 7.463885450041477 -0.7351285524717045 -2.5
      vertex 7.479678425090176 -0.5517342269975057 -2.5
    endloop
  endfacet
  facet normal 0 0 -1
    outer loop
      vertex 7.409511253549591 -6.715589548470184 -2.5
      vertex 7.479678425090176 -0.5517342269975057 -2.5
      vertex 7.490965921538793 -0.3680075574556351 -2.5
    endloop
  endfacet
  facet normal 0 0 -1
    outer loop
      vertex 7.409511253549591 -6.715589548470184 -2.5
      vertex 12.59105061320394 0.3114939060708811 -2.5
      vertex 7.572088465064846 -6.531728429537767 -2.5
    endloop
  endfacet
  facet normal 0 0 -1
    outer loop
      vertex 7.572088465064846 -6.531728429537767 -2.5
      vertex 12.59105061320394 0.3114939060708811 -2.5
      vertex 7.73010453362737 -6.343932841636455 -2.5
    endloop
  endfacet
  facet normal 0 0 -1
    outer loop
      vertex 7.73010453362737 -6.343932841636455 -2.5
      vertex 12.59105061320394 0.3114939060708811 -2.5
      vertex 7.883464276266063 -6.152315905806268 -2.5
    endloop
  endfacet
  facet normal 0 0 -1
    outer loop
      vertex 7.883464276266063 -6.152315905806268 -2.5
      vertex 12.59105061320394 0.3114939060708811 -2.5
      vertex 8.03207531480645 -5.956993044924333 -2.5
    endloop
  endfacet
  facet normal 0 0 -1
    outer loop
      vertex 7.409511253549591 -6.715589548470184 -2.5
      vertex 7.490965921538793 -0.3680075574556351 -2.5
      vertex 12.59105061320394 0.3114939060708811 -2.5
    endloop
  endfacet
  facet normal 0 0 -1
    outer loop
      vertex 12.59105061320394 0.3114939060708811 -2.5
      vertex 7.490965921538793 -0.3680075574556351 -2.5
      vertex 7.497741140221532 -0.18405921392184216 -2.5
    endloop
  endfacet
  facet normal 0 0 -1
    outer loop
      vertex 12.59105061320394 0.3114939060708811 -2.5
      vertex 7.497741140221532 -0.18405921392184216 -2.5
      vertex 7.5 0 -2.5
    endloop
  endfacet
  facet normal 0.6438315428897914 -0.7651672656224588 0
    outer loop
      vertex 6.343932841636455 -7.73010453362737 -2.5
      vertex 6.531728429537767 -7.572088465064846 -2.5
      vertex 6.531728429537767 -7.572088465064846 2.5
    endloop
  endfacet
  facet normal 0.6624157775901709 -0.74913639452346 0
    outer loop
      vertex 6.531728429537767 -7.572088465064846 -2.5
      vertex 6.715589548470184 -7.409511253549591 -2.5
      vertex 6.715589548470184 -7.409511253549591 2.5
    endloop
  endfacet
  facet normal 0.6806009977954535 -0.7326542716724125 0
    outer loop
      vertex 6.715589548470184 -7.409511253549591 -2.5
      vertex 6.895405447370669 -7.24247082951467 -2.5
      vertex 6.715589548470184 -7.409511253549591 2.5
    endloop
  endfacet
  facet normal 0.6983762494089729 -0.7157308252838186 0
    outer loop
      vertex 6.895405447370669 -7.24247082951467 -2.5
      vertex 7.0710678118654755 -7.0710678118654755 -2.5
      vertex 7.0710678118654755 -7.0710678118654755 2.5
    endloop
  endfacet
  facet normal 0.7157308252838186 -0.6983762494089729 0
    outer loop
      vertex 7.0710678118654755 -7.0710678118654755 -2.5
      vertex 7.24247082951467 -6.895405447370669 -2.5
      vertex 7.0710678118654755 -7.0710678118654755 2.5
    endloop
  endfacet
  facet normal 0.7326542716724125 -0.6806009977954535 0
    outer loop
      vertex 7.24247082951467 -6.895405447370669 -2.5
      vertex 7.409511253549591 -6.715589548470184 -2.5
      vertex 7.409511253549591 -6.715589548470184 2.5
    endloop
  endfacet
  facet normal 0.74913639452346 -0.6624157775901709 0
    outer loop
      vertex 7.409511253549591 -6.715589548470184 -2.5
      vertex 7.572088465064846 -6.531728429537767 -2.5
      vertex 7.409511253549591 -6.715589548470184 2.5
    endloop
  endfacet
  facet normal 0.7651672656224588 -0.6438315428897914 0
    outer loop
      vertex 7.572088465064846 -6.531728429537767 -2.5
      vertex 7.73010453362737 -6.343932841636455 -2.5
      vertex 7.572088465064846 -6.531728429537767 2.5
    endloop
  endfacet
  facet normal 0.7807372285720945 -0.6248594881423865 0
    outer loop
      vertex 7.73010453362737 -6.343932841636455 -2.5
      vertex 7.883464276266063 -6.152315905806268 -2.5
      vertex 7.883464276266063 -6.152315905806268 2.5
    endloop
  endfacet
  facet normal 0.7958369046088826 -0.605511041404327 0
    outer loop
      vertex 7.883464276266063 -6.152315905806268 -2.5
      vertex 8.03207531480645 -5.956993044924333 -2.5
      vertex 7.883464276266063 -6.152315905806268 2.5
    endloop
  endfacet
  facet normal 0.8087314387500163 -0.5881780852576273 0
    outer loop
      vertex 8.03207531480645 -5.956993044924333 -2.5
      vertex 12.59105061320394 0.3114939060708811 -2.5
      vertex 12.59105061320394 0.3114939060708811 2.5
    endloop
  endfacet
  facet normal 0 0 -1
    outer loop
      vertex 6.525652433315336 3.69673644172338 -2.5
      vertex 7.126467054215301 6.307398950947608 -2.5
      vertex 6.614409482612663 3.535475526194982 -2.5
    endloop
  endfacet
  facet normal 0 0 -1
    outer loop
      vertex 5.912598207199547 4.614236929354701 -2.5
      vertex 7.126467054215301 6.307398950947608 -2.5
      vertex 6.024056486104837 4.4677447836932505 -2.5
    endloop
  endfacet
  facet normal 0 0 -1
    outer loop
      vertex 6.131886098636878 4.31856143563384 -2.5
      vertex 7.126467054215301 6.307398950947608 -2.5
      vertex 6.236022092269089 4.166776747647017 -2.5
    endloop
  endfacet
  facet normal 0 0 -1
    outer loop
      vertex 6.024056486104837 4.4677447836932505 -2.5
      vertex 7.126467054215301 6.307398950947608 -2.5
      vertex 6.131886098636878 4.31856143563384 -2.5
    endloop
  endfacet
  facet normal 0 0 -1
    outer loop
      vertex 7.126467054215301 6.307398950947608 -2.5
      vertex 6.336401739372803 4.012482149153229 -2.5
      vertex 6.236022092269089 4.166776747647017 -2.5
    endloop
  endfacet
  facet normal 0 0 -1
    outer loop
      vertex 7.126467054215301 6.307398950947608 -2.5
      vertex 6.43296457500204 3.855770581449163 -2.5
      vertex 6.336401739372803 4.012482149153229 -2.5
    endloop
  endfacet
  facet normal 0 0 -1
    outer loop
      vertex 6.43296457500204 3.855770581449163 -2.5
      vertex 7.126467054215301 6.307398950947608 -2.5
      vertex 6.525652433315336 3.69673644172338 -2.5
    endloop
  endfacet
  facet normal 0 0 -1
    outer loop
      vertex 7.126467054215301 6.307398950947608 -2.5
      vertex 6.929096493834651 2.8701257427381734 -2.5
      vertex 6.85657316777648 3.039309855037424 -2.5
    endloop
  endfacet
  facet normal 0 0 -1
    outer loop
      vertex 6.779919698425825 3.2066632007271156 -2.5
      vertex 7.126467054215301 6.307398950947608 -2.5
      vertex 6.85657316777648 3.039309855037424 -2.5
    endloop
  endfacet
  facet normal 0 0 -1
    outer loop
      vertex 7.126467054215301 6.307398950947608 -2.5
      vertex 6.779919698425825 3.2066632007271156 -2.5
      vertex 6.699182258966365 3.3720849724095494 -2.5
    endloop
  endfacet
  facet normal 0 0 -1
    outer loop
      vertex 7.126467054215301 6.307398950947608 -2.5
      vertex 6.699182258966365 3.3720849724095494 -2.5
      vertex 6.614409482612663 3.535475526194982 -2.5
    endloop
  endfacet
  facet normal 0 0 -1
    outer loop
      vertex 12.59105061320394 0.3114939060708811 -2.5
      vertex 7.5 0 -2.5
      vertex 7.497741140221532 0.18405921392184216 -2.5
    endloop
  endfacet
  facet normal 0 0 -1
    outer loop
      vertex 12.59105061320394 0.3114939060708811 -2.5
      vertex 7.497741140221532 0.18405921392184216 -2.5
      vertex 7.490965921538793 0.3680075574556351 -2.5
    endloop
  endfacet
  facet normal 0 0 -1
    outer loop
      vertex 7.479678425090176 0.5517342269975057 -2.5
      vertex 12.59105061320394 0.3114939060708811 -2.5
      vertex 7.490965921538793 0.3680075574556351 -2.5
    endloop
  endfacet
  facet normal 0 0 -1
    outer loop
      vertex 12.59105061320394 0.3114939060708811 -2.5
      vertex 7.479678425090176 0.5517342269975057 -2.5
      vertex 7.463885450041477 0.7351285524717045 -2.5
    endloop
  endfacet
  facet normal 0 0 -1
    outer loop
      vertex 12.59105061320394 0.3114939060708811 -2.5
      vertex 7.463885450041477 0.7351285524717045 -2.5
      vertex 7.443596509490325 0.9180800639941215 -2.5
    endloop
  endfacet
  facet normal 0 0 -1
    outer loop
      vertex 7.228320493465799 2.000345681061738 -2.5
      vertex 12.59105061320394 0.3114939060708811 -2.5
      vertex 7.27523439895908 1.822351349274479 -2.5
    endloop
  endfacet
  facet normal 0 0 -1
    outer loop
      vertex 12.59105061320394 0.3114939060708811 -2.5
      vertex 7.443596509490325 0.9180800639941215 -2.5
      vertex 7.418823824735858 1.100478558415213 -2.5
    endloop
  endfacet
  facet normal 0 0 -1
    outer loop
      vertex 12.59105061320394 0.3114939060708811 -2.5
      vertex 7.418823824735858 1.100478558415213 -2.5
      vertex 7.389582317917059 1.2822141657022592 -2.5
    endloop
  endfacet
  facet normal 0 0 -1
    outer loop
      vertex 7.355889603024228 1.4631774151209618 -2.5
      vertex 12.59105061320394 0.3114939060708811 -2.5
      vertex 7.389582317917059 1.2822141657022592 -2.5
    endloop
  endfacet
  facet normal 0 0 -1
    outer loop
      vertex 12.59105061320394 0.3114939060708811 -2.5
      vertex 7.355889603024228 1.4631774151209618 -2.5
      vertex 7.317765975288964 1.6432593011765235 -2.5
    endloop
  endfacet
  facet normal 0 0 -1
    outer loop
      vertex 12.59105061320394 0.3114939060708811 -2.5
      vertex 7.317765975288964 1.6432593011765235 -2.5
      vertex 7.27523439895908 1.822351349274479 -2.5
    endloop
  endfacet
  facet normal 0 0 -1
    outer loop
      vertex 12.59105061320394 0.3114939060708811 -2.5
      vertex 7.228320493465799 2.000345681061738 -2.5
      vertex 7.177052517991566 2.1771350794084676 -2.5
    endloop
  endfacet
  facet normal 0 0 -1
    outer loop
      vertex 7.121461354447775 2.3526130529916864 -2.5
      vertex 12.59105061320394 0.3114939060708811 -2.5
      vertex 7.177052517991566 2.1771350794084676 -2.5
    endloop
  endfacet
  facet normal 0 0 -1
    outer loop
      vertex 12.59105061320394 0.3114939060708811 -2.5
      vertex 7.121461354447775 2.3526130529916864 -2.5
      vertex 7.061580488872656 2.5266739004416503 -2.5
    endloop
  endfacet
  facet normal 0 0 -1
    outer loop
      vertex 6.997445991260541 2.699212774012411 -2.5
      vertex 12.59105061320394 0.3114939060708811 -2.5
      vertex 7.061580488872656 2.5266739004416503 -2.5
    endloop
  endfacet
  facet normal 0 0 -1
    outer loop
      vertex 12.59105061320394 0.3114939060708811 -2.5
      vertex 6.997445991260541 2.699212774012411 -2.5
      vertex 6.929096493834651 2.8701257427381734 -2.5
    endloop
  endfacet
  facet normal 0 0 -1
    outer loop
      vertex 7.126467054215301 6.307398950947608 -2.5
      vertex 12.59105061320394 0.3114939060708811 -2.5
      vertex 6.929096493834651 2.8701257427381734 -2.5
    endloop
  endfacet
  facet normal 0 0 -1
    outer loop
      vertex 5.7975784002205275 4.7579496312273415 -2.5
      vertex 7.126467054215301 6.307398950947608 -2.5
      vertex 5.912598207199547 4.614236929354701 -2.5
    endloop
  endfacet
  facet normal 0.6248594881423865 -0.7807372285720945 0
    outer loop
      vertex 6.152315905806268 -7.883464276266063 2.5
      vertex 6.343932841636455 -7.73010453362737 -2.5
      vertex 6.343932841636455 -7.73010453362737 2.5
    endloop
  endfacet
  facet normal 0.6438315428897914 -0.7651672656224588 0
    outer loop
      vertex 6.343932841636455 -7.73010453362737 -2.5
      vertex 6.531728429537767 -7.572088465064846 2.5
      vertex 6.343932841636455 -7.73010453362737 2.5
    endloop
  endfacet
  facet normal 0.6624157775901709 -0.74913639452346 0
    outer loop
      vertex 6.531728429537767 -7.572088465064846 -2.5
      vertex 6.715589548470184 -7.409511253549591 2.5
      vertex 6.531728429537767 -7.572088465064846 2.5
    endloop
  endfacet
  facet normal 0.6806009977954535 -0.7326542716724125 0
    outer loop
      vertex 6.895405447370669 -7.24247082951467 -2.5
      vertex 6.895405447370669 -7.24247082951467 2.5
      vertex 6.715589548470184 -7.409511253549591 2.5
    endloop
  endfacet
  facet normal 0.6983762494089729 -0.7157308252838186 0
    outer loop
      vertex 6.895405447370669 -7.24247082951467 -2.5
      vertex 7.0710678118654755 -7.0710678118654755 2.5
      vertex 6.895405447370669 -7.24247082951467 2.5
    endloop
  endfacet
  facet normal 0.7157308252838186 -0.6983762494089729 0
    outer loop
      vertex 7.24247082951467 -6.895405447370669 -2.5
      vertex 7.24247082951467 -6.895405447370669 2.5
      vertex 7.0710678118654755 -7.0710678118654755 2.5
    endloop
  endfacet
  facet normal 0.7326542716724125 -0.6806009977954535 0
    outer loop
      vertex 7.24247082951467 -6.895405447370669 -2.5
      vertex 7.409511253549591 -6.715589548470184 2.5
      vertex 7.24247082951467 -6.895405447370669 2.5
    endloop
  endfacet
  facet normal 0.74913639452346 -0.6624157775901709 0
    outer loop
      vertex 7.572088465064846 -6.531728429537767 -2.5
      vertex 7.572088465064846 -6.531728429537767 2.5
      vertex 7.409511253549591 -6.715589548470184 2.5
    endloop
  endfacet
  facet normal 0.7651672656224588 -0.6438315428897914 0
    outer loop
      vertex 7.73010453362737 -6.343932841636455 -2.5
      vertex 7.73010453362737 -6.343932841636455 2.5
      vertex 7.572088465064846 -6.531728429537767 2.5
    endloop
  endfacet
  facet normal 0.7807372285720945 -0.6248594881423865 0
    outer loop
      vertex 7.73010453362737 -6.343932841636455 -2.5
      vertex 7.883464276266063 -6.152315905806268 2.5
      vertex 7.73010453362737 -6.343932841636455 2.5
    endloop
  endfacet
  facet normal 0.7958369046088826 -0.605511041404327 0
    outer loop
      vertex 8.03207531480645 -5.956993044924333 -2.5
      vertex 8.03207531480645 -5.956993044924333 2.5
      vertex 7.883464276266063 -6.152315905806268 2.5
    endloop
  endfacet
  facet normal 0.8087314387500163 -0.5881780852576273 0
    outer loop
      vertex 8.03207531480645 -5.956993044924333 -2.5
      vertex 12.59105061320394 0.3114939060708811 2.5
      vertex 8.03207531480645 -5.956993044924333 2.5
    endloop
  endfacet
  facet normal 0 0 1
    outer loop
      vertex 7.24247082951467 -6.895405447370669 2.5
      vertex 7.409511253549591 -6.715589548470184 2.5
      vertex 4.614236929354701 -5.912598207199547 2.5
    endloop
  endfacet
  facet normal 0 0 1
    outer loop
      vertex 7.409511253549591 -6.715589548470184 2.5
      vertex 7.572088465064846 -6.531728429537767 2.5
      vertex 4.7579496312273415 -5.7975784002205275 2.5
    endloop
  endfacet
  facet normal 0 0 1
    outer loop
      vertex 7.572088465064846 -6.531728429537767 2.5
      vertex 7.73010453362737 -6.343932841636455 2.5
      vertex 4.898796322153325 -5.679066348798634 2.5
    endloop
  endfacet
  facet normal 0 0 1
    outer loop
      vertex 8.03207531480645 -5.956993044924333 2.5
      vertex 5.557133440162193 -5.036692161352638 2.5
      vertex 5.431853122136003 -5.171554085528001 2.5
    endloop
  endfacet
  facet normal 0 0 1
    outer loop
      vertex 8.03207531480645 -5.956993044924333 2.5
      vertex 5.679066348798634 -4.898796322153325 2.5
      vertex 5.557133440162193 -5.036692161352638 2.5
    endloop
  endfacet
  facet normal 0 0 1
    outer loop
      vertex 8.03207531480645 -5.956993044924333 2.5
      vertex 5.7975784002205275 -4.7579496312273415 2.5
      vertex 5.679066348798634 -4.898796322153325 2.5
    endloop
  endfacet
  facet normal 0 0 1
    outer loop
      vertex 8.03207531480645 -5.956993044924333 2.5
      vertex 5.912598207199547 -4.614236929354701 2.5
      vertex 5.7975784002205275 -4.7579496312273415 2.5
    endloop
  endfacet
  facet normal 0 0 1
    outer loop
      vertex 8.03207531480645 -5.956993044924333 2.5
      vertex 6.024056486104837 -4.4677447836932505 2.5
      vertex 5.912598207199547 -4.614236929354701 2.5
    endloop
  endfacet
  facet normal 0 0 1
    outer loop
      vertex 7.73010453362737 -6.343932841636455 2.5
      vertex 7.883464276266063 -6.152315905806268 2.5
      vertex 5.036692161352638 -5.557133440162193 2.5
    endloop
  endfacet
  facet normal 0 0 1
    outer loop
      vertex 7.883464276266063 -6.152315905806268 2.5
      vertex 8.03207531480645 -5.956993044924333 2.5
      vertex 5.303300858899107 -5.303300858899107 2.5
    endloop
  endfacet
  facet normal 0 0 1
    outer loop
      vertex 8.03207531480645 -5.956993044924333 2.5
      vertex 6.131886098636878 -4.31856143563384 2.5
      vertex 6.024056486104837 -4.4677447836932505 2.5
    endloop
  endfacet
  facet normal 0 0 1
    outer loop
      vertex 8.03207531480645 -5.956993044924333 2.5
      vertex 6.236022092269089 -4.166776747647017 2.5
      vertex 6.131886098636878 -4.31856143563384 2.5
    endloop
  endfacet
  facet normal 0 0 1
    outer loop
      vertex 8.03207531480645 -5.956993044924333 2.5
      vertex 6.336401739372803 -4.012482149153229 2.5
      vertex 6.236022092269089 -4.166776747647017 2.5
    endloop
  endfacet
  facet normal 0 0 1
    outer loop
      vertex 8.03207531480645 -5.956993044924333 2.5
      vertex 6.43296457500204 -3.855770581449163 2.5
      vertex 6.336401739372803 -4.012482149153229 2.5
    endloop
  endfacet
  facet normal 0 0 1
    outer loop
      vertex 8.03207531480645 -5.956993044924333 2.5
      vertex 6.525652433315336 -3.69673644172338 2.5
      vertex 6.43296457500204 -3.855770581449163 2.5
    endloop
  endfacet
  facet normal 0 0 1
    outer loop
      vertex 8.03207531480645 -5.956993044924333 2.5
      vertex 6.614409482612663 -3.535475526194982 2.5
      vertex 6.525652433315336 -3.69673644172338 2.5
    endloop
  endfacet
  facet normal 0 0 1
    outer loop
      vertex 8.03207531480645 -5.956993044924333 2.5
      vertex 6.699182258966365 -3.3720849724095494 2.5
      vertex 6.614409482612663 -3.535475526194982 2.5
    endloop
  endfacet
  facet normal 0 0 1
    outer loop
      vertex 8.03207531480645 -5.956993044924333 2.5
      vertex 12.59105061320394 0.3114939060708811 2.5
      vertex 6.699182258966365 -3.3720849724095494 2.5
    endloop
  endfacet
  facet normal 0 0 1
    outer loop
      vertex 12.59105061320394 0.3114939060708811 2.5
      vertex 6.779919698425825 -3.2066632007271156 2.5
      vertex 6.699182258966365 -3.3720849724095494 2.5
    endloop
  endfacet
  facet normal 0 0 1
    outer loop
      vertex 12.59105061320394 0.3114939060708811 2.5
      vertex 6.85657316777648 -3.039309855037424 2.5
      vertex 6.779919698425825 -3.2066632007271156 2.5
    endloop
  endfacet
  facet normal 0 0 1
    outer loop
      vertex 12.59105061320394 0.3114939060708811 2.5
      vertex 6.929096493834651 -2.8701257427381734 2.5
      vertex 6.85657316777648 -3.039309855037424 2.5
    endloop
  endfacet
  facet normal 0 0 1
    outer loop
      vertex 12.59105061320394 0.3114939060708811 2.5
      vertex 6.997445991260541 -2.699212774012411 2.5
      vertex 6.929096493834651 -2.8701257427381734 2.5
    endloop
  endfacet
  facet normal 0 0 1
    outer loop
      vertex 12.59105061320394 0.3114939060708811 2.5
      vertex 7.061580488872656 -2.5266739004416503 2.5
      vertex 6.997445991260541 -2.699212774012411 2.5
    endloop
  endfacet
  facet normal 0 0 1
    outer loop
      vertex 12.59105061320394 0.3114939060708811 2.5
      vertex 7.121461354447775 -2.3526130529916864 2.5
      vertex 7.061580488872656 -2.5266739004416503 2.5
    endloop
  endfacet
  facet normal 0 0 1
    outer loop
      vertex 12.59105061320394 0.3114939060708811 2.5
      vertex 7.177052517991566 -2.1771350794084676 2.5
      vertex 7.121461354447775 -2.3526130529916864 2.5
    endloop
  endfacet
  facet normal 0 0 1
    outer loop
      vertex 12.59105061320394 0.3114939060708811 2.5
      vertex 7.228320493465799 -2.000345681061738 2.5
      vertex 7.177052517991566 -2.1771350794084676 2.5
    endloop
  endfacet
  facet normal 0 0 1
    outer loop
      vertex 12.59105061320394 0.3114939060708811 2.5
      vertex 7.27523439895908 -1.822351349274479 2.5
      vertex 7.228320493465799 -2.000345681061738 2.5
    endloop
  endfacet
  facet normal 0 0 1
    outer loop
      vertex 12.59105061320394 0.3114939060708811 2.5
      vertex 7.317765975288964 -1.6432593011765235 2.5
      vertex 7.27523439895908 -1.822351349274479 2.5
    endloop
  endfacet
  facet normal 0 0 1
    outer loop
      vertex 12.59105061320394 0.3114939060708811 2.5
      vertex 7.355889603024228 -1.4631774151209618 2.5
      vertex 7.317765975288964 -1.6432593011765235 2.5
    endloop
  endfacet
  facet normal 0 0 1
    outer loop
      vertex 12.59105061320394 0.3114939060708811 2.5
      vertex 7.389582317917059 -1.2822141657022592 2.5
      vertex 7.355889603024228 -1.4631774151209618 2.5
    endloop
  endfacet
  facet normal 0 0 1
    outer loop
      vertex 12.59105061320394 0.3114939060708811 2.5
      vertex 7.418823824735858 -1.100478558415213 2.5
      vertex 7.389582317917059 -1.2822141657022592 2.5
    endloop
  endfacet
  facet normal 0 0 1
    outer loop
      vertex 12.59105061320394 0.3114939060708811 2.5
      vertex 7.443596509490325 -0.9180800639941215 2.5
      vertex 7.418823824735858 -1.100478558415213 2.5
    endloop
  endfacet
  facet normal 0 0 1
    outer loop
      vertex 12.59105061320394 0.3114939060708811 2.5
      vertex 7.463885450041477 -0.7351285524717045 2.5
      vertex 7.443596509490325 -0.9180800639941215 2.5
    endloop
  endfacet
  facet normal 0 0 1
    outer loop
      vertex 12.59105061320394 0.3114939060708811 2.5
      vertex 7.479678425090176 -0.5517342269975057 2.5
      vertex 7.463885450041477 -0.7351285524717045 2.5
    endloop
  endfacet
  facet normal 0 0 1
    outer loop
      vertex 12.59105061320394 0.3114939060708811 2.5
      vertex 7.490965921538793 -0.3680075574556351 2.5
      vertex 7.479678425090176 -0.5517342269975057 2.5
    endloop
  endfacet
  facet normal 0 0 1
    outer loop
      vertex 12.59105061320394 0.3114939060708811 2.5
      vertex 7.497741140221532 -0.18405921392184216 2.5
      vertex 7.490965921538793 -0.3680075574556351 2.5
    endloop
  endfacet
  facet normal 0 0 1
    outer loop
      vertex 12.59105061320394 0.3114939060708811 2.5
      vertex 7.5 0 2.5
      vertex 7.497741140221532 -0.18405921392184216 2.5
    endloop
  endfacet
  facet normal 0 0 1
    outer loop
      vertex 12.59105061320394 0.3114939060708811 2.5
      vertex 4.711065604164798 8.957649895676639 2.5
      vertex 7.061580488872656 2.5266739004416503 2.5
    endloop
  endfacet
  facet normal 0 0 1
    outer loop
      vertex 12.59105061320394 0.3114939060708811 2.5
      vertex 7.497741140221532 0.18405921392184216 2.5
      vertex 7.5 0 2.5
    endloop
  endfacet
  facet normal 0 0 1
    outer loop
      vertex 12.59105061320394 0.3114939060708811 2.5
      vertex 7.490965921538793 0.3680075574556351 2.5
      vertex 7.497741140221532 0.18405921392184216 2.5
    endloop
  endfacet
  facet normal 0 0 1
    outer loop
      vertex 12.59105061320394 0.3114939060708811 2.5
      vertex 7.479678425090176 0.5517342269975057 2.5
      vertex 7.490965921538793 0.3680075574556351 2.5
    endloop
  endfacet
  facet normal 0 0 1
    outer loop
      vertex 12.59105061320394 0.3114939060708811 2.5
      vertex 7.463885450041477 0.7351285524717045 2.5
      vertex 7.479678425090176 0.5517342269975057 2.5
    endloop
  endfacet
  facet normal 0 0 1
    outer loop
      vertex 12.59105061320394 0.3114939060708811 2.5
      vertex 7.443596509490325 0.9180800639941215 2.5
      vertex 7.463885450041477 0.7351285524717045 2.5
    endloop
  endfacet
  facet normal 0 0 1
    outer loop
      vertex 12.59105061320394 0.3114939060708811 2.5
      vertex 7.228320493465799 2.000345681061738 2.5
      vertex 7.27523439895908 1.822351349274479 2.5
    endloop
  endfacet
  facet normal 0 0 1
    outer loop
      vertex 12.59105061320394 0.3114939060708811 2.5
      vertex 7.418823824735858 1.100478558415213 2.5
      vertex 7.443596509490325 0.9180800639941215 2.5
    endloop
  endfacet
  facet normal 0 0 1
    outer loop
      vertex 12.59105061320394 0.3114939060708811 2.5
      vertex 7.389582317917059 1.2822141657022592 2.5
      vertex 7.418823824735858 1.100478558415213 2.5
    endloop
  endfacet
  facet normal 0 0 1
    outer loop
      vertex 12.59105061320394 0.3114939060708811 2.5
      vertex 7.355889603024228 1.4631774151209618 2.5
      vertex 7.389582317917059 1.2822141657022592 2.5
    endloop
  endfacet
  facet normal 0 0 1
    outer loop
      vertex 12.59105061320394 0.3114939060708811 2.5
      vertex 7.317765975288964 1.6432593011765235 2.5
      vertex 7.355889603024228 1.4631774151209618 2.5
    endloop
  endfacet
  facet normal 0 0 1
    outer loop
      vertex 12.59105061320394 0.3114939060708811 2.5
      vertex 7.27523439895908 1.822351349274479 2.5
      vertex 7.317765975288964 1.6432593011765235 2.5
    endloop
  endfacet
  facet normal 0 0 1
    outer loop
      vertex 12.59105061320394 0.3114939060708811 2.5
      vertex 7.177052517991566 2.1771350794084676 2.5
      vertex 7.228320493465799 2.000345681061738 2.5
    endloop
  endfacet
  facet normal 0 0 1
    outer loop
      vertex 12.59105061320394 0.3114939060708811 2.5
      vertex 7.121461354447775 2.3526130529916864 2.5
      vertex 7.177052517991566 2.1771350794084676 2.5
    endloop
  endfacet
  facet normal 0 0 1
    outer loop
      vertex 12.59105061320394 0.3114939060708811 2.5
      vertex 7.061580488872656 2.5266739004416503 2.5
      vertex 7.121461354447775 2.3526130529916864 2.5
    endloop
  endfacet
  facet normal 0 0 -1
    outer loop
      vertex 8.469866560009798 30.405994182483873 -2.5
      vertex 5.2860326317400235 26.819212643483553 -2.5
      vertex 5.07101807770216 26.700869911087114 -2.5
    endloop
  endfacet
  facet normal 0 0 -1
    outer loop
      vertex 8.469866560009798 30.405994182483873 -2.5
      vertex 5.503886703453934 26.93224301195515 -2.5
      vertex 5.2860326317400235 26.819212643483553 -2.5
    endloop
  endfacet
  facet normal 0 0 -1
    outer loop
      vertex 8.469866560009798 30.405994182483873 -2.5
      vertex 5.724449065697179 27.039892931234434 -2.5
      vertex 5.503886703453934 26.93224301195515 -2.5
    endloop
  endfacet
  facet normal 0 0 -1
    outer loop
      vertex 8.469866560009798 30.405994182483873 -2.5
      vertex 5.947586859950102 27.142097557035306 -2.5
      vertex 5.724449065697179 27.039892931234434 -2.5
    endloop
  endfacet
  facet normal 0 0 -1
    outer loop
      vertex 8.469866560009798 30.405994182483873 -2.5
      vertex 6.173165676349102 27.238795325112868 -2.5
      vertex 5.947586859950102 27.142097557035306 -2.5
    endloop
  endfacet
  facet normal 0 0 -1
    outer loop
      vertex 8.469866560009798 30.405994182483873 -2.5
      vertex 6.401049634650118 27.32992798834739 -2.5
      vertex 6.173165676349102 27.238795325112868 -2.5
    endloop
  endfacet
  facet normal 0 0 -1
    outer loop
      vertex 8.469866560009798 30.405994182483873 -2.5
      vertex 6.6311014660778 27.41544065183021 -2.5
      vertex 6.401049634650118 27.32992798834739 -2.5
    endloop
  endfacet
  facet normal 0 0 -1
    outer loop
      vertex 5.216457095436378 29.548494156391087 -2.5
      vertex 5.501312043312648 29.662409985434238 -2.5
      vertex 8.469866560009798 30.405994182483873 -2.5
    endloop
  endfacet
  facet normal 0 0 -1
    outer loop
      vertex 5.501312043312648 29.662409985434238 -2.5
      vertex 5.788876832597249 29.769300814787762 -2.5
      vertex 8.469866560009798 30.405994182483873 -2.5
    endloop
  endfacet
  facet normal 0 0 -1
    outer loop
      vertex 5.788876832597249 29.769300814787762 -2.5
      vertex 6.078978245013856 29.86910225741296 -2.5
      vertex 8.469866560009798 30.405994182483873 -2.5
    endloop
  endfacet
  facet normal 0 0 -1
    outer loop
      vertex 6.078978245013856 29.86910225741296 -2.5
      vertex 6.371441534319221 29.96175419665261 -2.5
      vertex 8.469866560009798 30.405994182483873 -2.5
    endloop
  endfacet
  facet normal 0 0 -1
    outer loop
      vertex 6.371441534319221 29.96175419665261 -2.5
      vertex 6.6660905315637695 30.047200822442996 -2.5
      vertex 8.469866560009798 30.405994182483873 -2.5
    endloop
  endfacet
  facet normal 0 0 -1
    outer loop
      vertex 8.469866560009798 30.405994182483873 -2.5
      vertex 6.863182596011085 27.495281805930368 -2.5
      vertex 6.6311014660778 27.41544065183021 -2.5
    endloop
  endfacet
  facet normal 0 0 -1
    outer loop
      vertex 8.469866560009798 30.405994182483873 -2.5
      vertex 7.097153227455377 27.569403357322088 -2.5
      vertex 6.863182596011085 27.495281805930368 -2.5
    endloop
  endfacet
  facet normal 0 0 -1
    outer loop
      vertex 8.469866560009798 30.405994182483873 -2.5
      vertex 7.332872425251016 27.6377606579544 -2.5
      vertex 7.097153227455377 27.569403357322088 -2.5
    endloop
  endfacet
  facet normal 0 0 -1
    outer loop
      vertex 8.469866560009798 30.405994182483873 -2.5
      vertex 7.570198200967361 27.70031253194544 -2.5
      vertex 7.332872425251016 27.6377606579544 -2.5
    endloop
  endfacet
  facet normal 0 0 -1
    outer loop
      vertex 8.469866560009798 30.405994182483873 -2.5
      vertex 7.808987598431302 27.757021300385286 -2.5
      vertex 7.570198200967361 27.70031253194544 -2.5
    endloop
  endfacet
  facet normal 0 0 -1
    outer loop
      vertex 8.469866560009798 30.405994182483873 -2.5
      vertex 8.049096779838717 27.807852804032304 -2.5
      vertex 7.808987598431302 27.757021300385286 -2.5
    endloop
  endfacet
  facet normal 0 0 -1
    outer loop
      vertex 8.469866560009798 30.405994182483873 -2.5
      vertex 8.290381112396988 27.852776423889413 -2.5
      vertex 8.049096779838717 27.807852804032304 -2.5
    endloop
  endfacet
  facet normal 0 0 -1
    outer loop
      vertex 6.6660905315637695 30.047200822442996 -2.5
      vertex 6.962747751209202 30.1253906649318 -2.5
      vertex 8.469866560009798 30.405994182483873 -2.5
    endloop
  endfacet
  facet normal 0 0 -1
    outer loop
      vertex 6.962747751209202 30.1253906649318 -2.5
      vertex 7.261234498039128 30.19627662548161 -2.5
      vertex 8.469866560009798 30.405994182483873 -2.5
    endloop
  endfacet
  facet normal 0 0 -1
    outer loop
      vertex 7.261234498039128 30.19627662548161 -2.5
      vertex 7.561370974798397 30.25981600504038 -2.5
      vertex 8.469866560009798 30.405994182483873 -2.5
    endloop
  endfacet
  facet normal 0 0 -1
    outer loop
      vertex 7.561370974798397 30.25981600504038 -2.5
      vertex 7.862976390496234 30.315970529861765 -2.5
      vertex 8.469866560009798 30.405994182483873 -2.5
    endloop
  endfacet
  facet normal 0 0 -1
    outer loop
      vertex 7.862976390496234 30.315970529861765 -2.5
      vertex 8.165869069307979 30.364706374559763 -2.5
      vertex 8.469866560009798 30.405994182483873 -2.5
    endloop
  endfacet
  facet normal 0 0 -1
    outer loop
      vertex 8.469866560009798 30.405994182483873 -2.5
      vertex 8.532695255446383 27.89176509964781 -2.5
      vertex 8.290381112396988 27.852776423889413 -2.5
    endloop
  endfacet
  facet normal 0 0 -1
    outer loop
      vertex 8.469866560009798 30.405994182483873 -2.5
      vertex 8.775893248007838 27.9247953459871 -2.5
      vertex 8.532695255446383 27.89176509964781 -2.5
    endloop
  endfacet
  facet normal 0 0 -1
    outer loop
      vertex 8.469866560009798 30.405994182483873 -2.5
      vertex 9.019828596704395 27.95184726672197 -2.5
      vertex 8.775893248007838 27.9247953459871 -2.5
    endloop
  endfacet
  facet normal 0 0 -1
    outer loop
      vertex 8.469866560009798 30.405994182483873 -2.5
      vertex 9.264354364003326 27.9729045667869 -2.5
      vertex 9.019828596704395 27.95184726672197 -2.5
    endloop
  endfacet
  facet normal 0 0 -1
    outer loop
      vertex 8.469866560009798 30.405994182483873 -2.5
      vertex 9.50932325672582 27.987954562051726 -2.5
      vertex 9.264354364003326 27.9729045667869 -2.5
    endloop
  endfacet
  facet normal 0 0 -1
    outer loop
      vertex 8.469866560009798 30.405994182483873 -2.5
      vertex 9.754587714770878 27.996988186962042 -2.5
      vertex 9.50932325672582 27.987954562051726 -2.5
    endloop
  endfacet
  facet normal 0 0 -1
    outer loop
      vertex 8.469866560009798 30.405994182483873 -2.5
      vertex 8.774785745880493 30.439809083402462 -2.5
      vertex 9.080442955004157 30.466130708483625 -2.5
    endloop
  endfacet
  facet normal 0 0 -1
    outer loop
      vertex 8.469866560009798 30.405994182483873 -2.5
      vertex 9.080442955004157 30.466130708483625 -2.5
      vertex 9.386654070907275 30.484943202564654 -2.5
    endloop
  endfacet
  facet normal 0 0 -1
    outer loop
      vertex 8.469866560009798 30.405994182483873 -2.5
      vertex 9.386654070907275 30.484943202564654 -2.5
      vertex 9.693234643463596 30.496235233702553 -2.5
    endloop
  endfacet
  facet normal 0 0 -1
    outer loop
      vertex 8.469866560009798 30.405994182483873 -2.5
      vertex 10 28 -2.5
      vertex 9.754587714770878 27.996988186962042 -2.5
    endloop
  endfacet
  facet normal 0 0 -1
    outer loop
      vertex 8.469866560009798 30.405994182483873 -2.5
      vertex 10.245412285229122 27.996988186962042 -2.5
      vertex 10 28 -2.5
    endloop
  endfacet
  facet normal 0 0 -1
    outer loop
      vertex 8.469866560009798 30.405994182483873 -2.5
      vertex 10.49067674327418 27.987954562051726 -2.5
      vertex 10.245412285229122 27.996988186962042 -2.5
    endloop
  endfacet
  facet normal 0 0 -1
    outer loop
      vertex 8.469866560009798 30.405994182483873 -2.5
      vertex 10.735645635996674 27.9729045667869 -2.5
      vertex 10.49067674327418 27.987954562051726 -2.5
    endloop
  endfacet
  facet normal 0 0 -1
    outer loop
      vertex 8.469866560009798 30.405994182483873 -2.5
      vertex 10.980171403295605 27.95184726672197 -2.5
      vertex 10.735645635996674 27.9729045667869 -2.5
    endloop
  endfacet
  facet normal 0 0 -1
    outer loop
      vertex 8.469866560009798 30.405994182483873 -2.5
      vertex 11.224106751992162 27.9247953459871 -2.5
      vertex 10.980171403295605 27.95184726672197 -2.5
    endloop
  endfacet
  facet normal 0 0 -1
    outer loop
      vertex 8.469866560009798 30.405994182483873 -2.5
      vertex 9.693234643463596 30.496235233702553 -2.5
      vertex 10 30.5 -2.5
    endloop
  endfacet
  facet normal 0 0 -1
    outer loop
      vertex 8.469866560009798 30.405994182483873 -2.5
      vertex 10 30.5 -2.5
      vertex 10.306765356536404 30.496235233702553 -2.5
    endloop
  endfacet
  facet normal 0 0 -1
    outer loop
      vertex 8.469866560009798 30.405994182483873 -2.5
      vertex 10.306765356536404 30.496235233702553 -2.5
      vertex 10.613345929092725 30.484943202564654 -2.5
    endloop
  endfacet
  facet normal 0 0 -1
    outer loop
      vertex 8.469866560009798 30.405994182483873 -2.5
      vertex 10.613345929092725 30.484943202564654 -2.5
      vertex 10.919557044995843 30.466130708483625 -2.5
    endloop
  endfacet
  facet normal 0 0 -1
    outer loop
      vertex 8.469866560009798 30.405994182483873 -2.5
      vertex 10.919557044995843 30.466130708483625 -2.5
      vertex 11.225214254119507 30.439809083402462 -2.5
    endloop
  endfacet
  facet normal 0 0 -1
    outer loop
      vertex 8.469866560009798 30.405994182483873 -2.5
      vertex 11.467304744553617 27.89176509964781 -2.5
      vertex 11.224106751992162 27.9247953459871 -2.5
    endloop
  endfacet
  facet normal 0 0 -1
    outer loop
      vertex 8.469866560009798 30.405994182483873 -2.5
      vertex 11.709618887603012 27.852776423889413 -2.5
      vertex 11.467304744553617 27.89176509964781 -2.5
    endloop
  endfacet
  facet normal 0 0 -1
    outer loop
      vertex 8.469866560009798 30.405994182483873 -2.5
      vertex 11.950903220161283 27.807852804032304 -2.5
      vertex 11.709618887603012 27.852776423889413 -2.5
    endloop
  endfacet
  facet normal 0 0 -1
    outer loop
      vertex 8.469866560009798 30.405994182483873 -2.5
      vertex 12.667127574748985 27.6377606579544 -2.5
      vertex 12.429801799032639 27.70031253194544 -2.5
    endloop
  endfacet
  facet normal 0 0 -1
    outer loop
      vertex 8.469866560009798 30.405994182483873 -2.5
      vertex 12.191012401568699 27.757021300385286 -2.5
      vertex 11.950903220161283 27.807852804032304 -2.5
    endloop
  endfacet
  facet normal 0 0 -1
    outer loop
      vertex 8.469866560009798 30.405994182483873 -2.5
      vertex 12.429801799032639 27.70031253194544 -2.5
      vertex 12.191012401568699 27.757021300385286 -2.5
    endloop
  endfacet
  facet normal 0 0 -1
    outer loop
      vertex 8.469866560009798 30.405994182483873 -2.5
      vertex 11.225214254119507 30.439809083402462 -2.5
      vertex 11.530133439990202 30.405994182483873 -2.5
    endloop
  endfacet
  facet normal 0 0 -1
    outer loop
      vertex 8.469866560009798 30.405994182483873 -2.5
      vertex 11.530133439990202 30.405994182483873 -2.5
      vertex 11.834130930692021 30.364706374559763 -2.5
    endloop
  endfacet
  facet normal 0 0 -1
    outer loop
      vertex 8.469866560009798 30.405994182483873 -2.5
      vertex 11.834130930692021 30.364706374559763 -2.5
      vertex 12.137023609503766 30.315970529861765 -2.5
    endloop
  endfacet
  facet normal 0 0 -1
    outer loop
      vertex 8.469866560009798 30.405994182483873 -2.5
      vertex 12.137023609503766 30.315970529861765 -2.5
      vertex 12.438629025201603 30.25981600504038 -2.5
    endloop
  endfacet
  facet normal 0 0 -1
    outer loop
      vertex 8.469866560009798 30.405994182483873 -2.5
      vertex 12.438629025201603 30.25981600504038 -2.5
      vertex 12.738765501960872 30.19627662548161 -2.5
    endloop
  endfacet
  facet normal 0 0 -1
    outer loop
      vertex 8.469866560009798 30.405994182483873 -2.5
      vertex 12.902846772544624 27.569403357322088 -2.5
      vertex 12.667127574748985 27.6377606579544 -2.5
    endloop
  endfacet
  facet normal 0 0 -1
    outer loop
      vertex 8.469866560009798 30.405994182483873 -2.5
      vertex 13.136817403988914 27.495281805930368 -2.5
      vertex 12.902846772544624 27.569403357322088 -2.5
    endloop
  endfacet
  facet normal 0 0 -1
    outer loop
      vertex 8.469866560009798 30.405994182483873 -2.5
      vertex 13.3688985339222 27.41544065183021 -2.5
      vertex 13.136817403988914 27.495281805930368 -2.5
    endloop
  endfacet
  facet normal 0 0 -1
    outer loop
      vertex 8.469866560009798 30.405994182483873 -2.5
      vertex 13.598950365349882 27.32992798834739 -2.5
      vertex 13.3688985339222 27.41544065183021 -2.5
    endloop
  endfacet
  facet normal 0 0 -1
    outer loop
      vertex 8.469866560009798 30.405994182483873 -2.5
      vertex 13.826834323650898 27.238795325112868 -2.5
      vertex 13.598950365349882 27.32992798834739 -2.5
    endloop
  endfacet
  facet normal 0 0 -1
    outer loop
      vertex 8.469866560009798 30.405994182483873 -2.5
      vertex 14.052413140049898 27.142097557035306 -2.5
      vertex 13.826834323650898 27.238795325112868 -2.5
    endloop
  endfacet
  facet normal 0 0 -1
    outer loop
      vertex 8.469866560009798 30.405994182483873 -2.5
      vertex 14.27555093430282 27.039892931234434 -2.5
      vertex 14.052413140049898 27.142097557035306 -2.5
    endloop
  endfacet
  facet normal 0 0 -1
    outer loop
      vertex 8.469866560009798 30.405994182483873 -2.5
      vertex 12.738765501960872 30.19627662548161 -2.5
      vertex 13.037252248790798 30.1253906649318 -2.5
    endloop
  endfacet
  facet normal 0 0 -1
    outer loop
      vertex 8.469866560009798 30.405994182483873 -2.5
      vertex 13.33390946843623 30.047200822442996 -2.5
      vertex 13.62855846568078 29.96175419665261 -2.5
    endloop
  endfacet
  facet normal 0 0 -1
    outer loop
      vertex 8.469866560009798 30.405994182483873 -2.5
      vertex 13.037252248790798 30.1253906649318 -2.5
      vertex 13.33390946843623 30.047200822442996 -2.5
    endloop
  endfacet
  facet normal 0 0 -1
    outer loop
      vertex 8.469866560009798 30.405994182483873 -2.5
      vertex 13.62855846568078 29.96175419665261 -2.5
      vertex 13.921021754986144 29.86910225741296 -2.5
    endloop
  endfacet
  facet normal 0 0 -1
    outer loop
      vertex 8.469866560009798 30.405994182483873 -2.5
      vertex 13.921021754986144 29.86910225741296 -2.5
      vertex 14.21112316740275 29.769300814787762 -2.5
    endloop
  endfacet
  facet normal 0 0 -1
    outer loop
      vertex 8.469866560009798 30.405994182483873 -2.5
      vertex 14.496113296546067 26.93224301195515 -2.5
      vertex 14.27555093430282 27.039892931234434 -2.5
    endloop
  endfacet
  facet normal 0 0 -1
    outer loop
      vertex 8.469866560009798 30.405994182483873 -2.5
      vertex 14.713967368259976 26.819212643483553 -2.5
      vertex 14.496113296546067 26.93224301195515 -2.5
    endloop
  endfacet
  facet normal 0 0 -1
    outer loop
      vertex 8.469866560009798 30.405994182483873 -2.5
      vertex 14.92898192229784 26.700869911087114 -2.5
      vertex 14.713967368259976 26.819212643483553 -2.5
    endloop
  endfacet
  facet normal 0 0 -1
    outer loop
      vertex 8.469866560009798 30.405994182483873 -2.5
      vertex 14.783542904563621 29.548494156391087 -2.5
      vertex 15.065516425062373 29.42762194629413 -2.5
    endloop
  endfacet
  facet normal 0 0 -1
    outer loop
      vertex 8.469866560009798 30.405994182483873 -2.5
      vertex 14.21112316740275 29.769300814787762 -2.5
      vertex 14.498687956687352 29.662409985434238 -2.5
    endloop
  endfacet
  facet normal 0 0 -1
    outer loop
      vertex 8.469866560009798 30.405994182483873 -2.5
      vertex 14.498687956687352 29.662409985434238 -2.5
      vertex 14.783542904563621 29.548494156391087 -2.5
    endloop
  endfacet
  facet normal 0 0 -1
    outer loop
      vertex 8.469866560009798 30.405994182483873 -2.5
      vertex 15.065516425062373 29.42762194629413 -2.5
      vertex 15.344438667878526 29.299866164043042 -2.5
    endloop
  endfacet
  facet normal 0 0 -1
    outer loop
      vertex 8.469866560009798 30.405994182483873 -2.5
      vertex 15.620141620682581 29.165303764943943 -2.5
      vertex 15.89245921032497 29.024015804354438 -2.5
    endloop
  endfacet
  facet normal 0 0 -1
    outer loop
      vertex 8.469866560009798 30.405994182483873 -2.5
      vertex 15.344438667878526 29.299866164043042 -2.5
      vertex 15.620141620682581 29.165303764943943 -2.5
    endloop
  endfacet
  facet normal 0 0 -1
    outer loop
      vertex 8.469866560009798 30.405994182483873 -2.5
      vertex 16.426284302415272 28.7216076250034 -2.5
      vertex 16.687470248588713 28.56066956562134 -2.5
    endloop
  endfacet
  facet normal 0 0 -1
    outer loop
      vertex 8.469866560009798 30.405994182483873 -2.5
      vertex 16.687470248588713 28.56066956562134 -2.5
      vertex 16.944627912745027 28.393370153781817 -2.5
    endloop
  endfacet
  facet normal 0 0 -1
    outer loop
      vertex 8.469866560009798 30.405994182483873 -2.5
      vertex 17.197602392723066 28.219810164394797 -2.5
      vertex 17.446241306155418 28.040094143508064 -2.5
    endloop
  endfacet
  facet normal 0 0 -1
    outer loop
      vertex 8.469866560009798 30.405994182483873 -2.5
      vertex 16.944627912745027 28.393370153781817 -2.5
      vertex 17.197602392723066 28.219810164394797 -2.5
    endloop
  endfacet
  facet normal 0 0 -1
    outer loop
      vertex 8.469866560009798 30.405994182483873 -2.5
      vertex 15.89245921032497 29.024015804354438 -2.5
      vertex 16.1612274028723 28.876087388858892 -2.5
    endloop
  endfacet
  facet normal 0 0 -1
    outer loop
      vertex 8.469866560009798 30.405994182483873 -2.5
      vertex 16.1612274028723 28.876087388858892 -2.5
      vertex 16.426284302415272 28.7216076250034 -2.5
    endloop
  endfacet
  facet normal -0.30200594931922375 0.9533060403541951 0
    outer loop
      vertex 6.078978245013856 29.86910225741296 -2.5
      vertex 6.371441534319221 29.96175419665261 2.5
      vertex 6.371441534319221 29.96175419665261 -2.5
    endloop
  endfacet
  facet normal -0.278519689385049 0.9604305194155669 0
    outer loop
      vertex 6.371441534319221 29.96175419665261 -2.5
      vertex 6.6660905315637695 30.047200822442996 2.5
      vertex 6.6660905315637695 30.047200822442996 -2.5
    endloop
  endfacet
  facet normal -0.25486565960452146 0.9669764710448502 0
    outer loop
      vertex 6.6660905315637695 30.047200822442996 -2.5
      vertex 6.6660905315637695 30.047200822442996 2.5
      vertex 6.962747751209202 30.1253906649318 -2.5
    endloop
  endfacet
  facet normal -0.23105810828067783 0.9729399522055586 0
    outer loop
      vertex 6.962747751209202 30.1253906649318 -2.5
      vertex 7.261234498039128 30.19627662548161 2.5
      vertex 7.261234498039128 30.19627662548161 -2.5
    endloop
  endfacet
  facet normal -0.20711137619221454 0.9783173707196285 0
    outer loop
      vertex 7.261234498039128 30.19627662548161 -2.5
      vertex 7.561370974798397 30.25981600504038 2.5
      vertex 7.561370974798397 30.25981600504038 -2.5
    endloop
  endfacet
  facet normal -0.18303988795513818 0.9831054874312168 0
    outer loop
      vertex 7.561370974798397 30.25981600504038 -2.5
      vertex 7.561370974798397 30.25981600504038 2.5
      vertex 7.862976390496234 30.315970529861765 -2.5
    endloop
  endfacet
  facet normal -0.15885814333386378 0.987301418157858 0
    outer loop
      vertex 7.862976390496234 30.315970529861765 -2.5
      vertex 7.862976390496234 30.315970529861765 2.5
      vertex 8.165869069307979 30.364706374559763 -2.5
    endloop
  endfacet
  facet normal -0.1345807085071183 0.9909026354277811 0
    outer loop
      vertex 8.165869069307979 30.364706374559763 -2.5
      vertex 8.165869069307979 30.364706374559763 2.5
      vertex 8.469866560009798 30.405994182483873 -2.5
    endloop
  endfacet
  facet normal -0.11022220729389269 0.993906970002355 0
    outer loop
      vertex 8.469866560009798 30.405994182483873 -2.5
      vertex 8.774785745880493 30.439809083402462 2.5
      vertex 8.774785745880493 30.439809083402462 -2.5
    endloop
  endfacet
  facet normal -0.0857973123444286 0.996312612182779 0
    outer loop
      vertex 8.774785745880493 30.439809083402462 -2.5
      vertex 8.774785745880493 30.439809083402462 2.5
      vertex 9.080442955004157 30.466130708483625 -2.5
    endloop
  endfacet
  facet normal -0.06132073630221451 0.998118112900149 0
    outer loop
      vertex 9.080442955004157 30.466130708483625 -2.5
      vertex 9.386654070907275 30.484943202564654 2.5
      vertex 9.386654070907275 30.484943202564654 -2.5
    endloop
  endfacet
  facet normal -0.03680722294136126 0.9993223845883494 0
    outer loop
      vertex 9.386654070907275 30.484943202564654 -2.5
      vertex 9.693234643463596 30.496235233702553 2.5
      vertex 9.693234643463596 30.496235233702553 -2.5
    endloop
  endfacet
  facet normal -0.012271538285719584 0.9999247018391444 0
    outer loop
      vertex 9.693234643463596 30.496235233702553 -2.5
      vertex 9.693234643463596 30.496235233702553 2.5
      vertex 10 30.5 -2.5
    endloop
  endfacet
  facet normal 0.012271538285719584 0.9999247018391444 0
    outer loop
      vertex 10 30.5 -2.5
      vertex 10.306765356536404 30.496235233702553 2.5
      vertex 10.306765356536404 30.496235233702553 -2.5
    endloop
  endfacet
  facet normal 0.03680722294136126 0.9993223845883494 0
    outer loop
      vertex 10.306765356536404 30.496235233702553 -2.5
      vertex 10.613345929092725 30.484943202564654 2.5
      vertex 10.613345929092725 30.484943202564654 -2.5
    endloop
  endfacet
  facet normal 0.06132073630221451 0.998118112900149 0
    outer loop
      vertex 10.613345929092725 30.484943202564654 -2.5
      vertex 10.613345929092725 30.484943202564654 2.5
      vertex 10.919557044995843 30.466130708483625 -2.5
    endloop
  endfacet
  facet normal 0.0857973123444286 0.996312612182779 0
    outer loop
      vertex 10.919557044995843 30.466130708483625 -2.5
      vertex 11.225214254119507 30.439809083402462 2.5
      vertex 11.225214254119507 30.439809083402462 -2.5
    endloop
  endfacet
  facet normal 0.11022220729389269 0.993906970002355 0
    outer loop
      vertex 11.225214254119507 30.439809083402462 -2.5
      vertex 11.225214254119507 30.439809083402462 2.5
      vertex 11.530133439990202 30.405994182483873 -2.5
    endloop
  endfacet
  facet normal 0.1345807085071183 0.9909026354277811 0
    outer loop
      vertex 11.530133439990202 30.405994182483873 -2.5
      vertex 11.834130930692021 30.364706374559763 2.5
      vertex 11.834130930692021 30.364706374559763 -2.5
    endloop
  endfacet
  facet normal 0.15885814333386378 0.987301418157858 0
    outer loop
      vertex 11.834130930692021 30.364706374559763 -2.5
      vertex 11.834130930692021 30.364706374559763 2.5
      vertex 12.137023609503766 30.315970529861765 -2.5
    endloop
  endfacet
  facet normal 0.18303988795513818 0.9831054874312168 0
    outer loop
      vertex 12.137023609503766 30.315970529861765 -2.5
      vertex 12.438629025201603 30.25981600504038 2.5
      vertex 12.438629025201603 30.25981600504038 -2.5
    endloop
  endfacet
  facet normal 0.20711137619221454 0.9783173707196285 0
    outer loop
      vertex 12.438629025201603 30.25981600504038 -2.5
      vertex 12.738765501960872 30.19627662548161 2.5
      vertex 12.738765501960872 30.19627662548161 -2.5
    endloop
  endfacet
  facet normal 0.23105810828067783 0.9729399522055586 0
    outer loop
      vertex 12.738765501960872 30.19627662548161 -2.5
      vertex 13.037252248790798 30.1253906649318 2.5
      vertex 13.037252248790798 30.1253906649318 -2.5
    endloop
  endfacet
  facet normal 0.25486565960452146 0.9669764710448502 0
    outer loop
      vertex 13.037252248790798 30.1253906649318 -2.5
      vertex 13.037252248790798 30.1253906649318 2.5
      vertex 13.33390946843623 30.047200822442996 -2.5
    endloop
  endfacet
  facet normal 0.278519689385049 0.9604305194155669 0
    outer loop
      vertex 13.33390946843623 30.047200822442996 -2.5
      vertex 13.62855846568078 29.96175419665261 2.5
      vertex 13.62855846568078 29.96175419665261 -2.5
    endloop
  endfacet
  facet normal 0.30200594931922375 0.9533060403541951 0
    outer loop
      vertex 13.62855846568078 29.96175419665261 -2.5
      vertex 13.62855846568078 29.96175419665261 2.5
      vertex 13.921021754986144 29.86910225741296 -2.5
    endloop
  endfacet
  facet normal 0.3253102921622577 0.9456073253805232 0
    outer loop
      vertex 14.21112316740275 29.769300814787762 -2.5
      vertex 13.921021754986144 29.86910225741296 -2.5
      vertex 14.21112316740275 29.769300814787762 2.5
    endloop
  endfacet
  facet normal 0 0 -1
    outer loop
      vertex 21.024015804354438 12.10754078967503 -2.5
      vertex 21.020215738874093 12.100636526371105 -2.5
      vertex 19.89176509964781 19.467304744553616 -2.5
    endloop
  endfacet
  facet normal 0 0 -1
    outer loop
      vertex 21.024015804354438 12.10754078967503 -2.5
      vertex 19.89176509964781 19.467304744553616 -2.5
      vertex 21.165303764943943 12.379858379317419 -2.5
    endloop
  endfacet
  facet normal 0 0 -1
    outer loop
      vertex 21.165303764943943 12.379858379317419 -2.5
      vertex 19.89176509964781 19.467304744553616 -2.5
      vertex 21.299866164043042 12.655561332121474 -2.5
    endloop
  endfacet
  facet normal 0 0 -1
    outer loop
      vertex 21.299866164043042 12.655561332121474 -2.5
      vertex 19.89176509964781 19.467304744553616 -2.5
      vertex 21.42762194629413 12.934483574937627 -2.5
    endloop
  endfacet
  facet normal 0 0 -1
    outer loop
      vertex 21.42762194629413 12.934483574937627 -2.5
      vertex 19.89176509964781 19.467304744553616 -2.5
      vertex 21.548494156391087 13.216457095436379 -2.5
    endloop
  endfacet
  facet normal 0 0 -1
    outer loop
      vertex 21.548494156391087 13.216457095436379 -2.5
      vertex 19.89176509964781 19.467304744553616 -2.5
      vertex 21.662409985434238 13.501312043312648 -2.5
    endloop
  endfacet
  facet normal 0 0 -1
    outer loop
      vertex 21.662409985434238 13.501312043312648 -2.5
      vertex 19.89176509964781 19.467304744553616 -2.5
      vertex 21.769300814787762 13.78887683259725 -2.5
    endloop
  endfacet
  facet normal 0 0 -1
    outer loop
      vertex 21.769300814787762 13.78887683259725 -2.5
      vertex 19.89176509964781 19.467304744553616 -2.5
      vertex 21.86910225741296 14.078978245013856 -2.5
    endloop
  endfacet
  facet normal 0 0 -1
    outer loop
      vertex 21.86910225741296 14.078978245013856 -2.5
      vertex 19.89176509964781 19.467304744553616 -2.5
      vertex 21.96175419665261 14.37144153431922 -2.5
    endloop
  endfacet
  facet normal 0 0 -1
    outer loop
      vertex 21.96175419665261 14.37144153431922 -2.5
      vertex 19.89176509964781 19.467304744553616 -2.5
      vertex 22.047200822442996 14.66609053156377 -2.5
    endloop
  endfacet
  facet normal 0 0 -1
    outer loop
      vertex 22.047200822442996 14.66609053156377 -2.5
      vertex 19.89176509964781 19.467304744553616 -2.5
      vertex 22.1253906649318 14.962747751209202 -2.5
    endloop
  endfacet
  facet normal 0 0 -1
    outer loop
      vertex 22.1253906649318 14.962747751209202 -2.5
      vertex 19.89176509964781 19.467304744553616 -2.5
      vertex 22.19627662548161 15.261234498039128 -2.5
    endloop
  endfacet
  facet normal 0 0 -1
    outer loop
      vertex 22.19627662548161 15.261234498039128 -2.5
      vertex 19.89176509964781 19.467304744553616 -2.5
      vertex 22.25981600504038 15.561370974798397 -2.5
    endloop
  endfacet
  facet normal 0 0 -1
    outer loop
      vertex 22.25981600504038 15.561370974798397 -2.5
      vertex 19.89176509964781 19.467304744553616 -2.5
      vertex 22.315970529861765 15.862976390496234 -2.5
    endloop
  endfacet
  facet normal 0 0 -1
    outer loop
      vertex 22.315970529861765 15.862976390496234 -2.5
      vertex 19.89176509964781 19.467304744553616 -2.5
      vertex 22.364706374559763 16.165869069307977 -2.5
    endloop
  endfacet
  facet normal 0 0 -1
    outer loop
      vertex 22.364706374559763 16.165869069307977 -2.5
      vertex 19.89176509964781 19.467304744553616 -2.5
      vertex 22.405994182483873 16.469866560009798 -2.5
    endloop
  endfacet
  facet normal 0 0 -1
    outer loop
      vertex 22.405994182483873 16.469866560009798 -2.5
      vertex 19.89176509964781 19.467304744553616 -2.5
      vertex 22.439809083402462 16.774785745880493 -2.5
    endloop
  endfacet
  facet normal 0 0 -1
    outer loop
      vertex 22.439809083402462 16.774785745880493 -2.5
      vertex 19.89176509964781 19.467304744553616 -2.5
      vertex 22.466130708483625 17.08044295500416 -2.5
    endloop
  endfacet
  facet normal 0 0 -1
    outer loop
      vertex 22.484943202564654 17.386654070907277 -2.5
      vertex 19.852776423889413 19.709618887603014 -2.5
      vertex 19.807852804032304 19.950903220161283 -2.5
    endloop
  endfacet
  facet normal 0 0 -1
    outer loop
      vertex 22.466130708483625 17.08044295500416 -2.5
      vertex 19.89176509964781 19.467304744553616 -2.5
      vertex 19.852776423889413 19.709618887603014 -2.5
    endloop
  endfacet
  facet normal 0 0 -1
    outer loop
      vertex 22.496235233702553 17.693234643463597 -2.5
      vertex 19.807852804032304 19.950903220161283 -2.5
      vertex 19.757021300385286 20.1910124015687 -2.5
    endloop
  endfacet
  facet normal 0 0 -1
    outer loop
      vertex 22.5 18 -2.5
      vertex 19.757021300385286 20.1910124015687 -2.5
      vertex 19.70031253194544 20.42980179903264 -2.5
    endloop
  endfacet
  facet normal 0 0 -1
    outer loop
      vertex 22.5 18 -2.5
      vertex 19.70031253194544 20.42980179903264 -2.5
      vertex 19.6377606579544 20.667127574748985 -2.5
    endloop
  endfacet
  facet normal 0 0 -1
    outer loop
      vertex 22.496235233702553 18.306765356536403 -2.5
      vertex 19.6377606579544 20.667127574748985 -2.5
      vertex 19.569403357322088 20.902846772544624 -2.5
    endloop
  endfacet
  facet normal 0 0 -1
    outer loop
      vertex 22.484943202564654 18.613345929092723 -2.5
      vertex 19.569403357322088 20.902846772544624 -2.5
      vertex 19.495281805930368 21.136817403988914 -2.5
    endloop
  endfacet
  facet normal 0 0 -1
    outer loop
      vertex 22.484943202564654 18.613345929092723 -2.5
      vertex 19.495281805930368 21.136817403988914 -2.5
      vertex 22.466130708483625 18.91955704499584 -2.5
    endloop
  endfacet
  facet normal 0 0 -1
    outer loop
      vertex 22.466130708483625 18.91955704499584 -2.5
      vertex 19.32992798834739 21.598950365349882 -2.5
      vertex 22.439809083402462 19.225214254119507 -2.5
    endloop
  endfacet
  facet normal 0 0 -1
    outer loop
      vertex 22.439809083402462 19.225214254119507 -2.5
      vertex 19.238795325112868 21.8268343236509 -2.5
      vertex 22.405994182483873 19.530133439990202 -2.5
    endloop
  endfacet
  facet normal 0 0 -1
    outer loop
      vertex 22.466130708483625 17.08044295500416 -2.5
      vertex 19.852776423889413 19.709618887603014 -2.5
      vertex 22.484943202564654 17.386654070907277 -2.5
    endloop
  endfacet
  facet normal 0 0 -1
    outer loop
      vertex 22.484943202564654 17.386654070907277 -2.5
      vertex 19.807852804032304 19.950903220161283 -2.5
      vertex 22.496235233702553 17.693234643463597 -2.5
    endloop
  endfacet
  facet normal 0 0 -1
    outer loop
      vertex 22.496235233702553 17.693234643463597 -2.5
      vertex 19.757021300385286 20.1910124015687 -2.5
      vertex 22.5 18 -2.5
    endloop
  endfacet
  facet normal 0 0 -1
    outer loop
      vertex 22.5 18 -2.5
      vertex 19.6377606579544 20.667127574748985 -2.5
      vertex 22.496235233702553 18.306765356536403 -2.5
    endloop
  endfacet
  facet normal 0 0 -1
    outer loop
      vertex 22.496235233702553 18.306765356536403 -2.5
      vertex 19.569403357322088 20.902846772544624 -2.5
      vertex 22.484943202564654 18.613345929092723 -2.5
    endloop
  endfacet
  facet normal 0.8760700941953857 -0.4821837720791606 0
    outer loop
      vertex 21.024015804354438 12.10754078967503 -2.5
      vertex 21.024015804354438 12.10754078967503 2.5
      vertex 21.020215738874093 12.100636526371105 -2.5
    endloop
  endfacet
  facet normal 0.8876396204028529 -0.46053871095824195 0
    outer loop
      vertex 21.024015804354438 12.10754078967503 -2.5
      vertex 21.165303764943943 12.379858379317419 -2.5
      vertex 21.165303764943943 12.379858379317419 2.5
    endloop
  endfacet
  facet normal 0.8986744656939539 -0.4386162385385272 0
    outer loop
      vertex 21.165303764943943 12.379858379317419 -2.5
      vertex 21.299866164043042 12.655561332121474 -2.5
      vertex 21.165303764943943 12.379858379317419 2.5
    endloop
  endfacet
  facet normal 0.909167983090525 -0.4164295600976314 0
    outer loop
      vertex 21.299866164043042 12.655561332121474 -2.5
      vertex 21.42762194629413 12.934483574937627 -2.5
      vertex 21.42762194629413 12.934483574937627 2.5
    endloop
  endfacet
  facet normal 0.9191138516900536 -0.39399204006105776 0
    outer loop
      vertex 21.42762194629413 12.934483574937627 -2.5
      vertex 21.548494156391087 13.216457095436379 -2.5
      vertex 21.42762194629413 12.934483574937627 2.5
    endloop
  endfacet
  facet normal 0.9285060804732157 -0.37131719395183693 0
    outer loop
      vertex 21.548494156391087 13.216457095436379 -2.5
      vertex 21.662409985434238 13.501312043312648 -2.5
      vertex 21.662409985434238 13.501312043312648 2.5
    endloop
  endfacet
  facet normal 0.9373390119125742 -0.34841868024943623 0
    outer loop
      vertex 21.662409985434238 13.501312043312648 -2.5
      vertex 21.769300814787762 13.78887683259725 -2.5
      vertex 21.662409985434238 13.501312043312648 2.5
    endloop
  endfacet
  facet normal 0.9456073253805232 -0.3253102921622577 0
    outer loop
      vertex 21.769300814787762 13.78887683259725 -2.5
      vertex 21.86910225741296 14.078978245013856 -2.5
      vertex 21.769300814787762 13.78887683259725 2.5
    endloop
  endfacet
  facet normal 0.9533060403541951 -0.30200594931922375 0
    outer loop
      vertex 21.86910225741296 14.078978245013856 -2.5
      vertex 21.96175419665261 14.37144153431922 -2.5
      vertex 21.86910225741296 14.078978245013856 2.5
    endloop
  endfacet
  facet normal 0.9604305194155669 -0.278519689385049 0
    outer loop
      vertex 21.96175419665261 14.37144153431922 -2.5
      vertex 22.047200822442996 14.66609053156377 -2.5
      vertex 22.047200822442996 14.66609053156377 2.5
    endloop
  endfacet
  facet normal 0.9669764710448502 -0.25486565960452146 0
    outer loop
      vertex 22.047200822442996 14.66609053156377 -2.5
      vertex 22.1253906649318 14.962747751209202 -2.5
      vertex 22.047200822442996 14.66609053156377 2.5
    endloop
  endfacet
  facet normal 0.9729399522055586 -0.23105810828067783 0
    outer loop
      vertex 22.1253906649318 14.962747751209202 -2.5
      vertex 22.19627662548161 15.261234498039128 -2.5
      vertex 22.19627662548161 15.261234498039128 2.5
    endloop
  endfacet
  facet normal 0.9783173707196285 -0.20711137619221454 0
    outer loop
      vertex 22.19627662548161 15.261234498039128 -2.5
      vertex 22.25981600504038 15.561370974798397 -2.5
      vertex 22.25981600504038 15.561370974798397 2.5
    endloop
  endfacet
  facet normal 0.9831054874312168 -0.18303988795513818 0
    outer loop
      vertex 22.25981600504038 15.561370974798397 -2.5
      vertex 22.315970529861765 15.862976390496234 -2.5
      vertex 22.315970529861765 15.862976390496234 2.5
    endloop
  endfacet
  facet normal 0.9873014181578579 -0.1588581433338647 0
    outer loop
      vertex 22.315970529861765 15.862976390496234 -2.5
      vertex 22.364706374559763 16.165869069307977 -2.5
      vertex 22.315970529861765 15.862976390496234 2.5
    endloop
  endfacet
  facet normal 0.9909026354277811 -0.13458070850711754 0
    outer loop
      vertex 22.364706374559763 16.165869069307977 -2.5
      vertex 22.405994182483873 16.469866560009798 -2.5
      vertex 22.364706374559763 16.165869069307977 2.5
    endloop
  endfacet
  facet normal 0.993906970002355 -0.11022220729389269 0
    outer loop
      vertex 22.405994182483873 16.469866560009798 -2.5
      vertex 22.439809083402462 16.774785745880493 -2.5
      vertex 22.439809083402462 16.774785745880493 2.5
    endloop
  endfacet
  facet normal 0.996312612182779 -0.08579731234442811 0
    outer loop
      vertex 22.439809083402462 16.774785745880493 -2.5
      vertex 22.466130708483625 17.08044295500416 -2.5
      vertex 22.466130708483625 17.08044295500416 2.5
    endloop
  endfacet
  facet normal 0.998118112900149 -0.06132073630221451 0
    outer loop
      vertex 22.466130708483625 17.08044295500416 -2.5
      vertex 22.484943202564654 17.386654070907277 -2.5
      vertex 22.466130708483625 17.08044295500416 2.5
    endloop
  endfacet
  facet normal 0.9993223845883494 -0.03680722294136126 0
    outer loop
      vertex 22.484943202564654 17.386654070907277 -2.5
      vertex 22.496235233702553 17.693234643463597 -2.5
      vertex 22.484943202564654 17.386654070907277 2.5
    endloop
  endfacet
  facet normal 0.9999247018391446 -0.012271538285719657 0
    outer loop
      vertex 22.496235233702553 17.693234643463597 -2.5
      vertex 22.5 18 -2.5
      vertex 22.5 18 2.5
    endloop
  endfacet
  facet normal 0.9999247018391446 0.012271538285719657 0
    outer loop
      vertex 22.5 18 -2.5
      vertex 22.496235233702553 18.306765356536403 -2.5
      vertex 22.5 18 2.5
    endloop
  endfacet
  facet normal 0.9993223845883494 0.03680722294136126 0
    outer loop
      vertex 22.496235233702553 18.306765356536403 -2.5
      vertex 22.484943202564654 18.613345929092723 -2.5
      vertex 22.484943202564654 18.613345929092723 2.5
    endloop
  endfacet
  facet normal 0.998118112900149 0.06132073630221451 0
    outer loop
      vertex 22.484943202564654 18.613345929092723 -2.5
      vertex 22.466130708483625 18.91955704499584 -2.5
      vertex 22.484943202564654 18.613345929092723 2.5
    endloop
  endfacet
  facet normal 0.996312612182779 0.08579731234442811 0
    outer loop
      vertex 22.466130708483625 18.91955704499584 -2.5
      vertex 22.439809083402462 19.225214254119507 -2.5
      vertex 22.439809083402462 19.225214254119507 2.5
    endloop
  endfacet
  facet normal 0.993906970002355 0.11022220729389269 0
    outer loop
      vertex 22.439809083402462 19.225214254119507 -2.5
      vertex 22.405994182483873 19.530133439990202 -2.5
      vertex 22.439809083402462 19.225214254119507 2.5
    endloop
  endfacet
  facet normal 0.9909026354277811 0.13458070850711754 0
    outer loop
      vertex 22.405994182483873 19.530133439990202 -2.5
      vertex 22.364706374559763 19.834130930692023 -2.5
      vertex 22.405994182483873 19.530133439990202 2.5
    endloop
  endfacet
  facet normal 0.9873014181578577 0.1588581433338656 0
    outer loop
      vertex 22.364706374559763 19.834130930692023 -2.5
      vertex 22.315970529861765 20.137023609503764 -2.5
      vertex 22.364706374559763 19.834130930692023 2.5
    endloop
  endfacet
  facet normal 0.9831054874312171 0.18303988795513715 0
    outer loop
      vertex 22.315970529861765 20.137023609503764 -2.5
      vertex 22.25981600504038 20.438629025201603 -2.5
      vertex 22.25981600504038 20.438629025201603 2.5
    endloop
  endfacet
  facet normal 0 0 -1
    outer loop
      vertex 21.42762194629413 23.065516425062373 -2.5
      vertex 15.349976198870971 26.44853565249707 -2.5
      vertex 15.141027441932218 26.57728610000272 -2.5
    endloop
  endfacet
  facet normal 0 0 -1
    outer loop
      vertex 21.42762194629413 23.065516425062373 -2.5
      vertex 15.555702330196022 26.314696123025453 -2.5
      vertex 15.349976198870971 26.44853565249707 -2.5
    endloop
  endfacet
  facet normal 0 0 -1
    outer loop
      vertex 21.42762194629413 23.065516425062373 -2.5
      vertex 15.758081914178454 26.175848131515835 -2.5
      vertex 15.555702330196022 26.314696123025453 -2.5
    endloop
  endfacet
  facet normal 0 0 -1
    outer loop
      vertex 21.548494156391087 22.78354290456362 -2.5
      vertex 15.956993044924333 26.03207531480645 -2.5
      vertex 15.758081914178454 26.175848131515835 -2.5
    endloop
  endfacet
  facet normal 0 0 -1
    outer loop
      vertex 21.548494156391087 22.78354290456362 -2.5
      vertex 16.15231590580627 25.883464276266064 -2.5
      vertex 15.956993044924333 26.03207531480645 -2.5
    endloop
  endfacet
  facet normal 0 0 -1
    outer loop
      vertex 21.548494156391087 22.78354290456362 -2.5
      vertex 16.343932841636455 25.73010453362737 -2.5
      vertex 16.15231590580627 25.883464276266064 -2.5
    endloop
  endfacet
  facet normal 0 0 -1
    outer loop
      vertex 21.662409985434238 22.498687956687352 -2.5
      vertex 16.531728429537768 25.572088465064844 -2.5
      vertex 16.343932841636455 25.73010453362737 -2.5
    endloop
  endfacet
  facet normal 0 0 -1
    outer loop
      vertex 21.662409985434238 22.498687956687352 -2.5
      vertex 16.89540544737067 25.24247082951467 -2.5
      vertex 16.715589548470184 25.409511253549592 -2.5
    endloop
  endfacet
  facet normal 0 0 -1
    outer loop
      vertex 21.662409985434238 22.498687956687352 -2.5
      vertex 16.715589548470184 25.409511253549592 -2.5
      vertex 16.531728429537768 25.572088465064844 -2.5
    endloop
  endfacet
  facet normal 0 0 -1
    outer loop
      vertex 8.469866560009798 30.405994182483873 -2.5
      vertex 21.42762194629413 23.065516425062373 -2.5
      vertex 14.92898192229784 26.700869911087114 -2.5
    endloop
  endfacet
  facet normal 0 0 -1
    outer loop
      vertex 8.469866560009798 30.405994182483873 -2.5
      vertex 18.838834764831844 26.838834764831844 -2.5
      vertex 19.053088536893338 26.619256809213333 -2.5
    endloop
  endfacet
  facet normal 0 0 -1
    outer loop
      vertex 8.469866560009798 30.405994182483873 -2.5
      vertex 19.053088536893338 26.619256809213333 -2.5
      vertex 19.261889066936988 26.39448693558773 -2.5
    endloop
  endfacet
  facet normal 0 0 -1
    outer loop
      vertex 8.469866560009798 30.405994182483873 -2.5
      vertex 19.465110581331057 26.16466053692221 -2.5
      vertex 19.662630667034215 25.92991605204557 -2.5
    endloop
  endfacet
  facet normal 0 0 -1
    outer loop
      vertex 8.469866560009798 30.405994182483873 -2.5
      vertex 19.261889066936988 26.39448693558773 -2.5
      vertex 19.465110581331057 26.16466053692221 -2.5
    endloop
  endfacet
  facet normal 0 0 -1
    outer loop
      vertex 8.469866560009798 30.405994182483873 -2.5
      vertex 19.854330345332578 25.690394882257834 -2.5
      vertex 20.040094143508064 25.446241306155418 -2.5
    endloop
  endfacet
  facet normal 0 0 -1
    outer loop
      vertex 8.469866560009798 30.405994182483873 -2.5
      vertex 20.040094143508064 25.446241306155418 -2.5
      vertex 20.219810164394797 25.197602392723066 -2.5
    endloop
  endfacet
  facet normal 0 0 -1
    outer loop
      vertex 8.469866560009798 30.405994182483873 -2.5
      vertex 20.219810164394797 25.197602392723066 -2.5
      vertex 20.393370153781817 24.944627912745027 -2.5
    endloop
  endfacet
  facet normal 0 0 -1
    outer loop
      vertex 8.469866560009798 30.405994182483873 -2.5
      vertex 19.662630667034215 25.92991605204557 -2.5
      vertex 19.854330345332578 25.690394882257834 -2.5
    endloop
  endfacet
  facet normal 0 0 -1
    outer loop
      vertex 8.469866560009798 30.405994182483873 -2.5
      vertex 17.92991605204557 27.662630667034215 -2.5
      vertex 18.16466053692221 27.465110581331057 -2.5
    endloop
  endfacet
  facet normal 0 0 -1
    outer loop
      vertex 8.469866560009798 30.405994182483873 -2.5
      vertex 17.446241306155418 28.040094143508064 -2.5
      vertex 17.690394882257834 27.854330345332578 -2.5
    endloop
  endfacet
  facet normal 0 0 -1
    outer loop
      vertex 8.469866560009798 30.405994182483873 -2.5
      vertex 17.690394882257834 27.854330345332578 -2.5
      vertex 17.92991605204557 27.662630667034215 -2.5
    endloop
  endfacet
  facet normal 0 0 -1
    outer loop
      vertex 8.469866560009798 30.405994182483873 -2.5
      vertex 18.16466053692221 27.465110581331057 -2.5
      vertex 18.39448693558773 27.261889066936988 -2.5
    endloop
  endfacet
  facet normal 0 0 -1
    outer loop
      vertex 8.469866560009798 30.405994182483873 -2.5
      vertex 18.39448693558773 27.261889066936988 -2.5
      vertex 18.619256809213333 27.053088536893338 -2.5
    endloop
  endfacet
  facet normal 0 0 -1
    outer loop
      vertex 8.469866560009798 30.405994182483873 -2.5
      vertex 18.619256809213333 27.053088536893338 -2.5
      vertex 18.838834764831844 26.838834764831844 -2.5
    endloop
  endfacet
  facet normal 0 0 -1
    outer loop
      vertex 8.469866560009798 30.405994182483873 -2.5
      vertex 21.024015804354438 23.892459210324972 -2.5
      vertex 21.165303764943943 23.62014162068258 -2.5
    endloop
  endfacet
  facet normal 0 0 -1
    outer loop
      vertex 8.469866560009798 30.405994182483873 -2.5
      vertex 20.393370153781817 24.944627912745027 -2.5
      vertex 20.56066956562134 24.687470248588713 -2.5
    endloop
  endfacet
  facet normal 0 0 -1
    outer loop
      vertex 8.469866560009798 30.405994182483873 -2.5
      vertex 20.56066956562134 24.687470248588713 -2.5
      vertex 20.7216076250034 24.426284302415272 -2.5
    endloop
  endfacet
  facet normal 0 0 -1
    outer loop
      vertex 8.469866560009798 30.405994182483873 -2.5
      vertex 20.876087388858892 24.1612274028723 -2.5
      vertex 21.024015804354438 23.892459210324972 -2.5
    endloop
  endfacet
  facet normal 0 0 -1
    outer loop
      vertex 8.469866560009798 30.405994182483873 -2.5
      vertex 20.7216076250034 24.426284302415272 -2.5
      vertex 20.876087388858892 24.1612274028723 -2.5
    endloop
  endfacet
  facet normal 0 0 -1
    outer loop
      vertex 21.42762194629413 23.065516425062373 -2.5
      vertex 15.141027441932218 26.57728610000272 -2.5
      vertex 14.92898192229784 26.700869911087114 -2.5
    endloop
  endfacet
  facet normal 0 0 -1
    outer loop
      vertex 8.469866560009798 30.405994182483873 -2.5
      vertex 21.299866164043042 23.344438667878528 -2.5
      vertex 21.42762194629413 23.065516425062373 -2.5
    endloop
  endfacet
  facet normal 0 0 -1
    outer loop
      vertex 8.469866560009798 30.405994182483873 -2.5
      vertex 21.165303764943943 23.62014162068258 -2.5
      vertex 21.299866164043042 23.344438667878528 -2.5
    endloop
  endfacet
  facet normal 0 0 -1
    outer loop
      vertex 22.466130708483625 18.91955704499584 -2.5
      vertex 19.495281805930368 21.136817403988914 -2.5
      vertex 19.41544065183021 21.3688985339222 -2.5
    endloop
  endfacet
  facet normal 0 0 -1
    outer loop
      vertex 22.466130708483625 18.91955704499584 -2.5
      vertex 19.41544065183021 21.3688985339222 -2.5
      vertex 19.32992798834739 21.598950365349882 -2.5
    endloop
  endfacet
  facet normal 0 0 -1
    outer loop
      vertex 22.439809083402462 19.225214254119507 -2.5
      vertex 19.32992798834739 21.598950365349882 -2.5
      vertex 19.238795325112868 21.8268343236509 -2.5
    endloop
  endfacet
  facet normal 0 0 -1
    outer loop
      vertex 22.405994182483873 19.530133439990202 -2.5
      vertex 19.142097557035306 22.0524131400499 -2.5
      vertex 19.039892931234434 22.27555093430282 -2.5
    endloop
  endfacet
  facet normal 0 0 -1
    outer loop
      vertex 22.364706374559763 19.834130930692023 -2.5
      vertex 19.039892931234434 22.27555093430282 -2.5
      vertex 18.93224301195515 22.496113296546067 -2.5
    endloop
  endfacet
  facet normal 0 0 -1
    outer loop
      vertex 22.405994182483873 19.530133439990202 -2.5
      vertex 19.238795325112868 21.8268343236509 -2.5
      vertex 19.142097557035306 22.0524131400499 -2.5
    endloop
  endfacet
  facet normal 0 0 -1
    outer loop
      vertex 22.315970529861765 20.137023609503764 -2.5
      vertex 18.819212643483553 22.713967368259976 -2.5
      vertex 18.700869911087114 22.92898192229784 -2.5
    endloop
  endfacet
  facet normal 0 0 -1
    outer loop
      vertex 22.25981600504038 20.438629025201603 -2.5
      vertex 18.700869911087114 22.92898192229784 -2.5
      vertex 18.57728610000272 23.141027441932216 -2.5
    endloop
  endfacet
  facet normal 0 0 -1
    outer loop
      vertex 22.19627662548161 20.738765501960874 -2.5
      vertex 18.44853565249707 23.34997619887097 -2.5
      vertex 18.314696123025453 23.55570233019602 -2.5
    endloop
  endfacet
  facet normal 0 0 -1
    outer loop
      vertex 22.1253906649318 21.0372522487908 -2.5
      vertex 18.314696123025453 23.55570233019602 -2.5
      vertex 18.175848131515835 23.758081914178454 -2.5
    endloop
  endfacet
  facet normal 0 0 -1
    outer loop
      vertex 22.19627662548161 20.738765501960874 -2.5
      vertex 18.57728610000272 23.141027441932216 -2.5
      vertex 18.44853565249707 23.34997619887097 -2.5
    endloop
  endfacet
  facet normal 0 0 -1
    outer loop
      vertex 22.315970529861765 20.137023609503764 -2.5
      vertex 18.93224301195515 22.496113296546067 -2.5
      vertex 18.819212643483553 22.713967368259976 -2.5
    endloop
  endfacet
  facet normal 0 0 -1
    outer loop
      vertex 21.96175419665261 21.62855846568078 -2.5
      vertex 17.572088465064844 24.531728429537768 -2.5
      vertex 21.86910225741296 21.921021754986143 -2.5
    endloop
  endfacet
  facet normal 0 0 -1
    outer loop
      vertex 21.769300814787762 22.21112316740275 -2.5
      vertex 17.24247082951467 24.89540544737067 -2.5
      vertex 17.071067811865476 25.071067811865476 -2.5
    endloop
  endfacet
  facet normal 0 0 -1
    outer loop
      vertex 21.86910225741296 21.921021754986143 -2.5
      vertex 17.409511253549592 24.715589548470184 -2.5
      vertex 17.24247082951467 24.89540544737067 -2.5
    endloop
  endfacet
  facet normal 0 0 -1
    outer loop
      vertex 21.96175419665261 21.62855846568078 -2.5
      vertex 17.883464276266064 24.15231590580627 -2.5
      vertex 17.73010453362737 24.343932841636455 -2.5
    endloop
  endfacet
  facet normal 0 0 -1
    outer loop
      vertex 21.96175419665261 21.62855846568078 -2.5
      vertex 17.73010453362737 24.343932841636455 -2.5
      vertex 17.572088465064844 24.531728429537768 -2.5
    endloop
  endfacet
  facet normal 0 0 -1
    outer loop
      vertex 22.047200822442996 21.333909468436232 -2.5
      vertex 18.03207531480645 23.95699304492433 -2.5
      vertex 17.883464276266064 24.15231590580627 -2.5
    endloop
  endfacet
  facet normal 0 0 -1
    outer loop
      vertex 22.047200822442996 21.333909468436232 -2.5
      vertex 18.175848131515835 23.758081914178454 -2.5
      vertex 18.03207531480645 23.95699304492433 -2.5
    endloop
  endfacet
  facet normal 0 0 -1
    outer loop
      vertex 21.86910225741296 21.921021754986143 -2.5
      vertex 17.572088465064844 24.531728429537768 -2.5
      vertex 17.409511253549592 24.715589548470184 -2.5
    endloop
  endfacet
  facet normal 0 0 -1
    outer loop
      vertex 21.769300814787762 22.21112316740275 -2.5
      vertex 17.071067811865476 25.071067811865476 -2.5
      vertex 16.89540544737067 25.24247082951467 -2.5
    endloop
  endfacet
  facet normal 0 0 -1
    outer loop
      vertex 21.548494156391087 22.78354290456362 -2.5
      vertex 15.758081914178454 26.175848131515835 -2.5
      vertex 21.42762194629413 23.065516425062373 -2.5
    endloop
  endfacet
  facet normal 0 0 -1
    outer loop
      vertex 21.662409985434238 22.498687956687352 -2.5
      vertex 16.343932841636455 25.73010453362737 -2.5
      vertex 21.548494156391087 22.78354290456362 -2.5
    endloop
  endfacet
  facet normal 0 0 -1
    outer loop
      vertex 21.769300814787762 22.21112316740275 -2.5
      vertex 16.89540544737067 25.24247082951467 -2.5
      vertex 21.662409985434238 22.498687956687352 -2.5
    endloop
  endfacet
  facet normal 0 0 -1
    outer loop
      vertex 21.86910225741296 21.921021754986143 -2.5
      vertex 17.24247082951467 24.89540544737067 -2.5
      vertex 21.769300814787762 22.21112316740275 -2.5
    endloop
  endfacet
  facet normal 0 0 -1
    outer loop
      vertex 22.364706374559763 19.834130930692023 -2.5
      vertex 18.93224301195515 22.496113296546067 -2.5
      vertex 22.315970529861765 20.137023609503764 -2.5
    endloop
  endfacet
  facet normal 0 0 -1
    outer loop
      vertex 22.405994182483873 19.530133439990202 -2.5
      vertex 19.039892931234434 22.27555093430282 -2.5
      vertex 22.364706374559763 19.834130930692023 -2.5
    endloop
  endfacet
  facet normal 0 0 -1
    outer loop
      vertex 22.315970529861765 20.137023609503764 -2.5
      vertex 18.700869911087114 22.92898192229784 -2.5
      vertex 22.25981600504038 20.438629025201603 -2.5
    endloop
  endfacet
  facet normal 0 0 -1
    outer loop
      vertex 22.19627662548161 20.738765501960874 -2.5
      vertex 22.25981600504038 20.438629025201603 -2.5
      vertex 18.57728610000272 23.141027441932216 -2.5
    endloop
  endfacet
  facet normal 0 0 -1
    outer loop
      vertex 22.19627662548161 20.738765501960874 -2.5
      vertex 18.314696123025453 23.55570233019602 -2.5
      vertex 22.1253906649318 21.0372522487908 -2.5
    endloop
  endfacet
  facet normal 0 0 -1
    outer loop
      vertex 22.1253906649318 21.0372522487908 -2.5
      vertex 18.175848131515835 23.758081914178454 -2.5
      vertex 22.047200822442996 21.333909468436232 -2.5
    endloop
  endfacet
  facet normal 0 0 -1
    outer loop
      vertex 21.96175419665261 21.62855846568078 -2.5
      vertex 22.047200822442996 21.333909468436232 -2.5
      vertex 17.883464276266064 24.15231590580627 -2.5
    endloop
  endfacet
  facet normal 0.34841868024943623 0.9373390119125742 0
    outer loop
      vertex 14.21112316740275 29.769300814787762 -2.5
      vertex 14.498687956687352 29.662409985434238 2.5
      vertex 14.498687956687352 29.662409985434238 -2.5
    endloop
  endfacet
  facet normal 0.37131719395183693 0.9285060804732157 0
    outer loop
      vertex 14.498687956687352 29.662409985434238 -2.5
      vertex 14.498687956687352 29.662409985434238 2.5
      vertex 14.783542904563621 29.548494156391087 -2.5
    endloop
  endfacet
  facet normal 0.39399204006105776 0.9191138516900536 0
    outer loop
      vertex 14.783542904563621 29.548494156391087 -2.5
      vertex 15.065516425062373 29.42762194629413 2.5
      vertex 15.065516425062373 29.42762194629413 -2.5
    endloop
  endfacet
  facet normal 0.4164295600976314 0.909167983090525 0
    outer loop
      vertex 15.065516425062373 29.42762194629413 -2.5
      vertex 15.065516425062373 29.42762194629413 2.5
      vertex 15.344438667878526 29.299866164043042 -2.5
    endloop
  endfacet
  facet normal 0.4386162385385272 0.8986744656939539 0
    outer loop
      vertex 15.344438667878526 29.299866164043042 -2.5
      vertex 15.620141620682581 29.165303764943943 2.5
      vertex 15.620141620682581 29.165303764943943 -2.5
    endloop
  endfacet
  facet normal 0.46053871095824195 0.8876396204028529 0
    outer loop
      vertex 15.620141620682581 29.165303764943943 -2.5
      vertex 15.89245921032497 29.024015804354438 2.5
      vertex 15.89245921032497 29.024015804354438 -2.5
    endloop
  endfacet
  facet normal 0.48218377207912577 0.8760700941954049 0
    outer loop
      vertex 15.89245921032497 29.024015804354438 -2.5
      vertex 15.89245921032497 29.024015804354438 2.5
      vertex 16.1612274028723 28.876087388858892 -2.5
    endloop
  endfacet
  facet normal 0.5035383837257131 0.8639728561215894 0
    outer loop
      vertex 16.1612274028723 28.876087388858892 -2.5
      vertex 16.426284302415272 28.7216076250034 2.5
      vertex 16.426284302415272 28.7216076250034 -2.5
    endloop
  endfacet
  facet normal 0.605511041404336 0.7958369046088756 0
    outer loop
      vertex 17.690394882257834 27.854330345332578 -2.5
      vertex 17.446241306155418 28.040094143508064 -2.5
      vertex 17.690394882257834 27.854330345332578 2.5
    endloop
  endfacet
  facet normal 0.624859488142376 0.7807372285721028 0
    outer loop
      vertex 17.690394882257834 27.854330345332578 -2.5
      vertex 17.690394882257834 27.854330345332578 2.5
      vertex 17.92991605204557 27.662630667034215 -2.5
    endloop
  endfacet
  facet normal 0.643831542889798 0.7651672656224534 0
    outer loop
      vertex 18.16466053692221 27.465110581331057 -2.5
      vertex 17.92991605204557 27.662630667034215 -2.5
      vertex 18.16466053692221 27.465110581331057 2.5
    endloop
  endfacet
  facet normal 0.6624157775901762 0.7491363945234554 0
    outer loop
      vertex 18.39448693558773 27.261889066936988 -2.5
      vertex 18.16466053692221 27.465110581331057 -2.5
      vertex 18.16466053692221 27.465110581331057 2.5
    endloop
  endfacet
  facet normal 0.545324988422044 0.8382247055548396 0
    outer loop
      vertex 16.687470248588713 28.56066956562134 -2.5
      vertex 16.944627912745027 28.393370153781817 2.5
      vertex 16.944627912745027 28.393370153781817 -2.5
    endloop
  endfacet
  facet normal 0.5245896826784707 0.851355193105264 0
    outer loop
      vertex 16.687470248588713 28.56066956562134 -2.5
      vertex 16.426284302415272 28.7216076250034 -2.5
      vertex 16.426284302415272 28.7216076250034 2.5
    endloop
  endfacet
  facet normal 0.5657318107836119 0.8245893027850262 0
    outer loop
      vertex 16.944627912745027 28.393370153781817 -2.5
      vertex 17.197602392723066 28.219810164394797 2.5
      vertex 17.197602392723066 28.219810164394797 -2.5
    endloop
  endfacet
  facet normal 0.5857978574564336 0.8104571982525985 0
    outer loop
      vertex 17.197602392723066 28.219810164394797 -2.5
      vertex 17.197602392723066 28.219810164394797 2.5
      vertex 17.446241306155418 28.040094143508064 -2.5
    endloop
  endfacet
  facet normal 0.8104571982525985 0.5857978574564336 0
    outer loop
      vertex 20.219810164394797 25.197602392723066 -2.5
      vertex 20.040094143508064 25.446241306155418 -2.5
      vertex 20.219810164394797 25.197602392723066 2.5
    endloop
  endfacet
  facet normal 0.8245893027850262 0.5657318107836119 0
    outer loop
      vertex 20.393370153781817 24.944627912745027 -2.5
      vertex 20.219810164394797 25.197602392723066 -2.5
      vertex 20.219810164394797 25.197602392723066 2.5
    endloop
  endfacet
  facet normal 0.9783173707196288 0.20711137619221337 0
    outer loop
      vertex 22.19627662548161 20.738765501960874 -2.5
      vertex 22.25981600504038 20.438629025201603 2.5
      vertex 22.25981600504038 20.438629025201603 -2.5
    endloop
  endfacet
  facet normal 0.9729399522055586 0.23105810828067783 0
    outer loop
      vertex 22.19627662548161 20.738765501960874 -2.5
      vertex 22.1253906649318 21.0372522487908 -2.5
      vertex 22.1253906649318 21.0372522487908 2.5
    endloop
  endfacet
  facet normal 0.9669764710448502 0.25486565960452146 0
    outer loop
      vertex 22.1253906649318 21.0372522487908 -2.5
      vertex 22.047200822442996 21.333909468436232 -2.5
      vertex 22.047200822442996 21.333909468436232 2.5
    endloop
  endfacet
  facet normal 0.9604305194155665 0.27851968938505056 0
    outer loop
      vertex 21.96175419665261 21.62855846568078 -2.5
      vertex 22.047200822442996 21.333909468436232 2.5
      vertex 22.047200822442996 21.333909468436232 -2.5
    endloop
  endfacet
  facet normal 0.9533060403541948 0.3020059493192255 0
    outer loop
      vertex 21.96175419665261 21.62855846568078 -2.5
      vertex 21.86910225741296 21.921021754986143 -2.5
      vertex 21.86910225741296 21.921021754986143 2.5
    endloop
  endfacet
  facet normal 0.9456073253805237 0.3253102921622559 0
    outer loop
      vertex 21.86910225741296 21.921021754986143 -2.5
      vertex 21.769300814787762 22.21112316740275 -2.5
      vertex 21.86910225741296 21.921021754986143 2.5
    endloop
  endfacet
  facet normal 0.9373390119125742 0.34841868024943623 0
    outer loop
      vertex 21.769300814787762 22.21112316740275 -2.5
      vertex 21.662409985434238 22.498687956687352 -2.5
      vertex 21.769300814787762 22.21112316740275 2.5
    endloop
  endfacet
  facet normal 0.9285060804732157 0.37131719395183693 0
    outer loop
      vertex 21.662409985434238 22.498687956687352 -2.5
      vertex 21.548494156391087 22.78354290456362 -2.5
      vertex 21.548494156391087 22.78354290456362 2.5
    endloop
  endfacet
  facet normal 0.8760700941954036 0.4821837720791282 0
    outer loop
      vertex 20.876087388858892 24.1612274028723 -2.5
      vertex 20.876087388858892 24.1612274028723 2.5
      vertex 21.024015804354438 23.892459210324972 -2.5
    endloop
  endfacet
  facet normal 0.9191138516900536 0.39399204006105776 0
    outer loop
      vertex 21.548494156391087 22.78354290456362 -2.5
      vertex 21.42762194629413 23.065516425062373 -2.5
      vertex 21.42762194629413 23.065516425062373 2.5
    endloop
  endfacet
  facet normal 0.9091679830905262 0.41642956009762916 0
    outer loop
      vertex 21.42762194629413 23.065516425062373 -2.5
      vertex 21.299866164043042 23.344438667878528 -2.5
      vertex 21.42762194629413 23.065516425062373 2.5
    endloop
  endfacet
  facet normal 0.8986744656939529 0.43861623853852955 0
    outer loop
      vertex 21.299866164043042 23.344438667878528 -2.5
      vertex 21.165303764943943 23.62014162068258 -2.5
      vertex 21.299866164043042 23.344438667878528 2.5
    endloop
  endfacet
  facet normal 0.8876396204028543 0.4605387109582396 0
    outer loop
      vertex 21.165303764943943 23.62014162068258 -2.5
      vertex 21.024015804354438 23.892459210324972 -2.5
      vertex 21.024015804354438 23.892459210324972 2.5
    endloop
  endfacet
  facet normal 0.8382247055548396 0.545324988422044 0
    outer loop
      vertex 20.393370153781817 24.944627912745027 -2.5
      vertex 20.56066956562134 24.687470248588713 2.5
      vertex 20.56066956562134 24.687470248588713 -2.5
    endloop
  endfacet
  facet normal 0.851355193105264 0.5245896826784707 0
    outer loop
      vertex 20.7216076250034 24.426284302415272 -2.5
      vertex 20.56066956562134 24.687470248588713 -2.5
      vertex 20.56066956562134 24.687470248588713 2.5
    endloop
  endfacet
  facet normal 0.8639728561215894 0.5035383837257131 0
    outer loop
      vertex 20.876087388858892 24.1612274028723 -2.5
      vertex 20.7216076250034 24.426284302415272 -2.5
      vertex 20.876087388858892 24.1612274028723 2.5
    endloop
  endfacet
  facet normal 0.7157308252838238 0.6983762494089675 0
    outer loop
      vertex 19.053088536893338 26.619256809213333 -2.5
      vertex 18.838834764831844 26.838834764831844 -2.5
      vertex 19.053088536893338 26.619256809213333 2.5
    endloop
  endfacet
  facet normal 0.7326542716724127 0.6806009977954532 0
    outer loop
      vertex 19.053088536893338 26.619256809213333 -2.5
      vertex 19.053088536893338 26.619256809213333 2.5
      vertex 19.261889066936988 26.39448693558773 -2.5
    endloop
  endfacet
  facet normal 0.7491363945234554 0.6624157775901762 0
    outer loop
      vertex 19.261889066936988 26.39448693558773 -2.5
      vertex 19.261889066936988 26.39448693558773 2.5
      vertex 19.465110581331057 26.16466053692221 -2.5
    endloop
  endfacet
  facet normal 0.6806009977954532 0.7326542716724127 0
    outer loop
      vertex 18.39448693558773 27.261889066936988 -2.5
      vertex 18.39448693558773 27.261889066936988 2.5
      vertex 18.619256809213333 27.053088536893338 -2.5
    endloop
  endfacet
  facet normal 0.6983762494089675 0.7157308252838238 0
    outer loop
      vertex 18.619256809213333 27.053088536893338 -2.5
      vertex 18.838834764831844 26.838834764831844 2.5
      vertex 18.838834764831844 26.838834764831844 -2.5
    endloop
  endfacet
  facet normal 0.7807372285721028 0.624859488142376 0
    outer loop
      vertex 19.662630667034215 25.92991605204557 -2.5
      vertex 19.662630667034215 25.92991605204557 2.5
      vertex 19.854330345332578 25.690394882257834 -2.5
    endloop
  endfacet
  facet normal 0.7651672656224534 0.643831542889798 0
    outer loop
      vertex 19.662630667034215 25.92991605204557 -2.5
      vertex 19.465110581331057 26.16466053692221 -2.5
      vertex 19.465110581331057 26.16466053692221 2.5
    endloop
  endfacet
  facet normal 0.7958369046088756 0.605511041404336 0
    outer loop
      vertex 19.854330345332578 25.690394882257834 -2.5
      vertex 20.040094143508064 25.446241306155418 2.5
      vertex 20.040094143508064 25.446241306155418 -2.5
    endloop
  endfacet
  facet normal -0.278519689385049 0.9604305194155669 0
    outer loop
      vertex 6.371441534319221 29.96175419665261 -2.5
      vertex 6.371441534319221 29.96175419665261 2.5
      vertex 6.6660905315637695 30.047200822442996 2.5
    endloop
  endfacet
  facet normal -0.25486565960452146 0.9669764710448502 0
    outer loop
      vertex 6.962747751209202 30.1253906649318 -2.5
      vertex 6.6660905315637695 30.047200822442996 2.5
      vertex 6.962747751209202 30.1253906649318 2.5
    endloop
  endfacet
  facet normal -0.23105810828067783 0.9729399522055586 0
    outer loop
      vertex 6.962747751209202 30.1253906649318 -2.5
      vertex 6.962747751209202 30.1253906649318 2.5
      vertex 7.261234498039128 30.19627662548161 2.5
    endloop
  endfacet
  facet normal -0.20711137619221454 0.9783173707196285 0
    outer loop
      vertex 7.261234498039128 30.19627662548161 -2.5
      vertex 7.261234498039128 30.19627662548161 2.5
      vertex 7.561370974798397 30.25981600504038 2.5
    endloop
  endfacet
  facet normal -0.18303988795513818 0.9831054874312168 0
    outer loop
      vertex 7.862976390496234 30.315970529861765 -2.5
      vertex 7.561370974798397 30.25981600504038 2.5
      vertex 7.862976390496234 30.315970529861765 2.5
    endloop
  endfacet
  facet normal -0.15885814333386378 0.987301418157858 0
    outer loop
      vertex 8.165869069307979 30.364706374559763 -2.5
      vertex 7.862976390496234 30.315970529861765 2.5
      vertex 8.165869069307979 30.364706374559763 2.5
    endloop
  endfacet
  facet normal -0.1345807085071183 0.9909026354277811 0
    outer loop
      vertex 8.469866560009798 30.405994182483873 -2.5
      vertex 8.165869069307979 30.364706374559763 2.5
      vertex 8.469866560009798 30.405994182483873 2.5
    endloop
  endfacet
  facet normal -0.11022220729389269 0.993906970002355 0
    outer loop
      vertex 8.469866560009798 30.405994182483873 -2.5
      vertex 8.469866560009798 30.405994182483873 2.5
      vertex 8.774785745880493 30.439809083402462 2.5
    endloop
  endfacet
  facet normal -0.0857973123444286 0.996312612182779 0
    outer loop
      vertex 9.080442955004157 30.466130708483625 -2.5
      vertex 8.774785745880493 30.439809083402462 2.5
      vertex 9.080442955004157 30.466130708483625 2.5
    endloop
  endfacet
  facet normal -0.06132073630221451 0.998118112900149 0
    outer loop
      vertex 9.080442955004157 30.466130708483625 -2.5
      vertex 9.080442955004157 30.466130708483625 2.5
      vertex 9.386654070907275 30.484943202564654 2.5
    endloop
  endfacet
  facet normal -0.03680722294136126 0.9993223845883494 0
    outer loop
      vertex 9.386654070907275 30.484943202564654 -2.5
      vertex 9.386654070907275 30.484943202564654 2.5
      vertex 9.693234643463596 30.496235233702553 2.5
    endloop
  endfacet
  facet normal -0.012271538285719584 0.9999247018391444 0
    outer loop
      vertex 10 30.5 -2.5
      vertex 9.693234643463596 30.496235233702553 2.5
      vertex 10 30.5 2.5
    endloop
  endfacet
  facet normal 0.012271538285719584 0.9999247018391444 0
    outer loop
      vertex 10 30.5 -2.5
      vertex 10 30.5 2.5
      vertex 10.306765356536404 30.496235233702553 2.5
    endloop
  endfacet
  facet normal 0.03680722294136126 0.9993223845883494 0
    outer loop
      vertex 10.306765356536404 30.496235233702553 -2.5
      vertex 10.306765356536404 30.496235233702553 2.5
      vertex 10.613345929092725 30.484943202564654 2.5
    endloop
  endfacet
  facet normal 0.06132073630221451 0.998118112900149 0
    outer loop
      vertex 10.919557044995843 30.466130708483625 -2.5
      vertex 10.613345929092725 30.484943202564654 2.5
      vertex 10.919557044995843 30.466130708483625 2.5
    endloop
  endfacet
  facet normal 0.0857973123444286 0.996312612182779 0
    outer loop
      vertex 10.919557044995843 30.466130708483625 -2.5
      vertex 10.919557044995843 30.466130708483625 2.5
      vertex 11.225214254119507 30.439809083402462 2.5
    endloop
  endfacet
  facet normal 0.11022220729389269 0.993906970002355 0
    outer loop
      vertex 11.530133439990202 30.405994182483873 -2.5
      vertex 11.225214254119507 30.439809083402462 2.5
      vertex 11.530133439990202 30.405994182483873 2.5
    endloop
  endfacet
  facet normal 0.1345807085071183 0.9909026354277811 0
    outer loop
      vertex 11.530133439990202 30.405994182483873 -2.5
      vertex 11.530133439990202 30.405994182483873 2.5
      vertex 11.834130930692021 30.364706374559763 2.5
    endloop
  endfacet
  facet normal 0.15885814333386378 0.987301418157858 0
    outer loop
      vertex 12.137023609503766 30.315970529861765 -2.5
      vertex 11.834130930692021 30.364706374559763 2.5
      vertex 12.137023609503766 30.315970529861765 2.5
    endloop
  endfacet
  facet normal 0.18303988795513818 0.9831054874312168 0
    outer loop
      vertex 12.137023609503766 30.315970529861765 -2.5
      vertex 12.137023609503766 30.315970529861765 2.5
      vertex 12.438629025201603 30.25981600504038 2.5
    endloop
  endfacet
  facet normal 0.20711137619221454 0.9783173707196285 0
    outer loop
      vertex 12.438629025201603 30.25981600504038 -2.5
      vertex 12.438629025201603 30.25981600504038 2.5
      vertex 12.738765501960872 30.19627662548161 2.5
    endloop
  endfacet
  facet normal 0.23105810828067783 0.9729399522055586 0
    outer loop
      vertex 12.738765501960872 30.19627662548161 -2.5
      vertex 12.738765501960872 30.19627662548161 2.5
      vertex 13.037252248790798 30.1253906649318 2.5
    endloop
  endfacet
  facet normal 0.25486565960452146 0.9669764710448502 0
    outer loop
      vertex 13.33390946843623 30.047200822442996 -2.5
      vertex 13.037252248790798 30.1253906649318 2.5
      vertex 13.33390946843623 30.047200822442996 2.5
    endloop
  endfacet
  facet normal 0.278519689385049 0.9604305194155669 0
    outer loop
      vertex 13.33390946843623 30.047200822442996 -2.5
      vertex 13.33390946843623 30.047200822442996 2.5
      vertex 13.62855846568078 29.96175419665261 2.5
    endloop
  endfacet
  facet normal 0.30200594931922375 0.9533060403541951 0
    outer loop
      vertex 13.921021754986144 29.86910225741296 -2.5
      vertex 13.62855846568078 29.96175419665261 2.5
      vertex 13.921021754986144 29.86910225741296 2.5
    endloop
  endfacet
  facet normal 0.3253102921622577 0.9456073253805232 0
    outer loop
      vertex 13.921021754986144 29.86910225741296 -2.5
      vertex 13.921021754986144 29.86910225741296 2.5
      vertex 14.21112316740275 29.769300814787762 2.5
    endloop
  endfacet
  facet normal 0.34841868024943623 0.9373390119125742 0
    outer loop
      vertex 14.21112316740275 29.769300814787762 -2.5
      vertex 14.21112316740275 29.769300814787762 2.5
      vertex 14.498687956687352 29.662409985434238 2.5
    endloop
  endfacet
  facet normal 0 0 1
    outer loop
      vertex 7.261234498039128 30.19627662548161 2.5
      vertex 5.724449065697179 27.039892931234434 2.5
      vertex 5.947586859950102 27.142097557035306 2.5
    endloop
  endfacet
  facet normal 0 0 1
    outer loop
      vertex 7.561370974798397 30.25981600504038 2.5
      vertex 5.947586859950102 27.142097557035306 2.5
      vertex 6.173165676349102 27.238795325112868 2.5
    endloop
  endfacet
  facet normal 0 0 1
    outer loop
      vertex 6.6660905315637695 30.047200822442996 2.5
      vertex 5.2860326317400235 26.819212643483553 2.5
      vertex 6.962747751209202 30.1253906649318 2.5
    endloop
  endfacet
  facet normal 0 0 1
    outer loop
      vertex 6.962747751209202 30.1253906649318 2.5
      vertex 5.503886703453934 26.93224301195515 2.5
      vertex 7.261234498039128 30.19627662548161 2.5
    endloop
  endfacet
  facet normal 0 0 1
    outer loop
      vertex 7.862976390496234 30.315970529861765 2.5
      vertex 6.173165676349102 27.238795325112868 2.5
      vertex 6.401049634650118 27.32992798834739 2.5
    endloop
  endfacet
  facet normal 0 0 1
    outer loop
      vertex 7.862976390496234 30.315970529861765 2.5
      vertex 6.401049634650118 27.32992798834739 2.5
      vertex 6.6311014660778 27.41544065183021 2.5
    endloop
  endfacet
  facet normal 0 0 1
    outer loop
      vertex 8.165869069307979 30.364706374559763 2.5
      vertex 6.6311014660778 27.41544065183021 2.5
      vertex 6.863182596011085 27.495281805930368 2.5
    endloop
  endfacet
  facet normal 0 0 1
    outer loop
      vertex 7.261234498039128 30.19627662548161 2.5
      vertex 5.947586859950102 27.142097557035306 2.5
      vertex 7.561370974798397 30.25981600504038 2.5
    endloop
  endfacet
  facet normal 0 0 1
    outer loop
      vertex 7.561370974798397 30.25981600504038 2.5
      vertex 6.173165676349102 27.238795325112868 2.5
      vertex 7.862976390496234 30.315970529861765 2.5
    endloop
  endfacet
  facet normal 0 0 1
    outer loop
      vertex 8.469866560009798 30.405994182483873 2.5
      vertex 6.863182596011085 27.495281805930368 2.5
      vertex 7.097153227455377 27.569403357322088 2.5
    endloop
  endfacet
  facet normal 0 0 1
    outer loop
      vertex 8.774785745880493 30.439809083402462 2.5
      vertex 7.097153227455377 27.569403357322088 2.5
      vertex 7.332872425251016 27.6377606579544 2.5
    endloop
  endfacet
  facet normal 0 0 1
    outer loop
      vertex 8.774785745880493 30.439809083402462 2.5
      vertex 7.332872425251016 27.6377606579544 2.5
      vertex 7.570198200967361 27.70031253194544 2.5
    endloop
  endfacet
  facet normal 0 0 1
    outer loop
      vertex 9.080442955004157 30.466130708483625 2.5
      vertex 7.570198200967361 27.70031253194544 2.5
      vertex 7.808987598431302 27.757021300385286 2.5
    endloop
  endfacet
  facet normal 0 0 1
    outer loop
      vertex 7.862976390496234 30.315970529861765 2.5
      vertex 6.6311014660778 27.41544065183021 2.5
      vertex 8.165869069307979 30.364706374559763 2.5
    endloop
  endfacet
  facet normal 0 0 1
    outer loop
      vertex 8.165869069307979 30.364706374559763 2.5
      vertex 6.863182596011085 27.495281805930368 2.5
      vertex 8.469866560009798 30.405994182483873 2.5
    endloop
  endfacet
  facet normal 0 0 1
    outer loop
      vertex 8.469866560009798 30.405994182483873 2.5
      vertex 7.097153227455377 27.569403357322088 2.5
      vertex 8.774785745880493 30.439809083402462 2.5
    endloop
  endfacet
  facet normal 0 0 1
    outer loop
      vertex 9.386654070907275 30.484943202564654 2.5
      vertex 7.808987598431302 27.757021300385286 2.5
      vertex 8.049096779838717 27.807852804032304 2.5
    endloop
  endfacet
  facet normal 0 0 1
    outer loop
      vertex 9.693234643463596 30.496235233702553 2.5
      vertex 8.049096779838717 27.807852804032304 2.5
      vertex 8.290381112396988 27.852776423889413 2.5
    endloop
  endfacet
  facet normal 0 0 1
    outer loop
      vertex 9.693234643463596 30.496235233702553 2.5
      vertex 8.290381112396988 27.852776423889413 2.5
      vertex 8.532695255446383 27.89176509964781 2.5
    endloop
  endfacet
  facet normal 0 0 1
    outer loop
      vertex 10 30.5 2.5
      vertex 8.532695255446383 27.89176509964781 2.5
      vertex 8.775893248007838 27.9247953459871 2.5
    endloop
  endfacet
  facet normal 0 0 1
    outer loop
      vertex 8.774785745880493 30.439809083402462 2.5
      vertex 7.570198200967361 27.70031253194544 2.5
      vertex 9.080442955004157 30.466130708483625 2.5
    endloop
  endfacet
  facet normal 0 0 1
    outer loop
      vertex 9.080442955004157 30.466130708483625 2.5
      vertex 7.808987598431302 27.757021300385286 2.5
      vertex 9.386654070907275 30.484943202564654 2.5
    endloop
  endfacet
  facet normal 0 0 1
    outer loop
      vertex 9.386654070907275 30.484943202564654 2.5
      vertex 8.049096779838717 27.807852804032304 2.5
      vertex 9.693234643463596 30.496235233702553 2.5
    endloop
  endfacet
  facet normal 0 0 1
    outer loop
      vertex 10.306765356536404 30.496235233702553 2.5
      vertex 8.775893248007838 27.9247953459871 2.5
      vertex 9.019828596704395 27.95184726672197 2.5
    endloop
  endfacet
  facet normal 0 0 1
    outer loop
      vertex 10.613345929092725 30.484943202564654 2.5
      vertex 9.019828596704395 27.95184726672197 2.5
      vertex 9.264354364003326 27.9729045667869 2.5
    endloop
  endfacet
  facet normal 0 0 1
    outer loop
      vertex 10.613345929092725 30.484943202564654 2.5
      vertex 9.264354364003326 27.9729045667869 2.5
      vertex 9.50932325672582 27.987954562051726 2.5
    endloop
  endfacet
  facet normal 0 0 1
    outer loop
      vertex 10.919557044995843 30.466130708483625 2.5
      vertex 9.50932325672582 27.987954562051726 2.5
      vertex 9.754587714770878 27.996988186962042 2.5
    endloop
  endfacet
  facet normal 0 0 1
    outer loop
      vertex 9.693234643463596 30.496235233702553 2.5
      vertex 8.532695255446383 27.89176509964781 2.5
      vertex 10 30.5 2.5
    endloop
  endfacet
  facet normal 0 0 1
    outer loop
      vertex 10 30.5 2.5
      vertex 8.775893248007838 27.9247953459871 2.5
      vertex 10.306765356536404 30.496235233702553 2.5
    endloop
  endfacet
  facet normal 0 0 1
    outer loop
      vertex 10.306765356536404 30.496235233702553 2.5
      vertex 9.019828596704395 27.95184726672197 2.5
      vertex 10.613345929092725 30.484943202564654 2.5
    endloop
  endfacet
  facet normal 0 0 1
    outer loop
      vertex 11.225214254119507 30.439809083402462 2.5
      vertex 9.754587714770878 27.996988186962042 2.5
      vertex 10 28 2.5
    endloop
  endfacet
  facet normal 0 0 1
    outer loop
      vertex 11.530133439990202 30.405994182483873 2.5
      vertex 10 28 2.5
      vertex 10.245412285229122 27.996988186962042 2.5
    endloop
  endfacet
  facet normal 0 0 1
    outer loop
      vertex 11.834130930692021 30.364706374559763 2.5
      vertex 10.245412285229122 27.996988186962042 2.5
      vertex 10.49067674327418 27.987954562051726 2.5
    endloop
  endfacet
  facet normal 0 0 1
    outer loop
      vertex 11.834130930692021 30.364706374559763 2.5
      vertex 10.49067674327418 27.987954562051726 2.5
      vertex 10.735645635996674 27.9729045667869 2.5
    endloop
  endfacet
  facet normal 0 0 1
    outer loop
      vertex 12.137023609503766 30.315970529861765 2.5
      vertex 10.735645635996674 27.9729045667869 2.5
      vertex 10.980171403295605 27.95184726672197 2.5
    endloop
  endfacet
  facet normal 0 0 1
    outer loop
      vertex 10.613345929092725 30.484943202564654 2.5
      vertex 9.50932325672582 27.987954562051726 2.5
      vertex 10.919557044995843 30.466130708483625 2.5
    endloop
  endfacet
  facet normal 0 0 1
    outer loop
      vertex 10.919557044995843 30.466130708483625 2.5
      vertex 9.754587714770878 27.996988186962042 2.5
      vertex 11.225214254119507 30.439809083402462 2.5
    endloop
  endfacet
  facet normal 0 0 1
    outer loop
      vertex 11.225214254119507 30.439809083402462 2.5
      vertex 10 28 2.5
      vertex 11.530133439990202 30.405994182483873 2.5
    endloop
  endfacet
  facet normal 0 0 1
    outer loop
      vertex 11.530133439990202 30.405994182483873 2.5
      vertex 10.245412285229122 27.996988186962042 2.5
      vertex 11.834130930692021 30.364706374559763 2.5
    endloop
  endfacet
  facet normal 0 0 1
    outer loop
      vertex 12.438629025201603 30.25981600504038 2.5
      vertex 10.980171403295605 27.95184726672197 2.5
      vertex 11.224106751992162 27.9247953459871 2.5
    endloop
  endfacet
  facet normal 0 0 1
    outer loop
      vertex 12.738765501960872 30.19627662548161 2.5
      vertex 11.224106751992162 27.9247953459871 2.5
      vertex 11.467304744553617 27.89176509964781 2.5
    endloop
  endfacet
  facet normal 0 0 1
    outer loop
      vertex 13.037252248790798 30.1253906649318 2.5
      vertex 11.709618887603012 27.852776423889413 2.5
      vertex 11.950903220161283 27.807852804032304 2.5
    endloop
  endfacet
  facet normal 0 0 1
    outer loop
      vertex 13.037252248790798 30.1253906649318 2.5
      vertex 11.467304744553617 27.89176509964781 2.5
      vertex 11.709618887603012 27.852776423889413 2.5
    endloop
  endfacet
  facet normal 0 0 1
    outer loop
      vertex 11.834130930692021 30.364706374559763 2.5
      vertex 10.735645635996674 27.9729045667869 2.5
      vertex 12.137023609503766 30.315970529861765 2.5
    endloop
  endfacet
  facet normal 0 0 1
    outer loop
      vertex 12.137023609503766 30.315970529861765 2.5
      vertex 10.980171403295605 27.95184726672197 2.5
      vertex 12.438629025201603 30.25981600504038 2.5
    endloop
  endfacet
  facet normal 0 0 1
    outer loop
      vertex 12.438629025201603 30.25981600504038 2.5
      vertex 11.224106751992162 27.9247953459871 2.5
      vertex 12.738765501960872 30.19627662548161 2.5
    endloop
  endfacet
  facet normal 0 0 1
    outer loop
      vertex 13.33390946843623 30.047200822442996 2.5
      vertex 11.950903220161283 27.807852804032304 2.5
      vertex 12.191012401568699 27.757021300385286 2.5
    endloop
  endfacet
  facet normal 0 0 1
    outer loop
      vertex 13.62855846568078 29.96175419665261 2.5
      vertex 12.191012401568699 27.757021300385286 2.5
      vertex 12.429801799032639 27.70031253194544 2.5
    endloop
  endfacet
  facet normal 0 0 1
    outer loop
      vertex 13.921021754986144 29.86910225741296 2.5
      vertex 12.429801799032639 27.70031253194544 2.5
      vertex 12.667127574748985 27.6377606579544 2.5
    endloop
  endfacet
  facet normal 0 0 1
    outer loop
      vertex 14.21112316740275 29.769300814787762 2.5
      vertex 12.667127574748985 27.6377606579544 2.5
      vertex 12.902846772544624 27.569403357322088 2.5
    endloop
  endfacet
  facet normal 0 0 1
    outer loop
      vertex 13.62855846568078 29.96175419665261 2.5
      vertex 12.429801799032639 27.70031253194544 2.5
      vertex 13.921021754986144 29.86910225741296 2.5
    endloop
  endfacet
  facet normal 0 0 1
    outer loop
      vertex 12.738765501960872 30.19627662548161 2.5
      vertex 11.467304744553617 27.89176509964781 2.5
      vertex 13.037252248790798 30.1253906649318 2.5
    endloop
  endfacet
  facet normal 0 0 1
    outer loop
      vertex 13.037252248790798 30.1253906649318 2.5
      vertex 11.950903220161283 27.807852804032304 2.5
      vertex 13.33390946843623 30.047200822442996 2.5
    endloop
  endfacet
  facet normal 0 0 1
    outer loop
      vertex 13.33390946843623 30.047200822442996 2.5
      vertex 12.191012401568699 27.757021300385286 2.5
      vertex 13.62855846568078 29.96175419665261 2.5
    endloop
  endfacet
  facet normal 0 0 1
    outer loop
      vertex 14.498687956687352 29.662409985434238 2.5
      vertex 12.902846772544624 27.569403357322088 2.5
      vertex 13.136817403988914 27.495281805930368 2.5
    endloop
  endfacet
  facet normal 0 0 1
    outer loop
      vertex 14.498687956687352 29.662409985434238 2.5
      vertex 13.136817403988914 27.495281805930368 2.5
      vertex 13.3688985339222 27.41544065183021 2.5
    endloop
  endfacet
  facet normal 0 0 1
    outer loop
      vertex 14.21112316740275 29.769300814787762 2.5
      vertex 13.921021754986144 29.86910225741296 2.5
      vertex 12.667127574748985 27.6377606579544 2.5
    endloop
  endfacet
  facet normal 0 0 1
    outer loop
      vertex 14.21112316740275 29.769300814787762 2.5
      vertex 12.902846772544624 27.569403357322088 2.5
      vertex 14.498687956687352 29.662409985434238 2.5
    endloop
  endfacet
  facet normal 0 0 1
    outer loop
      vertex 14.783542904563621 29.548494156391087 2.5
      vertex 13.3688985339222 27.41544065183021 2.5
      vertex 13.598950365349882 27.32992798834739 2.5
    endloop
  endfacet
  facet normal 0 0 1
    outer loop
      vertex 15.065516425062373 29.42762194629413 2.5
      vertex 13.598950365349882 27.32992798834739 2.5
      vertex 13.826834323650898 27.238795325112868 2.5
    endloop
  endfacet
  facet normal 0 0 1
    outer loop
      vertex 14.498687956687352 29.662409985434238 2.5
      vertex 13.3688985339222 27.41544065183021 2.5
      vertex 14.783542904563621 29.548494156391087 2.5
    endloop
  endfacet
  facet normal 0.8760700941953857 -0.4821837720791606 0
    outer loop
      vertex 21.024015804354438 12.10754078967503 2.5
      vertex 21.020215738874093 12.100636526371105 2.5
      vertex 21.020215738874093 12.100636526371105 -2.5
    endloop
  endfacet
  facet normal 0.8876396204028529 -0.46053871095824195 0
    outer loop
      vertex 21.024015804354438 12.10754078967503 -2.5
      vertex 21.165303764943943 12.379858379317419 2.5
      vertex 21.024015804354438 12.10754078967503 2.5
    endloop
  endfacet
  facet normal 0.8986744656939539 -0.4386162385385272 0
    outer loop
      vertex 21.299866164043042 12.655561332121474 -2.5
      vertex 21.299866164043042 12.655561332121474 2.5
      vertex 21.165303764943943 12.379858379317419 2.5
    endloop
  endfacet
  facet normal 0.909167983090525 -0.4164295600976314 0
    outer loop
      vertex 21.299866164043042 12.655561332121474 -2.5
      vertex 21.42762194629413 12.934483574937627 2.5
      vertex 21.299866164043042 12.655561332121474 2.5
    endloop
  endfacet
  facet normal 0.9191138516900536 -0.39399204006105776 0
    outer loop
      vertex 21.548494156391087 13.216457095436379 -2.5
      vertex 21.548494156391087 13.216457095436379 2.5
      vertex 21.42762194629413 12.934483574937627 2.5
    endloop
  endfacet
  facet normal 0.9285060804732157 -0.37131719395183693 0
    outer loop
      vertex 21.548494156391087 13.216457095436379 -2.5
      vertex 21.662409985434238 13.501312043312648 2.5
      vertex 21.548494156391087 13.216457095436379 2.5
    endloop
  endfacet
  facet normal 0.9373390119125742 -0.34841868024943623 0
    outer loop
      vertex 21.769300814787762 13.78887683259725 -2.5
      vertex 21.769300814787762 13.78887683259725 2.5
      vertex 21.662409985434238 13.501312043312648 2.5
    endloop
  endfacet
  facet normal 0.9456073253805232 -0.3253102921622577 0
    outer loop
      vertex 21.86910225741296 14.078978245013856 -2.5
      vertex 21.86910225741296 14.078978245013856 2.5
      vertex 21.769300814787762 13.78887683259725 2.5
    endloop
  endfacet
  facet normal 0.9533060403541951 -0.30200594931922375 0
    outer loop
      vertex 21.96175419665261 14.37144153431922 -2.5
      vertex 21.96175419665261 14.37144153431922 2.5
      vertex 21.86910225741296 14.078978245013856 2.5
    endloop
  endfacet
  facet normal 0.9604305194155669 -0.278519689385049 0
    outer loop
      vertex 21.96175419665261 14.37144153431922 -2.5
      vertex 22.047200822442996 14.66609053156377 2.5
      vertex 21.96175419665261 14.37144153431922 2.5
    endloop
  endfacet
  facet normal 0.9669764710448502 -0.25486565960452146 0
    outer loop
      vertex 22.1253906649318 14.962747751209202 -2.5
      vertex 22.1253906649318 14.962747751209202 2.5
      vertex 22.047200822442996 14.66609053156377 2.5
    endloop
  endfacet
  facet normal 0.9729399522055586 -0.23105810828067783 0
    outer loop
      vertex 22.1253906649318 14.962747751209202 -2.5
      vertex 22.19627662548161 15.261234498039128 2.5
      vertex 22.1253906649318 14.962747751209202 2.5
    endloop
  endfacet
  facet normal 0.9783173707196285 -0.20711137619221454 0
    outer loop
      vertex 22.19627662548161 15.261234498039128 -2.5
      vertex 22.25981600504038 15.561370974798397 2.5
      vertex 22.19627662548161 15.261234498039128 2.5
    endloop
  endfacet
  facet normal 0.9831054874312168 -0.18303988795513818 0
    outer loop
      vertex 22.25981600504038 15.561370974798397 -2.5
      vertex 22.315970529861765 15.862976390496234 2.5
      vertex 22.25981600504038 15.561370974798397 2.5
    endloop
  endfacet
  facet normal 0.9873014181578579 -0.1588581433338647 0
    outer loop
      vertex 22.364706374559763 16.165869069307977 -2.5
      vertex 22.364706374559763 16.165869069307977 2.5
      vertex 22.315970529861765 15.862976390496234 2.5
    endloop
  endfacet
  facet normal 0.9909026354277811 -0.13458070850711754 0
    outer loop
      vertex 22.405994182483873 16.469866560009798 -2.5
      vertex 22.405994182483873 16.469866560009798 2.5
      vertex 22.364706374559763 16.165869069307977 2.5
    endloop
  endfacet
  facet normal 0.993906970002355 -0.11022220729389269 0
    outer loop
      vertex 22.405994182483873 16.469866560009798 -2.5
      vertex 22.439809083402462 16.774785745880493 2.5
      vertex 22.405994182483873 16.469866560009798 2.5
    endloop
  endfacet
  facet normal 0.996312612182779 -0.08579731234442811 0
    outer loop
      vertex 22.439809083402462 16.774785745880493 -2.5
      vertex 22.466130708483625 17.08044295500416 2.5
      vertex 22.439809083402462 16.774785745880493 2.5
    endloop
  endfacet
  facet normal 0.998118112900149 -0.06132073630221451 0
    outer loop
      vertex 22.484943202564654 17.386654070907277 -2.5
      vertex 22.484943202564654 17.386654070907277 2.5
      vertex 22.466130708483625 17.08044295500416 2.5
    endloop
  endfacet
  facet normal 0.9993223845883494 -0.03680722294136126 0
    outer loop
      vertex 22.496235233702553 17.693234643463597 -2.5
      vertex 22.496235233702553 17.693234643463597 2.5
      vertex 22.484943202564654 17.386654070907277 2.5
    endloop
  endfacet
  facet normal 0.9999247018391446 -0.012271538285719657 0
    outer loop
      vertex 22.496235233702553 17.693234643463597 -2.5
      vertex 22.5 18 2.5
      vertex 22.496235233702553 17.693234643463597 2.5
    endloop
  endfacet
  facet normal 0.9999247018391446 0.012271538285719657 0
    outer loop
      vertex 22.496235233702553 18.306765356536403 -2.5
      vertex 22.496235233702553 18.306765356536403 2.5
      vertex 22.5 18 2.5
    endloop
  endfacet
  facet normal 0.9993223845883494 0.03680722294136126 0
    outer loop
      vertex 22.496235233702553 18.306765356536403 -2.5
      vertex 22.484943202564654 18.613345929092723 2.5
      vertex 22.496235233702553 18.306765356536403 2.5
    endloop
  endfacet
  facet normal 0.998118112900149 0.06132073630221451 0
    outer loop
      vertex 22.466130708483625 18.91955704499584 -2.5
      vertex 22.466130708483625 18.91955704499584 2.5
      vertex 22.484943202564654 18.613345929092723 2.5
    endloop
  endfacet
  facet normal 0.996312612182779 0.08579731234442811 0
    outer loop
      vertex 22.466130708483625 18.91955704499584 -2.5
      vertex 22.439809083402462 19.225214254119507 2.5
      vertex 22.466130708483625 18.91955704499584 2.5
    endloop
  endfacet
  facet normal 0.993906970002355 0.11022220729389269 0
    outer loop
      vertex 22.405994182483873 19.530133439990202 -2.5
      vertex 22.405994182483873 19.530133439990202 2.5
      vertex 22.439809083402462 19.225214254119507 2.5
    endloop
  endfacet
  facet normal 0.9909026354277811 0.13458070850711754 0
    outer loop
      vertex 22.364706374559763 19.834130930692023 -2.5
      vertex 22.364706374559763 19.834130930692023 2.5
      vertex 22.405994182483873 19.530133439990202 2.5
    endloop
  endfacet
  facet normal 0.9873014181578577 0.1588581433338656 0
    outer loop
      vertex 22.315970529861765 20.137023609503764 -2.5
      vertex 22.315970529861765 20.137023609503764 2.5
      vertex 22.364706374559763 19.834130930692023 2.5
    endloop
  endfacet
  facet normal 0.9831054874312171 0.18303988795513715 0
    outer loop
      vertex 22.315970529861765 20.137023609503764 -2.5
      vertex 22.25981600504038 20.438629025201603 2.5
      vertex 22.315970529861765 20.137023609503764 2.5
    endloop
  endfacet
  facet normal 0 0 1
    outer loop
      vertex 21.024015804354438 12.10754078967503 2.5
      vertex 21.165303764943943 12.379858379317419 2.5
      vertex 21.020215738874093 12.100636526371105 2.5
    endloop
  endfacet
  facet normal 0 0 1
    outer loop
      vertex 21.165303764943943 12.379858379317419 2.5
      vertex 21.299866164043042 12.655561332121474 2.5
      vertex 21.020215738874093 12.100636526371105 2.5
    endloop
  endfacet
  facet normal 0 0 1
    outer loop
      vertex 21.299866164043042 12.655561332121474 2.5
      vertex 21.42762194629413 12.934483574937627 2.5
      vertex 21.020215738874093 12.100636526371105 2.5
    endloop
  endfacet
  facet normal 0 0 1
    outer loop
      vertex 21.42762194629413 12.934483574937627 2.5
      vertex 21.548494156391087 13.216457095436379 2.5
      vertex 21.020215738874093 12.100636526371105 2.5
    endloop
  endfacet
  facet normal 0 0 1
    outer loop
      vertex 21.548494156391087 13.216457095436379 2.5
      vertex 21.662409985434238 13.501312043312648 2.5
      vertex 21.020215738874093 12.100636526371105 2.5
    endloop
  endfacet
  facet normal 0 0 1
    outer loop
      vertex 21.662409985434238 13.501312043312648 2.5
      vertex 21.769300814787762 13.78887683259725 2.5
      vertex 21.020215738874093 12.100636526371105 2.5
    endloop
  endfacet
  facet normal 0 0 1
    outer loop
      vertex 21.769300814787762 13.78887683259725 2.5
      vertex 21.86910225741296 14.078978245013856 2.5
      vertex 21.020215738874093 12.100636526371105 2.5
    endloop
  endfacet
  facet normal 0 0 1
    outer loop
      vertex 21.86910225741296 14.078978245013856 2.5
      vertex 21.96175419665261 14.37144153431922 2.5
      vertex 21.020215738874093 12.100636526371105 2.5
    endloop
  endfacet
  facet normal 0 0 1
    outer loop
      vertex 21.96175419665261 14.37144153431922 2.5
      vertex 22.047200822442996 14.66609053156377 2.5
      vertex 21.020215738874093 12.100636526371105 2.5
    endloop
  endfacet
  facet normal 0 0 1
    outer loop
      vertex 22.047200822442996 14.66609053156377 2.5
      vertex 22.1253906649318 14.962747751209202 2.5
      vertex 21.020215738874093 12.100636526371105 2.5
    endloop
  endfacet
  facet normal 0 0 1
    outer loop
      vertex 22.1253906649318 14.962747751209202 2.5
      vertex 22.19627662548161 15.261234498039128 2.5
      vertex 21.020215738874093 12.100636526371105 2.5
    endloop
  endfacet
  facet normal 0 0 1
    outer loop
      vertex 22.19627662548161 15.261234498039128 2.5
      vertex 22.25981600504038 15.561370974798397 2.5
      vertex 21.020215738874093 12.100636526371105 2.5
    endloop
  endfacet
  facet normal 0 0 1
    outer loop
      vertex 22.25981600504038 15.561370974798397 2.5
      vertex 22.315970529861765 15.862976390496234 2.5
      vertex 21.020215738874093 12.100636526371105 2.5
    endloop
  endfacet
  facet normal 0 0 1
    outer loop
      vertex 22.315970529861765 15.862976390496234 2.5
      vertex 22.364706374559763 16.165869069307977 2.5
      vertex 21.020215738874093 12.100636526371105 2.5
    endloop
  endfacet
  facet normal 0 0 1
    outer loop
      vertex 22.364706374559763 16.165869069307977 2.5
      vertex 22.405994182483873 16.469866560009798 2.5
      vertex 21.020215738874093 12.100636526371105 2.5
    endloop
  endfacet
  facet normal 0 0 1
    outer loop
      vertex 22.405994182483873 16.469866560009798 2.5
      vertex 22.439809083402462 16.774785745880493 2.5
      vertex 21.020215738874093 12.100636526371105 2.5
    endloop
  endfacet
  facet normal 0 0 1
    outer loop
      vertex 22.1253906649318 21.0372522487908 2.5
      vertex 19.89176509964781 19.467304744553616 2.5
      vertex 21.020215738874093 12.100636526371105 2.5
    endloop
  endfacet
  facet normal 0 0 1
    outer loop
      vertex 22.439809083402462 16.774785745880493 2.5
      vertex 22.466130708483625 17.08044295500416 2.5
      vertex 21.020215738874093 12.100636526371105 2.5
    endloop
  endfacet
  facet normal 0 0 1
    outer loop
      vertex 22.466130708483625 17.08044295500416 2.5
      vertex 22.484943202564654 17.386654070907277 2.5
      vertex 21.020215738874093 12.100636526371105 2.5
    endloop
  endfacet
  facet normal 0 0 1
    outer loop
      vertex 22.484943202564654 18.613345929092723 2.5
      vertex 22.466130708483625 18.91955704499584 2.5
      vertex 21.020215738874093 12.100636526371105 2.5
    endloop
  endfacet
  facet normal 0 0 1
    outer loop
      vertex 22.484943202564654 17.386654070907277 2.5
      vertex 22.496235233702553 17.693234643463597 2.5
      vertex 21.020215738874093 12.100636526371105 2.5
    endloop
  endfacet
  facet normal 0 0 1
    outer loop
      vertex 22.496235233702553 17.693234643463597 2.5
      vertex 22.5 18 2.5
      vertex 21.020215738874093 12.100636526371105 2.5
    endloop
  endfacet
  facet normal 0 0 1
    outer loop
      vertex 22.5 18 2.5
      vertex 22.496235233702553 18.306765356536403 2.5
      vertex 21.020215738874093 12.100636526371105 2.5
    endloop
  endfacet
  facet normal 0 0 1
    outer loop
      vertex 22.496235233702553 18.306765356536403 2.5
      vertex 22.484943202564654 18.613345929092723 2.5
      vertex 21.020215738874093 12.100636526371105 2.5
    endloop
  endfacet
  facet normal 0 0 1
    outer loop
      vertex 22.466130708483625 18.91955704499584 2.5
      vertex 22.439809083402462 19.225214254119507 2.5
      vertex 21.020215738874093 12.100636526371105 2.5
    endloop
  endfacet
  facet normal 0 0 1
    outer loop
      vertex 22.439809083402462 19.225214254119507 2.5
      vertex 22.405994182483873 19.530133439990202 2.5
      vertex 21.020215738874093 12.100636526371105 2.5
    endloop
  endfacet
  facet normal 0 0 1
    outer loop
      vertex 22.405994182483873 19.530133439990202 2.5
      vertex 22.364706374559763 19.834130930692023 2.5
      vertex 21.020215738874093 12.100636526371105 2.5
    endloop
  endfacet
  facet normal 0 0 1
    outer loop
      vertex 22.364706374559763 19.834130930692023 2.5
      vertex 22.315970529861765 20.137023609503764 2.5
      vertex 21.020215738874093 12.100636526371105 2.5
    endloop
  endfacet
  facet normal 0 0 1
    outer loop
      vertex 22.315970529861765 20.137023609503764 2.5
      vertex 22.25981600504038 20.438629025201603 2.5
      vertex 21.020215738874093 12.100636526371105 2.5
    endloop
  endfacet
  facet normal 0 0 1
    outer loop
      vertex 22.19627662548161 20.738765501960874 2.5
      vertex 21.020215738874093 12.100636526371105 2.5
      vertex 22.25981600504038 20.438629025201603 2.5
    endloop
  endfacet
  facet normal 0 0 1
    outer loop
      vertex 22.047200822442996 21.333909468436232 2.5
      vertex 19.807852804032304 19.950903220161283 2.5
      vertex 19.852776423889413 19.709618887603014 2.5
    endloop
  endfacet
  facet normal 0 0 1
    outer loop
      vertex 22.1253906649318 21.0372522487908 2.5
      vertex 19.852776423889413 19.709618887603014 2.5
      vertex 19.89176509964781 19.467304744553616 2.5
    endloop
  endfacet
  facet normal 0 0 1
    outer loop
      vertex 22.19627662548161 20.738765501960874 2.5
      vertex 22.1253906649318 21.0372522487908 2.5
      vertex 21.020215738874093 12.100636526371105 2.5
    endloop
  endfacet
  facet normal 0.39399204006105776 0.9191138516900536 0
    outer loop
      vertex 14.783542904563621 29.548494156391087 -2.5
      vertex 14.783542904563621 29.548494156391087 2.5
      vertex 15.065516425062373 29.42762194629413 2.5
    endloop
  endfacet
  facet normal 0.37131719395183693 0.9285060804732157 0
    outer loop
      vertex 14.783542904563621 29.548494156391087 -2.5
      vertex 14.498687956687352 29.662409985434238 2.5
      vertex 14.783542904563621 29.548494156391087 2.5
    endloop
  endfacet
  facet normal 0.4164295600976314 0.909167983090525 0
    outer loop
      vertex 15.344438667878526 29.299866164043042 -2.5
      vertex 15.065516425062373 29.42762194629413 2.5
      vertex 15.344438667878526 29.299866164043042 2.5
    endloop
  endfacet
  facet normal 0.46053871095824195 0.8876396204028529 0
    outer loop
      vertex 15.620141620682581 29.165303764943943 -2.5
      vertex 15.620141620682581 29.165303764943943 2.5
      vertex 15.89245921032497 29.024015804354438 2.5
    endloop
  endfacet
  facet normal 0.48218377207912577 0.8760700941954049 0
    outer loop
      vertex 16.1612274028723 28.876087388858892 -2.5
      vertex 15.89245921032497 29.024015804354438 2.5
      vertex 16.1612274028723 28.876087388858892 2.5
    endloop
  endfacet
  facet normal 0.5035383837257131 0.8639728561215894 0
    outer loop
      vertex 16.1612274028723 28.876087388858892 -2.5
      vertex 16.1612274028723 28.876087388858892 2.5
      vertex 16.426284302415272 28.7216076250034 2.5
    endloop
  endfacet
  facet normal 0.4386162385385272 0.8986744656939539 0
    outer loop
      vertex 15.344438667878526 29.299866164043042 -2.5
      vertex 15.344438667878526 29.299866164043042 2.5
      vertex 15.620141620682581 29.165303764943943 2.5
    endloop
  endfacet
  facet normal 0.624859488142376 0.7807372285721028 0
    outer loop
      vertex 17.92991605204557 27.662630667034215 -2.5
      vertex 17.690394882257834 27.854330345332578 2.5
      vertex 17.92991605204557 27.662630667034215 2.5
    endloop
  endfacet
  facet normal 0.6624157775901762 0.7491363945234554 0
    outer loop
      vertex 18.39448693558773 27.261889066936988 -2.5
      vertex 18.16466053692221 27.465110581331057 2.5
      vertex 18.39448693558773 27.261889066936988 2.5
    endloop
  endfacet
  facet normal 0.643831542889798 0.7651672656224534 0
    outer loop
      vertex 17.92991605204557 27.662630667034215 -2.5
      vertex 17.92991605204557 27.662630667034215 2.5
      vertex 18.16466053692221 27.465110581331057 2.5
    endloop
  endfacet
  facet normal 0.545324988422044 0.8382247055548396 0
    outer loop
      vertex 16.687470248588713 28.56066956562134 -2.5
      vertex 16.687470248588713 28.56066956562134 2.5
      vertex 16.944627912745027 28.393370153781817 2.5
    endloop
  endfacet
  facet normal 0.5245896826784707 0.851355193105264 0
    outer loop
      vertex 16.687470248588713 28.56066956562134 -2.5
      vertex 16.426284302415272 28.7216076250034 2.5
      vertex 16.687470248588713 28.56066956562134 2.5
    endloop
  endfacet
  facet normal 0.5657318107836119 0.8245893027850262 0
    outer loop
      vertex 16.944627912745027 28.393370153781817 -2.5
      vertex 16.944627912745027 28.393370153781817 2.5
      vertex 17.197602392723066 28.219810164394797 2.5
    endloop
  endfacet
  facet normal 0.5857978574564336 0.8104571982525985 0
    outer loop
      vertex 17.446241306155418 28.040094143508064 -2.5
      vertex 17.197602392723066 28.219810164394797 2.5
      vertex 17.446241306155418 28.040094143508064 2.5
    endloop
  endfacet
  facet normal 0.605511041404336 0.7958369046088756 0
    outer loop
      vertex 17.446241306155418 28.040094143508064 -2.5
      vertex 17.446241306155418 28.040094143508064 2.5
      vertex 17.690394882257834 27.854330345332578 2.5
    endloop
  endfacet
  facet normal 0.8104571982525985 0.5857978574564336 0
    outer loop
      vertex 20.040094143508064 25.446241306155418 -2.5
      vertex 20.040094143508064 25.446241306155418 2.5
      vertex 20.219810164394797 25.197602392723066 2.5
    endloop
  endfacet
  facet normal 0.8245893027850262 0.5657318107836119 0
    outer loop
      vertex 20.393370153781817 24.944627912745027 -2.5
      vertex 20.219810164394797 25.197602392723066 2.5
      vertex 20.393370153781817 24.944627912745027 2.5
    endloop
  endfacet
  facet normal 0.8382247055548396 0.545324988422044 0
    outer loop
      vertex 20.393370153781817 24.944627912745027 -2.5
      vertex 20.393370153781817 24.944627912745027 2.5
      vertex 20.56066956562134 24.687470248588713 2.5
    endloop
  endfacet
  facet normal 0.9604305194155665 0.27851968938505056 0
    outer loop
      vertex 21.96175419665261 21.62855846568078 -2.5
      vertex 21.96175419665261 21.62855846568078 2.5
      vertex 22.047200822442996 21.333909468436232 2.5
    endloop
  endfacet
  facet normal 0.9783173707196288 0.20711137619221337 0
    outer loop
      vertex 22.19627662548161 20.738765501960874 -2.5
      vertex 22.19627662548161 20.738765501960874 2.5
      vertex 22.25981600504038 20.438629025201603 2.5
    endloop
  endfacet
  facet normal 0.9729399522055586 0.23105810828067783 0
    outer loop
      vertex 22.19627662548161 20.738765501960874 -2.5
      vertex 22.1253906649318 21.0372522487908 2.5
      vertex 22.19627662548161 20.738765501960874 2.5
    endloop
  endfacet
  facet normal 0.9669764710448502 0.25486565960452146 0
    outer loop
      vertex 22.1253906649318 21.0372522487908 -2.5
      vertex 22.047200822442996 21.333909468436232 2.5
      vertex 22.1253906649318 21.0372522487908 2.5
    endloop
  endfacet
  facet normal 0.9533060403541948 0.3020059493192255 0
    outer loop
      vertex 21.96175419665261 21.62855846568078 -2.5
      vertex 21.86910225741296 21.921021754986143 2.5
      vertex 21.96175419665261 21.62855846568078 2.5
    endloop
  endfacet
  facet normal 0.9456073253805237 0.3253102921622559 0
    outer loop
      vertex 21.769300814787762 22.21112316740275 -2.5
      vertex 21.769300814787762 22.21112316740275 2.5
      vertex 21.86910225741296 21.921021754986143 2.5
    endloop
  endfacet
  facet normal 0.9373390119125742 0.34841868024943623 0
    outer loop
      vertex 21.662409985434238 22.498687956687352 -2.5
      vertex 21.662409985434238 22.498687956687352 2.5
      vertex 21.769300814787762 22.21112316740275 2.5
    endloop
  endfacet
  facet normal 0.9191138516900536 0.39399204006105776 0
    outer loop
      vertex 21.548494156391087 22.78354290456362 -2.5
      vertex 21.42762194629413 23.065516425062373 2.5
      vertex 21.548494156391087 22.78354290456362 2.5
    endloop
  endfacet
  facet normal 0.9285060804732157 0.37131719395183693 0
    outer loop
      vertex 21.662409985434238 22.498687956687352 -2.5
      vertex 21.548494156391087 22.78354290456362 2.5
      vertex 21.662409985434238 22.498687956687352 2.5
    endloop
  endfacet
  facet normal 0.8760700941954036 0.4821837720791282 0
    outer loop
      vertex 21.024015804354438 23.892459210324972 -2.5
      vertex 20.876087388858892 24.1612274028723 2.5
      vertex 21.024015804354438 23.892459210324972 2.5
    endloop
  endfacet
  facet normal 0.8986744656939529 0.43861623853852955 0
    outer loop
      vertex 21.165303764943943 23.62014162068258 -2.5
      vertex 21.165303764943943 23.62014162068258 2.5
      vertex 21.299866164043042 23.344438667878528 2.5
    endloop
  endfacet
  facet normal 0.9091679830905262 0.41642956009762916 0
    outer loop
      vertex 21.299866164043042 23.344438667878528 -2.5
      vertex 21.299866164043042 23.344438667878528 2.5
      vertex 21.42762194629413 23.065516425062373 2.5
    endloop
  endfacet
  facet normal 0.8876396204028543 0.4605387109582396 0
    outer loop
      vertex 21.165303764943943 23.62014162068258 -2.5
      vertex 21.024015804354438 23.892459210324972 2.5
      vertex 21.165303764943943 23.62014162068258 2.5
    endloop
  endfacet
  facet normal 0.851355193105264 0.5245896826784707 0
    outer loop
      vertex 20.7216076250034 24.426284302415272 -2.5
      vertex 20.56066956562134 24.687470248588713 2.5
      vertex 20.7216076250034 24.426284302415272 2.5
    endloop
  endfacet
  facet normal 0.8639728561215894 0.5035383837257131 0
    outer loop
      vertex 20.7216076250034 24.426284302415272 -2.5
      vertex 20.7216076250034 24.426284302415272 2.5
      vertex 20.876087388858892 24.1612274028723 2.5
    endloop
  endfacet
  facet normal 0.7326542716724127 0.6806009977954532 0
    outer loop
      vertex 19.261889066936988 26.39448693558773 -2.5
      vertex 19.053088536893338 26.619256809213333 2.5
      vertex 19.261889066936988 26.39448693558773 2.5
    endloop
  endfacet
  facet normal 0.7491363945234554 0.6624157775901762 0
    outer loop
      vertex 19.465110581331057 26.16466053692221 -2.5
      vertex 19.261889066936988 26.39448693558773 2.5
      vertex 19.465110581331057 26.16466053692221 2.5
    endloop
  endfacet
  facet normal 0.6983762494089675 0.7157308252838238 0
    outer loop
      vertex 18.619256809213333 27.053088536893338 -2.5
      vertex 18.619256809213333 27.053088536893338 2.5
      vertex 18.838834764831844 26.838834764831844 2.5
    endloop
  endfacet
  facet normal 0.6806009977954532 0.7326542716724127 0
    outer loop
      vertex 18.619256809213333 27.053088536893338 -2.5
      vertex 18.39448693558773 27.261889066936988 2.5
      vertex 18.619256809213333 27.053088536893338 2.5
    endloop
  endfacet
  facet normal 0.7157308252838238 0.6983762494089675 0
    outer loop
      vertex 18.838834764831844 26.838834764831844 -2.5
      vertex 18.838834764831844 26.838834764831844 2.5
      vertex 19.053088536893338 26.619256809213333 2.5
    endloop
  endfacet
  facet normal 0.7651672656224534 0.643831542889798 0
    outer loop
      vertex 19.662630667034215 25.92991605204557 -2.5
      vertex 19.465110581331057 26.16466053692221 2.5
      vertex 19.662630667034215 25.92991605204557 2.5
    endloop
  endfacet
  facet normal 0.7958369046088756 0.605511041404336 0
    outer loop
      vertex 19.854330345332578 25.690394882257834 -2.5
      vertex 19.854330345332578 25.690394882257834 2.5
      vertex 20.040094143508064 25.446241306155418 2.5
    endloop
  endfacet
  facet normal 0.7807372285721028 0.624859488142376 0
    outer loop
      vertex 19.854330345332578 25.690394882257834 -2.5
      vertex 19.662630667034215 25.92991605204557 2.5
      vertex 19.854330345332578 25.690394882257834 2.5
    endloop
  endfacet
  facet normal 0 0 1
    outer loop
      vertex 19.053088536893338 26.619256809213333 2.5
      vertex 17.24247082951467 24.89540544737067 2.5
      vertex 17.409511253549592 24.715589548470184 2.5
    endloop
  endfacet
  facet normal 0 0 1
    outer loop
      vertex 19.261889066936988 26.39448693558773 2.5
      vertex 17.409511253549592 24.715589548470184 2.5
      vertex 17.572088465064844 24.531728429537768 2.5
    endloop
  endfacet
  facet normal 0 0 1
    outer loop
      vertex 19.465110581331057 26.16466053692221 2.5
      vertex 17.572088465064844 24.531728429537768 2.5
      vertex 17.73010453362737 24.343932841636455 2.5
    endloop
  endfacet
  facet normal 0 0 1
    outer loop
      vertex 19.662630667034215 25.92991605204557 2.5
      vertex 17.73010453362737 24.343932841636455 2.5
      vertex 17.883464276266064 24.15231590580627 2.5
    endloop
  endfacet
  facet normal 0 0 1
    outer loop
      vertex 15.344438667878526 29.299866164043042 2.5
      vertex 13.826834323650898 27.238795325112868 2.5
      vertex 14.052413140049898 27.142097557035306 2.5
    endloop
  endfacet
  facet normal 0 0 1
    outer loop
      vertex 15.620141620682581 29.165303764943943 2.5
      vertex 14.052413140049898 27.142097557035306 2.5
      vertex 14.27555093430282 27.039892931234434 2.5
    endloop
  endfacet
  facet normal 0 0 1
    outer loop
      vertex 15.89245921032497 29.024015804354438 2.5
      vertex 14.27555093430282 27.039892931234434 2.5
      vertex 14.496113296546067 26.93224301195515 2.5
    endloop
  endfacet
  facet normal 0 0 1
    outer loop
      vertex 16.1612274028723 28.876087388858892 2.5
      vertex 14.496113296546067 26.93224301195515 2.5
      vertex 14.713967368259976 26.819212643483553 2.5
    endloop
  endfacet
  facet normal 0 0 1
    outer loop
      vertex 16.1612274028723 28.876087388858892 2.5
      vertex 14.713967368259976 26.819212643483553 2.5
      vertex 14.92898192229784 26.700869911087114 2.5
    endloop
  endfacet
  facet normal 0 0 1
    outer loop
      vertex 16.426284302415272 28.7216076250034 2.5
      vertex 14.92898192229784 26.700869911087114 2.5
      vertex 15.141027441932218 26.57728610000272 2.5
    endloop
  endfacet
  facet normal 0 0 1
    outer loop
      vertex 16.687470248588713 28.56066956562134 2.5
      vertex 15.141027441932218 26.57728610000272 2.5
      vertex 15.349976198870971 26.44853565249707 2.5
    endloop
  endfacet
  facet normal 0 0 1
    outer loop
      vertex 16.944627912745027 28.393370153781817 2.5
      vertex 15.349976198870971 26.44853565249707 2.5
      vertex 15.555702330196022 26.314696123025453 2.5
    endloop
  endfacet
  facet normal 0 0 1
    outer loop
      vertex 17.197602392723066 28.219810164394797 2.5
      vertex 15.555702330196022 26.314696123025453 2.5
      vertex 15.758081914178454 26.175848131515835 2.5
    endloop
  endfacet
  facet normal 0 0 1
    outer loop
      vertex 17.446241306155418 28.040094143508064 2.5
      vertex 15.758081914178454 26.175848131515835 2.5
      vertex 15.956993044924333 26.03207531480645 2.5
    endloop
  endfacet
  facet normal 0 0 1
    outer loop
      vertex 16.687470248588713 28.56066956562134 2.5
      vertex 16.426284302415272 28.7216076250034 2.5
      vertex 15.141027441932218 26.57728610000272 2.5
    endloop
  endfacet
  facet normal 0 0 1
    outer loop
      vertex 16.687470248588713 28.56066956562134 2.5
      vertex 15.349976198870971 26.44853565249707 2.5
      vertex 16.944627912745027 28.393370153781817 2.5
    endloop
  endfacet
  facet normal 0 0 1
    outer loop
      vertex 14.783542904563621 29.548494156391087 2.5
      vertex 13.598950365349882 27.32992798834739 2.5
      vertex 15.065516425062373 29.42762194629413 2.5
    endloop
  endfacet
  facet normal 0 0 1
    outer loop
      vertex 15.065516425062373 29.42762194629413 2.5
      vertex 13.826834323650898 27.238795325112868 2.5
      vertex 15.344438667878526 29.299866164043042 2.5
    endloop
  endfacet
  facet normal 0 0 1
    outer loop
      vertex 15.344438667878526 29.299866164043042 2.5
      vertex 14.052413140049898 27.142097557035306 2.5
      vertex 15.620141620682581 29.165303764943943 2.5
    endloop
  endfacet
  facet normal 0 0 1
    outer loop
      vertex 15.620141620682581 29.165303764943943 2.5
      vertex 14.27555093430282 27.039892931234434 2.5
      vertex 15.89245921032497 29.024015804354438 2.5
    endloop
  endfacet
  facet normal 0 0 1
    outer loop
      vertex 15.89245921032497 29.024015804354438 2.5
      vertex 14.496113296546067 26.93224301195515 2.5
      vertex 16.1612274028723 28.876087388858892 2.5
    endloop
  endfacet
  facet normal 0 0 1
    outer loop
      vertex 16.1612274028723 28.876087388858892 2.5
      vertex 14.92898192229784 26.700869911087114 2.5
      vertex 16.426284302415272 28.7216076250034 2.5
    endloop
  endfacet
  facet normal 0 0 1
    outer loop
      vertex 17.446241306155418 28.040094143508064 2.5
      vertex 15.956993044924333 26.03207531480645 2.5
      vertex 16.15231590580627 25.883464276266064 2.5
    endloop
  endfacet
  facet normal 0 0 1
    outer loop
      vertex 17.690394882257834 27.854330345332578 2.5
      vertex 16.15231590580627 25.883464276266064 2.5
      vertex 16.343932841636455 25.73010453362737 2.5
    endloop
  endfacet
  facet normal 0 0 1
    outer loop
      vertex 18.39448693558773 27.261889066936988 2.5
      vertex 16.715589548470184 25.409511253549592 2.5
      vertex 16.89540544737067 25.24247082951467 2.5
    endloop
  endfacet
  facet normal 0 0 1
    outer loop
      vertex 17.92991605204557 27.662630667034215 2.5
      vertex 16.343932841636455 25.73010453362737 2.5
      vertex 16.531728429537768 25.572088465064844 2.5
    endloop
  endfacet
  facet normal 0 0 1
    outer loop
      vertex 18.16466053692221 27.465110581331057 2.5
      vertex 16.531728429537768 25.572088465064844 2.5
      vertex 16.715589548470184 25.409511253549592 2.5
    endloop
  endfacet
  facet normal 0 0 1
    outer loop
      vertex 16.944627912745027 28.393370153781817 2.5
      vertex 15.555702330196022 26.314696123025453 2.5
      vertex 17.197602392723066 28.219810164394797 2.5
    endloop
  endfacet
  facet normal 0 0 1
    outer loop
      vertex 17.197602392723066 28.219810164394797 2.5
      vertex 15.758081914178454 26.175848131515835 2.5
      vertex 17.446241306155418 28.040094143508064 2.5
    endloop
  endfacet
  facet normal 0 0 1
    outer loop
      vertex 17.690394882257834 27.854330345332578 2.5
      vertex 17.446241306155418 28.040094143508064 2.5
      vertex 16.15231590580627 25.883464276266064 2.5
    endloop
  endfacet
  facet normal 0 0 1
    outer loop
      vertex 17.690394882257834 27.854330345332578 2.5
      vertex 16.343932841636455 25.73010453362737 2.5
      vertex 17.92991605204557 27.662630667034215 2.5
    endloop
  endfacet
  facet normal 0 0 1
    outer loop
      vertex 18.838834764831844 26.838834764831844 2.5
      vertex 16.89540544737067 25.24247082951467 2.5
      vertex 17.071067811865476 25.071067811865476 2.5
    endloop
  endfacet
  facet normal 0 0 1
    outer loop
      vertex 18.838834764831844 26.838834764831844 2.5
      vertex 17.071067811865476 25.071067811865476 2.5
      vertex 17.24247082951467 24.89540544737067 2.5
    endloop
  endfacet
  facet normal 0 0 1
    outer loop
      vertex 18.619256809213333 27.053088536893338 2.5
      vertex 16.89540544737067 25.24247082951467 2.5
      vertex 18.838834764831844 26.838834764831844 2.5
    endloop
  endfacet
  facet normal 0 0 1
    outer loop
      vertex 18.39448693558773 27.261889066936988 2.5
      vertex 16.89540544737067 25.24247082951467 2.5
      vertex 18.619256809213333 27.053088536893338 2.5
    endloop
  endfacet
  facet normal 0 0 1
    outer loop
      vertex 19.053088536893338 26.619256809213333 2.5
      vertex 18.838834764831844 26.838834764831844 2.5
      vertex 17.24247082951467 24.89540544737067 2.5
    endloop
  endfacet
  facet normal 0 0 1
    outer loop
      vertex 18.16466053692221 27.465110581331057 2.5
      vertex 17.92991605204557 27.662630667034215 2.5
      vertex 16.531728429537768 25.572088465064844 2.5
    endloop
  endfacet
  facet normal 0 0 1
    outer loop
      vertex 18.39448693558773 27.261889066936988 2.5
      vertex 18.16466053692221 27.465110581331057 2.5
      vertex 16.715589548470184 25.409511253549592 2.5
    endloop
  endfacet
  facet normal 0 0 1
    outer loop
      vertex 21.86910225741296 21.921021754986143 2.5
      vertex 19.70031253194544 20.42980179903264 2.5
      vertex 19.757021300385286 20.1910124015687 2.5
    endloop
  endfacet
  facet normal 0 0 1
    outer loop
      vertex 21.769300814787762 22.21112316740275 2.5
      vertex 19.569403357322088 20.902846772544624 2.5
      vertex 19.6377606579544 20.667127574748985 2.5
    endloop
  endfacet
  facet normal 0 0 1
    outer loop
      vertex 21.769300814787762 22.21112316740275 2.5
      vertex 19.6377606579544 20.667127574748985 2.5
      vertex 19.70031253194544 20.42980179903264 2.5
    endloop
  endfacet
  facet normal 0 0 1
    outer loop
      vertex 21.662409985434238 22.498687956687352 2.5
      vertex 19.495281805930368 21.136817403988914 2.5
      vertex 19.569403357322088 20.902846772544624 2.5
    endloop
  endfacet
  facet normal 0 0 1
    outer loop
      vertex 21.299866164043042 23.344438667878528 2.5
      vertex 19.238795325112868 21.8268343236509 2.5
      vertex 19.32992798834739 21.598950365349882 2.5
    endloop
  endfacet
  facet normal 0 0 1
    outer loop
      vertex 21.024015804354438 23.892459210324972 2.5
      vertex 18.93224301195515 22.496113296546067 2.5
      vertex 19.039892931234434 22.27555093430282 2.5
    endloop
  endfacet
  facet normal 0 0 1
    outer loop
      vertex 21.165303764943943 23.62014162068258 2.5
      vertex 19.142097557035306 22.0524131400499 2.5
      vertex 19.238795325112868 21.8268343236509 2.5
    endloop
  endfacet
  facet normal 0 0 1
    outer loop
      vertex 21.024015804354438 23.892459210324972 2.5
      vertex 19.039892931234434 22.27555093430282 2.5
      vertex 19.142097557035306 22.0524131400499 2.5
    endloop
  endfacet
  facet normal 0 0 1
    outer loop
      vertex 21.548494156391087 22.78354290456362 2.5
      vertex 19.41544065183021 21.3688985339222 2.5
      vertex 19.495281805930368 21.136817403988914 2.5
    endloop
  endfacet
  facet normal 0 0 1
    outer loop
      vertex 21.42762194629413 23.065516425062373 2.5
      vertex 19.32992798834739 21.598950365349882 2.5
      vertex 19.41544065183021 21.3688985339222 2.5
    endloop
  endfacet
  facet normal 0 0 1
    outer loop
      vertex 20.219810164394797 25.197602392723066 2.5
      vertex 18.175848131515835 23.758081914178454 2.5
      vertex 18.314696123025453 23.55570233019602 2.5
    endloop
  endfacet
  facet normal 0 0 1
    outer loop
      vertex 20.7216076250034 24.426284302415272 2.5
      vertex 18.700869911087114 22.92898192229784 2.5
      vertex 18.819212643483553 22.713967368259976 2.5
    endloop
  endfacet
  facet normal 0 0 1
    outer loop
      vertex 20.393370153781817 24.944627912745027 2.5
      vertex 18.44853565249707 23.34997619887097 2.5
      vertex 18.57728610000272 23.141027441932216 2.5
    endloop
  endfacet
  facet normal 0 0 1
    outer loop
      vertex 20.219810164394797 25.197602392723066 2.5
      vertex 18.314696123025453 23.55570233019602 2.5
      vertex 18.44853565249707 23.34997619887097 2.5
    endloop
  endfacet
  facet normal 0 0 1
    outer loop
      vertex 20.56066956562134 24.687470248588713 2.5
      vertex 18.57728610000272 23.141027441932216 2.5
      vertex 18.700869911087114 22.92898192229784 2.5
    endloop
  endfacet
  facet normal 0 0 1
    outer loop
      vertex 19.854330345332578 25.690394882257834 2.5
      vertex 17.883464276266064 24.15231590580627 2.5
      vertex 18.03207531480645 23.95699304492433 2.5
    endloop
  endfacet
  facet normal 0 0 1
    outer loop
      vertex 20.040094143508064 25.446241306155418 2.5
      vertex 18.03207531480645 23.95699304492433 2.5
      vertex 18.175848131515835 23.758081914178454 2.5
    endloop
  endfacet
  facet normal 0 0 1
    outer loop
      vertex 19.662630667034215 25.92991605204557 2.5
      vertex 17.883464276266064 24.15231590580627 2.5
      vertex 19.854330345332578 25.690394882257834 2.5
    endloop
  endfacet
  facet normal 0 0 1
    outer loop
      vertex 19.854330345332578 25.690394882257834 2.5
      vertex 18.03207531480645 23.95699304492433 2.5
      vertex 20.040094143508064 25.446241306155418 2.5
    endloop
  endfacet
  facet normal 0 0 1
    outer loop
      vertex 20.876087388858892 24.1612274028723 2.5
      vertex 18.819212643483553 22.713967368259976 2.5
      vertex 18.93224301195515 22.496113296546067 2.5
    endloop
  endfacet
  facet normal 0 0 1
    outer loop
      vertex 21.165303764943943 23.62014162068258 2.5
      vertex 21.024015804354438 23.892459210324972 2.5
      vertex 19.142097557035306 22.0524131400499 2.5
    endloop
  endfacet
  facet normal 0 0 1
    outer loop
      vertex 20.876087388858892 24.1612274028723 2.5
      vertex 18.93224301195515 22.496113296546067 2.5
      vertex 21.024015804354438 23.892459210324972 2.5
    endloop
  endfacet
  facet normal 0 0 1
    outer loop
      vertex 20.876087388858892 24.1612274028723 2.5
      vertex 20.7216076250034 24.426284302415272 2.5
      vertex 18.819212643483553 22.713967368259976 2.5
    endloop
  endfacet
  facet normal 0 0 1
    outer loop
      vertex 20.7216076250034 24.426284302415272 2.5
      vertex 20.56066956562134 24.687470248588713 2.5
      vertex 18.700869911087114 22.92898192229784 2.5
    endloop
  endfacet
  facet normal 0 0 1
    outer loop
      vertex 20.219810164394797 25.197602392723066 2.5
      vertex 20.040094143508064 25.446241306155418 2.5
      vertex 18.175848131515835 23.758081914178454 2.5
    endloop
  endfacet
  facet normal 0 0 1
    outer loop
      vertex 20.393370153781817 24.944627912745027 2.5
      vertex 20.219810164394797 25.197602392723066 2.5
      vertex 18.44853565249707 23.34997619887097 2.5
    endloop
  endfacet
  facet normal 0 0 1
    outer loop
      vertex 20.393370153781817 24.944627912745027 2.5
      vertex 18.57728610000272 23.141027441932216 2.5
      vertex 20.56066956562134 24.687470248588713 2.5
    endloop
  endfacet
  facet normal 0 0 1
    outer loop
      vertex 21.96175419665261 21.62855846568078 2.5
      vertex 19.757021300385286 20.1910124015687 2.5
      vertex 19.807852804032304 19.950903220161283 2.5
    endloop
  endfacet
  facet normal 0 0 1
    outer loop
      vertex 22.1253906649318 21.0372522487908 2.5
      vertex 22.047200822442996 21.333909468436232 2.5
      vertex 19.852776423889413 19.709618887603014 2.5
    endloop
  endfacet
  facet normal 0 0 1
    outer loop
      vertex 21.96175419665261 21.62855846568078 2.5
      vertex 19.807852804032304 19.950903220161283 2.5
      vertex 22.047200822442996 21.333909468436232 2.5
    endloop
  endfacet
  facet normal 0 0 1
    outer loop
      vertex 21.96175419665261 21.62855846568078 2.5
      vertex 21.86910225741296 21.921021754986143 2.5
      vertex 19.757021300385286 20.1910124015687 2.5
    endloop
  endfacet
  facet normal 0 0 1
    outer loop
      vertex 21.86910225741296 21.921021754986143 2.5
      vertex 21.769300814787762 22.21112316740275 2.5
      vertex 19.70031253194544 20.42980179903264 2.5
    endloop
  endfacet
  facet normal 0 0 1
    outer loop
      vertex 21.662409985434238 22.498687956687352 2.5
      vertex 21.548494156391087 22.78354290456362 2.5
      vertex 19.495281805930368 21.136817403988914 2.5
    endloop
  endfacet
  facet normal 0 0 1
    outer loop
      vertex 21.42762194629413 23.065516425062373 2.5
      vertex 21.299866164043042 23.344438667878528 2.5
      vertex 19.32992798834739 21.598950365349882 2.5
    endloop
  endfacet
  facet normal 0 0 1
    outer loop
      vertex 21.548494156391087 22.78354290456362 2.5
      vertex 21.42762194629413 23.065516425062373 2.5
      vertex 19.41544065183021 21.3688985339222 2.5
    endloop
  endfacet
  facet normal 0 0 1
    outer loop
      vertex 21.769300814787762 22.21112316740275 2.5
      vertex 21.662409985434238 22.498687956687352 2.5
      vertex 19.569403357322088 20.902846772544624 2.5
    endloop
  endfacet
  facet normal 0 0 1
    outer loop
      vertex 21.299866164043042 23.344438667878528 2.5
      vertex 21.165303764943943 23.62014162068258 2.5
      vertex 19.238795325112868 21.8268343236509 2.5
    endloop
  endfacet
  facet normal 0 0 1
    outer loop
      vertex 19.053088536893338 26.619256809213333 2.5
      vertex 17.409511253549592 24.715589548470184 2.5
      vertex 19.261889066936988 26.39448693558773 2.5
    endloop
  endfacet
  facet normal 0 0 1
    outer loop
      vertex 19.261889066936988 26.39448693558773 2.5
      vertex 17.572088465064844 24.531728429537768 2.5
      vertex 19.465110581331057 26.16466053692221 2.5
    endloop
  endfacet
  facet normal 0 0 1
    outer loop
      vertex 19.662630667034215 25.92991605204557 2.5
      vertex 19.465110581331057 26.16466053692221 2.5
      vertex 17.73010453362737 24.343932841636455 2.5
    endloop
  endfacet
  facet normal 0.7390952048472501 0.6736009784522298 0
    outer loop
      vertex 7.126467054215301 6.307398950947608 -2.5
      vertex 2.5904887464504087 11.284410451529816 -2.5
      vertex 2.5904887464504087 11.284410451529816 2.5
    endloop
  endfacet
  facet normal 0.73909520484725 0.6736009784522299 -1.128519063807946e-16
    outer loop
      vertex 7.126467054215301 6.307398950947608 -2.5
      vertex 2.5904887464504087 11.284410451529816 2.5
      vertex 4.711065604164798 8.957649895676639 2.5
    endloop
  endfacet
  facet normal 0.8382247055548384 0.5453249884220461 0
    outer loop
      vertex 1.6853038769745474 12.444297669803978 -2.5
      vertex 1.5514643475029288 12.650023801129029 -2.5
      vertex 1.5514643475029288 12.650023801129029 2.5
    endloop
  endfacet
  facet normal 0.780737228572093 0.6248594881423881 0
    outer loop
      vertex 2.2698954663726303 11.656067158363545 -2.5
      vertex 2.1165357237339366 11.847684094193731 -2.5
      vertex 2.1165357237339366 11.847684094193731 2.5
    endloop
  endfacet
  facet normal 0.7958369046088837 0.6055110414043251 0
    outer loop
      vertex 2.1165357237339366 11.847684094193731 -2.5
      vertex 1.96792468519355 12.043006955075667 -2.5
      vertex 1.96792468519355 12.043006955075667 2.5
    endloop
  endfacet
  facet normal 0.824589302785027 0.5657318107836109 0
    outer loop
      vertex 1.8241518684841633 12.241918085821546 -2.5
      vertex 1.6853038769745474 12.444297669803978 -2.5
      vertex 1.6853038769745474 12.444297669803978 2.5
    endloop
  endfacet
  facet normal 0.810457198252595 0.5857978574564384 0
    outer loop
      vertex 1.8241518684841633 12.241918085821546 2.5
      vertex 1.96792468519355 12.043006955075667 -2.5
      vertex 1.8241518684841633 12.241918085821546 -2.5
    endloop
  endfacet
  facet normal 0.909167983090523 0.41642956009763554 0
    outer loop
      vertex 0.9601070687655664 13.72444906569718 -2.5
      vertex 0.8579024429646935 13.947586859950102 -2.5
      vertex 0.8579024429646935 13.947586859950102 2.5
    endloop
  endfacet
  facet normal 0.898674465693954 0.4386162385385274 0
    outer loop
      vertex 1.067756988044847 13.503886703453933 -2.5
      vertex 0.9601070687655664 13.72444906569718 -2.5
      vertex 0.9601070687655664 13.72444906569718 2.5
    endloop
  endfacet
  facet normal 0.8876396204028542 0.4605387109582399 0
    outer loop
      vertex 1.067756988044847 13.503886703453933 -2.5
      vertex 1.067756988044847 13.503886703453933 2.5
      vertex 1.1807873565164488 13.286032631740024 -2.5
    endloop
  endfacet
  facet normal 0.9373390119125758 0.34841868024943196 0
    outer loop
      vertex 0.6700720116526107 14.401049634650118 -2.5
      vertex 0.5845593481697922 14.6311014660778 -2.5
      vertex 0.5845593481697922 14.6311014660778 2.5
    endloop
  endfacet
  facet normal 0.9604305194155647 0.278519689385057 0
    outer loop
      vertex 0.4305966426779122 15.097153227455376 -2.5
      vertex 0.3622393420456014 15.332872425251015 -2.5
      vertex 0.3622393420456014 15.332872425251015 2.5
    endloop
  endfacet
  facet normal 0.9456073253805221 0.32531029216226065 0
    outer loop
      vertex 0.5845593481697922 14.6311014660778 -2.5
      vertex 0.5047181940696337 14.863182596011086 -2.5
      vertex 0.5047181940696337 14.863182596011086 2.5
    endloop
  endfacet
  facet normal 0.9533060403541941 0.3020059493192276 0
    outer loop
      vertex 0.5047181940696337 14.863182596011086 -2.5
      vertex 0.4305966426779122 15.097153227455376 -2.5
      vertex 0.4305966426779122 15.097153227455376 2.5
    endloop
  endfacet
  facet normal 0.919113851690057 0.39399204006105015 0
    outer loop
      vertex 0.8579024429646935 13.947586859950102 -2.5
      vertex 0.7612046748871322 14.173165676349102 -2.5
      vertex 0.7612046748871322 14.173165676349102 2.5
    endloop
  endfacet
  facet normal 0.928506080473215 0.371317193951839 0
    outer loop
      vertex 0.7612046748871322 14.173165676349102 -2.5
      vertex 0.6700720116526107 14.401049634650118 -2.5
      vertex 0.6700720116526107 14.401049634650118 2.5
    endloop
  endfacet
  facet normal 0.8639728561215865 0.5035383837257181 0
    outer loop
      vertex 1.4227138999972802 12.858972558067782 -2.5
      vertex 1.2991300889128858 13.07101807770216 -2.5
      vertex 1.2991300889128858 13.07101807770216 2.5
    endloop
  endfacet
  facet normal 0.8760700941954057 0.4821837720791245 0
    outer loop
      vertex 1.1807873565164488 13.286032631740024 -2.5
      vertex 1.1807873565164488 13.286032631740024 2.5
      vertex 1.2991300889128858 13.07101807770216 -2.5
    endloop
  endfacet
  facet normal 0.8513551931052652 0.5245896826784685 0
    outer loop
      vertex 1.5514643475029288 12.650023801129029 -2.5
      vertex 1.4227138999972802 12.858972558067782 -2.5
      vertex 1.4227138999972802 12.858972558067782 2.5
    endloop
  endfacet
  facet normal 0.9831054874312157 0.18303988795514428 0
    outer loop
      vertex 0.1921471959676957 16.049096779838717 -2.5
      vertex 0.14722357611058712 16.290381112396986 -2.5
      vertex 0.14722357611058712 16.290381112396986 2.5
    endloop
  endfacet
  facet normal 0.9873014181578591 0.1588581433338563 0
    outer loop
      vertex 0.14722357611058712 16.290381112396986 -2.5
      vertex 0.10823490035219052 16.532695255446384 -2.5
      vertex 0.10823490035219052 16.532695255446384 2.5
    endloop
  endfacet
  facet normal 0.9909026354277797 0.13458070850712875 0
    outer loop
      vertex 0.07520465401290011 16.775893248007836 -2.5
      vertex 0.07520465401290011 16.775893248007836 2.5
      vertex 0.10823490035219052 16.532695255446384 -2.5
    endloop
  endfacet
  facet normal 0.9963126121827784 0.08579731234443434 0
    outer loop
      vertex 0.04815273327803027 17.019828596704393 -2.5
      vertex 0.027095433213098374 17.264354364003324 -2.5
      vertex 0.027095433213098374 17.264354364003324 2.5
    endloop
  endfacet
  facet normal 0.9939069700023557 0.11022220729388667 0
    outer loop
      vertex 0.07520465401290011 16.775893248007836 -2.5
      vertex 0.04815273327803027 17.019828596704393 -2.5
      vertex 0.04815273327803027 17.019828596704393 2.5
    endloop
  endfacet
  facet normal 0.998118112900149 0.06132073630221235 0
    outer loop
      vertex 0.027095433213098374 17.264354364003324 -2.5
      vertex 0.012045437948275506 17.50932325672582 -2.5
      vertex 0.012045437948275506 17.50932325672582 2.5
    endloop
  endfacet
  facet normal 0.9993223845883494 0.03680722294135692 0
    outer loop
      vertex 0.012045437948275506 17.50932325672582 -2.5
      vertex 0.0030118130379577224 17.754587714770878 -2.5
      vertex 0.0030118130379577224 17.754587714770878 2.5
    endloop
  endfacet
  facet normal 0.9999247018391445 0.012271538285719655 0
    outer loop
      vertex 0 18 2.5
      vertex 0.0030118130379577224 17.754587714770878 -2.5
      vertex 0 18 -2.5
    endloop
  endfacet
  facet normal 0.9999247018391445 -0.012271538285719655 0
    outer loop
      vertex 0.0030118130379577224 18.245412285229122 2.5
      vertex 0 18 -2.5
      vertex 0.0030118130379577224 18.245412285229122 -2.5
    endloop
  endfacet
  facet normal 0.9993223845883494 -0.03680722294135692 0
    outer loop
      vertex 0.0030118130379577224 18.245412285229122 -2.5
      vertex 0.012045437948275506 18.49067674327418 -2.5
      vertex 0.012045437948275506 18.49067674327418 2.5
    endloop
  endfacet
  facet normal 0.998118112900149 -0.06132073630221235 0
    outer loop
      vertex 0.012045437948275506 18.49067674327418 -2.5
      vertex 0.027095433213098374 18.735645635996676 -2.5
      vertex 0.027095433213098374 18.735645635996676 2.5
    endloop
  endfacet
  facet normal 0.9963126121827784 -0.08579731234443434 0
    outer loop
      vertex 0.04815273327803027 18.980171403295607 2.5
      vertex 0.027095433213098374 18.735645635996676 -2.5
      vertex 0.04815273327803027 18.980171403295607 -2.5
    endloop
  endfacet
  facet normal 0.9939069700023557 -0.11022220729388667 0
    outer loop
      vertex 0.04815273327803027 18.980171403295607 -2.5
      vertex 0.07520465401290011 19.224106751992164 -2.5
      vertex 0.07520465401290011 19.224106751992164 2.5
    endloop
  endfacet
  facet normal 0.9909026354277797 -0.13458070850712875 0
    outer loop
      vertex 0.07520465401290011 19.224106751992164 -2.5
      vertex 0.10823490035219052 19.467304744553616 -2.5
      vertex 0.10823490035219052 19.467304744553616 2.5
    endloop
  endfacet
  facet normal 0.9873014181578591 -0.1588581433338563 0
    outer loop
      vertex 0.10823490035219052 19.467304744553616 -2.5
      vertex 0.14722357611058712 19.709618887603014 -2.5
      vertex 0.14722357611058712 19.709618887603014 2.5
    endloop
  endfacet
  facet normal 0.9669764710448534 0.25486565960450996 0
    outer loop
      vertex 0.3622393420456014 15.332872425251015 -2.5
      vertex 0.2996874680545609 15.570198200967361 -2.5
      vertex 0.2996874680545609 15.570198200967361 2.5
    endloop
  endfacet
  facet normal 0.9729399522055583 0.2310581082806791 0
    outer loop
      vertex 0.2996874680545609 15.570198200967361 -2.5
      vertex 0.24297869961471363 15.808987598431301 -2.5
      vertex 0.24297869961471363 15.808987598431301 2.5
    endloop
  endfacet
  facet normal 0.9783173707196287 0.20711137619221395 0
    outer loop
      vertex 0.24297869961471363 15.808987598431301 -2.5
      vertex 0.1921471959676957 16.049096779838717 -2.5
      vertex 0.1921471959676957 16.049096779838717 2.5
    endloop
  endfacet
  facet normal 0.9831054874312157 -0.18303988795514428 0
    outer loop
      vertex 0.14722357611058712 19.709618887603014 -2.5
      vertex 0.1921471959676957 19.950903220161283 -2.5
      vertex 0.1921471959676957 19.950903220161283 2.5
    endloop
  endfacet
  facet normal 0.9783173707196287 -0.20711137619221395 0
    outer loop
      vertex 0.1921471959676957 19.950903220161283 -2.5
      vertex 0.24297869961471363 20.1910124015687 -2.5
      vertex 0.24297869961471363 20.1910124015687 2.5
    endloop
  endfacet
  facet normal 0.9729399522055583 -0.2310581082806791 0
    outer loop
      vertex 0.24297869961471363 20.1910124015687 -2.5
      vertex 0.2996874680545609 20.42980179903264 -2.5
      vertex 0.2996874680545609 20.42980179903264 2.5
    endloop
  endfacet
  facet normal 0.7491363945234584 0.6624157775901727 0
    outer loop
      vertex 2.5904887464504087 11.284410451529816 -2.5
      vertex 2.427911534935154 11.468271570462232 -2.5
      vertex 2.427911534935154 11.468271570462232 2.5
    endloop
  endfacet
  facet normal 0.7651672656224604 0.6438315428897897 0
    outer loop
      vertex 2.427911534935154 11.468271570462232 -2.5
      vertex 2.2698954663726303 11.656067158363545 -2.5
      vertex 2.2698954663726303 11.656067158363545 2.5
    endloop
  endfacet
  facet normal 0.9669764710448534 -0.25486565960450996 0
    outer loop
      vertex 0.2996874680545609 20.42980179903264 -2.5
      vertex 0.3622393420456014 20.667127574748985 -2.5
      vertex 0.3622393420456014 20.667127574748985 2.5
    endloop
  endfacet
  facet normal 0.9604305194155647 -0.278519689385057 0
    outer loop
      vertex 0.3622393420456014 20.667127574748985 -2.5
      vertex 0.4305966426779122 20.902846772544624 -2.5
      vertex 0.4305966426779122 20.902846772544624 2.5
    endloop
  endfacet
  facet normal 0.9533060403541941 -0.3020059493192276 0
    outer loop
      vertex 0.4305966426779122 20.902846772544624 -2.5
      vertex 0.5047181940696337 21.136817403988914 -2.5
      vertex 0.5047181940696337 21.136817403988914 2.5
    endloop
  endfacet
  facet normal 0.9456073253805214 -0.32531029216226287 0
    outer loop
      vertex 0.5047181940696337 21.136817403988914 -2.5
      vertex 0.5845593481697922 21.3688985339222 -2.5
      vertex 0.5845593481697922 21.3688985339222 2.5
    endloop
  endfacet
  facet normal 0.9373390119125766 -0.34841868024942957 0
    outer loop
      vertex 0.5845593481697922 21.3688985339222 -2.5
      vertex 0.6700720116526107 21.598950365349882 -2.5
      vertex 0.6700720116526107 21.598950365349882 2.5
    endloop
  endfacet
  facet normal 0.928506080473216 -0.3713171939518365 0
    outer loop
      vertex 0.7612046748871322 21.8268343236509 -2.5
      vertex 0.7612046748871322 21.8268343236509 2.5
      vertex 0.6700720116526107 21.598950365349882 -2.5
    endloop
  endfacet
  facet normal 0.919113851690057 -0.39399204006105015 0
    outer loop
      vertex 0.7612046748871322 21.8268343236509 -2.5
      vertex 0.8579024429646935 22.0524131400499 -2.5
      vertex 0.8579024429646935 22.0524131400499 2.5
    endloop
  endfacet
  facet normal 0.9091679830905219 -0.4164295600976384 0
    outer loop
      vertex 0.8579024429646935 22.0524131400499 -2.5
      vertex 0.9601070687655664 22.27555093430282 -2.5
      vertex 0.9601070687655664 22.27555093430282 2.5
    endloop
  endfacet
  facet normal 0.898674465693954 -0.4386162385385274 0
    outer loop
      vertex 1.067756988044847 22.496113296546067 -2.5
      vertex 1.067756988044847 22.496113296546067 2.5
      vertex 0.9601070687655664 22.27555093430282 -2.5
    endloop
  endfacet
  facet normal 0.8876396204028542 -0.4605387109582399 0
    outer loop
      vertex 1.067756988044847 22.496113296546067 -2.5
      vertex 1.1807873565164488 22.713967368259976 -2.5
      vertex 1.1807873565164488 22.713967368259976 2.5
    endloop
  endfacet
  facet normal 0.8760700941954057 -0.4821837720791245 0
    outer loop
      vertex 1.1807873565164488 22.713967368259976 -2.5
      vertex 1.2991300889128858 22.92898192229784 -2.5
      vertex 1.2991300889128858 22.92898192229784 2.5
    endloop
  endfacet
  facet normal 0.8639728561215846 -0.5035383837257212 0
    outer loop
      vertex 1.2991300889128858 22.92898192229784 -2.5
      vertex 1.4227138999972802 23.141027441932216 -2.5
      vertex 1.4227138999972802 23.141027441932216 2.5
    endloop
  endfacet
  facet normal 0.8513551931052652 -0.5245896826784685 0
    outer loop
      vertex 1.4227138999972802 23.141027441932216 -2.5
      vertex 1.5514643475029288 23.34997619887097 -2.5
      vertex 1.5514643475029288 23.34997619887097 2.5
    endloop
  endfacet
  facet normal 0.8382247055548384 -0.5453249884220461 0
    outer loop
      vertex 1.5514643475029288 23.34997619887097 -2.5
      vertex 1.6853038769745474 23.55570233019602 -2.5
      vertex 1.6853038769745474 23.55570233019602 2.5
    endloop
  endfacet
  facet normal 0.8245893027850292 -0.5657318107836075 0
    outer loop
      vertex 1.8241518684841633 23.758081914178454 -2.5
      vertex 1.8241518684841633 23.758081914178454 2.5
      vertex 1.6853038769745474 23.55570233019602 -2.5
    endloop
  endfacet
  facet normal 0.8104571982525927 -0.5857978574564419 0
    outer loop
      vertex 1.8241518684841633 23.758081914178454 -2.5
      vertex 1.96792468519355 23.95699304492433 -2.5
      vertex 1.96792468519355 23.95699304492433 2.5
    endloop
  endfacet
  facet normal 0.7958369046088865 -0.6055110414043217 0
    outer loop
      vertex 1.96792468519355 23.95699304492433 -2.5
      vertex 2.1165357237339366 24.15231590580627 -2.5
      vertex 2.1165357237339366 24.15231590580627 2.5
    endloop
  endfacet
  facet normal 0.780737228572093 -0.6248594881423881 0
    outer loop
      vertex 2.1165357237339366 24.15231590580627 -2.5
      vertex 2.2698954663726303 24.343932841636455 -2.5
      vertex 2.2698954663726303 24.343932841636455 2.5
    endloop
  endfacet
  facet normal 0.7651672656224604 -0.6438315428897897 0
    outer loop
      vertex 2.2698954663726303 24.343932841636455 -2.5
      vertex 2.427911534935154 24.531728429537768 -2.5
      vertex 2.427911534935154 24.531728429537768 2.5
    endloop
  endfacet
  facet normal 0.7491363945234584 -0.6624157775901727 0
    outer loop
      vertex 2.427911534935154 24.531728429537768 -2.5
      vertex 2.5904887464504087 24.715589548470184 -2.5
      vertex 2.5904887464504087 24.715589548470184 2.5
    endloop
  endfacet
  facet normal 0.7326542716724159 -0.6806009977954499 0
    outer loop
      vertex 2.5904887464504087 24.715589548470184 -2.5
      vertex 2.7575291704853298 24.89540544737067 -2.5
      vertex 2.7575291704853298 24.89540544737067 2.5
    endloop
  endfacet
  facet normal 0.7157308252838152 -0.6983762494089766 0
    outer loop
      vertex 2.7575291704853298 24.89540544737067 -2.5
      vertex 2.9289321881345245 25.071067811865476 -2.5
      vertex 2.9289321881345245 25.071067811865476 2.5
    endloop
  endfacet
  facet normal 0.698376249408971 -0.7157308252838204 0
    outer loop
      vertex 2.9289321881345245 25.071067811865476 -2.5
      vertex 3.1045945526293313 25.24247082951467 -2.5
      vertex 3.1045945526293313 25.24247082951467 2.5
    endloop
  endfacet
  facet normal 0.6806009977954574 -0.7326542716724089 0
    outer loop
      vertex 3.2844104515298156 25.409511253549592 -2.5
      vertex 3.2844104515298156 25.409511253549592 2.5
      vertex 3.1045945526293313 25.24247082951467 -2.5
    endloop
  endfacet
  facet normal 0.6624157775901648 -0.7491363945234654 0
    outer loop
      vertex 3.2844104515298156 25.409511253549592 -2.5
      vertex 3.4682715704622327 25.572088465064844 -2.5
      vertex 3.4682715704622327 25.572088465064844 2.5
    endloop
  endfacet
  facet normal 0.6438315428897935 -0.7651672656224571 0
    outer loop
      vertex 3.4682715704622327 25.572088465064844 -2.5
      vertex 3.6560671583635447 25.73010453362737 -2.5
      vertex 3.6560671583635447 25.73010453362737 2.5
    endloop
  endfacet
  facet normal 0.6248594881423908 -0.7807372285720909 0
    outer loop
      vertex 3.6560671583635447 25.73010453362737 -2.5
      vertex 3.847684094193732 25.883464276266064 -2.5
      vertex 3.847684094193732 25.883464276266064 2.5
    endloop
  endfacet
  facet normal 0.60551104140432 -0.7958369046088878 0
    outer loop
      vertex 4.043006955075667 26.03207531480645 -2.5
      vertex 4.043006955075667 26.03207531480645 2.5
      vertex 3.847684094193732 25.883464276266064 -2.5
    endloop
  endfacet
  facet normal 0.5857978574564368 -0.8104571982525963 0
    outer loop
      vertex 4.043006955075667 26.03207531480645 -2.5
      vertex 4.241918085821546 26.175848131515835 -2.5
      vertex 4.241918085821546 26.175848131515835 2.5
    endloop
  endfacet
  facet normal 0.5657318107836176 -0.8245893027850224 0
    outer loop
      vertex 4.241918085821546 26.175848131515835 -2.5
      vertex 4.444297669803978 26.314696123025453 -2.5
      vertex 4.444297669803978 26.314696123025453 2.5
    endloop
  endfacet
  facet normal 0.5453249884220461 -0.8382247055548384 0
    outer loop
      vertex 4.444297669803978 26.314696123025453 -2.5
      vertex 4.650023801129029 26.44853565249707 -2.5
      vertex 4.650023801129029 26.44853565249707 2.5
    endloop
  endfacet
  facet normal 0.5245896826784685 -0.8513551931052652 0
    outer loop
      vertex 4.650023801129029 26.44853565249707 -2.5
      vertex 4.858972558067782 26.57728610000272 -2.5
      vertex 4.858972558067782 26.57728610000272 2.5
    endloop
  endfacet
  facet normal 0.5035383837257181 -0.8639728561215865 0
    outer loop
      vertex 4.858972558067782 26.57728610000272 -2.5
      vertex 5.07101807770216 26.700869911087114 -2.5
      vertex 5.07101807770216 26.700869911087114 2.5
    endloop
  endfacet
  facet normal 0.48218377207913155 -0.8760700941954018 0
    outer loop
      vertex 5.2860326317400235 26.819212643483553 -2.5
      vertex 5.2860326317400235 26.819212643483553 2.5
      vertex 5.07101807770216 26.700869911087114 -2.5
    endloop
  endfacet
  facet normal 0.4605387109582255 -0.8876396204028615 0
    outer loop
      vertex 5.503886703453934 26.93224301195515 2.5
      vertex 5.2860326317400235 26.819212643483553 -2.5
      vertex 5.503886703453934 26.93224301195515 -2.5
    endloop
  endfacet
  facet normal 0.4386162385385346 -0.8986744656939505 0
    outer loop
      vertex 5.503886703453934 26.93224301195515 -2.5
      vertex 5.724449065697179 27.039892931234434 -2.5
      vertex 5.724449065697179 27.039892931234434 2.5
    endloop
  endfacet
  facet normal 0.41642956009763554 -0.909167983090523 0
    outer loop
      vertex 5.724449065697179 27.039892931234434 -2.5
      vertex 5.947586859950102 27.142097557035306 -2.5
      vertex 5.947586859950102 27.142097557035306 2.5
    endloop
  endfacet
  facet normal 0.39399204006105015 -0.919113851690057 0
    outer loop
      vertex 6.173165676349102 27.238795325112868 2.5
      vertex 5.947586859950102 27.142097557035306 -2.5
      vertex 6.173165676349102 27.238795325112868 -2.5
    endloop
  endfacet
  facet normal 0.8513551931052652 0.5245896826784685 0
    outer loop
      vertex 1.4227138999972802 12.858972558067782 2.5
      vertex 1.5514643475029288 12.650023801129029 2.5
      vertex 1.5514643475029288 12.650023801129029 -2.5
    endloop
  endfacet
  facet normal 0.8382247055548384 0.5453249884220461 0
    outer loop
      vertex 1.6853038769745474 12.444297669803978 -2.5
      vertex 1.5514643475029288 12.650023801129029 2.5
      vertex 1.6853038769745474 12.444297669803978 2.5
    endloop
  endfacet
  facet normal 0.810457198252595 0.5857978574564384 0
    outer loop
      vertex 1.96792468519355 12.043006955075667 -2.5
      vertex 1.8241518684841633 12.241918085821546 2.5
      vertex 1.96792468519355 12.043006955075667 2.5
    endloop
  endfacet
  facet normal 0.7958369046088837 0.6055110414043251 0
    outer loop
      vertex 2.1165357237339366 11.847684094193731 -2.5
      vertex 1.96792468519355 12.043006955075667 2.5
      vertex 2.1165357237339366 11.847684094193731 2.5
    endloop
  endfacet
  facet normal 0.824589302785027 0.5657318107836109 0
    outer loop
      vertex 1.8241518684841633 12.241918085821546 -2.5
      vertex 1.6853038769745474 12.444297669803978 2.5
      vertex 1.8241518684841633 12.241918085821546 2.5
    endloop
  endfacet
  facet normal 0.8876396204028542 0.4605387109582399 0
    outer loop
      vertex 1.067756988044847 13.503886703453933 2.5
      vertex 1.1807873565164488 13.286032631740024 2.5
      vertex 1.1807873565164488 13.286032631740024 -2.5
    endloop
  endfacet
  facet normal 0.909167983090523 0.41642956009763554 0
    outer loop
      vertex 0.8579024429646935 13.947586859950102 2.5
      vertex 0.9601070687655664 13.72444906569718 2.5
      vertex 0.9601070687655664 13.72444906569718 -2.5
    endloop
  endfacet
  facet normal 0.919113851690057 0.39399204006105015 0
    outer loop
      vertex 0.8579024429646935 13.947586859950102 -2.5
      vertex 0.7612046748871322 14.173165676349102 2.5
      vertex 0.8579024429646935 13.947586859950102 2.5
    endloop
  endfacet
  facet normal 0.898674465693954 0.4386162385385274 0
    outer loop
      vertex 1.067756988044847 13.503886703453933 -2.5
      vertex 0.9601070687655664 13.72444906569718 2.5
      vertex 1.067756988044847 13.503886703453933 2.5
    endloop
  endfacet
  facet normal 0.9373390119125758 0.34841868024943196 0
    outer loop
      vertex 0.6700720116526107 14.401049634650118 -2.5
      vertex 0.5845593481697922 14.6311014660778 2.5
      vertex 0.6700720116526107 14.401049634650118 2.5
    endloop
  endfacet
  facet normal 0.9604305194155647 0.278519689385057 0
    outer loop
      vertex 0.3622393420456014 15.332872425251015 2.5
      vertex 0.4305966426779122 15.097153227455376 2.5
      vertex 0.4305966426779122 15.097153227455376 -2.5
    endloop
  endfacet
  facet normal 0.9533060403541941 0.3020059493192276 0
    outer loop
      vertex 0.4305966426779122 15.097153227455376 2.5
      vertex 0.5047181940696337 14.863182596011086 2.5
      vertex 0.5047181940696337 14.863182596011086 -2.5
    endloop
  endfacet
  facet normal 0.9456073253805221 0.32531029216226065 0
    outer loop
      vertex 0.5047181940696337 14.863182596011086 2.5
      vertex 0.5845593481697922 14.6311014660778 2.5
      vertex 0.5845593481697922 14.6311014660778 -2.5
    endloop
  endfacet
  facet normal 0.928506080473215 0.371317193951839 0
    outer loop
      vertex 0.6700720116526107 14.401049634650118 2.5
      vertex 0.7612046748871322 14.173165676349102 2.5
      vertex 0.7612046748871322 14.173165676349102 -2.5
    endloop
  endfacet
  facet normal 0.8639728561215865 0.5035383837257181 0
    outer loop
      vertex 1.2991300889128858 13.07101807770216 2.5
      vertex 1.4227138999972802 12.858972558067782 2.5
      vertex 1.4227138999972802 12.858972558067782 -2.5
    endloop
  endfacet
  facet normal 0.8760700941954057 0.4821837720791245 0
    outer loop
      vertex 1.2991300889128858 13.07101807770216 -2.5
      vertex 1.1807873565164488 13.286032631740024 2.5
      vertex 1.2991300889128858 13.07101807770216 2.5
    endloop
  endfacet
  facet normal 0.9873014181578591 0.1588581433338563 0
    outer loop
      vertex 0.10823490035219052 16.532695255446384 2.5
      vertex 0.14722357611058712 16.290381112396986 2.5
      vertex 0.14722357611058712 16.290381112396986 -2.5
    endloop
  endfacet
  facet normal 0.9909026354277797 0.13458070850712875 0
    outer loop
      vertex 0.10823490035219052 16.532695255446384 -2.5
      vertex 0.07520465401290011 16.775893248007836 2.5
      vertex 0.10823490035219052 16.532695255446384 2.5
    endloop
  endfacet
  facet normal 0.9939069700023557 0.11022220729388667 0
    outer loop
      vertex 0.04815273327803027 17.019828596704393 2.5
      vertex 0.07520465401290011 16.775893248007836 2.5
      vertex 0.07520465401290011 16.775893248007836 -2.5
    endloop
  endfacet
  facet normal 0.9963126121827784 0.08579731234443434 0
    outer loop
      vertex 0.04815273327803027 17.019828596704393 -2.5
      vertex 0.027095433213098374 17.264354364003324 2.5
      vertex 0.04815273327803027 17.019828596704393 2.5
    endloop
  endfacet
  facet normal 0.998118112900149 0.06132073630221235 0
    outer loop
      vertex 0.012045437948275506 17.50932325672582 2.5
      vertex 0.027095433213098374 17.264354364003324 2.5
      vertex 0.027095433213098374 17.264354364003324 -2.5
    endloop
  endfacet
  facet normal 0.9993223845883494 0.03680722294135692 0
    outer loop
      vertex 0.0030118130379577224 17.754587714770878 2.5
      vertex 0.012045437948275506 17.50932325672582 2.5
      vertex 0.012045437948275506 17.50932325672582 -2.5
    endloop
  endfacet
  facet normal 0.9999247018391445 0.012271538285719655 0
    outer loop
      vertex 0.0030118130379577224 17.754587714770878 -2.5
      vertex 0 18 2.5
      vertex 0.0030118130379577224 17.754587714770878 2.5
    endloop
  endfacet
  facet normal 0.9999247018391445 -0.012271538285719655 0
    outer loop
      vertex 0 18 -2.5
      vertex 0.0030118130379577224 18.245412285229122 2.5
      vertex 0 18 2.5
    endloop
  endfacet
  facet normal 0.9993223845883494 -0.03680722294135692 0
    outer loop
      vertex 0.0030118130379577224 18.245412285229122 -2.5
      vertex 0.012045437948275506 18.49067674327418 2.5
      vertex 0.0030118130379577224 18.245412285229122 2.5
    endloop
  endfacet
  facet normal 0.998118112900149 -0.06132073630221235 0
    outer loop
      vertex 0.027095433213098374 18.735645635996676 2.5
      vertex 0.012045437948275506 18.49067674327418 2.5
      vertex 0.012045437948275506 18.49067674327418 -2.5
    endloop
  endfacet
  facet normal 0.9963126121827784 -0.08579731234443434 0
    outer loop
      vertex 0.027095433213098374 18.735645635996676 -2.5
      vertex 0.04815273327803027 18.980171403295607 2.5
      vertex 0.027095433213098374 18.735645635996676 2.5
    endloop
  endfacet
  facet normal 0.9939069700023557 -0.11022220729388667 0
    outer loop
      vertex 0.04815273327803027 18.980171403295607 -2.5
      vertex 0.07520465401290011 19.224106751992164 2.5
      vertex 0.04815273327803027 18.980171403295607 2.5
    endloop
  endfacet
  facet normal 0.9909026354277797 -0.13458070850712875 0
    outer loop
      vertex 0.07520465401290011 19.224106751992164 -2.5
      vertex 0.10823490035219052 19.467304744553616 2.5
      vertex 0.07520465401290011 19.224106751992164 2.5
    endloop
  endfacet
  facet normal 0.9873014181578591 -0.1588581433338563 0
    outer loop
      vertex 0.10823490035219052 19.467304744553616 -2.5
      vertex 0.14722357611058712 19.709618887603014 2.5
      vertex 0.10823490035219052 19.467304744553616 2.5
    endloop
  endfacet
  facet normal 0.9831054874312157 -0.18303988795514428 0
    outer loop
      vertex 0.14722357611058712 19.709618887603014 -2.5
      vertex 0.1921471959676957 19.950903220161283 2.5
      vertex 0.14722357611058712 19.709618887603014 2.5
    endloop
  endfacet
  facet normal 0.9669764710448534 0.25486565960450996 0
    outer loop
      vertex 0.2996874680545609 15.570198200967361 2.5
      vertex 0.3622393420456014 15.332872425251015 2.5
      vertex 0.3622393420456014 15.332872425251015 -2.5
    endloop
  endfacet
  facet normal 0.9729399522055583 0.2310581082806791 0
    outer loop
      vertex 0.2996874680545609 15.570198200967361 -2.5
      vertex 0.24297869961471363 15.808987598431301 2.5
      vertex 0.2996874680545609 15.570198200967361 2.5
    endloop
  endfacet
  facet normal 0.9783173707196287 0.20711137619221395 0
    outer loop
      vertex 0.24297869961471363 15.808987598431301 -2.5
      vertex 0.1921471959676957 16.049096779838717 2.5
      vertex 0.24297869961471363 15.808987598431301 2.5
    endloop
  endfacet
  facet normal 0.9831054874312157 0.18303988795514428 0
    outer loop
      vertex 0.1921471959676957 16.049096779838717 -2.5
      vertex 0.14722357611058712 16.290381112396986 2.5
      vertex 0.1921471959676957 16.049096779838717 2.5
    endloop
  endfacet
  facet normal 0.9783173707196287 -0.20711137619221395 0
    outer loop
      vertex 0.1921471959676957 19.950903220161283 -2.5
      vertex 0.24297869961471363 20.1910124015687 2.5
      vertex 0.1921471959676957 19.950903220161283 2.5
    endloop
  endfacet
  facet normal 0.9729399522055583 -0.2310581082806791 0
    outer loop
      vertex 0.24297869961471363 20.1910124015687 -2.5
      vertex 0.2996874680545609 20.42980179903264 2.5
      vertex 0.24297869961471363 20.1910124015687 2.5
    endloop
  endfacet
  facet normal 0.7491363945234584 0.6624157775901727 0
    outer loop
      vertex 2.5904887464504087 11.284410451529816 -2.5
      vertex 2.427911534935154 11.468271570462232 2.5
      vertex 2.5904887464504087 11.284410451529816 2.5
    endloop
  endfacet
  facet normal 0.780737228572093 0.6248594881423881 0
    outer loop
      vertex 2.1165357237339366 11.847684094193731 2.5
      vertex 2.2698954663726303 11.656067158363545 2.5
      vertex 2.2698954663726303 11.656067158363545 -2.5
    endloop
  endfacet
  facet normal 0.7651672656224604 0.6438315428897897 0
    outer loop
      vertex 2.427911534935154 11.468271570462232 -2.5
      vertex 2.2698954663726303 11.656067158363545 2.5
      vertex 2.427911534935154 11.468271570462232 2.5
    endloop
  endfacet
  facet normal 0.9669764710448534 -0.25486565960450996 0
    outer loop
      vertex 0.2996874680545609 20.42980179903264 -2.5
      vertex 0.3622393420456014 20.667127574748985 2.5
      vertex 0.2996874680545609 20.42980179903264 2.5
    endloop
  endfacet
  facet normal 0.9604305194155647 -0.278519689385057 0
    outer loop
      vertex 0.3622393420456014 20.667127574748985 -2.5
      vertex 0.4305966426779122 20.902846772544624 2.5
      vertex 0.3622393420456014 20.667127574748985 2.5
    endloop
  endfacet
  facet normal 0.9533060403541941 -0.3020059493192276 0
    outer loop
      vertex 0.4305966426779122 20.902846772544624 -2.5
      vertex 0.5047181940696337 21.136817403988914 2.5
      vertex 0.4305966426779122 20.902846772544624 2.5
    endloop
  endfacet
  facet normal 0.9456073253805214 -0.32531029216226287 0
    outer loop
      vertex 0.5845593481697922 21.3688985339222 2.5
      vertex 0.5047181940696337 21.136817403988914 2.5
      vertex 0.5047181940696337 21.136817403988914 -2.5
    endloop
  endfacet
  facet normal 0.9373390119125766 -0.34841868024942957 0
    outer loop
      vertex 0.5845593481697922 21.3688985339222 -2.5
      vertex 0.6700720116526107 21.598950365349882 2.5
      vertex 0.5845593481697922 21.3688985339222 2.5
    endloop
  endfacet
  facet normal 0.928506080473216 -0.3713171939518365 0
    outer loop
      vertex 0.6700720116526107 21.598950365349882 -2.5
      vertex 0.7612046748871322 21.8268343236509 2.5
      vertex 0.6700720116526107 21.598950365349882 2.5
    endloop
  endfacet
  facet normal 0.919113851690057 -0.39399204006105015 0
    outer loop
      vertex 0.7612046748871322 21.8268343236509 -2.5
      vertex 0.8579024429646935 22.0524131400499 2.5
      vertex 0.7612046748871322 21.8268343236509 2.5
    endloop
  endfacet
  facet normal 0.9091679830905219 -0.4164295600976384 0
    outer loop
      vertex 0.8579024429646935 22.0524131400499 -2.5
      vertex 0.9601070687655664 22.27555093430282 2.5
      vertex 0.8579024429646935 22.0524131400499 2.5
    endloop
  endfacet
  facet normal 0.898674465693954 -0.4386162385385274 0
    outer loop
      vertex 0.9601070687655664 22.27555093430282 -2.5
      vertex 1.067756988044847 22.496113296546067 2.5
      vertex 0.9601070687655664 22.27555093430282 2.5
    endloop
  endfacet
  facet normal 0.8876396204028542 -0.4605387109582399 0
    outer loop
      vertex 1.067756988044847 22.496113296546067 -2.5
      vertex 1.1807873565164488 22.713967368259976 2.5
      vertex 1.067756988044847 22.496113296546067 2.5
    endloop
  endfacet
  facet normal 0.8760700941954057 -0.4821837720791245 0
    outer loop
      vertex 1.1807873565164488 22.713967368259976 -2.5
      vertex 1.2991300889128858 22.92898192229784 2.5
      vertex 1.1807873565164488 22.713967368259976 2.5
    endloop
  endfacet
  facet normal 0.8639728561215846 -0.5035383837257212 0
    outer loop
      vertex 1.4227138999972802 23.141027441932216 2.5
      vertex 1.2991300889128858 22.92898192229784 2.5
      vertex 1.2991300889128858 22.92898192229784 -2.5
    endloop
  endfacet
  facet normal 0.8513551931052652 -0.5245896826784685 0
    outer loop
      vertex 1.4227138999972802 23.141027441932216 -2.5
      vertex 1.5514643475029288 23.34997619887097 2.5
      vertex 1.4227138999972802 23.141027441932216 2.5
    endloop
  endfacet
  facet normal 0.8382247055548384 -0.5453249884220461 0
    outer loop
      vertex 1.5514643475029288 23.34997619887097 -2.5
      vertex 1.6853038769745474 23.55570233019602 2.5
      vertex 1.5514643475029288 23.34997619887097 2.5
    endloop
  endfacet
  facet normal 0.8245893027850292 -0.5657318107836075 0
    outer loop
      vertex 1.6853038769745474 23.55570233019602 -2.5
      vertex 1.8241518684841633 23.758081914178454 2.5
      vertex 1.6853038769745474 23.55570233019602 2.5
    endloop
  endfacet
  facet normal 0.8104571982525927 -0.5857978574564419 0
    outer loop
      vertex 1.8241518684841633 23.758081914178454 -2.5
      vertex 1.96792468519355 23.95699304492433 2.5
      vertex 1.8241518684841633 23.758081914178454 2.5
    endloop
  endfacet
  facet normal 0.7958369046088865 -0.6055110414043217 0
    outer loop
      vertex 1.96792468519355 23.95699304492433 -2.5
      vertex 2.1165357237339366 24.15231590580627 2.5
      vertex 1.96792468519355 23.95699304492433 2.5
    endloop
  endfacet
  facet normal 0.780737228572093 -0.6248594881423881 0
    outer loop
      vertex 2.1165357237339366 24.15231590580627 -2.5
      vertex 2.2698954663726303 24.343932841636455 2.5
      vertex 2.1165357237339366 24.15231590580627 2.5
    endloop
  endfacet
  facet normal 0.7651672656224604 -0.6438315428897897 0
    outer loop
      vertex 2.2698954663726303 24.343932841636455 -2.5
      vertex 2.427911534935154 24.531728429537768 2.5
      vertex 2.2698954663726303 24.343932841636455 2.5
    endloop
  endfacet
  facet normal 0.7491363945234584 -0.6624157775901727 0
    outer loop
      vertex 2.427911534935154 24.531728429537768 -2.5
      vertex 2.5904887464504087 24.715589548470184 2.5
      vertex 2.427911534935154 24.531728429537768 2.5
    endloop
  endfacet
  facet normal 0.7326542716724159 -0.6806009977954499 0
    outer loop
      vertex 2.5904887464504087 24.715589548470184 -2.5
      vertex 2.7575291704853298 24.89540544737067 2.5
      vertex 2.5904887464504087 24.715589548470184 2.5
    endloop
  endfacet
  facet normal 0.7157308252838152 -0.6983762494089766 0
    outer loop
      vertex 2.9289321881345245 25.071067811865476 2.5
      vertex 2.7575291704853298 24.89540544737067 2.5
      vertex 2.7575291704853298 24.89540544737067 -2.5
    endloop
  endfacet
  facet normal 0.698376249408971 -0.7157308252838204 0
    outer loop
      vertex 2.9289321881345245 25.071067811865476 -2.5
      vertex 3.1045945526293313 25.24247082951467 2.5
      vertex 2.9289321881345245 25.071067811865476 2.5
    endloop
  endfacet
  facet normal 0.6806009977954574 -0.7326542716724089 0
    outer loop
      vertex 3.2844104515298156 25.409511253549592 2.5
      vertex 3.1045945526293313 25.24247082951467 2.5
      vertex 3.1045945526293313 25.24247082951467 -2.5
    endloop
  endfacet
  facet normal 0.6624157775901648 -0.7491363945234654 0
    outer loop
      vertex 3.2844104515298156 25.409511253549592 -2.5
      vertex 3.4682715704622327 25.572088465064844 2.5
      vertex 3.2844104515298156 25.409511253549592 2.5
    endloop
  endfacet
  facet normal 0.6438315428897935 -0.7651672656224571 0
    outer loop
      vertex 3.6560671583635447 25.73010453362737 2.5
      vertex 3.4682715704622327 25.572088465064844 2.5
      vertex 3.4682715704622327 25.572088465064844 -2.5
    endloop
  endfacet
  facet normal 0.6248594881423908 -0.7807372285720909 0
    outer loop
      vertex 3.6560671583635447 25.73010453362737 -2.5
      vertex 3.847684094193732 25.883464276266064 2.5
      vertex 3.6560671583635447 25.73010453362737 2.5
    endloop
  endfacet
  facet normal 0.60551104140432 -0.7958369046088878 0
    outer loop
      vertex 3.847684094193732 25.883464276266064 -2.5
      vertex 4.043006955075667 26.03207531480645 2.5
      vertex 3.847684094193732 25.883464276266064 2.5
    endloop
  endfacet
  facet normal 0.5857978574564368 -0.8104571982525963 0
    outer loop
      vertex 4.043006955075667 26.03207531480645 -2.5
      vertex 4.241918085821546 26.175848131515835 2.5
      vertex 4.043006955075667 26.03207531480645 2.5
    endloop
  endfacet
  facet normal 0.5657318107836176 -0.8245893027850224 0
    outer loop
      vertex 4.241918085821546 26.175848131515835 -2.5
      vertex 4.444297669803978 26.314696123025453 2.5
      vertex 4.241918085821546 26.175848131515835 2.5
    endloop
  endfacet
  facet normal 0.5453249884220461 -0.8382247055548384 0
    outer loop
      vertex 4.650023801129029 26.44853565249707 2.5
      vertex 4.444297669803978 26.314696123025453 2.5
      vertex 4.444297669803978 26.314696123025453 -2.5
    endloop
  endfacet
  facet normal 0.5245896826784685 -0.8513551931052652 0
    outer loop
      vertex 4.650023801129029 26.44853565249707 -2.5
      vertex 4.858972558067782 26.57728610000272 2.5
      vertex 4.650023801129029 26.44853565249707 2.5
    endloop
  endfacet
  facet normal 0.5035383837257181 -0.8639728561215865 0
    outer loop
      vertex 4.858972558067782 26.57728610000272 -2.5
      vertex 5.07101807770216 26.700869911087114 2.5
      vertex 4.858972558067782 26.57728610000272 2.5
    endloop
  endfacet
  facet normal 0.48218377207913155 -0.8760700941954018 0
    outer loop
      vertex 5.07101807770216 26.700869911087114 -2.5
      vertex 5.2860326317400235 26.819212643483553 2.5
      vertex 5.07101807770216 26.700869911087114 2.5
    endloop
  endfacet
  facet normal 0.4605387109582255 -0.8876396204028615 0
    outer loop
      vertex 5.2860326317400235 26.819212643483553 -2.5
      vertex 5.503886703453934 26.93224301195515 2.5
      vertex 5.2860326317400235 26.819212643483553 2.5
    endloop
  endfacet
  facet normal 0.4386162385385346 -0.8986744656939505 0
    outer loop
      vertex 5.503886703453934 26.93224301195515 -2.5
      vertex 5.724449065697179 27.039892931234434 2.5
      vertex 5.503886703453934 26.93224301195515 2.5
    endloop
  endfacet
  facet normal 0.41642956009763554 -0.909167983090523 0
    outer loop
      vertex 5.947586859950102 27.142097557035306 2.5
      vertex 5.724449065697179 27.039892931234434 2.5
      vertex 5.724449065697179 27.039892931234434 -2.5
    endloop
  endfacet
  facet normal 0.39399204006105015 -0.919113851690057 0
    outer loop
      vertex 5.947586859950102 27.142097557035306 -2.5
      vertex 6.173165676349102 27.238795325112868 2.5
      vertex 5.947586859950102 27.142097557035306 2.5
    endloop
  endfacet
  facet normal 0.371317193951839 -0.928506080473215 0
    outer loop
      vertex 6.173165676349102 27.238795325112868 -2.5
      vertex 6.401049634650118 27.32992798834739 2.5
      vertex 6.173165676349102 27.238795325112868 2.5
    endloop
  endfacet
  facet normal 0.7390952048472502 0.6736009784522298 0
    outer loop
      vertex 7.126467054215301 6.307398950947608 -2.5
      vertex 4.711065604164798 8.957649895676639 2.5
      vertex 12.59105061320394 0.3114939060708811 -2.5
    endloop
  endfacet
  facet normal 0.7390952048472502 0.6736009784522298 0
    outer loop
      vertex 12.59105061320394 0.3114939060708811 2.5
      vertex 12.59105061320394 0.3114939060708811 -2.5
      vertex 4.711065604164798 8.957649895676639 2.5
    endloop
  endfacet
  facet normal 0.371317193951839 -0.928506080473215 0
    outer loop
      vertex 6.173165676349102 27.238795325112868 -2.5
      vertex 6.401049634650118 27.32992798834739 -2.5
      vertex 6.401049634650118 27.32992798834739 2.5
    endloop
  endfacet
  facet normal 0.3484186802494384 -0.9373390119125736 0
    outer loop
      vertex 6.401049634650118 27.32992798834739 -2.5
      vertex 6.6311014660778 27.41544065183021 -2.5
      vertex 6.6311014660778 27.41544065183021 2.5
    endloop
  endfacet
  facet normal 0.32531029216226176 -0.9456073253805217 0
    outer loop
      vertex 6.6311014660778 27.41544065183021 -2.5
      vertex 6.863182596011085 27.495281805930368 -2.5
      vertex 6.863182596011085 27.495281805930368 2.5
    endloop
  endfacet
  facet normal 0.30200594931921887 -0.9533060403541966 0
    outer loop
      vertex 6.863182596011085 27.495281805930368 -2.5
      vertex 7.097153227455377 27.569403357322088 -2.5
      vertex 7.097153227455377 27.569403357322088 2.5
    endloop
  endfacet
  facet normal 0.278519689385057 -0.9604305194155647 0
    outer loop
      vertex 7.097153227455377 27.569403357322088 -2.5
      vertex 7.332872425251016 27.6377606579544 -2.5
      vertex 7.332872425251016 27.6377606579544 2.5
    endloop
  endfacet
  facet normal 0.25486565960451085 -0.9669764710448531 0
    outer loop
      vertex 7.332872425251016 27.6377606579544 -2.5
      vertex 7.570198200967361 27.70031253194544 -2.5
      vertex 7.570198200967361 27.70031253194544 2.5
    endloop
  endfacet
  facet normal 0.23105810828067827 -0.9729399522055584 0
    outer loop
      vertex 7.570198200967361 27.70031253194544 -2.5
      vertex 7.808987598431302 27.757021300385286 -2.5
      vertex 7.808987598431302 27.757021300385286 2.5
    endloop
  endfacet
  facet normal 0.20711137619221465 -0.9783173707196284 0
    outer loop
      vertex 7.808987598431302 27.757021300385286 -2.5
      vertex 8.049096779838717 27.807852804032304 -2.5
      vertex 8.049096779838717 27.807852804032304 2.5
    endloop
  endfacet
  facet normal 0.183039887955143 -0.9831054874312161 0
    outer loop
      vertex 8.049096779838717 27.807852804032304 -2.5
      vertex 8.290381112396988 27.852776423889413 -2.5
      vertex 8.290381112396988 27.852776423889413 2.5
    endloop
  endfacet
  facet normal 0.1588581433338586 -0.9873014181578588 0
    outer loop
      vertex 8.290381112396988 27.852776423889413 -2.5
      vertex 8.532695255446383 27.89176509964781 -2.5
      vertex 8.532695255446383 27.89176509964781 2.5
    endloop
  endfacet
  facet normal 0.13458070850712683 -0.9909026354277799 0
    outer loop
      vertex 8.775893248007838 27.9247953459871 2.5
      vertex 8.532695255446383 27.89176509964781 -2.5
      vertex 8.775893248007838 27.9247953459871 -2.5
    endloop
  endfacet
  facet normal 0.11022220729388667 -0.9939069700023557 0
    outer loop
      vertex 9.019828596704395 27.95184726672197 2.5
      vertex 8.775893248007838 27.9247953459871 -2.5
      vertex 9.019828596704395 27.95184726672197 -2.5
    endloop
  endfacet
  facet normal 0.08579731234443434 -0.9963126121827784 0
    outer loop
      vertex 9.264354364003326 27.9729045667869 2.5
      vertex 9.019828596704395 27.95184726672197 -2.5
      vertex 9.264354364003326 27.9729045667869 -2.5
    endloop
  endfacet
  facet normal 0.06132073630222046 -0.9981181129001485 0
    outer loop
      vertex 9.264354364003326 27.9729045667869 -2.5
      vertex 9.50932325672582 27.987954562051726 -2.5
      vertex 9.50932325672582 27.987954562051726 2.5
    endloop
  endfacet
  facet normal 0.03680722294134942 -0.9993223845883499 0
    outer loop
      vertex 9.754587714770878 27.996988186962042 2.5
      vertex 9.50932325672582 27.987954562051726 -2.5
      vertex 9.754587714770878 27.996988186962042 -2.5
    endloop
  endfacet
  facet normal 0.012271538285719655 -0.9999247018391445 0
    outer loop
      vertex 9.754587714770878 27.996988186962042 -2.5
      vertex 10 28 -2.5
      vertex 10 28 2.5
    endloop
  endfacet
  facet normal -0.012271538285719655 -0.9999247018391445 0
    outer loop
      vertex 10.245412285229122 27.996988186962042 2.5
      vertex 10 28 -2.5
      vertex 10.245412285229122 27.996988186962042 -2.5
    endloop
  endfacet
  facet normal -0.08579731234443434 -0.9963126121827784 0
    outer loop
      vertex 10.735645635996674 27.9729045667869 -2.5
      vertex 10.980171403295605 27.95184726672197 -2.5
      vertex 10.980171403295605 27.95184726672197 2.5
    endloop
  endfacet
  facet normal -0.11022220729388667 -0.9939069700023557 0
    outer loop
      vertex 10.980171403295605 27.95184726672197 -2.5
      vertex 11.224106751992162 27.9247953459871 -2.5
      vertex 11.224106751992162 27.9247953459871 2.5
    endloop
  endfacet
  facet normal -0.13458070850712683 -0.9909026354277799 0
    outer loop
      vertex 11.224106751992162 27.9247953459871 -2.5
      vertex 11.467304744553617 27.89176509964781 -2.5
      vertex 11.467304744553617 27.89176509964781 2.5
    endloop
  endfacet
  facet normal -0.1588581433338586 -0.9873014181578588 0
    outer loop
      vertex 11.467304744553617 27.89176509964781 -2.5
      vertex 11.709618887603012 27.852776423889413 -2.5
      vertex 11.709618887603012 27.852776423889413 2.5
    endloop
  endfacet
  facet normal -0.183039887955143 -0.9831054874312161 0
    outer loop
      vertex 11.709618887603012 27.852776423889413 -2.5
      vertex 11.950903220161283 27.807852804032304 -2.5
      vertex 11.950903220161283 27.807852804032304 2.5
    endloop
  endfacet
  facet normal -0.20711137619221395 -0.9783173707196287 0
    outer loop
      vertex 12.191012401568699 27.757021300385286 2.5
      vertex 11.950903220161283 27.807852804032304 -2.5
      vertex 12.191012401568699 27.757021300385286 -2.5
    endloop
  endfacet
  facet normal -0.2310581082806791 -0.9729399522055583 0
    outer loop
      vertex 12.191012401568699 27.757021300385286 -2.5
      vertex 12.429801799032639 27.70031253194544 -2.5
      vertex 12.429801799032639 27.70031253194544 2.5
    endloop
  endfacet
  facet normal -0.03680722294134942 -0.9993223845883499 0
    outer loop
      vertex 10.245412285229122 27.996988186962042 -2.5
      vertex 10.49067674327418 27.987954562051726 -2.5
      vertex 10.49067674327418 27.987954562051726 2.5
    endloop
  endfacet
  facet normal -0.06132073630222046 -0.9981181129001485 0
    outer loop
      vertex 10.49067674327418 27.987954562051726 -2.5
      vertex 10.735645635996674 27.9729045667869 -2.5
      vertex 10.735645635996674 27.9729045667869 2.5
    endloop
  endfacet
  facet normal -0.25486565960450996 -0.9669764710448534 0
    outer loop
      vertex 12.429801799032639 27.70031253194544 -2.5
      vertex 12.667127574748985 27.6377606579544 -2.5
      vertex 12.667127574748985 27.6377606579544 2.5
    endloop
  endfacet
  facet normal -0.278519689385057 -0.9604305194155647 0
    outer loop
      vertex 12.667127574748985 27.6377606579544 -2.5
      vertex 12.902846772544624 27.569403357322088 -2.5
      vertex 12.902846772544624 27.569403357322088 2.5
    endloop
  endfacet
  facet normal -0.30200594931922103 -0.9533060403541961 0
    outer loop
      vertex 12.902846772544624 27.569403357322088 -2.5
      vertex 13.136817403988914 27.495281805930368 -2.5
      vertex 13.136817403988914 27.495281805930368 2.5
    endloop
  endfacet
  facet normal -0.32531029216226065 -0.9456073253805221 0
    outer loop
      vertex 13.136817403988914 27.495281805930368 -2.5
      vertex 13.3688985339222 27.41544065183021 -2.5
      vertex 13.3688985339222 27.41544065183021 2.5
    endloop
  endfacet
  facet normal -0.371317193951839 -0.928506080473215 0
    outer loop
      vertex 13.598950365349882 27.32992798834739 -2.5
      vertex 13.826834323650898 27.238795325112868 -2.5
      vertex 13.826834323650898 27.238795325112868 2.5
    endloop
  endfacet
  facet normal -0.3484186802494384 -0.9373390119125736 0
    outer loop
      vertex 13.3688985339222 27.41544065183021 -2.5
      vertex 13.598950365349882 27.32992798834739 -2.5
      vertex 13.598950365349882 27.32992798834739 2.5
    endloop
  endfacet
  facet normal -0.39399204006105015 -0.919113851690057 0
    outer loop
      vertex 14.052413140049898 27.142097557035306 -2.5
      vertex 14.052413140049898 27.142097557035306 2.5
      vertex 13.826834323650898 27.238795325112868 -2.5
    endloop
  endfacet
  facet normal -0.41642956009763554 -0.909167983090523 0
    outer loop
      vertex 14.27555093430282 27.039892931234434 2.5
      vertex 14.052413140049898 27.142097557035306 -2.5
      vertex 14.27555093430282 27.039892931234434 -2.5
    endloop
  endfacet
  facet normal -0.9884699595970579 -0.15141710264758976 0
    outer loop
      vertex 19.89176509964781 19.467304744553616 -2.5
      vertex 21.020215738874093 12.100636526371105 -2.5
      vertex 21.020215738874093 12.100636526371105 2.5
    endloop
  endfacet
  facet normal -0.9873014181578591 -0.1588581433338563 0
    outer loop
      vertex 19.852776423889413 19.709618887603014 -2.5
      vertex 19.89176509964781 19.467304744553616 -2.5
      vertex 19.89176509964781 19.467304744553616 2.5
    endloop
  endfacet
  facet normal -0.9783173707196287 -0.20711137619221395 0
    outer loop
      vertex 19.757021300385286 20.1910124015687 -2.5
      vertex 19.807852804032304 19.950903220161283 -2.5
      vertex 19.807852804032304 19.950903220161283 2.5
    endloop
  endfacet
  facet normal -0.9831054874312157 -0.18303988795514428 0
    outer loop
      vertex 19.807852804032304 19.950903220161283 -2.5
      vertex 19.852776423889413 19.709618887603014 -2.5
      vertex 19.852776423889413 19.709618887603014 2.5
    endloop
  endfacet
  facet normal -0.9729399522055583 -0.2310581082806791 0
    outer loop
      vertex 19.757021300385286 20.1910124015687 -2.5
      vertex 19.757021300385286 20.1910124015687 2.5
      vertex 19.70031253194544 20.42980179903264 -2.5
    endloop
  endfacet
  facet normal -0.6806009977954538 -0.7326542716724123 0
    outer loop
      vertex 16.89540544737067 25.24247082951467 -2.5
      vertex 16.89540544737067 25.24247082951467 2.5
      vertex 16.715589548470184 25.409511253549592 -2.5
    endloop
  endfacet
  facet normal -0.7326542716724123 -0.6806009977954538 0
    outer loop
      vertex 17.409511253549592 24.715589548470184 -2.5
      vertex 17.409511253549592 24.715589548470184 2.5
      vertex 17.24247082951467 24.89540544737067 -2.5
    endloop
  endfacet
  facet normal -0.6983762494089747 -0.7157308252838169 0
    outer loop
      vertex 17.071067811865476 25.071067811865476 2.5
      vertex 16.89540544737067 25.24247082951467 -2.5
      vertex 17.071067811865476 25.071067811865476 -2.5
    endloop
  endfacet
  facet normal -0.7157308252838169 -0.6983762494089747 0
    outer loop
      vertex 17.24247082951467 24.89540544737067 -2.5
      vertex 17.24247082951467 24.89540544737067 2.5
      vertex 17.071067811865476 25.071067811865476 -2.5
    endloop
  endfacet
  facet normal -0.8382247055548384 -0.5453249884220461 0
    outer loop
      vertex 18.314696123025453 23.55570233019602 -2.5
      vertex 18.44853565249707 23.34997619887097 -2.5
      vertex 18.44853565249707 23.34997619887097 2.5
    endloop
  endfacet
  facet normal -0.8104571982525927 -0.5857978574564419 0
    outer loop
      vertex 18.03207531480645 23.95699304492433 -2.5
      vertex 18.175848131515835 23.758081914178454 -2.5
      vertex 18.175848131515835 23.758081914178454 2.5
    endloop
  endfacet
  facet normal -0.7958369046088917 -0.6055110414043148 0
    outer loop
      vertex 18.03207531480645 23.95699304492433 2.5
      vertex 17.883464276266064 24.15231590580627 -2.5
      vertex 18.03207531480645 23.95699304492433 -2.5
    endloop
  endfacet
  facet normal -0.8245893027850257 -0.5657318107836123 0
    outer loop
      vertex 18.314696123025453 23.55570233019602 -2.5
      vertex 18.314696123025453 23.55570233019602 2.5
      vertex 18.175848131515835 23.758081914178454 -2.5
    endloop
  endfacet
  facet normal -0.7651672656224586 -0.6438315428897917 0
    outer loop
      vertex 17.572088465064844 24.531728429537768 -2.5
      vertex 17.73010453362737 24.343932841636455 -2.5
      vertex 17.73010453362737 24.343932841636455 2.5
    endloop
  endfacet
  facet normal -0.7491363945234638 -0.6624157775901667 0
    outer loop
      vertex 17.409511253549592 24.715589548470184 -2.5
      vertex 17.572088465064844 24.531728429537768 -2.5
      vertex 17.572088465064844 24.531728429537768 2.5
    endloop
  endfacet
  facet normal -0.7807372285720895 -0.6248594881423926 0
    outer loop
      vertex 17.883464276266064 24.15231590580627 -2.5
      vertex 17.883464276266064 24.15231590580627 2.5
      vertex 17.73010453362737 24.343932841636455 -2.5
    endloop
  endfacet
  facet normal -0.5035383837257181 -0.8639728561215865 0
    outer loop
      vertex 14.92898192229784 26.700869911087114 -2.5
      vertex 15.141027441932218 26.57728610000272 -2.5
      vertex 15.141027441932218 26.57728610000272 2.5
    endloop
  endfacet
  facet normal -0.5245896826784685 -0.8513551931052652 0
    outer loop
      vertex 15.141027441932218 26.57728610000272 -2.5
      vertex 15.349976198870971 26.44853565249707 -2.5
      vertex 15.349976198870971 26.44853565249707 2.5
    endloop
  endfacet
  facet normal -0.43861623853853315 -0.8986744656939512 0
    outer loop
      vertex 14.27555093430282 27.039892931234434 -2.5
      vertex 14.496113296546067 26.93224301195515 -2.5
      vertex 14.496113296546067 26.93224301195515 2.5
    endloop
  endfacet
  facet normal -0.4605387109582285 -0.88763962040286 0
    outer loop
      vertex 14.496113296546067 26.93224301195515 -2.5
      vertex 14.713967368259976 26.819212643483553 -2.5
      vertex 14.713967368259976 26.819212643483553 2.5
    endloop
  endfacet
  facet normal -0.48218377207913 -0.8760700941954026 0
    outer loop
      vertex 14.713967368259976 26.819212643483553 -2.5
      vertex 14.92898192229784 26.700869911087114 -2.5
      vertex 14.92898192229784 26.700869911087114 2.5
    endloop
  endfacet
  facet normal -0.5453249884220461 -0.8382247055548384 0
    outer loop
      vertex 15.555702330196022 26.314696123025453 -2.5
      vertex 15.555702330196022 26.314696123025453 2.5
      vertex 15.349976198870971 26.44853565249707 -2.5
    endloop
  endfacet
  facet normal -0.5657318107836158 -0.8245893027850235 0
    outer loop
      vertex 15.758081914178454 26.175848131515835 2.5
      vertex 15.555702330196022 26.314696123025453 -2.5
      vertex 15.758081914178454 26.175848131515835 -2.5
    endloop
  endfacet
  facet normal -0.5857978574564384 -0.810457198252595 0
    outer loop
      vertex 15.758081914178454 26.175848131515835 -2.5
      vertex 15.956993044924333 26.03207531480645 -2.5
      vertex 15.956993044924333 26.03207531480645 2.5
    endloop
  endfacet
  facet normal -0.6055110414043183 -0.795836904608889 0
    outer loop
      vertex 15.956993044924333 26.03207531480645 -2.5
      vertex 16.15231590580627 25.883464276266064 -2.5
      vertex 16.15231590580627 25.883464276266064 2.5
    endloop
  endfacet
  facet normal -0.6248594881423926 -0.7807372285720895 0
    outer loop
      vertex 16.15231590580627 25.883464276266064 -2.5
      vertex 16.343932841636455 25.73010453362737 -2.5
      vertex 16.343932841636455 25.73010453362737 2.5
    endloop
  endfacet
  facet normal -0.6438315428897917 -0.7651672656224586 0
    outer loop
      vertex 16.343932841636455 25.73010453362737 -2.5
      vertex 16.531728429537768 25.572088465064844 -2.5
      vertex 16.531728429537768 25.572088465064844 2.5
    endloop
  endfacet
  facet normal -0.6624157775901667 -0.7491363945234638 0
    outer loop
      vertex 16.531728429537768 25.572088465064844 -2.5
      vertex 16.715589548470184 25.409511253549592 -2.5
      vertex 16.715589548470184 25.409511253549592 2.5
    endloop
  endfacet
  facet normal -0.9373390119125744 -0.348418680249436 0
    outer loop
      vertex 19.41544065183021 21.3688985339222 -2.5
      vertex 19.41544065183021 21.3688985339222 2.5
      vertex 19.32992798834739 21.598950365349882 -2.5
    endloop
  endfacet
  facet normal -0.88763962040286 -0.4605387109582285 0
    outer loop
      vertex 18.93224301195515 22.496113296546067 2.5
      vertex 18.819212643483553 22.713967368259976 -2.5
      vertex 18.93224301195515 22.496113296546067 -2.5
    endloop
  endfacet
  facet normal -0.8760700941954026 -0.48218377207913 0
    outer loop
      vertex 18.700869911087114 22.92898192229784 -2.5
      vertex 18.819212643483553 22.713967368259976 -2.5
      vertex 18.819212643483553 22.713967368259976 2.5
    endloop
  endfacet
  facet normal -0.9091679830905219 -0.4164295600976384 0
    outer loop
      vertex 19.039892931234434 22.27555093430282 -2.5
      vertex 19.142097557035306 22.0524131400499 -2.5
      vertex 19.142097557035306 22.0524131400499 2.5
    endloop
  endfacet
  facet normal -0.928506080473216 -0.3713171939518365 0
    outer loop
      vertex 19.32992798834739 21.598950365349882 -2.5
      vertex 19.32992798834739 21.598950365349882 2.5
      vertex 19.238795325112868 21.8268343236509 -2.5
    endloop
  endfacet
  facet normal -0.919113851690057 -0.39399204006105015 0
    outer loop
      vertex 19.142097557035306 22.0524131400499 -2.5
      vertex 19.238795325112868 21.8268343236509 -2.5
      vertex 19.238795325112868 21.8268343236509 2.5
    endloop
  endfacet
  facet normal -0.8986744656939512 -0.43861623853853315 0
    outer loop
      vertex 18.93224301195515 22.496113296546067 -2.5
      vertex 19.039892931234434 22.27555093430282 -2.5
      vertex 19.039892931234434 22.27555093430282 2.5
    endloop
  endfacet
  facet normal -0.9669764710448534 -0.25486565960450996 0
    outer loop
      vertex 19.70031253194544 20.42980179903264 -2.5
      vertex 19.70031253194544 20.42980179903264 2.5
      vertex 19.6377606579544 20.667127574748985 -2.5
    endloop
  endfacet
  facet normal -0.9533060403541961 -0.30200594931922103 0
    outer loop
      vertex 19.569403357322088 20.902846772544624 2.5
      vertex 19.495281805930368 21.136817403988914 -2.5
      vertex 19.569403357322088 20.902846772544624 -2.5
    endloop
  endfacet
  facet normal -0.9604305194155647 -0.278519689385057 0
    outer loop
      vertex 19.569403357322088 20.902846772544624 -2.5
      vertex 19.6377606579544 20.667127574748985 -2.5
      vertex 19.6377606579544 20.667127574748985 2.5
    endloop
  endfacet
  facet normal -0.9456073253805214 -0.32531029216226287 0
    outer loop
      vertex 19.495281805930368 21.136817403988914 -2.5
      vertex 19.495281805930368 21.136817403988914 2.5
      vertex 19.41544065183021 21.3688985339222 -2.5
    endloop
  endfacet
  facet normal -0.8513551931052652 -0.5245896826784685 0
    outer loop
      vertex 18.44853565249707 23.34997619887097 -2.5
      vertex 18.57728610000272 23.141027441932216 -2.5
      vertex 18.57728610000272 23.141027441932216 2.5
    endloop
  endfacet
  facet normal -0.8639728561215846 -0.5035383837257212 0
    outer loop
      vertex 18.57728610000272 23.141027441932216 -2.5
      vertex 18.700869911087114 22.92898192229784 -2.5
      vertex 18.700869911087114 22.92898192229784 2.5
    endloop
  endfacet
  facet normal 0.3484186802494384 -0.9373390119125736 0
    outer loop
      vertex 6.401049634650118 27.32992798834739 -2.5
      vertex 6.6311014660778 27.41544065183021 2.5
      vertex 6.401049634650118 27.32992798834739 2.5
    endloop
  endfacet
  facet normal 0.32531029216226176 -0.9456073253805217 0
    outer loop
      vertex 6.863182596011085 27.495281805930368 2.5
      vertex 6.6311014660778 27.41544065183021 2.5
      vertex 6.6311014660778 27.41544065183021 -2.5
    endloop
  endfacet
  facet normal 0.30200594931921887 -0.9533060403541966 0
    outer loop
      vertex 6.863182596011085 27.495281805930368 -2.5
      vertex 7.097153227455377 27.569403357322088 2.5
      vertex 6.863182596011085 27.495281805930368 2.5
    endloop
  endfacet
  facet normal 0.278519689385057 -0.9604305194155647 0
    outer loop
      vertex 7.097153227455377 27.569403357322088 -2.5
      vertex 7.332872425251016 27.6377606579544 2.5
      vertex 7.097153227455377 27.569403357322088 2.5
    endloop
  endfacet
  facet normal 0.25486565960451085 -0.9669764710448531 0
    outer loop
      vertex 7.332872425251016 27.6377606579544 -2.5
      vertex 7.570198200967361 27.70031253194544 2.5
      vertex 7.332872425251016 27.6377606579544 2.5
    endloop
  endfacet
  facet normal 0.23105810828067827 -0.9729399522055584 0
    outer loop
      vertex 7.808987598431302 27.757021300385286 2.5
      vertex 7.570198200967361 27.70031253194544 2.5
      vertex 7.570198200967361 27.70031253194544 -2.5
    endloop
  endfacet
  facet normal 0.20711137619221465 -0.9783173707196284 0
    outer loop
      vertex 7.808987598431302 27.757021300385286 -2.5
      vertex 8.049096779838717 27.807852804032304 2.5
      vertex 7.808987598431302 27.757021300385286 2.5
    endloop
  endfacet
  facet normal 0.183039887955143 -0.9831054874312161 0
    outer loop
      vertex 8.049096779838717 27.807852804032304 -2.5
      vertex 8.290381112396988 27.852776423889413 2.5
      vertex 8.049096779838717 27.807852804032304 2.5
    endloop
  endfacet
  facet normal 0.1588581433338586 -0.9873014181578588 0
    outer loop
      vertex 8.290381112396988 27.852776423889413 -2.5
      vertex 8.532695255446383 27.89176509964781 2.5
      vertex 8.290381112396988 27.852776423889413 2.5
    endloop
  endfacet
  facet normal 0.13458070850712683 -0.9909026354277799 0
    outer loop
      vertex 8.775893248007838 27.9247953459871 2.5
      vertex 8.532695255446383 27.89176509964781 2.5
      vertex 8.532695255446383 27.89176509964781 -2.5
    endloop
  endfacet
  facet normal 0.11022220729388667 -0.9939069700023557 0
    outer loop
      vertex 8.775893248007838 27.9247953459871 2.5
      vertex 8.775893248007838 27.9247953459871 -2.5
      vertex 9.019828596704395 27.95184726672197 2.5
    endloop
  endfacet
  facet normal 0.08579731234443434 -0.9963126121827784 0
    outer loop
      vertex 9.264354364003326 27.9729045667869 2.5
      vertex 9.019828596704395 27.95184726672197 2.5
      vertex 9.019828596704395 27.95184726672197 -2.5
    endloop
  endfacet
  facet normal 0.06132073630222046 -0.9981181129001485 0
    outer loop
      vertex 9.50932325672582 27.987954562051726 2.5
      vertex 9.264354364003326 27.9729045667869 2.5
      vertex 9.264354364003326 27.9729045667869 -2.5
    endloop
  endfacet
  facet normal 0.03680722294134942 -0.9993223845883499 0
    outer loop
      vertex 9.754587714770878 27.996988186962042 2.5
      vertex 9.50932325672582 27.987954562051726 2.5
      vertex 9.50932325672582 27.987954562051726 -2.5
    endloop
  endfacet
  facet normal 0.012271538285719655 -0.9999247018391445 0
    outer loop
      vertex 9.754587714770878 27.996988186962042 2.5
      vertex 9.754587714770878 27.996988186962042 -2.5
      vertex 10 28 2.5
    endloop
  endfacet
  facet normal -0.012271538285719655 -0.9999247018391445 0
    outer loop
      vertex 10.245412285229122 27.996988186962042 2.5
      vertex 10 28 2.5
      vertex 10 28 -2.5
    endloop
  endfacet
  facet normal -0.08579731234443434 -0.9963126121827784 0
    outer loop
      vertex 10.980171403295605 27.95184726672197 2.5
      vertex 10.735645635996674 27.9729045667869 2.5
      vertex 10.735645635996674 27.9729045667869 -2.5
    endloop
  endfacet
  facet normal -0.11022220729388667 -0.9939069700023557 0
    outer loop
      vertex 10.980171403295605 27.95184726672197 -2.5
      vertex 11.224106751992162 27.9247953459871 2.5
      vertex 10.980171403295605 27.95184726672197 2.5
    endloop
  endfacet
  facet normal -0.13458070850712683 -0.9909026354277799 0
    outer loop
      vertex 11.224106751992162 27.9247953459871 2.5
      vertex 11.224106751992162 27.9247953459871 -2.5
      vertex 11.467304744553617 27.89176509964781 2.5
    endloop
  endfacet
  facet normal -0.1588581433338586 -0.9873014181578588 0
    outer loop
      vertex 11.709618887603012 27.852776423889413 2.5
      vertex 11.467304744553617 27.89176509964781 2.5
      vertex 11.467304744553617 27.89176509964781 -2.5
    endloop
  endfacet
  facet normal -0.183039887955143 -0.9831054874312161 0
    outer loop
      vertex 11.950903220161283 27.807852804032304 2.5
      vertex 11.709618887603012 27.852776423889413 2.5
      vertex 11.709618887603012 27.852776423889413 -2.5
    endloop
  endfacet
  facet normal -0.20711137619221395 -0.9783173707196287 0
    outer loop
      vertex 12.191012401568699 27.757021300385286 2.5
      vertex 11.950903220161283 27.807852804032304 2.5
      vertex 11.950903220161283 27.807852804032304 -2.5
    endloop
  endfacet
  facet normal -0.2310581082806791 -0.9729399522055583 0
    outer loop
      vertex 12.191012401568699 27.757021300385286 2.5
      vertex 12.191012401568699 27.757021300385286 -2.5
      vertex 12.429801799032639 27.70031253194544 2.5
    endloop
  endfacet
  facet normal -0.03680722294134942 -0.9993223845883499 0
    outer loop
      vertex 10.245412285229122 27.996988186962042 -2.5
      vertex 10.49067674327418 27.987954562051726 2.5
      vertex 10.245412285229122 27.996988186962042 2.5
    endloop
  endfacet
  facet normal -0.06132073630222046 -0.9981181129001485 0
    outer loop
      vertex 10.735645635996674 27.9729045667869 2.5
      vertex 10.49067674327418 27.987954562051726 2.5
      vertex 10.49067674327418 27.987954562051726 -2.5
    endloop
  endfacet
  facet normal -0.25486565960450996 -0.9669764710448534 0
    outer loop
      vertex 12.667127574748985 27.6377606579544 2.5
      vertex 12.429801799032639 27.70031253194544 2.5
      vertex 12.429801799032639 27.70031253194544 -2.5
    endloop
  endfacet
  facet normal -0.278519689385057 -0.9604305194155647 0
    outer loop
      vertex 12.667127574748985 27.6377606579544 -2.5
      vertex 12.902846772544624 27.569403357322088 2.5
      vertex 12.667127574748985 27.6377606579544 2.5
    endloop
  endfacet
  facet normal -0.30200594931922103 -0.9533060403541961 0
    outer loop
      vertex 12.902846772544624 27.569403357322088 -2.5
      vertex 13.136817403988914 27.495281805930368 2.5
      vertex 12.902846772544624 27.569403357322088 2.5
    endloop
  endfacet
  facet normal -0.32531029216226065 -0.9456073253805221 0
    outer loop
      vertex 13.3688985339222 27.41544065183021 2.5
      vertex 13.136817403988914 27.495281805930368 2.5
      vertex 13.136817403988914 27.495281805930368 -2.5
    endloop
  endfacet
  facet normal -0.371317193951839 -0.928506080473215 0
    outer loop
      vertex 13.598950365349882 27.32992798834739 -2.5
      vertex 13.826834323650898 27.238795325112868 2.5
      vertex 13.598950365349882 27.32992798834739 2.5
    endloop
  endfacet
  facet normal -0.3484186802494384 -0.9373390119125736 0
    outer loop
      vertex 13.598950365349882 27.32992798834739 2.5
      vertex 13.3688985339222 27.41544065183021 2.5
      vertex 13.3688985339222 27.41544065183021 -2.5
    endloop
  endfacet
  facet normal -0.39399204006105015 -0.919113851690057 0
    outer loop
      vertex 14.052413140049898 27.142097557035306 2.5
      vertex 13.826834323650898 27.238795325112868 2.5
      vertex 13.826834323650898 27.238795325112868 -2.5
    endloop
  endfacet
  facet normal -0.41642956009763554 -0.909167983090523 0
    outer loop
      vertex 14.052413140049898 27.142097557035306 -2.5
      vertex 14.27555093430282 27.039892931234434 2.5
      vertex 14.052413140049898 27.142097557035306 2.5
    endloop
  endfacet
  facet normal -0.43861623853853315 -0.8986744656939512 0
    outer loop
      vertex 14.27555093430282 27.039892931234434 -2.5
      vertex 14.496113296546067 26.93224301195515 2.5
      vertex 14.27555093430282 27.039892931234434 2.5
    endloop
  endfacet
  facet normal -0.9884699595970579 -0.15141710264758976 0
    outer loop
      vertex 21.020215738874093 12.100636526371105 2.5
      vertex 19.89176509964781 19.467304744553616 2.5
      vertex 19.89176509964781 19.467304744553616 -2.5
    endloop
  endfacet
  facet normal -0.9873014181578591 -0.1588581433338563 0
    outer loop
      vertex 19.852776423889413 19.709618887603014 -2.5
      vertex 19.89176509964781 19.467304744553616 2.5
      vertex 19.852776423889413 19.709618887603014 2.5
    endloop
  endfacet
  facet normal -0.9831054874312157 -0.18303988795514428 0
    outer loop
      vertex 19.807852804032304 19.950903220161283 -2.5
      vertex 19.852776423889413 19.709618887603014 2.5
      vertex 19.807852804032304 19.950903220161283 2.5
    endloop
  endfacet
  facet normal -0.9783173707196287 -0.20711137619221395 0
    outer loop
      vertex 19.757021300385286 20.1910124015687 -2.5
      vertex 19.807852804032304 19.950903220161283 2.5
      vertex 19.757021300385286 20.1910124015687 2.5
    endloop
  endfacet
  facet normal -0.9729399522055583 -0.2310581082806791 0
    outer loop
      vertex 19.757021300385286 20.1910124015687 2.5
      vertex 19.70031253194544 20.42980179903264 2.5
      vertex 19.70031253194544 20.42980179903264 -2.5
    endloop
  endfacet
  facet normal -0.6806009977954538 -0.7326542716724123 0
    outer loop
      vertex 16.715589548470184 25.409511253549592 -2.5
      vertex 16.89540544737067 25.24247082951467 2.5
      vertex 16.715589548470184 25.409511253549592 2.5
    endloop
  endfacet
  facet normal -0.7157308252838169 -0.6983762494089747 0
    outer loop
      vertex 17.071067811865476 25.071067811865476 -2.5
      vertex 17.24247082951467 24.89540544737067 2.5
      vertex 17.071067811865476 25.071067811865476 2.5
    endloop
  endfacet
  facet normal -0.6983762494089747 -0.7157308252838169 0
    outer loop
      vertex 16.89540544737067 25.24247082951467 -2.5
      vertex 17.071067811865476 25.071067811865476 2.5
      vertex 16.89540544737067 25.24247082951467 2.5
    endloop
  endfacet
  facet normal -0.7326542716724123 -0.6806009977954538 0
    outer loop
      vertex 17.409511253549592 24.715589548470184 2.5
      vertex 17.24247082951467 24.89540544737067 2.5
      vertex 17.24247082951467 24.89540544737067 -2.5
    endloop
  endfacet
  facet normal -0.7958369046088917 -0.6055110414043148 0
    outer loop
      vertex 17.883464276266064 24.15231590580627 -2.5
      vertex 18.03207531480645 23.95699304492433 2.5
      vertex 17.883464276266064 24.15231590580627 2.5
    endloop
  endfacet
  facet normal -0.8382247055548384 -0.5453249884220461 0
    outer loop
      vertex 18.44853565249707 23.34997619887097 2.5
      vertex 18.314696123025453 23.55570233019602 2.5
      vertex 18.314696123025453 23.55570233019602 -2.5
    endloop
  endfacet
  facet normal -0.8104571982525927 -0.5857978574564419 0
    outer loop
      vertex 18.03207531480645 23.95699304492433 -2.5
      vertex 18.175848131515835 23.758081914178454 2.5
      vertex 18.03207531480645 23.95699304492433 2.5
    endloop
  endfacet
  facet normal -0.8245893027850257 -0.5657318107836123 0
    outer loop
      vertex 18.175848131515835 23.758081914178454 -2.5
      vertex 18.314696123025453 23.55570233019602 2.5
      vertex 18.175848131515835 23.758081914178454 2.5
    endloop
  endfacet
  facet normal -0.7651672656224586 -0.6438315428897917 0
    outer loop
      vertex 17.73010453362737 24.343932841636455 2.5
      vertex 17.572088465064844 24.531728429537768 2.5
      vertex 17.572088465064844 24.531728429537768 -2.5
    endloop
  endfacet
  facet normal -0.7491363945234638 -0.6624157775901667 0
    outer loop
      vertex 17.572088465064844 24.531728429537768 2.5
      vertex 17.409511253549592 24.715589548470184 2.5
      vertex 17.409511253549592 24.715589548470184 -2.5
    endloop
  endfacet
  facet normal -0.7807372285720895 -0.6248594881423926 0
    outer loop
      vertex 17.73010453362737 24.343932841636455 -2.5
      vertex 17.883464276266064 24.15231590580627 2.5
      vertex 17.73010453362737 24.343932841636455 2.5
    endloop
  endfacet
  facet normal -0.5035383837257181 -0.8639728561215865 0
    outer loop
      vertex 15.141027441932218 26.57728610000272 2.5
      vertex 14.92898192229784 26.700869911087114 2.5
      vertex 14.92898192229784 26.700869911087114 -2.5
    endloop
  endfacet
  facet normal -0.5245896826784685 -0.8513551931052652 0
    outer loop
      vertex 15.349976198870971 26.44853565249707 2.5
      vertex 15.141027441932218 26.57728610000272 2.5
      vertex 15.141027441932218 26.57728610000272 -2.5
    endloop
  endfacet
  facet normal -0.4605387109582285 -0.88763962040286 0
    outer loop
      vertex 14.496113296546067 26.93224301195515 -2.5
      vertex 14.713967368259976 26.819212643483553 2.5
      vertex 14.496113296546067 26.93224301195515 2.5
    endloop
  endfacet
  facet normal -0.48218377207913 -0.8760700941954026 0
    outer loop
      vertex 14.92898192229784 26.700869911087114 2.5
      vertex 14.713967368259976 26.819212643483553 2.5
      vertex 14.713967368259976 26.819212643483553 -2.5
    endloop
  endfacet
  facet normal -0.5657318107836158 -0.8245893027850235 0
    outer loop
      vertex 15.555702330196022 26.314696123025453 -2.5
      vertex 15.758081914178454 26.175848131515835 2.5
      vertex 15.555702330196022 26.314696123025453 2.5
    endloop
  endfacet
  facet normal -0.5453249884220461 -0.8382247055548384 0
    outer loop
      vertex 15.555702330196022 26.314696123025453 2.5
      vertex 15.349976198870971 26.44853565249707 2.5
      vertex 15.349976198870971 26.44853565249707 -2.5
    endloop
  endfacet
  facet normal -0.5857978574564384 -0.810457198252595 0
    outer loop
      vertex 15.758081914178454 26.175848131515835 -2.5
      vertex 15.956993044924333 26.03207531480645 2.5
      vertex 15.758081914178454 26.175848131515835 2.5
    endloop
  endfacet
  facet normal -0.6055110414043183 -0.795836904608889 0
    outer loop
      vertex 16.15231590580627 25.883464276266064 2.5
      vertex 15.956993044924333 26.03207531480645 2.5
      vertex 15.956993044924333 26.03207531480645 -2.5
    endloop
  endfacet
  facet normal -0.6438315428897917 -0.7651672656224586 0
    outer loop
      vertex 16.343932841636455 25.73010453362737 -2.5
      vertex 16.531728429537768 25.572088465064844 2.5
      vertex 16.343932841636455 25.73010453362737 2.5
    endloop
  endfacet
  facet normal -0.6248594881423926 -0.7807372285720895 0
    outer loop
      vertex 16.343932841636455 25.73010453362737 2.5
      vertex 16.15231590580627 25.883464276266064 2.5
      vertex 16.15231590580627 25.883464276266064 -2.5
    endloop
  endfacet
  facet normal -0.6624157775901667 -0.7491363945234638 0
    outer loop
      vertex 16.715589548470184 25.409511253549592 2.5
      vertex 16.531728429537768 25.572088465064844 2.5
      vertex 16.531728429537768 25.572088465064844 -2.5
    endloop
  endfacet
  facet normal -0.9456073253805214 -0.32531029216226287 0
    outer loop
      vertex 19.41544065183021 21.3688985339222 -2.5
      vertex 19.495281805930368 21.136817403988914 2.5
      vertex 19.41544065183021 21.3688985339222 2.5
    endloop
  endfacet
  facet normal -0.9373390119125744 -0.348418680249436 0
    outer loop
      vertex 19.32992798834739 21.598950365349882 -2.5
      vertex 19.41544065183021 21.3688985339222 2.5
      vertex 19.32992798834739 21.598950365349882 2.5
    endloop
  endfacet
  facet normal -0.8760700941954026 -0.48218377207913 0
    outer loop
      vertex 18.819212643483553 22.713967368259976 2.5
      vertex 18.700869911087114 22.92898192229784 2.5
      vertex 18.700869911087114 22.92898192229784 -2.5
    endloop
  endfacet
  facet normal -0.88763962040286 -0.4605387109582285 0
    outer loop
      vertex 18.819212643483553 22.713967368259976 -2.5
      vertex 18.93224301195515 22.496113296546067 2.5
      vertex 18.819212643483553 22.713967368259976 2.5
    endloop
  endfacet
  facet normal -0.9091679830905219 -0.4164295600976384 0
    outer loop
      vertex 19.142097557035306 22.0524131400499 2.5
      vertex 19.039892931234434 22.27555093430282 2.5
      vertex 19.039892931234434 22.27555093430282 -2.5
    endloop
  endfacet
  facet normal -0.919113851690057 -0.39399204006105015 0
    outer loop
      vertex 19.238795325112868 21.8268343236509 2.5
      vertex 19.142097557035306 22.0524131400499 2.5
      vertex 19.142097557035306 22.0524131400499 -2.5
    endloop
  endfacet
  facet normal -0.928506080473216 -0.3713171939518365 0
    outer loop
      vertex 19.238795325112868 21.8268343236509 -2.5
      vertex 19.32992798834739 21.598950365349882 2.5
      vertex 19.238795325112868 21.8268343236509 2.5
    endloop
  endfacet
  facet normal -0.8986744656939512 -0.43861623853853315 0
    outer loop
      vertex 18.93224301195515 22.496113296546067 -2.5
      vertex 19.039892931234434 22.27555093430282 2.5
      vertex 18.93224301195515 22.496113296546067 2.5
    endloop
  endfacet
  facet normal -0.9669764710448534 -0.25486565960450996 0
    outer loop
      vertex 19.70031253194544 20.42980179903264 2.5
      vertex 19.6377606579544 20.667127574748985 2.5
      vertex 19.6377606579544 20.667127574748985 -2.5
    endloop
  endfacet
  facet normal -0.9604305194155647 -0.278519689385057 0
    outer loop
      vertex 19.569403357322088 20.902846772544624 -2.5
      vertex 19.6377606579544 20.667127574748985 2.5
      vertex 19.569403357322088 20.902846772544624 2.5
    endloop
  endfacet
  facet normal -0.9533060403541961 -0.30200594931922103 0
    outer loop
      vertex 19.495281805930368 21.136817403988914 -2.5
      vertex 19.569403357322088 20.902846772544624 2.5
      vertex 19.495281805930368 21.136817403988914 2.5
    endloop
  endfacet
  facet normal -0.8639728561215846 -0.5035383837257212 0
    outer loop
      vertex 18.700869911087114 22.92898192229784 2.5
      vertex 18.57728610000272 23.141027441932216 2.5
      vertex 18.57728610000272 23.141027441932216 -2.5
    endloop
  endfacet
  facet normal -0.8513551931052652 -0.5245896826784685 0
    outer loop
      vertex 18.44853565249707 23.34997619887097 -2.5
      vertex 18.57728610000272 23.141027441932216 2.5
      vertex 18.44853565249707 23.34997619887097 2.5
    endloop
  endfacet
  facet normal 0.928506080473217 0.371317193951834 0
    outer loop
      vertex -6.929096493834651 -2.8701257427381734 -2.5
      vertex -6.997445991260541 -2.699212774012411 -2.5
      vertex -6.997445991260541 -2.699212774012411 2.5
    endloop
  endfacet
  facet normal 0.9456073253805221 0.32531029216226115 0
    outer loop
      vertex -7.061580488872656 -2.5266739004416503 -2.5
      vertex -7.103704770677539 -2.4042276378708296 -2.5
      vertex -7.103704770677539 -2.4042276378708296 2.5
    endloop
  endfacet
  facet normal 0.9373390119125732 0.3484186802494391 0
    outer loop
      vertex -6.997445991260541 -2.699212774012411 -2.5
      vertex -7.061580488872656 -2.5266739004416503 -2.5
      vertex -7.061580488872656 -2.5266739004416503 2.5
    endloop
  endfacet
  facet normal 0.8639728561215858 0.5035383837257191 0
    outer loop
      vertex -6.43296457500204 -3.855770581449163 -2.5
      vertex -6.525652433315336 -3.69673644172338 -2.5
      vertex -6.525652433315336 -3.69673644172338 2.5
    endloop
  endfacet
  facet normal 0.8104571982525952 0.5857978574564382 0
    outer loop
      vertex -6.024056486104837 -4.4677447836932505 -2.5
      vertex -6.131886098636878 -4.31856143563384 -2.5
      vertex -6.131886098636878 -4.31856143563384 2.5
    endloop
  endfacet
  facet normal 0.7958369046088818 0.6055110414043279 0
    outer loop
      vertex -5.912598207199547 -4.614236929354701 -2.5
      vertex -6.024056486104837 -4.4677447836932505 -2.5
      vertex -6.024056486104837 -4.4677447836932505 2.5
    endloop
  endfacet
  facet normal 0.8382247055548383 0.545324988422046 0
    outer loop
      vertex -6.236022092269089 -4.166776747647017 -2.5
      vertex -6.336401739372803 -4.012482149153229 -2.5
      vertex -6.336401739372803 -4.012482149153229 2.5
    endloop
  endfacet
  facet normal 0.8245893027850256 0.5657318107836126 0
    outer loop
      vertex -6.131886098636878 -4.31856143563384 -2.5
      vertex -6.236022092269089 -4.166776747647017 -2.5
      vertex -6.236022092269089 -4.166776747647017 2.5
    endloop
  endfacet
  facet normal 0.8513551931052666 0.5245896826784665 0
    outer loop
      vertex -6.336401739372803 -4.012482149153229 -2.5
      vertex -6.43296457500204 -3.855770581449163 -2.5
      vertex -6.43296457500204 -3.855770581449163 2.5
    endloop
  endfacet
  facet normal 0.909167983090523 0.4164295600976356 0
    outer loop
      vertex -6.779919698425825 -3.2066632007271156 -2.5
      vertex -6.85657316777648 -3.039309855037424 -2.5
      vertex -6.85657316777648 -3.039309855037424 2.5
    endloop
  endfacet
  facet normal 0.898674465693954 0.4386162385385273 0
    outer loop
      vertex -6.699182258966365 -3.3720849724095494 -2.5
      vertex -6.779919698425825 -3.2066632007271156 -2.5
      vertex -6.779919698425825 -3.2066632007271156 2.5
    endloop
  endfacet
  facet normal 0.8760700941954062 0.4821837720791236 0
    outer loop
      vertex -6.525652433315336 -3.69673644172338 -2.5
      vertex -6.614409482612663 -3.535475526194982 -2.5
      vertex -6.614409482612663 -3.535475526194982 2.5
    endloop
  endfacet
  facet normal 0.8876396204028536 0.46053871095824067 0
    outer loop
      vertex -6.614409482612663 -3.535475526194982 -2.5
      vertex -6.699182258966365 -3.3720849724095494 -2.5
      vertex -6.699182258966365 -3.3720849724095494 2.5
    endloop
  endfacet
  facet normal 0.9191138516900569 0.3939920400610501 0
    outer loop
      vertex -6.85657316777648 -3.039309855037424 -2.5
      vertex -6.929096493834651 -2.8701257427381734 -2.5
      vertex -6.929096493834651 -2.8701257427381734 2.5
    endloop
  endfacet
  facet normal 0.7491363945234611 0.6624157775901697 0
    outer loop
      vertex -5.557133440162193 -5.036692161352638 -2.5
      vertex -5.679066348798634 -4.898796322153325 -2.5
      vertex -5.679066348798634 -4.898796322153325 2.5
    endloop
  endfacet
  facet normal 0.7326542716724126 0.6806009977954534 0
    outer loop
      vertex -5.431853122136003 -5.171554085528001 -2.5
      vertex -5.557133440162193 -5.036692161352638 -2.5
      vertex -5.557133440162193 -5.036692161352638 2.5
    endloop
  endfacet
  facet normal 0.6624157775901697 0.7491363945234611 0
    outer loop
      vertex -4.898796322153325 -5.679066348798634 -2.5
      vertex -5.036692161352638 -5.557133440162193 -2.5
      vertex -5.036692161352638 -5.557133440162193 2.5
    endloop
  endfacet
  facet normal 0.6983762494089724 0.7157308252838191 0
    outer loop
      vertex -5.171554085528001 -5.431853122136003 -2.5
      vertex -5.303300858899107 -5.303300858899107 -2.5
      vertex -5.303300858899107 -5.303300858899107 2.5
    endloop
  endfacet
  facet normal 0.7157308252838191 0.6983762494089724 0
    outer loop
      vertex -5.303300858899107 -5.303300858899107 -2.5
      vertex -5.431853122136003 -5.171554085528001 -2.5
      vertex -5.431853122136003 -5.171554085528001 2.5
    endloop
  endfacet
  facet normal 0.6806009977954534 0.7326542716724126 0
    outer loop
      vertex -5.171554085528001 -5.431853122136003 -2.5
      vertex -5.171554085528001 -5.431853122136003 2.5
      vertex -5.036692161352638 -5.557133440162193 -2.5
    endloop
  endfacet
  facet normal 0.545324988422046 0.8382247055548383 0
    outer loop
      vertex -4.166776747647017 -6.236022092269089 -2.5
      vertex -4.166776747647017 -6.236022092269089 2.5
      vertex -4.012482149153229 -6.336401739372803 -2.5
    endloop
  endfacet
  facet normal 0.5245896826784665 0.8513551931052666 0
    outer loop
      vertex -4.012482149153229 -6.336401739372803 -2.5
      vertex -4.012482149153229 -6.336401739372803 2.5
      vertex -3.855770581449163 -6.43296457500204 -2.5
    endloop
  endfacet
  facet normal 0.6438315428897943 0.7651672656224566 0
    outer loop
      vertex -4.898796322153325 -5.679066348798634 -2.5
      vertex -4.898796322153325 -5.679066348798634 2.5
      vertex -4.7579496312273415 -5.7975784002205275 -2.5
    endloop
  endfacet
  facet normal 0.6248594881423843 0.7807372285720962 0
    outer loop
      vertex -4.7579496312273415 -5.7975784002205275 -2.5
      vertex -4.7579496312273415 -5.7975784002205275 2.5
      vertex -4.614236929354701 -5.912598207199547 -2.5
    endloop
  endfacet
  facet normal 0.6055110414043279 0.7958369046088818 0
    outer loop
      vertex -4.614236929354701 -5.912598207199547 -2.5
      vertex -4.614236929354701 -5.912598207199547 2.5
      vertex -4.4677447836932505 -6.024056486104837 -2.5
    endloop
  endfacet
  facet normal 0.5857978574564382 0.8104571982525952 0
    outer loop
      vertex -4.4677447836932505 -6.024056486104837 -2.5
      vertex -4.4677447836932505 -6.024056486104837 2.5
      vertex -4.31856143563384 -6.131886098636878 -2.5
    endloop
  endfacet
  facet normal 0.5657318107836126 0.8245893027850256 0
    outer loop
      vertex -4.166776747647017 -6.236022092269089 -2.5
      vertex -4.31856143563384 -6.131886098636878 -2.5
      vertex -4.31856143563384 -6.131886098636878 2.5
    endloop
  endfacet
  facet normal 0.4821837720791236 0.8760700941954062 0
    outer loop
      vertex -3.69673644172338 -6.525652433315336 -2.5
      vertex -3.69673644172338 -6.525652433315336 2.5
      vertex -3.535475526194982 -6.614409482612663 -2.5
    endloop
  endfacet
  facet normal 0.5035383837257191 0.8639728561215858 0
    outer loop
      vertex -3.855770581449163 -6.43296457500204 -2.5
      vertex -3.855770581449163 -6.43296457500204 2.5
      vertex -3.69673644172338 -6.525652433315336 -2.5
    endloop
  endfacet
  facet normal 0.46053871095824067 0.8876396204028536 0
    outer loop
      vertex -3.3720849724095494 -6.699182258966365 -2.5
      vertex -3.535475526194982 -6.614409482612663 -2.5
      vertex -3.535475526194982 -6.614409482612663 2.5
    endloop
  endfacet
  facet normal 0.3939920400610501 0.9191138516900569 0
    outer loop
      vertex -3.039309855037424 -6.85657316777648 -2.5
      vertex -3.039309855037424 -6.85657316777648 2.5
      vertex -2.8701257427381734 -6.929096493834651 -2.5
    endloop
  endfacet
  facet normal 0.4386162385385273 0.898674465693954 0
    outer loop
      vertex -3.3720849724095494 -6.699182258966365 -2.5
      vertex -3.3720849724095494 -6.699182258966365 2.5
      vertex -3.2066632007271156 -6.779919698425825 -2.5
    endloop
  endfacet
  facet normal 0.4164295600976356 0.909167983090523 0
    outer loop
      vertex -3.2066632007271156 -6.779919698425825 -2.5
      vertex -3.2066632007271156 -6.779919698425825 2.5
      vertex -3.039309855037424 -6.85657316777648 -2.5
    endloop
  endfacet
  facet normal 0.371317193951834 0.928506080473217 0
    outer loop
      vertex -2.699212774012411 -6.997445991260541 -2.5
      vertex -2.8701257427381734 -6.929096493834651 -2.5
      vertex -2.8701257427381734 -6.929096493834651 2.5
    endloop
  endfacet
  facet normal 0.3484186802494391 0.9373390119125732 0
    outer loop
      vertex -2.699212774012411 -6.997445991260541 -2.5
      vertex -2.699212774012411 -6.997445991260541 2.5
      vertex -2.5266739004416503 -7.061580488872656 -2.5
    endloop
  endfacet
  facet normal 0.32531029216226215 0.9456073253805217 0
    outer loop
      vertex -2.5266739004416503 -7.061580488872656 -2.5
      vertex -2.5266739004416503 -7.061580488872656 2.5
      vertex -2.3526130529916864 -7.121461354447775 -2.5
    endloop
  endfacet
  facet normal 0.2785196893850564 0.9604305194155649 0
    outer loop
      vertex -2.1771350794084676 -7.177052517991566 -2.5
      vertex -2.1771350794084676 -7.177052517991566 2.5
      vertex -2.000345681061738 -7.228320493465799 -2.5
    endloop
  endfacet
  facet normal 0.3020059493192233 0.9533060403541953 0
    outer loop
      vertex -2.3526130529916864 -7.121461354447775 -2.5
      vertex -2.3526130529916864 -7.121461354447775 2.5
      vertex -2.1771350794084676 -7.177052517991566 -2.5
    endloop
  endfacet
  facet normal 0.2548656596045156 0.9669764710448518 0
    outer loop
      vertex -1.822351349274479 -7.27523439895908 -2.5
      vertex -2.000345681061738 -7.228320493465799 -2.5
      vertex -2.000345681061738 -7.228320493465799 2.5
    endloop
  endfacet
  facet normal 0.7807372285720962 0.6248594881423843 0
    outer loop
      vertex -5.7975784002205275 -4.7579496312273415 -2.5
      vertex -5.912598207199547 -4.614236929354701 -2.5
      vertex -5.912598207199547 -4.614236929354701 2.5
    endloop
  endfacet
  facet normal 0.7651672656224566 0.6438315428897943 0
    outer loop
      vertex -5.679066348798634 -4.898796322153325 -2.5
      vertex -5.7975784002205275 -4.7579496312273415 -2.5
      vertex -5.7975784002205275 -4.7579496312273415 2.5
    endloop
  endfacet
  facet normal 0.9091679830905239 -0.41642956009763354 0
    outer loop
      vertex -6.788731399572131 3.187425093430157 -2.5
      vertex -6.779919698425825 3.2066632007271156 -2.5
      vertex -6.779919698425825 3.2066632007271156 2.5
    endloop
  endfacet
  facet normal 0.898674465693954 -0.4386162385385273 0
    outer loop
      vertex -6.779919698425825 3.2066632007271156 -2.5
      vertex -6.699182258966365 3.3720849724095494 -2.5
      vertex -6.699182258966365 3.3720849724095494 2.5
    endloop
  endfacet
  facet normal 0.8876396204028536 -0.46053871095824067 0
    outer loop
      vertex -6.699182258966365 3.3720849724095494 -2.5
      vertex -6.614409482612663 3.535475526194982 -2.5
      vertex -6.614409482612663 3.535475526194982 2.5
    endloop
  endfacet
  facet normal 0.8760700941954062 -0.4821837720791236 0
    outer loop
      vertex -6.614409482612663 3.535475526194982 -2.5
      vertex -6.525652433315336 3.69673644172338 -2.5
      vertex -6.525652433315336 3.69673644172338 2.5
    endloop
  endfacet
  facet normal 0.8639728561215858 -0.5035383837257191 0
    outer loop
      vertex -6.525652433315336 3.69673644172338 -2.5
      vertex -6.43296457500204 3.855770581449163 -2.5
      vertex -6.43296457500204 3.855770581449163 2.5
    endloop
  endfacet
  facet normal 0.8513551931052666 -0.5245896826784665 0
    outer loop
      vertex -6.43296457500204 3.855770581449163 -2.5
      vertex -6.336401739372803 4.012482149153229 -2.5
      vertex -6.336401739372803 4.012482149153229 2.5
    endloop
  endfacet
  facet normal 0.8382247055548383 -0.545324988422046 0
    outer loop
      vertex -6.336401739372803 4.012482149153229 -2.5
      vertex -6.236022092269089 4.166776747647017 -2.5
      vertex -6.236022092269089 4.166776747647017 2.5
    endloop
  endfacet
  facet normal 0.8245893027850256 -0.5657318107836126 0
    outer loop
      vertex -6.236022092269089 4.166776747647017 -2.5
      vertex -6.131886098636878 4.31856143563384 -2.5
      vertex -6.131886098636878 4.31856143563384 2.5
    endloop
  endfacet
  facet normal 0.8104571982525952 -0.5857978574564382 0
    outer loop
      vertex -6.131886098636878 4.31856143563384 -2.5
      vertex -6.024056486104837 4.4677447836932505 -2.5
      vertex -6.024056486104837 4.4677447836932505 2.5
    endloop
  endfacet
  facet normal 0.7958369046088818 -0.6055110414043279 0
    outer loop
      vertex -6.024056486104837 4.4677447836932505 -2.5
      vertex -5.912598207199547 4.614236929354701 -2.5
      vertex -5.912598207199547 4.614236929354701 2.5
    endloop
  endfacet
  facet normal 0.7807372285720962 -0.6248594881423843 0
    outer loop
      vertex -5.912598207199547 4.614236929354701 -2.5
      vertex -5.7975784002205275 4.7579496312273415 -2.5
      vertex -5.7975784002205275 4.7579496312273415 2.5
    endloop
  endfacet
  facet normal 0.7651672656224566 -0.6438315428897943 0
    outer loop
      vertex -5.7975784002205275 4.7579496312273415 -2.5
      vertex -5.679066348798634 4.898796322153325 -2.5
      vertex -5.679066348798634 4.898796322153325 2.5
    endloop
  endfacet
  facet normal 0.7491363945234611 -0.6624157775901697 0
    outer loop
      vertex -5.679066348798634 4.898796322153325 -2.5
      vertex -5.557133440162193 5.036692161352638 -2.5
      vertex -5.557133440162193 5.036692161352638 2.5
    endloop
  endfacet
  facet normal 0.7326542716724126 -0.6806009977954534 0
    outer loop
      vertex -5.557133440162193 5.036692161352638 -2.5
      vertex -5.431853122136003 5.171554085528001 -2.5
      vertex -5.431853122136003 5.171554085528001 2.5
    endloop
  endfacet
  facet normal 0.7157308252838191 -0.6983762494089724 0
    outer loop
      vertex -5.431853122136003 5.171554085528001 -2.5
      vertex -5.303300858899107 5.303300858899107 -2.5
      vertex -5.303300858899107 5.303300858899107 2.5
    endloop
  endfacet
  facet normal 0.6983762494089724 -0.7157308252838191 0
    outer loop
      vertex -5.171554085528001 5.431853122136003 -2.5
      vertex -5.171554085528001 5.431853122136003 2.5
      vertex -5.303300858899107 5.303300858899107 -2.5
    endloop
  endfacet
  facet normal 0.6806009977954534 -0.7326542716724126 0
    outer loop
      vertex -5.036692161352638 5.557133440162193 -2.5
      vertex -5.036692161352638 5.557133440162193 2.5
      vertex -5.171554085528001 5.431853122136003 -2.5
    endloop
  endfacet
  facet normal 0.6624157775901697 -0.7491363945234611 0
    outer loop
      vertex -4.898796322153325 5.679066348798634 -2.5
      vertex -4.898796322153325 5.679066348798634 2.5
      vertex -5.036692161352638 5.557133440162193 -2.5
    endloop
  endfacet
  facet normal 0.6438315428897943 -0.7651672656224566 0
    outer loop
      vertex -4.7579496312273415 5.7975784002205275 -2.5
      vertex -4.7579496312273415 5.7975784002205275 2.5
      vertex -4.898796322153325 5.679066348798634 -2.5
    endloop
  endfacet
  facet normal 0.6248594881423843 -0.7807372285720962 0
    outer loop
      vertex -4.614236929354701 5.912598207199547 2.5
      vertex -4.7579496312273415 5.7975784002205275 -2.5
      vertex -4.614236929354701 5.912598207199547 -2.5
    endloop
  endfacet
  facet normal 0.6055110414043279 -0.7958369046088818 0
    outer loop
      vertex -4.4677447836932505 6.024056486104837 -2.5
      vertex -4.4677447836932505 6.024056486104837 2.5
      vertex -4.614236929354701 5.912598207199547 -2.5
    endloop
  endfacet
  facet normal 0.5857978574564382 -0.8104571982525952 0
    outer loop
      vertex -4.31856143563384 6.131886098636878 -2.5
      vertex -4.31856143563384 6.131886098636878 2.5
      vertex -4.4677447836932505 6.024056486104837 -2.5
    endloop
  endfacet
  facet normal 0.5657318107836126 -0.8245893027850256 0
    outer loop
      vertex -4.31856143563384 6.131886098636878 -2.5
      vertex -4.166776747647017 6.236022092269089 -2.5
      vertex -4.166776747647017 6.236022092269089 2.5
    endloop
  endfacet
  facet normal 0.545324988422046 -0.8382247055548383 0
    outer loop
      vertex -4.012482149153229 6.336401739372803 -2.5
      vertex -4.012482149153229 6.336401739372803 2.5
      vertex -4.166776747647017 6.236022092269089 -2.5
    endloop
  endfacet
  facet normal 0.5245896826784665 -0.8513551931052666 0
    outer loop
      vertex -3.855770581449163 6.43296457500204 -2.5
      vertex -3.855770581449163 6.43296457500204 2.5
      vertex -4.012482149153229 6.336401739372803 -2.5
    endloop
  endfacet
  facet normal 0.5035383837257191 -0.8639728561215858 0
    outer loop
      vertex -3.69673644172338 6.525652433315336 -2.5
      vertex -3.69673644172338 6.525652433315336 2.5
      vertex -3.855770581449163 6.43296457500204 -2.5
    endloop
  endfacet
  facet normal 0.4821837720791236 -0.8760700941954062 0
    outer loop
      vertex -3.69673644172338 6.525652433315336 -2.5
      vertex -3.535475526194982 6.614409482612663 -2.5
      vertex -3.535475526194982 6.614409482612663 2.5
    endloop
  endfacet
  facet normal 0.46053871095824067 -0.8876396204028536 0
    outer loop
      vertex -3.3720849724095494 6.699182258966365 2.5
      vertex -3.535475526194982 6.614409482612663 -2.5
      vertex -3.3720849724095494 6.699182258966365 -2.5
    endloop
  endfacet
  facet normal 0.4386162385385273 -0.898674465693954 0
    outer loop
      vertex -3.2066632007271156 6.779919698425825 2.5
      vertex -3.3720849724095494 6.699182258966365 -2.5
      vertex -3.2066632007271156 6.779919698425825 -2.5
    endloop
  endfacet
  facet normal 0.4164295600976356 -0.909167983090523 0
    outer loop
      vertex -3.039309855037424 6.85657316777648 2.5
      vertex -3.2066632007271156 6.779919698425825 -2.5
      vertex -3.039309855037424 6.85657316777648 -2.5
    endloop
  endfacet
  facet normal 0.3939920400610501 -0.9191138516900569 0
    outer loop
      vertex -2.8701257427381734 6.929096493834651 -2.5
      vertex -2.8701257427381734 6.929096493834651 2.5
      vertex -3.039309855037424 6.85657316777648 -2.5
    endloop
  endfacet
  facet normal 0.371317193951834 -0.928506080473217 0
    outer loop
      vertex -2.699212774012411 6.997445991260541 -2.5
      vertex -2.699212774012411 6.997445991260541 2.5
      vertex -2.8701257427381734 6.929096493834651 -2.5
    endloop
  endfacet
  facet normal 0.3484186802494391 -0.9373390119125732 0
    outer loop
      vertex -2.5266739004416503 7.061580488872656 -2.5
      vertex -2.5266739004416503 7.061580488872656 2.5
      vertex -2.699212774012411 6.997445991260541 -2.5
    endloop
  endfacet
  facet normal 0.32531029216226215 -0.9456073253805217 0
    outer loop
      vertex -2.3526130529916864 7.121461354447775 -2.5
      vertex -2.3526130529916864 7.121461354447775 2.5
      vertex -2.5266739004416503 7.061580488872656 -2.5
    endloop
  endfacet
  facet normal 0.3020059493192233 -0.9533060403541953 0
    outer loop
      vertex -2.1771350794084676 7.177052517991566 -2.5
      vertex -2.1771350794084676 7.177052517991566 2.5
      vertex -2.3526130529916864 7.121461354447775 -2.5
    endloop
  endfacet
  facet normal 0.2785196893850564 -0.9604305194155649 0
    outer loop
      vertex -2.000345681061738 7.228320493465799 -2.5
      vertex -2.000345681061738 7.228320493465799 2.5
      vertex -2.1771350794084676 7.177052517991566 -2.5
    endloop
  endfacet
  facet normal 0.2548656596045156 -0.9669764710448518 0
    outer loop
      vertex -1.822351349274479 7.27523439895908 -2.5
      vertex -1.822351349274479 7.27523439895908 2.5
      vertex -2.000345681061738 7.228320493465799 -2.5
    endloop
  endfacet
  facet normal 0.08579731234443425 0.9963126121827784 0
    outer loop
      vertex -0.7351285524717045 -7.463885450041477 -2.5
      vertex -0.7351285524717045 -7.463885450041477 2.5
      vertex -0.5517342269975057 -7.479678425090176 -2.5
    endloop
  endfacet
  facet normal 0.06132073630221063 0.9981181129001491 0
    outer loop
      vertex -0.5517342269975057 -7.479678425090176 -2.5
      vertex -0.5517342269975057 -7.479678425090176 2.5
      vertex -0.3680075574556351 -7.490965921538793 -2.5
    endloop
  endfacet
  facet normal 0.03680722294135924 0.9993223845883495 0
    outer loop
      vertex -0.3680075574556351 -7.490965921538793 -2.5
      vertex -0.3680075574556351 -7.490965921538793 2.5
      vertex -0.18405921392184216 -7.497741140221532 -2.5
    endloop
  endfacet
  facet normal 0.012271538285719613 0.9999247018391445 0
    outer loop
      vertex 0 -7.5 -2.5
      vertex -0.18405921392184216 -7.497741140221532 -2.5
      vertex -0.18405921392184216 -7.497741140221532 2.5
    endloop
  endfacet
  facet normal -0.012271538285719613 0.9999247018391445 0
    outer loop
      vertex 0 -7.5 -2.5
      vertex 0 -7.5 2.5
      vertex 0.18405921392184216 -7.497741140221532 -2.5
    endloop
  endfacet
  facet normal 0.23105810828066917 0.9729399522055607 0
    outer loop
      vertex -1.822351349274479 -7.27523439895908 -2.5
      vertex -1.822351349274479 -7.27523439895908 2.5
      vertex -1.6432593011765235 -7.317765975288964 -2.5
    endloop
  endfacet
  facet normal 0.20711137619221853 0.9783173707196277 0
    outer loop
      vertex -1.6432593011765235 -7.317765975288964 -2.5
      vertex -1.6432593011765235 -7.317765975288964 2.5
      vertex -1.4631774151209618 -7.355889603024228 -2.5
    endloop
  endfacet
  facet normal 0.18303988795513898 0.9831054874312166 0
    outer loop
      vertex -1.4631774151209618 -7.355889603024228 -2.5
      vertex -1.4631774151209618 -7.355889603024228 2.5
      vertex -1.2822141657022592 -7.389582317917059 -2.5
    endloop
  endfacet
  facet normal 0.158858143333868 0.9873014181578573 0
    outer loop
      vertex -1.2822141657022592 -7.389582317917059 2.5
      vertex -1.100478558415213 -7.418823824735858 -2.5
      vertex -1.2822141657022592 -7.389582317917059 -2.5
    endloop
  endfacet
  facet normal 0.13458070850712217 0.9909026354277806 0
    outer loop
      vertex -0.9180800639941215 -7.443596509490325 -2.5
      vertex -1.100478558415213 -7.418823824735858 -2.5
      vertex -1.100478558415213 -7.418823824735858 2.5
    endloop
  endfacet
  facet normal 0.11022220729388692 0.9939069700023556 0
    outer loop
      vertex -0.9180800639941215 -7.443596509490325 -2.5
      vertex -0.9180800639941215 -7.443596509490325 2.5
      vertex -0.7351285524717045 -7.463885450041477 -2.5
    endloop
  endfacet
  facet normal -0.03680722294135924 0.9993223845883495 0
    outer loop
      vertex 0.18405921392184216 -7.497741140221532 -2.5
      vertex 0.18405921392184216 -7.497741140221532 2.5
      vertex 0.3680075574556351 -7.490965921538793 -2.5
    endloop
  endfacet
  facet normal -0.06132073630221063 0.9981181129001491 0
    outer loop
      vertex 0.3680075574556351 -7.490965921538793 -2.5
      vertex 0.3680075574556351 -7.490965921538793 2.5
      vertex 0.5517342269975057 -7.479678425090176 -2.5
    endloop
  endfacet
  facet normal -0.08579731234443425 0.9963126121827784 0
    outer loop
      vertex 0.5517342269975057 -7.479678425090176 -2.5
      vertex 0.5517342269975057 -7.479678425090176 2.5
      vertex 0.7351285524717045 -7.463885450041477 -2.5
    endloop
  endfacet
  facet normal -0.11022220729388692 0.9939069700023556 0
    outer loop
      vertex 0.9180800639941215 -7.443596509490325 -2.5
      vertex 0.7351285524717045 -7.463885450041477 -2.5
      vertex 0.7351285524717045 -7.463885450041477 2.5
    endloop
  endfacet
  facet normal -0.13458070850712217 0.9909026354277806 0
    outer loop
      vertex 0.9180800639941215 -7.443596509490325 2.5
      vertex 1.100478558415213 -7.418823824735858 -2.5
      vertex 0.9180800639941215 -7.443596509490325 -2.5
    endloop
  endfacet
  facet normal -0.158858143333868 0.9873014181578573 0
    outer loop
      vertex 1.100478558415213 -7.418823824735858 -2.5
      vertex 1.100478558415213 -7.418823824735858 2.5
      vertex 1.2822141657022592 -7.389582317917059 -2.5
    endloop
  endfacet
  facet normal -0.18303988795513898 0.9831054874312166 0
    outer loop
      vertex 1.2822141657022592 -7.389582317917059 -2.5
      vertex 1.2822141657022592 -7.389582317917059 2.5
      vertex 1.4631774151209618 -7.355889603024228 -2.5
    endloop
  endfacet
  facet normal -0.20711137619221853 0.9783173707196277 0
    outer loop
      vertex 1.4631774151209618 -7.355889603024228 -2.5
      vertex 1.4631774151209618 -7.355889603024228 2.5
      vertex 1.6432593011765235 -7.317765975288964 -2.5
    endloop
  endfacet
  facet normal -0.23105810828066917 0.9729399522055607 0
    outer loop
      vertex 1.6432593011765235 -7.317765975288964 -2.5
      vertex 1.6432593011765235 -7.317765975288964 2.5
      vertex 1.822351349274479 -7.27523439895908 -2.5
    endloop
  endfacet
  facet normal -0.2548656596045156 0.9669764710448518 0
    outer loop
      vertex 1.822351349274479 -7.27523439895908 -2.5
      vertex 1.822351349274479 -7.27523439895908 2.5
      vertex 2.000345681061738 -7.228320493465799 -2.5
    endloop
  endfacet
  facet normal -0.2785196893850564 0.9604305194155649 0
    outer loop
      vertex 2.000345681061738 -7.228320493465799 -2.5
      vertex 2.000345681061738 -7.228320493465799 2.5
      vertex 2.1771350794084676 -7.177052517991566 -2.5
    endloop
  endfacet
  facet normal -0.3020059493192233 0.9533060403541953 0
    outer loop
      vertex 2.1771350794084676 -7.177052517991566 2.5
      vertex 2.3526130529916864 -7.121461354447775 -2.5
      vertex 2.1771350794084676 -7.177052517991566 -2.5
    endloop
  endfacet
  facet normal -0.32531029216226215 0.9456073253805217 0
    outer loop
      vertex 2.5266739004416503 -7.061580488872656 -2.5
      vertex 2.3526130529916864 -7.121461354447775 -2.5
      vertex 2.3526130529916864 -7.121461354447775 2.5
    endloop
  endfacet
  facet normal -0.3484186802494391 0.9373390119125732 0
    outer loop
      vertex 2.5266739004416503 -7.061580488872656 -2.5
      vertex 2.5266739004416503 -7.061580488872656 2.5
      vertex 2.699212774012411 -6.997445991260541 -2.5
    endloop
  endfacet
  facet normal -0.371317193951834 0.928506080473217 0
    outer loop
      vertex 2.699212774012411 -6.997445991260541 -2.5
      vertex 2.699212774012411 -6.997445991260541 2.5
      vertex 2.8701257427381734 -6.929096493834651 -2.5
    endloop
  endfacet
  facet normal -0.3939920400610501 0.9191138516900569 0
    outer loop
      vertex 2.8701257427381734 -6.929096493834651 -2.5
      vertex 2.8701257427381734 -6.929096493834651 2.5
      vertex 3.039309855037424 -6.85657316777648 -2.5
    endloop
  endfacet
  facet normal -0.4164295600976356 0.909167983090523 0
    outer loop
      vertex 3.2066632007271156 -6.779919698425825 -2.5
      vertex 3.039309855037424 -6.85657316777648 -2.5
      vertex 3.039309855037424 -6.85657316777648 2.5
    endloop
  endfacet
  facet normal -0.4386162385385273 0.898674465693954 0
    outer loop
      vertex 3.2066632007271156 -6.779919698425825 -2.5
      vertex 3.2066632007271156 -6.779919698425825 2.5
      vertex 3.3720849724095494 -6.699182258966365 -2.5
    endloop
  endfacet
  facet normal -0.46053871095824067 0.8876396204028536 0
    outer loop
      vertex 3.3720849724095494 -6.699182258966365 -2.5
      vertex 3.3720849724095494 -6.699182258966365 2.5
      vertex 3.535475526194982 -6.614409482612663 -2.5
    endloop
  endfacet
  facet normal -0.4821837720791236 0.8760700941954062 0
    outer loop
      vertex 3.535475526194982 -6.614409482612663 -2.5
      vertex 3.535475526194982 -6.614409482612663 2.5
      vertex 3.69673644172338 -6.525652433315336 -2.5
    endloop
  endfacet
  facet normal -0.5035383837257191 0.8639728561215858 0
    outer loop
      vertex 3.69673644172338 -6.525652433315336 2.5
      vertex 3.855770581449163 -6.43296457500204 -2.5
      vertex 3.69673644172338 -6.525652433315336 -2.5
    endloop
  endfacet
  facet normal -0.5245896826784665 0.8513551931052666 0
    outer loop
      vertex 3.855770581449163 -6.43296457500204 -2.5
      vertex 3.855770581449163 -6.43296457500204 2.5
      vertex 4.012482149153229 -6.336401739372803 -2.5
    endloop
  endfacet
  facet normal -0.545324988422046 0.8382247055548383 0
    outer loop
      vertex 4.012482149153229 -6.336401739372803 -2.5
      vertex 4.012482149153229 -6.336401739372803 2.5
      vertex 4.166776747647017 -6.236022092269089 -2.5
    endloop
  endfacet
  facet normal -0.5657318107836126 0.8245893027850256 0
    outer loop
      vertex 4.31856143563384 -6.131886098636878 -2.5
      vertex 4.166776747647017 -6.236022092269089 -2.5
      vertex 4.166776747647017 -6.236022092269089 2.5
    endloop
  endfacet
  facet normal -0.5857978574564382 0.8104571982525952 0
    outer loop
      vertex 4.31856143563384 -6.131886098636878 -2.5
      vertex 4.31856143563384 -6.131886098636878 2.5
      vertex 4.4677447836932505 -6.024056486104837 -2.5
    endloop
  endfacet
  facet normal -0.6055110414043279 0.7958369046088818 0
    outer loop
      vertex 4.4677447836932505 -6.024056486104837 2.5
      vertex 4.614236929354701 -5.912598207199547 -2.5
      vertex 4.4677447836932505 -6.024056486104837 -2.5
    endloop
  endfacet
  facet normal -0.6248594881423843 0.7807372285720962 0
    outer loop
      vertex 4.614236929354701 -5.912598207199547 -2.5
      vertex 4.614236929354701 -5.912598207199547 2.5
      vertex 4.7579496312273415 -5.7975784002205275 -2.5
    endloop
  endfacet
  facet normal -0.6438315428897943 0.7651672656224566 0
    outer loop
      vertex 4.7579496312273415 -5.7975784002205275 -2.5
      vertex 4.7579496312273415 -5.7975784002205275 2.5
      vertex 4.898796322153325 -5.679066348798634 -2.5
    endloop
  endfacet
  facet normal -0.6624157775901697 0.7491363945234611 0
    outer loop
      vertex 4.898796322153325 -5.679066348798634 -2.5
      vertex 4.898796322153325 -5.679066348798634 2.5
      vertex 5.036692161352638 -5.557133440162193 -2.5
    endloop
  endfacet
  facet normal -0.6806009977954534 0.7326542716724126 0
    outer loop
      vertex 5.036692161352638 -5.557133440162193 -2.5
      vertex 5.036692161352638 -5.557133440162193 2.5
      vertex 5.171554085528001 -5.431853122136003 -2.5
    endloop
  endfacet
  facet normal -0.6983762494089724 0.7157308252838191 0
    outer loop
      vertex 5.171554085528001 -5.431853122136003 -2.5
      vertex 5.171554085528001 -5.431853122136003 2.5
      vertex 5.303300858899107 -5.303300858899107 -2.5
    endloop
  endfacet
  facet normal -0.7157308252838191 0.6983762494089724 0
    outer loop
      vertex 5.303300858899107 -5.303300858899107 -2.5
      vertex 5.303300858899107 -5.303300858899107 2.5
      vertex 5.431853122136003 -5.171554085528001 -2.5
    endloop
  endfacet
  facet normal -0.7326542716724126 0.6806009977954534 0
    outer loop
      vertex 5.431853122136003 -5.171554085528001 2.5
      vertex 5.557133440162193 -5.036692161352638 -2.5
      vertex 5.431853122136003 -5.171554085528001 -2.5
    endloop
  endfacet
  facet normal -0.7491363945234611 0.6624157775901697 0
    outer loop
      vertex 5.679066348798634 -4.898796322153325 -2.5
      vertex 5.557133440162193 -5.036692161352638 -2.5
      vertex 5.557133440162193 -5.036692161352638 2.5
    endloop
  endfacet
  facet normal -0.7651672656224566 0.6438315428897943 0
    outer loop
      vertex 5.679066348798634 -4.898796322153325 2.5
      vertex 5.7975784002205275 -4.7579496312273415 -2.5
      vertex 5.679066348798634 -4.898796322153325 -2.5
    endloop
  endfacet
  facet normal -0.7807372285720962 0.6248594881423843 0
    outer loop
      vertex 5.912598207199547 -4.614236929354701 -2.5
      vertex 5.7975784002205275 -4.7579496312273415 -2.5
      vertex 5.7975784002205275 -4.7579496312273415 2.5
    endloop
  endfacet
  facet normal -0.7958369046088818 0.6055110414043279 0
    outer loop
      vertex 5.912598207199547 -4.614236929354701 2.5
      vertex 6.024056486104837 -4.4677447836932505 -2.5
      vertex 5.912598207199547 -4.614236929354701 -2.5
    endloop
  endfacet
  facet normal -0.8104571982525952 0.5857978574564382 0
    outer loop
      vertex 6.024056486104837 -4.4677447836932505 2.5
      vertex 6.131886098636878 -4.31856143563384 -2.5
      vertex 6.024056486104837 -4.4677447836932505 -2.5
    endloop
  endfacet
  facet normal -0.8245893027850256 0.5657318107836126 0
    outer loop
      vertex 6.236022092269089 -4.166776747647017 -2.5
      vertex 6.131886098636878 -4.31856143563384 -2.5
      vertex 6.131886098636878 -4.31856143563384 2.5
    endloop
  endfacet
  facet normal 0.23105810828066917 -0.9729399522055607 0
    outer loop
      vertex -1.6432593011765235 7.317765975288964 -2.5
      vertex -1.6432593011765235 7.317765975288964 2.5
      vertex -1.822351349274479 7.27523439895908 -2.5
    endloop
  endfacet
  facet normal 0.20711137619221853 -0.9783173707196277 0
    outer loop
      vertex -1.4631774151209618 7.355889603024228 2.5
      vertex -1.6432593011765235 7.317765975288964 -2.5
      vertex -1.4631774151209618 7.355889603024228 -2.5
    endloop
  endfacet
  facet normal 0.18303988795513898 -0.9831054874312166 0
    outer loop
      vertex -1.2822141657022592 7.389582317917059 2.5
      vertex -1.4631774151209618 7.355889603024228 -2.5
      vertex -1.2822141657022592 7.389582317917059 -2.5
    endloop
  endfacet
  facet normal 0.158858143333868 -0.9873014181578573 0
    outer loop
      vertex -1.100478558415213 7.418823824735858 -2.5
      vertex -1.100478558415213 7.418823824735858 2.5
      vertex -1.2822141657022592 7.389582317917059 -2.5
    endloop
  endfacet
  facet normal 0.13458070850712217 -0.9909026354277806 0
    outer loop
      vertex -0.9180800639941215 7.443596509490325 -2.5
      vertex -0.9180800639941215 7.443596509490325 2.5
      vertex -1.100478558415213 7.418823824735858 -2.5
    endloop
  endfacet
  facet normal 0.11022220729388692 -0.9939069700023556 0
    outer loop
      vertex -0.9180800639941215 7.443596509490325 -2.5
      vertex -0.7351285524717045 7.463885450041477 -2.5
      vertex -0.7351285524717045 7.463885450041477 2.5
    endloop
  endfacet
  facet normal 0.08579731234443425 -0.9963126121827784 0
    outer loop
      vertex -0.7351285524717045 7.463885450041477 -2.5
      vertex -0.5517342269975057 7.479678425090176 -2.5
      vertex -0.5517342269975057 7.479678425090176 2.5
    endloop
  endfacet
  facet normal 0.06132073630221063 -0.9981181129001491 0
    outer loop
      vertex -0.3680075574556351 7.490965921538793 2.5
      vertex -0.5517342269975057 7.479678425090176 -2.5
      vertex -0.3680075574556351 7.490965921538793 -2.5
    endloop
  endfacet
  facet normal 0.03680722294135924 -0.9993223845883495 0
    outer loop
      vertex -0.18405921392184216 7.497741140221532 2.5
      vertex -0.3680075574556351 7.490965921538793 -2.5
      vertex -0.18405921392184216 7.497741140221532 -2.5
    endloop
  endfacet
  facet normal 0.012271538285719613 -0.9999247018391445 0
    outer loop
      vertex 0 7.5 -2.5
      vertex 0 7.5 2.5
      vertex -0.18405921392184216 7.497741140221532 -2.5
    endloop
  endfacet
  facet normal -0.012271538285719613 -0.9999247018391445 0
    outer loop
      vertex 0 7.5 -2.5
      vertex 0.18405921392184216 7.497741140221532 -2.5
      vertex 0.18405921392184216 7.497741140221532 2.5
    endloop
  endfacet
  facet normal -0.03680722294135924 -0.9993223845883495 0
    outer loop
      vertex 0.3680075574556351 7.490965921538793 -2.5
      vertex 0.3680075574556351 7.490965921538793 2.5
      vertex 0.18405921392184216 7.497741140221532 -2.5
    endloop
  endfacet
  facet normal -0.06132073630221063 -0.9981181129001491 0
    outer loop
      vertex 0.5517342269975057 7.479678425090176 2.5
      vertex 0.3680075574556351 7.490965921538793 -2.5
      vertex 0.5517342269975057 7.479678425090176 -2.5
    endloop
  endfacet
  facet normal -0.08579731234443425 -0.9963126121827784 0
    outer loop
      vertex 0.7351285524717045 7.463885450041477 -2.5
      vertex 0.7351285524717045 7.463885450041477 2.5
      vertex 0.5517342269975057 7.479678425090176 -2.5
    endloop
  endfacet
  facet normal -0.11022220729388692 -0.9939069700023556 0
    outer loop
      vertex 0.7351285524717045 7.463885450041477 -2.5
      vertex 0.9180800639941215 7.443596509490325 -2.5
      vertex 0.9180800639941215 7.443596509490325 2.5
    endloop
  endfacet
  facet normal -0.13458070850712217 -0.9909026354277806 0
    outer loop
      vertex 1.100478558415213 7.418823824735858 -2.5
      vertex 1.100478558415213 7.418823824735858 2.5
      vertex 0.9180800639941215 7.443596509490325 -2.5
    endloop
  endfacet
  facet normal -0.158858143333868 -0.9873014181578573 0
    outer loop
      vertex 1.2822141657022592 7.389582317917059 2.5
      vertex 1.100478558415213 7.418823824735858 -2.5
      vertex 1.2822141657022592 7.389582317917059 -2.5
    endloop
  endfacet
  facet normal -0.18303988795513898 -0.9831054874312166 0
    outer loop
      vertex 1.4631774151209618 7.355889603024228 -2.5
      vertex 1.4631774151209618 7.355889603024228 2.5
      vertex 1.2822141657022592 7.389582317917059 -2.5
    endloop
  endfacet
  facet normal -0.20711137619221853 -0.9783173707196277 0
    outer loop
      vertex 1.4631774151209618 7.355889603024228 -2.5
      vertex 1.6432593011765235 7.317765975288964 -2.5
      vertex 1.6432593011765235 7.317765975288964 2.5
    endloop
  endfacet
  facet normal -0.23105810828066917 -0.9729399522055607 0
    outer loop
      vertex 1.822351349274479 7.27523439895908 2.5
      vertex 1.6432593011765235 7.317765975288964 -2.5
      vertex 1.822351349274479 7.27523439895908 -2.5
    endloop
  endfacet
  facet normal -0.2548656596045156 -0.9669764710448518 0
    outer loop
      vertex 2.000345681061738 7.228320493465799 -2.5
      vertex 2.000345681061738 7.228320493465799 2.5
      vertex 1.822351349274479 7.27523439895908 -2.5
    endloop
  endfacet
  facet normal -0.2785196893850564 -0.9604305194155649 0
    outer loop
      vertex 2.000345681061738 7.228320493465799 -2.5
      vertex 2.1771350794084676 7.177052517991566 -2.5
      vertex 2.1771350794084676 7.177052517991566 2.5
    endloop
  endfacet
  facet normal -0.7326542716724126 -0.6806009977954534 0
    outer loop
      vertex 5.431853122136003 5.171554085528001 -2.5
      vertex 5.557133440162193 5.036692161352638 -2.5
      vertex 5.557133440162193 5.036692161352638 2.5
    endloop
  endfacet
  facet normal -0.7491363945234611 -0.6624157775901697 0
    outer loop
      vertex 5.557133440162193 5.036692161352638 -2.5
      vertex 5.679066348798634 4.898796322153325 -2.5
      vertex 5.679066348798634 4.898796322153325 2.5
    endloop
  endfacet
  facet normal -0.7958369046088818 -0.6055110414043279 0
    outer loop
      vertex 5.912598207199547 4.614236929354701 -2.5
      vertex 6.024056486104837 4.4677447836932505 -2.5
      vertex 6.024056486104837 4.4677447836932505 2.5
    endloop
  endfacet
  facet normal -0.8245893027850256 -0.5657318107836126 0
    outer loop
      vertex 6.131886098636878 4.31856143563384 -2.5
      vertex 6.236022092269089 4.166776747647017 -2.5
      vertex 6.236022092269089 4.166776747647017 2.5
    endloop
  endfacet
  facet normal -0.8104571982525952 -0.5857978574564382 0
    outer loop
      vertex 6.024056486104837 4.4677447836932505 -2.5
      vertex 6.131886098636878 4.31856143563384 -2.5
      vertex 6.131886098636878 4.31856143563384 2.5
    endloop
  endfacet
  facet normal -0.7807372285720962 -0.6248594881423843 0
    outer loop
      vertex 5.7975784002205275 4.7579496312273415 -2.5
      vertex 5.912598207199547 4.614236929354701 -2.5
      vertex 5.912598207199547 4.614236929354701 2.5
    endloop
  endfacet
  facet normal -0.7651672656224566 -0.6438315428897943 0
    outer loop
      vertex 5.679066348798634 4.898796322153325 -2.5
      vertex 5.7975784002205275 4.7579496312273415 -2.5
      vertex 5.7975784002205275 4.7579496312273415 2.5
    endloop
  endfacet
  facet normal -0.32531029216226215 -0.9456073253805217 0
    outer loop
      vertex 2.5266739004416503 7.061580488872656 -2.5
      vertex 2.5266739004416503 7.061580488872656 2.5
      vertex 2.3526130529916864 7.121461354447775 -2.5
    endloop
  endfacet
  facet normal -0.3484186802494391 -0.9373390119125732 0
    outer loop
      vertex 2.5266739004416503 7.061580488872656 -2.5
      vertex 2.699212774012411 6.997445991260541 -2.5
      vertex 2.699212774012411 6.997445991260541 2.5
    endloop
  endfacet
  facet normal -0.3020059493192233 -0.9533060403541953 0
    outer loop
      vertex 2.3526130529916864 7.121461354447775 2.5
      vertex 2.1771350794084676 7.177052517991566 -2.5
      vertex 2.3526130529916864 7.121461354447775 -2.5
    endloop
  endfacet
  facet normal -0.371317193951834 -0.928506080473217 0
    outer loop
      vertex 2.699212774012411 6.997445991260541 -2.5
      vertex 2.8701257427381734 6.929096493834651 -2.5
      vertex 2.8701257427381734 6.929096493834651 2.5
    endloop
  endfacet
  facet normal -0.3939920400610501 -0.9191138516900569 0
    outer loop
      vertex 3.039309855037424 6.85657316777648 -2.5
      vertex 3.039309855037424 6.85657316777648 2.5
      vertex 2.8701257427381734 6.929096493834651 -2.5
    endloop
  endfacet
  facet normal -0.4164295600976356 -0.909167983090523 0
    outer loop
      vertex 3.2066632007271156 6.779919698425825 2.5
      vertex 3.039309855037424 6.85657316777648 -2.5
      vertex 3.2066632007271156 6.779919698425825 -2.5
    endloop
  endfacet
  facet normal -0.5245896826784665 -0.8513551931052666 0
    outer loop
      vertex 3.855770581449163 6.43296457500204 -2.5
      vertex 4.012482149153229 6.336401739372803 -2.5
      vertex 4.012482149153229 6.336401739372803 2.5
    endloop
  endfacet
  facet normal -0.545324988422046 -0.8382247055548383 0
    outer loop
      vertex 4.012482149153229 6.336401739372803 -2.5
      vertex 4.166776747647017 6.236022092269089 -2.5
      vertex 4.166776747647017 6.236022092269089 2.5
    endloop
  endfacet
  facet normal -0.4386162385385273 -0.898674465693954 0
    outer loop
      vertex 3.2066632007271156 6.779919698425825 -2.5
      vertex 3.3720849724095494 6.699182258966365 -2.5
      vertex 3.3720849724095494 6.699182258966365 2.5
    endloop
  endfacet
  facet normal -0.46053871095824067 -0.8876396204028536 0
    outer loop
      vertex 3.535475526194982 6.614409482612663 -2.5
      vertex 3.535475526194982 6.614409482612663 2.5
      vertex 3.3720849724095494 6.699182258966365 -2.5
    endloop
  endfacet
  facet normal -0.4821837720791236 -0.8760700941954062 0
    outer loop
      vertex 3.69673644172338 6.525652433315336 2.5
      vertex 3.535475526194982 6.614409482612663 -2.5
      vertex 3.69673644172338 6.525652433315336 -2.5
    endloop
  endfacet
  facet normal -0.5035383837257191 -0.8639728561215858 0
    outer loop
      vertex 3.855770581449163 6.43296457500204 -2.5
      vertex 3.855770581449163 6.43296457500204 2.5
      vertex 3.69673644172338 6.525652433315336 -2.5
    endloop
  endfacet
  facet normal -0.5857978574564382 -0.8104571982525952 0
    outer loop
      vertex 4.4677447836932505 6.024056486104837 -2.5
      vertex 4.4677447836932505 6.024056486104837 2.5
      vertex 4.31856143563384 6.131886098636878 -2.5
    endloop
  endfacet
  facet normal -0.5657318107836126 -0.8245893027850256 0
    outer loop
      vertex 4.31856143563384 6.131886098636878 -2.5
      vertex 4.31856143563384 6.131886098636878 2.5
      vertex 4.166776747647017 6.236022092269089 -2.5
    endloop
  endfacet
  facet normal -0.6055110414043279 -0.7958369046088818 0
    outer loop
      vertex 4.614236929354701 5.912598207199547 -2.5
      vertex 4.614236929354701 5.912598207199547 2.5
      vertex 4.4677447836932505 6.024056486104837 -2.5
    endloop
  endfacet
  facet normal -0.6248594881423843 -0.7807372285720962 0
    outer loop
      vertex 4.7579496312273415 5.7975784002205275 2.5
      vertex 4.614236929354701 5.912598207199547 -2.5
      vertex 4.7579496312273415 5.7975784002205275 -2.5
    endloop
  endfacet
  facet normal -0.6438315428897943 -0.7651672656224566 0
    outer loop
      vertex 4.7579496312273415 5.7975784002205275 -2.5
      vertex 4.898796322153325 5.679066348798634 -2.5
      vertex 4.898796322153325 5.679066348798634 2.5
    endloop
  endfacet
  facet normal -0.6624157775901697 -0.7491363945234611 0
    outer loop
      vertex 4.898796322153325 5.679066348798634 -2.5
      vertex 5.036692161352638 5.557133440162193 -2.5
      vertex 5.036692161352638 5.557133440162193 2.5
    endloop
  endfacet
  facet normal -0.6806009977954534 -0.7326542716724126 0
    outer loop
      vertex 5.171554085528001 5.431853122136003 2.5
      vertex 5.036692161352638 5.557133440162193 -2.5
      vertex 5.171554085528001 5.431853122136003 -2.5
    endloop
  endfacet
  facet normal -0.6983762494089724 -0.7157308252838191 0
    outer loop
      vertex 5.303300858899107 5.303300858899107 2.5
      vertex 5.171554085528001 5.431853122136003 -2.5
      vertex 5.303300858899107 5.303300858899107 -2.5
    endloop
  endfacet
  facet normal -0.7157308252838191 -0.6983762494089724 0
    outer loop
      vertex 5.303300858899107 5.303300858899107 -2.5
      vertex 5.431853122136003 5.171554085528001 -2.5
      vertex 5.431853122136003 5.171554085528001 2.5
    endloop
  endfacet
  facet normal 0.928506080473217 0.371317193951834 0
    outer loop
      vertex -6.997445991260541 -2.699212774012411 2.5
      vertex -6.929096493834651 -2.8701257427381734 2.5
      vertex -6.929096493834651 -2.8701257427381734 -2.5
    endloop
  endfacet
  facet normal 0.9456073253805221 0.32531029216226115 0
    outer loop
      vertex -7.103704770677539 -2.4042276378708296 2.5
      vertex -7.061580488872656 -2.5266739004416503 2.5
      vertex -7.061580488872656 -2.5266739004416503 -2.5
    endloop
  endfacet
  facet normal 0.9373390119125732 0.3484186802494391 0
    outer loop
      vertex -7.061580488872656 -2.5266739004416503 2.5
      vertex -6.997445991260541 -2.699212774012411 2.5
      vertex -6.997445991260541 -2.699212774012411 -2.5
    endloop
  endfacet
  facet normal 0.8639728561215858 0.5035383837257191 0
    outer loop
      vertex -6.525652433315336 -3.69673644172338 2.5
      vertex -6.43296457500204 -3.855770581449163 2.5
      vertex -6.43296457500204 -3.855770581449163 -2.5
    endloop
  endfacet
  facet normal 0.8104571982525952 0.5857978574564382 0
    outer loop
      vertex -6.024056486104837 -4.4677447836932505 -2.5
      vertex -6.131886098636878 -4.31856143563384 2.5
      vertex -6.024056486104837 -4.4677447836932505 2.5
    endloop
  endfacet
  facet normal 0.7958369046088818 0.6055110414043279 0
    outer loop
      vertex -6.024056486104837 -4.4677447836932505 2.5
      vertex -5.912598207199547 -4.614236929354701 2.5
      vertex -5.912598207199547 -4.614236929354701 -2.5
    endloop
  endfacet
  facet normal 0.8245893027850256 0.5657318107836126 0
    outer loop
      vertex -6.131886098636878 -4.31856143563384 -2.5
      vertex -6.236022092269089 -4.166776747647017 2.5
      vertex -6.131886098636878 -4.31856143563384 2.5
    endloop
  endfacet
  facet normal 0.8382247055548383 0.545324988422046 0
    outer loop
      vertex -6.336401739372803 -4.012482149153229 2.5
      vertex -6.236022092269089 -4.166776747647017 2.5
      vertex -6.236022092269089 -4.166776747647017 -2.5
    endloop
  endfacet
  facet normal 0.8513551931052666 0.5245896826784665 0
    outer loop
      vertex -6.43296457500204 -3.855770581449163 2.5
      vertex -6.336401739372803 -4.012482149153229 2.5
      vertex -6.336401739372803 -4.012482149153229 -2.5
    endloop
  endfacet
  facet normal 0.909167983090523 0.4164295600976356 0
    outer loop
      vertex -6.779919698425825 -3.2066632007271156 -2.5
      vertex -6.85657316777648 -3.039309855037424 2.5
      vertex -6.779919698425825 -3.2066632007271156 2.5
    endloop
  endfacet
  facet normal 0.898674465693954 0.4386162385385273 0
    outer loop
      vertex -6.779919698425825 -3.2066632007271156 2.5
      vertex -6.699182258966365 -3.3720849724095494 2.5
      vertex -6.699182258966365 -3.3720849724095494 -2.5
    endloop
  endfacet
  facet normal 0.8760700941954062 0.4821837720791236 0
    outer loop
      vertex -6.525652433315336 -3.69673644172338 -2.5
      vertex -6.614409482612663 -3.535475526194982 2.5
      vertex -6.525652433315336 -3.69673644172338 2.5
    endloop
  endfacet
  facet normal 0.8876396204028536 0.46053871095824067 0
    outer loop
      vertex -6.699182258966365 -3.3720849724095494 2.5
      vertex -6.614409482612663 -3.535475526194982 2.5
      vertex -6.614409482612663 -3.535475526194982 -2.5
    endloop
  endfacet
  facet normal 0.9191138516900569 0.3939920400610501 0
    outer loop
      vertex -6.929096493834651 -2.8701257427381734 2.5
      vertex -6.85657316777648 -3.039309855037424 2.5
      vertex -6.85657316777648 -3.039309855037424 -2.5
    endloop
  endfacet
  facet normal 0.7491363945234611 0.6624157775901697 0
    outer loop
      vertex -5.679066348798634 -4.898796322153325 2.5
      vertex -5.557133440162193 -5.036692161352638 2.5
      vertex -5.557133440162193 -5.036692161352638 -2.5
    endloop
  endfacet
  facet normal 0.7326542716724126 0.6806009977954534 0
    outer loop
      vertex -5.431853122136003 -5.171554085528001 -2.5
      vertex -5.557133440162193 -5.036692161352638 2.5
      vertex -5.431853122136003 -5.171554085528001 2.5
    endloop
  endfacet
  facet normal 0.6624157775901697 0.7491363945234611 0
    outer loop
      vertex -4.898796322153325 -5.679066348798634 -2.5
      vertex -5.036692161352638 -5.557133440162193 2.5
      vertex -4.898796322153325 -5.679066348798634 2.5
    endloop
  endfacet
  facet normal 0.7157308252838191 0.6983762494089724 0
    outer loop
      vertex -5.303300858899107 -5.303300858899107 -2.5
      vertex -5.431853122136003 -5.171554085528001 2.5
      vertex -5.303300858899107 -5.303300858899107 2.5
    endloop
  endfacet
  facet normal 0.6983762494089724 0.7157308252838191 0
    outer loop
      vertex -5.171554085528001 -5.431853122136003 -2.5
      vertex -5.303300858899107 -5.303300858899107 2.5
      vertex -5.171554085528001 -5.431853122136003 2.5
    endloop
  endfacet
  facet normal 0.6806009977954534 0.7326542716724126 0
    outer loop
      vertex -5.036692161352638 -5.557133440162193 -2.5
      vertex -5.171554085528001 -5.431853122136003 2.5
      vertex -5.036692161352638 -5.557133440162193 2.5
    endloop
  endfacet
  facet normal 0.545324988422046 0.8382247055548383 0
    outer loop
      vertex -4.012482149153229 -6.336401739372803 -2.5
      vertex -4.166776747647017 -6.236022092269089 2.5
      vertex -4.012482149153229 -6.336401739372803 2.5
    endloop
  endfacet
  facet normal 0.5245896826784665 0.8513551931052666 0
    outer loop
      vertex -3.855770581449163 -6.43296457500204 -2.5
      vertex -4.012482149153229 -6.336401739372803 2.5
      vertex -3.855770581449163 -6.43296457500204 2.5
    endloop
  endfacet
  facet normal 0.6438315428897943 0.7651672656224566 0
    outer loop
      vertex -4.7579496312273415 -5.7975784002205275 -2.5
      vertex -4.898796322153325 -5.679066348798634 2.5
      vertex -4.7579496312273415 -5.7975784002205275 2.5
    endloop
  endfacet
  facet normal 0.6248594881423843 0.7807372285720962 0
    outer loop
      vertex -4.614236929354701 -5.912598207199547 -2.5
      vertex -4.7579496312273415 -5.7975784002205275 2.5
      vertex -4.614236929354701 -5.912598207199547 2.5
    endloop
  endfacet
  facet normal 0.6055110414043279 0.7958369046088818 0
    outer loop
      vertex -4.4677447836932505 -6.024056486104837 -2.5
      vertex -4.614236929354701 -5.912598207199547 2.5
      vertex -4.4677447836932505 -6.024056486104837 2.5
    endloop
  endfacet
  facet normal 0.5857978574564382 0.8104571982525952 0
    outer loop
      vertex -4.31856143563384 -6.131886098636878 -2.5
      vertex -4.4677447836932505 -6.024056486104837 2.5
      vertex -4.31856143563384 -6.131886098636878 2.5
    endloop
  endfacet
  facet normal 0.5657318107836126 0.8245893027850256 0
    outer loop
      vertex -4.166776747647017 -6.236022092269089 -2.5
      vertex -4.31856143563384 -6.131886098636878 2.5
      vertex -4.166776747647017 -6.236022092269089 2.5
    endloop
  endfacet
  facet normal 0.5035383837257191 0.8639728561215858 0
    outer loop
      vertex -3.69673644172338 -6.525652433315336 -2.5
      vertex -3.855770581449163 -6.43296457500204 2.5
      vertex -3.69673644172338 -6.525652433315336 2.5
    endloop
  endfacet
  facet normal 0.4821837720791236 0.8760700941954062 0
    outer loop
      vertex -3.535475526194982 -6.614409482612663 -2.5
      vertex -3.69673644172338 -6.525652433315336 2.5
      vertex -3.535475526194982 -6.614409482612663 2.5
    endloop
  endfacet
  facet normal 0.46053871095824067 0.8876396204028536 0
    outer loop
      vertex -3.3720849724095494 -6.699182258966365 -2.5
      vertex -3.535475526194982 -6.614409482612663 2.5
      vertex -3.3720849724095494 -6.699182258966365 2.5
    endloop
  endfacet
  facet normal 0.3939920400610501 0.9191138516900569 0
    outer loop
      vertex -2.8701257427381734 -6.929096493834651 -2.5
      vertex -3.039309855037424 -6.85657316777648 2.5
      vertex -2.8701257427381734 -6.929096493834651 2.5
    endloop
  endfacet
  facet normal 0.4386162385385273 0.898674465693954 0
    outer loop
      vertex -3.2066632007271156 -6.779919698425825 -2.5
      vertex -3.3720849724095494 -6.699182258966365 2.5
      vertex -3.2066632007271156 -6.779919698425825 2.5
    endloop
  endfacet
  facet normal 0.4164295600976356 0.909167983090523 0
    outer loop
      vertex -3.039309855037424 -6.85657316777648 -2.5
      vertex -3.2066632007271156 -6.779919698425825 2.5
      vertex -3.039309855037424 -6.85657316777648 2.5
    endloop
  endfacet
  facet normal 0.371317193951834 0.928506080473217 0
    outer loop
      vertex -2.699212774012411 -6.997445991260541 -2.5
      vertex -2.8701257427381734 -6.929096493834651 2.5
      vertex -2.699212774012411 -6.997445991260541 2.5
    endloop
  endfacet
  facet normal 0.3484186802494391 0.9373390119125732 0
    outer loop
      vertex -2.699212774012411 -6.997445991260541 2.5
      vertex -2.5266739004416503 -7.061580488872656 2.5
      vertex -2.5266739004416503 -7.061580488872656 -2.5
    endloop
  endfacet
  facet normal 0.32531029216226215 0.9456073253805217 0
    outer loop
      vertex -2.3526130529916864 -7.121461354447775 -2.5
      vertex -2.5266739004416503 -7.061580488872656 2.5
      vertex -2.3526130529916864 -7.121461354447775 2.5
    endloop
  endfacet
  facet normal 0.3020059493192233 0.9533060403541953 0
    outer loop
      vertex -2.3526130529916864 -7.121461354447775 2.5
      vertex -2.1771350794084676 -7.177052517991566 2.5
      vertex -2.1771350794084676 -7.177052517991566 -2.5
    endloop
  endfacet
  facet normal 0.2785196893850564 0.9604305194155649 0
    outer loop
      vertex -2.000345681061738 -7.228320493465799 -2.5
      vertex -2.1771350794084676 -7.177052517991566 2.5
      vertex -2.000345681061738 -7.228320493465799 2.5
    endloop
  endfacet
  facet normal 0.2548656596045156 0.9669764710448518 0
    outer loop
      vertex -1.822351349274479 -7.27523439895908 -2.5
      vertex -2.000345681061738 -7.228320493465799 2.5
      vertex -1.822351349274479 -7.27523439895908 2.5
    endloop
  endfacet
  facet normal 0.7807372285720962 0.6248594881423843 0
    outer loop
      vertex -5.912598207199547 -4.614236929354701 2.5
      vertex -5.7975784002205275 -4.7579496312273415 2.5
      vertex -5.7975784002205275 -4.7579496312273415 -2.5
    endloop
  endfacet
  facet normal 0.7651672656224566 0.6438315428897943 0
    outer loop
      vertex -5.679066348798634 -4.898796322153325 -2.5
      vertex -5.7975784002205275 -4.7579496312273415 2.5
      vertex -5.679066348798634 -4.898796322153325 2.5
    endloop
  endfacet
  facet normal 0.9091679830905239 -0.41642956009763354 0
    outer loop
      vertex -6.788731399572131 3.187425093430157 -2.5
      vertex -6.779919698425825 3.2066632007271156 2.5
      vertex -6.788731399572131 3.187425093430157 2.5
    endloop
  endfacet
  facet normal 0.898674465693954 -0.4386162385385273 0
    outer loop
      vertex -6.699182258966365 3.3720849724095494 2.5
      vertex -6.779919698425825 3.2066632007271156 2.5
      vertex -6.779919698425825 3.2066632007271156 -2.5
    endloop
  endfacet
  facet normal 0.8876396204028536 -0.46053871095824067 0
    outer loop
      vertex -6.699182258966365 3.3720849724095494 -2.5
      vertex -6.614409482612663 3.535475526194982 2.5
      vertex -6.699182258966365 3.3720849724095494 2.5
    endloop
  endfacet
  facet normal 0.8760700941954062 -0.4821837720791236 0
    outer loop
      vertex -6.614409482612663 3.535475526194982 -2.5
      vertex -6.525652433315336 3.69673644172338 2.5
      vertex -6.614409482612663 3.535475526194982 2.5
    endloop
  endfacet
  facet normal 0.8639728561215858 -0.5035383837257191 0
    outer loop
      vertex -6.43296457500204 3.855770581449163 2.5
      vertex -6.525652433315336 3.69673644172338 2.5
      vertex -6.525652433315336 3.69673644172338 -2.5
    endloop
  endfacet
  facet normal 0.8513551931052666 -0.5245896826784665 0
    outer loop
      vertex -6.43296457500204 3.855770581449163 -2.5
      vertex -6.336401739372803 4.012482149153229 2.5
      vertex -6.43296457500204 3.855770581449163 2.5
    endloop
  endfacet
  facet normal 0.8382247055548383 -0.545324988422046 0
    outer loop
      vertex -6.336401739372803 4.012482149153229 -2.5
      vertex -6.236022092269089 4.166776747647017 2.5
      vertex -6.336401739372803 4.012482149153229 2.5
    endloop
  endfacet
  facet normal 0.8245893027850256 -0.5657318107836126 0
    outer loop
      vertex -6.236022092269089 4.166776747647017 -2.5
      vertex -6.131886098636878 4.31856143563384 2.5
      vertex -6.236022092269089 4.166776747647017 2.5
    endloop
  endfacet
  facet normal 0.8104571982525952 -0.5857978574564382 0
    outer loop
      vertex -6.131886098636878 4.31856143563384 -2.5
      vertex -6.024056486104837 4.4677447836932505 2.5
      vertex -6.131886098636878 4.31856143563384 2.5
    endloop
  endfacet
  facet normal 0.7958369046088818 -0.6055110414043279 0
    outer loop
      vertex -5.912598207199547 4.614236929354701 2.5
      vertex -6.024056486104837 4.4677447836932505 2.5
      vertex -6.024056486104837 4.4677447836932505 -2.5
    endloop
  endfacet
  facet normal 0.7807372285720962 -0.6248594881423843 0
    outer loop
      vertex -5.912598207199547 4.614236929354701 -2.5
      vertex -5.7975784002205275 4.7579496312273415 2.5
      vertex -5.912598207199547 4.614236929354701 2.5
    endloop
  endfacet
  facet normal 0.7651672656224566 -0.6438315428897943 0
    outer loop
      vertex -5.7975784002205275 4.7579496312273415 -2.5
      vertex -5.679066348798634 4.898796322153325 2.5
      vertex -5.7975784002205275 4.7579496312273415 2.5
    endloop
  endfacet
  facet normal 0.7491363945234611 -0.6624157775901697 0
    outer loop
      vertex -5.557133440162193 5.036692161352638 2.5
      vertex -5.679066348798634 4.898796322153325 2.5
      vertex -5.679066348798634 4.898796322153325 -2.5
    endloop
  endfacet
  facet normal 0.7326542716724126 -0.6806009977954534 0
    outer loop
      vertex -5.557133440162193 5.036692161352638 -2.5
      vertex -5.431853122136003 5.171554085528001 2.5
      vertex -5.557133440162193 5.036692161352638 2.5
    endloop
  endfacet
  facet normal 0.7157308252838191 -0.6983762494089724 0
    outer loop
      vertex -5.303300858899107 5.303300858899107 2.5
      vertex -5.431853122136003 5.171554085528001 2.5
      vertex -5.431853122136003 5.171554085528001 -2.5
    endloop
  endfacet
  facet normal 0.6983762494089724 -0.7157308252838191 0
    outer loop
      vertex -5.303300858899107 5.303300858899107 -2.5
      vertex -5.171554085528001 5.431853122136003 2.5
      vertex -5.303300858899107 5.303300858899107 2.5
    endloop
  endfacet
  facet normal 0.6806009977954534 -0.7326542716724126 0
    outer loop
      vertex -5.171554085528001 5.431853122136003 -2.5
      vertex -5.036692161352638 5.557133440162193 2.5
      vertex -5.171554085528001 5.431853122136003 2.5
    endloop
  endfacet
  facet normal 0.6624157775901697 -0.7491363945234611 0
    outer loop
      vertex -5.036692161352638 5.557133440162193 -2.5
      vertex -4.898796322153325 5.679066348798634 2.5
      vertex -5.036692161352638 5.557133440162193 2.5
    endloop
  endfacet
  facet normal 0.6438315428897943 -0.7651672656224566 0
    outer loop
      vertex -4.898796322153325 5.679066348798634 -2.5
      vertex -4.7579496312273415 5.7975784002205275 2.5
      vertex -4.898796322153325 5.679066348798634 2.5
    endloop
  endfacet
  facet normal 0.6248594881423843 -0.7807372285720962 0
    outer loop
      vertex -4.7579496312273415 5.7975784002205275 -2.5
      vertex -4.614236929354701 5.912598207199547 2.5
      vertex -4.7579496312273415 5.7975784002205275 2.5
    endloop
  endfacet
  facet normal 0.6055110414043279 -0.7958369046088818 0
    outer loop
      vertex -4.614236929354701 5.912598207199547 -2.5
      vertex -4.4677447836932505 6.024056486104837 2.5
      vertex -4.614236929354701 5.912598207199547 2.5
    endloop
  endfacet
  facet normal 0.5857978574564382 -0.8104571982525952 0
    outer loop
      vertex -4.31856143563384 6.131886098636878 2.5
      vertex -4.4677447836932505 6.024056486104837 2.5
      vertex -4.4677447836932505 6.024056486104837 -2.5
    endloop
  endfacet
  facet normal 0.5657318107836126 -0.8245893027850256 0
    outer loop
      vertex -4.31856143563384 6.131886098636878 -2.5
      vertex -4.166776747647017 6.236022092269089 2.5
      vertex -4.31856143563384 6.131886098636878 2.5
    endloop
  endfacet
  facet normal 0.545324988422046 -0.8382247055548383 0
    outer loop
      vertex -4.166776747647017 6.236022092269089 -2.5
      vertex -4.012482149153229 6.336401739372803 2.5
      vertex -4.166776747647017 6.236022092269089 2.5
    endloop
  endfacet
  facet normal 0.5245896826784665 -0.8513551931052666 0
    outer loop
      vertex -4.012482149153229 6.336401739372803 -2.5
      vertex -3.855770581449163 6.43296457500204 2.5
      vertex -4.012482149153229 6.336401739372803 2.5
    endloop
  endfacet
  facet normal 0.5035383837257191 -0.8639728561215858 0
    outer loop
      vertex -3.855770581449163 6.43296457500204 -2.5
      vertex -3.69673644172338 6.525652433315336 2.5
      vertex -3.855770581449163 6.43296457500204 2.5
    endloop
  endfacet
  facet normal 0.4821837720791236 -0.8760700941954062 0
    outer loop
      vertex -3.69673644172338 6.525652433315336 -2.5
      vertex -3.535475526194982 6.614409482612663 2.5
      vertex -3.69673644172338 6.525652433315336 2.5
    endloop
  endfacet
  facet normal 0.46053871095824067 -0.8876396204028536 0
    outer loop
      vertex -3.535475526194982 6.614409482612663 -2.5
      vertex -3.3720849724095494 6.699182258966365 2.5
      vertex -3.535475526194982 6.614409482612663 2.5
    endloop
  endfacet
  facet normal 0.4386162385385273 -0.898674465693954 0
    outer loop
      vertex -3.3720849724095494 6.699182258966365 -2.5
      vertex -3.2066632007271156 6.779919698425825 2.5
      vertex -3.3720849724095494 6.699182258966365 2.5
    endloop
  endfacet
  facet normal 0.4164295600976356 -0.909167983090523 0
    outer loop
      vertex -3.2066632007271156 6.779919698425825 -2.5
      vertex -3.039309855037424 6.85657316777648 2.5
      vertex -3.2066632007271156 6.779919698425825 2.5
    endloop
  endfacet
  facet normal 0.3939920400610501 -0.9191138516900569 0
    outer loop
      vertex -3.039309855037424 6.85657316777648 -2.5
      vertex -2.8701257427381734 6.929096493834651 2.5
      vertex -3.039309855037424 6.85657316777648 2.5
    endloop
  endfacet
  facet normal 0.371317193951834 -0.928506080473217 0
    outer loop
      vertex -2.8701257427381734 6.929096493834651 -2.5
      vertex -2.699212774012411 6.997445991260541 2.5
      vertex -2.8701257427381734 6.929096493834651 2.5
    endloop
  endfacet
  facet normal 0.3484186802494391 -0.9373390119125732 0
    outer loop
      vertex -2.699212774012411 6.997445991260541 -2.5
      vertex -2.5266739004416503 7.061580488872656 2.5
      vertex -2.699212774012411 6.997445991260541 2.5
    endloop
  endfacet
  facet normal 0.32531029216226215 -0.9456073253805217 0
    outer loop
      vertex -2.5266739004416503 7.061580488872656 -2.5
      vertex -2.3526130529916864 7.121461354447775 2.5
      vertex -2.5266739004416503 7.061580488872656 2.5
    endloop
  endfacet
  facet normal 0.3020059493192233 -0.9533060403541953 0
    outer loop
      vertex -2.3526130529916864 7.121461354447775 -2.5
      vertex -2.1771350794084676 7.177052517991566 2.5
      vertex -2.3526130529916864 7.121461354447775 2.5
    endloop
  endfacet
  facet normal 0.2785196893850564 -0.9604305194155649 0
    outer loop
      vertex -2.1771350794084676 7.177052517991566 -2.5
      vertex -2.000345681061738 7.228320493465799 2.5
      vertex -2.1771350794084676 7.177052517991566 2.5
    endloop
  endfacet
  facet normal 0.2548656596045156 -0.9669764710448518 0
    outer loop
      vertex -2.000345681061738 7.228320493465799 -2.5
      vertex -1.822351349274479 7.27523439895908 2.5
      vertex -2.000345681061738 7.228320493465799 2.5
    endloop
  endfacet
  facet normal 0.08579731234443425 0.9963126121827784 0
    outer loop
      vertex -0.5517342269975057 -7.479678425090176 -2.5
      vertex -0.7351285524717045 -7.463885450041477 2.5
      vertex -0.5517342269975057 -7.479678425090176 2.5
    endloop
  endfacet
  facet normal 0.06132073630221063 0.9981181129001491 0
    outer loop
      vertex -0.5517342269975057 -7.479678425090176 2.5
      vertex -0.3680075574556351 -7.490965921538793 2.5
      vertex -0.3680075574556351 -7.490965921538793 -2.5
    endloop
  endfacet
  facet normal 0.03680722294135924 0.9993223845883495 0
    outer loop
      vertex -0.18405921392184216 -7.497741140221532 -2.5
      vertex -0.3680075574556351 -7.490965921538793 2.5
      vertex -0.18405921392184216 -7.497741140221532 2.5
    endloop
  endfacet
  facet normal 0.012271538285719613 0.9999247018391445 0
    outer loop
      vertex 0 -7.5 -2.5
      vertex -0.18405921392184216 -7.497741140221532 2.5
      vertex 0 -7.5 2.5
    endloop
  endfacet
  facet normal -0.012271538285719613 0.9999247018391445 0
    outer loop
      vertex 0 -7.5 2.5
      vertex 0.18405921392184216 -7.497741140221532 2.5
      vertex 0.18405921392184216 -7.497741140221532 -2.5
    endloop
  endfacet
  facet normal 0.23105810828066917 0.9729399522055607 0
    outer loop
      vertex -1.6432593011765235 -7.317765975288964 -2.5
      vertex -1.822351349274479 -7.27523439895908 2.5
      vertex -1.6432593011765235 -7.317765975288964 2.5
    endloop
  endfacet
  facet normal 0.20711137619221853 0.9783173707196277 0
    outer loop
      vertex -1.4631774151209618 -7.355889603024228 -2.5
      vertex -1.6432593011765235 -7.317765975288964 2.5
      vertex -1.4631774151209618 -7.355889603024228 2.5
    endloop
  endfacet
  facet normal 0.18303988795513898 0.9831054874312166 0
    outer loop
      vertex -1.2822141657022592 -7.389582317917059 -2.5
      vertex -1.4631774151209618 -7.355889603024228 2.5
      vertex -1.2822141657022592 -7.389582317917059 2.5
    endloop
  endfacet
  facet normal 0.158858143333868 0.9873014181578573 0
    outer loop
      vertex -1.100478558415213 -7.418823824735858 -2.5
      vertex -1.2822141657022592 -7.389582317917059 2.5
      vertex -1.100478558415213 -7.418823824735858 2.5
    endloop
  endfacet
  facet normal 0.13458070850712217 0.9909026354277806 0
    outer loop
      vertex -1.100478558415213 -7.418823824735858 2.5
      vertex -0.9180800639941215 -7.443596509490325 2.5
      vertex -0.9180800639941215 -7.443596509490325 -2.5
    endloop
  endfacet
  facet normal 0.11022220729388692 0.9939069700023556 0
    outer loop
      vertex -0.7351285524717045 -7.463885450041477 -2.5
      vertex -0.9180800639941215 -7.443596509490325 2.5
      vertex -0.7351285524717045 -7.463885450041477 2.5
    endloop
  endfacet
  facet normal -0.03680722294135924 0.9993223845883495 0
    outer loop
      vertex 0.3680075574556351 -7.490965921538793 -2.5
      vertex 0.18405921392184216 -7.497741140221532 2.5
      vertex 0.3680075574556351 -7.490965921538793 2.5
    endloop
  endfacet
  facet normal -0.06132073630221063 0.9981181129001491 0
    outer loop
      vertex 0.5517342269975057 -7.479678425090176 -2.5
      vertex 0.3680075574556351 -7.490965921538793 2.5
      vertex 0.5517342269975057 -7.479678425090176 2.5
    endloop
  endfacet
  facet normal -0.08579731234443425 0.9963126121827784 0
    outer loop
      vertex 0.5517342269975057 -7.479678425090176 2.5
      vertex 0.7351285524717045 -7.463885450041477 2.5
      vertex 0.7351285524717045 -7.463885450041477 -2.5
    endloop
  endfacet
  facet normal -0.11022220729388692 0.9939069700023556 0
    outer loop
      vertex 0.9180800639941215 -7.443596509490325 -2.5
      vertex 0.7351285524717045 -7.463885450041477 2.5
      vertex 0.9180800639941215 -7.443596509490325 2.5
    endloop
  endfacet
  facet normal -0.13458070850712217 0.9909026354277806 0
    outer loop
      vertex 1.100478558415213 -7.418823824735858 -2.5
      vertex 0.9180800639941215 -7.443596509490325 2.5
      vertex 1.100478558415213 -7.418823824735858 2.5
    endloop
  endfacet
  facet normal -0.158858143333868 0.9873014181578573 0
    outer loop
      vertex 1.2822141657022592 -7.389582317917059 -2.5
      vertex 1.100478558415213 -7.418823824735858 2.5
      vertex 1.2822141657022592 -7.389582317917059 2.5
    endloop
  endfacet
  facet normal -0.18303988795513898 0.9831054874312166 0
    outer loop
      vertex 1.4631774151209618 -7.355889603024228 -2.5
      vertex 1.2822141657022592 -7.389582317917059 2.5
      vertex 1.4631774151209618 -7.355889603024228 2.5
    endloop
  endfacet
  facet normal -0.20711137619221853 0.9783173707196277 0
    outer loop
      vertex 1.6432593011765235 -7.317765975288964 -2.5
      vertex 1.4631774151209618 -7.355889603024228 2.5
      vertex 1.6432593011765235 -7.317765975288964 2.5
    endloop
  endfacet
  facet normal -0.23105810828066917 0.9729399522055607 0
    outer loop
      vertex 1.822351349274479 -7.27523439895908 -2.5
      vertex 1.6432593011765235 -7.317765975288964 2.5
      vertex 1.822351349274479 -7.27523439895908 2.5
    endloop
  endfacet
  facet normal -0.2548656596045156 0.9669764710448518 0
    outer loop
      vertex 2.000345681061738 -7.228320493465799 -2.5
      vertex 1.822351349274479 -7.27523439895908 2.5
      vertex 2.000345681061738 -7.228320493465799 2.5
    endloop
  endfacet
  facet normal -0.2785196893850564 0.9604305194155649 0
    outer loop
      vertex 2.1771350794084676 -7.177052517991566 -2.5
      vertex 2.000345681061738 -7.228320493465799 2.5
      vertex 2.1771350794084676 -7.177052517991566 2.5
    endloop
  endfacet
  facet normal -0.3020059493192233 0.9533060403541953 0
    outer loop
      vertex 2.3526130529916864 -7.121461354447775 -2.5
      vertex 2.1771350794084676 -7.177052517991566 2.5
      vertex 2.3526130529916864 -7.121461354447775 2.5
    endloop
  endfacet
  facet normal -0.32531029216226215 0.9456073253805217 0
    outer loop
      vertex 2.5266739004416503 -7.061580488872656 -2.5
      vertex 2.3526130529916864 -7.121461354447775 2.5
      vertex 2.5266739004416503 -7.061580488872656 2.5
    endloop
  endfacet
  facet normal -0.3484186802494391 0.9373390119125732 0
    outer loop
      vertex 2.699212774012411 -6.997445991260541 -2.5
      vertex 2.5266739004416503 -7.061580488872656 2.5
      vertex 2.699212774012411 -6.997445991260541 2.5
    endloop
  endfacet
  facet normal -0.371317193951834 0.928506080473217 0
    outer loop
      vertex 2.699212774012411 -6.997445991260541 2.5
      vertex 2.8701257427381734 -6.929096493834651 2.5
      vertex 2.8701257427381734 -6.929096493834651 -2.5
    endloop
  endfacet
  facet normal -0.3939920400610501 0.9191138516900569 0
    outer loop
      vertex 3.039309855037424 -6.85657316777648 -2.5
      vertex 2.8701257427381734 -6.929096493834651 2.5
      vertex 3.039309855037424 -6.85657316777648 2.5
    endloop
  endfacet
  facet normal -0.4164295600976356 0.909167983090523 0
    outer loop
      vertex 3.2066632007271156 -6.779919698425825 -2.5
      vertex 3.039309855037424 -6.85657316777648 2.5
      vertex 3.2066632007271156 -6.779919698425825 2.5
    endloop
  endfacet
  facet normal -0.4386162385385273 0.898674465693954 0
    outer loop
      vertex 3.3720849724095494 -6.699182258966365 -2.5
      vertex 3.2066632007271156 -6.779919698425825 2.5
      vertex 3.3720849724095494 -6.699182258966365 2.5
    endloop
  endfacet
  facet normal -0.46053871095824067 0.8876396204028536 0
    outer loop
      vertex 3.535475526194982 -6.614409482612663 -2.5
      vertex 3.3720849724095494 -6.699182258966365 2.5
      vertex 3.535475526194982 -6.614409482612663 2.5
    endloop
  endfacet
  facet normal -0.4821837720791236 0.8760700941954062 0
    outer loop
      vertex 3.69673644172338 -6.525652433315336 -2.5
      vertex 3.535475526194982 -6.614409482612663 2.5
      vertex 3.69673644172338 -6.525652433315336 2.5
    endloop
  endfacet
  facet normal -0.5035383837257191 0.8639728561215858 0
    outer loop
      vertex 3.855770581449163 -6.43296457500204 -2.5
      vertex 3.69673644172338 -6.525652433315336 2.5
      vertex 3.855770581449163 -6.43296457500204 2.5
    endloop
  endfacet
  facet normal -0.5245896826784665 0.8513551931052666 0
    outer loop
      vertex 4.012482149153229 -6.336401739372803 -2.5
      vertex 3.855770581449163 -6.43296457500204 2.5
      vertex 4.012482149153229 -6.336401739372803 2.5
    endloop
  endfacet
  facet normal -0.545324988422046 0.8382247055548383 0
    outer loop
      vertex 4.166776747647017 -6.236022092269089 -2.5
      vertex 4.012482149153229 -6.336401739372803 2.5
      vertex 4.166776747647017 -6.236022092269089 2.5
    endloop
  endfacet
  facet normal -0.5657318107836126 0.8245893027850256 0
    outer loop
      vertex 4.166776747647017 -6.236022092269089 2.5
      vertex 4.31856143563384 -6.131886098636878 2.5
      vertex 4.31856143563384 -6.131886098636878 -2.5
    endloop
  endfacet
  facet normal -0.5857978574564382 0.8104571982525952 0
    outer loop
      vertex 4.4677447836932505 -6.024056486104837 -2.5
      vertex 4.31856143563384 -6.131886098636878 2.5
      vertex 4.4677447836932505 -6.024056486104837 2.5
    endloop
  endfacet
  facet normal -0.6055110414043279 0.7958369046088818 0
    outer loop
      vertex 4.614236929354701 -5.912598207199547 -2.5
      vertex 4.4677447836932505 -6.024056486104837 2.5
      vertex 4.614236929354701 -5.912598207199547 2.5
    endloop
  endfacet
  facet normal -0.6248594881423843 0.7807372285720962 0
    outer loop
      vertex 4.7579496312273415 -5.7975784002205275 -2.5
      vertex 4.614236929354701 -5.912598207199547 2.5
      vertex 4.7579496312273415 -5.7975784002205275 2.5
    endloop
  endfacet
  facet normal -0.6438315428897943 0.7651672656224566 0
    outer loop
      vertex 4.898796322153325 -5.679066348798634 -2.5
      vertex 4.7579496312273415 -5.7975784002205275 2.5
      vertex 4.898796322153325 -5.679066348798634 2.5
    endloop
  endfacet
  facet normal -0.6624157775901697 0.7491363945234611 0
    outer loop
      vertex 5.036692161352638 -5.557133440162193 -2.5
      vertex 4.898796322153325 -5.679066348798634 2.5
      vertex 5.036692161352638 -5.557133440162193 2.5
    endloop
  endfacet
  facet normal -0.6806009977954534 0.7326542716724126 0
    outer loop
      vertex 5.036692161352638 -5.557133440162193 2.5
      vertex 5.171554085528001 -5.431853122136003 2.5
      vertex 5.171554085528001 -5.431853122136003 -2.5
    endloop
  endfacet
  facet normal -0.6983762494089724 0.7157308252838191 0
    outer loop
      vertex 5.303300858899107 -5.303300858899107 -2.5
      vertex 5.171554085528001 -5.431853122136003 2.5
      vertex 5.303300858899107 -5.303300858899107 2.5
    endloop
  endfacet
  facet normal -0.7157308252838191 0.6983762494089724 0
    outer loop
      vertex 5.431853122136003 -5.171554085528001 -2.5
      vertex 5.303300858899107 -5.303300858899107 2.5
      vertex 5.431853122136003 -5.171554085528001 2.5
    endloop
  endfacet
  facet normal -0.7326542716724126 0.6806009977954534 0
    outer loop
      vertex 5.431853122136003 -5.171554085528001 2.5
      vertex 5.557133440162193 -5.036692161352638 2.5
      vertex 5.557133440162193 -5.036692161352638 -2.5
    endloop
  endfacet
  facet normal -0.7491363945234611 0.6624157775901697 0
    outer loop
      vertex 5.557133440162193 -5.036692161352638 2.5
      vertex 5.679066348798634 -4.898796322153325 2.5
      vertex 5.679066348798634 -4.898796322153325 -2.5
    endloop
  endfacet
  facet normal -0.7651672656224566 0.6438315428897943 0
    outer loop
      vertex 5.679066348798634 -4.898796322153325 2.5
      vertex 5.7975784002205275 -4.7579496312273415 2.5
      vertex 5.7975784002205275 -4.7579496312273415 -2.5
    endloop
  endfacet
  facet normal -0.7807372285720962 0.6248594881423843 0
    outer loop
      vertex 5.7975784002205275 -4.7579496312273415 2.5
      vertex 5.912598207199547 -4.614236929354701 2.5
      vertex 5.912598207199547 -4.614236929354701 -2.5
    endloop
  endfacet
  facet normal -0.7958369046088818 0.6055110414043279 0
    outer loop
      vertex 5.912598207199547 -4.614236929354701 2.5
      vertex 6.024056486104837 -4.4677447836932505 2.5
      vertex 6.024056486104837 -4.4677447836932505 -2.5
    endloop
  endfacet
  facet normal -0.8104571982525952 0.5857978574564382 0
    outer loop
      vertex 6.024056486104837 -4.4677447836932505 2.5
      vertex 6.131886098636878 -4.31856143563384 2.5
      vertex 6.131886098636878 -4.31856143563384 -2.5
    endloop
  endfacet
  facet normal -0.8245893027850256 0.5657318107836126 0
    outer loop
      vertex 6.131886098636878 -4.31856143563384 2.5
      vertex 6.236022092269089 -4.166776747647017 2.5
      vertex 6.236022092269089 -4.166776747647017 -2.5
    endloop
  endfacet
  facet normal 0.23105810828066917 -0.9729399522055607 0
    outer loop
      vertex -1.6432593011765235 7.317765975288964 2.5
      vertex -1.822351349274479 7.27523439895908 2.5
      vertex -1.822351349274479 7.27523439895908 -2.5
    endloop
  endfacet
  facet normal 0.20711137619221853 -0.9783173707196277 0
    outer loop
      vertex -1.4631774151209618 7.355889603024228 2.5
      vertex -1.6432593011765235 7.317765975288964 2.5
      vertex -1.6432593011765235 7.317765975288964 -2.5
    endloop
  endfacet
  facet normal 0.18303988795513898 -0.9831054874312166 0
    outer loop
      vertex -1.4631774151209618 7.355889603024228 -2.5
      vertex -1.2822141657022592 7.389582317917059 2.5
      vertex -1.4631774151209618 7.355889603024228 2.5
    endloop
  endfacet
  facet normal 0.158858143333868 -0.9873014181578573 0
    outer loop
      vertex -1.2822141657022592 7.389582317917059 -2.5
      vertex -1.100478558415213 7.418823824735858 2.5
      vertex -1.2822141657022592 7.389582317917059 2.5
    endloop
  endfacet
  facet normal 0.13458070850712217 -0.9909026354277806 0
    outer loop
      vertex -1.100478558415213 7.418823824735858 -2.5
      vertex -0.9180800639941215 7.443596509490325 2.5
      vertex -1.100478558415213 7.418823824735858 2.5
    endloop
  endfacet
  facet normal 0.11022220729388692 -0.9939069700023556 0
    outer loop
      vertex -0.9180800639941215 7.443596509490325 -2.5
      vertex -0.7351285524717045 7.463885450041477 2.5
      vertex -0.9180800639941215 7.443596509490325 2.5
    endloop
  endfacet
  facet normal 0.08579731234443425 -0.9963126121827784 0
    outer loop
      vertex -0.7351285524717045 7.463885450041477 -2.5
      vertex -0.5517342269975057 7.479678425090176 2.5
      vertex -0.7351285524717045 7.463885450041477 2.5
    endloop
  endfacet
  facet normal 0.06132073630221063 -0.9981181129001491 0
    outer loop
      vertex -0.3680075574556351 7.490965921538793 2.5
      vertex -0.5517342269975057 7.479678425090176 2.5
      vertex -0.5517342269975057 7.479678425090176 -2.5
    endloop
  endfacet
  facet normal 0.03680722294135924 -0.9993223845883495 0
    outer loop
      vertex -0.3680075574556351 7.490965921538793 -2.5
      vertex -0.18405921392184216 7.497741140221532 2.5
      vertex -0.3680075574556351 7.490965921538793 2.5
    endloop
  endfacet
  facet normal 0.012271538285719613 -0.9999247018391445 0
    outer loop
      vertex -0.18405921392184216 7.497741140221532 -2.5
      vertex 0 7.5 2.5
      vertex -0.18405921392184216 7.497741140221532 2.5
    endloop
  endfacet
  facet normal -0.012271538285719613 -0.9999247018391445 0
    outer loop
      vertex 0 7.5 -2.5
      vertex 0.18405921392184216 7.497741140221532 2.5
      vertex 0 7.5 2.5
    endloop
  endfacet
  facet normal -0.03680722294135924 -0.9993223845883495 0
    outer loop
      vertex 0.18405921392184216 7.497741140221532 -2.5
      vertex 0.3680075574556351 7.490965921538793 2.5
      vertex 0.18405921392184216 7.497741140221532 2.5
    endloop
  endfacet
  facet normal -0.06132073630221063 -0.9981181129001491 0
    outer loop
      vertex 0.5517342269975057 7.479678425090176 2.5
      vertex 0.3680075574556351 7.490965921538793 2.5
      vertex 0.3680075574556351 7.490965921538793 -2.5
    endloop
  endfacet
  facet normal -0.08579731234443425 -0.9963126121827784 0
    outer loop
      vertex 0.5517342269975057 7.479678425090176 -2.5
      vertex 0.7351285524717045 7.463885450041477 2.5
      vertex 0.5517342269975057 7.479678425090176 2.5
    endloop
  endfacet
  facet normal -0.11022220729388692 -0.9939069700023556 0
    outer loop
      vertex 0.7351285524717045 7.463885450041477 -2.5
      vertex 0.9180800639941215 7.443596509490325 2.5
      vertex 0.7351285524717045 7.463885450041477 2.5
    endloop
  endfacet
  facet normal -0.13458070850712217 -0.9909026354277806 0
    outer loop
      vertex 0.9180800639941215 7.443596509490325 -2.5
      vertex 1.100478558415213 7.418823824735858 2.5
      vertex 0.9180800639941215 7.443596509490325 2.5
    endloop
  endfacet
  facet normal -0.158858143333868 -0.9873014181578573 0
    outer loop
      vertex 1.2822141657022592 7.389582317917059 2.5
      vertex 1.100478558415213 7.418823824735858 2.5
      vertex 1.100478558415213 7.418823824735858 -2.5
    endloop
  endfacet
  facet normal -0.18303988795513898 -0.9831054874312166 0
    outer loop
      vertex 1.2822141657022592 7.389582317917059 -2.5
      vertex 1.4631774151209618 7.355889603024228 2.5
      vertex 1.2822141657022592 7.389582317917059 2.5
    endloop
  endfacet
  facet normal -0.20711137619221853 -0.9783173707196277 0
    outer loop
      vertex 1.4631774151209618 7.355889603024228 -2.5
      vertex 1.6432593011765235 7.317765975288964 2.5
      vertex 1.4631774151209618 7.355889603024228 2.5
    endloop
  endfacet
  facet normal -0.23105810828066917 -0.9729399522055607 0
    outer loop
      vertex 1.822351349274479 7.27523439895908 2.5
      vertex 1.6432593011765235 7.317765975288964 2.5
      vertex 1.6432593011765235 7.317765975288964 -2.5
    endloop
  endfacet
  facet normal -0.2548656596045156 -0.9669764710448518 0
    outer loop
      vertex 1.822351349274479 7.27523439895908 -2.5
      vertex 2.000345681061738 7.228320493465799 2.5
      vertex 1.822351349274479 7.27523439895908 2.5
    endloop
  endfacet
  facet normal -0.2785196893850564 -0.9604305194155649 0
    outer loop
      vertex 2.000345681061738 7.228320493465799 -2.5
      vertex 2.1771350794084676 7.177052517991566 2.5
      vertex 2.000345681061738 7.228320493465799 2.5
    endloop
  endfacet
  facet normal -0.7326542716724126 -0.6806009977954534 0
    outer loop
      vertex 5.557133440162193 5.036692161352638 2.5
      vertex 5.431853122136003 5.171554085528001 2.5
      vertex 5.431853122136003 5.171554085528001 -2.5
    endloop
  endfacet
  facet normal -0.7651672656224566 -0.6438315428897943 0
    outer loop
      vertex 5.7975784002205275 4.7579496312273415 2.5
      vertex 5.679066348798634 4.898796322153325 2.5
      vertex 5.679066348798634 4.898796322153325 -2.5
    endloop
  endfacet
  facet normal -0.7491363945234611 -0.6624157775901697 0
    outer loop
      vertex 5.679066348798634 4.898796322153325 2.5
      vertex 5.557133440162193 5.036692161352638 2.5
      vertex 5.557133440162193 5.036692161352638 -2.5
    endloop
  endfacet
  facet normal -0.8104571982525952 -0.5857978574564382 0
    outer loop
      vertex 6.024056486104837 4.4677447836932505 -2.5
      vertex 6.131886098636878 4.31856143563384 2.5
      vertex 6.024056486104837 4.4677447836932505 2.5
    endloop
  endfacet
  facet normal -0.8245893027850256 -0.5657318107836126 0
    outer loop
      vertex 6.131886098636878 4.31856143563384 -2.5
      vertex 6.236022092269089 4.166776747647017 2.5
      vertex 6.131886098636878 4.31856143563384 2.5
    endloop
  endfacet
  facet normal -0.7807372285720962 -0.6248594881423843 0
    outer loop
      vertex 5.7975784002205275 4.7579496312273415 -2.5
      vertex 5.912598207199547 4.614236929354701 2.5
      vertex 5.7975784002205275 4.7579496312273415 2.5
    endloop
  endfacet
  facet normal -0.7958369046088818 -0.6055110414043279 0
    outer loop
      vertex 5.912598207199547 4.614236929354701 -2.5
      vertex 6.024056486104837 4.4677447836932505 2.5
      vertex 5.912598207199547 4.614236929354701 2.5
    endloop
  endfacet
  facet normal -0.3484186802494391 -0.9373390119125732 0
    outer loop
      vertex 2.5266739004416503 7.061580488872656 -2.5
      vertex 2.699212774012411 6.997445991260541 2.5
      vertex 2.5266739004416503 7.061580488872656 2.5
    endloop
  endfacet
  facet normal -0.3020059493192233 -0.9533060403541953 0
    outer loop
      vertex 2.3526130529916864 7.121461354447775 2.5
      vertex 2.1771350794084676 7.177052517991566 2.5
      vertex 2.1771350794084676 7.177052517991566 -2.5
    endloop
  endfacet
  facet normal -0.32531029216226215 -0.9456073253805217 0
    outer loop
      vertex 2.3526130529916864 7.121461354447775 -2.5
      vertex 2.5266739004416503 7.061580488872656 2.5
      vertex 2.3526130529916864 7.121461354447775 2.5
    endloop
  endfacet
  facet normal -0.371317193951834 -0.928506080473217 0
    outer loop
      vertex 2.8701257427381734 6.929096493834651 2.5
      vertex 2.699212774012411 6.997445991260541 2.5
      vertex 2.699212774012411 6.997445991260541 -2.5
    endloop
  endfacet
  facet normal -0.3939920400610501 -0.9191138516900569 0
    outer loop
      vertex 2.8701257427381734 6.929096493834651 -2.5
      vertex 3.039309855037424 6.85657316777648 2.5
      vertex 2.8701257427381734 6.929096493834651 2.5
    endloop
  endfacet
  facet normal -0.4164295600976356 -0.909167983090523 0
    outer loop
      vertex 3.039309855037424 6.85657316777648 -2.5
      vertex 3.2066632007271156 6.779919698425825 2.5
      vertex 3.039309855037424 6.85657316777648 2.5
    endloop
  endfacet
  facet normal -0.5245896826784665 -0.8513551931052666 0
    outer loop
      vertex 4.012482149153229 6.336401739372803 2.5
      vertex 3.855770581449163 6.43296457500204 2.5
      vertex 3.855770581449163 6.43296457500204 -2.5
    endloop
  endfacet
  facet normal -0.545324988422046 -0.8382247055548383 0
    outer loop
      vertex 4.012482149153229 6.336401739372803 -2.5
      vertex 4.166776747647017 6.236022092269089 2.5
      vertex 4.012482149153229 6.336401739372803 2.5
    endloop
  endfacet
  facet normal -0.5657318107836126 -0.8245893027850256 0
    outer loop
      vertex 4.31856143563384 6.131886098636878 2.5
      vertex 4.166776747647017 6.236022092269089 2.5
      vertex 4.166776747647017 6.236022092269089 -2.5
    endloop
  endfacet
  facet normal -0.4386162385385273 -0.898674465693954 0
    outer loop
      vertex 3.2066632007271156 6.779919698425825 -2.5
      vertex 3.3720849724095494 6.699182258966365 2.5
      vertex 3.2066632007271156 6.779919698425825 2.5
    endloop
  endfacet
  facet normal -0.46053871095824067 -0.8876396204028536 0
    outer loop
      vertex 3.3720849724095494 6.699182258966365 -2.5
      vertex 3.535475526194982 6.614409482612663 2.5
      vertex 3.3720849724095494 6.699182258966365 2.5
    endloop
  endfacet
  facet normal -0.4821837720791236 -0.8760700941954062 0
    outer loop
      vertex 3.69673644172338 6.525652433315336 2.5
      vertex 3.535475526194982 6.614409482612663 2.5
      vertex 3.535475526194982 6.614409482612663 -2.5
    endloop
  endfacet
  facet normal -0.5035383837257191 -0.8639728561215858 0
    outer loop
      vertex 3.69673644172338 6.525652433315336 -2.5
      vertex 3.855770581449163 6.43296457500204 2.5
      vertex 3.69673644172338 6.525652433315336 2.5
    endloop
  endfacet
  facet normal -0.5857978574564382 -0.8104571982525952 0
    outer loop
      vertex 4.31856143563384 6.131886098636878 -2.5
      vertex 4.4677447836932505 6.024056486104837 2.5
      vertex 4.31856143563384 6.131886098636878 2.5
    endloop
  endfacet
  facet normal -0.6055110414043279 -0.7958369046088818 0
    outer loop
      vertex 4.614236929354701 5.912598207199547 2.5
      vertex 4.4677447836932505 6.024056486104837 2.5
      vertex 4.4677447836932505 6.024056486104837 -2.5
    endloop
  endfacet
  facet normal -0.6248594881423843 -0.7807372285720962 0
    outer loop
      vertex 4.614236929354701 5.912598207199547 -2.5
      vertex 4.7579496312273415 5.7975784002205275 2.5
      vertex 4.614236929354701 5.912598207199547 2.5
    endloop
  endfacet
  facet normal -0.6438315428897943 -0.7651672656224566 0
    outer loop
      vertex 4.7579496312273415 5.7975784002205275 -2.5
      vertex 4.898796322153325 5.679066348798634 2.5
      vertex 4.7579496312273415 5.7975784002205275 2.5
    endloop
  endfacet
  facet normal -0.6624157775901697 -0.7491363945234611 0
    outer loop
      vertex 5.036692161352638 5.557133440162193 2.5
      vertex 4.898796322153325 5.679066348798634 2.5
      vertex 4.898796322153325 5.679066348798634 -2.5
    endloop
  endfacet
  facet normal -0.6983762494089724 -0.7157308252838191 0
    outer loop
      vertex 5.171554085528001 5.431853122136003 -2.5
      vertex 5.303300858899107 5.303300858899107 2.5
      vertex 5.171554085528001 5.431853122136003 2.5
    endloop
  endfacet
  facet normal -0.6806009977954534 -0.7326542716724126 0
    outer loop
      vertex 5.036692161352638 5.557133440162193 -2.5
      vertex 5.171554085528001 5.431853122136003 2.5
      vertex 5.036692161352638 5.557133440162193 2.5
    endloop
  endfacet
  facet normal -0.7157308252838191 -0.6983762494089724 0
    outer loop
      vertex 5.431853122136003 5.171554085528001 2.5
      vertex 5.303300858899107 5.303300858899107 2.5
      vertex 5.303300858899107 5.303300858899107 -2.5
    endloop
  endfacet
  facet normal -0.8382247055548383 0.545324988422046 0
    outer loop
      vertex 6.236022092269089 -4.166776747647017 2.5
      vertex 6.336401739372803 -4.012482149153229 -2.5
      vertex 6.236022092269089 -4.166776747647017 -2.5
    endloop
  endfacet
  facet normal -0.8513551931052666 0.5245896826784665 0
    outer loop
      vertex 6.43296457500204 -3.855770581449163 -2.5
      vertex 6.336401739372803 -4.012482149153229 -2.5
      vertex 6.336401739372803 -4.012482149153229 2.5
    endloop
  endfacet
  facet normal -0.8639728561215858 0.5035383837257191 0
    outer loop
      vertex 6.43296457500204 -3.855770581449163 2.5
      vertex 6.525652433315336 -3.69673644172338 -2.5
      vertex 6.43296457500204 -3.855770581449163 -2.5
    endloop
  endfacet
  facet normal -0.8760700941954062 0.4821837720791236 0
    outer loop
      vertex 6.614409482612663 -3.535475526194982 -2.5
      vertex 6.525652433315336 -3.69673644172338 -2.5
      vertex 6.525652433315336 -3.69673644172338 2.5
    endloop
  endfacet
  facet normal -0.8876396204028536 0.46053871095824067 0
    outer loop
      vertex 6.614409482612663 -3.535475526194982 2.5
      vertex 6.699182258966365 -3.3720849724095494 -2.5
      vertex 6.614409482612663 -3.535475526194982 -2.5
    endloop
  endfacet
  facet normal -0.898674465693954 0.4386162385385273 0
    outer loop
      vertex 6.779919698425825 -3.2066632007271156 -2.5
      vertex 6.699182258966365 -3.3720849724095494 -2.5
      vertex 6.699182258966365 -3.3720849724095494 2.5
    endloop
  endfacet
  facet normal -0.909167983090523 0.4164295600976356 0
    outer loop
      vertex 6.779919698425825 -3.2066632007271156 2.5
      vertex 6.85657316777648 -3.039309855037424 -2.5
      vertex 6.779919698425825 -3.2066632007271156 -2.5
    endloop
  endfacet
  facet normal -0.9191138516900569 0.3939920400610501 0
    outer loop
      vertex 6.85657316777648 -3.039309855037424 2.5
      vertex 6.929096493834651 -2.8701257427381734 -2.5
      vertex 6.85657316777648 -3.039309855037424 -2.5
    endloop
  endfacet
  facet normal -0.928506080473217 0.371317193951834 0
    outer loop
      vertex 6.929096493834651 -2.8701257427381734 2.5
      vertex 6.997445991260541 -2.699212774012411 -2.5
      vertex 6.929096493834651 -2.8701257427381734 -2.5
    endloop
  endfacet
  facet normal -0.9373390119125732 0.3484186802494391 0
    outer loop
      vertex 6.997445991260541 -2.699212774012411 2.5
      vertex 7.061580488872656 -2.5266739004416503 -2.5
      vertex 6.997445991260541 -2.699212774012411 -2.5
    endloop
  endfacet
  facet normal -0.9456073253805217 0.32531029216226215 0
    outer loop
      vertex 7.121461354447775 -2.3526130529916864 -2.5
      vertex 7.061580488872656 -2.5266739004416503 -2.5
      vertex 7.061580488872656 -2.5266739004416503 2.5
    endloop
  endfacet
  facet normal -0.9533060403541953 0.3020059493192233 0
    outer loop
      vertex 7.121461354447775 -2.3526130529916864 2.5
      vertex 7.177052517991566 -2.1771350794084676 -2.5
      vertex 7.121461354447775 -2.3526130529916864 -2.5
    endloop
  endfacet
  facet normal -0.9604305194155649 0.2785196893850564 0
    outer loop
      vertex 7.177052517991566 -2.1771350794084676 2.5
      vertex 7.228320493465799 -2.000345681061738 -2.5
      vertex 7.177052517991566 -2.1771350794084676 -2.5
    endloop
  endfacet
  facet normal -0.9669764710448518 0.2548656596045156 0
    outer loop
      vertex 7.228320493465799 -2.000345681061738 2.5
      vertex 7.27523439895908 -1.822351349274479 -2.5
      vertex 7.228320493465799 -2.000345681061738 -2.5
    endloop
  endfacet
  facet normal -0.9729399522055607 0.23105810828066917 0
    outer loop
      vertex 7.27523439895908 -1.822351349274479 2.5
      vertex 7.317765975288964 -1.6432593011765235 -2.5
      vertex 7.27523439895908 -1.822351349274479 -2.5
    endloop
  endfacet
  facet normal -0.9783173707196277 0.20711137619221853 0
    outer loop
      vertex 7.317765975288964 -1.6432593011765235 2.5
      vertex 7.355889603024228 -1.4631774151209618 -2.5
      vertex 7.317765975288964 -1.6432593011765235 -2.5
    endloop
  endfacet
  facet normal -0.9831054874312166 0.18303988795513898 0
    outer loop
      vertex 7.355889603024228 -1.4631774151209618 2.5
      vertex 7.389582317917059 -1.2822141657022592 -2.5
      vertex 7.355889603024228 -1.4631774151209618 -2.5
    endloop
  endfacet
  facet normal -0.9873014181578573 0.158858143333868 0
    outer loop
      vertex 7.389582317917059 -1.2822141657022592 2.5
      vertex 7.418823824735858 -1.100478558415213 -2.5
      vertex 7.389582317917059 -1.2822141657022592 -2.5
    endloop
  endfacet
  facet normal -0.9909026354277806 0.13458070850712217 0
    outer loop
      vertex 7.418823824735858 -1.100478558415213 2.5
      vertex 7.443596509490325 -0.9180800639941215 -2.5
      vertex 7.418823824735858 -1.100478558415213 -2.5
    endloop
  endfacet
  facet normal -0.9939069700023556 0.11022220729388692 0
    outer loop
      vertex 7.443596509490325 -0.9180800639941215 2.5
      vertex 7.463885450041477 -0.7351285524717045 -2.5
      vertex 7.443596509490325 -0.9180800639941215 -2.5
    endloop
  endfacet
  facet normal -0.9963126121827784 0.08579731234443425 0
    outer loop
      vertex 7.463885450041477 -0.7351285524717045 2.5
      vertex 7.479678425090176 -0.5517342269975057 -2.5
      vertex 7.463885450041477 -0.7351285524717045 -2.5
    endloop
  endfacet
  facet normal -0.9981181129001491 0.06132073630221063 0
    outer loop
      vertex 7.479678425090176 -0.5517342269975057 2.5
      vertex 7.490965921538793 -0.3680075574556351 -2.5
      vertex 7.479678425090176 -0.5517342269975057 -2.5
    endloop
  endfacet
  facet normal -0.9993223845883495 0.03680722294135924 0
    outer loop
      vertex 7.490965921538793 -0.3680075574556351 2.5
      vertex 7.497741140221532 -0.18405921392184216 -2.5
      vertex 7.490965921538793 -0.3680075574556351 -2.5
    endloop
  endfacet
  facet normal -0.9999247018391445 0.012271538285719613 0
    outer loop
      vertex 7.497741140221532 -0.18405921392184216 2.5
      vertex 7.5 0 -2.5
      vertex 7.497741140221532 -0.18405921392184216 -2.5
    endloop
  endfacet
  facet normal -0.9999247018391445 -0.012271538285719613 0
    outer loop
      vertex 7.5 0 2.5
      vertex 7.497741140221532 0.18405921392184216 -2.5
      vertex 7.5 0 -2.5
    endloop
  endfacet
  facet normal -0.9669764710448518 -0.2548656596045156 0
    outer loop
      vertex 7.228320493465799 2.000345681061738 -2.5
      vertex 7.27523439895908 1.822351349274479 -2.5
      vertex 7.27523439895908 1.822351349274479 2.5
    endloop
  endfacet
  facet normal -0.9604305194155649 -0.2785196893850564 0
    outer loop
      vertex 7.228320493465799 2.000345681061738 2.5
      vertex 7.177052517991566 2.1771350794084676 -2.5
      vertex 7.228320493465799 2.000345681061738 -2.5
    endloop
  endfacet
  facet normal -0.9533060403541953 -0.3020059493192233 0
    outer loop
      vertex 7.121461354447775 2.3526130529916864 -2.5
      vertex 7.177052517991566 2.1771350794084676 -2.5
      vertex 7.177052517991566 2.1771350794084676 2.5
    endloop
  endfacet
  facet normal -0.9456073253805217 -0.32531029216226215 0
    outer loop
      vertex 7.121461354447775 2.3526130529916864 2.5
      vertex 7.061580488872656 2.5266739004416503 -2.5
      vertex 7.121461354447775 2.3526130529916864 -2.5
    endloop
  endfacet
  facet normal -0.9373390119125732 -0.3484186802494391 0
    outer loop
      vertex 6.997445991260541 2.699212774012411 -2.5
      vertex 7.061580488872656 2.5266739004416503 -2.5
      vertex 7.061580488872656 2.5266739004416503 2.5
    endloop
  endfacet
  facet normal -0.9993223845883495 -0.03680722294135924 0
    outer loop
      vertex 7.497741140221532 0.18405921392184216 2.5
      vertex 7.490965921538793 0.3680075574556351 -2.5
      vertex 7.497741140221532 0.18405921392184216 -2.5
    endloop
  endfacet
  facet normal -0.9981181129001491 -0.06132073630221063 0
    outer loop
      vertex 7.479678425090176 0.5517342269975057 -2.5
      vertex 7.490965921538793 0.3680075574556351 -2.5
      vertex 7.490965921538793 0.3680075574556351 2.5
    endloop
  endfacet
  facet normal -0.9963126121827784 -0.08579731234443425 0
    outer loop
      vertex 7.479678425090176 0.5517342269975057 2.5
      vertex 7.463885450041477 0.7351285524717045 -2.5
      vertex 7.479678425090176 0.5517342269975057 -2.5
    endloop
  endfacet
  facet normal -0.9939069700023556 -0.11022220729388692 0
    outer loop
      vertex 7.463885450041477 0.7351285524717045 2.5
      vertex 7.443596509490325 0.9180800639941215 -2.5
      vertex 7.463885450041477 0.7351285524717045 -2.5
    endloop
  endfacet
  facet normal -0.9909026354277806 -0.13458070850712217 0
    outer loop
      vertex 7.443596509490325 0.9180800639941215 2.5
      vertex 7.418823824735858 1.100478558415213 -2.5
      vertex 7.443596509490325 0.9180800639941215 -2.5
    endloop
  endfacet
  facet normal -0.9831054874312166 -0.18303988795513898 0
    outer loop
      vertex 7.355889603024228 1.4631774151209618 -2.5
      vertex 7.389582317917059 1.2822141657022592 -2.5
      vertex 7.389582317917059 1.2822141657022592 2.5
    endloop
  endfacet
  facet normal -0.9873014181578573 -0.158858143333868 0
    outer loop
      vertex 7.418823824735858 1.100478558415213 2.5
      vertex 7.389582317917059 1.2822141657022592 -2.5
      vertex 7.418823824735858 1.100478558415213 -2.5
    endloop
  endfacet
  facet normal -0.9783173707196277 -0.20711137619221853 0
    outer loop
      vertex 7.355889603024228 1.4631774151209618 2.5
      vertex 7.317765975288964 1.6432593011765235 -2.5
      vertex 7.355889603024228 1.4631774151209618 -2.5
    endloop
  endfacet
  facet normal -0.9729399522055607 -0.23105810828066917 0
    outer loop
      vertex 7.317765975288964 1.6432593011765235 2.5
      vertex 7.27523439895908 1.822351349274479 -2.5
      vertex 7.317765975288964 1.6432593011765235 -2.5
    endloop
  endfacet
  facet normal -0.898674465693954 -0.4386162385385273 0
    outer loop
      vertex 6.779919698425825 3.2066632007271156 2.5
      vertex 6.699182258966365 3.3720849724095494 -2.5
      vertex 6.779919698425825 3.2066632007271156 -2.5
    endloop
  endfacet
  facet normal -0.8639728561215858 -0.5035383837257191 0
    outer loop
      vertex 6.43296457500204 3.855770581449163 -2.5
      vertex 6.525652433315336 3.69673644172338 -2.5
      vertex 6.525652433315336 3.69673644172338 2.5
    endloop
  endfacet
  facet normal -0.8513551931052666 -0.5245896826784665 0
    outer loop
      vertex 6.43296457500204 3.855770581449163 2.5
      vertex 6.336401739372803 4.012482149153229 -2.5
      vertex 6.43296457500204 3.855770581449163 -2.5
    endloop
  endfacet
  facet normal -0.8760700941954062 -0.4821837720791236 0
    outer loop
      vertex 6.525652433315336 3.69673644172338 -2.5
      vertex 6.614409482612663 3.535475526194982 -2.5
      vertex 6.614409482612663 3.535475526194982 2.5
    endloop
  endfacet
  facet normal -0.8876396204028536 -0.46053871095824067 0
    outer loop
      vertex 6.699182258966365 3.3720849724095494 2.5
      vertex 6.614409482612663 3.535475526194982 -2.5
      vertex 6.699182258966365 3.3720849724095494 -2.5
    endloop
  endfacet
  facet normal -0.928506080473217 -0.371317193951834 0
    outer loop
      vertex 6.997445991260541 2.699212774012411 2.5
      vertex 6.929096493834651 2.8701257427381734 -2.5
      vertex 6.997445991260541 2.699212774012411 -2.5
    endloop
  endfacet
  facet normal -0.9191138516900569 -0.3939920400610501 0
    outer loop
      vertex 6.929096493834651 2.8701257427381734 2.5
      vertex 6.85657316777648 3.039309855037424 -2.5
      vertex 6.929096493834651 2.8701257427381734 -2.5
    endloop
  endfacet
  facet normal -0.909167983090523 -0.4164295600976356 0
    outer loop
      vertex 6.779919698425825 3.2066632007271156 -2.5
      vertex 6.85657316777648 3.039309855037424 -2.5
      vertex 6.85657316777648 3.039309855037424 2.5
    endloop
  endfacet
  facet normal -0.8382247055548383 -0.545324988422046 0
    outer loop
      vertex 6.336401739372803 4.012482149153229 2.5
      vertex 6.236022092269089 4.166776747647017 -2.5
      vertex 6.336401739372803 4.012482149153229 -2.5
    endloop
  endfacet
  facet normal -0.8382247055548383 0.545324988422046 0
    outer loop
      vertex 6.236022092269089 -4.166776747647017 2.5
      vertex 6.336401739372803 -4.012482149153229 2.5
      vertex 6.336401739372803 -4.012482149153229 -2.5
    endloop
  endfacet
  facet normal -0.8513551931052666 0.5245896826784665 0
    outer loop
      vertex 6.336401739372803 -4.012482149153229 2.5
      vertex 6.43296457500204 -3.855770581449163 2.5
      vertex 6.43296457500204 -3.855770581449163 -2.5
    endloop
  endfacet
  facet normal -0.8639728561215858 0.5035383837257191 0
    outer loop
      vertex 6.43296457500204 -3.855770581449163 2.5
      vertex 6.525652433315336 -3.69673644172338 2.5
      vertex 6.525652433315336 -3.69673644172338 -2.5
    endloop
  endfacet
  facet normal -0.8760700941954062 0.4821837720791236 0
    outer loop
      vertex 6.525652433315336 -3.69673644172338 2.5
      vertex 6.614409482612663 -3.535475526194982 2.5
      vertex 6.614409482612663 -3.535475526194982 -2.5
    endloop
  endfacet
  facet normal -0.8876396204028536 0.46053871095824067 0
    outer loop
      vertex 6.614409482612663 -3.535475526194982 2.5
      vertex 6.699182258966365 -3.3720849724095494 2.5
      vertex 6.699182258966365 -3.3720849724095494 -2.5
    endloop
  endfacet
  facet normal -0.898674465693954 0.4386162385385273 0
    outer loop
      vertex 6.699182258966365 -3.3720849724095494 2.5
      vertex 6.779919698425825 -3.2066632007271156 2.5
      vertex 6.779919698425825 -3.2066632007271156 -2.5
    endloop
  endfacet
  facet normal -0.909167983090523 0.4164295600976356 0
    outer loop
      vertex 6.779919698425825 -3.2066632007271156 2.5
      vertex 6.85657316777648 -3.039309855037424 2.5
      vertex 6.85657316777648 -3.039309855037424 -2.5
    endloop
  endfacet
  facet normal -0.9191138516900569 0.3939920400610501 0
    outer loop
      vertex 6.85657316777648 -3.039309855037424 2.5
      vertex 6.929096493834651 -2.8701257427381734 2.5
      vertex 6.929096493834651 -2.8701257427381734 -2.5
    endloop
  endfacet
  facet normal -0.928506080473217 0.371317193951834 0
    outer loop
      vertex 6.929096493834651 -2.8701257427381734 2.5
      vertex 6.997445991260541 -2.699212774012411 2.5
      vertex 6.997445991260541 -2.699212774012411 -2.5
    endloop
  endfacet
  facet normal -0.9373390119125732 0.3484186802494391 0
    outer loop
      vertex 6.997445991260541 -2.699212774012411 2.5
      vertex 7.061580488872656 -2.5266739004416503 2.5
      vertex 7.061580488872656 -2.5266739004416503 -2.5
    endloop
  endfacet
  facet normal -0.9456073253805217 0.32531029216226215 0
    outer loop
      vertex 7.061580488872656 -2.5266739004416503 2.5
      vertex 7.121461354447775 -2.3526130529916864 2.5
      vertex 7.121461354447775 -2.3526130529916864 -2.5
    endloop
  endfacet
  facet normal -0.9533060403541953 0.3020059493192233 0
    outer loop
      vertex 7.121461354447775 -2.3526130529916864 2.5
      vertex 7.177052517991566 -2.1771350794084676 2.5
      vertex 7.177052517991566 -2.1771350794084676 -2.5
    endloop
  endfacet
  facet normal -0.9604305194155649 0.2785196893850564 0
    outer loop
      vertex 7.177052517991566 -2.1771350794084676 2.5
      vertex 7.228320493465799 -2.000345681061738 2.5
      vertex 7.228320493465799 -2.000345681061738 -2.5
    endloop
  endfacet
  facet normal -0.9669764710448518 0.2548656596045156 0
    outer loop
      vertex 7.228320493465799 -2.000345681061738 2.5
      vertex 7.27523439895908 -1.822351349274479 2.5
      vertex 7.27523439895908 -1.822351349274479 -2.5
    endloop
  endfacet
  facet normal -0.9729399522055607 0.23105810828066917 0
    outer loop
      vertex 7.27523439895908 -1.822351349274479 2.5
      vertex 7.317765975288964 -1.6432593011765235 2.5
      vertex 7.317765975288964 -1.6432593011765235 -2.5
    endloop
  endfacet
  facet normal -0.9783173707196277 0.20711137619221853 0
    outer loop
      vertex 7.317765975288964 -1.6432593011765235 2.5
      vertex 7.355889603024228 -1.4631774151209618 2.5
      vertex 7.355889603024228 -1.4631774151209618 -2.5
    endloop
  endfacet
  facet normal -0.9831054874312166 0.18303988795513898 0
    outer loop
      vertex 7.355889603024228 -1.4631774151209618 2.5
      vertex 7.389582317917059 -1.2822141657022592 2.5
      vertex 7.389582317917059 -1.2822141657022592 -2.5
    endloop
  endfacet
  facet normal -0.9873014181578573 0.158858143333868 0
    outer loop
      vertex 7.389582317917059 -1.2822141657022592 2.5
      vertex 7.418823824735858 -1.100478558415213 2.5
      vertex 7.418823824735858 -1.100478558415213 -2.5
    endloop
  endfacet
  facet normal -0.9909026354277806 0.13458070850712217 0
    outer loop
      vertex 7.418823824735858 -1.100478558415213 2.5
      vertex 7.443596509490325 -0.9180800639941215 2.5
      vertex 7.443596509490325 -0.9180800639941215 -2.5
    endloop
  endfacet
  facet normal -0.9939069700023556 0.11022220729388692 0
    outer loop
      vertex 7.443596509490325 -0.9180800639941215 2.5
      vertex 7.463885450041477 -0.7351285524717045 2.5
      vertex 7.463885450041477 -0.7351285524717045 -2.5
    endloop
  endfacet
  facet normal -0.9963126121827784 0.08579731234443425 0
    outer loop
      vertex 7.463885450041477 -0.7351285524717045 2.5
      vertex 7.479678425090176 -0.5517342269975057 2.5
      vertex 7.479678425090176 -0.5517342269975057 -2.5
    endloop
  endfacet
  facet normal -0.9981181129001491 0.06132073630221063 0
    outer loop
      vertex 7.479678425090176 -0.5517342269975057 2.5
      vertex 7.490965921538793 -0.3680075574556351 2.5
      vertex 7.490965921538793 -0.3680075574556351 -2.5
    endloop
  endfacet
  facet normal -0.9993223845883495 0.03680722294135924 0
    outer loop
      vertex 7.490965921538793 -0.3680075574556351 2.5
      vertex 7.497741140221532 -0.18405921392184216 2.5
      vertex 7.497741140221532 -0.18405921392184216 -2.5
    endloop
  endfacet
  facet normal -0.9999247018391445 0.012271538285719613 0
    outer loop
      vertex 7.497741140221532 -0.18405921392184216 2.5
      vertex 7.5 0 2.5
      vertex 7.5 0 -2.5
    endloop
  endfacet
  facet normal -0.9999247018391445 -0.012271538285719613 0
    outer loop
      vertex 7.5 0 2.5
      vertex 7.497741140221532 0.18405921392184216 2.5
      vertex 7.497741140221532 0.18405921392184216 -2.5
    endloop
  endfacet
  facet normal -0.9669764710448518 -0.2548656596045156 0
    outer loop
      vertex 7.27523439895908 1.822351349274479 2.5
      vertex 7.228320493465799 2.000345681061738 2.5
      vertex 7.228320493465799 2.000345681061738 -2.5
    endloop
  endfacet
  facet normal -0.9373390119125732 -0.3484186802494391 0
    outer loop
      vertex 7.061580488872656 2.5266739004416503 2.5
      vertex 6.997445991260541 2.699212774012411 2.5
      vertex 6.997445991260541 2.699212774012411 -2.5
    endloop
  endfacet
  facet normal -0.9533060403541953 -0.3020059493192233 0
    outer loop
      vertex 7.177052517991566 2.1771350794084676 2.5
      vertex 7.121461354447775 2.3526130529916864 2.5
      vertex 7.121461354447775 2.3526130529916864 -2.5
    endloop
  endfacet
  facet normal -0.9604305194155649 -0.2785196893850564 0
    outer loop
      vertex 7.228320493465799 2.000345681061738 2.5
      vertex 7.177052517991566 2.1771350794084676 2.5
      vertex 7.177052517991566 2.1771350794084676 -2.5
    endloop
  endfacet
  facet normal -0.9456073253805217 -0.32531029216226215 0
    outer loop
      vertex 7.121461354447775 2.3526130529916864 2.5
      vertex 7.061580488872656 2.5266739004416503 2.5
      vertex 7.061580488872656 2.5266739004416503 -2.5
    endloop
  endfacet
  facet normal -0.9993223845883495 -0.03680722294135924 0
    outer loop
      vertex 7.497741140221532 0.18405921392184216 2.5
      vertex 7.490965921538793 0.3680075574556351 2.5
      vertex 7.490965921538793 0.3680075574556351 -2.5
    endloop
  endfacet
  facet normal -0.9981181129001491 -0.06132073630221063 0
    outer loop
      vertex 7.490965921538793 0.3680075574556351 2.5
      vertex 7.479678425090176 0.5517342269975057 2.5
      vertex 7.479678425090176 0.5517342269975057 -2.5
    endloop
  endfacet
  facet normal -0.9963126121827784 -0.08579731234443425 0
    outer loop
      vertex 7.479678425090176 0.5517342269975057 2.5
      vertex 7.463885450041477 0.7351285524717045 2.5
      vertex 7.463885450041477 0.7351285524717045 -2.5
    endloop
  endfacet
  facet normal -0.9939069700023556 -0.11022220729388692 0
    outer loop
      vertex 7.463885450041477 0.7351285524717045 2.5
      vertex 7.443596509490325 0.9180800639941215 2.5
      vertex 7.443596509490325 0.9180800639941215 -2.5
    endloop
  endfacet
  facet normal -0.9909026354277806 -0.13458070850712217 0
    outer loop
      vertex 7.443596509490325 0.9180800639941215 2.5
      vertex 7.418823824735858 1.100478558415213 2.5
      vertex 7.418823824735858 1.100478558415213 -2.5
    endloop
  endfacet
  facet normal -0.9873014181578573 -0.158858143333868 0
    outer loop
      vertex 7.418823824735858 1.100478558415213 2.5
      vertex 7.389582317917059 1.2822141657022592 2.5
      vertex 7.389582317917059 1.2822141657022592 -2.5
    endloop
  endfacet
  facet normal -0.9831054874312166 -0.18303988795513898 0
    outer loop
      vertex 7.389582317917059 1.2822141657022592 2.5
      vertex 7.355889603024228 1.4631774151209618 2.5
      vertex 7.355889603024228 1.4631774151209618 -2.5
    endloop
  endfacet
  facet normal -0.9783173707196277 -0.20711137619221853 0
    outer loop
      vertex 7.355889603024228 1.4631774151209618 2.5
      vertex 7.317765975288964 1.6432593011765235 2.5
      vertex 7.317765975288964 1.6432593011765235 -2.5
    endloop
  endfacet
  facet normal -0.9729399522055607 -0.23105810828066917 0
    outer loop
      vertex 7.317765975288964 1.6432593011765235 2.5
      vertex 7.27523439895908 1.822351349274479 2.5
      vertex 7.27523439895908 1.822351349274479 -2.5
    endloop
  endfacet
  facet normal -0.8639728561215858 -0.5035383837257191 0
    outer loop
      vertex 6.525652433315336 3.69673644172338 2.5
      vertex 6.43296457500204 3.855770581449163 2.5
      vertex 6.43296457500204 3.855770581449163 -2.5
    endloop
  endfacet
  facet normal -0.8876396204028536 -0.46053871095824067 0
    outer loop
      vertex 6.699182258966365 3.3720849724095494 2.5
      vertex 6.614409482612663 3.535475526194982 2.5
      vertex 6.614409482612663 3.535475526194982 -2.5
    endloop
  endfacet
  facet normal -0.898674465693954 -0.4386162385385273 0
    outer loop
      vertex 6.779919698425825 3.2066632007271156 2.5
      vertex 6.699182258966365 3.3720849724095494 2.5
      vertex 6.699182258966365 3.3720849724095494 -2.5
    endloop
  endfacet
  facet normal -0.8760700941954062 -0.4821837720791236 0
    outer loop
      vertex 6.614409482612663 3.535475526194982 2.5
      vertex 6.525652433315336 3.69673644172338 2.5
      vertex 6.525652433315336 3.69673644172338 -2.5
    endloop
  endfacet
  facet normal -0.928506080473217 -0.371317193951834 0
    outer loop
      vertex 6.997445991260541 2.699212774012411 2.5
      vertex 6.929096493834651 2.8701257427381734 2.5
      vertex 6.929096493834651 2.8701257427381734 -2.5
    endloop
  endfacet
  facet normal -0.9191138516900569 -0.3939920400610501 0
    outer loop
      vertex 6.929096493834651 2.8701257427381734 2.5
      vertex 6.85657316777648 3.039309855037424 2.5
      vertex 6.85657316777648 3.039309855037424 -2.5
    endloop
  endfacet
  facet normal -0.909167983090523 -0.4164295600976356 0
    outer loop
      vertex 6.85657316777648 3.039309855037424 2.5
      vertex 6.779919698425825 3.2066632007271156 2.5
      vertex 6.779919698425825 3.2066632007271156 -2.5
    endloop
  endfacet
  facet normal -0.8513551931052666 -0.5245896826784665 0
    outer loop
      vertex 6.43296457500204 3.855770581449163 2.5
      vertex 6.336401739372803 4.012482149153229 2.5
      vertex 6.336401739372803 4.012482149153229 -2.5
    endloop
  endfacet
  facet normal -0.8382247055548383 -0.545324988422046 0
    outer loop
      vertex 6.336401739372803 4.012482149153229 2.5
      vertex 6.236022092269089 4.166776747647017 2.5
      vertex 6.236022092269089 4.166776747647017 -2.5
    endloop
  endfacet
  facet normal 0.5000000000000001 0.8660254037844386 0
    outer loop
      vertex -7.103704770677539 -2.4042276378708296 -2.5
      vertex -9.971812706870665 -0.748324748844826 -2.5
      vertex -9.971812706870665 -0.748324748844826 2.5
    endloop
  endfacet
  facet normal -0.5000000000000001 -0.8660254037844385 0
    outer loop
      vertex -8.984014672519804 4.454872482013979 -2.5
      vertex -6.788731399572131 3.187425093430157 -2.5
      vertex -8.984014672519804 4.454872482013979 2.5
    endloop
  endfacet
  facet normal 0.5000000000000001 0.8660254037844386 0
    outer loop
      vertex -9.971812706870665 -0.748324748844826 2.5
      vertex -7.103704770677539 -2.4042276378708296 2.5
      vertex -7.103704770677539 -2.4042276378708296 -2.5
    endloop
  endfacet
  facet normal -0.5000000000000001 -0.8660254037844385 0
    outer loop
      vertex -8.984014672519804 4.454872482013979 2.5
      vertex -6.788731399572131 3.187425093430157 -2.5
      vertex -6.788731399572131 3.187425093430157 2.5
    endloop
  endfacet
endsolid OpenSCAD_Model
