solid OpenSCAD_Model
  facet normal 0 0 1
    outer loop
      vertex -2 9.5 2
      vertex 0 9.5 2
      vertex -2 12.5 2
    endloop
  endfacet
  facet normal 0 0 1
    outer loop
      vertex -2 12.5 2
      vertex 0 9.5 2
      vertex 0 12.5 2
    endloop
  endfacet
  facet normal 0 1 0
    outer loop
      vertex -2 9.5 2
      vertex 0 9.5 41
      vertex 0 9.5 2
    endloop
  endfacet
  facet normal 0 -1 0
    outer loop
      vertex -2 12.5 2
      vertex 0 12.5 2
      vertex -2 12.5 41
    endloop
  endfacet
  facet normal 0 1 0
    outer loop
      vertex -2 9.5 2
      vertex -2 9.5 41
      vertex 0 9.5 41
    endloop
  endfacet
  facet normal 0 -1 0
    outer loop
      vertex 0 12.5 2
      vertex 0 12.5 41
      vertex -2 12.5 41
    endloop
  endfacet
  facet normal 0 0 1
    outer loop
      vertex -2 15.5 2
      vertex 0 15.5 2
      vertex -2 18.5 2
    endloop
  endfacet
  facet normal 0 0 1
    outer loop
      vertex -2 18.5 2
      vertex 0 15.5 2
      vertex 0 18.5 2
    endloop
  endfacet
  facet normal 0 1 0
    outer loop
      vertex -2 15.5 2
      vertex 0 15.5 41
      vertex 0 15.5 2
    endloop
  endfacet
  facet normal 0 -1 0
    outer loop
      vertex -2 18.5 2
      vertex 0 18.5 2
      vertex -2 18.5 41
    endloop
  endfacet
  facet normal 0 1 0
    outer loop
      vertex -2 15.5 2
      vertex -2 15.5 41
      vertex 0 15.5 41
    endloop
  endfacet
  facet normal 0 -1 0
    outer loop
      vertex 0 18.5 2
      vertex 0 18.5 41
      vertex -2 18.5 41
    endloop
  endfacet
  facet normal 0 0 1
    outer loop
      vertex -2 21.5 2
      vertex 0 21.5 2
      vertex -2 24.5 2
    endloop
  endfacet
  facet normal 0 0 1
    outer loop
      vertex -2 24.5 2
      vertex 0 21.5 2
      vertex 0 24.5 2
    endloop
  endfacet
  facet normal 0 1 0
    outer loop
      vertex -2 21.5 2
      vertex 0 21.5 41
      vertex 0 21.5 2
    endloop
  endfacet
  facet normal 0 -1 0
    outer loop
      vertex -2 24.5 2
      vertex 0 24.5 2
      vertex -2 24.5 41
    endloop
  endfacet
  facet normal 0 1 0
    outer loop
      vertex -2 21.5 2
      vertex -2 21.5 41
      vertex 0 21.5 41
    endloop
  endfacet
  facet normal 0 -1 0
    outer loop
      vertex 0 24.5 2
      vertex 0 24.5 41
      vertex -2 24.5 41
    endloop
  endfacet
  facet normal 0 0 1
    outer loop
      vertex -2 27.5 2
      vertex 0 27.5 2
      vertex -2 30.5 2
    endloop
  endfacet
  facet normal 0 0 1
    outer loop
      vertex -2 30.5 2
      vertex 0 27.5 2
      vertex 0 30.5 2
    endloop
  endfacet
  facet normal 0 1 0
    outer loop
      vertex -2 27.5 2
      vertex 0 27.5 41
      vertex 0 27.5 2
    endloop
  endfacet
  facet normal 0 -1 0
    outer loop
      vertex -2 30.5 2
      vertex 0 30.5 2
      vertex -2 30.5 41
    endloop
  endfacet
  facet normal 0 1 0
    outer loop
      vertex -2 27.5 2
      vertex -2 27.5 41
      vertex 0 27.5 41
    endloop
  endfacet
  facet normal 0 -1 0
    outer loop
      vertex 0 30.5 2
      vertex 0 30.5 41
      vertex -2 30.5 41
    endloop
  endfacet
  facet normal 0 0 1
    outer loop
      vertex -2 33.5 2
      vertex 0 33.5 2
      vertex -2 36.5 2
    endloop
  endfacet
  facet normal 0 0 1
    outer loop
      vertex -2 36.5 2
      vertex 0 33.5 2
      vertex 0 36.5 2
    endloop
  endfacet
  facet normal 0 1 0
    outer loop
      vertex -2 33.5 2
      vertex 0 33.5 41
      vertex 0 33.5 2
    endloop
  endfacet
  facet normal 0 -1 0
    outer loop
      vertex -2 36.5 2
      vertex 0 36.5 2
      vertex -2 36.5 41
    endloop
  endfacet
  facet normal 0 1 0
    outer loop
      vertex -2 33.5 2
      vertex -2 33.5 41
      vertex 0 33.5 41
    endloop
  endfacet
  facet normal 0 -1 0
    outer loop
      vertex 0 36.5 2
      vertex 0 36.5 41
      vertex -2 36.5 41
    endloop
  endfacet
  facet normal 0 0 1
    outer loop
      vertex -2 39.5 2
      vertex 0 39.5 2
      vertex -2 42.5 2
    endloop
  endfacet
  facet normal 0 1 0
    outer loop
      vertex -2 39.5 2
      vertex 0 39.5 41
      vertex 0 39.5 2
    endloop
  endfacet
  facet normal 0 1 0
    outer loop
      vertex -2 39.5 2
      vertex -2 39.5 41
      vertex 0 39.5 41
    endloop
  endfacet
  facet normal 0 0 1
    outer loop
      vertex 0 39.5 2
      vertex 0 42.5 2
      vertex -2 42.5 2
    endloop
  endfacet
  facet normal 0 -1 0
    outer loop
      vertex -2 42.5 2
      vertex 0 42.5 2
      vertex -2 42.5 41
    endloop
  endfacet
  facet normal 0 -1 0
    outer loop
      vertex 0 42.5 2
      vertex 0 42.5 41
      vertex -2 42.5 41
    endloop
  endfacet
  facet normal 0 0 1
    outer loop
      vertex -2 45.5 2
      vertex 0 45.5 2
      vertex -2 48.5 2
    endloop
  endfacet
  facet normal 0 0 1
    outer loop
      vertex -2 48.5 2
      vertex 0 45.5 2
      vertex 0 48.5 2
    endloop
  endfacet
  facet normal 0 1 0
    outer loop
      vertex -2 45.5 2
      vertex 0 45.5 41
      vertex 0 45.5 2
    endloop
  endfacet
  facet normal 0 -1 0
    outer loop
      vertex -2 48.5 2
      vertex 0 48.5 2
      vertex -2 48.5 41
    endloop
  endfacet
  facet normal 0 1 0
    outer loop
      vertex -2 45.5 2
      vertex -2 45.5 41
      vertex 0 45.5 41
    endloop
  endfacet
  facet normal 0 -1 0
    outer loop
      vertex 0 48.5 2
      vertex 0 48.5 41
      vertex -2 48.5 41
    endloop
  endfacet
  facet normal 0 0 1
    outer loop
      vertex -2 51.5 2
      vertex 0 51.5 2
      vertex -2 54.5 2
    endloop
  endfacet
  facet normal 0 0 1
    outer loop
      vertex -2 54.5 2
      vertex 0 51.5 2
      vertex 0 54.5 2
    endloop
  endfacet
  facet normal 0 1 0
    outer loop
      vertex -2 51.5 2
      vertex 0 51.5 41
      vertex 0 51.5 2
    endloop
  endfacet
  facet normal 0 -1 0
    outer loop
      vertex -2 54.5 2
      vertex 0 54.5 2
      vertex -2 54.5 41
    endloop
  endfacet
  facet normal 0 1 0
    outer loop
      vertex -2 51.5 2
      vertex -2 51.5 41
      vertex 0 51.5 41
    endloop
  endfacet
  facet normal 0 -1 0
    outer loop
      vertex 0 54.5 2
      vertex 0 54.5 41
      vertex -2 54.5 41
    endloop
  endfacet
  facet normal 0 0 1
    outer loop
      vertex -2 57.5 2
      vertex 0 57.5 2
      vertex -2 60.5 2
    endloop
  endfacet
  facet normal 0 0 1
    outer loop
      vertex -2 60.5 2
      vertex 0 57.5 2
      vertex 0 60.5 2
    endloop
  endfacet
  facet normal 0 1 0
    outer loop
      vertex -2 57.5 2
      vertex 0 57.5 41
      vertex 0 57.5 2
    endloop
  endfacet
  facet normal 0 -1 0
    outer loop
      vertex -2 60.5 2
      vertex 0 60.5 2
      vertex -2 60.5 41
    endloop
  endfacet
  facet normal 0 1 0
    outer loop
      vertex -2 57.5 2
      vertex -2 57.5 41
      vertex 0 57.5 41
    endloop
  endfacet
  facet normal 0 -1 0
    outer loop
      vertex 0 60.5 2
      vertex 0 60.5 41
      vertex -2 60.5 41
    endloop
  endfacet
  facet normal 0 0 1
    outer loop
      vertex -2 63.5 2
      vertex 0 63.5 2
      vertex -2 66.5 2
    endloop
  endfacet
  facet normal 0 0 1
    outer loop
      vertex -2 66.5 2
      vertex 0 63.5 2
      vertex 0 66.5 2
    endloop
  endfacet
  facet normal 0 1 0
    outer loop
      vertex -2 63.5 2
      vertex 0 63.5 41
      vertex 0 63.5 2
    endloop
  endfacet
  facet normal 0 -1 0
    outer loop
      vertex -2 66.5 2
      vertex 0 66.5 2
      vertex -2 66.5 41
    endloop
  endfacet
  facet normal 0 1 0
    outer loop
      vertex -2 63.5 2
      vertex -2 63.5 41
      vertex 0 63.5 41
    endloop
  endfacet
  facet normal 0 -1 0
    outer loop
      vertex 0 66.5 2
      vertex 0 66.5 41
      vertex -2 66.5 41
    endloop
  endfacet
  facet normal 0 0 1
    outer loop
      vertex -2 69.5 2
      vertex 0 69.5 2
      vertex -2 72.5 2
    endloop
  endfacet
  facet normal 0 0 1
    outer loop
      vertex -2 72.5 2
      vertex 0 69.5 2
      vertex 0 72.5 2
    endloop
  endfacet
  facet normal 0 1 0
    outer loop
      vertex -2 69.5 2
      vertex 0 69.5 41
      vertex 0 69.5 2
    endloop
  endfacet
  facet normal 0 -1 0
    outer loop
      vertex -2 72.5 2
      vertex 0 72.5 2
      vertex -2 72.5 41
    endloop
  endfacet
  facet normal 0 1 0
    outer loop
      vertex -2 69.5 2
      vertex -2 69.5 41
      vertex 0 69.5 41
    endloop
  endfacet
  facet normal 0 -1 0
    outer loop
      vertex 0 72.5 2
      vertex 0 72.5 41
      vertex -2 72.5 41
    endloop
  endfacet
  facet normal -1 0 0
    outer loop
      vertex -164 2.1291459649801254 0.1291789934039116
      vertex -164 2.5055911615490913 3.3332893028855324
      vertex -164 2.4147290363907814 0.057644158601760864
    endloop
  endfacet
  facet normal -1 0 0
    outer loop
      vertex -164 1.8519496992230415 0.22836140543222427
      vertex -164 2.1291789934039116 4.129145964980125
      vertex -164 2.1291459649801254 0.1291789934039116
    endloop
  endfacet
  facet normal -1 0 0
    outer loop
      vertex -164 2.1291459649801254 0.1291789934039116
      vertex -164 2.2283614054322243 3.8519496992230415
      vertex -164 2.3542362079024315 3.585809789597988
    endloop
  endfacet
  facet normal -1 0 0
    outer loop
      vertex -164 2.1291459649801254 0.1291789934039116
      vertex -164 2.3542362079024315 3.585809789597988
      vertex -164 2.5055911615490913 3.3332893028855324
    endloop
  endfacet
  facet normal -1 0 0
    outer loop
      vertex -164 2.4147290363907814 0.057644158601760864
      vertex -164 2.5055911615490913 3.3332893028855324
      vertex -164 2.6809686422348022 3.096820145845413
    endloop
  endfacet
  facet normal -1 0 0
    outer loop
      vertex -164 2.1291459649801254 0.1291789934039116
      vertex -164 2.1291789934039116 4.129145964980125
      vertex -164 2.2283614054322243 3.8519496992230415
    endloop
  endfacet
  facet normal -1 0 0
    outer loop
      vertex -164 1.8519496992230415 0.22836140543222427
      vertex -164 2.057644158601761 4.414729036390781
      vertex -164 2.1291789934039116 4.129145964980125
    endloop
  endfacet
  facet normal -1 0 0
    outer loop
      vertex -164 1.8519496992230415 0.22836140543222427
      vertex -164 2.0144458189606667 4.705948576331139
      vertex -164 2.057644158601761 4.414729036390781
    endloop
  endfacet
  facet normal -1 0 0
    outer loop
      vertex -164 1.8519496992230415 0.22836140543222427
      vertex -164 2 5
      vertex -164 2.0144458189606667 4.705948576331139
    endloop
  endfacet
  facet normal -1 0 0
    outer loop
      vertex -164 2.4147290363907814 0.057644158601760864
      vertex -164 2.8786796554923058 2.8786796554923058
      vertex -164 2.7059485763311386 0.014445818960666656
    endloop
  endfacet
  facet normal -1 0 0
    outer loop
      vertex -164 2.7059485763311386 0.014445818960666656
      vertex -164 3.096820145845413 2.6809686422348022
      vertex -164 3 0
    endloop
  endfacet
  facet normal -1 0 0
    outer loop
      vertex -164 3 0
      vertex -164 3.3332893028855324 2.5055911615490913
      vertex -164 3.585809789597988 2.3542362079024315
    endloop
  endfacet
  facet normal -1 0 0
    outer loop
      vertex -164 3 0
      vertex -164 3.585809789597988 2.3542362079024315
      vertex -164 3.8519496992230415 2.2283614054322243
    endloop
  endfacet
  facet normal -1 0 0
    outer loop
      vertex -164 3 0
      vertex -164 3.8519496992230415 2.2283614054322243
      vertex -164 4.129145964980125 2.1291789934039116
    endloop
  endfacet
  facet normal -1 0 0
    outer loop
      vertex -164 3 0
      vertex -164 4.129145964980125 2.1291789934039116
      vertex -164 4.414729036390781 2.057644158601761
    endloop
  endfacet
  facet normal -1 0 0
    outer loop
      vertex -164 3 0
      vertex -164 4.414729036390781 2.057644158601761
      vertex -164 4.705948576331139 2.0144458189606667
    endloop
  endfacet
  facet normal -1 0 0
    outer loop
      vertex -164 3 0
      vertex -164 4.705948576331139 2.0144458189606667
      vertex -164 5 2
    endloop
  endfacet
  facet normal -1 0 0
    outer loop
      vertex -164 2.4147290363907814 0.057644158601760864
      vertex -164 2.6809686422348022 3.096820145845413
      vertex -164 2.8786796554923058 2.8786796554923058
    endloop
  endfacet
  facet normal -1 0 0
    outer loop
      vertex -164 2.7059485763311386 0.014445818960666656
      vertex -164 2.8786796554923058 2.8786796554923058
      vertex -164 3.096820145845413 2.6809686422348022
    endloop
  endfacet
  facet normal -1 0 0
    outer loop
      vertex -164 3 0
      vertex -164 3.096820145845413 2.6809686422348022
      vertex -164 3.3332893028855324 2.5055911615490913
    endloop
  endfacet
  facet normal -1 0 0
    outer loop
      vertex -164 1.8519496992230415 0.22836140543222427
      vertex -164 2 8
      vertex -164 2 5
    endloop
  endfacet
  facet normal -1 0 0
    outer loop
      vertex -164 0.8786796554923058 0.8786796554923058
      vertex -164 0.6809686422348022 1.0968201458454132
      vertex -164 2 41
    endloop
  endfacet
  facet normal -1 0 0
    outer loop
      vertex -164 0.6809686422348022 1.0968201458454132
      vertex -164 0.5055911615490913 1.3332893028855324
      vertex -164 2 41
    endloop
  endfacet
  facet normal -1 0 0
    outer loop
      vertex -164 0.5055911615490913 1.3332893028855324
      vertex -164 0.3542362079024315 1.5858097895979881
      vertex -164 2 41
    endloop
  endfacet
  facet normal -1 0 0
    outer loop
      vertex -164 0.3542362079024315 1.5858097895979881
      vertex -164 0.22836140543222427 1.8519496992230415
      vertex -164 2 41
    endloop
  endfacet
  facet normal -1 0 0
    outer loop
      vertex -164 0.22836140543222427 1.8519496992230415
      vertex -164 0.1291789934039116 2.1291459649801254
      vertex -164 2 41
    endloop
  endfacet
  facet normal -1 0 0
    outer loop
      vertex -164 0.1291789934039116 2.1291459649801254
      vertex -164 0.057644158601760864 2.4147290363907814
      vertex -164 2 41
    endloop
  endfacet
  facet normal -1 0 0
    outer loop
      vertex -164 0.057644158601760864 2.4147290363907814
      vertex -164 0.014445818960666656 2.7059485763311386
      vertex -164 2 41
    endloop
  endfacet
  facet normal -1 0 0
    outer loop
      vertex -164 0.8786796554923058 0.8786796554923058
      vertex -164 2 41
      vertex -164 1.0968201458454132 0.6809686422348022
    endloop
  endfacet
  facet normal -1 0 0
    outer loop
      vertex -164 1.0968201458454132 0.6809686422348022
      vertex -164 2 41
      vertex -164 1.3332893028855324 0.5055911615490913
    endloop
  endfacet
  facet normal -1 0 0
    outer loop
      vertex -164 1.5858097895979881 0.3542362079024315
      vertex -164 1.3332893028855324 0.5055911615490913
      vertex -164 2 41
    endloop
  endfacet
  facet normal -1 0 0
    outer loop
      vertex -164 1.8519496992230415 0.22836140543222427
      vertex -164 1.5858097895979881 0.3542362079024315
      vertex -164 2 41
    endloop
  endfacet
  facet normal -1 0 0
    outer loop
      vertex -164 0.014445818960666656 2.7059485763311386
      vertex -164 0 3
      vertex -164 2 41
    endloop
  endfacet
  facet normal -1 0 0
    outer loop
      vertex -164 1.8519496992230415 0.22836140543222427
      vertex -164 2 41
      vertex -164 2 8
    endloop
  endfacet
  facet normal -1 0 0
    outer loop
      vertex -164 3 0
      vertex -164 5 2
      vertex -164 77 2
    endloop
  endfacet
  facet normal 0 -0.6715589499566086 -0.7409511297873682
    outer loop
      vertex -164 0.8786796554923058 0.8786796554923058
      vertex -164 1.0968201458454132 0.6809686422348022
      vertex 0 0.8786796554923058 0.8786796554923058
    endloop
  endfacet
  facet normal 0 -0.59569930710104 -0.8032075295459704
    outer loop
      vertex -164 1.0968201458454132 0.6809686422348022
      vertex -164 1.3332893028855324 0.5055911615490913
      vertex 0 1.0968201458454132 0.6809686422348022
    endloop
  endfacet
  facet normal 0 -0.8032075295459704 -0.59569930710104
    outer loop
      vertex -164 0.6809686422348022 1.0968201458454132
      vertex 0 0.5055911615490913 1.3332893028855324
      vertex -164 0.5055911615490913 1.3332893028855324
    endloop
  endfacet
  facet normal 0 -0.8577286120536308 -0.5141027407673995
    outer loop
      vertex -164 0.5055911615490913 1.3332893028855324
      vertex 0 0.3542362079024315 1.5858097895979881
      vertex -164 0.3542362079024315 1.5858097895979881
    endloop
  endfacet
  facet normal 0 -0.7409511297873682 -0.6715589499566086
    outer loop
      vertex -164 0.8786796554923058 0.8786796554923058
      vertex 0 0.6809686422348022 1.0968201458454132
      vertex -164 0.6809686422348022 1.0968201458454132
    endloop
  endfacet
  facet normal 0 -0.42755509276037695 -0.9039892934402849
    outer loop
      vertex -164 1.8519496992230415 0.22836140543222427
      vertex 0 1.5858097895979881 0.3542362079024315
      vertex -164 1.5858097895979881 0.3542362079024315
    endloop
  endfacet
  facet normal 0 -0.5141027407673995 -0.8577286120536308
    outer loop
      vertex -164 1.5858097895979881 0.3542362079024315
      vertex 0 1.3332893028855324 0.5055911615490913
      vertex -164 1.3332893028855324 0.5055911615490913
    endloop
  endfacet
  facet normal 0 -0.3368898600571533 -0.9415440627982695
    outer loop
      vertex -164 1.8519496992230415 0.22836140543222427
      vertex -164 2.1291459649801254 0.1291789934039116
      vertex 0 1.8519496992230415 0.22836140543222427
    endloop
  endfacet
  facet normal 0 -0.24298017786540688 -0.9700312537050007
    outer loop
      vertex -164 2.1291459649801254 0.1291789934039116
      vertex -164 2.4147290363907814 0.057644158601760864
      vertex 0 2.1291459649801254 0.1291789934039116
    endloop
  endfacet
  facet normal 0 -0.14673047975168188 -0.9891765091791461
    outer loop
      vertex -164 2.4147290363907814 0.057644158601760864
      vertex -164 2.7059485763311386 0.014445818960666656
      vertex 0 2.4147290363907814 0.057644158601760864
    endloop
  endfacet
  facet normal 0 -0.9039892934402849 -0.42755509276037695
    outer loop
      vertex -164 0.3542362079024315 1.5858097895979881
      vertex 0 0.22836140543222427 1.8519496992230415
      vertex -164 0.22836140543222427 1.8519496992230415
    endloop
  endfacet
  facet normal 0 -0.9415440627982695 -0.3368898600571533
    outer loop
      vertex -164 0.22836140543222427 1.8519496992230415
      vertex 0 0.1291789934039116 2.1291459649801254
      vertex -164 0.1291789934039116 2.1291459649801254
    endloop
  endfacet
  facet normal 0 -0.9700312537050007 -0.24298017786540688
    outer loop
      vertex -164 0.1291789934039116 2.1291459649801254
      vertex 0 0.057644158601760864 2.4147290363907814
      vertex -164 0.057644158601760864 2.4147290363907814
    endloop
  endfacet
  facet normal 0 -0.9891765091791461 -0.14673047975168188
    outer loop
      vertex -164 0.057644158601760864 2.4147290363907814
      vertex 0 0.014445818960666656 2.7059485763311386
      vertex -164 0.014445818960666656 2.7059485763311386
    endloop
  endfacet
  facet normal 0 -0.9987954563973426 -0.0490676704157047
    outer loop
      vertex -164 0.014445818960666656 2.7059485763311386
      vertex 0 0 3
      vertex -164 0 3
    endloop
  endfacet
  facet normal 0 -0.0490676704157047 -0.9987954563973426
    outer loop
      vertex -164 2.7059485763311386 0.014445818960666656
      vertex -164 3 0
      vertex 0 2.7059485763311386 0.014445818960666656
    endloop
  endfacet
  facet normal 0 -1 0
    outer loop
      vertex -164 0 3
      vertex 0 0 3
      vertex -164 0 41
    endloop
  endfacet
  facet normal 0 0 -1
    outer loop
      vertex -164 3 0
      vertex -164 79 0
      vertex 0 3 0
    endloop
  endfacet
  facet normal -1 0 0
    outer loop
      vertex -164 0 3
      vertex -164 0 41
      vertex -164 2 41
    endloop
  endfacet
  facet normal -1 0 0
    outer loop
      vertex -164 3 0
      vertex -164 77 2
      vertex -164 79 0
    endloop
  endfacet
  facet normal -1 0 0
    outer loop
      vertex -164 79 0
      vertex -164 77 2
      vertex -164 77.29405142366886 2.0144458189606667
    endloop
  endfacet
  facet normal -1 0 0
    outer loop
      vertex -164 79 0
      vertex -164 77.29405142366886 2.0144458189606667
      vertex -164 77.58527096360922 2.057644158601761
    endloop
  endfacet
  facet normal -1 0 0
    outer loop
      vertex -164 79 0
      vertex -164 77.58527096360922 2.057644158601761
      vertex -164 77.87085403501987 2.1291789934039116
    endloop
  endfacet
  facet normal -1 0 0
    outer loop
      vertex -164 79 0
      vertex -164 77.87085403501987 2.1291789934039116
      vertex -164 78.14805030077696 2.2283614054322243
    endloop
  endfacet
  facet normal -1 0 0
    outer loop
      vertex -164 79 0
      vertex -164 78.14805030077696 2.2283614054322243
      vertex -164 78.41419021040201 2.3542362079024315
    endloop
  endfacet
  facet normal -1 0 0
    outer loop
      vertex -164 79 0
      vertex -164 78.41419021040201 2.3542362079024315
      vertex -164 78.66671069711447 2.5055911615490913
    endloop
  endfacet
  facet normal -1 0 0
    outer loop
      vertex -164 79 0
      vertex -164 79.1213203445077 2.8786796554923058
      vertex -164 79.29405142366886 0.014445818960666656
    endloop
  endfacet
  facet normal -1 0 0
    outer loop
      vertex -164 79.29405142366886 0.014445818960666656
      vertex -164 79.3190313577652 3.096820145845413
      vertex -164 79.58527096360922 0.057644158601760864
    endloop
  endfacet
  facet normal -1 0 0
    outer loop
      vertex -164 79 0
      vertex -164 78.66671069711447 2.5055911615490913
      vertex -164 78.90317985415459 2.6809686422348022
    endloop
  endfacet
  facet normal -1 0 0
    outer loop
      vertex -164 79 0
      vertex -164 78.90317985415459 2.6809686422348022
      vertex -164 79.1213203445077 2.8786796554923058
    endloop
  endfacet
  facet normal -1 0 0
    outer loop
      vertex -164 79.29405142366886 0.014445818960666656
      vertex -164 79.1213203445077 2.8786796554923058
      vertex -164 79.3190313577652 3.096820145845413
    endloop
  endfacet
  facet normal -1 0 0
    outer loop
      vertex -164 79.58527096360922 0.057644158601760864
      vertex -164 79.64576379209757 3.585809789597988
      vertex -164 79.87085403501987 0.1291789934039116
    endloop
  endfacet
  facet normal -1 0 0
    outer loop
      vertex -164 79.87085403501987 0.1291789934039116
      vertex -164 79.94235584139824 4.414729036390781
      vertex -164 80.14805030077696 0.22836140543222427
    endloop
  endfacet
  facet normal -1 0 0
    outer loop
      vertex -164 79.58527096360922 0.057644158601760864
      vertex -164 79.3190313577652 3.096820145845413
      vertex -164 79.49440883845091 3.3332893028855324
    endloop
  endfacet
  facet normal -1 0 0
    outer loop
      vertex -164 79.58527096360922 0.057644158601760864
      vertex -164 79.49440883845091 3.3332893028855324
      vertex -164 79.64576379209757 3.585809789597988
    endloop
  endfacet
  facet normal -1 0 0
    outer loop
      vertex -164 79.87085403501987 0.1291789934039116
      vertex -164 79.64576379209757 3.585809789597988
      vertex -164 79.77163859456778 3.8519496992230415
    endloop
  endfacet
  facet normal -1 0 0
    outer loop
      vertex -164 79.87085403501987 0.1291789934039116
      vertex -164 79.77163859456778 3.8519496992230415
      vertex -164 79.87082100659609 4.129145964980125
    endloop
  endfacet
  facet normal -1 0 0
    outer loop
      vertex -164 79.87085403501987 0.1291789934039116
      vertex -164 79.87082100659609 4.129145964980125
      vertex -164 79.94235584139824 4.414729036390781
    endloop
  endfacet
  facet normal -1 0 0
    outer loop
      vertex -164 80.14805030077696 0.22836140543222427
      vertex -164 79.94235584139824 4.414729036390781
      vertex -164 79.98555418103933 4.705948576331139
    endloop
  endfacet
  facet normal -1 0 0
    outer loop
      vertex -164 80.14805030077696 0.22836140543222427
      vertex -164 79.98555418103933 4.705948576331139
      vertex -164 80 5
    endloop
  endfacet
  facet normal -1 0 0
    outer loop
      vertex -164 80.14805030077696 0.22836140543222427
      vertex -164 80 5
      vertex -164 80 8
    endloop
  endfacet
  facet normal -1 0 0
    outer loop
      vertex -164 80.14805030077696 0.22836140543222427
      vertex -164 82 41
      vertex -164 80.41419021040201 0.3542362079024315
    endloop
  endfacet
  facet normal -1 0 0
    outer loop
      vertex -164 80.41419021040201 0.3542362079024315
      vertex -164 82 41
      vertex -164 80.66671069711447 0.5055911615490913
    endloop
  endfacet
  facet normal -1 0 0
    outer loop
      vertex -164 80.66671069711447 0.5055911615490913
      vertex -164 82 41
      vertex -164 80.90317985415459 0.6809686422348022
    endloop
  endfacet
  facet normal -1 0 0
    outer loop
      vertex -164 80.90317985415459 0.6809686422348022
      vertex -164 82 41
      vertex -164 81.1213203445077 0.8786796554923058
    endloop
  endfacet
  facet normal -1 0 0
    outer loop
      vertex -164 81.1213203445077 0.8786796554923058
      vertex -164 82 41
      vertex -164 81.3190313577652 1.0968201458454132
    endloop
  endfacet
  facet normal -1 0 0
    outer loop
      vertex -164 81.3190313577652 1.0968201458454132
      vertex -164 82 41
      vertex -164 81.49440883845091 1.3332893028855324
    endloop
  endfacet
  facet normal -1 0 0
    outer loop
      vertex -164 81.49440883845091 1.3332893028855324
      vertex -164 82 41
      vertex -164 81.64576379209757 1.5858097895979881
    endloop
  endfacet
  facet normal -1 0 0
    outer loop
      vertex -164 81.64576379209757 1.5858097895979881
      vertex -164 82 41
      vertex -164 81.77163859456778 1.8519496992230415
    endloop
  endfacet
  facet normal -1 0 0
    outer loop
      vertex -164 81.77163859456778 1.8519496992230415
      vertex -164 82 41
      vertex -164 81.87082100659609 2.1291459649801254
    endloop
  endfacet
  facet normal -1 0 0
    outer loop
      vertex -164 81.87082100659609 2.1291459649801254
      vertex -164 82 41
      vertex -164 81.94235584139824 2.4147290363907814
    endloop
  endfacet
  facet normal -1 0 0
    outer loop
      vertex -164 81.94235584139824 2.4147290363907814
      vertex -164 82 41
      vertex -164 81.98555418103933 2.7059485763311386
    endloop
  endfacet
  facet normal -1 0 0
    outer loop
      vertex -164 80.14805030077696 0.22836140543222427
      vertex -164 80 8
      vertex -164 80 41
    endloop
  endfacet
  facet normal -1 0 0
    outer loop
      vertex -164 81.98555418103933 2.7059485763311386
      vertex -164 82 41
      vertex -164 82 3
    endloop
  endfacet
  facet normal -1 0 0
    outer loop
      vertex -164 80.14805030077696 0.22836140543222427
      vertex -164 80 41
      vertex -164 82 41
    endloop
  endfacet
  facet normal 0 0.0490676704157047 -0.9987954563973426
    outer loop
      vertex -164 79 0
      vertex -164 79.29405142366886 0.014445818960666656
      vertex 0 79 0
    endloop
  endfacet
  facet normal 0 0.14673047975168188 -0.9891765091791461
    outer loop
      vertex -164 79.29405142366886 0.014445818960666656
      vertex -164 79.58527096360922 0.057644158601760864
      vertex 0 79.29405142366886 0.014445818960666656
    endloop
  endfacet
  facet normal 0 0.24298017786540688 -0.9700312537050007
    outer loop
      vertex -164 79.58527096360922 0.057644158601760864
      vertex -164 79.87085403501987 0.1291789934039116
      vertex 0 79.58527096360922 0.057644158601760864
    endloop
  endfacet
  facet normal 0 0.3368898600571533 -0.9415440627982695
    outer loop
      vertex -164 79.87085403501987 0.1291789934039116
      vertex -164 80.14805030077696 0.22836140543222427
      vertex 0 79.87085403501987 0.1291789934039116
    endloop
  endfacet
  facet normal 0 0.42755509276037695 -0.9039892934402849
    outer loop
      vertex -164 80.14805030077696 0.22836140543222427
      vertex -164 80.41419021040201 0.3542362079024315
      vertex 0 80.14805030077696 0.22836140543222427
    endloop
  endfacet
  facet normal 0 0.5141027407673995 -0.8577286120536308
    outer loop
      vertex -164 80.41419021040201 0.3542362079024315
      vertex -164 80.66671069711447 0.5055911615490913
      vertex 0 80.41419021040201 0.3542362079024315
    endloop
  endfacet
  facet normal 0 0.59569930710104 -0.8032075295459704
    outer loop
      vertex -164 80.66671069711447 0.5055911615490913
      vertex -164 80.90317985415459 0.6809686422348022
      vertex 0 80.66671069711447 0.5055911615490913
    endloop
  endfacet
  facet normal 0 0.6715589499566086 -0.7409511297873682
    outer loop
      vertex -164 80.90317985415459 0.6809686422348022
      vertex -164 81.1213203445077 0.8786796554923058
      vertex 0 80.90317985415459 0.6809686422348022
    endloop
  endfacet
  facet normal 0 0.7409511297873682 -0.6715589499566086
    outer loop
      vertex -164 81.1213203445077 0.8786796554923058
      vertex -164 81.3190313577652 1.0968201458454132
      vertex 0 81.1213203445077 0.8786796554923058
    endloop
  endfacet
  facet normal 0 0.8032075295459704 -0.59569930710104
    outer loop
      vertex -164 81.3190313577652 1.0968201458454132
      vertex -164 81.49440883845091 1.3332893028855324
      vertex 0 81.3190313577652 1.0968201458454132
    endloop
  endfacet
  facet normal 0 0.8577286120536308 -0.5141027407673995
    outer loop
      vertex -164 81.49440883845091 1.3332893028855324
      vertex -164 81.64576379209757 1.5858097895979881
      vertex 0 81.49440883845091 1.3332893028855324
    endloop
  endfacet
  facet normal 0 0.9039892934402849 -0.42755509276037695
    outer loop
      vertex -164 81.64576379209757 1.5858097895979881
      vertex -164 81.77163859456778 1.8519496992230415
      vertex 0 81.64576379209757 1.5858097895979881
    endloop
  endfacet
  facet normal 0 0.9415440627982695 -0.3368898600571533
    outer loop
      vertex -164 81.77163859456778 1.8519496992230415
      vertex -164 81.87082100659609 2.1291459649801254
      vertex 0 81.77163859456778 1.8519496992230415
    endloop
  endfacet
  facet normal 0 0.9700312537050007 -0.24298017786540688
    outer loop
      vertex -164 81.87082100659609 2.1291459649801254
      vertex -164 81.94235584139824 2.4147290363907814
      vertex 0 81.87082100659609 2.1291459649801254
    endloop
  endfacet
  facet normal 0 0.9891765091791461 -0.14673047975168188
    outer loop
      vertex -164 81.94235584139824 2.4147290363907814
      vertex -164 81.98555418103933 2.7059485763311386
      vertex 0 81.94235584139824 2.4147290363907814
    endloop
  endfacet
  facet normal 0 0.9987954563973426 -0.0490676704157047
    outer loop
      vertex -164 81.98555418103933 2.7059485763311386
      vertex -164 82 3
      vertex 0 81.98555418103933 2.7059485763311386
    endloop
  endfacet
  facet normal 0 1 0
    outer loop
      vertex -164 82 3
      vertex -164 82 41
      vertex 0 82 41
    endloop
  endfacet
  facet normal 0 -0.59569930710104 -0.8032075295459704
    outer loop
      vertex -164 1.3332893028855324 0.5055911615490913
      vertex 0 1.3332893028855324 0.5055911615490913
      vertex 0 1.0968201458454132 0.6809686422348022
    endloop
  endfacet
  facet normal 0 -0.6715589499566086 -0.7409511297873682
    outer loop
      vertex -164 1.0968201458454132 0.6809686422348022
      vertex 0 1.0968201458454132 0.6809686422348022
      vertex 0 0.8786796554923058 0.8786796554923058
    endloop
  endfacet
  facet normal 0 -0.8032075295459704 -0.59569930710104
    outer loop
      vertex -164 0.6809686422348022 1.0968201458454132
      vertex 0 0.6809686422348022 1.0968201458454132
      vertex 0 0.5055911615490913 1.3332893028855324
    endloop
  endfacet
  facet normal 0 -0.9039892934402849 -0.42755509276037695
    outer loop
      vertex -164 0.3542362079024315 1.5858097895979881
      vertex 0 0.3542362079024315 1.5858097895979881
      vertex 0 0.22836140543222427 1.8519496992230415
    endloop
  endfacet
  facet normal 0 -0.8577286120536308 -0.5141027407673995
    outer loop
      vertex -164 0.5055911615490913 1.3332893028855324
      vertex 0 0.5055911615490913 1.3332893028855324
      vertex 0 0.3542362079024315 1.5858097895979881
    endloop
  endfacet
  facet normal 0 -0.7409511297873682 -0.6715589499566086
    outer loop
      vertex -164 0.8786796554923058 0.8786796554923058
      vertex 0 0.8786796554923058 0.8786796554923058
      vertex 0 0.6809686422348022 1.0968201458454132
    endloop
  endfacet
  facet normal 0 -0.5141027407673995 -0.8577286120536308
    outer loop
      vertex -164 1.5858097895979881 0.3542362079024315
      vertex 0 1.5858097895979881 0.3542362079024315
      vertex 0 1.3332893028855324 0.5055911615490913
    endloop
  endfacet
  facet normal 0 -0.42755509276037695 -0.9039892934402849
    outer loop
      vertex -164 1.8519496992230415 0.22836140543222427
      vertex 0 1.8519496992230415 0.22836140543222427
      vertex 0 1.5858097895979881 0.3542362079024315
    endloop
  endfacet
  facet normal 0 -0.3368898600571533 -0.9415440627982695
    outer loop
      vertex -164 2.1291459649801254 0.1291789934039116
      vertex 0 2.1291459649801254 0.1291789934039116
      vertex 0 1.8519496992230415 0.22836140543222427
    endloop
  endfacet
  facet normal 0 -0.24298017786540688 -0.9700312537050007
    outer loop
      vertex -164 2.4147290363907814 0.057644158601760864
      vertex 0 2.4147290363907814 0.057644158601760864
      vertex 0 2.1291459649801254 0.1291789934039116
    endloop
  endfacet
  facet normal 0 -0.9415440627982695 -0.3368898600571533
    outer loop
      vertex -164 0.22836140543222427 1.8519496992230415
      vertex 0 0.22836140543222427 1.8519496992230415
      vertex 0 0.1291789934039116 2.1291459649801254
    endloop
  endfacet
  facet normal 0 -0.9700312537050007 -0.24298017786540688
    outer loop
      vertex -164 0.1291789934039116 2.1291459649801254
      vertex 0 0.1291789934039116 2.1291459649801254
      vertex 0 0.057644158601760864 2.4147290363907814
    endloop
  endfacet
  facet normal 0 -0.9891765091791461 -0.14673047975168188
    outer loop
      vertex -164 0.057644158601760864 2.4147290363907814
      vertex 0 0.057644158601760864 2.4147290363907814
      vertex 0 0.014445818960666656 2.7059485763311386
    endloop
  endfacet
  facet normal 0 -0.9987954563973426 -0.0490676704157047
    outer loop
      vertex -164 0.014445818960666656 2.7059485763311386
      vertex 0 0.014445818960666656 2.7059485763311386
      vertex 0 0 3
    endloop
  endfacet
  facet normal 0 -0.14673047975168188 -0.9891765091791461
    outer loop
      vertex -164 2.7059485763311386 0.014445818960666656
      vertex 0 2.7059485763311386 0.014445818960666656
      vertex 0 2.4147290363907814 0.057644158601760864
    endloop
  endfacet
  facet normal 0 -0.0490676704157047 -0.9987954563973426
    outer loop
      vertex -164 3 0
      vertex 0 3 0
      vertex 0 2.7059485763311386 0.014445818960666656
    endloop
  endfacet
  facet normal 1 0 0
    outer loop
      vertex 0 3 0
      vertex 0 9 2.36
      vertex 0 3 2.36
    endloop
  endfacet
  facet normal 1 0 0
    outer loop
      vertex 0 3 0
      vertex 0 9.5 2
      vertex 0 9 2.36
    endloop
  endfacet
  facet normal 1 0 0
    outer loop
      vertex 0 3 0
      vertex 0 12.5 2
      vertex 0 9.5 2
    endloop
  endfacet
  facet normal 1 0 0
    outer loop
      vertex 0 2.1291459649801254 0.1291789934039116
      vertex 0 2.4147290363907814 0.057644158601760864
      vertex 0 0 41
    endloop
  endfacet
  facet normal 1 0 0
    outer loop
      vertex 0 2.4147290363907814 0.057644158601760864
      vertex 0 2.7059485763311386 0.014445818960666656
      vertex 0 0 41
    endloop
  endfacet
  facet normal 1 0 0
    outer loop
      vertex 0 2.7059485763311386 0.014445818960666656
      vertex 0 3 0
      vertex 0 0 41
    endloop
  endfacet
  facet normal 1 0 0
    outer loop
      vertex 0 3 0
      vertex 0 15.5 2
      vertex 0 12.5 2
    endloop
  endfacet
  facet normal 1 0 0
    outer loop
      vertex 0 3 0
      vertex 0 18.5 2
      vertex 0 15.5 2
    endloop
  endfacet
  facet normal 1 0 0
    outer loop
      vertex 0 3 0
      vertex 0 21.5 2
      vertex 0 18.5 2
    endloop
  endfacet
  facet normal 1 0 0
    outer loop
      vertex 0 3 0
      vertex 0 24.5 2
      vertex 0 21.5 2
    endloop
  endfacet
  facet normal 1 0 0
    outer loop
      vertex 0 3 0
      vertex 0 27.5 2
      vertex 0 24.5 2
    endloop
  endfacet
  facet normal 1 0 0
    outer loop
      vertex 0 3 0
      vertex 0 30.5 2
      vertex 0 27.5 2
    endloop
  endfacet
  facet normal 1 0 0
    outer loop
      vertex 0 0.8786796554923058 0.8786796554923058
      vertex 0 0 41
      vertex 0 0.6809686422348022 1.0968201458454132
    endloop
  endfacet
  facet normal 1 0 0
    outer loop
      vertex 0 0.6809686422348022 1.0968201458454132
      vertex 0 0 41
      vertex 0 0.5055911615490913 1.3332893028855324
    endloop
  endfacet
  facet normal 1 0 0
    outer loop
      vertex 0 0.8786796554923058 0.8786796554923058
      vertex 0 1.0968201458454132 0.6809686422348022
      vertex 0 0 41
    endloop
  endfacet
  facet normal 1 0 0
    outer loop
      vertex 0 1.0968201458454132 0.6809686422348022
      vertex 0 1.3332893028855324 0.5055911615490913
      vertex 0 0 41
    endloop
  endfacet
  facet normal 1 0 0
    outer loop
      vertex 0 1.5858097895979881 0.3542362079024315
      vertex 0 0 41
      vertex 0 1.3332893028855324 0.5055911615490913
    endloop
  endfacet
  facet normal 1 0 0
    outer loop
      vertex 0 1.8519496992230415 0.22836140543222427
      vertex 0 0 41
      vertex 0 1.5858097895979881 0.3542362079024315
    endloop
  endfacet
  facet normal 1 0 0
    outer loop
      vertex 0 0.5055911615490913 1.3332893028855324
      vertex 0 0 41
      vertex 0 0.3542362079024315 1.5858097895979881
    endloop
  endfacet
  facet normal 1 0 0
    outer loop
      vertex 0 0.3542362079024315 1.5858097895979881
      vertex 0 0 41
      vertex 0 0.22836140543222427 1.8519496992230415
    endloop
  endfacet
  facet normal 1 0 0
    outer loop
      vertex 0 0.22836140543222427 1.8519496992230415
      vertex 0 0 41
      vertex 0 0.1291789934039116 2.1291459649801254
    endloop
  endfacet
  facet normal 1 0 0
    outer loop
      vertex 0 0.1291789934039116 2.1291459649801254
      vertex 0 0 41
      vertex 0 0.057644158601760864 2.4147290363907814
    endloop
  endfacet
  facet normal 1 0 0
    outer loop
      vertex 0 0.057644158601760864 2.4147290363907814
      vertex 0 0 41
      vertex 0 0.014445818960666656 2.7059485763311386
    endloop
  endfacet
  facet normal 1 0 0
    outer loop
      vertex 0 1.8519496992230415 0.22836140543222427
      vertex 0 2.1291459649801254 0.1291789934039116
      vertex 0 0 41
    endloop
  endfacet
  facet normal 1 0 0
    outer loop
      vertex 0 3 0
      vertex 0 3 2.36
      vertex 0 0 41
    endloop
  endfacet
  facet normal 1 0 0
    outer loop
      vertex 0 0.014445818960666656 2.7059485763311386
      vertex 0 0 41
      vertex 0 0 3
    endloop
  endfacet
  facet normal 1 0 0
    outer loop
      vertex 0 9.5 2
      vertex 0 9.5 41
      vertex 0 9 2.36
    endloop
  endfacet
  facet normal 1 0 0
    outer loop
      vertex 0 12.5 2
      vertex 0 15.5 2
      vertex 0 15.5 41
    endloop
  endfacet
  facet normal 1 0 0
    outer loop
      vertex 0 3 0
      vertex 0 33.5 2
      vertex 0 30.5 2
    endloop
  endfacet
  facet normal 1 0 0
    outer loop
      vertex 0 3 0
      vertex 0 36.5 2
      vertex 0 33.5 2
    endloop
  endfacet
  facet normal 1 0 0
    outer loop
      vertex 0 3 0
      vertex 0 39.5 2
      vertex 0 36.5 2
    endloop
  endfacet
  facet normal 1 0 0
    outer loop
      vertex 0 3 0
      vertex 0 42.5 2
      vertex 0 39.5 2
    endloop
  endfacet
  facet normal 1 0 0
    outer loop
      vertex 0 3 0
      vertex 0 45.5 2
      vertex 0 42.5 2
    endloop
  endfacet
  facet normal 1 0 0
    outer loop
      vertex 0 3 0
      vertex 0 48.5 2
      vertex 0 45.5 2
    endloop
  endfacet
  facet normal 1 0 0
    outer loop
      vertex 0 3 0
      vertex 0 51.5 2
      vertex 0 48.5 2
    endloop
  endfacet
  facet normal 1 0 0
    outer loop
      vertex 0 3 0
      vertex 0 54.5 2
      vertex 0 51.5 2
    endloop
  endfacet
  facet normal 1 0 0
    outer loop
      vertex 0 18.5 2
      vertex 0 21.5 2
      vertex 0 21.5 41
    endloop
  endfacet
  facet normal 1 0 0
    outer loop
      vertex 0 24.5 2
      vertex 0 27.5 2
      vertex 0 27.5 41
    endloop
  endfacet
  facet normal 1 0 0
    outer loop
      vertex 0 30.5 2
      vertex 0 33.5 2
      vertex 0 33.5 41
    endloop
  endfacet
  facet normal 1 0 0
    outer loop
      vertex 0 36.5 2
      vertex 0 39.5 2
      vertex 0 39.5 41
    endloop
  endfacet
  facet normal 0 -1 0
    outer loop
      vertex -164 0 41
      vertex 0 0 3
      vertex 0 0 41
    endloop
  endfacet
  facet normal 1 0 0
    outer loop
      vertex 0 3 2.36
      vertex 0 3 41
      vertex 0 0 41
    endloop
  endfacet
  facet normal 1 0 0
    outer loop
      vertex 0 9 2.36
      vertex 0 9.5 41
      vertex 0 9 41
    endloop
  endfacet
  facet normal 1 0 0
    outer loop
      vertex 0 12.5 2
      vertex 0 15.5 41
      vertex 0 12.5 41
    endloop
  endfacet
  facet normal 1 0 0
    outer loop
      vertex 0 18.5 2
      vertex 0 21.5 41
      vertex 0 18.5 41
    endloop
  endfacet
  facet normal 1 0 0
    outer loop
      vertex 0 24.5 2
      vertex 0 27.5 41
      vertex 0 24.5 41
    endloop
  endfacet
  facet normal 1 0 0
    outer loop
      vertex 0 30.5 2
      vertex 0 33.5 41
      vertex 0 30.5 41
    endloop
  endfacet
  facet normal 1 0 0
    outer loop
      vertex 0 36.5 2
      vertex 0 39.5 41
      vertex 0 36.5 41
    endloop
  endfacet
  facet normal 0 0 -1
    outer loop
      vertex -164 79 0
      vertex 0 79 0
      vertex 0 3 0
    endloop
  endfacet
  facet normal 0 0.0490676704157047 -0.9987954563973426
    outer loop
      vertex -164 79.29405142366886 0.014445818960666656
      vertex 0 79.29405142366886 0.014445818960666656
      vertex 0 79 0
    endloop
  endfacet
  facet normal 0 0.14673047975168188 -0.9891765091791461
    outer loop
      vertex -164 79.58527096360922 0.057644158601760864
      vertex 0 79.58527096360922 0.057644158601760864
      vertex 0 79.29405142366886 0.014445818960666656
    endloop
  endfacet
  facet normal 0 0.24298017786540688 -0.9700312537050007
    outer loop
      vertex -164 79.87085403501987 0.1291789934039116
      vertex 0 79.87085403501987 0.1291789934039116
      vertex 0 79.58527096360922 0.057644158601760864
    endloop
  endfacet
  facet normal 0 0.3368898600571533 -0.9415440627982695
    outer loop
      vertex -164 80.14805030077696 0.22836140543222427
      vertex 0 80.14805030077696 0.22836140543222427
      vertex 0 79.87085403501987 0.1291789934039116
    endloop
  endfacet
  facet normal 0 0.42755509276037695 -0.9039892934402849
    outer loop
      vertex -164 80.41419021040201 0.3542362079024315
      vertex 0 80.41419021040201 0.3542362079024315
      vertex 0 80.14805030077696 0.22836140543222427
    endloop
  endfacet
  facet normal 0 0.5141027407673995 -0.8577286120536308
    outer loop
      vertex -164 80.66671069711447 0.5055911615490913
      vertex 0 80.66671069711447 0.5055911615490913
      vertex 0 80.41419021040201 0.3542362079024315
    endloop
  endfacet
  facet normal 0 0.59569930710104 -0.8032075295459704
    outer loop
      vertex -164 80.90317985415459 0.6809686422348022
      vertex 0 80.90317985415459 0.6809686422348022
      vertex 0 80.66671069711447 0.5055911615490913
    endloop
  endfacet
  facet normal 0 0.6715589499566086 -0.7409511297873682
    outer loop
      vertex -164 81.1213203445077 0.8786796554923058
      vertex 0 81.1213203445077 0.8786796554923058
      vertex 0 80.90317985415459 0.6809686422348022
    endloop
  endfacet
  facet normal 0 0.7409511297873682 -0.6715589499566086
    outer loop
      vertex -164 81.3190313577652 1.0968201458454132
      vertex 0 81.3190313577652 1.0968201458454132
      vertex 0 81.1213203445077 0.8786796554923058
    endloop
  endfacet
  facet normal 0 0.8032075295459704 -0.59569930710104
    outer loop
      vertex -164 81.49440883845091 1.3332893028855324
      vertex 0 81.49440883845091 1.3332893028855324
      vertex 0 81.3190313577652 1.0968201458454132
    endloop
  endfacet
  facet normal 0 0.8577286120536308 -0.5141027407673995
    outer loop
      vertex -164 81.64576379209757 1.5858097895979881
      vertex 0 81.64576379209757 1.5858097895979881
      vertex 0 81.49440883845091 1.3332893028855324
    endloop
  endfacet
  facet normal 0 0.9039892934402849 -0.42755509276037695
    outer loop
      vertex -164 81.77163859456778 1.8519496992230415
      vertex 0 81.77163859456778 1.8519496992230415
      vertex 0 81.64576379209757 1.5858097895979881
    endloop
  endfacet
  facet normal 0 0.9415440627982695 -0.3368898600571533
    outer loop
      vertex -164 81.87082100659609 2.1291459649801254
      vertex 0 81.87082100659609 2.1291459649801254
      vertex 0 81.77163859456778 1.8519496992230415
    endloop
  endfacet
  facet normal 0 0.9700312537050007 -0.24298017786540688
    outer loop
      vertex -164 81.94235584139824 2.4147290363907814
      vertex 0 81.94235584139824 2.4147290363907814
      vertex 0 81.87082100659609 2.1291459649801254
    endloop
  endfacet
  facet normal 0 0.9891765091791461 -0.14673047975168188
    outer loop
      vertex -164 81.98555418103933 2.7059485763311386
      vertex 0 81.98555418103933 2.7059485763311386
      vertex 0 81.94235584139824 2.4147290363907814
    endloop
  endfacet
  facet normal 0 0.9987954563973426 -0.0490676704157047
    outer loop
      vertex -164 82 3
      vertex 0 82 3
      vertex 0 81.98555418103933 2.7059485763311386
    endloop
  endfacet
  facet normal 0 1 0
    outer loop
      vertex -164 82 3
      vertex 0 82 41
      vertex 0 82 3
    endloop
  endfacet
  facet normal 1 0 0
    outer loop
      vertex 0 3 0
      vertex 0 79 0
      vertex 0 54.5 2
    endloop
  endfacet
  facet normal 1 0 0
    outer loop
      vertex 0 42.5 2
      vertex 0 45.5 2
      vertex 0 45.5 41
    endloop
  endfacet
  facet normal 1 0 0
    outer loop
      vertex 0 48.5 2
      vertex 0 51.5 2
      vertex 0 51.5 41
    endloop
  endfacet
  facet normal 1 0 0
    outer loop
      vertex 0 54.5 2
      vertex 0 57.5 2
      vertex 0 57.5 41
    endloop
  endfacet
  facet normal 1 0 0
    outer loop
      vertex 0 54.5 2
      vertex 0 79 0
      vertex 0 57.5 2
    endloop
  endfacet
  facet normal 1 0 0
    outer loop
      vertex 0 57.5 2
      vertex 0 79 0
      vertex 0 60.5 2
    endloop
  endfacet
  facet normal 1 0 0
    outer loop
      vertex 0 60.5 2
      vertex 0 79 0
      vertex 0 63.5 2
    endloop
  endfacet
  facet normal 1 0 0
    outer loop
      vertex 0 63.5 2
      vertex 0 79 0
      vertex 0 66.5 2
    endloop
  endfacet
  facet normal 1 0 0
    outer loop
      vertex 0 66.5 2
      vertex 0 79 0
      vertex 0 69.5 2
    endloop
  endfacet
  facet normal 1 0 0
    outer loop
      vertex 0 69.5 2
      vertex 0 79 0
      vertex 0 72.5 2
    endloop
  endfacet
  facet normal 1 0 0
    outer loop
      vertex 0 72.5 2
      vertex 0 79 0
      vertex 0 73 2.36
    endloop
  endfacet
  facet normal 1 0 0
    outer loop
      vertex 0 73 2.36
      vertex 0 79 0
      vertex 0 79.29405142366886 0.014445818960666656
    endloop
  endfacet
  facet normal 1 0 0
    outer loop
      vertex 0 73 2.36
      vertex 0 79.29405142366886 0.014445818960666656
      vertex 0 79 2.36
    endloop
  endfacet
  facet normal 1 0 0
    outer loop
      vertex 0 79.29405142366886 0.014445818960666656
      vertex 0 79.58527096360922 0.057644158601760864
      vertex 0 79 2.36
    endloop
  endfacet
  facet normal 1 0 0
    outer loop
      vertex 0 79 2.36
      vertex 0 79.58527096360922 0.057644158601760864
      vertex 0 79.87085403501987 0.1291789934039116
    endloop
  endfacet
  facet normal 1 0 0
    outer loop
      vertex 0 79 2.36
      vertex 0 79.87085403501987 0.1291789934039116
      vertex 0 80.14805030077696 0.22836140543222427
    endloop
  endfacet
  facet normal 1 0 0
    outer loop
      vertex 0 79 2.36
      vertex 0 80.14805030077696 0.22836140543222427
      vertex 0 80.41419021040201 0.3542362079024315
    endloop
  endfacet
  facet normal 1 0 0
    outer loop
      vertex 0 79 2.36
      vertex 0 80.41419021040201 0.3542362079024315
      vertex 0 80.66671069711447 0.5055911615490913
    endloop
  endfacet
  facet normal 1 0 0
    outer loop
      vertex 0 79 2.36
      vertex 0 80.66671069711447 0.5055911615490913
      vertex 0 80.90317985415459 0.6809686422348022
    endloop
  endfacet
  facet normal 1 0 0
    outer loop
      vertex 0 79 2.36
      vertex 0 80.90317985415459 0.6809686422348022
      vertex 0 81.1213203445077 0.8786796554923058
    endloop
  endfacet
  facet normal 1 0 0
    outer loop
      vertex 0 79 2.36
      vertex 0 81.1213203445077 0.8786796554923058
      vertex 0 81.3190313577652 1.0968201458454132
    endloop
  endfacet
  facet normal 1 0 0
    outer loop
      vertex 0 79 2.36
      vertex 0 81.3190313577652 1.0968201458454132
      vertex 0 81.49440883845091 1.3332893028855324
    endloop
  endfacet
  facet normal 1 0 0
    outer loop
      vertex 0 79 2.36
      vertex 0 81.49440883845091 1.3332893028855324
      vertex 0 81.64576379209757 1.5858097895979881
    endloop
  endfacet
  facet normal 1 0 0
    outer loop
      vertex 0 79 2.36
      vertex 0 81.64576379209757 1.5858097895979881
      vertex 0 81.77163859456778 1.8519496992230415
    endloop
  endfacet
  facet normal 1 0 0
    outer loop
      vertex 0 79 2.36
      vertex 0 81.77163859456778 1.8519496992230415
      vertex 0 81.87082100659609 2.1291459649801254
    endloop
  endfacet
  facet normal 1 0 0
    outer loop
      vertex 0 79 2.36
      vertex 0 81.87082100659609 2.1291459649801254
      vertex 0 81.94235584139824 2.4147290363907814
    endloop
  endfacet
  facet normal 1 0 0
    outer loop
      vertex 0 79 2.36
      vertex 0 81.94235584139824 2.4147290363907814
      vertex 0 81.98555418103933 2.7059485763311386
    endloop
  endfacet
  facet normal 1 0 0
    outer loop
      vertex 0 79 2.36
      vertex 0 81.98555418103933 2.7059485763311386
      vertex 0 82 3
    endloop
  endfacet
  facet normal 1 0 0
    outer loop
      vertex 0 60.5 2
      vertex 0 63.5 2
      vertex 0 63.5 41
    endloop
  endfacet
  facet normal 1 0 0
    outer loop
      vertex 0 66.5 2
      vertex 0 69.5 2
      vertex 0 69.5 41
    endloop
  endfacet
  facet normal 1 0 0
    outer loop
      vertex 0 72.5 2
      vertex 0 73 2.36
      vertex 0 73 41
    endloop
  endfacet
  facet normal 1 0 0
    outer loop
      vertex 0 79 2.36
      vertex 0 82 3
      vertex 0 82 41
    endloop
  endfacet
  facet normal 1 0 0
    outer loop
      vertex 0 42.5 2
      vertex 0 45.5 41
      vertex 0 42.5 41
    endloop
  endfacet
  facet normal 1 0 0
    outer loop
      vertex 0 48.5 2
      vertex 0 51.5 41
      vertex 0 48.5 41
    endloop
  endfacet
  facet normal 1 0 0
    outer loop
      vertex 0 54.5 2
      vertex 0 57.5 41
      vertex 0 54.5 41
    endloop
  endfacet
  facet normal 1 0 0
    outer loop
      vertex 0 60.5 2
      vertex 0 63.5 41
      vertex 0 60.5 41
    endloop
  endfacet
  facet normal 1 0 0
    outer loop
      vertex 0 66.5 2
      vertex 0 69.5 41
      vertex 0 66.5 41
    endloop
  endfacet
  facet normal 1 0 0
    outer loop
      vertex 0 72.5 2
      vertex 0 73 41
      vertex 0 72.5 41
    endloop
  endfacet
  facet normal 1 0 0
    outer loop
      vertex 0 79 2.36
      vertex 0 82 41
      vertex 0 79 41
    endloop
  endfacet
  facet normal 0 0 1
    outer loop
      vertex -162 8 2
      vertex -140.57142857142858 8 2
      vertex -162 74 2
    endloop
  endfacet
  facet normal 0 0.8577286120536307 0.5141027407673995
    outer loop
      vertex -140.57142857142858 2.5055911615490913 3.3332893028855324
      vertex -140.57142857142858 2.3542362079024315 3.585809789597988
      vertex -2 2.5055911615490913 3.3332893028855324
    endloop
  endfacet
  facet normal 0 0.5956993071010399 0.8032075295459703
    outer loop
      vertex -140.57142857142858 3.3332893028855324 2.5055911615490913
      vertex -140.57142857142858 3.096820145845413 2.6809686422348022
      vertex -2 3.3332893028855324 2.5055911615490913
    endloop
  endfacet
  facet normal 0 0.5141027407673995 0.8577286120536307
    outer loop
      vertex -140.57142857142858 3.3332893028855324 2.5055911615490913
      vertex -2 3.585809789597988 2.3542362079024315
      vertex -140.57142857142858 3.585809789597988 2.3542362079024315
    endloop
  endfacet
  facet normal 0 0.42755509276037695 0.9039892934402848
    outer loop
      vertex -140.57142857142858 3.585809789597988 2.3542362079024315
      vertex -2 3.8519496992230415 2.2283614054322243
      vertex -140.57142857142858 3.8519496992230415 2.2283614054322243
    endloop
  endfacet
  facet normal 0 0.7409511297873682 0.6715589499566086
    outer loop
      vertex -140.57142857142858 2.8786796554923058 2.8786796554923058
      vertex -140.57142857142858 2.6809686422348022 3.096820145845413
      vertex -2 2.8786796554923058 2.8786796554923058
    endloop
  endfacet
  facet normal 0 0.6715589499566086 0.7409511297873682
    outer loop
      vertex -140.57142857142858 2.8786796554923058 2.8786796554923058
      vertex -2 3.096820145845413 2.6809686422348022
      vertex -140.57142857142858 3.096820145845413 2.6809686422348022
    endloop
  endfacet
  facet normal 0 0.8032075295459703 0.5956993071010399
    outer loop
      vertex -140.57142857142858 2.5055911615490913 3.3332893028855324
      vertex -2 2.6809686422348022 3.096820145845413
      vertex -140.57142857142858 2.6809686422348022 3.096820145845413
    endloop
  endfacet
  facet normal 0 0.24298017786540685 0.9700312537050005
    outer loop
      vertex -140.57142857142858 4.129145964980125 2.1291789934039116
      vertex -2 4.414729036390781 2.057644158601761
      vertex -140.57142857142858 4.414729036390781 2.057644158601761
    endloop
  endfacet
  facet normal 0 0.3368898600571533 0.9415440627982695
    outer loop
      vertex -140.57142857142858 3.8519496992230415 2.2283614054322243
      vertex -2 4.129145964980125 2.1291789934039116
      vertex -140.57142857142858 4.129145964980125 2.1291789934039116
    endloop
  endfacet
  facet normal 0 0.14673047975168188 0.9891765091791461
    outer loop
      vertex -140.57142857142858 4.414729036390781 2.057644158601761
      vertex -2 4.705948576331139 2.0144458189606667
      vertex -140.57142857142858 4.705948576331139 2.0144458189606667
    endloop
  endfacet
  facet normal 0 0.049067670415704694 0.9987954563973425
    outer loop
      vertex -140.57142857142858 4.705948576331139 2.0144458189606667
      vertex -2 5 2
      vertex -140.57142857142858 5 2
    endloop
  endfacet
  facet normal 0 0.9039892934402848 0.42755509276037695
    outer loop
      vertex -140.57142857142858 2.2283614054322243 3.8519496992230415
      vertex -2 2.3542362079024315 3.585809789597988
      vertex -140.57142857142858 2.3542362079024315 3.585809789597988
    endloop
  endfacet
  facet normal 0 0.9415440627982695 0.3368898600571533
    outer loop
      vertex -140.57142857142858 2.2283614054322243 3.8519496992230415
      vertex -140.57142857142858 2.1291789934039116 4.129145964980125
      vertex -2 2.2283614054322243 3.8519496992230415
    endloop
  endfacet
  facet normal 0 0.9700312537050005 0.24298017786540685
    outer loop
      vertex -140.57142857142858 2.1291789934039116 4.129145964980125
      vertex -140.57142857142858 2.057644158601761 4.414729036390781
      vertex -2 2.1291789934039116 4.129145964980125
    endloop
  endfacet
  facet normal 0 0.9891765091791461 0.14673047975168188
    outer loop
      vertex -140.57142857142858 2.057644158601761 4.414729036390781
      vertex -140.57142857142858 2.0144458189606667 4.705948576331139
      vertex -2 2.057644158601761 4.414729036390781
    endloop
  endfacet
  facet normal 0 0.9987954563973425 0.049067670415704694
    outer loop
      vertex -140.57142857142858 2.0144458189606667 4.705948576331139
      vertex -140.57142857142858 2 5
      vertex -2 2.0144458189606667 4.705948576331139
    endloop
  endfacet
  facet normal 0 0 1
    outer loop
      vertex -140.57142857142858 5 2
      vertex -2 24.5 2
      vertex -140.57142857142858 8 2
    endloop
  endfacet
  facet normal 0 1 0
    outer loop
      vertex -140.57142857142858 2 5
      vertex -140.57142857142858 2 41
      vertex -2 2 5
    endloop
  endfacet
  facet normal 0 0 1
    outer loop
      vertex -140.57142857142858 8 2
      vertex -140.57142857142858 74 2
      vertex -162 74 2
    endloop
  endfacet
  facet normal 0 0 1
    outer loop
      vertex -140.57142857142858 8 2
      vertex -2 77 2
      vertex -140.57142857142858 74 2
    endloop
  endfacet
  facet normal 0 0 1
    outer loop
      vertex -140.57142857142858 74 2
      vertex -2 77 2
      vertex -140.57142857142858 77 2
    endloop
  endfacet
  facet normal 0 -0.049067670415704694 0.9987954563973425
    outer loop
      vertex -140.57142857142858 77 2
      vertex -2 77.29405142366886 2.0144458189606667
      vertex -140.57142857142858 77.29405142366886 2.0144458189606667
    endloop
  endfacet
  facet normal 0 -0.14673047975168188 0.9891765091791461
    outer loop
      vertex -140.57142857142858 77.29405142366886 2.0144458189606667
      vertex -2 77.58527096360922 2.057644158601761
      vertex -140.57142857142858 77.58527096360922 2.057644158601761
    endloop
  endfacet
  facet normal 0 -0.24298017786540685 0.9700312537050005
    outer loop
      vertex -140.57142857142858 77.58527096360922 2.057644158601761
      vertex -2 77.87085403501987 2.1291789934039116
      vertex -140.57142857142858 77.87085403501987 2.1291789934039116
    endloop
  endfacet
  facet normal 0 -0.3368898600571533 0.9415440627982695
    outer loop
      vertex -140.57142857142858 77.87085403501987 2.1291789934039116
      vertex -2 78.14805030077696 2.2283614054322243
      vertex -140.57142857142858 78.14805030077696 2.2283614054322243
    endloop
  endfacet
  facet normal 0 -0.42755509276037695 0.9039892934402848
    outer loop
      vertex -140.57142857142858 78.14805030077696 2.2283614054322243
      vertex -2 78.41419021040201 2.3542362079024315
      vertex -140.57142857142858 78.41419021040201 2.3542362079024315
    endloop
  endfacet
  facet normal 0 -0.5141027407673995 0.8577286120536307
    outer loop
      vertex -140.57142857142858 78.41419021040201 2.3542362079024315
      vertex -2 78.66671069711447 2.5055911615490913
      vertex -140.57142857142858 78.66671069711447 2.5055911615490913
    endloop
  endfacet
  facet normal 0 -0.5956993071010399 0.8032075295459703
    outer loop
      vertex -140.57142857142858 78.66671069711447 2.5055911615490913
      vertex -2 78.90317985415459 2.6809686422348022
      vertex -140.57142857142858 78.90317985415459 2.6809686422348022
    endloop
  endfacet
  facet normal 0 -0.6715589499566086 0.7409511297873682
    outer loop
      vertex -140.57142857142858 78.90317985415459 2.6809686422348022
      vertex -2 79.1213203445077 2.8786796554923058
      vertex -140.57142857142858 79.1213203445077 2.8786796554923058
    endloop
  endfacet
  facet normal 0 -0.7409511297873682 0.6715589499566086
    outer loop
      vertex -140.57142857142858 79.1213203445077 2.8786796554923058
      vertex -2 79.3190313577652 3.096820145845413
      vertex -140.57142857142858 79.3190313577652 3.096820145845413
    endloop
  endfacet
  facet normal 0 -0.8032075295459703 0.5956993071010399
    outer loop
      vertex -140.57142857142858 79.3190313577652 3.096820145845413
      vertex -2 79.49440883845091 3.3332893028855324
      vertex -140.57142857142858 79.49440883845091 3.3332893028855324
    endloop
  endfacet
  facet normal 0 -0.8577286120536307 0.5141027407673995
    outer loop
      vertex -140.57142857142858 79.49440883845091 3.3332893028855324
      vertex -2 79.64576379209757 3.585809789597988
      vertex -140.57142857142858 79.64576379209757 3.585809789597988
    endloop
  endfacet
  facet normal 0 -0.9039892934402848 0.42755509276037695
    outer loop
      vertex -140.57142857142858 79.64576379209757 3.585809789597988
      vertex -2 79.77163859456778 3.8519496992230415
      vertex -140.57142857142858 79.77163859456778 3.8519496992230415
    endloop
  endfacet
  facet normal 0 -0.9415440627982695 0.3368898600571533
    outer loop
      vertex -140.57142857142858 79.77163859456778 3.8519496992230415
      vertex -2 79.87082100659609 4.129145964980125
      vertex -140.57142857142858 79.87082100659609 4.129145964980125
    endloop
  endfacet
  facet normal 0 -0.9700312537050005 0.24298017786540685
    outer loop
      vertex -140.57142857142858 79.87082100659609 4.129145964980125
      vertex -2 79.94235584139824 4.414729036390781
      vertex -140.57142857142858 79.94235584139824 4.414729036390781
    endloop
  endfacet
  facet normal 0 -0.9891765091791461 0.14673047975168188
    outer loop
      vertex -140.57142857142858 79.94235584139824 4.414729036390781
      vertex -2 79.98555418103933 4.705948576331139
      vertex -140.57142857142858 79.98555418103933 4.705948576331139
    endloop
  endfacet
  facet normal 0 -0.9987954563973425 0.049067670415704694
    outer loop
      vertex -140.57142857142858 79.98555418103933 4.705948576331139
      vertex -2 80 5
      vertex -140.57142857142858 80 5
    endloop
  endfacet
  facet normal 0 -1 0
    outer loop
      vertex -140.57142857142858 80 5
      vertex -2 80 41
      vertex -140.57142857142858 80 41
    endloop
  endfacet
  facet normal 0 0.5141027407673995 0.8577286120536307
    outer loop
      vertex -140.57142857142858 3.3332893028855324 2.5055911615490913
      vertex -2 3.3332893028855324 2.5055911615490913
      vertex -2 3.585809789597988 2.3542362079024315
    endloop
  endfacet
  facet normal 0 0.42755509276037695 0.9039892934402848
    outer loop
      vertex -140.57142857142858 3.585809789597988 2.3542362079024315
      vertex -2 3.585809789597988 2.3542362079024315
      vertex -2 3.8519496992230415 2.2283614054322243
    endloop
  endfacet
  facet normal 0 0.5956993071010399 0.8032075295459703
    outer loop
      vertex -140.57142857142858 3.096820145845413 2.6809686422348022
      vertex -2 3.096820145845413 2.6809686422348022
      vertex -2 3.3332893028855324 2.5055911615490913
    endloop
  endfacet
  facet normal 0 0.6715589499566086 0.7409511297873682
    outer loop
      vertex -140.57142857142858 2.8786796554923058 2.8786796554923058
      vertex -2 2.8786796554923058 2.8786796554923058
      vertex -2 3.096820145845413 2.6809686422348022
    endloop
  endfacet
  facet normal 0 0.7409511297873682 0.6715589499566086
    outer loop
      vertex -140.57142857142858 2.6809686422348022 3.096820145845413
      vertex -2 2.6809686422348022 3.096820145845413
      vertex -2 2.8786796554923058 2.8786796554923058
    endloop
  endfacet
  facet normal 0 0.8032075295459703 0.5956993071010399
    outer loop
      vertex -140.57142857142858 2.5055911615490913 3.3332893028855324
      vertex -2 2.5055911615490913 3.3332893028855324
      vertex -2 2.6809686422348022 3.096820145845413
    endloop
  endfacet
  facet normal 0 0.24298017786540685 0.9700312537050005
    outer loop
      vertex -140.57142857142858 4.129145964980125 2.1291789934039116
      vertex -2 4.129145964980125 2.1291789934039116
      vertex -2 4.414729036390781 2.057644158601761
    endloop
  endfacet
  facet normal 0 0.3368898600571533 0.9415440627982695
    outer loop
      vertex -140.57142857142858 3.8519496992230415 2.2283614054322243
      vertex -2 3.8519496992230415 2.2283614054322243
      vertex -2 4.129145964980125 2.1291789934039116
    endloop
  endfacet
  facet normal 0 0.14673047975168188 0.9891765091791461
    outer loop
      vertex -140.57142857142858 4.414729036390781 2.057644158601761
      vertex -2 4.414729036390781 2.057644158601761
      vertex -2 4.705948576331139 2.0144458189606667
    endloop
  endfacet
  facet normal 0 0.049067670415704694 0.9987954563973425
    outer loop
      vertex -140.57142857142858 4.705948576331139 2.0144458189606667
      vertex -2 4.705948576331139 2.0144458189606667
      vertex -2 5 2
    endloop
  endfacet
  facet normal 0 0.8577286120536307 0.5141027407673995
    outer loop
      vertex -140.57142857142858 2.3542362079024315 3.585809789597988
      vertex -2 2.3542362079024315 3.585809789597988
      vertex -2 2.5055911615490913 3.3332893028855324
    endloop
  endfacet
  facet normal 0 0.9039892934402848 0.42755509276037695
    outer loop
      vertex -140.57142857142858 2.2283614054322243 3.8519496992230415
      vertex -2 2.2283614054322243 3.8519496992230415
      vertex -2 2.3542362079024315 3.585809789597988
    endloop
  endfacet
  facet normal 0 0.9415440627982695 0.3368898600571533
    outer loop
      vertex -140.57142857142858 2.1291789934039116 4.129145964980125
      vertex -2 2.1291789934039116 4.129145964980125
      vertex -2 2.2283614054322243 3.8519496992230415
    endloop
  endfacet
  facet normal 0 0.9700312537050005 0.24298017786540685
    outer loop
      vertex -140.57142857142858 2.057644158601761 4.414729036390781
      vertex -2 2.057644158601761 4.414729036390781
      vertex -2 2.1291789934039116 4.129145964980125
    endloop
  endfacet
  facet normal 0 0.9891765091791461 0.14673047975168188
    outer loop
      vertex -140.57142857142858 2.0144458189606667 4.705948576331139
      vertex -2 2.0144458189606667 4.705948576331139
      vertex -2 2.057644158601761 4.414729036390781
    endloop
  endfacet
  facet normal 0 0.9987954563973425 0.049067670415704694
    outer loop
      vertex -140.57142857142858 2 5
      vertex -2 2 5
      vertex -2 2.0144458189606667 4.705948576331139
    endloop
  endfacet
  facet normal 0 0 1
    outer loop
      vertex -140.57142857142858 5 2
      vertex -2 5 2
      vertex -2 9.5 2
    endloop
  endfacet
  facet normal 0 0 1
    outer loop
      vertex -140.57142857142858 5 2
      vertex -2 9.5 2
      vertex -2 12.5 2
    endloop
  endfacet
  facet normal 0 0 1
    outer loop
      vertex -140.57142857142858 5 2
      vertex -2 12.5 2
      vertex -2 15.5 2
    endloop
  endfacet
  facet normal 0 0 1
    outer loop
      vertex -140.57142857142858 5 2
      vertex -2 15.5 2
      vertex -2 18.5 2
    endloop
  endfacet
  facet normal 0 0 1
    outer loop
      vertex -140.57142857142858 5 2
      vertex -2 18.5 2
      vertex -2 21.5 2
    endloop
  endfacet
  facet normal 0 0 1
    outer loop
      vertex -140.57142857142858 5 2
      vertex -2 21.5 2
      vertex -2 24.5 2
    endloop
  endfacet
  facet normal 0 0 1
    outer loop
      vertex -140.57142857142858 8 2
      vertex -2 24.5 2
      vertex -2 27.5 2
    endloop
  endfacet
  facet normal 0 0 1
    outer loop
      vertex -140.57142857142858 8 2
      vertex -2 27.5 2
      vertex -2 30.5 2
    endloop
  endfacet
  facet normal 0 0 1
    outer loop
      vertex -140.57142857142858 8 2
      vertex -2 30.5 2
      vertex -2 33.5 2
    endloop
  endfacet
  facet normal 0 0 1
    outer loop
      vertex -140.57142857142858 8 2
      vertex -2 33.5 2
      vertex -2 36.5 2
    endloop
  endfacet
  facet normal 0 0 1
    outer loop
      vertex -140.57142857142858 8 2
      vertex -2 36.5 2
      vertex -2 39.5 2
    endloop
  endfacet
  facet normal 0 0 1
    outer loop
      vertex -140.57142857142858 8 2
      vertex -2 39.5 2
      vertex -2 42.5 2
    endloop
  endfacet
  facet normal 0 0 1
    outer loop
      vertex -140.57142857142858 8 2
      vertex -2 42.5 2
      vertex -2 45.5 2
    endloop
  endfacet
  facet normal 0 0 1
    outer loop
      vertex -140.57142857142858 8 2
      vertex -2 45.5 2
      vertex -2 48.5 2
    endloop
  endfacet
  facet normal 0 0 1
    outer loop
      vertex -140.57142857142858 8 2
      vertex -2 48.5 2
      vertex -2 51.5 2
    endloop
  endfacet
  facet normal 0 0 1
    outer loop
      vertex -140.57142857142858 8 2
      vertex -2 51.5 2
      vertex -2 54.5 2
    endloop
  endfacet
  facet normal 0 0 1
    outer loop
      vertex -140.57142857142858 8 2
      vertex -2 54.5 2
      vertex -2 57.5 2
    endloop
  endfacet
  facet normal -1 0 0
    outer loop
      vertex -2 2.8786796554923058 2.8786796554923058
      vertex -2 2.6809686422348022 3.096820145845413
      vertex -2 2 41
    endloop
  endfacet
  facet normal -1 0 0
    outer loop
      vertex -2 2.5055911615490913 3.3332893028855324
      vertex -2 2 41
      vertex -2 2.6809686422348022 3.096820145845413
    endloop
  endfacet
  facet normal -1 0 0
    outer loop
      vertex -2 2.2283614054322243 3.8519496992230415
      vertex -2 2 41
      vertex -2 2.3542362079024315 3.585809789597988
    endloop
  endfacet
  facet normal -1 0 0
    outer loop
      vertex -2 2.2283614054322243 3.8519496992230415
      vertex -2 2.1291789934039116 4.129145964980125
      vertex -2 2 41
    endloop
  endfacet
  facet normal -1 0 0
    outer loop
      vertex -2 2.5055911615490913 3.3332893028855324
      vertex -2 2.3542362079024315 3.585809789597988
      vertex -2 2 41
    endloop
  endfacet
  facet normal -1 0 0
    outer loop
      vertex -2 2.1291789934039116 4.129145964980125
      vertex -2 2.057644158601761 4.414729036390781
      vertex -2 2 41
    endloop
  endfacet
  facet normal -1 0 0
    outer loop
      vertex -2 2.057644158601761 4.414729036390781
      vertex -2 2.0144458189606667 4.705948576331139
      vertex -2 2 41
    endloop
  endfacet
  facet normal -1 0 0
    outer loop
      vertex -2 2.0144458189606667 4.705948576331139
      vertex -2 2 5
      vertex -2 2 41
    endloop
  endfacet
  facet normal -1 0 0
    outer loop
      vertex -2 3.3332893028855324 2.5055911615490913
      vertex -2 3.096820145845413 2.6809686422348022
      vertex -2 2 41
    endloop
  endfacet
  facet normal -1 0 0
    outer loop
      vertex -2 3.585809789597988 2.3542362079024315
      vertex -2 2 41
      vertex -2 3.8519496992230415 2.2283614054322243
    endloop
  endfacet
  facet normal -1 0 0
    outer loop
      vertex -2 3.3332893028855324 2.5055911615490913
      vertex -2 2 41
      vertex -2 3.585809789597988 2.3542362079024315
    endloop
  endfacet
  facet normal -1 0 0
    outer loop
      vertex -2 4.414729036390781 2.057644158601761
      vertex -2 2 41
      vertex -2 4.705948576331139 2.0144458189606667
    endloop
  endfacet
  facet normal -1 0 0
    outer loop
      vertex -2 3.8519496992230415 2.2283614054322243
      vertex -2 2 41
      vertex -2 4.129145964980125 2.1291789934039116
    endloop
  endfacet
  facet normal -1 0 0
    outer loop
      vertex -2 4.129145964980125 2.1291789934039116
      vertex -2 2 41
      vertex -2 4.414729036390781 2.057644158601761
    endloop
  endfacet
  facet normal -1 0 0
    outer loop
      vertex -2 4.705948576331139 2.0144458189606667
      vertex -2 2 41
      vertex -2 5 2
    endloop
  endfacet
  facet normal -1 0 0
    outer loop
      vertex -2 2.8786796554923058 2.8786796554923058
      vertex -2 2 41
      vertex -2 3.096820145845413 2.6809686422348022
    endloop
  endfacet
  facet normal -1 0 0
    outer loop
      vertex -2 5 2
      vertex -2 2 41
      vertex -2 9.5 2
    endloop
  endfacet
  facet normal -1 0 0
    outer loop
      vertex -2 12.5 2
      vertex -2 12.5 41
      vertex -2 15.5 2
    endloop
  endfacet
  facet normal -1 0 0
    outer loop
      vertex -2 18.5 2
      vertex -2 18.5 41
      vertex -2 21.5 2
    endloop
  endfacet
  facet normal -1 0 0
    outer loop
      vertex -2 24.5 2
      vertex -2 24.5 41
      vertex -2 27.5 2
    endloop
  endfacet
  facet normal -1 0 0
    outer loop
      vertex -2 30.5 2
      vertex -2 30.5 41
      vertex -2 33.5 2
    endloop
  endfacet
  facet normal -1 0 0
    outer loop
      vertex -2 36.5 2
      vertex -2 36.5 41
      vertex -2 39.5 2
    endloop
  endfacet
  facet normal 0 1 0
    outer loop
      vertex -140.57142857142858 2 41
      vertex -2 2 41
      vertex -2 2 5
    endloop
  endfacet
  facet normal -1 0 0
    outer loop
      vertex -2 9.5 2
      vertex -2 2 41
      vertex -2 9.5 41
    endloop
  endfacet
  facet normal -1 0 0
    outer loop
      vertex -2 15.5 2
      vertex -2 12.5 41
      vertex -2 15.5 41
    endloop
  endfacet
  facet normal -1 0 0
    outer loop
      vertex -2 21.5 2
      vertex -2 18.5 41
      vertex -2 21.5 41
    endloop
  endfacet
  facet normal -1 0 0
    outer loop
      vertex -2 27.5 2
      vertex -2 24.5 41
      vertex -2 27.5 41
    endloop
  endfacet
  facet normal -1 0 0
    outer loop
      vertex -2 33.5 2
      vertex -2 30.5 41
      vertex -2 33.5 41
    endloop
  endfacet
  facet normal -1 0 0
    outer loop
      vertex -2 39.5 2
      vertex -2 36.5 41
      vertex -2 39.5 41
    endloop
  endfacet
  facet normal 0 0 1
    outer loop
      vertex -140.57142857142858 8 2
      vertex -2 57.5 2
      vertex -2 60.5 2
    endloop
  endfacet
  facet normal 0 0 1
    outer loop
      vertex -140.57142857142858 8 2
      vertex -2 60.5 2
      vertex -2 63.5 2
    endloop
  endfacet
  facet normal 0 0 1
    outer loop
      vertex -140.57142857142858 8 2
      vertex -2 63.5 2
      vertex -2 66.5 2
    endloop
  endfacet
  facet normal 0 0 1
    outer loop
      vertex -140.57142857142858 8 2
      vertex -2 66.5 2
      vertex -2 69.5 2
    endloop
  endfacet
  facet normal 0 0 1
    outer loop
      vertex -140.57142857142858 8 2
      vertex -2 69.5 2
      vertex -2 72.5 2
    endloop
  endfacet
  facet normal 0 0 1
    outer loop
      vertex -140.57142857142858 8 2
      vertex -2 72.5 2
      vertex -2 77 2
    endloop
  endfacet
  facet normal 0 -0.049067670415704694 0.9987954563973425
    outer loop
      vertex -140.57142857142858 77 2
      vertex -2 77 2
      vertex -2 77.29405142366886 2.0144458189606667
    endloop
  endfacet
  facet normal 0 -0.14673047975168188 0.9891765091791461
    outer loop
      vertex -140.57142857142858 77.29405142366886 2.0144458189606667
      vertex -2 77.29405142366886 2.0144458189606667
      vertex -2 77.58527096360922 2.057644158601761
    endloop
  endfacet
  facet normal 0 -0.24298017786540685 0.9700312537050005
    outer loop
      vertex -140.57142857142858 77.58527096360922 2.057644158601761
      vertex -2 77.58527096360922 2.057644158601761
      vertex -2 77.87085403501987 2.1291789934039116
    endloop
  endfacet
  facet normal 0 -0.3368898600571533 0.9415440627982695
    outer loop
      vertex -140.57142857142858 77.87085403501987 2.1291789934039116
      vertex -2 77.87085403501987 2.1291789934039116
      vertex -2 78.14805030077696 2.2283614054322243
    endloop
  endfacet
  facet normal 0 -0.42755509276037695 0.9039892934402848
    outer loop
      vertex -140.57142857142858 78.14805030077696 2.2283614054322243
      vertex -2 78.14805030077696 2.2283614054322243
      vertex -2 78.41419021040201 2.3542362079024315
    endloop
  endfacet
  facet normal 0 -0.5141027407673995 0.8577286120536307
    outer loop
      vertex -140.57142857142858 78.41419021040201 2.3542362079024315
      vertex -2 78.41419021040201 2.3542362079024315
      vertex -2 78.66671069711447 2.5055911615490913
    endloop
  endfacet
  facet normal 0 -0.5956993071010399 0.8032075295459703
    outer loop
      vertex -140.57142857142858 78.66671069711447 2.5055911615490913
      vertex -2 78.66671069711447 2.5055911615490913
      vertex -2 78.90317985415459 2.6809686422348022
    endloop
  endfacet
  facet normal 0 -0.6715589499566086 0.7409511297873682
    outer loop
      vertex -140.57142857142858 78.90317985415459 2.6809686422348022
      vertex -2 78.90317985415459 2.6809686422348022
      vertex -2 79.1213203445077 2.8786796554923058
    endloop
  endfacet
  facet normal 0 -0.7409511297873682 0.6715589499566086
    outer loop
      vertex -140.57142857142858 79.1213203445077 2.8786796554923058
      vertex -2 79.1213203445077 2.8786796554923058
      vertex -2 79.3190313577652 3.096820145845413
    endloop
  endfacet
  facet normal 0 -0.8032075295459703 0.5956993071010399
    outer loop
      vertex -140.57142857142858 79.3190313577652 3.096820145845413
      vertex -2 79.3190313577652 3.096820145845413
      vertex -2 79.49440883845091 3.3332893028855324
    endloop
  endfacet
  facet normal 0 -0.8577286120536307 0.5141027407673995
    outer loop
      vertex -140.57142857142858 79.49440883845091 3.3332893028855324
      vertex -2 79.49440883845091 3.3332893028855324
      vertex -2 79.64576379209757 3.585809789597988
    endloop
  endfacet
  facet normal 0 -0.9039892934402848 0.42755509276037695
    outer loop
      vertex -140.57142857142858 79.64576379209757 3.585809789597988
      vertex -2 79.64576379209757 3.585809789597988
      vertex -2 79.77163859456778 3.8519496992230415
    endloop
  endfacet
  facet normal 0 -0.9415440627982695 0.3368898600571533
    outer loop
      vertex -140.57142857142858 79.77163859456778 3.8519496992230415
      vertex -2 79.77163859456778 3.8519496992230415
      vertex -2 79.87082100659609 4.129145964980125
    endloop
  endfacet
  facet normal 0 -0.9700312537050005 0.24298017786540685
    outer loop
      vertex -140.57142857142858 79.87082100659609 4.129145964980125
      vertex -2 79.87082100659609 4.129145964980125
      vertex -2 79.94235584139824 4.414729036390781
    endloop
  endfacet
  facet normal 0 -0.9891765091791461 0.14673047975168188
    outer loop
      vertex -140.57142857142858 79.94235584139824 4.414729036390781
      vertex -2 79.94235584139824 4.414729036390781
      vertex -2 79.98555418103933 4.705948576331139
    endloop
  endfacet
  facet normal 0 -0.9987954563973425 0.049067670415704694
    outer loop
      vertex -140.57142857142858 79.98555418103933 4.705948576331139
      vertex -2 79.98555418103933 4.705948576331139
      vertex -2 80 5
    endloop
  endfacet
  facet normal 0 -1 0
    outer loop
      vertex -140.57142857142858 80 5
      vertex -2 80 5
      vertex -2 80 41
    endloop
  endfacet
  facet normal -1 0 0
    outer loop
      vertex -2 42.5 2
      vertex -2 42.5 41
      vertex -2 45.5 2
    endloop
  endfacet
  facet normal -1 0 0
    outer loop
      vertex -2 48.5 2
      vertex -2 48.5 41
      vertex -2 51.5 2
    endloop
  endfacet
  facet normal -1 0 0
    outer loop
      vertex -2 54.5 2
      vertex -2 54.5 41
      vertex -2 57.5 2
    endloop
  endfacet
  facet normal -1 0 0
    outer loop
      vertex -2 60.5 2
      vertex -2 60.5 41
      vertex -2 63.5 2
    endloop
  endfacet
  facet normal -1 0 0
    outer loop
      vertex -2 66.5 2
      vertex -2 66.5 41
      vertex -2 69.5 2
    endloop
  endfacet
  facet normal -1 0 0
    outer loop
      vertex -2 72.5 2
      vertex -2 72.5 41
      vertex -2 77 2
    endloop
  endfacet
  facet normal -1 0 0
    outer loop
      vertex -2 77 2
      vertex -2 72.5 41
      vertex -2 77.29405142366886 2.0144458189606667
    endloop
  endfacet
  facet normal -1 0 0
    outer loop
      vertex -2 77.29405142366886 2.0144458189606667
      vertex -2 72.5 41
      vertex -2 77.58527096360922 2.057644158601761
    endloop
  endfacet
  facet normal -1 0 0
    outer loop
      vertex -2 77.58527096360922 2.057644158601761
      vertex -2 72.5 41
      vertex -2 77.87085403501987 2.1291789934039116
    endloop
  endfacet
  facet normal -1 0 0
    outer loop
      vertex -2 77.87085403501987 2.1291789934039116
      vertex -2 72.5 41
      vertex -2 78.14805030077696 2.2283614054322243
    endloop
  endfacet
  facet normal -1 0 0
    outer loop
      vertex -2 78.14805030077696 2.2283614054322243
      vertex -2 72.5 41
      vertex -2 78.41419021040201 2.3542362079024315
    endloop
  endfacet
  facet normal -1 0 0
    outer loop
      vertex -2 78.41419021040201 2.3542362079024315
      vertex -2 72.5 41
      vertex -2 78.66671069711447 2.5055911615490913
    endloop
  endfacet
  facet normal -1 0 0
    outer loop
      vertex -2 78.66671069711447 2.5055911615490913
      vertex -2 72.5 41
      vertex -2 78.90317985415459 2.6809686422348022
    endloop
  endfacet
  facet normal -1 0 0
    outer loop
      vertex -2 78.90317985415459 2.6809686422348022
      vertex -2 72.5 41
      vertex -2 79.1213203445077 2.8786796554923058
    endloop
  endfacet
  facet normal -1 0 0
    outer loop
      vertex -2 79.1213203445077 2.8786796554923058
      vertex -2 72.5 41
      vertex -2 79.3190313577652 3.096820145845413
    endloop
  endfacet
  facet normal -1 0 0
    outer loop
      vertex -2 79.3190313577652 3.096820145845413
      vertex -2 72.5 41
      vertex -2 79.49440883845091 3.3332893028855324
    endloop
  endfacet
  facet normal -1 0 0
    outer loop
      vertex -2 79.49440883845091 3.3332893028855324
      vertex -2 72.5 41
      vertex -2 79.64576379209757 3.585809789597988
    endloop
  endfacet
  facet normal -1 0 0
    outer loop
      vertex -2 79.64576379209757 3.585809789597988
      vertex -2 72.5 41
      vertex -2 79.77163859456778 3.8519496992230415
    endloop
  endfacet
  facet normal -1 0 0
    outer loop
      vertex -2 79.77163859456778 3.8519496992230415
      vertex -2 72.5 41
      vertex -2 79.87082100659609 4.129145964980125
    endloop
  endfacet
  facet normal -1 0 0
    outer loop
      vertex -2 79.87082100659609 4.129145964980125
      vertex -2 72.5 41
      vertex -2 79.94235584139824 4.414729036390781
    endloop
  endfacet
  facet normal -1 0 0
    outer loop
      vertex -2 79.94235584139824 4.414729036390781
      vertex -2 72.5 41
      vertex -2 79.98555418103933 4.705948576331139
    endloop
  endfacet
  facet normal -1 0 0
    outer loop
      vertex -2 79.98555418103933 4.705948576331139
      vertex -2 72.5 41
      vertex -2 80 5
    endloop
  endfacet
  facet normal -1 0 0
    outer loop
      vertex -2 45.5 2
      vertex -2 42.5 41
      vertex -2 45.5 41
    endloop
  endfacet
  facet normal -1 0 0
    outer loop
      vertex -2 51.5 2
      vertex -2 48.5 41
      vertex -2 51.5 41
    endloop
  endfacet
  facet normal -1 0 0
    outer loop
      vertex -2 57.5 2
      vertex -2 54.5 41
      vertex -2 57.5 41
    endloop
  endfacet
  facet normal -1 0 0
    outer loop
      vertex -2 63.5 2
      vertex -2 60.5 41
      vertex -2 63.5 41
    endloop
  endfacet
  facet normal -1 0 0
    outer loop
      vertex -2 69.5 2
      vertex -2 66.5 41
      vertex -2 69.5 41
    endloop
  endfacet
  facet normal -1 0 0
    outer loop
      vertex -2 80 5
      vertex -2 72.5 41
      vertex -2 80 41
    endloop
  endfacet
  facet normal 0 0 1
    outer loop
      vertex -164 0 41
      vertex -140.57142857142858 2 41
      vertex -164 2 41
    endloop
  endfacet
  facet normal 0 0 1
    outer loop
      vertex -164 0 41
      vertex -2 2 41
      vertex -140.57142857142858 2 41
    endloop
  endfacet
  facet normal 0 0 1
    outer loop
      vertex -164 80 41
      vertex -140.57142857142858 80 41
      vertex -164 82 41
    endloop
  endfacet
  facet normal 0 0 1
    outer loop
      vertex -164 82 41
      vertex -140.57142857142858 80 41
      vertex -2 80 41
    endloop
  endfacet
  facet normal 0 0 1
    outer loop
      vertex -164 0 41
      vertex 0 0 41
      vertex -2 2 41
    endloop
  endfacet
  facet normal 0 0 1
    outer loop
      vertex -2 2 41
      vertex 0 0 41
      vertex -2 9.5 41
    endloop
  endfacet
  facet normal 0 0 1
    outer loop
      vertex -2 9.5 41
      vertex 0 0 41
      vertex 0 3 41
    endloop
  endfacet
  facet normal 0 0 1
    outer loop
      vertex -2 9.5 41
      vertex 0 3 41
      vertex 0 9 41
    endloop
  endfacet
  facet normal 0 0 1
    outer loop
      vertex -2 9.5 41
      vertex 0 9 41
      vertex 0 9.5 41
    endloop
  endfacet
  facet normal 0 0 1
    outer loop
      vertex -2 12.5 41
      vertex 0 12.5 41
      vertex -2 15.5 41
    endloop
  endfacet
  facet normal 0 0 1
    outer loop
      vertex -2 15.5 41
      vertex 0 12.5 41
      vertex 0 15.5 41
    endloop
  endfacet
  facet normal 0 0 1
    outer loop
      vertex -2 18.5 41
      vertex 0 18.5 41
      vertex -2 21.5 41
    endloop
  endfacet
  facet normal 0 0 1
    outer loop
      vertex 0 18.5 41
      vertex 0 21.5 41
      vertex -2 21.5 41
    endloop
  endfacet
  facet normal 0 0 1
    outer loop
      vertex -2 24.5 41
      vertex 0 24.5 41
      vertex -2 27.5 41
    endloop
  endfacet
  facet normal 0 0 1
    outer loop
      vertex -2 27.5 41
      vertex 0 24.5 41
      vertex 0 27.5 41
    endloop
  endfacet
  facet normal 0 0 1
    outer loop
      vertex -2 30.5 41
      vertex 0 30.5 41
      vertex -2 33.5 41
    endloop
  endfacet
  facet normal 0 0 1
    outer loop
      vertex -2 33.5 41
      vertex 0 30.5 41
      vertex 0 33.5 41
    endloop
  endfacet
  facet normal 0 0 1
    outer loop
      vertex -2 36.5 41
      vertex 0 36.5 41
      vertex -2 39.5 41
    endloop
  endfacet
  facet normal 0 0 1
    outer loop
      vertex -2 39.5 41
      vertex 0 36.5 41
      vertex 0 39.5 41
    endloop
  endfacet
  facet normal 0 0 1
    outer loop
      vertex -164 82 41
      vertex -2 80 41
      vertex 0 82 41
    endloop
  endfacet
  facet normal 0 0 1
    outer loop
      vertex -2 42.5 41
      vertex 0 42.5 41
      vertex -2 45.5 41
    endloop
  endfacet
  facet normal 0 0 1
    outer loop
      vertex -2 45.5 41
      vertex 0 42.5 41
      vertex 0 45.5 41
    endloop
  endfacet
  facet normal 0 0 1
    outer loop
      vertex -2 48.5 41
      vertex 0 48.5 41
      vertex -2 51.5 41
    endloop
  endfacet
  facet normal 0 0 1
    outer loop
      vertex -2 51.5 41
      vertex 0 48.5 41
      vertex 0 51.5 41
    endloop
  endfacet
  facet normal 0 0 1
    outer loop
      vertex -2 54.5 41
      vertex 0 54.5 41
      vertex -2 57.5 41
    endloop
  endfacet
  facet normal 0 0 1
    outer loop
      vertex -2 57.5 41
      vertex 0 54.5 41
      vertex 0 57.5 41
    endloop
  endfacet
  facet normal 0 0 1
    outer loop
      vertex -2 60.5 41
      vertex 0 60.5 41
      vertex -2 63.5 41
    endloop
  endfacet
  facet normal 0 0 1
    outer loop
      vertex 0 60.5 41
      vertex 0 63.5 41
      vertex -2 63.5 41
    endloop
  endfacet
  facet normal 0 0 1
    outer loop
      vertex -2 66.5 41
      vertex 0 66.5 41
      vertex -2 69.5 41
    endloop
  endfacet
  facet normal 0 0 1
    outer loop
      vertex -2 69.5 41
      vertex 0 66.5 41
      vertex 0 69.5 41
    endloop
  endfacet
  facet normal 0 0 1
    outer loop
      vertex -2 72.5 41
      vertex 0 72.5 41
      vertex -2 80 41
    endloop
  endfacet
  facet normal 0 0 1
    outer loop
      vertex -2 80 41
      vertex 0 72.5 41
      vertex 0 73 41
    endloop
  endfacet
  facet normal 0 0 1
    outer loop
      vertex -2 80 41
      vertex 0 73 41
      vertex 0 79 41
    endloop
  endfacet
  facet normal 0 0 1
    outer loop
      vertex -2 80 41
      vertex 0 79 41
      vertex 0 82 41
    endloop
  endfacet
  facet normal -1 0 0
    outer loop
      vertex -164 2 5
      vertex -164 2 8
      vertex -164 8 8
    endloop
  endfacet
  facet normal -1 0 0
    outer loop
      vertex -164 2.2283614054322243 3.8519496992230415
      vertex -164 2.1291789934039116 4.129145964980125
      vertex -164 80 8
    endloop
  endfacet
  facet normal -1 0 0
    outer loop
      vertex -164 2.1291789934039116 4.129145964980125
      vertex -164 2.057644158601761 4.414729036390781
      vertex -164 80 8
    endloop
  endfacet
  facet normal -1 0 0
    outer loop
      vertex -164 2.057644158601761 4.414729036390781
      vertex -164 2.0144458189606667 4.705948576331139
      vertex -164 80 8
    endloop
  endfacet
  facet normal -1 0 0
    outer loop
      vertex -164 2.0144458189606667 4.705948576331139
      vertex -164 2 5
      vertex -164 80 8
    endloop
  endfacet
  facet normal -1 0 0
    outer loop
      vertex -164 3.3332893028855324 2.5055911615490913
      vertex -164 80 8
      vertex -164 3.585809789597988 2.3542362079024315
    endloop
  endfacet
  facet normal -1 0 0
    outer loop
      vertex -164 3.585809789597988 2.3542362079024315
      vertex -164 80 8
      vertex -164 3.8519496992230415 2.2283614054322243
    endloop
  endfacet
  facet normal -1 0 0
    outer loop
      vertex -164 3.8519496992230415 2.2283614054322243
      vertex -164 80 8
      vertex -164 4.129145964980125 2.1291789934039116
    endloop
  endfacet
  facet normal -1 0 0
    outer loop
      vertex -164 3.3332893028855324 2.5055911615490913
      vertex -164 3.096820145845413 2.6809686422348022
      vertex -164 80 8
    endloop
  endfacet
  facet normal -1 0 0
    outer loop
      vertex -164 2.8786796554923058 2.8786796554923058
      vertex -164 80 8
      vertex -164 3.096820145845413 2.6809686422348022
    endloop
  endfacet
  facet normal -1 0 0
    outer loop
      vertex -164 2.8786796554923058 2.8786796554923058
      vertex -164 2.6809686422348022 3.096820145845413
      vertex -164 80 8
    endloop
  endfacet
  facet normal -1 0 0
    outer loop
      vertex -164 2.5055911615490913 3.3332893028855324
      vertex -164 80 8
      vertex -164 2.6809686422348022 3.096820145845413
    endloop
  endfacet
  facet normal -1 0 0
    outer loop
      vertex -164 2.5055911615490913 3.3332893028855324
      vertex -164 2.3542362079024315 3.585809789597988
      vertex -164 80 8
    endloop
  endfacet
  facet normal -1 0 0
    outer loop
      vertex -164 2.2283614054322243 3.8519496992230415
      vertex -164 80 8
      vertex -164 2.3542362079024315 3.585809789597988
    endloop
  endfacet
  facet normal -1 0 0
    outer loop
      vertex -164 4.129145964980125 2.1291789934039116
      vertex -164 80 8
      vertex -164 4.414729036390781 2.057644158601761
    endloop
  endfacet
  facet normal -1 0 0
    outer loop
      vertex -164 4.414729036390781 2.057644158601761
      vertex -164 80 8
      vertex -164 4.705948576331139 2.0144458189606667
    endloop
  endfacet
  facet normal -1 0 0
    outer loop
      vertex -164 4.705948576331139 2.0144458189606667
      vertex -164 80 8
      vertex -164 5 2
    endloop
  endfacet
  facet normal 1 0 0
    outer loop
      vertex -162 8 2
      vertex -162 74 8
      vertex -162 8 8
    endloop
  endfacet
  facet normal -1 0 0
    outer loop
      vertex -164 2 5
      vertex -164 8 8
      vertex -164 74 8
    endloop
  endfacet
  facet normal 0 0 1
    outer loop
      vertex -164 8 8
      vertex -162 8 8
      vertex -164 74 8
    endloop
  endfacet
  facet normal -1 0 0
    outer loop
      vertex -164 5 2
      vertex -164 77.29405142366886 2.0144458189606667
      vertex -164 77 2
    endloop
  endfacet
  facet normal -1 0 0
    outer loop
      vertex -164 5 2
      vertex -164 77.58527096360922 2.057644158601761
      vertex -164 77.29405142366886 2.0144458189606667
    endloop
  endfacet
  facet normal -1 0 0
    outer loop
      vertex -164 5 2
      vertex -164 77.87085403501987 2.1291789934039116
      vertex -164 77.58527096360922 2.057644158601761
    endloop
  endfacet
  facet normal -1 0 0
    outer loop
      vertex -164 5 2
      vertex -164 78.14805030077696 2.2283614054322243
      vertex -164 77.87085403501987 2.1291789934039116
    endloop
  endfacet
  facet normal -1 0 0
    outer loop
      vertex -164 5 2
      vertex -164 78.41419021040201 2.3542362079024315
      vertex -164 78.14805030077696 2.2283614054322243
    endloop
  endfacet
  facet normal -1 0 0
    outer loop
      vertex -164 5 2
      vertex -164 78.66671069711447 2.5055911615490913
      vertex -164 78.41419021040201 2.3542362079024315
    endloop
  endfacet
  facet normal -1 0 0
    outer loop
      vertex -164 5 2
      vertex -164 78.90317985415459 2.6809686422348022
      vertex -164 78.66671069711447 2.5055911615490913
    endloop
  endfacet
  facet normal -1 0 0
    outer loop
      vertex -164 5 2
      vertex -164 79.1213203445077 2.8786796554923058
      vertex -164 78.90317985415459 2.6809686422348022
    endloop
  endfacet
  facet normal -1 0 0
    outer loop
      vertex -164 5 2
      vertex -164 79.3190313577652 3.096820145845413
      vertex -164 79.1213203445077 2.8786796554923058
    endloop
  endfacet
  facet normal -1 0 0
    outer loop
      vertex -164 5 2
      vertex -164 79.49440883845091 3.3332893028855324
      vertex -164 79.3190313577652 3.096820145845413
    endloop
  endfacet
  facet normal -1 0 0
    outer loop
      vertex -164 5 2
      vertex -164 79.64576379209757 3.585809789597988
      vertex -164 79.49440883845091 3.3332893028855324
    endloop
  endfacet
  facet normal -1 0 0
    outer loop
      vertex -164 5 2
      vertex -164 79.77163859456778 3.8519496992230415
      vertex -164 79.64576379209757 3.585809789597988
    endloop
  endfacet
  facet normal -1 0 0
    outer loop
      vertex -164 5 2
      vertex -164 79.87082100659609 4.129145964980125
      vertex -164 79.77163859456778 3.8519496992230415
    endloop
  endfacet
  facet normal 1 0 0
    outer loop
      vertex -162 8 2
      vertex -162 74 2
      vertex -162 74 8
    endloop
  endfacet
  facet normal -1 0 0
    outer loop
      vertex -164 5 2
      vertex -164 79.94235584139824 4.414729036390781
      vertex -164 79.87082100659609 4.129145964980125
    endloop
  endfacet
  facet normal -1 0 0
    outer loop
      vertex -164 5 2
      vertex -164 79.98555418103933 4.705948576331139
      vertex -164 79.94235584139824 4.414729036390781
    endloop
  endfacet
  facet normal -1 0 0
    outer loop
      vertex -164 5 2
      vertex -164 80 5
      vertex -164 79.98555418103933 4.705948576331139
    endloop
  endfacet
  facet normal -1 0 0
    outer loop
      vertex -164 5 2
      vertex -164 80 8
      vertex -164 80 5
    endloop
  endfacet
  facet normal -1 0 0
    outer loop
      vertex -164 2 5
      vertex -164 74 8
      vertex -164 80 8
    endloop
  endfacet
  facet normal 0 0 1
    outer loop
      vertex -162 8 8
      vertex -162 74 8
      vertex -164 74 8
    endloop
  endfacet
  facet normal 0 0 -1
    outer loop
      vertex 0 3 2.36
      vertex 0 9 2.36
      vertex 0.2599999999999998 3 2.36
    endloop
  endfacet
  facet normal 0 0 -1
    outer loop
      vertex 0.2599999999999998 3 2.36
      vertex 0 9 2.36
      vertex 0.2599999999999998 9 2.36
    endloop
  endfacet
  facet normal 0 -1 0
    outer loop
      vertex 0 3 2.36
      vertex 0.2599999999999998 3 2.36
      vertex 23.428571428571427 3 25.52857142857143
    endloop
  endfacet
  facet normal 0 1 0
    outer loop
      vertex 0 9 2.36
      vertex 0 9 41
      vertex 0.2599999999999998 9 2.36
    endloop
  endfacet
  facet normal 0 -1 0
    outer loop
      vertex 0 3 2.36
      vertex 23.428571428571427 3 25.52857142857143
      vertex 23.428571428571427 3 41
    endloop
  endfacet
  facet normal 0 1 0
    outer loop
      vertex 0.2599999999999998 9 2.36
      vertex 23.428571428571427 9 41
      vertex 23.428571428571427 9 25.52857142857143
    endloop
  endfacet
  facet normal 0 -1 0
    outer loop
      vertex 0 3 2.36
      vertex 23.428571428571427 3 41
      vertex 0 3 41
    endloop
  endfacet
  facet normal 0 1 0
    outer loop
      vertex 0.2599999999999998 9 2.36
      vertex 0 9 41
      vertex 23.428571428571427 9 41
    endloop
  endfacet
  facet normal 1 0 0
    outer loop
      vertex 23.428571428571427 3 25.52857142857143
      vertex 23.428571428571427 9 25.52857142857143
      vertex 23.428571428571427 3 41
    endloop
  endfacet
  facet normal 0 0 1
    outer loop
      vertex 0 3 41
      vertex 2 4.5 41
      vertex 2 7.5 41
    endloop
  endfacet
  facet normal 0 0 1
    outer loop
      vertex 0 3 41
      vertex 23.428571428571427 3 41
      vertex 2 4.5 41
    endloop
  endfacet
  facet normal 0 0 1
    outer loop
      vertex 0 3 41
      vertex 2 7.5 41
      vertex 0 9 41
    endloop
  endfacet
  facet normal 0 0 1
    outer loop
      vertex 0 9 41
      vertex 2 7.5 41
      vertex 21.428571428571427 7.5 41
    endloop
  endfacet
  facet normal 0 0 1
    outer loop
      vertex 23.428571428571427 3 41
      vertex 21.428571428571427 4.5 41
      vertex 2 4.5 41
    endloop
  endfacet
  facet normal 1 0 0
    outer loop
      vertex 23.428571428571427 9 25.52857142857143
      vertex 23.428571428571427 9 41
      vertex 23.428571428571427 3 41
    endloop
  endfacet
  facet normal 0 0 1
    outer loop
      vertex 0 9 41
      vertex 21.428571428571427 7.5 41
      vertex 23.428571428571427 9 41
    endloop
  endfacet
  facet normal 0 0 1
    outer loop
      vertex 23.428571428571427 3 41
      vertex 23.428571428571427 9 41
      vertex 21.428571428571427 4.5 41
    endloop
  endfacet
  facet normal 0 0 1
    outer loop
      vertex 23.428571428571427 9 41
      vertex 21.428571428571427 7.5 41
      vertex 21.428571428571427 4.5 41
    endloop
  endfacet
  facet normal 0.7071067811865477 -1.8047039754985914e-16 -0.7071067811865474
    outer loop
      vertex 0.2599999999999998 3 2.36
      vertex 2 7.5 4.1
      vertex 2 4.5 4.1000000000000005
    endloop
  endfacet
  facet normal 0.7071067811865474 0 -0.7071067811865476
    outer loop
      vertex 0.2599999999999998 3 2.36
      vertex 0.2599999999999998 9 2.36
      vertex 2 7.5 4.1
    endloop
  endfacet
  facet normal 0.7071067811865477 0 -0.7071067811865475
    outer loop
      vertex 0.2599999999999998 3 2.36
      vertex 2 4.5 4.1000000000000005
      vertex 21.428571428571427 4.5 23.52857142857143
    endloop
  endfacet
  facet normal 0.7071067811865476 2.1421327531567961e-16 -0.7071067811865476
    outer loop
      vertex 0.2599999999999998 9 2.36
      vertex 17.636428571428567 7.5 19.73642857142857
      vertex 2 7.5 4.1
    endloop
  endfacet
  facet normal 0.7071067811865476 0 -0.7071067811865475
    outer loop
      vertex 0.2599999999999998 3 2.36
      vertex 21.428571428571427 4.5 23.52857142857143
      vertex 23.428571428571427 3 25.52857142857143
    endloop
  endfacet
  facet normal 0.7071067811865476 1.1565773362771098e-15 -0.7071067811865475
    outer loop
      vertex 0.2599999999999998 9 2.36
      vertex 23.428571428571427 9 25.52857142857143
      vertex 17.636428571428567 7.5 19.73642857142857
    endloop
  endfacet
  facet normal 0.7071067811865475 0 -0.7071067811865475
    outer loop
      vertex 23.428571428571427 9 25.52857142857143
      vertex 21.428571428571427 4.5 23.52857142857143
      vertex 17.636428571428567 7.5 19.73642857142857
    endloop
  endfacet
  facet normal 0.7071067811865476 0 -0.7071067811865476
    outer loop
      vertex 23.428571428571427 3 25.52857142857143
      vertex 21.428571428571427 4.5 23.52857142857143
      vertex 23.428571428571427 9 25.52857142857143
    endloop
  endfacet
  facet normal 0 0 -1
    outer loop
      vertex 0 73 2.36
      vertex 0 79 2.36
      vertex 0.2599999999999998 73 2.36
    endloop
  endfacet
  facet normal 0 0 -1
    outer loop
      vertex 0.2599999999999998 73 2.36
      vertex 0 79 2.36
      vertex 0.2599999999999998 79 2.36
    endloop
  endfacet
  facet normal 0 -1 0
    outer loop
      vertex 0 73 2.36
      vertex 0.2599999999999998 73 2.36
      vertex 23.428571428571427 73 25.52857142857143
    endloop
  endfacet
  facet normal 0 1 0
    outer loop
      vertex 0 79 2.36
      vertex 0 79 41
      vertex 0.2599999999999998 79 2.36
    endloop
  endfacet
  facet normal 0 -1 0
    outer loop
      vertex 0 73 2.36
      vertex 23.428571428571427 73 25.52857142857143
      vertex 23.428571428571427 73 41
    endloop
  endfacet
  facet normal 0 1 0
    outer loop
      vertex 0.2599999999999998 79 2.36
      vertex 23.428571428571427 79 41
      vertex 23.428571428571427 79 25.52857142857143
    endloop
  endfacet
  facet normal 0 -1 0
    outer loop
      vertex 0 73 2.36
      vertex 23.428571428571427 73 41
      vertex 0 73 41
    endloop
  endfacet
  facet normal 0 1 0
    outer loop
      vertex 0.2599999999999998 79 2.36
      vertex 0 79 41
      vertex 23.428571428571427 79 41
    endloop
  endfacet
  facet normal 1 0 0
    outer loop
      vertex 23.428571428571427 73 25.52857142857143
      vertex 23.428571428571427 79 25.52857142857143
      vertex 23.428571428571427 73 41
    endloop
  endfacet
  facet normal 0 0 1
    outer loop
      vertex 0 73 41
      vertex 2 74.5 41
      vertex 2 77.5 41
    endloop
  endfacet
  facet normal 0 0 1
    outer loop
      vertex 0 73 41
      vertex 2 77.5 41
      vertex 0 79 41
    endloop
  endfacet
  facet normal 0 0 1
    outer loop
      vertex 0 73 41
      vertex 23.428571428571427 73 41
      vertex 2 74.5 41
    endloop
  endfacet
  facet normal 0 0 1
    outer loop
      vertex 0 79 41
      vertex 2 77.5 41
      vertex 21.428571428571427 77.5 41
    endloop
  endfacet
  facet normal 0 0 1
    outer loop
      vertex 23.428571428571427 73 41
      vertex 21.428571428571427 74.5 41
      vertex 2 74.5 41
    endloop
  endfacet
  facet normal 0 0 1
    outer loop
      vertex 23.428571428571427 73 41
      vertex 23.428571428571427 79 41
      vertex 21.428571428571427 74.5 41
    endloop
  endfacet
  facet normal 1 0 0
    outer loop
      vertex 23.428571428571427 79 25.52857142857143
      vertex 23.428571428571427 79 41
      vertex 23.428571428571427 73 41
    endloop
  endfacet
  facet normal 0 0 1
    outer loop
      vertex 0 79 41
      vertex 21.428571428571427 77.5 41
      vertex 23.428571428571427 79 41
    endloop
  endfacet
  facet normal 0 0 1
    outer loop
      vertex 23.428571428571427 79 41
      vertex 21.428571428571427 77.5 41
      vertex 21.428571428571427 74.5 41
    endloop
  endfacet
  facet normal 0.7071067811865474 0 -0.7071067811865476
    outer loop
      vertex 0.2599999999999998 73 2.36
      vertex 0.2599999999999998 79 2.36
      vertex 2 77.5 4.1
    endloop
  endfacet
  facet normal 0.7071067811865477 -1.8047039754985914e-16 -0.7071067811865474
    outer loop
      vertex 0.2599999999999998 73 2.36
      vertex 2 77.5 4.1
      vertex 2 74.5 4.1000000000000005
    endloop
  endfacet
  facet normal 0.7071067811865477 0 -0.7071067811865475
    outer loop
      vertex 0.2599999999999998 73 2.36
      vertex 2 74.5 4.1000000000000005
      vertex 21.428571428571427 74.5 23.52857142857143
    endloop
  endfacet
  facet normal 0.7071067811865476 2.1421327531567979e-16 -0.7071067811865476
    outer loop
      vertex 0.2599999999999998 79 2.36
      vertex 17.636428571428553 77.5 19.736428571428554
      vertex 2 77.5 4.1
    endloop
  endfacet
  facet normal 0.7071067811865476 0 -0.7071067811865475
    outer loop
      vertex 0.2599999999999998 73 2.36
      vertex 21.428571428571427 74.5 23.52857142857143
      vertex 23.428571428571427 73 25.52857142857143
    endloop
  endfacet
  facet normal 0.7071067811865476 1.1565773362771098e-15 -0.7071067811865475
    outer loop
      vertex 0.2599999999999998 79 2.36
      vertex 23.428571428571427 79 25.52857142857143
      vertex 17.636428571428553 77.5 19.736428571428554
    endloop
  endfacet
  facet normal 0.7071067811865476 0 -0.7071067811865476
    outer loop
      vertex 23.428571428571427 73 25.52857142857143
      vertex 21.428571428571427 74.5 23.52857142857143
      vertex 23.428571428571427 79 25.52857142857143
    endloop
  endfacet
  facet normal 0.7071067811865476 0 -0.7071067811865476
    outer loop
      vertex 23.428571428571427 79 25.52857142857143
      vertex 21.428571428571427 74.5 23.52857142857143
      vertex 17.636428571428553 77.5 19.736428571428554
    endloop
  endfacet
  facet normal -1 0 0
    outer loop
      vertex 2 4.5 55.074285714285715
      vertex 2 7.5 41
      vertex 2 4.5 41
    endloop
  endfacet
  facet normal 0 1 0
    outer loop
      vertex 2 7.5 55.074285714285715
      vertex 21.428571428571427 7.5 41
      vertex 2 7.5 41
    endloop
  endfacet
  facet normal 0 -1 0
    outer loop
      vertex 21.428571428571427 4.5 55.074285714285715
      vertex 2 4.5 41
      vertex 21.428571428571427 4.5 41
    endloop
  endfacet
  facet normal 1 0 0
    outer loop
      vertex 21.428571428571427 7.5 55.074285714285715
      vertex 21.428571428571427 4.5 41
      vertex 21.428571428571427 7.5 41
    endloop
  endfacet
  facet normal 0 -1 0
    outer loop
      vertex 2 4.5 55.074285714285715
      vertex 2 4.5 41
      vertex 21.428571428571427 4.5 55.074285714285715
    endloop
  endfacet
  facet normal -1 0 0
    outer loop
      vertex 2 4.5 55.074285714285715
      vertex 2 7.5 55.074285714285715
      vertex 2 7.5 41
    endloop
  endfacet
  facet normal 0 0 1
    outer loop
      vertex 2 4.5 55.074285714285715
      vertex 21.428571428571427 4.5 55.074285714285715
      vertex 2 7.5 55.074285714285715
    endloop
  endfacet
  facet normal 0 1 0
    outer loop
      vertex 2 7.5 55.074285714285715
      vertex 21.428571428571427 7.5 55.074285714285715
      vertex 21.428571428571427 7.5 41
    endloop
  endfacet
  facet normal 1 0 0
    outer loop
      vertex 21.428571428571427 4.5 55.074285714285715
      vertex 21.428571428571427 4.5 41
      vertex 21.428571428571427 7.5 55.074285714285715
    endloop
  endfacet
  facet normal 0 0 1
    outer loop
      vertex 2 7.5 55.074285714285715
      vertex 21.428571428571427 4.5 55.074285714285715
      vertex 21.428571428571427 7.5 55.074285714285715
    endloop
  endfacet
  facet normal 0.7071067811865475 -2.0934566115783667e-16 -0.7071067811865475
    outer loop
      vertex 2 4.5 4.1000000000000005
      vertex 2 7.5 4.1
      vertex 21.428571428571427 4.5 23.52857142857143
    endloop
  endfacet
  facet normal 0.7071067811865476 -8.568531012627185e-16 -0.7071067811865475
    outer loop
      vertex 2 7.5 4.1
      vertex 17.636428571428567 7.5 19.73642857142857
      vertex 21.428571428571427 4.5 23.52857142857143
    endloop
  endfacet
  facet normal -1 0 0
    outer loop
      vertex 2 74.5 55.074285714285715
      vertex 2 77.5 41
      vertex 2 74.5 41
    endloop
  endfacet
  facet normal 0 1 0
    outer loop
      vertex 2 77.5 55.074285714285715
      vertex 21.428571428571427 77.5 41
      vertex 2 77.5 41
    endloop
  endfacet
  facet normal 0 -1 0
    outer loop
      vertex 21.428571428571427 74.5 55.074285714285715
      vertex 2 74.5 41
      vertex 21.428571428571427 74.5 41
    endloop
  endfacet
  facet normal 1 0 0
    outer loop
      vertex 21.428571428571427 77.5 55.074285714285715
      vertex 21.428571428571427 74.5 41
      vertex 21.428571428571427 77.5 41
    endloop
  endfacet
  facet normal -1 0 0
    outer loop
      vertex 2 74.5 55.074285714285715
      vertex 2 77.5 55.074285714285715
      vertex 2 77.5 41
    endloop
  endfacet
  facet normal 0 -1 0
    outer loop
      vertex 2 74.5 55.074285714285715
      vertex 2 74.5 41
      vertex 21.428571428571427 74.5 55.074285714285715
    endloop
  endfacet
  facet normal 0 0 1
    outer loop
      vertex 2 74.5 55.074285714285715
      vertex 21.428571428571427 74.5 55.074285714285715
      vertex 2 77.5 55.074285714285715
    endloop
  endfacet
  facet normal 1 0 0
    outer loop
      vertex 21.428571428571427 74.5 55.074285714285715
      vertex 21.428571428571427 74.5 41
      vertex 21.428571428571427 77.5 55.074285714285715
    endloop
  endfacet
  facet normal 0 0 1
    outer loop
      vertex 2 77.5 55.074285714285715
      vertex 21.428571428571427 74.5 55.074285714285715
      vertex 21.428571428571427 77.5 55.074285714285715
    endloop
  endfacet
  facet normal 0 1 0
    outer loop
      vertex 2 77.5 55.074285714285715
      vertex 21.428571428571427 77.5 55.074285714285715
      vertex 21.428571428571427 77.5 41
    endloop
  endfacet
  facet normal 0.7071067811865475 -2.0934566115783667e-16 -0.7071067811865475
    outer loop
      vertex 2 74.5 4.1000000000000005
      vertex 2 77.5 4.1
      vertex 21.428571428571427 74.5 23.52857142857143
    endloop
  endfacet
  facet normal 0.7071067811865476 -8.568531012627191e-16 -0.7071067811865475
    outer loop
      vertex 2 77.5 4.1
      vertex 17.636428571428553 77.5 19.736428571428554
      vertex 21.428571428571427 74.5 23.52857142857143
    endloop
  endfacet
  facet normal 0 1 0
    outer loop
      vertex -162 8 2
      vertex -162 8 8
      vertex -140.57142857142858 8 2
    endloop
  endfacet
  facet normal -1 0 0
    outer loop
      vertex -164 2 8
      vertex -164 2 41
      vertex -164 8 8
    endloop
  endfacet
  facet normal 0 1 0
    outer loop
      vertex -140.57142857142858 8 2
      vertex -162 8 8
      vertex -164 8 41.2
    endloop
  endfacet
  facet normal 0 1 0
    outer loop
      vertex -164 8 8
      vertex -164 8 41.2
      vertex -162 8 8
    endloop
  endfacet
  facet normal 1 0 0
    outer loop
      vertex -140.57142857142858 2.5055911615490913 3.3332893028855324
      vertex -140.57142857142858 2.6809686422348022 3.096820145845413
      vertex -140.57142857142858 2 41.2
    endloop
  endfacet
  facet normal 1 0 0
    outer loop
      vertex -140.57142857142858 2.8786796554923058 2.8786796554923058
      vertex -140.57142857142858 2 41.2
      vertex -140.57142857142858 2.6809686422348022 3.096820145845413
    endloop
  endfacet
  facet normal 1 0 0
    outer loop
      vertex -140.57142857142858 2.2283614054322243 3.8519496992230415
      vertex -140.57142857142858 2.3542362079024315 3.585809789597988
      vertex -140.57142857142858 2 41.2
    endloop
  endfacet
  facet normal 1 0 0
    outer loop
      vertex -140.57142857142858 2.5055911615490913 3.3332893028855324
      vertex -140.57142857142858 2 41.2
      vertex -140.57142857142858 2.3542362079024315 3.585809789597988
    endloop
  endfacet
  facet normal 1 0 0
    outer loop
      vertex -140.57142857142858 2.2283614054322243 3.8519496992230415
      vertex -140.57142857142858 2 41.2
      vertex -140.57142857142858 2.1291789934039116 4.129145964980125
    endloop
  endfacet
  facet normal 1 0 0
    outer loop
      vertex -140.57142857142858 2.1291789934039116 4.129145964980125
      vertex -140.57142857142858 2 41.2
      vertex -140.57142857142858 2.057644158601761 4.414729036390781
    endloop
  endfacet
  facet normal 1 0 0
    outer loop
      vertex -140.57142857142858 2.057644158601761 4.414729036390781
      vertex -140.57142857142858 2 41.2
      vertex -140.57142857142858 2.0144458189606667 4.705948576331139
    endloop
  endfacet
  facet normal 1 0 0
    outer loop
      vertex -140.57142857142858 2.0144458189606667 4.705948576331139
      vertex -140.57142857142858 2 41
      vertex -140.57142857142858 2 5
    endloop
  endfacet
  facet normal 1 0 0
    outer loop
      vertex -140.57142857142858 3.3332893028855324 2.5055911615490913
      vertex -140.57142857142858 2 41.2
      vertex -140.57142857142858 3.096820145845413 2.6809686422348022
    endloop
  endfacet
  facet normal 1 0 0
    outer loop
      vertex -140.57142857142858 3.585809789597988 2.3542362079024315
      vertex -140.57142857142858 3.8519496992230415 2.2283614054322243
      vertex -140.57142857142858 2 41.2
    endloop
  endfacet
  facet normal 1 0 0
    outer loop
      vertex -140.57142857142858 3.3332893028855324 2.5055911615490913
      vertex -140.57142857142858 3.585809789597988 2.3542362079024315
      vertex -140.57142857142858 2 41.2
    endloop
  endfacet
  facet normal 1 0 0
    outer loop
      vertex -140.57142857142858 3.8519496992230415 2.2283614054322243
      vertex -140.57142857142858 4.129145964980125 2.1291789934039116
      vertex -140.57142857142858 2 41.2
    endloop
  endfacet
  facet normal 1 0 0
    outer loop
      vertex -140.57142857142858 4.129145964980125 2.1291789934039116
      vertex -140.57142857142858 4.414729036390781 2.057644158601761
      vertex -140.57142857142858 2 41.2
    endloop
  endfacet
  facet normal 1 0 0
    outer loop
      vertex -140.57142857142858 4.414729036390781 2.057644158601761
      vertex -140.57142857142858 4.705948576331139 2.0144458189606667
      vertex -140.57142857142858 2 41.2
    endloop
  endfacet
  facet normal 1 0 0
    outer loop
      vertex -140.57142857142858 4.705948576331139 2.0144458189606667
      vertex -140.57142857142858 5 2
      vertex -140.57142857142858 2 41.2
    endloop
  endfacet
  facet normal 1 0 0
    outer loop
      vertex -140.57142857142858 2.8786796554923058 2.8786796554923058
      vertex -140.57142857142858 3.096820145845413 2.6809686422348022
      vertex -140.57142857142858 2 41.2
    endloop
  endfacet
  facet normal 1 0 0
    outer loop
      vertex -140.57142857142858 5 2
      vertex -140.57142857142858 8 2
      vertex -140.57142857142858 8 41.2
    endloop
  endfacet
  facet normal -1 0 0
    outer loop
      vertex -164 8 8
      vertex -164 2 41
      vertex -164 2 41.2
    endloop
  endfacet
  facet normal -1 0 0
    outer loop
      vertex -164 8 8
      vertex -164 2 41.2
      vertex -164 8 41.2
    endloop
  endfacet
  facet normal 1 0 0
    outer loop
      vertex -140.57142857142858 2.0144458189606667 4.705948576331139
      vertex -140.57142857142858 2 41.2
      vertex -140.57142857142858 2 41
    endloop
  endfacet
  facet normal 1 0 0
    outer loop
      vertex -140.57142857142858 5 2
      vertex -140.57142857142858 8 41.2
      vertex -140.57142857142858 2 41.2
    endloop
  endfacet
  facet normal 0 1 0
    outer loop
      vertex -140.57142857142858 8 2
      vertex -164 8 41.2
      vertex -140.57142857142858 8 41.2
    endloop
  endfacet
  facet normal 0 0 1
    outer loop
      vertex -164 2 41.2
      vertex -162 3.5 41.2
      vertex -162 6.5 41.2
    endloop
  endfacet
  facet normal 0 -1 0
    outer loop
      vertex -164 2 41
      vertex -140.57142857142858 2 41.2
      vertex -164 2 41.2
    endloop
  endfacet
  facet normal 0 0 1
    outer loop
      vertex -164 2 41.2
      vertex -140.57142857142858 2 41.2
      vertex -162 3.5 41.2
    endloop
  endfacet
  facet normal 0 0 1
    outer loop
      vertex -164 2 41.2
      vertex -162 6.5 41.2
      vertex -164 8 41.2
    endloop
  endfacet
  facet normal 0 0 1
    outer loop
      vertex -164 8 41.2
      vertex -162 6.5 41.2
      vertex -142.57142857142858 6.5 41.2
    endloop
  endfacet
  facet normal 0 -1 0
    outer loop
      vertex -164 2 41
      vertex -140.57142857142858 2 41
      vertex -140.57142857142858 2 41.2
    endloop
  endfacet
  facet normal 0 0 1
    outer loop
      vertex -140.57142857142858 2 41.2
      vertex -142.57142857142858 3.5 41.2
      vertex -162 3.5 41.2
    endloop
  endfacet
  facet normal 0 0 1
    outer loop
      vertex -140.57142857142858 2 41.2
      vertex -140.57142857142858 8 41.2
      vertex -142.57142857142858 3.5 41.2
    endloop
  endfacet
  facet normal 0 0 1
    outer loop
      vertex -164 8 41.2
      vertex -142.57142857142858 6.5 41.2
      vertex -140.57142857142858 8 41.2
    endloop
  endfacet
  facet normal 0 0 1
    outer loop
      vertex -140.57142857142858 8 41.2
      vertex -142.57142857142858 6.5 41.2
      vertex -142.57142857142858 3.5 41.2
    endloop
  endfacet
  facet normal 0 -1 0
    outer loop
      vertex -162 74 2
      vertex -140.57142857142858 74 2
      vertex -162 74 8
    endloop
  endfacet
  facet normal 1 0 0
    outer loop
      vertex -140.57142857142858 79.49440883845091 3.3332893028855324
      vertex -140.57142857142858 79.64576379209757 3.585809789597988
      vertex -140.57142857142858 80 5
    endloop
  endfacet
  facet normal 1 0 0
    outer loop
      vertex -140.57142857142858 79.64576379209757 3.585809789597988
      vertex -140.57142857142858 79.77163859456778 3.8519496992230415
      vertex -140.57142857142858 80 5
    endloop
  endfacet
  facet normal 1 0 0
    outer loop
      vertex -140.57142857142858 79.77163859456778 3.8519496992230415
      vertex -140.57142857142858 79.87082100659609 4.129145964980125
      vertex -140.57142857142858 80 5
    endloop
  endfacet
  facet normal 1 0 0
    outer loop
      vertex -140.57142857142858 79.87082100659609 4.129145964980125
      vertex -140.57142857142858 79.94235584139824 4.414729036390781
      vertex -140.57142857142858 80 5
    endloop
  endfacet
  facet normal 1 0 0
    outer loop
      vertex -140.57142857142858 79.94235584139824 4.414729036390781
      vertex -140.57142857142858 79.98555418103933 4.705948576331139
      vertex -140.57142857142858 80 5
    endloop
  endfacet
  facet normal 0 -1 0
    outer loop
      vertex -164 74 8
      vertex -162 74 8
      vertex -164 74 41.2
    endloop
  endfacet
  facet normal -1 0 0
    outer loop
      vertex -164 74 8
      vertex -164 74 41.2
      vertex -164 80 8
    endloop
  endfacet
  facet normal 0 -1 0
    outer loop
      vertex -140.57142857142858 74 2
      vertex -140.57142857142858 74 41.2
      vertex -162 74 8
    endloop
  endfacet
  facet normal 1 0 0
    outer loop
      vertex -140.57142857142858 74 2
      vertex -140.57142857142858 77 2
      vertex -140.57142857142858 74 41.2
    endloop
  endfacet
  facet normal 1 0 0
    outer loop
      vertex -140.57142857142858 77 2
      vertex -140.57142857142858 77.29405142366886 2.0144458189606667
      vertex -140.57142857142858 74 41.2
    endloop
  endfacet
  facet normal 1 0 0
    outer loop
      vertex -140.57142857142858 77.29405142366886 2.0144458189606667
      vertex -140.57142857142858 77.58527096360922 2.057644158601761
      vertex -140.57142857142858 74 41.2
    endloop
  endfacet
  facet normal 1 0 0
    outer loop
      vertex -140.57142857142858 77.58527096360922 2.057644158601761
      vertex -140.57142857142858 77.87085403501987 2.1291789934039116
      vertex -140.57142857142858 74 41.2
    endloop
  endfacet
  facet normal 1 0 0
    outer loop
      vertex -140.57142857142858 77.87085403501987 2.1291789934039116
      vertex -140.57142857142858 78.14805030077696 2.2283614054322243
      vertex -140.57142857142858 74 41.2
    endloop
  endfacet
  facet normal 1 0 0
    outer loop
      vertex -140.57142857142858 78.14805030077696 2.2283614054322243
      vertex -140.57142857142858 78.41419021040201 2.3542362079024315
      vertex -140.57142857142858 74 41.2
    endloop
  endfacet
  facet normal 1 0 0
    outer loop
      vertex -140.57142857142858 78.41419021040201 2.3542362079024315
      vertex -140.57142857142858 78.66671069711447 2.5055911615490913
      vertex -140.57142857142858 74 41.2
    endloop
  endfacet
  facet normal 1 0 0
    outer loop
      vertex -140.57142857142858 78.66671069711447 2.5055911615490913
      vertex -140.57142857142858 78.90317985415459 2.6809686422348022
      vertex -140.57142857142858 74 41.2
    endloop
  endfacet
  facet normal 1 0 0
    outer loop
      vertex -140.57142857142858 78.90317985415459 2.6809686422348022
      vertex -140.57142857142858 79.1213203445077 2.8786796554923058
      vertex -140.57142857142858 74 41.2
    endloop
  endfacet
  facet normal 1 0 0
    outer loop
      vertex -140.57142857142858 79.1213203445077 2.8786796554923058
      vertex -140.57142857142858 79.3190313577652 3.096820145845413
      vertex -140.57142857142858 74 41.2
    endloop
  endfacet
  facet normal 1 0 0
    outer loop
      vertex -140.57142857142858 79.3190313577652 3.096820145845413
      vertex -140.57142857142858 79.49440883845091 3.3332893028855324
      vertex -140.57142857142858 74 41.2
    endloop
  endfacet
  facet normal 1 0 0
    outer loop
      vertex -140.57142857142858 79.49440883845091 3.3332893028855324
      vertex -140.57142857142858 80 5
      vertex -140.57142857142858 74 41.2
    endloop
  endfacet
  facet normal 0 -1 0
    outer loop
      vertex -162 74 8
      vertex -140.57142857142858 74 41.2
      vertex -164 74 41.2
    endloop
  endfacet
  facet normal -1 0 0
    outer loop
      vertex -164 80 8
      vertex -164 74 41.2
      vertex -164 80 41
    endloop
  endfacet
  facet normal 1 0 0
    outer loop
      vertex -140.57142857142858 80 5
      vertex -140.57142857142858 80 41
      vertex -140.57142857142858 74 41.2
    endloop
  endfacet
  facet normal 0 0 1
    outer loop
      vertex -164 74 41.2
      vertex -162 75.5 41.2
      vertex -162 78.5 41.2
    endloop
  endfacet
  facet normal 0 0 1
    outer loop
      vertex -164 74 41.2
      vertex -140.57142857142858 74 41.2
      vertex -162 75.5 41.2
    endloop
  endfacet
  facet normal 0 0 1
    outer loop
      vertex -164 74 41.2
      vertex -162 78.5 41.2
      vertex -164 80 41.2
    endloop
  endfacet
  facet normal -1 0 0
    outer loop
      vertex -164 74 41.2
      vertex -164 80 41.2
      vertex -164 80 41
    endloop
  endfacet
  facet normal 0 0 1
    outer loop
      vertex -164 80 41.2
      vertex -162 78.5 41.2
      vertex -142.57142857142858 78.5 41.2
    endloop
  endfacet
  facet normal 0 1 0
    outer loop
      vertex -164 80 41
      vertex -164 80 41.2
      vertex -140.57142857142858 80 41
    endloop
  endfacet
  facet normal 0 0 1
    outer loop
      vertex -140.57142857142858 74 41.2
      vertex -142.57142857142858 75.5 41.2
      vertex -162 75.5 41.2
    endloop
  endfacet
  facet normal 0 0 1
    outer loop
      vertex -140.57142857142858 74 41.2
      vertex -140.57142857142858 80 41.2
      vertex -142.57142857142858 75.5 41.2
    endloop
  endfacet
  facet normal 0 0 1
    outer loop
      vertex -164 80 41.2
      vertex -142.57142857142858 78.5 41.2
      vertex -140.57142857142858 80 41.2
    endloop
  endfacet
  facet normal 0 1 0
    outer loop
      vertex -164 80 41.2
      vertex -140.57142857142858 80 41.2
      vertex -140.57142857142858 80 41
    endloop
  endfacet
  facet normal 0 0 1
    outer loop
      vertex -140.57142857142858 80 41.2
      vertex -142.57142857142858 78.5 41.2
      vertex -142.57142857142858 75.5 41.2
    endloop
  endfacet
  facet normal 1 0 0
    outer loop
      vertex -140.57142857142858 74 41.2
      vertex -140.57142857142858 80 41
      vertex -140.57142857142858 80 41.2
    endloop
  endfacet
  facet normal -1 0 0
    outer loop
      vertex -162 3.5 54.714285714285715
      vertex -162 6.5 41.2
      vertex -162 3.5 41.2
    endloop
  endfacet
  facet normal 0 1 0
    outer loop
      vertex -162 6.5 54.714285714285715
      vertex -142.57142857142858 6.5 41.2
      vertex -162 6.5 41.2
    endloop
  endfacet
  facet normal 0 -1 0
    outer loop
      vertex -142.57142857142858 3.5 54.714285714285715
      vertex -162 3.5 41.2
      vertex -142.57142857142858 3.5 41.2
    endloop
  endfacet
  facet normal 1 0 0
    outer loop
      vertex -142.57142857142858 6.5 54.714285714285715
      vertex -142.57142857142858 3.5 41.2
      vertex -142.57142857142858 6.5 41.2
    endloop
  endfacet
  facet normal 0 -1 0
    outer loop
      vertex -162 3.5 54.714285714285715
      vertex -162 3.5 41.2
      vertex -142.57142857142858 3.5 54.714285714285715
    endloop
  endfacet
  facet normal 0 0 1
    outer loop
      vertex -162 3.5 54.714285714285715
      vertex -142.57142857142858 3.5 54.714285714285715
      vertex -162 6.5 54.714285714285715
    endloop
  endfacet
  facet normal -1 0 0
    outer loop
      vertex -162 3.5 54.714285714285715
      vertex -162 6.5 54.714285714285715
      vertex -162 6.5 41.2
    endloop
  endfacet
  facet normal 1 0 0
    outer loop
      vertex -142.57142857142858 3.5 54.714285714285715
      vertex -142.57142857142858 3.5 41.2
      vertex -142.57142857142858 6.5 54.714285714285715
    endloop
  endfacet
  facet normal 0 1 0
    outer loop
      vertex -162 6.5 54.714285714285715
      vertex -142.57142857142858 6.5 54.714285714285715
      vertex -142.57142857142858 6.5 41.2
    endloop
  endfacet
  facet normal 0 0 1
    outer loop
      vertex -162 6.5 54.714285714285715
      vertex -142.57142857142858 3.5 54.714285714285715
      vertex -142.57142857142858 6.5 54.714285714285715
    endloop
  endfacet
  facet normal -1 0 0
    outer loop
      vertex -162 75.5 54.714285714285715
      vertex -162 78.5 41.2
      vertex -162 75.5 41.2
    endloop
  endfacet
  facet normal 0 1 0
    outer loop
      vertex -162 78.5 54.714285714285715
      vertex -142.57142857142858 78.5 41.2
      vertex -162 78.5 41.2
    endloop
  endfacet
  facet normal 0 -1 0
    outer loop
      vertex -142.57142857142858 75.5 54.714285714285715
      vertex -162 75.5 41.2
      vertex -142.57142857142858 75.5 41.2
    endloop
  endfacet
  facet normal 1 0 0
    outer loop
      vertex -142.57142857142858 78.5 54.714285714285715
      vertex -142.57142857142858 75.5 41.2
      vertex -142.57142857142858 78.5 41.2
    endloop
  endfacet
  facet normal 0 -1 0
    outer loop
      vertex -162 75.5 54.714285714285715
      vertex -162 75.5 41.2
      vertex -142.57142857142858 75.5 54.714285714285715
    endloop
  endfacet
  facet normal 0 0 1
    outer loop
      vertex -162 75.5 54.714285714285715
      vertex -142.57142857142858 75.5 54.714285714285715
      vertex -162 78.5 54.714285714285715
    endloop
  endfacet
  facet normal -1 0 0
    outer loop
      vertex -162 75.5 54.714285714285715
      vertex -162 78.5 54.714285714285715
      vertex -162 78.5 41.2
    endloop
  endfacet
  facet normal 1 0 0
    outer loop
      vertex -142.57142857142858 75.5 54.714285714285715
      vertex -142.57142857142858 75.5 41.2
      vertex -142.57142857142858 78.5 54.714285714285715
    endloop
  endfacet
  facet normal 0 1 0
    outer loop
      vertex -162 78.5 54.714285714285715
      vertex -142.57142857142858 78.5 54.714285714285715
      vertex -142.57142857142858 78.5 41.2
    endloop
  endfacet
  facet normal 0 0 1
    outer loop
      vertex -162 78.5 54.714285714285715
      vertex -142.57142857142858 75.5 54.714285714285715
      vertex -142.57142857142858 78.5 54.714285714285715
    endloop
  endfacet
endsolid OpenSCAD_Model
