solid OpenSCAD_Model
  facet normal 0 0 1
    outer loop
      vertex -1 9.5 1
      vertex 0 9.5 1
      vertex -1 12.5 1
    endloop
  endfacet
  facet normal 0 0 1
    outer loop
      vertex 0 9.5 1
      vertex 0 12.5 1
      vertex -1 12.5 1
    endloop
  endfacet
  facet normal 0 1 0
    outer loop
      vertex -1 9.5 1
      vertex 0 9.5 41
      vertex 0 9.5 1
    endloop
  endfacet
  facet normal 0 -1 0
    outer loop
      vertex -1 12.5 1
      vertex 0 12.5 1
      vertex -1 12.5 41
    endloop
  endfacet
  facet normal 0 1 0
    outer loop
      vertex -1 9.5 1
      vertex -1 9.5 41
      vertex 0 9.5 41
    endloop
  endfacet
  facet normal 0 -1 0
    outer loop
      vertex 0 12.5 1
      vertex 0 12.5 41
      vertex -1 12.5 41
    endloop
  endfacet
  facet normal 0 0 1
    outer loop
      vertex -1 15.5 1
      vertex 0 15.5 1
      vertex -1 18.5 1
    endloop
  endfacet
  facet normal 0 0 1
    outer loop
      vertex 0 15.5 1
      vertex 0 18.5 1
      vertex -1 18.5 1
    endloop
  endfacet
  facet normal 0 1 0
    outer loop
      vertex -1 15.5 1
      vertex 0 15.5 41
      vertex 0 15.5 1
    endloop
  endfacet
  facet normal 0 -1 0
    outer loop
      vertex -1 18.5 1
      vertex 0 18.5 1
      vertex -1 18.5 41
    endloop
  endfacet
  facet normal 0 1 0
    outer loop
      vertex -1 15.5 1
      vertex -1 15.5 41
      vertex 0 15.5 41
    endloop
  endfacet
  facet normal 0 -1 0
    outer loop
      vertex 0 18.5 1
      vertex 0 18.5 41
      vertex -1 18.5 41
    endloop
  endfacet
  facet normal 0 0 1
    outer loop
      vertex -1 21.5 1
      vertex 0 21.5 1
      vertex -1 24.5 1
    endloop
  endfacet
  facet normal 0 0 1
    outer loop
      vertex 0 21.5 1
      vertex 0 24.5 1
      vertex -1 24.5 1
    endloop
  endfacet
  facet normal 0 1 0
    outer loop
      vertex -1 21.5 1
      vertex 0 21.5 41
      vertex 0 21.5 1
    endloop
  endfacet
  facet normal 0 -1 0
    outer loop
      vertex -1 24.5 1
      vertex 0 24.5 1
      vertex -1 24.5 41
    endloop
  endfacet
  facet normal 0 1 0
    outer loop
      vertex -1 21.5 1
      vertex -1 21.5 41
      vertex 0 21.5 41
    endloop
  endfacet
  facet normal 0 -1 0
    outer loop
      vertex 0 24.5 1
      vertex 0 24.5 41
      vertex -1 24.5 41
    endloop
  endfacet
  facet normal 0 0 1
    outer loop
      vertex -1 27.5 1
      vertex 0 27.5 1
      vertex -1 30.5 1
    endloop
  endfacet
  facet normal 0 0 1
    outer loop
      vertex 0 27.5 1
      vertex 0 30.5 1
      vertex -1 30.5 1
    endloop
  endfacet
  facet normal 0 1 0
    outer loop
      vertex -1 27.5 1
      vertex 0 27.5 41
      vertex 0 27.5 1
    endloop
  endfacet
  facet normal 0 -1 0
    outer loop
      vertex -1 30.5 1
      vertex 0 30.5 1
      vertex -1 30.5 41
    endloop
  endfacet
  facet normal 0 1 0
    outer loop
      vertex -1 27.5 1
      vertex -1 27.5 41
      vertex 0 27.5 41
    endloop
  endfacet
  facet normal 0 -1 0
    outer loop
      vertex 0 30.5 1
      vertex 0 30.5 41
      vertex -1 30.5 41
    endloop
  endfacet
  facet normal 0 0 1
    outer loop
      vertex -1 33.5 1
      vertex 0 33.5 1
      vertex -1 36.5 1
    endloop
  endfacet
  facet normal 0 0 1
    outer loop
      vertex 0 33.5 1
      vertex 0 36.5 1
      vertex -1 36.5 1
    endloop
  endfacet
  facet normal 0 1 0
    outer loop
      vertex -1 33.5 1
      vertex 0 33.5 41
      vertex 0 33.5 1
    endloop
  endfacet
  facet normal 0 -1 0
    outer loop
      vertex -1 36.5 1
      vertex 0 36.5 1
      vertex -1 36.5 41
    endloop
  endfacet
  facet normal 0 1 0
    outer loop
      vertex -1 33.5 1
      vertex -1 33.5 41
      vertex 0 33.5 41
    endloop
  endfacet
  facet normal 0 -1 0
    outer loop
      vertex 0 36.5 1
      vertex 0 36.5 41
      vertex -1 36.5 41
    endloop
  endfacet
  facet normal 0 0 1
    outer loop
      vertex -1 39.5 1
      vertex 0 39.5 1
      vertex -1 42.5 1
    endloop
  endfacet
  facet normal 0 1 0
    outer loop
      vertex -1 39.5 1
      vertex 0 39.5 41
      vertex 0 39.5 1
    endloop
  endfacet
  facet normal 0 1 0
    outer loop
      vertex -1 39.5 1
      vertex -1 39.5 41
      vertex 0 39.5 41
    endloop
  endfacet
  facet normal 0 0 1
    outer loop
      vertex 0 39.5 1
      vertex 0 42.5 1
      vertex -1 42.5 1
    endloop
  endfacet
  facet normal 0 -1 0
    outer loop
      vertex -1 42.5 1
      vertex 0 42.5 1
      vertex -1 42.5 41
    endloop
  endfacet
  facet normal 0 -1 0
    outer loop
      vertex 0 42.5 1
      vertex 0 42.5 41
      vertex -1 42.5 41
    endloop
  endfacet
  facet normal 0 0 1
    outer loop
      vertex -1 45.5 1
      vertex 0 45.5 1
      vertex -1 48.5 1
    endloop
  endfacet
  facet normal 0 0 1
    outer loop
      vertex 0 45.5 1
      vertex 0 48.5 1
      vertex -1 48.5 1
    endloop
  endfacet
  facet normal 0 1 0
    outer loop
      vertex -1 45.5 1
      vertex 0 45.5 41
      vertex 0 45.5 1
    endloop
  endfacet
  facet normal 0 -1 0
    outer loop
      vertex -1 48.5 1
      vertex 0 48.5 1
      vertex -1 48.5 41
    endloop
  endfacet
  facet normal 0 1 0
    outer loop
      vertex -1 45.5 1
      vertex -1 45.5 41
      vertex 0 45.5 41
    endloop
  endfacet
  facet normal 0 -1 0
    outer loop
      vertex 0 48.5 1
      vertex 0 48.5 41
      vertex -1 48.5 41
    endloop
  endfacet
  facet normal 0 0 1
    outer loop
      vertex -1 51.5 1
      vertex 0 51.5 1
      vertex -1 54.5 1
    endloop
  endfacet
  facet normal 0 0 1
    outer loop
      vertex 0 51.5 1
      vertex 0 54.5 1
      vertex -1 54.5 1
    endloop
  endfacet
  facet normal 0 1 0
    outer loop
      vertex -1 51.5 1
      vertex 0 51.5 41
      vertex 0 51.5 1
    endloop
  endfacet
  facet normal 0 -1 0
    outer loop
      vertex -1 54.5 1
      vertex 0 54.5 1
      vertex -1 54.5 41
    endloop
  endfacet
  facet normal 0 1 0
    outer loop
      vertex -1 51.5 1
      vertex -1 51.5 41
      vertex 0 51.5 41
    endloop
  endfacet
  facet normal 0 -1 0
    outer loop
      vertex 0 54.5 1
      vertex 0 54.5 41
      vertex -1 54.5 41
    endloop
  endfacet
  facet normal 0 0 1
    outer loop
      vertex -1 57.5 1
      vertex 0 57.5 1
      vertex -1 60.5 1
    endloop
  endfacet
  facet normal 0 0 1
    outer loop
      vertex 0 57.5 1
      vertex 0 60.5 1
      vertex -1 60.5 1
    endloop
  endfacet
  facet normal 0 1 0
    outer loop
      vertex -1 57.5 1
      vertex 0 57.5 41
      vertex 0 57.5 1
    endloop
  endfacet
  facet normal 0 -1 0
    outer loop
      vertex -1 60.5 1
      vertex 0 60.5 1
      vertex -1 60.5 41
    endloop
  endfacet
  facet normal 0 1 0
    outer loop
      vertex -1 57.5 1
      vertex -1 57.5 41
      vertex 0 57.5 41
    endloop
  endfacet
  facet normal 0 -1 0
    outer loop
      vertex 0 60.5 1
      vertex 0 60.5 41
      vertex -1 60.5 41
    endloop
  endfacet
  facet normal 0 0 1
    outer loop
      vertex -1 63.5 1
      vertex 0 63.5 1
      vertex -1 66.5 1
    endloop
  endfacet
  facet normal 0 0 1
    outer loop
      vertex 0 63.5 1
      vertex 0 66.5 1
      vertex -1 66.5 1
    endloop
  endfacet
  facet normal 0 1 0
    outer loop
      vertex -1 63.5 1
      vertex 0 63.5 41
      vertex 0 63.5 1
    endloop
  endfacet
  facet normal 0 -1 0
    outer loop
      vertex -1 66.5 1
      vertex 0 66.5 1
      vertex -1 66.5 41
    endloop
  endfacet
  facet normal 0 1 0
    outer loop
      vertex -1 63.5 1
      vertex -1 63.5 41
      vertex 0 63.5 41
    endloop
  endfacet
  facet normal 0 -1 0
    outer loop
      vertex 0 66.5 1
      vertex 0 66.5 41
      vertex -1 66.5 41
    endloop
  endfacet
  facet normal 0 0 1
    outer loop
      vertex -1 69.5 1
      vertex 0 69.5 1
      vertex -1 72.5 1
    endloop
  endfacet
  facet normal 0 0 1
    outer loop
      vertex 0 69.5 1
      vertex 0 72.5 1
      vertex -1 72.5 1
    endloop
  endfacet
  facet normal 0 1 0
    outer loop
      vertex -1 69.5 1
      vertex 0 69.5 41
      vertex 0 69.5 1
    endloop
  endfacet
  facet normal 0 -1 0
    outer loop
      vertex -1 72.5 1
      vertex 0 72.5 1
      vertex -1 72.5 41
    endloop
  endfacet
  facet normal 0 1 0
    outer loop
      vertex -1 69.5 1
      vertex -1 69.5 41
      vertex 0 69.5 41
    endloop
  endfacet
  facet normal 0 -1 0
    outer loop
      vertex 0 72.5 1
      vertex 0 72.5 41
      vertex -1 72.5 41
    endloop
  endfacet
  facet normal -1 0 0
    outer loop
      vertex -82 1.0968201458454132 0.6809686422348022
      vertex -82 1.3542362079024315 2.585809789597988
      vertex -82 1.3332893028855324 0.5055911615490913
    endloop
  endfacet
  facet normal -1 0 0
    outer loop
      vertex -82 1.8519496992230415 0.22836140543222427
      vertex -82 2.3332893028855324 1.5055911615490913
      vertex -82 2.1291459649801254 0.1291789934039116
    endloop
  endfacet
  facet normal -1 0 0
    outer loop
      vertex -82 2.1291459649801254 0.1291789934039116
      vertex -82 2.585809789597988 1.3542362079024315
      vertex -82 2.4147290363907814 0.057644158601760864
    endloop
  endfacet
  facet normal -1 0 0
    outer loop
      vertex -82 1.8519496992230415 0.22836140543222427
      vertex -82 1.5858097895979881 0.3542362079024315
      vertex -82 1.8786796554923058 1.8786796554923058
    endloop
  endfacet
  facet normal -1 0 0
    outer loop
      vertex -82 1.5858097895979881 0.3542362079024315
      vertex -82 1.3332893028855324 0.5055911615490913
      vertex -82 1.6809686422348022 2.096820145845413
    endloop
  endfacet
  facet normal -1 0 0
    outer loop
      vertex -82 1.8519496992230415 0.22836140543222427
      vertex -82 1.8786796554923058 1.8786796554923058
      vertex -82 2.096820145845413 1.6809686422348022
    endloop
  endfacet
  facet normal -1 0 0
    outer loop
      vertex -82 1.8519496992230415 0.22836140543222427
      vertex -82 2.096820145845413 1.6809686422348022
      vertex -82 2.3332893028855324 1.5055911615490913
    endloop
  endfacet
  facet normal -1 0 0
    outer loop
      vertex -82 2.1291459649801254 0.1291789934039116
      vertex -82 2.3332893028855324 1.5055911615490913
      vertex -82 2.585809789597988 1.3542362079024315
    endloop
  endfacet
  facet normal -1 0 0
    outer loop
      vertex -82 0.8786796554923058 0.8786796554923058
      vertex -82 1.1291789934039116 3.1291459649801254
      vertex -82 1.0968201458454132 0.6809686422348022
    endloop
  endfacet
  facet normal -1 0 0
    outer loop
      vertex -82 1.0968201458454132 0.6809686422348022
      vertex -82 1.2283614054322243 2.8519496992230415
      vertex -82 1.3542362079024315 2.585809789597988
    endloop
  endfacet
  facet normal -1 0 0
    outer loop
      vertex -82 1.0968201458454132 0.6809686422348022
      vertex -82 1.1291789934039116 3.1291459649801254
      vertex -82 1.2283614054322243 2.8519496992230415
    endloop
  endfacet
  facet normal -1 0 0
    outer loop
      vertex -82 0.8786796554923058 0.8786796554923058
      vertex -82 1.0576441586017609 3.4147290363907814
      vertex -82 1.1291789934039116 3.1291459649801254
    endloop
  endfacet
  facet normal -1 0 0
    outer loop
      vertex -82 1.5858097895979881 0.3542362079024315
      vertex -82 1.6809686422348022 2.096820145845413
      vertex -82 1.8786796554923058 1.8786796554923058
    endloop
  endfacet
  facet normal -1 0 0
    outer loop
      vertex -82 1.3332893028855324 0.5055911615490913
      vertex -82 1.5055911615490913 2.3332893028855324
      vertex -82 1.6809686422348022 2.096820145845413
    endloop
  endfacet
  facet normal -1 0 0
    outer loop
      vertex -82 1.3332893028855324 0.5055911615490913
      vertex -82 1.3542362079024315 2.585809789597988
      vertex -82 1.5055911615490913 2.3332893028855324
    endloop
  endfacet
  facet normal -1 0 0
    outer loop
      vertex -82 2.4147290363907814 0.057644158601760864
      vertex -82 2.8519496992230415 1.2283614054322243
      vertex -82 2.7059485763311386 0.014445818960666656
    endloop
  endfacet
  facet normal -1 0 0
    outer loop
      vertex -82 2.7059485763311386 0.014445818960666656
      vertex -82 3.1291459649801254 1.1291789934039116
      vertex -82 3 0
    endloop
  endfacet
  facet normal -1 0 0
    outer loop
      vertex -82 2.4147290363907814 0.057644158601760864
      vertex -82 2.585809789597988 1.3542362079024315
      vertex -82 2.8519496992230415 1.2283614054322243
    endloop
  endfacet
  facet normal -1 0 0
    outer loop
      vertex -82 2.7059485763311386 0.014445818960666656
      vertex -82 2.8519496992230415 1.2283614054322243
      vertex -82 3.1291459649801254 1.1291789934039116
    endloop
  endfacet
  facet normal -1 0 0
    outer loop
      vertex -82 3 0
      vertex -82 3.1291459649801254 1.1291789934039116
      vertex -82 3.4147290363907814 1.0576441586017609
    endloop
  endfacet
  facet normal -1 0 0
    outer loop
      vertex -82 3 0
      vertex -82 3.4147290363907814 1.0576441586017609
      vertex -82 3.7059485763311386 1.0144458189606667
    endloop
  endfacet
  facet normal -1 0 0
    outer loop
      vertex -82 3 0
      vertex -82 3.7059485763311386 1.0144458189606667
      vertex -82 4 1
    endloop
  endfacet
  facet normal -1 0 0
    outer loop
      vertex -82 0.8786796554923058 0.8786796554923058
      vertex -82 1.0144458189606667 3.7059485763311386
      vertex -82 1.0576441586017609 3.4147290363907814
    endloop
  endfacet
  facet normal -1 0 0
    outer loop
      vertex -82 0.8786796554923058 0.8786796554923058
      vertex -82 1 4
      vertex -82 1.0144458189606667 3.7059485763311386
    endloop
  endfacet
  facet normal -1 0 0
    outer loop
      vertex -82 0.8786796554923058 0.8786796554923058
      vertex -82 1 7
      vertex -82 1 4
    endloop
  endfacet
  facet normal -1 0 0
    outer loop
      vertex -82 0.5055911615490913 1.3332893028855324
      vertex -82 0.3542362079024315 1.5858097895979881
      vertex -82 1 41
    endloop
  endfacet
  facet normal -1 0 0
    outer loop
      vertex -82 0.8786796554923058 0.8786796554923058
      vertex -82 0.6809686422348022 1.0968201458454132
      vertex -82 1 41
    endloop
  endfacet
  facet normal -1 0 0
    outer loop
      vertex -82 0.6809686422348022 1.0968201458454132
      vertex -82 0.5055911615490913 1.3332893028855324
      vertex -82 1 41
    endloop
  endfacet
  facet normal -1 0 0
    outer loop
      vertex -82 0.3542362079024315 1.5858097895979881
      vertex -82 0.22836140543222427 1.8519496992230415
      vertex -82 1 41
    endloop
  endfacet
  facet normal -1 0 0
    outer loop
      vertex -82 0.22836140543222427 1.8519496992230415
      vertex -82 0.1291789934039116 2.1291459649801254
      vertex -82 1 41
    endloop
  endfacet
  facet normal -1 0 0
    outer loop
      vertex -82 0.1291789934039116 2.1291459649801254
      vertex -82 0.057644158601760864 2.4147290363907814
      vertex -82 1 41
    endloop
  endfacet
  facet normal -1 0 0
    outer loop
      vertex -82 0.057644158601760864 2.4147290363907814
      vertex -82 0.014445818960666656 2.7059485763311386
      vertex -82 1 41
    endloop
  endfacet
  facet normal -1 0 0
    outer loop
      vertex -82 0.014445818960666656 2.7059485763311386
      vertex -82 0 3
      vertex -82 1 41
    endloop
  endfacet
  facet normal -1 0 0
    outer loop
      vertex -82 0.8786796554923058 0.8786796554923058
      vertex -82 1 40.64000000059605
      vertex -82 1 7
    endloop
  endfacet
  facet normal -1 0 0
    outer loop
      vertex -82 3 0
      vertex -82 4 1
      vertex -82 78 1
    endloop
  endfacet
  facet normal 0 -0.59569930710104 -0.8032075295459704
    outer loop
      vertex -82 1.0968201458454132 0.6809686422348022
      vertex -82 1.3332893028855324 0.5055911615490913
      vertex 0 1.0968201458454132 0.6809686422348022
    endloop
  endfacet
  facet normal 0 -0.8032075295459704 -0.59569930710104
    outer loop
      vertex -82 0.6809686422348022 1.0968201458454132
      vertex 0 0.5055911615490913 1.3332893028855324
      vertex -82 0.5055911615490913 1.3332893028855324
    endloop
  endfacet
  facet normal 0 -0.6715589499566086 -0.7409511297873682
    outer loop
      vertex -82 0.8786796554923058 0.8786796554923058
      vertex -82 1.0968201458454132 0.6809686422348022
      vertex 0 0.8786796554923058 0.8786796554923058
    endloop
  endfacet
  facet normal 0 -0.7409511297873682 -0.6715589499566086
    outer loop
      vertex -82 0.8786796554923058 0.8786796554923058
      vertex 0 0.6809686422348022 1.0968201458454132
      vertex -82 0.6809686422348022 1.0968201458454132
    endloop
  endfacet
  facet normal 0 -0.42755509276037695 -0.9039892934402849
    outer loop
      vertex -82 1.8519496992230415 0.22836140543222427
      vertex 0 1.5858097895979881 0.3542362079024315
      vertex -82 1.5858097895979881 0.3542362079024315
    endloop
  endfacet
  facet normal 0 -0.5141027407673995 -0.8577286120536308
    outer loop
      vertex -82 1.5858097895979881 0.3542362079024315
      vertex 0 1.3332893028855324 0.5055911615490913
      vertex -82 1.3332893028855324 0.5055911615490913
    endloop
  endfacet
  facet normal 0 -0.24298017786540688 -0.9700312537050007
    outer loop
      vertex -82 2.1291459649801254 0.1291789934039116
      vertex -82 2.4147290363907814 0.057644158601760864
      vertex 0 2.1291459649801254 0.1291789934039116
    endloop
  endfacet
  facet normal 0 -0.3368898600571533 -0.9415440627982695
    outer loop
      vertex -82 1.8519496992230415 0.22836140543222427
      vertex -82 2.1291459649801254 0.1291789934039116
      vertex 0 1.8519496992230415 0.22836140543222427
    endloop
  endfacet
  facet normal 0 -0.14673047975168188 -0.9891765091791461
    outer loop
      vertex -82 2.4147290363907814 0.057644158601760864
      vertex -82 2.7059485763311386 0.014445818960666656
      vertex 0 2.4147290363907814 0.057644158601760864
    endloop
  endfacet
  facet normal 0 -0.8577286120536308 -0.5141027407673995
    outer loop
      vertex -82 0.5055911615490913 1.3332893028855324
      vertex 0 0.3542362079024315 1.5858097895979881
      vertex -82 0.3542362079024315 1.5858097895979881
    endloop
  endfacet
  facet normal 0 -0.9039892934402849 -0.42755509276037695
    outer loop
      vertex -82 0.3542362079024315 1.5858097895979881
      vertex 0 0.22836140543222427 1.8519496992230415
      vertex -82 0.22836140543222427 1.8519496992230415
    endloop
  endfacet
  facet normal 0 -0.9415440627982695 -0.3368898600571533
    outer loop
      vertex -82 0.22836140543222427 1.8519496992230415
      vertex 0 0.1291789934039116 2.1291459649801254
      vertex -82 0.1291789934039116 2.1291459649801254
    endloop
  endfacet
  facet normal 0 -0.9700312537050007 -0.24298017786540688
    outer loop
      vertex -82 0.1291789934039116 2.1291459649801254
      vertex 0 0.057644158601760864 2.4147290363907814
      vertex -82 0.057644158601760864 2.4147290363907814
    endloop
  endfacet
  facet normal 0 -0.0490676704157047 -0.9987954563973426
    outer loop
      vertex -82 2.7059485763311386 0.014445818960666656
      vertex -82 3 0
      vertex 0 2.7059485763311386 0.014445818960666656
    endloop
  endfacet
  facet normal 0 -0.9891765091791461 -0.14673047975168188
    outer loop
      vertex -82 0.057644158601760864 2.4147290363907814
      vertex 0 0.014445818960666656 2.7059485763311386
      vertex -82 0.014445818960666656 2.7059485763311386
    endloop
  endfacet
  facet normal 0 -0.9987954563973426 -0.0490676704157047
    outer loop
      vertex -82 0.014445818960666656 2.7059485763311386
      vertex 0 0 3
      vertex -82 0 3
    endloop
  endfacet
  facet normal 0 -1 0
    outer loop
      vertex -82 0 3
      vertex 0 0 3
      vertex -82 0 41
    endloop
  endfacet
  facet normal 0 0 -1
    outer loop
      vertex -82 3 0
      vertex -82 79 0
      vertex 0 3 0
    endloop
  endfacet
  facet normal -1 0 0
    outer loop
      vertex -82 0.8786796554923058 0.8786796554923058
      vertex -82 1 41
      vertex -82 1 40.64000000059605
    endloop
  endfacet
  facet normal -1 0 0
    outer loop
      vertex -82 0 3
      vertex -82 0 41
      vertex -82 1 41
    endloop
  endfacet
  facet normal -1 0 0
    outer loop
      vertex -82 3 0
      vertex -82 78 1
      vertex -82 79 0
    endloop
  endfacet
  facet normal -1 0 0
    outer loop
      vertex -82 79 0
      vertex -82 79.14805030077696 1.2283614054322243
      vertex -82 79.29405142366886 0.014445818960666656
    endloop
  endfacet
  facet normal -1 0 0
    outer loop
      vertex -82 79.29405142366886 0.014445818960666656
      vertex -82 79.41419021040201 1.3542362079024315
      vertex -82 79.58527096360922 0.057644158601760864
    endloop
  endfacet
  facet normal -1 0 0
    outer loop
      vertex -82 78 1
      vertex -82 78.29405142366886 1.0144458189606667
      vertex -82 79 0
    endloop
  endfacet
  facet normal -1 0 0
    outer loop
      vertex -82 79 0
      vertex -82 78.29405142366886 1.0144458189606667
      vertex -82 78.58527096360922 1.0576441586017609
    endloop
  endfacet
  facet normal -1 0 0
    outer loop
      vertex -82 79 0
      vertex -82 78.58527096360922 1.0576441586017609
      vertex -82 78.87085403501987 1.1291789934039116
    endloop
  endfacet
  facet normal -1 0 0
    outer loop
      vertex -82 79 0
      vertex -82 78.87085403501987 1.1291789934039116
      vertex -82 79.14805030077696 1.2283614054322243
    endloop
  endfacet
  facet normal -1 0 0
    outer loop
      vertex -82 79.29405142366886 0.014445818960666656
      vertex -82 79.14805030077696 1.2283614054322243
      vertex -82 79.41419021040201 1.3542362079024315
    endloop
  endfacet
  facet normal -1 0 0
    outer loop
      vertex -82 79.58527096360922 0.057644158601760864
      vertex -82 79.66671069711447 1.5055911615490913
      vertex -82 79.87085403501987 0.1291789934039116
    endloop
  endfacet
  facet normal -1 0 0
    outer loop
      vertex -82 79.87085403501987 0.1291789934039116
      vertex -82 79.90317985415459 1.6809686422348022
      vertex -82 80.14805030077696 0.22836140543222427
    endloop
  endfacet
  facet normal -1 0 0
    outer loop
      vertex -82 79.41419021040201 1.3542362079024315
      vertex -82 79.66671069711447 1.5055911615490913
      vertex -82 79.58527096360922 0.057644158601760864
    endloop
  endfacet
  facet normal -1 0 0
    outer loop
      vertex -82 79.87085403501987 0.1291789934039116
      vertex -82 79.66671069711447 1.5055911615490913
      vertex -82 79.90317985415459 1.6809686422348022
    endloop
  endfacet
  facet normal -1 0 0
    outer loop
      vertex -82 80.14805030077696 0.22836140543222427
      vertex -82 79.90317985415459 1.6809686422348022
      vertex -82 80.1213203445077 1.8786796554923058
    endloop
  endfacet
  facet normal -1 0 0
    outer loop
      vertex -82 80.14805030077696 0.22836140543222427
      vertex -82 80.3190313577652 2.096820145845413
      vertex -82 80.41419021040201 0.3542362079024315
    endloop
  endfacet
  facet normal -1 0 0
    outer loop
      vertex -82 80.41419021040201 0.3542362079024315
      vertex -82 80.49440883845091 2.3332893028855324
      vertex -82 80.66671069711447 0.5055911615490913
    endloop
  endfacet
  facet normal -1 0 0
    outer loop
      vertex -82 80.14805030077696 0.22836140543222427
      vertex -82 80.1213203445077 1.8786796554923058
      vertex -82 80.3190313577652 2.096820145845413
    endloop
  endfacet
  facet normal -1 0 0
    outer loop
      vertex -82 80.41419021040201 0.3542362079024315
      vertex -82 80.3190313577652 2.096820145845413
      vertex -82 80.49440883845091 2.3332893028855324
    endloop
  endfacet
  facet normal -1 0 0
    outer loop
      vertex -82 80.66671069711447 0.5055911615490913
      vertex -82 80.49440883845091 2.3332893028855324
      vertex -82 80.64576379209757 2.585809789597988
    endloop
  endfacet
  facet normal -1 0 0
    outer loop
      vertex -82 80.66671069711447 0.5055911615490913
      vertex -82 80.64576379209757 2.585809789597988
      vertex -82 80.77163859456778 2.8519496992230415
    endloop
  endfacet
  facet normal -1 0 0
    outer loop
      vertex -82 80.66671069711447 0.5055911615490913
      vertex -82 80.77163859456778 2.8519496992230415
      vertex -82 80.90317985415459 0.6809686422348022
    endloop
  endfacet
  facet normal -1 0 0
    outer loop
      vertex -82 80.90317985415459 0.6809686422348022
      vertex -82 80.94235584139824 3.4147290363907814
      vertex -82 81.1213203445077 0.8786796554923058
    endloop
  endfacet
  facet normal -1 0 0
    outer loop
      vertex -82 80.90317985415459 0.6809686422348022
      vertex -82 80.77163859456778 2.8519496992230415
      vertex -82 80.87082100659609 3.1291459649801254
    endloop
  endfacet
  facet normal -1 0 0
    outer loop
      vertex -82 80.90317985415459 0.6809686422348022
      vertex -82 80.87082100659609 3.1291459649801254
      vertex -82 80.94235584139824 3.4147290363907814
    endloop
  endfacet
  facet normal -1 0 0
    outer loop
      vertex -82 81.1213203445077 0.8786796554923058
      vertex -82 80.94235584139824 3.4147290363907814
      vertex -82 80.98555418103933 3.7059485763311386
    endloop
  endfacet
  facet normal -1 0 0
    outer loop
      vertex -82 81.1213203445077 0.8786796554923058
      vertex -82 80.98555418103933 3.7059485763311386
      vertex -82 81 4
    endloop
  endfacet
  facet normal -1 0 0
    outer loop
      vertex -82 81.1213203445077 0.8786796554923058
      vertex -82 81 4
      vertex -82 81 7
    endloop
  endfacet
  facet normal -1 0 0
    outer loop
      vertex -82 81.1213203445077 0.8786796554923058
      vertex -82 82 41
      vertex -82 81.3190313577652 1.0968201458454132
    endloop
  endfacet
  facet normal -1 0 0
    outer loop
      vertex -82 81.3190313577652 1.0968201458454132
      vertex -82 82 41
      vertex -82 81.49440883845091 1.3332893028855324
    endloop
  endfacet
  facet normal -1 0 0
    outer loop
      vertex -82 81.49440883845091 1.3332893028855324
      vertex -82 82 41
      vertex -82 81.64576379209757 1.5858097895979881
    endloop
  endfacet
  facet normal -1 0 0
    outer loop
      vertex -82 81.64576379209757 1.5858097895979881
      vertex -82 82 41
      vertex -82 81.77163859456778 1.8519496992230415
    endloop
  endfacet
  facet normal -1 0 0
    outer loop
      vertex -82 81.77163859456778 1.8519496992230415
      vertex -82 82 41
      vertex -82 81.87082100659609 2.1291459649801254
    endloop
  endfacet
  facet normal -1 0 0
    outer loop
      vertex -82 81.87082100659609 2.1291459649801254
      vertex -82 82 41
      vertex -82 81.94235584139824 2.4147290363907814
    endloop
  endfacet
  facet normal -1 0 0
    outer loop
      vertex -82 81.94235584139824 2.4147290363907814
      vertex -82 82 41
      vertex -82 81.98555418103933 2.7059485763311386
    endloop
  endfacet
  facet normal -1 0 0
    outer loop
      vertex -82 81.98555418103933 2.7059485763311386
      vertex -82 82 41
      vertex -82 82 3
    endloop
  endfacet
  facet normal -1 0 0
    outer loop
      vertex -82 81.1213203445077 0.8786796554923058
      vertex -82 81 7
      vertex -82 81 40.64000000059605
    endloop
  endfacet
  facet normal 0 0.0490676704157047 -0.9987954563973426
    outer loop
      vertex -82 79 0
      vertex -82 79.29405142366886 0.014445818960666656
      vertex 0 79 0
    endloop
  endfacet
  facet normal 0 0.14673047975168188 -0.9891765091791461
    outer loop
      vertex -82 79.29405142366886 0.014445818960666656
      vertex -82 79.58527096360922 0.057644158601760864
      vertex 0 79.29405142366886 0.014445818960666656
    endloop
  endfacet
  facet normal 0 0.24298017786540688 -0.9700312537050007
    outer loop
      vertex -82 79.58527096360922 0.057644158601760864
      vertex -82 79.87085403501987 0.1291789934039116
      vertex 0 79.58527096360922 0.057644158601760864
    endloop
  endfacet
  facet normal 0 0.3368898600571533 -0.9415440627982695
    outer loop
      vertex -82 79.87085403501987 0.1291789934039116
      vertex -82 80.14805030077696 0.22836140543222427
      vertex 0 79.87085403501987 0.1291789934039116
    endloop
  endfacet
  facet normal 0 0.42755509276037695 -0.9039892934402849
    outer loop
      vertex -82 80.14805030077696 0.22836140543222427
      vertex -82 80.41419021040201 0.3542362079024315
      vertex 0 80.14805030077696 0.22836140543222427
    endloop
  endfacet
  facet normal 0 0.5141027407673995 -0.8577286120536308
    outer loop
      vertex -82 80.41419021040201 0.3542362079024315
      vertex -82 80.66671069711447 0.5055911615490913
      vertex 0 80.41419021040201 0.3542362079024315
    endloop
  endfacet
  facet normal 0 0.59569930710104 -0.8032075295459704
    outer loop
      vertex -82 80.66671069711447 0.5055911615490913
      vertex -82 80.90317985415459 0.6809686422348022
      vertex 0 80.66671069711447 0.5055911615490913
    endloop
  endfacet
  facet normal 0 0.6715589499566086 -0.7409511297873682
    outer loop
      vertex -82 80.90317985415459 0.6809686422348022
      vertex -82 81.1213203445077 0.8786796554923058
      vertex 0 80.90317985415459 0.6809686422348022
    endloop
  endfacet
  facet normal 0 0.7409511297873682 -0.6715589499566086
    outer loop
      vertex -82 81.1213203445077 0.8786796554923058
      vertex -82 81.3190313577652 1.0968201458454132
      vertex 0 81.1213203445077 0.8786796554923058
    endloop
  endfacet
  facet normal 0 0.8032075295459704 -0.59569930710104
    outer loop
      vertex -82 81.3190313577652 1.0968201458454132
      vertex -82 81.49440883845091 1.3332893028855324
      vertex 0 81.3190313577652 1.0968201458454132
    endloop
  endfacet
  facet normal 0 0.8577286120536308 -0.5141027407673995
    outer loop
      vertex -82 81.49440883845091 1.3332893028855324
      vertex -82 81.64576379209757 1.5858097895979881
      vertex 0 81.49440883845091 1.3332893028855324
    endloop
  endfacet
  facet normal 0 0.9039892934402849 -0.42755509276037695
    outer loop
      vertex -82 81.64576379209757 1.5858097895979881
      vertex -82 81.77163859456778 1.8519496992230415
      vertex 0 81.64576379209757 1.5858097895979881
    endloop
  endfacet
  facet normal 0 0.9415440627982695 -0.3368898600571533
    outer loop
      vertex -82 81.77163859456778 1.8519496992230415
      vertex -82 81.87082100659609 2.1291459649801254
      vertex 0 81.77163859456778 1.8519496992230415
    endloop
  endfacet
  facet normal 0 0.9700312537050007 -0.24298017786540688
    outer loop
      vertex -82 81.87082100659609 2.1291459649801254
      vertex -82 81.94235584139824 2.4147290363907814
      vertex 0 81.87082100659609 2.1291459649801254
    endloop
  endfacet
  facet normal 0 0.9891765091791461 -0.14673047975168188
    outer loop
      vertex -82 81.94235584139824 2.4147290363907814
      vertex -82 81.98555418103933 2.7059485763311386
      vertex 0 81.94235584139824 2.4147290363907814
    endloop
  endfacet
  facet normal 0 0.9987954563973426 -0.0490676704157047
    outer loop
      vertex -82 81.98555418103933 2.7059485763311386
      vertex -82 82 3
      vertex 0 81.98555418103933 2.7059485763311386
    endloop
  endfacet
  facet normal -1 0 0
    outer loop
      vertex -82 81.1213203445077 0.8786796554923058
      vertex -82 81 40.64000000059605
      vertex -82 81 41
    endloop
  endfacet
  facet normal -1 0 0
    outer loop
      vertex -82 81.1213203445077 0.8786796554923058
      vertex -82 81 41
      vertex -82 82 41
    endloop
  endfacet
  facet normal 0 1 0
    outer loop
      vertex -82 82 3
      vertex -82 82 41
      vertex 0 82 41
    endloop
  endfacet
  facet normal 0 -0.59569930710104 -0.8032075295459704
    outer loop
      vertex -82 1.3332893028855324 0.5055911615490913
      vertex 0 1.3332893028855324 0.5055911615490913
      vertex 0 1.0968201458454132 0.6809686422348022
    endloop
  endfacet
  facet normal 0 -0.8032075295459704 -0.59569930710104
    outer loop
      vertex -82 0.6809686422348022 1.0968201458454132
      vertex 0 0.6809686422348022 1.0968201458454132
      vertex 0 0.5055911615490913 1.3332893028855324
    endloop
  endfacet
  facet normal 0 -0.7409511297873682 -0.6715589499566086
    outer loop
      vertex -82 0.8786796554923058 0.8786796554923058
      vertex 0 0.8786796554923058 0.8786796554923058
      vertex 0 0.6809686422348022 1.0968201458454132
    endloop
  endfacet
  facet normal 0 -0.6715589499566086 -0.7409511297873682
    outer loop
      vertex -82 1.0968201458454132 0.6809686422348022
      vertex 0 1.0968201458454132 0.6809686422348022
      vertex 0 0.8786796554923058 0.8786796554923058
    endloop
  endfacet
  facet normal 0 -0.42755509276037695 -0.9039892934402849
    outer loop
      vertex -82 1.8519496992230415 0.22836140543222427
      vertex 0 1.8519496992230415 0.22836140543222427
      vertex 0 1.5858097895979881 0.3542362079024315
    endloop
  endfacet
  facet normal 0 -0.5141027407673995 -0.8577286120536308
    outer loop
      vertex -82 1.5858097895979881 0.3542362079024315
      vertex 0 1.5858097895979881 0.3542362079024315
      vertex 0 1.3332893028855324 0.5055911615490913
    endloop
  endfacet
  facet normal 0 -0.3368898600571533 -0.9415440627982695
    outer loop
      vertex -82 2.1291459649801254 0.1291789934039116
      vertex 0 2.1291459649801254 0.1291789934039116
      vertex 0 1.8519496992230415 0.22836140543222427
    endloop
  endfacet
  facet normal 0 -0.24298017786540688 -0.9700312537050007
    outer loop
      vertex -82 2.4147290363907814 0.057644158601760864
      vertex 0 2.4147290363907814 0.057644158601760864
      vertex 0 2.1291459649801254 0.1291789934039116
    endloop
  endfacet
  facet normal 0 -0.8577286120536308 -0.5141027407673995
    outer loop
      vertex -82 0.5055911615490913 1.3332893028855324
      vertex 0 0.5055911615490913 1.3332893028855324
      vertex 0 0.3542362079024315 1.5858097895979881
    endloop
  endfacet
  facet normal 0 -0.9039892934402849 -0.42755509276037695
    outer loop
      vertex -82 0.3542362079024315 1.5858097895979881
      vertex 0 0.3542362079024315 1.5858097895979881
      vertex 0 0.22836140543222427 1.8519496992230415
    endloop
  endfacet
  facet normal 0 -0.9415440627982695 -0.3368898600571533
    outer loop
      vertex -82 0.22836140543222427 1.8519496992230415
      vertex 0 0.22836140543222427 1.8519496992230415
      vertex 0 0.1291789934039116 2.1291459649801254
    endloop
  endfacet
  facet normal 0 -0.9700312537050007 -0.24298017786540688
    outer loop
      vertex -82 0.1291789934039116 2.1291459649801254
      vertex 0 0.1291789934039116 2.1291459649801254
      vertex 0 0.057644158601760864 2.4147290363907814
    endloop
  endfacet
  facet normal 0 -0.9891765091791461 -0.14673047975168188
    outer loop
      vertex -82 0.057644158601760864 2.4147290363907814
      vertex 0 0.057644158601760864 2.4147290363907814
      vertex 0 0.014445818960666656 2.7059485763311386
    endloop
  endfacet
  facet normal 0 -0.14673047975168188 -0.9891765091791461
    outer loop
      vertex -82 2.7059485763311386 0.014445818960666656
      vertex 0 2.7059485763311386 0.014445818960666656
      vertex 0 2.4147290363907814 0.057644158601760864
    endloop
  endfacet
  facet normal 0 -0.0490676704157047 -0.9987954563973426
    outer loop
      vertex -82 3 0
      vertex 0 3 0
      vertex 0 2.7059485763311386 0.014445818960666656
    endloop
  endfacet
  facet normal 0 -0.9987954563973426 -0.0490676704157047
    outer loop
      vertex -82 0.014445818960666656 2.7059485763311386
      vertex 0 0.014445818960666656 2.7059485763311386
      vertex 0 0 3
    endloop
  endfacet
  facet normal 1 0 0
    outer loop
      vertex 0 1.5858097895979881 0.3542362079024315
      vertex 0 7.359999999999999 1
      vertex 0 1.3332893028855324 0.5055911615490913
    endloop
  endfacet
  facet normal 1 0 0
    outer loop
      vertex 0 1.8519496992230415 0.22836140543222427
      vertex 0 2.1291459649801254 0.1291789934039116
      vertex 0 7.359999999999999 1
    endloop
  endfacet
  facet normal 1 0 0
    outer loop
      vertex 0 1.8519496992230415 0.22836140543222427
      vertex 0 7.359999999999999 1
      vertex 0 1.5858097895979881 0.3542362079024315
    endloop
  endfacet
  facet normal 1 0 0
    outer loop
      vertex 0 1.3332893028855324 0.5055911615490913
      vertex 0 7.359999999999999 1
      vertex 0 1.3599999999999999 1
    endloop
  endfacet
  facet normal 1 0 0
    outer loop
      vertex 0 2.1291459649801254 0.1291789934039116
      vertex 0 2.4147290363907814 0.057644158601760864
      vertex 0 7.359999999999999 1
    endloop
  endfacet
  facet normal 1 0 0
    outer loop
      vertex 0 2.4147290363907814 0.057644158601760864
      vertex 0 2.7059485763311386 0.014445818960666656
      vertex 0 7.359999999999999 1
    endloop
  endfacet
  facet normal 1 0 0
    outer loop
      vertex 0 2.7059485763311386 0.014445818960666656
      vertex 0 3 0
      vertex 0 7.359999999999999 1
    endloop
  endfacet
  facet normal 1 0 0
    outer loop
      vertex 0 3 0
      vertex 0 9.5 1
      vertex 0 7.359999999999999 1
    endloop
  endfacet
  facet normal 1 0 0
    outer loop
      vertex 0 3 0
      vertex 0 12.5 1
      vertex 0 9.5 1
    endloop
  endfacet
  facet normal 1 0 0
    outer loop
      vertex 0 3 0
      vertex 0 15.5 1
      vertex 0 12.5 1
    endloop
  endfacet
  facet normal 1 0 0
    outer loop
      vertex 0 3 0
      vertex 0 18.5 1
      vertex 0 15.5 1
    endloop
  endfacet
  facet normal 1 0 0
    outer loop
      vertex 0 3 0
      vertex 0 21.5 1
      vertex 0 18.5 1
    endloop
  endfacet
  facet normal 1 0 0
    outer loop
      vertex 0 3 0
      vertex 0 24.5 1
      vertex 0 21.5 1
    endloop
  endfacet
  facet normal 1 0 0
    outer loop
      vertex 0 3 0
      vertex 0 27.5 1
      vertex 0 24.5 1
    endloop
  endfacet
  facet normal 1 0 0
    outer loop
      vertex 0 3 0
      vertex 0 30.5 1
      vertex 0 27.5 1
    endloop
  endfacet
  facet normal 1 0 0
    outer loop
      vertex 0 1.0968201458454132 0.6809686422348022
      vertex 0 1.3332893028855324 0.5055911615490913
      vertex 0 0 41
    endloop
  endfacet
  facet normal 1 0 0
    outer loop
      vertex 0 0.8786796554923058 0.8786796554923058
      vertex 0 0 41
      vertex 0 0.6809686422348022 1.0968201458454132
    endloop
  endfacet
  facet normal 1 0 0
    outer loop
      vertex 0 0.5055911615490913 1.3332893028855324
      vertex 0 0 41
      vertex 0 0.3542362079024315 1.5858097895979881
    endloop
  endfacet
  facet normal 1 0 0
    outer loop
      vertex 0 0.6809686422348022 1.0968201458454132
      vertex 0 0 41
      vertex 0 0.5055911615490913 1.3332893028855324
    endloop
  endfacet
  facet normal 1 0 0
    outer loop
      vertex 0 0.8786796554923058 0.8786796554923058
      vertex 0 1.0968201458454132 0.6809686422348022
      vertex 0 0 41
    endloop
  endfacet
  facet normal 1 0 0
    outer loop
      vertex 0 1.3332893028855324 0.5055911615490913
      vertex 0 1.3599999999999999 1
      vertex 0 0 41
    endloop
  endfacet
  facet normal 1 0 0
    outer loop
      vertex 0 0.3542362079024315 1.5858097895979881
      vertex 0 0 41
      vertex 0 0.22836140543222427 1.8519496992230415
    endloop
  endfacet
  facet normal 1 0 0
    outer loop
      vertex 0 0.22836140543222427 1.8519496992230415
      vertex 0 0 41
      vertex 0 0.1291789934039116 2.1291459649801254
    endloop
  endfacet
  facet normal 1 0 0
    outer loop
      vertex 0 0.1291789934039116 2.1291459649801254
      vertex 0 0 41
      vertex 0 0.057644158601760864 2.4147290363907814
    endloop
  endfacet
  facet normal 1 0 0
    outer loop
      vertex 0 0.057644158601760864 2.4147290363907814
      vertex 0 0 41
      vertex 0 0.014445818960666656 2.7059485763311386
    endloop
  endfacet
  facet normal 1 0 0
    outer loop
      vertex 0 9.5 1
      vertex 0 7.359999999999999 40.64000000059605
      vertex 0 7.359999999999999 1
    endloop
  endfacet
  facet normal 1 0 0
    outer loop
      vertex 0 0.014445818960666656 2.7059485763311386
      vertex 0 0 41
      vertex 0 0 3
    endloop
  endfacet
  facet normal 1 0 0
    outer loop
      vertex 0 12.5 1
      vertex 0 15.5 1
      vertex 0 15.5 41
    endloop
  endfacet
  facet normal 1 0 0
    outer loop
      vertex 0 3 0
      vertex 0 33.5 1
      vertex 0 30.5 1
    endloop
  endfacet
  facet normal 1 0 0
    outer loop
      vertex 0 3 0
      vertex 0 36.5 1
      vertex 0 33.5 1
    endloop
  endfacet
  facet normal 1 0 0
    outer loop
      vertex 0 3 0
      vertex 0 39.5 1
      vertex 0 36.5 1
    endloop
  endfacet
  facet normal 1 0 0
    outer loop
      vertex 0 3 0
      vertex 0 42.5 1
      vertex 0 39.5 1
    endloop
  endfacet
  facet normal 1 0 0
    outer loop
      vertex 0 3 0
      vertex 0 45.5 1
      vertex 0 42.5 1
    endloop
  endfacet
  facet normal 1 0 0
    outer loop
      vertex 0 3 0
      vertex 0 48.5 1
      vertex 0 45.5 1
    endloop
  endfacet
  facet normal 1 0 0
    outer loop
      vertex 0 3 0
      vertex 0 51.5 1
      vertex 0 48.5 1
    endloop
  endfacet
  facet normal 1 0 0
    outer loop
      vertex 0 3 0
      vertex 0 54.5 1
      vertex 0 51.5 1
    endloop
  endfacet
  facet normal 1 0 0
    outer loop
      vertex 0 3 0
      vertex 0 57.5 1
      vertex 0 54.5 1
    endloop
  endfacet
  facet normal 1 0 0
    outer loop
      vertex 0 3 0
      vertex 0 60.5 1
      vertex 0 57.5 1
    endloop
  endfacet
  facet normal 1 0 0
    outer loop
      vertex 0 18.5 1
      vertex 0 21.5 1
      vertex 0 21.5 41
    endloop
  endfacet
  facet normal 1 0 0
    outer loop
      vertex 0 24.5 1
      vertex 0 27.5 1
      vertex 0 27.5 41
    endloop
  endfacet
  facet normal 1 0 0
    outer loop
      vertex 0 30.5 1
      vertex 0 33.5 1
      vertex 0 33.5 41
    endloop
  endfacet
  facet normal 1 0 0
    outer loop
      vertex 0 36.5 1
      vertex 0 39.5 1
      vertex 0 39.5 41
    endloop
  endfacet
  facet normal 0 -1 0
    outer loop
      vertex -82 0 41
      vertex 0 0 3
      vertex 0 0 41
    endloop
  endfacet
  facet normal 1 0 0
    outer loop
      vertex 0 0 41
      vertex 0 1.3599999999999999 1
      vertex 0 1.3599999999999999 40.64000000059605
    endloop
  endfacet
  facet normal 1 0 0
    outer loop
      vertex 0 9.5 1
      vertex 0 9.5 41
      vertex 0 7.359999999999999 40.64000000059605
    endloop
  endfacet
  facet normal 1 0 0
    outer loop
      vertex 0 12.5 1
      vertex 0 15.5 41
      vertex 0 12.5 41
    endloop
  endfacet
  facet normal 1 0 0
    outer loop
      vertex 0 18.5 1
      vertex 0 21.5 41
      vertex 0 18.5 41
    endloop
  endfacet
  facet normal 1 0 0
    outer loop
      vertex 0 0 41
      vertex 0 1.3599999999999999 40.64000000059605
      vertex 0 7.359999999999999 40.64000000059605
    endloop
  endfacet
  facet normal 1 0 0
    outer loop
      vertex 0 0 41
      vertex 0 7.359999999999999 40.64000000059605
      vertex 0 9.5 41
    endloop
  endfacet
  facet normal 1 0 0
    outer loop
      vertex 0 24.5 1
      vertex 0 27.5 41
      vertex 0 24.5 41
    endloop
  endfacet
  facet normal 1 0 0
    outer loop
      vertex 0 30.5 1
      vertex 0 33.5 41
      vertex 0 30.5 41
    endloop
  endfacet
  facet normal 1 0 0
    outer loop
      vertex 0 36.5 1
      vertex 0 39.5 41
      vertex 0 36.5 41
    endloop
  endfacet
  facet normal 0 0 -1
    outer loop
      vertex -82 79 0
      vertex 0 79 0
      vertex 0 3 0
    endloop
  endfacet
  facet normal 0 0.0490676704157047 -0.9987954563973426
    outer loop
      vertex -82 79.29405142366886 0.014445818960666656
      vertex 0 79.29405142366886 0.014445818960666656
      vertex 0 79 0
    endloop
  endfacet
  facet normal 0 0.14673047975168188 -0.9891765091791461
    outer loop
      vertex -82 79.58527096360922 0.057644158601760864
      vertex 0 79.58527096360922 0.057644158601760864
      vertex 0 79.29405142366886 0.014445818960666656
    endloop
  endfacet
  facet normal 0 0.24298017786540688 -0.9700312537050007
    outer loop
      vertex -82 79.87085403501987 0.1291789934039116
      vertex 0 79.87085403501987 0.1291789934039116
      vertex 0 79.58527096360922 0.057644158601760864
    endloop
  endfacet
  facet normal 0 0.3368898600571533 -0.9415440627982695
    outer loop
      vertex -82 80.14805030077696 0.22836140543222427
      vertex 0 80.14805030077696 0.22836140543222427
      vertex 0 79.87085403501987 0.1291789934039116
    endloop
  endfacet
  facet normal 0 0.42755509276037695 -0.9039892934402849
    outer loop
      vertex -82 80.41419021040201 0.3542362079024315
      vertex 0 80.41419021040201 0.3542362079024315
      vertex 0 80.14805030077696 0.22836140543222427
    endloop
  endfacet
  facet normal 0 0.5141027407673995 -0.8577286120536308
    outer loop
      vertex -82 80.66671069711447 0.5055911615490913
      vertex 0 80.66671069711447 0.5055911615490913
      vertex 0 80.41419021040201 0.3542362079024315
    endloop
  endfacet
  facet normal 0 0.59569930710104 -0.8032075295459704
    outer loop
      vertex -82 80.90317985415459 0.6809686422348022
      vertex 0 80.90317985415459 0.6809686422348022
      vertex 0 80.66671069711447 0.5055911615490913
    endloop
  endfacet
  facet normal 0 0.6715589499566086 -0.7409511297873682
    outer loop
      vertex -82 81.1213203445077 0.8786796554923058
      vertex 0 81.1213203445077 0.8786796554923058
      vertex 0 80.90317985415459 0.6809686422348022
    endloop
  endfacet
  facet normal 0 0.7409511297873682 -0.6715589499566086
    outer loop
      vertex -82 81.3190313577652 1.0968201458454132
      vertex 0 81.3190313577652 1.0968201458454132
      vertex 0 81.1213203445077 0.8786796554923058
    endloop
  endfacet
  facet normal 0 0.8032075295459704 -0.59569930710104
    outer loop
      vertex -82 81.49440883845091 1.3332893028855324
      vertex 0 81.49440883845091 1.3332893028855324
      vertex 0 81.3190313577652 1.0968201458454132
    endloop
  endfacet
  facet normal 0 0.8577286120536308 -0.5141027407673995
    outer loop
      vertex -82 81.64576379209757 1.5858097895979881
      vertex 0 81.64576379209757 1.5858097895979881
      vertex 0 81.49440883845091 1.3332893028855324
    endloop
  endfacet
  facet normal 0 0.9039892934402849 -0.42755509276037695
    outer loop
      vertex -82 81.77163859456778 1.8519496992230415
      vertex 0 81.77163859456778 1.8519496992230415
      vertex 0 81.64576379209757 1.5858097895979881
    endloop
  endfacet
  facet normal 0 0.9415440627982695 -0.3368898600571533
    outer loop
      vertex -82 81.87082100659609 2.1291459649801254
      vertex 0 81.87082100659609 2.1291459649801254
      vertex 0 81.77163859456778 1.8519496992230415
    endloop
  endfacet
  facet normal 0 0.9700312537050007 -0.24298017786540688
    outer loop
      vertex -82 81.94235584139824 2.4147290363907814
      vertex 0 81.94235584139824 2.4147290363907814
      vertex 0 81.87082100659609 2.1291459649801254
    endloop
  endfacet
  facet normal 0 0.9891765091791461 -0.14673047975168188
    outer loop
      vertex -82 81.98555418103933 2.7059485763311386
      vertex 0 81.98555418103933 2.7059485763311386
      vertex 0 81.94235584139824 2.4147290363907814
    endloop
  endfacet
  facet normal 0 0.9987954563973426 -0.0490676704157047
    outer loop
      vertex -82 82 3
      vertex 0 82 3
      vertex 0 81.98555418103933 2.7059485763311386
    endloop
  endfacet
  facet normal 0 1 0
    outer loop
      vertex -82 82 3
      vertex 0 82 41
      vertex 0 82 3
    endloop
  endfacet
  facet normal 1 0 0
    outer loop
      vertex 0 3 0
      vertex 0 79 0
      vertex 0 60.5 1
    endloop
  endfacet
  facet normal 1 0 0
    outer loop
      vertex 0 42.5 1
      vertex 0 45.5 1
      vertex 0 45.5 41
    endloop
  endfacet
  facet normal 1 0 0
    outer loop
      vertex 0 48.5 1
      vertex 0 51.5 1
      vertex 0 51.5 41
    endloop
  endfacet
  facet normal 1 0 0
    outer loop
      vertex 0 54.5 1
      vertex 0 57.5 1
      vertex 0 57.5 41
    endloop
  endfacet
  facet normal 1 0 0
    outer loop
      vertex 0 60.5 1
      vertex 0 79 0
      vertex 0 63.5 1
    endloop
  endfacet
  facet normal 1 0 0
    outer loop
      vertex 0 63.5 1
      vertex 0 79 0
      vertex 0 66.5 1
    endloop
  endfacet
  facet normal 1 0 0
    outer loop
      vertex 0 66.5 1
      vertex 0 79 0
      vertex 0 69.5 1
    endloop
  endfacet
  facet normal 1 0 0
    outer loop
      vertex 0 69.5 1
      vertex 0 79 0
      vertex 0 72.5 1
    endloop
  endfacet
  facet normal 1 0 0
    outer loop
      vertex 0 72.5 1
      vertex 0 79 0
      vertex 0 74.64 1
    endloop
  endfacet
  facet normal 1 0 0
    outer loop
      vertex 0 79 0
      vertex 0 80.64 1
      vertex 0 74.64 1
    endloop
  endfacet
  facet normal 1 0 0
    outer loop
      vertex 0 79 0
      vertex 0 79.29405142366886 0.014445818960666656
      vertex 0 80.64 1
    endloop
  endfacet
  facet normal 1 0 0
    outer loop
      vertex 0 79.29405142366886 0.014445818960666656
      vertex 0 79.58527096360922 0.057644158601760864
      vertex 0 80.64 1
    endloop
  endfacet
  facet normal 1 0 0
    outer loop
      vertex 0 79.58527096360922 0.057644158601760864
      vertex 0 79.87085403501987 0.1291789934039116
      vertex 0 80.64 1
    endloop
  endfacet
  facet normal 1 0 0
    outer loop
      vertex 0 79.87085403501987 0.1291789934039116
      vertex 0 80.14805030077696 0.22836140543222427
      vertex 0 80.64 1
    endloop
  endfacet
  facet normal 1 0 0
    outer loop
      vertex 0 80.14805030077696 0.22836140543222427
      vertex 0 80.41419021040201 0.3542362079024315
      vertex 0 80.64 1
    endloop
  endfacet
  facet normal 1 0 0
    outer loop
      vertex 0 80.41419021040201 0.3542362079024315
      vertex 0 80.66671069711447 0.5055911615490913
      vertex 0 80.64 1
    endloop
  endfacet
  facet normal 1 0 0
    outer loop
      vertex 0 80.66671069711447 0.5055911615490913
      vertex 0 80.90317985415459 0.6809686422348022
      vertex 0 80.64 1
    endloop
  endfacet
  facet normal 1 0 0
    outer loop
      vertex 0 60.5 1
      vertex 0 63.5 1
      vertex 0 63.5 41
    endloop
  endfacet
  facet normal 1 0 0
    outer loop
      vertex 0 66.5 1
      vertex 0 69.5 1
      vertex 0 69.5 41
    endloop
  endfacet
  facet normal 1 0 0
    outer loop
      vertex 0 72.5 1
      vertex 0 74.64 1
      vertex 0 72.5 41
    endloop
  endfacet
  facet normal 1 0 0
    outer loop
      vertex 0 80.90317985415459 0.6809686422348022
      vertex 0 81.1213203445077 0.8786796554923058
      vertex 0 80.64 40.64000000059605
    endloop
  endfacet
  facet normal 1 0 0
    outer loop
      vertex 0 80.90317985415459 0.6809686422348022
      vertex 0 80.64 40.64000000059605
      vertex 0 80.64 1
    endloop
  endfacet
  facet normal 1 0 0
    outer loop
      vertex 0 81.1213203445077 0.8786796554923058
      vertex 0 81.3190313577652 1.0968201458454132
      vertex 0 80.64 40.64000000059605
    endloop
  endfacet
  facet normal 1 0 0
    outer loop
      vertex 0 81.3190313577652 1.0968201458454132
      vertex 0 81.49440883845091 1.3332893028855324
      vertex 0 80.64 40.64000000059605
    endloop
  endfacet
  facet normal 1 0 0
    outer loop
      vertex 0 81.49440883845091 1.3332893028855324
      vertex 0 81.64576379209757 1.5858097895979881
      vertex 0 80.64 40.64000000059605
    endloop
  endfacet
  facet normal 1 0 0
    outer loop
      vertex 0 81.64576379209757 1.5858097895979881
      vertex 0 81.77163859456778 1.8519496992230415
      vertex 0 80.64 40.64000000059605
    endloop
  endfacet
  facet normal 1 0 0
    outer loop
      vertex 0 81.77163859456778 1.8519496992230415
      vertex 0 81.87082100659609 2.1291459649801254
      vertex 0 80.64 40.64000000059605
    endloop
  endfacet
  facet normal 1 0 0
    outer loop
      vertex 0 81.87082100659609 2.1291459649801254
      vertex 0 81.94235584139824 2.4147290363907814
      vertex 0 80.64 40.64000000059605
    endloop
  endfacet
  facet normal 1 0 0
    outer loop
      vertex 0 81.94235584139824 2.4147290363907814
      vertex 0 81.98555418103933 2.7059485763311386
      vertex 0 80.64 40.64000000059605
    endloop
  endfacet
  facet normal 1 0 0
    outer loop
      vertex 0 81.98555418103933 2.7059485763311386
      vertex 0 82 3
      vertex 0 80.64 40.64000000059605
    endloop
  endfacet
  facet normal 1 0 0
    outer loop
      vertex 0 42.5 1
      vertex 0 45.5 41
      vertex 0 42.5 41
    endloop
  endfacet
  facet normal 1 0 0
    outer loop
      vertex 0 48.5 1
      vertex 0 51.5 41
      vertex 0 48.5 41
    endloop
  endfacet
  facet normal 1 0 0
    outer loop
      vertex 0 54.5 1
      vertex 0 57.5 41
      vertex 0 54.5 41
    endloop
  endfacet
  facet normal 1 0 0
    outer loop
      vertex 0 60.5 1
      vertex 0 63.5 41
      vertex 0 60.5 41
    endloop
  endfacet
  facet normal 1 0 0
    outer loop
      vertex 0 66.5 1
      vertex 0 69.5 41
      vertex 0 66.5 41
    endloop
  endfacet
  facet normal 1 0 0
    outer loop
      vertex 0 72.5 41
      vertex 0 74.64 1
      vertex 0 74.64 40.64000000059605
    endloop
  endfacet
  facet normal 1 0 0
    outer loop
      vertex 0 82 3
      vertex 0 82 41
      vertex 0 80.64 40.64000000059605
    endloop
  endfacet
  facet normal 1 0 0
    outer loop
      vertex 0 72.5 41
      vertex 0 74.64 40.64000000059605
      vertex 0 82 41
    endloop
  endfacet
  facet normal 1 0 0
    outer loop
      vertex 0 82 41
      vertex 0 74.64 40.64000000059605
      vertex 0 80.64 40.64000000059605
    endloop
  endfacet
  facet normal 0 0.5141027407673996 0.8577286120536309
    outer loop
      vertex -1 2.3332893028855324 1.5055911615490913
      vertex -70.28571428358555 2.585809789597988 1.3542362079024315
      vertex -70.28571428358555 2.3332893028855324 1.5055911615490913
    endloop
  endfacet
  facet normal 0 0.5956993071010399 0.8032075295459704
    outer loop
      vertex -1 2.096820145845413 1.6809686422348022
      vertex -70.28571428358555 2.3332893028855324 1.5055911615490913
      vertex -70.28571428358555 2.096820145845413 1.6809686422348022
    endloop
  endfacet
  facet normal 0 0.6715589499566086 0.7409511297873681
    outer loop
      vertex -1 1.8786796554923058 1.8786796554923058
      vertex -70.28571428358555 2.096820145845413 1.6809686422348022
      vertex -70.28571428358555 1.8786796554923058 1.8786796554923058
    endloop
  endfacet
  facet normal 0 0.7409511297873681 0.6715589499566086
    outer loop
      vertex -1 1.6809686422348022 2.096820145845413
      vertex -70.28571428358555 1.8786796554923058 1.8786796554923058
      vertex -70.28571428358555 1.6809686422348022 2.096820145845413
    endloop
  endfacet
  facet normal 0 0.8032075295459704 0.5956993071010399
    outer loop
      vertex -1 1.5055911615490913 2.3332893028855324
      vertex -70.28571428358555 1.6809686422348022 2.096820145845413
      vertex -70.28571428358555 1.5055911615490913 2.3332893028855324
    endloop
  endfacet
  facet normal 0 0.8577286120536309 0.5141027407673996
    outer loop
      vertex -1 1.3542362079024315 2.585809789597988
      vertex -70.28571428358555 1.5055911615490913 2.3332893028855324
      vertex -70.28571428358555 1.3542362079024315 2.585809789597988
    endloop
  endfacet
  facet normal 0 0.3368898600571533 0.9415440627982695
    outer loop
      vertex -1 2.8519496992230415 1.2283614054322243
      vertex -70.28571428358555 3.1291459649801254 1.1291789934039116
      vertex -70.28571428358555 2.8519496992230415 1.2283614054322243
    endloop
  endfacet
  facet normal 0 0.24298017786540685 0.9700312537050007
    outer loop
      vertex -1 3.1291459649801254 1.1291789934039116
      vertex -70.28571428358555 3.4147290363907814 1.0576441586017609
      vertex -70.28571428358555 3.1291459649801254 1.1291789934039116
    endloop
  endfacet
  facet normal 0 0.14673047975168188 0.9891765091791461
    outer loop
      vertex -1 3.4147290363907814 1.0576441586017609
      vertex -70.28571428358555 3.7059485763311386 1.0144458189606667
      vertex -70.28571428358555 3.4147290363907814 1.0576441586017609
    endloop
  endfacet
  facet normal 0 0.04906767041570469 0.9987954563973426
    outer loop
      vertex -1 3.7059485763311386 1.0144458189606667
      vertex -70.28571428358555 4 1
      vertex -70.28571428358555 3.7059485763311386 1.0144458189606667
    endloop
  endfacet
  facet normal 0 0 1
    outer loop
      vertex -1 4 1
      vertex -70.28571428358555 7 1
      vertex -70.28571428358555 4 1
    endloop
  endfacet
  facet normal 0 0.4275550927603769 0.9039892934402849
    outer loop
      vertex -1 2.585809789597988 1.3542362079024315
      vertex -70.28571428358555 2.8519496992230415 1.2283614054322243
      vertex -70.28571428358555 2.585809789597988 1.3542362079024315
    endloop
  endfacet
  facet normal 0 0.9039892934402849 0.4275550927603769
    outer loop
      vertex -1 1.2283614054322243 2.8519496992230415
      vertex -70.28571428358555 1.3542362079024315 2.585809789597988
      vertex -70.28571428358555 1.2283614054322243 2.8519496992230415
    endloop
  endfacet
  facet normal 0 0.9415440627982695 0.3368898600571533
    outer loop
      vertex -1 1.1291789934039116 3.1291459649801254
      vertex -70.28571428358555 1.2283614054322243 2.8519496992230415
      vertex -70.28571428358555 1.1291789934039116 3.1291459649801254
    endloop
  endfacet
  facet normal 0 0.9700312537050007 0.24298017786540685
    outer loop
      vertex -1 1.0576441586017609 3.4147290363907814
      vertex -70.28571428358555 1.1291789934039116 3.1291459649801254
      vertex -70.28571428358555 1.0576441586017609 3.4147290363907814
    endloop
  endfacet
  facet normal 0 0.9891765091791461 0.14673047975168188
    outer loop
      vertex -1 1.0144458189606667 3.7059485763311386
      vertex -70.28571428358555 1.0576441586017609 3.4147290363907814
      vertex -70.28571428358555 1.0144458189606667 3.7059485763311386
    endloop
  endfacet
  facet normal 0 0.9987954563973426 0.04906767041570469
    outer loop
      vertex -1 1 4
      vertex -70.28571428358555 1.0144458189606667 3.7059485763311386
      vertex -70.28571428358555 1 4
    endloop
  endfacet
  facet normal 0 0 1
    outer loop
      vertex -1 69.5 1
      vertex -81 7 1
      vertex -70.28571428358555 7 1
    endloop
  endfacet
  facet normal 0 1 0
    outer loop
      vertex -82 1 41
      vertex -70.28571428358555 1 40.64000000059605
      vertex -82 1 40.64000000059605
    endloop
  endfacet
  facet normal 0 1 0
    outer loop
      vertex -1 1 41
      vertex -70.28571428358555 1 4
      vertex -70.28571428358555 1 40.64000000059605
    endloop
  endfacet
  facet normal 0 1 0
    outer loop
      vertex -82 1 41
      vertex -1 1 41
      vertex -70.28571428358555 1 40.64000000059605
    endloop
  endfacet
  facet normal 0 0 1
    outer loop
      vertex -70.28571428358555 75 1
      vertex -81 75 1
      vertex -81 7 1
    endloop
  endfacet
  facet normal 0 0 1
    outer loop
      vertex -1 78 1
      vertex -70.28571428358555 75 1
      vertex -81 7 1
    endloop
  endfacet
  facet normal 0 0 1
    outer loop
      vertex -1 78 1
      vertex -70.28571428358555 78 1
      vertex -70.28571428358555 75 1
    endloop
  endfacet
  facet normal 0 -0.04906767041570469 0.9987954563973426
    outer loop
      vertex -1 78 1
      vertex -70.28571428358555 78.29405142366886 1.0144458189606667
      vertex -70.28571428358555 78 1
    endloop
  endfacet
  facet normal 0 -0.14673047975168188 0.9891765091791461
    outer loop
      vertex -1 78.29405142366886 1.0144458189606667
      vertex -70.28571428358555 78.58527096360922 1.0576441586017609
      vertex -70.28571428358555 78.29405142366886 1.0144458189606667
    endloop
  endfacet
  facet normal 0 -0.24298017786540685 0.9700312537050007
    outer loop
      vertex -1 78.58527096360922 1.0576441586017609
      vertex -70.28571428358555 78.87085403501987 1.1291789934039116
      vertex -70.28571428358555 78.58527096360922 1.0576441586017609
    endloop
  endfacet
  facet normal 0 -0.3368898600571533 0.9415440627982695
    outer loop
      vertex -1 78.87085403501987 1.1291789934039116
      vertex -70.28571428358555 79.14805030077696 1.2283614054322243
      vertex -70.28571428358555 78.87085403501987 1.1291789934039116
    endloop
  endfacet
  facet normal 0 -0.4275550927603769 0.9039892934402849
    outer loop
      vertex -1 79.14805030077696 1.2283614054322243
      vertex -70.28571428358555 79.41419021040201 1.3542362079024315
      vertex -70.28571428358555 79.14805030077696 1.2283614054322243
    endloop
  endfacet
  facet normal 0 -0.5141027407673996 0.8577286120536309
    outer loop
      vertex -1 79.41419021040201 1.3542362079024315
      vertex -70.28571428358555 79.66671069711447 1.5055911615490913
      vertex -70.28571428358555 79.41419021040201 1.3542362079024315
    endloop
  endfacet
  facet normal 0 -0.5956993071010399 0.8032075295459704
    outer loop
      vertex -1 79.66671069711447 1.5055911615490913
      vertex -70.28571428358555 79.90317985415459 1.6809686422348022
      vertex -70.28571428358555 79.66671069711447 1.5055911615490913
    endloop
  endfacet
  facet normal 0 -0.6715589499566086 0.7409511297873681
    outer loop
      vertex -1 79.90317985415459 1.6809686422348022
      vertex -70.28571428358555 80.1213203445077 1.8786796554923058
      vertex -70.28571428358555 79.90317985415459 1.6809686422348022
    endloop
  endfacet
  facet normal 0 -0.7409511297873681 0.6715589499566086
    outer loop
      vertex -1 80.1213203445077 1.8786796554923058
      vertex -70.28571428358555 80.3190313577652 2.096820145845413
      vertex -70.28571428358555 80.1213203445077 1.8786796554923058
    endloop
  endfacet
  facet normal 0 -0.8032075295459704 0.5956993071010399
    outer loop
      vertex -1 80.3190313577652 2.096820145845413
      vertex -70.28571428358555 80.49440883845091 2.3332893028855324
      vertex -70.28571428358555 80.3190313577652 2.096820145845413
    endloop
  endfacet
  facet normal 0 -0.8577286120536309 0.5141027407673996
    outer loop
      vertex -1 80.49440883845091 2.3332893028855324
      vertex -70.28571428358555 80.64576379209757 2.585809789597988
      vertex -70.28571428358555 80.49440883845091 2.3332893028855324
    endloop
  endfacet
  facet normal 0 -0.9039892934402849 0.4275550927603769
    outer loop
      vertex -1 80.64576379209757 2.585809789597988
      vertex -70.28571428358555 80.77163859456778 2.8519496992230415
      vertex -70.28571428358555 80.64576379209757 2.585809789597988
    endloop
  endfacet
  facet normal 0 -0.9415440627982695 0.3368898600571533
    outer loop
      vertex -1 80.77163859456778 2.8519496992230415
      vertex -70.28571428358555 80.87082100659609 3.1291459649801254
      vertex -70.28571428358555 80.77163859456778 2.8519496992230415
    endloop
  endfacet
  facet normal 0 -0.9700312537050007 0.24298017786540685
    outer loop
      vertex -1 80.87082100659609 3.1291459649801254
      vertex -70.28571428358555 80.94235584139824 3.4147290363907814
      vertex -70.28571428358555 80.87082100659609 3.1291459649801254
    endloop
  endfacet
  facet normal 0 -0.9891765091791461 0.14673047975168188
    outer loop
      vertex -1 80.94235584139824 3.4147290363907814
      vertex -70.28571428358555 80.98555418103933 3.7059485763311386
      vertex -70.28571428358555 80.94235584139824 3.4147290363907814
    endloop
  endfacet
  facet normal 0 -0.9987954563973426 0.04906767041570469
    outer loop
      vertex -1 80.98555418103933 3.7059485763311386
      vertex -70.28571428358555 81 4
      vertex -70.28571428358555 80.98555418103933 3.7059485763311386
    endloop
  endfacet
  facet normal 0 -1 0
    outer loop
      vertex -1 81 4
      vertex -70.28571428358555 81 40.64000000059605
      vertex -70.28571428358555 81 4
    endloop
  endfacet
  facet normal 0 -1 0
    outer loop
      vertex -82 81 41
      vertex -82 81 40.64000000059605
      vertex -70.28571428358555 81 40.64000000059605
    endloop
  endfacet
  facet normal 0 -1 0
    outer loop
      vertex -82 81 41
      vertex -70.28571428358555 81 40.64000000059605
      vertex -1 81 41
    endloop
  endfacet
  facet normal 0 0.5141027407673996 0.8577286120536309
    outer loop
      vertex -1 2.3332893028855324 1.5055911615490913
      vertex -1 2.585809789597988 1.3542362079024315
      vertex -70.28571428358555 2.585809789597988 1.3542362079024315
    endloop
  endfacet
  facet normal 0 0.5956993071010399 0.8032075295459704
    outer loop
      vertex -1 2.3332893028855324 1.5055911615490913
      vertex -70.28571428358555 2.3332893028855324 1.5055911615490913
      vertex -1 2.096820145845413 1.6809686422348022
    endloop
  endfacet
  facet normal 0 0.6715589499566086 0.7409511297873681
    outer loop
      vertex -1 1.8786796554923058 1.8786796554923058
      vertex -1 2.096820145845413 1.6809686422348022
      vertex -70.28571428358555 2.096820145845413 1.6809686422348022
    endloop
  endfacet
  facet normal 0 0.7409511297873681 0.6715589499566086
    outer loop
      vertex -1 1.8786796554923058 1.8786796554923058
      vertex -70.28571428358555 1.8786796554923058 1.8786796554923058
      vertex -1 1.6809686422348022 2.096820145845413
    endloop
  endfacet
  facet normal 0 0.8032075295459704 0.5956993071010399
    outer loop
      vertex -1 1.6809686422348022 2.096820145845413
      vertex -70.28571428358555 1.6809686422348022 2.096820145845413
      vertex -1 1.5055911615490913 2.3332893028855324
    endloop
  endfacet
  facet normal 0 0.8577286120536309 0.5141027407673996
    outer loop
      vertex -1 1.5055911615490913 2.3332893028855324
      vertex -70.28571428358555 1.5055911615490913 2.3332893028855324
      vertex -1 1.3542362079024315 2.585809789597988
    endloop
  endfacet
  facet normal 0 0.4275550927603769 0.9039892934402849
    outer loop
      vertex -1 2.8519496992230415 1.2283614054322243
      vertex -70.28571428358555 2.8519496992230415 1.2283614054322243
      vertex -1 2.585809789597988 1.3542362079024315
    endloop
  endfacet
  facet normal 0 0.3368898600571533 0.9415440627982695
    outer loop
      vertex -1 2.8519496992230415 1.2283614054322243
      vertex -1 3.1291459649801254 1.1291789934039116
      vertex -70.28571428358555 3.1291459649801254 1.1291789934039116
    endloop
  endfacet
  facet normal 0 0.24298017786540685 0.9700312537050007
    outer loop
      vertex -1 3.1291459649801254 1.1291789934039116
      vertex -1 3.4147290363907814 1.0576441586017609
      vertex -70.28571428358555 3.4147290363907814 1.0576441586017609
    endloop
  endfacet
  facet normal 0 0.14673047975168188 0.9891765091791461
    outer loop
      vertex -1 3.4147290363907814 1.0576441586017609
      vertex -1 3.7059485763311386 1.0144458189606667
      vertex -70.28571428358555 3.7059485763311386 1.0144458189606667
    endloop
  endfacet
  facet normal 0 0.04906767041570469 0.9987954563973426
    outer loop
      vertex -1 3.7059485763311386 1.0144458189606667
      vertex -1 4 1
      vertex -70.28571428358555 4 1
    endloop
  endfacet
  facet normal 0 0.9415440627982695 0.3368898600571533
    outer loop
      vertex -1 1.2283614054322243 2.8519496992230415
      vertex -70.28571428358555 1.2283614054322243 2.8519496992230415
      vertex -1 1.1291789934039116 3.1291459649801254
    endloop
  endfacet
  facet normal 0 0.9700312537050007 0.24298017786540685
    outer loop
      vertex -1 1.1291789934039116 3.1291459649801254
      vertex -70.28571428358555 1.1291789934039116 3.1291459649801254
      vertex -1 1.0576441586017609 3.4147290363907814
    endloop
  endfacet
  facet normal 0 0.9891765091791461 0.14673047975168188
    outer loop
      vertex -1 1.0576441586017609 3.4147290363907814
      vertex -70.28571428358555 1.0576441586017609 3.4147290363907814
      vertex -1 1.0144458189606667 3.7059485763311386
    endloop
  endfacet
  facet normal 0 0.9987954563973426 0.04906767041570469
    outer loop
      vertex -1 1.0144458189606667 3.7059485763311386
      vertex -70.28571428358555 1.0144458189606667 3.7059485763311386
      vertex -1 1 4
    endloop
  endfacet
  facet normal 0 0.9039892934402849 0.4275550927603769
    outer loop
      vertex -1 1.2283614054322243 2.8519496992230415
      vertex -1 1.3542362079024315 2.585809789597988
      vertex -70.28571428358555 1.3542362079024315 2.585809789597988
    endloop
  endfacet
  facet normal 0 0 1
    outer loop
      vertex -1 4 1
      vertex -1 9.5 1
      vertex -70.28571428358555 7 1
    endloop
  endfacet
  facet normal 0 0 1
    outer loop
      vertex -1 9.5 1
      vertex -1 12.5 1
      vertex -70.28571428358555 7 1
    endloop
  endfacet
  facet normal 0 0 1
    outer loop
      vertex -1 12.5 1
      vertex -1 15.5 1
      vertex -70.28571428358555 7 1
    endloop
  endfacet
  facet normal 0 0 1
    outer loop
      vertex -1 15.5 1
      vertex -1 18.5 1
      vertex -70.28571428358555 7 1
    endloop
  endfacet
  facet normal 0 0 1
    outer loop
      vertex -1 18.5 1
      vertex -1 21.5 1
      vertex -70.28571428358555 7 1
    endloop
  endfacet
  facet normal 0 0 1
    outer loop
      vertex -1 21.5 1
      vertex -1 24.5 1
      vertex -70.28571428358555 7 1
    endloop
  endfacet
  facet normal 0 0 1
    outer loop
      vertex -1 24.5 1
      vertex -1 27.5 1
      vertex -70.28571428358555 7 1
    endloop
  endfacet
  facet normal 0 1 0
    outer loop
      vertex -1 1 4
      vertex -70.28571428358555 1 4
      vertex -1 1 41
    endloop
  endfacet
  facet normal 0 0 1
    outer loop
      vertex -1 27.5 1
      vertex -1 30.5 1
      vertex -70.28571428358555 7 1
    endloop
  endfacet
  facet normal 0 0 1
    outer loop
      vertex -1 30.5 1
      vertex -1 33.5 1
      vertex -70.28571428358555 7 1
    endloop
  endfacet
  facet normal 0 0 1
    outer loop
      vertex -1 33.5 1
      vertex -1 36.5 1
      vertex -70.28571428358555 7 1
    endloop
  endfacet
  facet normal 0 0 1
    outer loop
      vertex -1 36.5 1
      vertex -1 39.5 1
      vertex -70.28571428358555 7 1
    endloop
  endfacet
  facet normal 0 0 1
    outer loop
      vertex -1 39.5 1
      vertex -1 42.5 1
      vertex -70.28571428358555 7 1
    endloop
  endfacet
  facet normal 0 0 1
    outer loop
      vertex -1 42.5 1
      vertex -1 45.5 1
      vertex -70.28571428358555 7 1
    endloop
  endfacet
  facet normal 0 0 1
    outer loop
      vertex -1 45.5 1
      vertex -1 48.5 1
      vertex -70.28571428358555 7 1
    endloop
  endfacet
  facet normal 0 0 1
    outer loop
      vertex -1 48.5 1
      vertex -1 51.5 1
      vertex -70.28571428358555 7 1
    endloop
  endfacet
  facet normal 0 0 1
    outer loop
      vertex -1 51.5 1
      vertex -1 54.5 1
      vertex -70.28571428358555 7 1
    endloop
  endfacet
  facet normal 0 0 1
    outer loop
      vertex -1 54.5 1
      vertex -1 57.5 1
      vertex -70.28571428358555 7 1
    endloop
  endfacet
  facet normal -1 0 0
    outer loop
      vertex -1 2.3332893028855324 1.5055911615490913
      vertex -1 2.096820145845413 1.6809686422348022
      vertex -1 1 41
    endloop
  endfacet
  facet normal -1 0 0
    outer loop
      vertex -1 3.1291459649801254 1.1291789934039116
      vertex -1 1 41
      vertex -1 3.4147290363907814 1.0576441586017609
    endloop
  endfacet
  facet normal -1 0 0
    outer loop
      vertex -1 2.8519496992230415 1.2283614054322243
      vertex -1 2.585809789597988 1.3542362079024315
      vertex -1 1 41
    endloop
  endfacet
  facet normal -1 0 0
    outer loop
      vertex -1 2.3332893028855324 1.5055911615490913
      vertex -1 1 41
      vertex -1 2.585809789597988 1.3542362079024315
    endloop
  endfacet
  facet normal -1 0 0
    outer loop
      vertex -1 2.8519496992230415 1.2283614054322243
      vertex -1 1 41
      vertex -1 3.1291459649801254 1.1291789934039116
    endloop
  endfacet
  facet normal -1 0 0
    outer loop
      vertex -1 1.8786796554923058 1.8786796554923058
      vertex -1 1.6809686422348022 2.096820145845413
      vertex -1 1 41
    endloop
  endfacet
  facet normal -1 0 0
    outer loop
      vertex -1 1.8786796554923058 1.8786796554923058
      vertex -1 1 41
      vertex -1 2.096820145845413 1.6809686422348022
    endloop
  endfacet
  facet normal -1 0 0
    outer loop
      vertex -1 1.6809686422348022 2.096820145845413
      vertex -1 1.5055911615490913 2.3332893028855324
      vertex -1 1 41
    endloop
  endfacet
  facet normal -1 0 0
    outer loop
      vertex -1 1.5055911615490913 2.3332893028855324
      vertex -1 1.3542362079024315 2.585809789597988
      vertex -1 1 41
    endloop
  endfacet
  facet normal -1 0 0
    outer loop
      vertex -1 3.4147290363907814 1.0576441586017609
      vertex -1 1 41
      vertex -1 3.7059485763311386 1.0144458189606667
    endloop
  endfacet
  facet normal -1 0 0
    outer loop
      vertex -1 3.7059485763311386 1.0144458189606667
      vertex -1 1 41
      vertex -1 4 1
    endloop
  endfacet
  facet normal -1 0 0
    outer loop
      vertex -1 4 1
      vertex -1 1 41
      vertex -1 9.5 1
    endloop
  endfacet
  facet normal -1 0 0
    outer loop
      vertex -1 1.2283614054322243 2.8519496992230415
      vertex -1 1 41
      vertex -1 1.3542362079024315 2.585809789597988
    endloop
  endfacet
  facet normal -1 0 0
    outer loop
      vertex -1 1.2283614054322243 2.8519496992230415
      vertex -1 1.1291789934039116 3.1291459649801254
      vertex -1 1 41
    endloop
  endfacet
  facet normal -1 0 0
    outer loop
      vertex -1 1.1291789934039116 3.1291459649801254
      vertex -1 1.0576441586017609 3.4147290363907814
      vertex -1 1 41
    endloop
  endfacet
  facet normal -1 0 0
    outer loop
      vertex -1 1.0576441586017609 3.4147290363907814
      vertex -1 1.0144458189606667 3.7059485763311386
      vertex -1 1 41
    endloop
  endfacet
  facet normal -1 0 0
    outer loop
      vertex -1 1.0144458189606667 3.7059485763311386
      vertex -1 1 4
      vertex -1 1 41
    endloop
  endfacet
  facet normal -1 0 0
    outer loop
      vertex -1 12.5 1
      vertex -1 12.5 41
      vertex -1 15.5 1
    endloop
  endfacet
  facet normal -1 0 0
    outer loop
      vertex -1 18.5 1
      vertex -1 18.5 41
      vertex -1 21.5 1
    endloop
  endfacet
  facet normal -1 0 0
    outer loop
      vertex -1 24.5 1
      vertex -1 24.5 41
      vertex -1 27.5 1
    endloop
  endfacet
  facet normal -1 0 0
    outer loop
      vertex -1 30.5 1
      vertex -1 30.5 41
      vertex -1 33.5 1
    endloop
  endfacet
  facet normal -1 0 0
    outer loop
      vertex -1 36.5 1
      vertex -1 36.5 41
      vertex -1 39.5 1
    endloop
  endfacet
  facet normal -1 0 0
    outer loop
      vertex -1 9.5 1
      vertex -1 1 41
      vertex -1 9.5 41
    endloop
  endfacet
  facet normal -1 0 0
    outer loop
      vertex -1 15.5 1
      vertex -1 12.5 41
      vertex -1 15.5 41
    endloop
  endfacet
  facet normal -1 0 0
    outer loop
      vertex -1 21.5 1
      vertex -1 18.5 41
      vertex -1 21.5 41
    endloop
  endfacet
  facet normal -1 0 0
    outer loop
      vertex -1 27.5 1
      vertex -1 24.5 41
      vertex -1 27.5 41
    endloop
  endfacet
  facet normal -1 0 0
    outer loop
      vertex -1 33.5 1
      vertex -1 30.5 41
      vertex -1 33.5 41
    endloop
  endfacet
  facet normal -1 0 0
    outer loop
      vertex -1 39.5 1
      vertex -1 36.5 41
      vertex -1 39.5 41
    endloop
  endfacet
  facet normal 0 0 1
    outer loop
      vertex -1 57.5 1
      vertex -1 60.5 1
      vertex -70.28571428358555 7 1
    endloop
  endfacet
  facet normal 0 0 1
    outer loop
      vertex -1 60.5 1
      vertex -1 63.5 1
      vertex -70.28571428358555 7 1
    endloop
  endfacet
  facet normal 0 0 1
    outer loop
      vertex -1 63.5 1
      vertex -1 66.5 1
      vertex -70.28571428358555 7 1
    endloop
  endfacet
  facet normal 0 0 1
    outer loop
      vertex -1 69.5 1
      vertex -1 72.5 1
      vertex -81 7 1
    endloop
  endfacet
  facet normal 0 0 1
    outer loop
      vertex -1 66.5 1
      vertex -1 69.5 1
      vertex -70.28571428358555 7 1
    endloop
  endfacet
  facet normal 0 0 1
    outer loop
      vertex -1 72.5 1
      vertex -1 78 1
      vertex -81 7 1
    endloop
  endfacet
  facet normal 0 -0.04906767041570469 0.9987954563973426
    outer loop
      vertex -1 78 1
      vertex -1 78.29405142366886 1.0144458189606667
      vertex -70.28571428358555 78.29405142366886 1.0144458189606667
    endloop
  endfacet
  facet normal 0 -0.14673047975168188 0.9891765091791461
    outer loop
      vertex -1 78.29405142366886 1.0144458189606667
      vertex -1 78.58527096360922 1.0576441586017609
      vertex -70.28571428358555 78.58527096360922 1.0576441586017609
    endloop
  endfacet
  facet normal 0 -0.24298017786540685 0.9700312537050007
    outer loop
      vertex -1 78.58527096360922 1.0576441586017609
      vertex -1 78.87085403501987 1.1291789934039116
      vertex -70.28571428358555 78.87085403501987 1.1291789934039116
    endloop
  endfacet
  facet normal 0 -0.3368898600571533 0.9415440627982695
    outer loop
      vertex -1 78.87085403501987 1.1291789934039116
      vertex -1 79.14805030077696 1.2283614054322243
      vertex -70.28571428358555 79.14805030077696 1.2283614054322243
    endloop
  endfacet
  facet normal 0 -0.4275550927603769 0.9039892934402849
    outer loop
      vertex -1 79.14805030077696 1.2283614054322243
      vertex -1 79.41419021040201 1.3542362079024315
      vertex -70.28571428358555 79.41419021040201 1.3542362079024315
    endloop
  endfacet
  facet normal 0 -0.5141027407673996 0.8577286120536309
    outer loop
      vertex -1 79.41419021040201 1.3542362079024315
      vertex -1 79.66671069711447 1.5055911615490913
      vertex -70.28571428358555 79.66671069711447 1.5055911615490913
    endloop
  endfacet
  facet normal 0 -0.5956993071010399 0.8032075295459704
    outer loop
      vertex -1 79.66671069711447 1.5055911615490913
      vertex -1 79.90317985415459 1.6809686422348022
      vertex -70.28571428358555 79.90317985415459 1.6809686422348022
    endloop
  endfacet
  facet normal 0 -0.6715589499566086 0.7409511297873681
    outer loop
      vertex -1 79.90317985415459 1.6809686422348022
      vertex -1 80.1213203445077 1.8786796554923058
      vertex -70.28571428358555 80.1213203445077 1.8786796554923058
    endloop
  endfacet
  facet normal 0 -0.7409511297873681 0.6715589499566086
    outer loop
      vertex -1 80.1213203445077 1.8786796554923058
      vertex -1 80.3190313577652 2.096820145845413
      vertex -70.28571428358555 80.3190313577652 2.096820145845413
    endloop
  endfacet
  facet normal 0 -0.8032075295459704 0.5956993071010399
    outer loop
      vertex -1 80.3190313577652 2.096820145845413
      vertex -1 80.49440883845091 2.3332893028855324
      vertex -70.28571428358555 80.49440883845091 2.3332893028855324
    endloop
  endfacet
  facet normal 0 -0.8577286120536309 0.5141027407673996
    outer loop
      vertex -1 80.49440883845091 2.3332893028855324
      vertex -1 80.64576379209757 2.585809789597988
      vertex -70.28571428358555 80.64576379209757 2.585809789597988
    endloop
  endfacet
  facet normal 0 -0.9039892934402849 0.4275550927603769
    outer loop
      vertex -1 80.64576379209757 2.585809789597988
      vertex -1 80.77163859456778 2.8519496992230415
      vertex -70.28571428358555 80.77163859456778 2.8519496992230415
    endloop
  endfacet
  facet normal 0 -0.9415440627982695 0.3368898600571533
    outer loop
      vertex -1 80.77163859456778 2.8519496992230415
      vertex -1 80.87082100659609 3.1291459649801254
      vertex -70.28571428358555 80.87082100659609 3.1291459649801254
    endloop
  endfacet
  facet normal 0 -0.9700312537050007 0.24298017786540685
    outer loop
      vertex -1 80.87082100659609 3.1291459649801254
      vertex -1 80.94235584139824 3.4147290363907814
      vertex -70.28571428358555 80.94235584139824 3.4147290363907814
    endloop
  endfacet
  facet normal 0 -0.9891765091791461 0.14673047975168188
    outer loop
      vertex -1 80.94235584139824 3.4147290363907814
      vertex -1 80.98555418103933 3.7059485763311386
      vertex -70.28571428358555 80.98555418103933 3.7059485763311386
    endloop
  endfacet
  facet normal 0 -0.9987954563973426 0.04906767041570469
    outer loop
      vertex -1 80.98555418103933 3.7059485763311386
      vertex -1 81 4
      vertex -70.28571428358555 81 4
    endloop
  endfacet
  facet normal -1 0 0
    outer loop
      vertex -1 42.5 1
      vertex -1 42.5 41
      vertex -1 45.5 1
    endloop
  endfacet
  facet normal -1 0 0
    outer loop
      vertex -1 48.5 1
      vertex -1 48.5 41
      vertex -1 51.5 1
    endloop
  endfacet
  facet normal -1 0 0
    outer loop
      vertex -1 54.5 1
      vertex -1 54.5 41
      vertex -1 57.5 1
    endloop
  endfacet
  facet normal -1 0 0
    outer loop
      vertex -1 60.5 1
      vertex -1 60.5 41
      vertex -1 63.5 1
    endloop
  endfacet
  facet normal -1 0 0
    outer loop
      vertex -1 66.5 1
      vertex -1 66.5 41
      vertex -1 69.5 1
    endloop
  endfacet
  facet normal -1 0 0
    outer loop
      vertex -1 72.5 1
      vertex -1 72.5 41
      vertex -1 78 1
    endloop
  endfacet
  facet normal -1 0 0
    outer loop
      vertex -1 78 1
      vertex -1 72.5 41
      vertex -1 78.29405142366886 1.0144458189606667
    endloop
  endfacet
  facet normal -1 0 0
    outer loop
      vertex -1 78.29405142366886 1.0144458189606667
      vertex -1 72.5 41
      vertex -1 78.58527096360922 1.0576441586017609
    endloop
  endfacet
  facet normal -1 0 0
    outer loop
      vertex -1 78.58527096360922 1.0576441586017609
      vertex -1 72.5 41
      vertex -1 78.87085403501987 1.1291789934039116
    endloop
  endfacet
  facet normal -1 0 0
    outer loop
      vertex -1 78.87085403501987 1.1291789934039116
      vertex -1 72.5 41
      vertex -1 79.14805030077696 1.2283614054322243
    endloop
  endfacet
  facet normal -1 0 0
    outer loop
      vertex -1 79.14805030077696 1.2283614054322243
      vertex -1 72.5 41
      vertex -1 79.41419021040201 1.3542362079024315
    endloop
  endfacet
  facet normal -1 0 0
    outer loop
      vertex -1 79.41419021040201 1.3542362079024315
      vertex -1 72.5 41
      vertex -1 79.66671069711447 1.5055911615490913
    endloop
  endfacet
  facet normal -1 0 0
    outer loop
      vertex -1 79.66671069711447 1.5055911615490913
      vertex -1 72.5 41
      vertex -1 79.90317985415459 1.6809686422348022
    endloop
  endfacet
  facet normal -1 0 0
    outer loop
      vertex -1 79.90317985415459 1.6809686422348022
      vertex -1 72.5 41
      vertex -1 80.1213203445077 1.8786796554923058
    endloop
  endfacet
  facet normal -1 0 0
    outer loop
      vertex -1 80.1213203445077 1.8786796554923058
      vertex -1 72.5 41
      vertex -1 80.3190313577652 2.096820145845413
    endloop
  endfacet
  facet normal -1 0 0
    outer loop
      vertex -1 80.3190313577652 2.096820145845413
      vertex -1 72.5 41
      vertex -1 80.49440883845091 2.3332893028855324
    endloop
  endfacet
  facet normal -1 0 0
    outer loop
      vertex -1 80.49440883845091 2.3332893028855324
      vertex -1 72.5 41
      vertex -1 80.64576379209757 2.585809789597988
    endloop
  endfacet
  facet normal -1 0 0
    outer loop
      vertex -1 80.64576379209757 2.585809789597988
      vertex -1 72.5 41
      vertex -1 80.77163859456778 2.8519496992230415
    endloop
  endfacet
  facet normal -1 0 0
    outer loop
      vertex -1 80.77163859456778 2.8519496992230415
      vertex -1 72.5 41
      vertex -1 80.87082100659609 3.1291459649801254
    endloop
  endfacet
  facet normal -1 0 0
    outer loop
      vertex -1 80.87082100659609 3.1291459649801254
      vertex -1 72.5 41
      vertex -1 80.94235584139824 3.4147290363907814
    endloop
  endfacet
  facet normal -1 0 0
    outer loop
      vertex -1 80.94235584139824 3.4147290363907814
      vertex -1 72.5 41
      vertex -1 80.98555418103933 3.7059485763311386
    endloop
  endfacet
  facet normal -1 0 0
    outer loop
      vertex -1 80.98555418103933 3.7059485763311386
      vertex -1 72.5 41
      vertex -1 81 4
    endloop
  endfacet
  facet normal 0 -1 0
    outer loop
      vertex -1 81 4
      vertex -1 81 41
      vertex -70.28571428358555 81 40.64000000059605
    endloop
  endfacet
  facet normal -1 0 0
    outer loop
      vertex -1 45.5 1
      vertex -1 42.5 41
      vertex -1 45.5 41
    endloop
  endfacet
  facet normal -1 0 0
    outer loop
      vertex -1 51.5 1
      vertex -1 48.5 41
      vertex -1 51.5 41
    endloop
  endfacet
  facet normal -1 0 0
    outer loop
      vertex -1 57.5 1
      vertex -1 54.5 41
      vertex -1 57.5 41
    endloop
  endfacet
  facet normal -1 0 0
    outer loop
      vertex -1 63.5 1
      vertex -1 60.5 41
      vertex -1 63.5 41
    endloop
  endfacet
  facet normal -1 0 0
    outer loop
      vertex -1 69.5 1
      vertex -1 66.5 41
      vertex -1 69.5 41
    endloop
  endfacet
  facet normal -1 0 0
    outer loop
      vertex -1 81 4
      vertex -1 72.5 41
      vertex -1 81 41
    endloop
  endfacet
  facet normal 0 0 1
    outer loop
      vertex -82 0 41
      vertex -1 1 41
      vertex -82 1 41
    endloop
  endfacet
  facet normal 0 0 1
    outer loop
      vertex -82 81 41
      vertex 0 82 41
      vertex -82 82 41
    endloop
  endfacet
  facet normal 0 0 1
    outer loop
      vertex -82 0 41
      vertex 0 0 41
      vertex -1 1 41
    endloop
  endfacet
  facet normal 0 0 1
    outer loop
      vertex -1 1 41
      vertex 0 0 41
      vertex -1 9.5 41
    endloop
  endfacet
  facet normal 0 0 1
    outer loop
      vertex 0 0 41
      vertex 0 9.5 41
      vertex -1 9.5 41
    endloop
  endfacet
  facet normal 0 0 1
    outer loop
      vertex -1 12.5 41
      vertex 0 12.5 41
      vertex -1 15.5 41
    endloop
  endfacet
  facet normal 0 0 1
    outer loop
      vertex 0 12.5 41
      vertex 0 15.5 41
      vertex -1 15.5 41
    endloop
  endfacet
  facet normal 0 0 1
    outer loop
      vertex -1 18.5 41
      vertex 0 18.5 41
      vertex -1 21.5 41
    endloop
  endfacet
  facet normal 0 0 1
    outer loop
      vertex 0 18.5 41
      vertex 0 21.5 41
      vertex -1 21.5 41
    endloop
  endfacet
  facet normal 0 0 1
    outer loop
      vertex -1 24.5 41
      vertex 0 24.5 41
      vertex -1 27.5 41
    endloop
  endfacet
  facet normal 0 0 1
    outer loop
      vertex 0 24.5 41
      vertex 0 27.5 41
      vertex -1 27.5 41
    endloop
  endfacet
  facet normal 0 0 1
    outer loop
      vertex -1 30.5 41
      vertex 0 30.5 41
      vertex -1 33.5 41
    endloop
  endfacet
  facet normal 0 0 1
    outer loop
      vertex 0 30.5 41
      vertex 0 33.5 41
      vertex -1 33.5 41
    endloop
  endfacet
  facet normal 0 0 1
    outer loop
      vertex -1 36.5 41
      vertex 0 36.5 41
      vertex -1 39.5 41
    endloop
  endfacet
  facet normal 0 0 1
    outer loop
      vertex 0 36.5 41
      vertex 0 39.5 41
      vertex -1 39.5 41
    endloop
  endfacet
  facet normal 0 0 1
    outer loop
      vertex -82 81 41
      vertex -1 81 41
      vertex 0 82 41
    endloop
  endfacet
  facet normal 0 0 1
    outer loop
      vertex -1 42.5 41
      vertex 0 42.5 41
      vertex -1 45.5 41
    endloop
  endfacet
  facet normal 0 0 1
    outer loop
      vertex 0 42.5 41
      vertex 0 45.5 41
      vertex -1 45.5 41
    endloop
  endfacet
  facet normal 0 0 1
    outer loop
      vertex -1 48.5 41
      vertex 0 48.5 41
      vertex -1 51.5 41
    endloop
  endfacet
  facet normal 0 0 1
    outer loop
      vertex 0 48.5 41
      vertex 0 51.5 41
      vertex -1 51.5 41
    endloop
  endfacet
  facet normal 0 0 1
    outer loop
      vertex -1 54.5 41
      vertex 0 54.5 41
      vertex -1 57.5 41
    endloop
  endfacet
  facet normal 0 0 1
    outer loop
      vertex 0 54.5 41
      vertex 0 57.5 41
      vertex -1 57.5 41
    endloop
  endfacet
  facet normal 0 0 1
    outer loop
      vertex -1 60.5 41
      vertex 0 60.5 41
      vertex -1 63.5 41
    endloop
  endfacet
  facet normal 0 0 1
    outer loop
      vertex 0 60.5 41
      vertex 0 63.5 41
      vertex -1 63.5 41
    endloop
  endfacet
  facet normal 0 0 1
    outer loop
      vertex -1 66.5 41
      vertex 0 66.5 41
      vertex -1 69.5 41
    endloop
  endfacet
  facet normal 0 0 1
    outer loop
      vertex 0 66.5 41
      vertex 0 69.5 41
      vertex -1 69.5 41
    endloop
  endfacet
  facet normal 0 0 1
    outer loop
      vertex -1 72.5 41
      vertex 0 72.5 41
      vertex -1 81 41
    endloop
  endfacet
  facet normal 0 0 1
    outer loop
      vertex 0 72.5 41
      vertex 0 82 41
      vertex -1 81 41
    endloop
  endfacet
  facet normal 1 0 0
    outer loop
      vertex -81 5.68 2
      vertex -81 2.3200000000000003 7
      vertex -81 2.3200000000000003 2
    endloop
  endfacet
  facet normal -1 0 0
    outer loop
      vertex -82 1 4
      vertex -82 1 7
      vertex -82 7 7
    endloop
  endfacet
  facet normal 1 0 0
    outer loop
      vertex -81 2.3200000000000003 7
      vertex -81 5.68 2
      vertex -81 5.68 7
    endloop
  endfacet
  facet normal 0 0 1
    outer loop
      vertex -81.17999999970198 2.3200000000000003 7
      vertex -81 2.3200000000000003 7
      vertex -81 5.68 7
    endloop
  endfacet
  facet normal 0 0 1
    outer loop
      vertex -81.17999999970198 5.68 7
      vertex -81.17999999970198 2.3200000000000003 7
      vertex -81 5.68 7
    endloop
  endfacet
  facet normal -1 0 0
    outer loop
      vertex -82 3.1291459649801254 1.1291789934039116
      vertex -82 78.87085403501987 1.1291789934039116
      vertex -82 3.4147290363907814 1.0576441586017609
    endloop
  endfacet
  facet normal -1 0 0
    outer loop
      vertex -82 3.7059485763311386 1.0144458189606667
      vertex -82 78.29405142366886 1.0144458189606667
      vertex -82 4 1
    endloop
  endfacet
  facet normal -1 0 0
    outer loop
      vertex -82 3.4147290363907814 1.0576441586017609
      vertex -82 78.58527096360922 1.0576441586017609
      vertex -82 3.7059485763311386 1.0144458189606667
    endloop
  endfacet
  facet normal -1 0 0
    outer loop
      vertex -82 1.8786796554923058 1.8786796554923058
      vertex -82 1.6809686422348022 2.096820145845413
      vertex -82 81 7
    endloop
  endfacet
  facet normal -1 0 0
    outer loop
      vertex -82 1.6809686422348022 2.096820145845413
      vertex -82 1.5055911615490913 2.3332893028855324
      vertex -82 81 7
    endloop
  endfacet
  facet normal -1 0 0
    outer loop
      vertex -82 1.2283614054322243 2.8519496992230415
      vertex -82 81 7
      vertex -82 1.3542362079024315 2.585809789597988
    endloop
  endfacet
  facet normal -1 0 0
    outer loop
      vertex -82 1.5055911615490913 2.3332893028855324
      vertex -82 1.3542362079024315 2.585809789597988
      vertex -82 81 7
    endloop
  endfacet
  facet normal -1 0 0
    outer loop
      vertex -82 1.2283614054322243 2.8519496992230415
      vertex -82 1.1291789934039116 3.1291459649801254
      vertex -82 81 7
    endloop
  endfacet
  facet normal -1 0 0
    outer loop
      vertex -82 1.1291789934039116 3.1291459649801254
      vertex -82 1.0576441586017609 3.4147290363907814
      vertex -82 81 7
    endloop
  endfacet
  facet normal -1 0 0
    outer loop
      vertex -82 1.0576441586017609 3.4147290363907814
      vertex -82 1.0144458189606667 3.7059485763311386
      vertex -82 81 7
    endloop
  endfacet
  facet normal -1 0 0
    outer loop
      vertex -82 1.0144458189606667 3.7059485763311386
      vertex -82 1 4
      vertex -82 81 7
    endloop
  endfacet
  facet normal -1 0 0
    outer loop
      vertex -82 2.8519496992230415 1.2283614054322243
      vertex -82 2.585809789597988 1.3542362079024315
      vertex -82 81 7
    endloop
  endfacet
  facet normal -1 0 0
    outer loop
      vertex -82 2.8519496992230415 1.2283614054322243
      vertex -82 81 7
      vertex -82 3.1291459649801254 1.1291789934039116
    endloop
  endfacet
  facet normal -1 0 0
    outer loop
      vertex -82 1.8786796554923058 1.8786796554923058
      vertex -82 81 7
      vertex -82 2.096820145845413 1.6809686422348022
    endloop
  endfacet
  facet normal -1 0 0
    outer loop
      vertex -82 2.3332893028855324 1.5055911615490913
      vertex -82 2.096820145845413 1.6809686422348022
      vertex -82 81 7
    endloop
  endfacet
  facet normal -1 0 0
    outer loop
      vertex -82 2.3332893028855324 1.5055911615490913
      vertex -82 81 7
      vertex -82 2.585809789597988 1.3542362079024315
    endloop
  endfacet
  facet normal 1 0 0
    outer loop
      vertex -81 7 1
      vertex -81 75 1
      vertex -81 7 7
    endloop
  endfacet
  facet normal -1 0 0
    outer loop
      vertex -82 1 4
      vertex -82 7 7
      vertex -82 75 7
    endloop
  endfacet
  facet normal 0 0 1
    outer loop
      vertex -82 7 7
      vertex -81 7 7
      vertex -81 75 7
    endloop
  endfacet
  facet normal -1 0 0
    outer loop
      vertex -82 4 1
      vertex -82 78.29405142366886 1.0144458189606667
      vertex -82 78 1
    endloop
  endfacet
  facet normal -1 0 0
    outer loop
      vertex -82 3.7059485763311386 1.0144458189606667
      vertex -82 78.58527096360922 1.0576441586017609
      vertex -82 78.29405142366886 1.0144458189606667
    endloop
  endfacet
  facet normal -1 0 0
    outer loop
      vertex -82 3.4147290363907814 1.0576441586017609
      vertex -82 78.87085403501987 1.1291789934039116
      vertex -82 78.58527096360922 1.0576441586017609
    endloop
  endfacet
  facet normal -1 0 0
    outer loop
      vertex -82 3.1291459649801254 1.1291789934039116
      vertex -82 79.14805030077696 1.2283614054322243
      vertex -82 78.87085403501987 1.1291789934039116
    endloop
  endfacet
  facet normal -1 0 0
    outer loop
      vertex -82 3.1291459649801254 1.1291789934039116
      vertex -82 79.41419021040201 1.3542362079024315
      vertex -82 79.14805030077696 1.2283614054322243
    endloop
  endfacet
  facet normal -1 0 0
    outer loop
      vertex -82 3.1291459649801254 1.1291789934039116
      vertex -82 79.66671069711447 1.5055911615490913
      vertex -82 79.41419021040201 1.3542362079024315
    endloop
  endfacet
  facet normal -1 0 0
    outer loop
      vertex -82 3.1291459649801254 1.1291789934039116
      vertex -82 79.90317985415459 1.6809686422348022
      vertex -82 79.66671069711447 1.5055911615490913
    endloop
  endfacet
  facet normal -1 0 0
    outer loop
      vertex -82 3.1291459649801254 1.1291789934039116
      vertex -82 80.1213203445077 1.8786796554923058
      vertex -82 79.90317985415459 1.6809686422348022
    endloop
  endfacet
  facet normal -1 0 0
    outer loop
      vertex -82 3.1291459649801254 1.1291789934039116
      vertex -82 80.3190313577652 2.096820145845413
      vertex -82 80.1213203445077 1.8786796554923058
    endloop
  endfacet
  facet normal -1 0 0
    outer loop
      vertex -82 3.1291459649801254 1.1291789934039116
      vertex -82 80.49440883845091 2.3332893028855324
      vertex -82 80.3190313577652 2.096820145845413
    endloop
  endfacet
  facet normal -1 0 0
    outer loop
      vertex -82 3.1291459649801254 1.1291789934039116
      vertex -82 80.64576379209757 2.585809789597988
      vertex -82 80.49440883845091 2.3332893028855324
    endloop
  endfacet
  facet normal -1 0 0
    outer loop
      vertex -82 3.1291459649801254 1.1291789934039116
      vertex -82 80.77163859456778 2.8519496992230415
      vertex -82 80.64576379209757 2.585809789597988
    endloop
  endfacet
  facet normal -1 0 0
    outer loop
      vertex -82 3.1291459649801254 1.1291789934039116
      vertex -82 80.87082100659609 3.1291459649801254
      vertex -82 80.77163859456778 2.8519496992230415
    endloop
  endfacet
  facet normal -1 0 0
    outer loop
      vertex -82 3.1291459649801254 1.1291789934039116
      vertex -82 80.94235584139824 3.4147290363907814
      vertex -82 80.87082100659609 3.1291459649801254
    endloop
  endfacet
  facet normal 1 0 0
    outer loop
      vertex -81 7 7
      vertex -81 75 1
      vertex -81 75 7
    endloop
  endfacet
  facet normal -1 0 0
    outer loop
      vertex -82 3.1291459649801254 1.1291789934039116
      vertex -82 80.98555418103933 3.7059485763311386
      vertex -82 80.94235584139824 3.4147290363907814
    endloop
  endfacet
  facet normal -1 0 0
    outer loop
      vertex -82 3.1291459649801254 1.1291789934039116
      vertex -82 81 4
      vertex -82 80.98555418103933 3.7059485763311386
    endloop
  endfacet
  facet normal -1 0 0
    outer loop
      vertex -82 3.1291459649801254 1.1291789934039116
      vertex -82 81 7
      vertex -82 81 4
    endloop
  endfacet
  facet normal -1 0 0
    outer loop
      vertex -82 1 4
      vertex -82 75 7
      vertex -82 81 7
    endloop
  endfacet
  facet normal 0 0 1
    outer loop
      vertex -82 7 7
      vertex -81 75 7
      vertex -82 75 7
    endloop
  endfacet
  facet normal 1 0 0
    outer loop
      vertex -81 76.32 2
      vertex -81 79.68 2
      vertex -81 76.32 7
    endloop
  endfacet
  facet normal 1 0 0
    outer loop
      vertex -81 76.32 7
      vertex -81 79.68 2
      vertex -81 79.68 7
    endloop
  endfacet
  facet normal 0 0 1
    outer loop
      vertex -81.17999999970198 76.32 7
      vertex -81 76.32 7
      vertex -81.17999999970198 79.68 7
    endloop
  endfacet
  facet normal 0 0 1
    outer loop
      vertex -81.17999999970198 79.68 7
      vertex -81 76.32 7
      vertex -81 79.68 7
    endloop
  endfacet
  facet normal 0 -1 0
    outer loop
      vertex -70.28571428358555 75 1
      vertex -81 75 7
      vertex -81 75 1
    endloop
  endfacet
  facet normal 0 -1 0
    outer loop
      vertex -82 75 40.64000000059605
      vertex -81 75 7
      vertex -70.28571428358555 75 1
    endloop
  endfacet
  facet normal 0 -1 0
    outer loop
      vertex -82 75 40.64000000059605
      vertex -82 75 7
      vertex -81 75 7
    endloop
  endfacet
  facet normal -1 0 0
    outer loop
      vertex -82 81 40.64000000059605
      vertex -82 81 7
      vertex -82 75 7
    endloop
  endfacet
  facet normal 1 0 0
    outer loop
      vertex -70.28571428358555 75 1
      vertex -70.28571428358555 78 1
      vertex -70.28571428358555 81 40.64000000059605
    endloop
  endfacet
  facet normal 1 0 0
    outer loop
      vertex -70.28571428358555 81 40.64000000059605
      vertex -70.28571428358555 78 1
      vertex -70.28571428358555 78.29405142366886 1.0144458189606667
    endloop
  endfacet
  facet normal 1 0 0
    outer loop
      vertex -70.28571428358555 81 40.64000000059605
      vertex -70.28571428358555 78.29405142366886 1.0144458189606667
      vertex -70.28571428358555 78.58527096360922 1.0576441586017609
    endloop
  endfacet
  facet normal 1 0 0
    outer loop
      vertex -70.28571428358555 81 40.64000000059605
      vertex -70.28571428358555 78.58527096360922 1.0576441586017609
      vertex -70.28571428358555 78.87085403501987 1.1291789934039116
    endloop
  endfacet
  facet normal 1 0 0
    outer loop
      vertex -70.28571428358555 81 40.64000000059605
      vertex -70.28571428358555 78.87085403501987 1.1291789934039116
      vertex -70.28571428358555 79.14805030077696 1.2283614054322243
    endloop
  endfacet
  facet normal 1 0 0
    outer loop
      vertex -70.28571428358555 81 40.64000000059605
      vertex -70.28571428358555 79.14805030077696 1.2283614054322243
      vertex -70.28571428358555 79.41419021040201 1.3542362079024315
    endloop
  endfacet
  facet normal 1 0 0
    outer loop
      vertex -70.28571428358555 81 40.64000000059605
      vertex -70.28571428358555 79.41419021040201 1.3542362079024315
      vertex -70.28571428358555 79.66671069711447 1.5055911615490913
    endloop
  endfacet
  facet normal 1 0 0
    outer loop
      vertex -70.28571428358555 81 40.64000000059605
      vertex -70.28571428358555 79.66671069711447 1.5055911615490913
      vertex -70.28571428358555 79.90317985415459 1.6809686422348022
    endloop
  endfacet
  facet normal 1 0 0
    outer loop
      vertex -70.28571428358555 81 40.64000000059605
      vertex -70.28571428358555 79.90317985415459 1.6809686422348022
      vertex -70.28571428358555 80.1213203445077 1.8786796554923058
    endloop
  endfacet
  facet normal 1 0 0
    outer loop
      vertex -70.28571428358555 81 40.64000000059605
      vertex -70.28571428358555 80.1213203445077 1.8786796554923058
      vertex -70.28571428358555 80.3190313577652 2.096820145845413
    endloop
  endfacet
  facet normal 1 0 0
    outer loop
      vertex -70.28571428358555 81 40.64000000059605
      vertex -70.28571428358555 80.3190313577652 2.096820145845413
      vertex -70.28571428358555 80.49440883845091 2.3332893028855324
    endloop
  endfacet
  facet normal 1 0 0
    outer loop
      vertex -70.28571428358555 80.64576379209757 2.585809789597988
      vertex -70.28571428358555 81 40.64000000059605
      vertex -70.28571428358555 80.49440883845091 2.3332893028855324
    endloop
  endfacet
  facet normal 1 0 0
    outer loop
      vertex -70.28571428358555 80.77163859456778 2.8519496992230415
      vertex -70.28571428358555 81 40.64000000059605
      vertex -70.28571428358555 80.64576379209757 2.585809789597988
    endloop
  endfacet
  facet normal 1 0 0
    outer loop
      vertex -70.28571428358555 80.87082100659609 3.1291459649801254
      vertex -70.28571428358555 81 40.64000000059605
      vertex -70.28571428358555 80.77163859456778 2.8519496992230415
    endloop
  endfacet
  facet normal 1 0 0
    outer loop
      vertex -70.28571428358555 80.94235584139824 3.4147290363907814
      vertex -70.28571428358555 81 40.64000000059605
      vertex -70.28571428358555 80.87082100659609 3.1291459649801254
    endloop
  endfacet
  facet normal 1 0 0
    outer loop
      vertex -70.28571428358555 80.98555418103933 3.7059485763311386
      vertex -70.28571428358555 81 40.64000000059605
      vertex -70.28571428358555 80.94235584139824 3.4147290363907814
    endloop
  endfacet
  facet normal 1 0 0
    outer loop
      vertex -70.28571428358555 81 4
      vertex -70.28571428358555 81 40.64000000059605
      vertex -70.28571428358555 80.98555418103933 3.7059485763311386
    endloop
  endfacet
  facet normal -1 0 0
    outer loop
      vertex -82 75 40.64000000059605
      vertex -82 81 40.64000000059605
      vertex -82 75 7
    endloop
  endfacet
  facet normal 0 -1 0
    outer loop
      vertex -82 75 40.64000000059605
      vertex -70.28571428358555 75 1
      vertex -70.28571428358555 75 40.64000000059605
    endloop
  endfacet
  facet normal 1 0 0
    outer loop
      vertex -70.28571428358555 75 40.64000000059605
      vertex -70.28571428358555 75 1
      vertex -70.28571428358555 81 40.64000000059605
    endloop
  endfacet
  facet normal 0 0 1
    outer loop
      vertex -82 75 40.64000000059605
      vertex -70.28571428358555 75 40.64000000059605
      vertex -81.17999999970198 76.32 40.64000000059605
    endloop
  endfacet
  facet normal 0 0 1
    outer loop
      vertex -82 75 40.64000000059605
      vertex -81.17999999970198 76.32 40.64000000059605
      vertex -81.17999999970198 79.68 40.64000000059605
    endloop
  endfacet
  facet normal 0 0 1
    outer loop
      vertex -82 75 40.64000000059605
      vertex -81.17999999970198 79.68 40.64000000059605
      vertex -82 81 40.64000000059605
    endloop
  endfacet
  facet normal 0 0 1
    outer loop
      vertex -81.17999999970198 79.68 40.64000000059605
      vertex -71.10571428388357 79.68 40.64000000059605
      vertex -82 81 40.64000000059605
    endloop
  endfacet
  facet normal 0 0 1
    outer loop
      vertex -81.17999999970198 76.32 40.64000000059605
      vertex -70.28571428358555 75 40.64000000059605
      vertex -71.10571428388357 76.32 40.64000000059605
    endloop
  endfacet
  facet normal 0 0 1
    outer loop
      vertex -71.10571428388357 79.68 40.64000000059605
      vertex -70.28571428358555 81 40.64000000059605
      vertex -82 81 40.64000000059605
    endloop
  endfacet
  facet normal 0 0 1
    outer loop
      vertex -71.10571428388357 76.32 40.64000000059605
      vertex -70.28571428358555 75 40.64000000059605
      vertex -71.10571428388357 79.68 40.64000000059605
    endloop
  endfacet
  facet normal 0 0 1
    outer loop
      vertex -71.10571428388357 79.68 40.64000000059605
      vertex -70.28571428358555 75 40.64000000059605
      vertex -70.28571428358555 81 40.64000000059605
    endloop
  endfacet
  facet normal 0 1 0
    outer loop
      vertex -81 7 7
      vertex -70.28571428358555 7 1
      vertex -81 7 1
    endloop
  endfacet
  facet normal -1 0 0
    outer loop
      vertex -82 7 40.64000000059605
      vertex -82 7 7
      vertex -82 1 7
    endloop
  endfacet
  facet normal 0 1 0
    outer loop
      vertex -82 7 40.64000000059605
      vertex -70.28571428358555 7 1
      vertex -81 7 7
    endloop
  endfacet
  facet normal 0 1 0
    outer loop
      vertex -82 7 40.64000000059605
      vertex -81 7 7
      vertex -82 7 7
    endloop
  endfacet
  facet normal 1 0 0
    outer loop
      vertex -70.28571428358555 7 40.64000000059605
      vertex -70.28571428358555 1.8786796554923058 1.8786796554923058
      vertex -70.28571428358555 2.096820145845413 1.6809686422348022
    endloop
  endfacet
  facet normal 1 0 0
    outer loop
      vertex -70.28571428358555 7 40.64000000059605
      vertex -70.28571428358555 2.096820145845413 1.6809686422348022
      vertex -70.28571428358555 2.3332893028855324 1.5055911615490913
    endloop
  endfacet
  facet normal 1 0 0
    outer loop
      vertex -70.28571428358555 7 40.64000000059605
      vertex -70.28571428358555 1.2283614054322243 2.8519496992230415
      vertex -70.28571428358555 1.3542362079024315 2.585809789597988
    endloop
  endfacet
  facet normal 1 0 0
    outer loop
      vertex -70.28571428358555 7 40.64000000059605
      vertex -70.28571428358555 1.6809686422348022 2.096820145845413
      vertex -70.28571428358555 1.8786796554923058 1.8786796554923058
    endloop
  endfacet
  facet normal 1 0 0
    outer loop
      vertex -70.28571428358555 7 40.64000000059605
      vertex -70.28571428358555 1.5055911615490913 2.3332893028855324
      vertex -70.28571428358555 1.6809686422348022 2.096820145845413
    endloop
  endfacet
  facet normal 1 0 0
    outer loop
      vertex -70.28571428358555 7 40.64000000059605
      vertex -70.28571428358555 1.3542362079024315 2.585809789597988
      vertex -70.28571428358555 1.5055911615490913 2.3332893028855324
    endloop
  endfacet
  facet normal 1 0 0
    outer loop
      vertex -70.28571428358555 7 40.64000000059605
      vertex -70.28571428358555 2.585809789597988 1.3542362079024315
      vertex -70.28571428358555 2.8519496992230415 1.2283614054322243
    endloop
  endfacet
  facet normal 1 0 0
    outer loop
      vertex -70.28571428358555 7 40.64000000059605
      vertex -70.28571428358555 2.8519496992230415 1.2283614054322243
      vertex -70.28571428358555 3.1291459649801254 1.1291789934039116
    endloop
  endfacet
  facet normal 1 0 0
    outer loop
      vertex -70.28571428358555 7 40.64000000059605
      vertex -70.28571428358555 2.3332893028855324 1.5055911615490913
      vertex -70.28571428358555 2.585809789597988 1.3542362079024315
    endloop
  endfacet
  facet normal 1 0 0
    outer loop
      vertex -70.28571428358555 7 40.64000000059605
      vertex -70.28571428358555 3.4147290363907814 1.0576441586017609
      vertex -70.28571428358555 3.7059485763311386 1.0144458189606667
    endloop
  endfacet
  facet normal 1 0 0
    outer loop
      vertex -70.28571428358555 7 40.64000000059605
      vertex -70.28571428358555 3.1291459649801254 1.1291789934039116
      vertex -70.28571428358555 3.4147290363907814 1.0576441586017609
    endloop
  endfacet
  facet normal 1 0 0
    outer loop
      vertex -70.28571428358555 7 40.64000000059605
      vertex -70.28571428358555 3.7059485763311386 1.0144458189606667
      vertex -70.28571428358555 4 1
    endloop
  endfacet
  facet normal 1 0 0
    outer loop
      vertex -70.28571428358555 7 40.64000000059605
      vertex -70.28571428358555 4 1
      vertex -70.28571428358555 7 1
    endloop
  endfacet
  facet normal 1 0 0
    outer loop
      vertex -70.28571428358555 7 40.64000000059605
      vertex -70.28571428358555 1.1291789934039116 3.1291459649801254
      vertex -70.28571428358555 1.2283614054322243 2.8519496992230415
    endloop
  endfacet
  facet normal 1 0 0
    outer loop
      vertex -70.28571428358555 7 40.64000000059605
      vertex -70.28571428358555 1.0576441586017609 3.4147290363907814
      vertex -70.28571428358555 1.1291789934039116 3.1291459649801254
    endloop
  endfacet
  facet normal 1 0 0
    outer loop
      vertex -70.28571428358555 7 40.64000000059605
      vertex -70.28571428358555 1.0144458189606667 3.7059485763311386
      vertex -70.28571428358555 1.0576441586017609 3.4147290363907814
    endloop
  endfacet
  facet normal 1 0 0
    outer loop
      vertex -70.28571428358555 7 40.64000000059605
      vertex -70.28571428358555 1 4
      vertex -70.28571428358555 1.0144458189606667 3.7059485763311386
    endloop
  endfacet
  facet normal -1 0 0
    outer loop
      vertex -82 7 40.64000000059605
      vertex -82 1 7
      vertex -82 1 40.64000000059605
    endloop
  endfacet
  facet normal 0 1 0
    outer loop
      vertex -82 7 40.64000000059605
      vertex -70.28571428358555 7 40.64000000059605
      vertex -70.28571428358555 7 1
    endloop
  endfacet
  facet normal 1 0 0
    outer loop
      vertex -70.28571428358555 7 40.64000000059605
      vertex -70.28571428358555 1 40.64000000059605
      vertex -70.28571428358555 1 4
    endloop
  endfacet
  facet normal 0 0 1
    outer loop
      vertex -81.17999999970198 2.3200000000000003 40.64000000059605
      vertex -81.17999999970198 5.68 40.64000000059605
      vertex -82 1 40.64000000059605
    endloop
  endfacet
  facet normal 0 0 1
    outer loop
      vertex -81.17999999970198 5.68 40.64000000059605
      vertex -82 7 40.64000000059605
      vertex -82 1 40.64000000059605
    endloop
  endfacet
  facet normal 0 0 1
    outer loop
      vertex -81.17999999970198 2.3200000000000003 40.64000000059605
      vertex -82 1 40.64000000059605
      vertex -70.28571428358555 1 40.64000000059605
    endloop
  endfacet
  facet normal 0 0 1
    outer loop
      vertex -81.17999999970198 5.68 40.64000000059605
      vertex -71.10571428388357 5.68 40.64000000059605
      vertex -82 7 40.64000000059605
    endloop
  endfacet
  facet normal 0 0 1
    outer loop
      vertex -81.17999999970198 2.3200000000000003 40.64000000059605
      vertex -70.28571428358555 1 40.64000000059605
      vertex -71.10571428388357 2.3200000000000003 40.64000000059605
    endloop
  endfacet
  facet normal 0 0 1
    outer loop
      vertex -71.10571428388357 2.3200000000000003 40.64000000059605
      vertex -70.28571428358555 1 40.64000000059605
      vertex -71.10571428388357 5.68 40.64000000059605
    endloop
  endfacet
  facet normal 0 0 1
    outer loop
      vertex -71.10571428388357 5.68 40.64000000059605
      vertex -70.28571428358555 1 40.64000000059605
      vertex -70.28571428358555 7 40.64000000059605
    endloop
  endfacet
  facet normal 0 0 1
    outer loop
      vertex -82 7 40.64000000059605
      vertex -71.10571428388357 5.68 40.64000000059605
      vertex -70.28571428358555 7 40.64000000059605
    endloop
  endfacet
  facet normal 0 1 0
    outer loop
      vertex -71.10571428388357 76.32 2
      vertex -81 76.32 2
      vertex -81 76.32 7
    endloop
  endfacet
  facet normal 0 0 1
    outer loop
      vertex -71.10571428388357 79.68 2
      vertex -81 79.68 2
      vertex -81 76.32 2
    endloop
  endfacet
  facet normal 0 0 1
    outer loop
      vertex -71.10571428388357 76.32 2
      vertex -71.10571428388357 79.68 2
      vertex -81 76.32 2
    endloop
  endfacet
  facet normal 0 -1 0
    outer loop
      vertex -71.10571428388357 79.68 2
      vertex -71.10571428388357 79.68 40.64000000059605
      vertex -81 79.68 2
    endloop
  endfacet
  facet normal -1 0 0
    outer loop
      vertex -71.10571428388357 76.32 2
      vertex -71.10571428388357 76.32 40.64000000059605
      vertex -71.10571428388357 79.68 2
    endloop
  endfacet
  facet normal 0 1 0
    outer loop
      vertex -71.10571428388357 76.32 2
      vertex -81 76.32 7
      vertex -81.17999999970198 76.32 40.64000000059605
    endloop
  endfacet
  facet normal 0 1 0
    outer loop
      vertex -81.17999999970198 76.32 40.64000000059605
      vertex -81 76.32 7
      vertex -81.17999999970198 76.32 7
    endloop
  endfacet
  facet normal 0 -1 0
    outer loop
      vertex -71.10571428388357 79.68 40.64000000059605
      vertex -81 79.68 7
      vertex -81 79.68 2
    endloop
  endfacet
  facet normal 1 0 0
    outer loop
      vertex -81.17999999970198 76.32 40.64000000059605
      vertex -81.17999999970198 76.32 7
      vertex -81.17999999970198 79.68 7
    endloop
  endfacet
  facet normal 0 -1 0
    outer loop
      vertex -81.17999999970198 79.68 40.64000000059605
      vertex -81.17999999970198 79.68 7
      vertex -81 79.68 7
    endloop
  endfacet
  facet normal 1 0 0
    outer loop
      vertex -81.17999999970198 76.32 40.64000000059605
      vertex -81.17999999970198 79.68 7
      vertex -81.17999999970198 79.68 40.64000000059605
    endloop
  endfacet
  facet normal 0 -1 0
    outer loop
      vertex -81.17999999970198 79.68 40.64000000059605
      vertex -81 79.68 7
      vertex -71.10571428388357 79.68 40.64000000059605
    endloop
  endfacet
  facet normal 0 1 0
    outer loop
      vertex -71.10571428388357 76.32 2
      vertex -81.17999999970198 76.32 40.64000000059605
      vertex -71.10571428388357 76.32 40.64000000059605
    endloop
  endfacet
  facet normal -1 0 0
    outer loop
      vertex -71.10571428388357 79.68 2
      vertex -71.10571428388357 76.32 40.64000000059605
      vertex -71.10571428388357 79.68 40.64000000059605
    endloop
  endfacet
  facet normal 0 0 1
    outer loop
      vertex -71.10571428388357 5.68 2
      vertex -81 5.68 2
      vertex -81 2.3200000000000003 2
    endloop
  endfacet
  facet normal 0 1 0
    outer loop
      vertex -71.10571428388357 2.3200000000000003 2
      vertex -81 2.3200000000000003 2
      vertex -81 2.3200000000000003 7
    endloop
  endfacet
  facet normal 0 0 1
    outer loop
      vertex -71.10571428388357 2.3200000000000003 2
      vertex -71.10571428388357 5.68 2
      vertex -81 2.3200000000000003 2
    endloop
  endfacet
  facet normal -1 0 0
    outer loop
      vertex -71.10571428388357 2.3200000000000003 2
      vertex -71.10571428388357 2.3200000000000003 40.64000000059605
      vertex -71.10571428388357 5.68 2
    endloop
  endfacet
  facet normal 0 -1 0
    outer loop
      vertex -71.10571428388357 5.68 2
      vertex -71.10571428388357 5.68 40.64000000059605
      vertex -81 5.68 2
    endloop
  endfacet
  facet normal 0 1 0
    outer loop
      vertex -71.10571428388357 2.3200000000000003 2
      vertex -81 2.3200000000000003 7
      vertex -81.17999999970198 2.3200000000000003 40.64000000059605
    endloop
  endfacet
  facet normal 0 1 0
    outer loop
      vertex -81.17999999970198 2.3200000000000003 40.64000000059605
      vertex -81 2.3200000000000003 7
      vertex -81.17999999970198 2.3200000000000003 7
    endloop
  endfacet
  facet normal 1 0 0
    outer loop
      vertex -81.17999999970198 2.3200000000000003 40.64000000059605
      vertex -81.17999999970198 2.3200000000000003 7
      vertex -81.17999999970198 5.68 7
    endloop
  endfacet
  facet normal 0 -1 0
    outer loop
      vertex -71.10571428388357 5.68 40.64000000059605
      vertex -81 5.68 7
      vertex -81 5.68 2
    endloop
  endfacet
  facet normal 0 -1 0
    outer loop
      vertex -81.17999999970198 5.68 40.64000000059605
      vertex -81.17999999970198 5.68 7
      vertex -81 5.68 7
    endloop
  endfacet
  facet normal 1 0 0
    outer loop
      vertex -81.17999999970198 2.3200000000000003 40.64000000059605
      vertex -81.17999999970198 5.68 7
      vertex -81.17999999970198 5.68 40.64000000059605
    endloop
  endfacet
  facet normal 0 -1 0
    outer loop
      vertex -81.17999999970198 5.68 40.64000000059605
      vertex -81 5.68 7
      vertex -71.10571428388357 5.68 40.64000000059605
    endloop
  endfacet
  facet normal 0 1 0
    outer loop
      vertex -71.10571428388357 2.3200000000000003 2
      vertex -81.17999999970198 2.3200000000000003 40.64000000059605
      vertex -71.10571428388357 2.3200000000000003 40.64000000059605
    endloop
  endfacet
  facet normal -1 0 0
    outer loop
      vertex -71.10571428388357 5.68 2
      vertex -71.10571428388357 2.3200000000000003 40.64000000059605
      vertex -71.10571428388357 5.68 40.64000000059605
    endloop
  endfacet
  facet normal 0.5735764364123349 0 -0.8191520442460769
    outer loop
      vertex 11.714285716414452 80.64 9.202431164681911
      vertex 0 74.64 1
      vertex 0 80.64 1
    endloop
  endfacet
  facet normal 0.5735764364123349 0 -0.8191520442460769
    outer loop
      vertex 11.714285716414452 74.64 9.202431164681911
      vertex 0 74.64 1
      vertex 11.714285716414452 80.64 9.202431164681911
    endloop
  endfacet
  facet normal 0 -1 0
    outer loop
      vertex 11.714285716414452 74.64 9.202431164681911
      vertex 11.714285716414452 74.64 40.64000000059605
      vertex 0 74.64 1
    endloop
  endfacet
  facet normal 0 1 0
    outer loop
      vertex 11.714285716414452 80.64 9.202431164681911
      vertex 0 80.64 1
      vertex 11.714285716414452 80.64 40.64000000059605
    endloop
  endfacet
  facet normal 1 0 0
    outer loop
      vertex 11.714285716414452 74.64 9.202431164681911
      vertex 11.714285716414452 80.64 9.202431164681911
      vertex 11.714285716414452 80.64 40.64000000059605
    endloop
  endfacet
  facet normal 0 -1 0
    outer loop
      vertex 11.714285716414452 74.64 40.64000000059605
      vertex 0 74.64 40.64000000059605
      vertex 0 74.64 1
    endloop
  endfacet
  facet normal 0 1 0
    outer loop
      vertex 11.714285716414452 80.64 40.64000000059605
      vertex 0 80.64 1
      vertex 0 80.64 40.64000000059605
    endloop
  endfacet
  facet normal 1 0 0
    outer loop
      vertex 11.714285716414452 74.64 9.202431164681911
      vertex 11.714285716414452 80.64 40.64000000059605
      vertex 11.714285716414452 74.64 40.64000000059605
    endloop
  endfacet
  facet normal 0 0 1
    outer loop
      vertex 0.8200000002980232 75.96 40.64000000059605
      vertex 0 74.64 40.64000000059605
      vertex 11.714285716414452 74.64 40.64000000059605
    endloop
  endfacet
  facet normal 0 0 1
    outer loop
      vertex 0.8200000002980232 75.96 40.64000000059605
      vertex 0 80.64 40.64000000059605
      vertex 0 74.64 40.64000000059605
    endloop
  endfacet
  facet normal 0 0 1
    outer loop
      vertex 0.8200000002980232 75.96 40.64000000059605
      vertex 0.8200000002980232 79.32 40.64000000059605
      vertex 0 80.64 40.64000000059605
    endloop
  endfacet
  facet normal 0 0 1
    outer loop
      vertex 0.8200000002980232 79.32 40.64000000059605
      vertex 10.894285716116428 79.32 40.64000000059605
      vertex 0 80.64 40.64000000059605
    endloop
  endfacet
  facet normal 0 0 1
    outer loop
      vertex 0.8200000002980232 75.96 40.64000000059605
      vertex 11.714285716414452 74.64 40.64000000059605
      vertex 10.894285716116428 75.96 40.64000000059605
    endloop
  endfacet
  facet normal 0 0 1
    outer loop
      vertex 10.894285716116428 79.32 40.64000000059605
      vertex 11.714285716414452 80.64 40.64000000059605
      vertex 0 80.64 40.64000000059605
    endloop
  endfacet
  facet normal 0 0 1
    outer loop
      vertex 11.714285716414452 74.64 40.64000000059605
      vertex 11.714285716414452 80.64 40.64000000059605
      vertex 10.894285716116428 75.96 40.64000000059605
    endloop
  endfacet
  facet normal 0 0 1
    outer loop
      vertex 10.894285716116428 75.96 40.64000000059605
      vertex 11.714285716414452 80.64 40.64000000059605
      vertex 10.894285716116428 79.32 40.64000000059605
    endloop
  endfacet
  facet normal 0.5735764364123349 0 -0.8191520442460769
    outer loop
      vertex 11.714285716414452 7.359999999999999 9.202431164681911
      vertex 0 1.3599999999999999 1
      vertex 0 7.359999999999999 1
    endloop
  endfacet
  facet normal 0.5735764364123349 0 -0.8191520442460769
    outer loop
      vertex 11.714285716414452 1.3599999999999999 9.202431164681911
      vertex 0 1.3599999999999999 1
      vertex 11.714285716414452 7.359999999999999 9.202431164681911
    endloop
  endfacet
  facet normal 0 -1 0
    outer loop
      vertex 11.714285716414452 1.3599999999999999 9.202431164681911
      vertex 11.714285716414452 1.3599999999999999 40.64000000059605
      vertex 0 1.3599999999999999 1
    endloop
  endfacet
  facet normal 0 1 0
    outer loop
      vertex 11.714285716414452 7.359999999999999 9.202431164681911
      vertex 0 7.359999999999999 1
      vertex 11.714285716414452 7.359999999999999 40.64000000059605
    endloop
  endfacet
  facet normal 1 0 0
    outer loop
      vertex 11.714285716414452 1.3599999999999999 9.202431164681911
      vertex 11.714285716414452 7.359999999999999 9.202431164681911
      vertex 11.714285716414452 7.359999999999999 40.64000000059605
    endloop
  endfacet
  facet normal 0 -1 0
    outer loop
      vertex 11.714285716414452 1.3599999999999999 40.64000000059605
      vertex 0 1.3599999999999999 40.64000000059605
      vertex 0 1.3599999999999999 1
    endloop
  endfacet
  facet normal 0 1 0
    outer loop
      vertex 11.714285716414452 7.359999999999999 40.64000000059605
      vertex 0 7.359999999999999 1
      vertex 0 7.359999999999999 40.64000000059605
    endloop
  endfacet
  facet normal 1 0 0
    outer loop
      vertex 11.714285716414452 1.3599999999999999 9.202431164681911
      vertex 11.714285716414452 7.359999999999999 40.64000000059605
      vertex 11.714285716414452 1.3599999999999999 40.64000000059605
    endloop
  endfacet
  facet normal 0 0 1
    outer loop
      vertex 0.8200000002980232 2.6799999999999997 40.64000000059605
      vertex 0 7.359999999999999 40.64000000059605
      vertex 0 1.3599999999999999 40.64000000059605
    endloop
  endfacet
  facet normal 0 0 1
    outer loop
      vertex 0.8200000002980232 2.6799999999999997 40.64000000059605
      vertex 0 1.3599999999999999 40.64000000059605
      vertex 11.714285716414452 1.3599999999999999 40.64000000059605
    endloop
  endfacet
  facet normal 0 0 1
    outer loop
      vertex 0.8200000002980232 2.6799999999999997 40.64000000059605
      vertex 0.8200000002980232 6.039999999999999 40.64000000059605
      vertex 0 7.359999999999999 40.64000000059605
    endloop
  endfacet
  facet normal 0 0 1
    outer loop
      vertex 0.8200000002980232 6.039999999999999 40.64000000059605
      vertex 10.894285716116428 6.039999999999999 40.64000000059605
      vertex 0 7.359999999999999 40.64000000059605
    endloop
  endfacet
  facet normal 0 0 1
    outer loop
      vertex 0.8200000002980232 2.6799999999999997 40.64000000059605
      vertex 11.714285716414452 1.3599999999999999 40.64000000059605
      vertex 10.894285716116428 2.6799999999999997 40.64000000059605
    endloop
  endfacet
  facet normal 0 0 1
    outer loop
      vertex 11.714285716414452 1.3599999999999999 40.64000000059605
      vertex 11.714285716414452 7.359999999999999 40.64000000059605
      vertex 10.894285716116428 2.6799999999999997 40.64000000059605
    endloop
  endfacet
  facet normal 0 0 1
    outer loop
      vertex 10.894285716116428 6.039999999999999 40.64000000059605
      vertex 11.714285716414452 7.359999999999999 40.64000000059605
      vertex 0 7.359999999999999 40.64000000059605
    endloop
  endfacet
  facet normal 0 0 1
    outer loop
      vertex 10.894285716116428 2.6799999999999997 40.64000000059605
      vertex 11.714285716414452 7.359999999999999 40.64000000059605
      vertex 10.894285716116428 6.039999999999999 40.64000000059605
    endloop
  endfacet
  facet normal -0.5735764362204664 0 0.8191520443804247
    outer loop
      vertex 0.8200000002980232 75.96 2.5741701796650887
      vertex 10.894285716116428 79.32 9.628260977566242
      vertex 0.8200000002980232 79.32 2.5741701796650887
    endloop
  endfacet
  facet normal -0.5735764362204664 0 0.8191520443804247
    outer loop
      vertex 0.8200000002980232 75.96 2.5741701796650887
      vertex 10.894285716116428 75.96 9.628260977566242
      vertex 10.894285716116428 79.32 9.628260977566242
    endloop
  endfacet
  facet normal 1 0 0
    outer loop
      vertex 0.8200000002980232 75.96 2.5741701796650887
      vertex 0.8200000002980232 79.32 2.5741701796650887
      vertex 0.8200000002980232 79.32 40.64000000059605
    endloop
  endfacet
  facet normal 0 1 0
    outer loop
      vertex 0.8200000002980232 75.96 2.5741701796650887
      vertex 0.8200000002980232 75.96 40.64000000059605
      vertex 10.894285716116428 75.96 9.628260977566242
    endloop
  endfacet
  facet normal 0 -1 0
    outer loop
      vertex 0.8200000002980232 79.32 2.5741701796650887
      vertex 10.894285716116428 79.32 9.628260977566242
      vertex 10.894285716116428 79.32 40.64000000059605
    endloop
  endfacet
  facet normal -1 0 0
    outer loop
      vertex 10.894285716116428 75.96 9.628260977566242
      vertex 10.894285716116428 75.96 40.64000000059605
      vertex 10.894285716116428 79.32 9.628260977566242
    endloop
  endfacet
  facet normal 1 0 0
    outer loop
      vertex 0.8200000002980232 75.96 2.5741701796650887
      vertex 0.8200000002980232 79.32 40.64000000059605
      vertex 0.8200000002980232 75.96 40.64000000059605
    endloop
  endfacet
  facet normal 0 -1 0
    outer loop
      vertex 0.8200000002980232 79.32 2.5741701796650887
      vertex 10.894285716116428 79.32 40.64000000059605
      vertex 0.8200000002980232 79.32 40.64000000059605
    endloop
  endfacet
  facet normal 0 1 0
    outer loop
      vertex 10.894285716116428 75.96 9.628260977566242
      vertex 0.8200000002980232 75.96 40.64000000059605
      vertex 10.894285716116428 75.96 40.64000000059605
    endloop
  endfacet
  facet normal -1 0 0
    outer loop
      vertex 10.894285716116428 79.32 9.628260977566242
      vertex 10.894285716116428 75.96 40.64000000059605
      vertex 10.894285716116428 79.32 40.64000000059605
    endloop
  endfacet
  facet normal -0.5735764362204664 0 0.8191520443804247
    outer loop
      vertex 0.8200000002980232 2.6799999999999997 2.5741701796650887
      vertex 10.894285716116428 6.039999999999999 9.628260977566242
      vertex 0.8200000002980232 6.039999999999999 2.5741701796650887
    endloop
  endfacet
  facet normal -0.5735764362204664 0 0.8191520443804247
    outer loop
      vertex 0.8200000002980232 2.6799999999999997 2.5741701796650887
      vertex 10.894285716116428 2.6799999999999997 9.628260977566242
      vertex 10.894285716116428 6.039999999999999 9.628260977566242
    endloop
  endfacet
  facet normal 1 0 0
    outer loop
      vertex 0.8200000002980232 2.6799999999999997 2.5741701796650887
      vertex 0.8200000002980232 6.039999999999999 2.5741701796650887
      vertex 0.8200000002980232 6.039999999999999 40.64000000059605
    endloop
  endfacet
  facet normal 0 1 0
    outer loop
      vertex 0.8200000002980232 2.6799999999999997 2.5741701796650887
      vertex 0.8200000002980232 2.6799999999999997 40.64000000059605
      vertex 10.894285716116428 2.6799999999999997 9.628260977566242
    endloop
  endfacet
  facet normal -1 0 0
    outer loop
      vertex 10.894285716116428 2.6799999999999997 9.628260977566242
      vertex 10.894285716116428 2.6799999999999997 40.64000000059605
      vertex 10.894285716116428 6.039999999999999 9.628260977566242
    endloop
  endfacet
  facet normal 0 -1 0
    outer loop
      vertex 0.8200000002980232 6.039999999999999 2.5741701796650887
      vertex 10.894285716116428 6.039999999999999 9.628260977566242
      vertex 10.894285716116428 6.039999999999999 40.64000000059605
    endloop
  endfacet
  facet normal 1 0 0
    outer loop
      vertex 0.8200000002980232 2.6799999999999997 2.5741701796650887
      vertex 0.8200000002980232 6.039999999999999 40.64000000059605
      vertex 0.8200000002980232 2.6799999999999997 40.64000000059605
    endloop
  endfacet
  facet normal 0 -1 0
    outer loop
      vertex 0.8200000002980232 6.039999999999999 2.5741701796650887
      vertex 10.894285716116428 6.039999999999999 40.64000000059605
      vertex 0.8200000002980232 6.039999999999999 40.64000000059605
    endloop
  endfacet
  facet normal 0 1 0
    outer loop
      vertex 10.894285716116428 2.6799999999999997 9.628260977566242
      vertex 0.8200000002980232 2.6799999999999997 40.64000000059605
      vertex 10.894285716116428 2.6799999999999997 40.64000000059605
    endloop
  endfacet
  facet normal -1 0 0
    outer loop
      vertex 10.894285716116428 6.039999999999999 9.628260977566242
      vertex 10.894285716116428 2.6799999999999997 40.64000000059605
      vertex 10.894285716116428 6.039999999999999 40.64000000059605
    endloop
  endfacet
endsolid OpenSCAD_Model
