solid OpenSCAD_Model
  facet normal 0 0 1
    outer loop
      vertex 0 13.5 2
      vertex -2 16.5 2
      vertex -2 13.5 2
    endloop
  endfacet
  facet normal 0 0 1
    outer loop
      vertex 0 13.5 2
      vertex 0 16.5 2
      vertex -2 16.5 2
    endloop
  endfacet
  facet normal 0 -1 0
    outer loop
      vertex 0 16.5 2
      vertex -2 16.5 45
      vertex -2 16.5 2
    endloop
  endfacet
  facet normal 0 1 0
    outer loop
      vertex 0 13.5 2
      vertex -2 13.5 2
      vertex 0 13.5 45
    endloop
  endfacet
  facet normal 0 1 0
    outer loop
      vertex -2 13.5 2
      vertex -2 13.5 45
      vertex 0 13.5 45
    endloop
  endfacet
  facet normal 0 -1 0
    outer loop
      vertex 0 16.5 2
      vertex 0 16.5 45
      vertex -2 16.5 45
    endloop
  endfacet
  facet normal 0 0 1
    outer loop
      vertex 0 19.5 2
      vertex -2 22.5 2
      vertex -2 19.5 2
    endloop
  endfacet
  facet normal 0 0 1
    outer loop
      vertex 0 19.5 2
      vertex 0 22.5 2
      vertex -2 22.5 2
    endloop
  endfacet
  facet normal 0 1 0
    outer loop
      vertex 0 19.5 2
      vertex -2 19.5 2
      vertex 0 19.5 45
    endloop
  endfacet
  facet normal 0 -1 0
    outer loop
      vertex 0 22.5 2
      vertex -2 22.5 45
      vertex -2 22.5 2
    endloop
  endfacet
  facet normal 0 1 0
    outer loop
      vertex -2 19.5 2
      vertex -2 19.5 45
      vertex 0 19.5 45
    endloop
  endfacet
  facet normal 0 -1 0
    outer loop
      vertex 0 22.5 2
      vertex 0 22.5 45
      vertex -2 22.5 45
    endloop
  endfacet
  facet normal 0 0 1
    outer loop
      vertex 0 25.5 2
      vertex -2 28.5 2
      vertex -2 25.5 2
    endloop
  endfacet
  facet normal 0 0 1
    outer loop
      vertex 0 25.5 2
      vertex 0 28.5 2
      vertex -2 28.5 2
    endloop
  endfacet
  facet normal 0 -1 0
    outer loop
      vertex 0 28.5 2
      vertex -2 28.5 45
      vertex -2 28.5 2
    endloop
  endfacet
  facet normal 0 1 0
    outer loop
      vertex 0 25.5 2
      vertex -2 25.5 2
      vertex 0 25.5 45
    endloop
  endfacet
  facet normal 0 1 0
    outer loop
      vertex -2 25.5 2
      vertex -2 25.5 45
      vertex 0 25.5 45
    endloop
  endfacet
  facet normal 0 -1 0
    outer loop
      vertex 0 28.5 2
      vertex 0 28.5 45
      vertex -2 28.5 45
    endloop
  endfacet
  facet normal 0 0 1
    outer loop
      vertex 0 31.5 2
      vertex -2 34.5 2
      vertex -2 31.5 2
    endloop
  endfacet
  facet normal 0 0 1
    outer loop
      vertex 0 31.5 2
      vertex 0 34.5 2
      vertex -2 34.5 2
    endloop
  endfacet
  facet normal 0 -1 0
    outer loop
      vertex 0 34.5 2
      vertex -2 34.5 45
      vertex -2 34.5 2
    endloop
  endfacet
  facet normal 0 1 0
    outer loop
      vertex 0 31.5 2
      vertex -2 31.5 2
      vertex 0 31.5 45
    endloop
  endfacet
  facet normal 0 1 0
    outer loop
      vertex -2 31.5 2
      vertex -2 31.5 45
      vertex 0 31.5 45
    endloop
  endfacet
  facet normal 0 -1 0
    outer loop
      vertex 0 34.5 2
      vertex 0 34.5 45
      vertex -2 34.5 45
    endloop
  endfacet
  facet normal 0 0 1
    outer loop
      vertex 0 37.5 2
      vertex -2 40.5 2
      vertex -2 37.5 2
    endloop
  endfacet
  facet normal 0 0 1
    outer loop
      vertex 0 37.5 2
      vertex 0 40.5 2
      vertex -2 40.5 2
    endloop
  endfacet
  facet normal 0 -1 0
    outer loop
      vertex 0 40.5 2
      vertex -2 40.5 45
      vertex -2 40.5 2
    endloop
  endfacet
  facet normal 0 1 0
    outer loop
      vertex 0 37.5 2
      vertex -2 37.5 2
      vertex 0 37.5 45
    endloop
  endfacet
  facet normal 0 1 0
    outer loop
      vertex -2 37.5 2
      vertex -2 37.5 45
      vertex 0 37.5 45
    endloop
  endfacet
  facet normal 0 -1 0
    outer loop
      vertex 0 40.5 2
      vertex 0 40.5 45
      vertex -2 40.5 45
    endloop
  endfacet
  facet normal 0 0 1
    outer loop
      vertex 0 43.5 2
      vertex -2 46.5 2
      vertex -2 43.5 2
    endloop
  endfacet
  facet normal 0 1 0
    outer loop
      vertex 0 43.5 2
      vertex -2 43.5 2
      vertex 0 43.5 45
    endloop
  endfacet
  facet normal 0 1 0
    outer loop
      vertex -2 43.5 2
      vertex -2 43.5 45
      vertex 0 43.5 45
    endloop
  endfacet
  facet normal 0 0 1
    outer loop
      vertex 0 43.5 2
      vertex 0 46.5 2
      vertex -2 46.5 2
    endloop
  endfacet
  facet normal 0 -1 0
    outer loop
      vertex 0 46.5 2
      vertex -2 46.5 45
      vertex -2 46.5 2
    endloop
  endfacet
  facet normal 0 -1 0
    outer loop
      vertex 0 46.5 2
      vertex 0 46.5 45
      vertex -2 46.5 45
    endloop
  endfacet
  facet normal 0 0 1
    outer loop
      vertex 0 49.5 2
      vertex -2 52.5 2
      vertex -2 49.5 2
    endloop
  endfacet
  facet normal 0 0 1
    outer loop
      vertex 0 49.5 2
      vertex 0 52.5 2
      vertex -2 52.5 2
    endloop
  endfacet
  facet normal 0 -1 0
    outer loop
      vertex 0 52.5 2
      vertex -2 52.5 45
      vertex -2 52.5 2
    endloop
  endfacet
  facet normal 0 1 0
    outer loop
      vertex 0 49.5 2
      vertex -2 49.5 2
      vertex 0 49.5 45
    endloop
  endfacet
  facet normal 0 1 0
    outer loop
      vertex -2 49.5 2
      vertex -2 49.5 45
      vertex 0 49.5 45
    endloop
  endfacet
  facet normal 0 -1 0
    outer loop
      vertex 0 52.5 2
      vertex 0 52.5 45
      vertex -2 52.5 45
    endloop
  endfacet
  facet normal 0 0 1
    outer loop
      vertex 0 55.5 2
      vertex -2 58.5 2
      vertex -2 55.5 2
    endloop
  endfacet
  facet normal 0 0 1
    outer loop
      vertex 0 55.5 2
      vertex 0 58.5 2
      vertex -2 58.5 2
    endloop
  endfacet
  facet normal 0 -1 0
    outer loop
      vertex 0 58.5 2
      vertex -2 58.5 45
      vertex -2 58.5 2
    endloop
  endfacet
  facet normal 0 1 0
    outer loop
      vertex 0 55.5 2
      vertex -2 55.5 2
      vertex 0 55.5 45
    endloop
  endfacet
  facet normal 0 1 0
    outer loop
      vertex -2 55.5 2
      vertex -2 55.5 45
      vertex 0 55.5 45
    endloop
  endfacet
  facet normal 0 -1 0
    outer loop
      vertex 0 58.5 2
      vertex 0 58.5 45
      vertex -2 58.5 45
    endloop
  endfacet
  facet normal 0 0 1
    outer loop
      vertex 0 61.5 2
      vertex -2 64.5 2
      vertex -2 61.5 2
    endloop
  endfacet
  facet normal 0 0 1
    outer loop
      vertex 0 61.5 2
      vertex 0 64.5 2
      vertex -2 64.5 2
    endloop
  endfacet
  facet normal 0 -1 0
    outer loop
      vertex 0 64.5 2
      vertex -2 64.5 45
      vertex -2 64.5 2
    endloop
  endfacet
  facet normal 0 1 0
    outer loop
      vertex 0 61.5 2
      vertex -2 61.5 2
      vertex 0 61.5 45
    endloop
  endfacet
  facet normal 0 1 0
    outer loop
      vertex -2 61.5 2
      vertex -2 61.5 45
      vertex 0 61.5 45
    endloop
  endfacet
  facet normal 0 -1 0
    outer loop
      vertex 0 64.5 2
      vertex 0 64.5 45
      vertex -2 64.5 45
    endloop
  endfacet
  facet normal 0 0 1
    outer loop
      vertex 0 67.5 2
      vertex -2 70.5 2
      vertex -2 67.5 2
    endloop
  endfacet
  facet normal 0 0 1
    outer loop
      vertex 0 67.5 2
      vertex 0 70.5 2
      vertex -2 70.5 2
    endloop
  endfacet
  facet normal 0 -1 0
    outer loop
      vertex 0 70.5 2
      vertex -2 70.5 45
      vertex -2 70.5 2
    endloop
  endfacet
  facet normal 0 1 0
    outer loop
      vertex 0 67.5 2
      vertex -2 67.5 2
      vertex 0 67.5 45
    endloop
  endfacet
  facet normal 0 1 0
    outer loop
      vertex -2 67.5 2
      vertex -2 67.5 45
      vertex 0 67.5 45
    endloop
  endfacet
  facet normal 0 -1 0
    outer loop
      vertex 0 70.5 2
      vertex 0 70.5 45
      vertex -2 70.5 45
    endloop
  endfacet
  facet normal 0 0 1
    outer loop
      vertex 0 73.5 2
      vertex -2 76.5 2
      vertex -2 73.5 2
    endloop
  endfacet
  facet normal 0 0 1
    outer loop
      vertex 0 73.5 2
      vertex 0 76.5 2
      vertex -2 76.5 2
    endloop
  endfacet
  facet normal 0 -1 0
    outer loop
      vertex 0 76.5 2
      vertex -2 76.5 45
      vertex -2 76.5 2
    endloop
  endfacet
  facet normal 0 1 0
    outer loop
      vertex 0 73.5 2
      vertex -2 73.5 2
      vertex 0 73.5 45
    endloop
  endfacet
  facet normal 0 1 0
    outer loop
      vertex -2 73.5 2
      vertex -2 73.5 45
      vertex 0 73.5 45
    endloop
  endfacet
  facet normal 0 -1 0
    outer loop
      vertex 0 76.5 2
      vertex 0 76.5 45
      vertex -2 76.5 45
    endloop
  endfacet
  facet normal -1 0 0
    outer loop
      vertex -150 2.4147290363907814 0.057644158601760864
      vertex -150 2.8786796554923058 2.8786796554923058
      vertex -150 2.7059485763311386 0.014445818960666656
    endloop
  endfacet
  facet normal -1 0 0
    outer loop
      vertex -150 2.4147290363907814 0.057644158601760864
      vertex -150 2.1291459649801254 0.1291789934039116
      vertex -150 2.5055911615490913 3.3332893028855324
    endloop
  endfacet
  facet normal -1 0 0
    outer loop
      vertex -150 2.1291789934039116 4.129145964980125
      vertex -150 2.1291459649801254 0.1291789934039116
      vertex -150 2 0.17538815958971365
    endloop
  endfacet
  facet normal -1 0 0
    outer loop
      vertex -150 1.8519496992230415 0.22836140543222427
      vertex -150 2.1291789934039116 4.129145964980125
      vertex -150 2 0.17538815958971365
    endloop
  endfacet
  facet normal -1 0 0
    outer loop
      vertex -150 2.4147290363907814 0.057644158601760864
      vertex -150 2.6809686422348022 3.096820145845413
      vertex -150 2.8786796554923058 2.8786796554923058
    endloop
  endfacet
  facet normal -1 0 0
    outer loop
      vertex -150 2.1291459649801254 0.1291789934039116
      vertex -150 2.3542362079024315 3.585809789597988
      vertex -150 2.5055911615490913 3.3332893028855324
    endloop
  endfacet
  facet normal -1 0 0
    outer loop
      vertex -150 2.4147290363907814 0.057644158601760864
      vertex -150 2.5055911615490913 3.3332893028855324
      vertex -150 2.6809686422348022 3.096820145845413
    endloop
  endfacet
  facet normal -1 0 0
    outer loop
      vertex -150 2.1291459649801254 0.1291789934039116
      vertex -150 2.2283614054322243 3.8519496992230415
      vertex -150 2.3542362079024315 3.585809789597988
    endloop
  endfacet
  facet normal -1 0 0
    outer loop
      vertex -150 2.1291459649801254 0.1291789934039116
      vertex -150 2.1291789934039116 4.129145964980125
      vertex -150 2.2283614054322243 3.8519496992230415
    endloop
  endfacet
  facet normal -1 0 0
    outer loop
      vertex -150 2.7059485763311386 0.014445818960666656
      vertex -150 3.096820145845413 2.6809686422348022
      vertex -150 3 0
    endloop
  endfacet
  facet normal -1 0 0
    outer loop
      vertex -150 3 0
      vertex -150 4.129145964980125 2.1291789934039116
      vertex -150 4.414729036390781 2.057644158601761
    endloop
  endfacet
  facet normal -1 0 0
    outer loop
      vertex -150 3 0
      vertex -150 4.414729036390781 2.057644158601761
      vertex -150 4.705948576331139 2.0144458189606667
    endloop
  endfacet
  facet normal -1 0 0
    outer loop
      vertex -150 3 0
      vertex -150 4.705948576331139 2.0144458189606667
      vertex -150 5 2
    endloop
  endfacet
  facet normal -1 0 0
    outer loop
      vertex -150 8 2
      vertex -150 3 0
      vertex -150 5 2
    endloop
  endfacet
  facet normal -1 0 0
    outer loop
      vertex -150 3 0
      vertex -150 3.096820145845413 2.6809686422348022
      vertex -150 3.3332893028855324 2.5055911615490913
    endloop
  endfacet
  facet normal -1 0 0
    outer loop
      vertex -150 3 0
      vertex -150 3.585809789597988 2.3542362079024315
      vertex -150 3.8519496992230415 2.2283614054322243
    endloop
  endfacet
  facet normal -1 0 0
    outer loop
      vertex -150 3 0
      vertex -150 3.3332893028855324 2.5055911615490913
      vertex -150 3.585809789597988 2.3542362079024315
    endloop
  endfacet
  facet normal -1 0 0
    outer loop
      vertex -150 2.7059485763311386 0.014445818960666656
      vertex -150 2.8786796554923058 2.8786796554923058
      vertex -150 3.096820145845413 2.6809686422348022
    endloop
  endfacet
  facet normal -1 0 0
    outer loop
      vertex -150 3 0
      vertex -150 3.8519496992230415 2.2283614054322243
      vertex -150 4.129145964980125 2.1291789934039116
    endloop
  endfacet
  facet normal 1.103218690425611e-18 -0.3368898600571533 -0.9415440627982696
    outer loop
      vertex -150 1.8519496992230415 0.22836140543222427
      vertex -150 2 0.17538815958971365
      vertex -130 2 0.17538815958971368
    endloop
  endfacet
  facet normal -1 0 0
    outer loop
      vertex -150 1.8519496992230415 0.22836140543222427
      vertex -150 2.057644158601761 4.414729036390781
      vertex -150 2.1291789934039116 4.129145964980125
    endloop
  endfacet
  facet normal -1 0 0
    outer loop
      vertex -150 1.8519496992230415 0.22836140543222427
      vertex -150 2.0144458189606667 4.705948576331139
      vertex -150 2.057644158601761 4.414729036390781
    endloop
  endfacet
  facet normal -1 0 0
    outer loop
      vertex -150 1.8519496992230415 0.22836140543222427
      vertex -150 2 5
      vertex -150 2.0144458189606667 4.705948576331139
    endloop
  endfacet
  facet normal -1 0 0
    outer loop
      vertex -150 1.3332893028855324 0.5055911615490913
      vertex -150 2 45
      vertex -150 1.5858097895979881 0.3542362079024315
    endloop
  endfacet
  facet normal -1 0 0
    outer loop
      vertex -150 1.3332893028855324 0.5055911615490913
      vertex -150 1.0968201458454132 0.6809686422348022
      vertex -150 2 45
    endloop
  endfacet
  facet normal -1 0 0
    outer loop
      vertex -150 1.8519496992230415 0.22836140543222427
      vertex -150 1.5858097895979881 0.3542362079024315
      vertex -150 2 45
    endloop
  endfacet
  facet normal -1 0 0
    outer loop
      vertex -150 1.0968201458454132 0.6809686422348022
      vertex -150 0.8786796554923058 0.8786796554923058
      vertex -150 2 45
    endloop
  endfacet
  facet normal -1 0 0
    outer loop
      vertex -150 0.8786796554923058 0.8786796554923058
      vertex -150 0.6809686422348022 1.0968201458454132
      vertex -150 2 45
    endloop
  endfacet
  facet normal -1 0 0
    outer loop
      vertex -150 0.6809686422348022 1.0968201458454132
      vertex -150 0.5055911615490913 1.3332893028855324
      vertex -150 2 45
    endloop
  endfacet
  facet normal -1 0 0
    outer loop
      vertex -150 0.5055911615490913 1.3332893028855324
      vertex -150 0.3542362079024315 1.5858097895979881
      vertex -150 2 45
    endloop
  endfacet
  facet normal -1 0 0
    outer loop
      vertex -150 0.3542362079024315 1.5858097895979881
      vertex -150 0.22836140543222427 1.8519496992230415
      vertex -150 2 45
    endloop
  endfacet
  facet normal -1 0 0
    outer loop
      vertex -150 0.057644158601760864 2.4147290363907814
      vertex -150 0.014445818960666656 2.7059485763311386
      vertex -150 2 45
    endloop
  endfacet
  facet normal -1 0 0
    outer loop
      vertex -150 0.22836140543222427 1.8519496992230415
      vertex -150 0.1291789934039116 2.1291459649801254
      vertex -150 2 45
    endloop
  endfacet
  facet normal -1 0 0
    outer loop
      vertex -150 0.1291789934039116 2.1291459649801254
      vertex -150 0.057644158601760864 2.4147290363907814
      vertex -150 2 45
    endloop
  endfacet
  facet normal -1 0 0
    outer loop
      vertex -150 1.8519496992230415 0.22836140543222427
      vertex -150 2 45
      vertex -150 2 5
    endloop
  endfacet
  facet normal -1 0 0
    outer loop
      vertex -150 0.014445818960666656 2.7059485763311386
      vertex -150 0 3
      vertex -150 2 45
    endloop
  endfacet
  facet normal -1 0 0
    outer loop
      vertex -150 8 2
      vertex -150 82 2
      vertex -150 3 0
    endloop
  endfacet
  facet normal 0 0 -1
    outer loop
      vertex -150 3 0
      vertex -150 87 0
      vertex -130 3 0
    endloop
  endfacet
  facet normal 0 -0.59569930710104 -0.8032075295459704
    outer loop
      vertex 0 1.0968201458454132 0.6809686422348022
      vertex -150 1.0968201458454132 0.6809686422348022
      vertex -150 1.3332893028855324 0.5055911615490913
    endloop
  endfacet
  facet normal 0 -0.8032075295459704 -0.59569930710104
    outer loop
      vertex 0 0.5055911615490913 1.3332893028855324
      vertex -150 0.5055911615490913 1.3332893028855324
      vertex -150 0.6809686422348022 1.0968201458454132
    endloop
  endfacet
  facet normal 0 -0.6715589499566086 -0.7409511297873682
    outer loop
      vertex 0 0.8786796554923058 0.8786796554923058
      vertex -150 0.8786796554923058 0.8786796554923058
      vertex -150 1.0968201458454132 0.6809686422348022
    endloop
  endfacet
  facet normal 0 -0.7409511297873682 -0.6715589499566086
    outer loop
      vertex 0 0.6809686422348022 1.0968201458454132
      vertex -150 0.6809686422348022 1.0968201458454132
      vertex -150 0.8786796554923058 0.8786796554923058
    endloop
  endfacet
  facet normal 0 -0.42755509276037695 -0.9039892934402849
    outer loop
      vertex 0 1.5858097895979881 0.3542362079024315
      vertex -150 1.5858097895979881 0.3542362079024315
      vertex -150 1.8519496992230415 0.22836140543222427
    endloop
  endfacet
  facet normal 0 -0.5141027407673995 -0.8577286120536309
    outer loop
      vertex 0 1.3332893028855324 0.5055911615490913
      vertex -150 1.3332893028855324 0.5055911615490913
      vertex -150 1.5858097895979881 0.3542362079024315
    endloop
  endfacet
  facet normal 0 -0.8577286120536309 -0.5141027407673995
    outer loop
      vertex 0 0.3542362079024315 1.5858097895979881
      vertex -150 0.3542362079024315 1.5858097895979881
      vertex -150 0.5055911615490913 1.3332893028855324
    endloop
  endfacet
  facet normal 0 -0.9039892934402849 -0.42755509276037695
    outer loop
      vertex 0 0.22836140543222427 1.8519496992230415
      vertex -150 0.22836140543222427 1.8519496992230415
      vertex -150 0.3542362079024315 1.5858097895979881
    endloop
  endfacet
  facet normal 0 -0.9415440627982695 -0.3368898600571534
    outer loop
      vertex 0 0.1291789934039116 2.1291459649801254
      vertex -150 0.1291789934039116 2.1291459649801254
      vertex -150 0.22836140543222427 1.8519496992230415
    endloop
  endfacet
  facet normal 0 -0.9700312537050005 -0.24298017786540685
    outer loop
      vertex 0 0.057644158601760864 2.4147290363907814
      vertex -150 0.057644158601760864 2.4147290363907814
      vertex -150 0.1291789934039116 2.1291459649801254
    endloop
  endfacet
  facet normal 0 -0.9891765091791461 -0.14673047975168188
    outer loop
      vertex 0 0.014445818960666656 2.7059485763311386
      vertex -150 0.014445818960666656 2.7059485763311386
      vertex -150 0.057644158601760864 2.4147290363907814
    endloop
  endfacet
  facet normal 0 -0.9987954563973425 -0.049067670415704694
    outer loop
      vertex 0 0 3
      vertex -150 0 3
      vertex -150 0.014445818960666656 2.7059485763311386
    endloop
  endfacet
  facet normal 0 -0.3368898600571531 -0.9415440627982695
    outer loop
      vertex 0 1.8519496992230415 0.22836140543222427
      vertex -150 1.8519496992230415 0.22836140543222427
      vertex -130 2 0.17538815958971368
    endloop
  endfacet
  facet normal 0 -0.3368898600571536 -0.9415440627982694
    outer loop
      vertex 0 2.1291459649801254 0.1291789934039116
      vertex -130 2 0.17538815958971368
      vertex -130 2.1291459649801254 0.1291789934039116
    endloop
  endfacet
  facet normal 0 -0.24298017786540688 -0.9700312537050007
    outer loop
      vertex 0 2.4147290363907814 0.057644158601760864
      vertex -130 2.1291459649801254 0.1291789934039116
      vertex -130 2.4147290363907814 0.057644158601760864
    endloop
  endfacet
  facet normal 0 -0.14673047975168188 -0.9891765091791461
    outer loop
      vertex 0 2.7059485763311386 0.014445818960666656
      vertex -130 2.4147290363907814 0.057644158601760864
      vertex -130 2.7059485763311386 0.014445818960666656
    endloop
  endfacet
  facet normal 0 -0.049067670415704694 -0.9987954563973425
    outer loop
      vertex 0 3 0
      vertex -130 2.7059485763311386 0.014445818960666656
      vertex -130 3 0
    endloop
  endfacet
  facet normal 0 -1 0
    outer loop
      vertex 0 0 3
      vertex -150 0 45
      vertex -150 0 3
    endloop
  endfacet
  facet normal 0 0 -1
    outer loop
      vertex 0 3 0
      vertex -130 3 0
      vertex -150 87 0
    endloop
  endfacet
  facet normal -1 0 0
    outer loop
      vertex -150 0 3
      vertex -150 0 45
      vertex -150 2 45
    endloop
  endfacet
  facet normal -1 0 0
    outer loop
      vertex -150 3 0
      vertex -150 82 2
      vertex -150 85 2
    endloop
  endfacet
  facet normal -1 0 0
    outer loop
      vertex -150 3 0
      vertex -150 85 2
      vertex -150 87 0
    endloop
  endfacet
  facet normal -1 0 0
    outer loop
      vertex -150 87 0
      vertex -150 85 2
      vertex -150 85.29405142366886 2.0144458189606667
    endloop
  endfacet
  facet normal -1 0 0
    outer loop
      vertex -150 87 0
      vertex -150 85.29405142366886 2.0144458189606667
      vertex -150 85.58527096360922 2.057644158601761
    endloop
  endfacet
  facet normal -1 0 0
    outer loop
      vertex -150 87 0
      vertex -150 85.58527096360922 2.057644158601761
      vertex -150 85.87085403501987 2.1291789934039116
    endloop
  endfacet
  facet normal -1 0 0
    outer loop
      vertex -150 87 0
      vertex -150 87.1213203445077 2.8786796554923058
      vertex -150 87.29405142366886 0.014445818960666656
    endloop
  endfacet
  facet normal -1 0 0
    outer loop
      vertex -150 87 0
      vertex -150 85.87085403501987 2.1291789934039116
      vertex -150 86.14805030077696 2.2283614054322243
    endloop
  endfacet
  facet normal -1 0 0
    outer loop
      vertex -150 87 0
      vertex -150 86.14805030077696 2.2283614054322243
      vertex -150 86.41419021040201 2.3542362079024315
    endloop
  endfacet
  facet normal -1 0 0
    outer loop
      vertex -150 87 0
      vertex -150 86.41419021040201 2.3542362079024315
      vertex -150 86.66671069711447 2.5055911615490913
    endloop
  endfacet
  facet normal -1 0 0
    outer loop
      vertex -150 87 0
      vertex -150 86.66671069711447 2.5055911615490913
      vertex -150 86.90317985415459 2.6809686422348022
    endloop
  endfacet
  facet normal -1 0 0
    outer loop
      vertex -150 87 0
      vertex -150 86.90317985415459 2.6809686422348022
      vertex -150 87.1213203445077 2.8786796554923058
    endloop
  endfacet
  facet normal -1 0 0
    outer loop
      vertex -150 87.29405142366886 0.014445818960666656
      vertex -150 87.3190313577652 3.096820145845413
      vertex -150 87.58527096360922 0.057644158601760864
    endloop
  endfacet
  facet normal -1 0 0
    outer loop
      vertex -150 87.58527096360922 0.057644158601760864
      vertex -150 87.64576379209757 3.585809789597988
      vertex -150 87.87085403501987 0.1291789934039116
    endloop
  endfacet
  facet normal -1 0 0
    outer loop
      vertex -150 87.29405142366886 0.014445818960666656
      vertex -150 87.1213203445077 2.8786796554923058
      vertex -150 87.3190313577652 3.096820145845413
    endloop
  endfacet
  facet normal -1 0 0
    outer loop
      vertex -150 87.87085403501987 0.1291789934039116
      vertex -150 87.94235584139824 4.414729036390781
      vertex -150 88 0.17538815958971365
    endloop
  endfacet
  facet normal -1 0 0
    outer loop
      vertex -150 87.94235584139824 4.414729036390781
      vertex -150 88.14805030077696 0.22836140543222427
      vertex -150 88 0.17538815958971365
    endloop
  endfacet
  facet normal -1 0 0
    outer loop
      vertex -150 87.58527096360922 0.057644158601760864
      vertex -150 87.3190313577652 3.096820145845413
      vertex -150 87.49440883845091 3.3332893028855324
    endloop
  endfacet
  facet normal -1 0 0
    outer loop
      vertex -150 87.58527096360922 0.057644158601760864
      vertex -150 87.49440883845091 3.3332893028855324
      vertex -150 87.64576379209757 3.585809789597988
    endloop
  endfacet
  facet normal -1 0 0
    outer loop
      vertex -150 87.87085403501987 0.1291789934039116
      vertex -150 87.64576379209757 3.585809789597988
      vertex -150 87.77163859456778 3.8519496992230415
    endloop
  endfacet
  facet normal -1 0 0
    outer loop
      vertex -150 87.87085403501987 0.1291789934039116
      vertex -150 87.77163859456778 3.8519496992230415
      vertex -150 87.87082100659609 4.129145964980125
    endloop
  endfacet
  facet normal -2.592563922500186e-17 0.3368898600571533 -0.9415440627982696
    outer loop
      vertex -150 88.14805030077696 0.22836140543222427
      vertex -130 88 0.1753881595897131
      vertex -150 88 0.17538815958971365
    endloop
  endfacet
  facet normal -1 0 0
    outer loop
      vertex -150 87.87085403501987 0.1291789934039116
      vertex -150 87.87082100659609 4.129145964980125
      vertex -150 87.94235584139824 4.414729036390781
    endloop
  endfacet
  facet normal -1 0 0
    outer loop
      vertex -150 88.14805030077696 0.22836140543222427
      vertex -150 87.94235584139824 4.414729036390781
      vertex -150 87.98555418103933 4.705948576331139
    endloop
  endfacet
  facet normal -1 0 0
    outer loop
      vertex -150 88.14805030077696 0.22836140543222427
      vertex -150 87.98555418103933 4.705948576331139
      vertex -150 88 5
    endloop
  endfacet
  facet normal -1 0 0
    outer loop
      vertex -150 88.14805030077696 0.22836140543222427
      vertex -150 90 45
      vertex -150 88.41419021040201 0.3542362079024315
    endloop
  endfacet
  facet normal -1 0 0
    outer loop
      vertex -150 88.41419021040201 0.3542362079024315
      vertex -150 90 45
      vertex -150 88.66671069711447 0.5055911615490913
    endloop
  endfacet
  facet normal -1 0 0
    outer loop
      vertex -150 88.66671069711447 0.5055911615490913
      vertex -150 90 45
      vertex -150 88.90317985415459 0.6809686422348022
    endloop
  endfacet
  facet normal -1 0 0
    outer loop
      vertex -150 88.14805030077696 0.22836140543222427
      vertex -150 88 5
      vertex -150 88 45
    endloop
  endfacet
  facet normal -1 0 0
    outer loop
      vertex -150 88.90317985415459 0.6809686422348022
      vertex -150 90 45
      vertex -150 89.1213203445077 0.8786796554923058
    endloop
  endfacet
  facet normal -1 0 0
    outer loop
      vertex -150 89.1213203445077 0.8786796554923058
      vertex -150 90 45
      vertex -150 89.3190313577652 1.0968201458454132
    endloop
  endfacet
  facet normal -1 0 0
    outer loop
      vertex -150 89.3190313577652 1.0968201458454132
      vertex -150 90 45
      vertex -150 89.49440883845091 1.3332893028855324
    endloop
  endfacet
  facet normal -1 0 0
    outer loop
      vertex -150 89.49440883845091 1.3332893028855324
      vertex -150 90 45
      vertex -150 89.64576379209757 1.5858097895979881
    endloop
  endfacet
  facet normal -1 0 0
    outer loop
      vertex -150 89.64576379209757 1.5858097895979881
      vertex -150 90 45
      vertex -150 89.77163859456778 1.8519496992230415
    endloop
  endfacet
  facet normal -1 0 0
    outer loop
      vertex -150 89.77163859456778 1.8519496992230415
      vertex -150 90 45
      vertex -150 89.87082100659609 2.1291459649801254
    endloop
  endfacet
  facet normal -1 0 0
    outer loop
      vertex -150 89.87082100659609 2.1291459649801254
      vertex -150 90 45
      vertex -150 89.94235584139824 2.4147290363907814
    endloop
  endfacet
  facet normal -1 0 0
    outer loop
      vertex -150 89.94235584139824 2.4147290363907814
      vertex -150 90 45
      vertex -150 89.98555418103933 2.7059485763311386
    endloop
  endfacet
  facet normal -1 0 0
    outer loop
      vertex -150 89.98555418103933 2.7059485763311386
      vertex -150 90 45
      vertex -150 90 3
    endloop
  endfacet
  facet normal 0 0 -1
    outer loop
      vertex 0 3 0
      vertex -150 87 0
      vertex -130 87 0
    endloop
  endfacet
  facet normal 0 0.42755509276037695 -0.9039892934402849
    outer loop
      vertex 0 88.14805030077696 0.22836140543222427
      vertex -150 88.14805030077696 0.22836140543222427
      vertex -150 88.41419021040201 0.3542362079024315
    endloop
  endfacet
  facet normal 0 0.5141027407673995 -0.8577286120536309
    outer loop
      vertex 0 88.41419021040201 0.3542362079024315
      vertex -150 88.41419021040201 0.3542362079024315
      vertex -150 88.66671069711447 0.5055911615490913
    endloop
  endfacet
  facet normal 0 0.59569930710104 -0.8032075295459704
    outer loop
      vertex 0 88.66671069711447 0.5055911615490913
      vertex -150 88.66671069711447 0.5055911615490913
      vertex -150 88.90317985415459 0.6809686422348022
    endloop
  endfacet
  facet normal 0 0.6715589499566086 -0.7409511297873682
    outer loop
      vertex 0 88.90317985415459 0.6809686422348022
      vertex -150 88.90317985415459 0.6809686422348022
      vertex -150 89.1213203445077 0.8786796554923058
    endloop
  endfacet
  facet normal 0 0.7409511297873682 -0.6715589499566086
    outer loop
      vertex 0 89.1213203445077 0.8786796554923058
      vertex -150 89.1213203445077 0.8786796554923058
      vertex -150 89.3190313577652 1.0968201458454132
    endloop
  endfacet
  facet normal 0 0.8032075295459704 -0.59569930710104
    outer loop
      vertex 0 89.3190313577652 1.0968201458454132
      vertex -150 89.3190313577652 1.0968201458454132
      vertex -150 89.49440883845091 1.3332893028855324
    endloop
  endfacet
  facet normal 0 0.8577286120536309 -0.5141027407673995
    outer loop
      vertex 0 89.49440883845091 1.3332893028855324
      vertex -150 89.49440883845091 1.3332893028855324
      vertex -150 89.64576379209757 1.5858097895979881
    endloop
  endfacet
  facet normal 0 0.9039892934402849 -0.42755509276037695
    outer loop
      vertex 0 89.64576379209757 1.5858097895979881
      vertex -150 89.64576379209757 1.5858097895979881
      vertex -150 89.77163859456778 1.8519496992230415
    endloop
  endfacet
  facet normal 0 0.9415440627982695 -0.3368898600571534
    outer loop
      vertex 0 89.77163859456778 1.8519496992230415
      vertex -150 89.77163859456778 1.8519496992230415
      vertex -150 89.87082100659609 2.1291459649801254
    endloop
  endfacet
  facet normal 0 0.9700312537050005 -0.24298017786540685
    outer loop
      vertex 0 89.87082100659609 2.1291459649801254
      vertex -150 89.87082100659609 2.1291459649801254
      vertex -150 89.94235584139824 2.4147290363907814
    endloop
  endfacet
  facet normal 0 0.9891765091791461 -0.14673047975168188
    outer loop
      vertex 0 89.94235584139824 2.4147290363907814
      vertex -150 89.94235584139824 2.4147290363907814
      vertex -150 89.98555418103933 2.7059485763311386
    endloop
  endfacet
  facet normal 0 0.9987954563973425 -0.049067670415704694
    outer loop
      vertex 0 89.98555418103933 2.7059485763311386
      vertex -150 89.98555418103933 2.7059485763311386
      vertex -150 90 3
    endloop
  endfacet
  facet normal 8.527481961997344e-18 0.3368898600571574 -0.9415440627982681
    outer loop
      vertex 0 87.87085403501987 0.1291789934039116
      vertex -130 88 0.1753881595897131
      vertex -150 88.14805030077696 0.22836140543222427
    endloop
  endfacet
  facet normal 0 0.049067670415704694 -0.9987954563973425
    outer loop
      vertex 0 87.29405142366886 0.014445818960666656
      vertex -130 87 0
      vertex -130 87.29405142366886 0.014445818960666656
    endloop
  endfacet
  facet normal 0 0.14673047975168188 -0.9891765091791461
    outer loop
      vertex 0 87.58527096360922 0.057644158601760864
      vertex -130 87.29405142366886 0.014445818960666656
      vertex -130 87.58527096360922 0.057644158601760864
    endloop
  endfacet
  facet normal 0 0.24298017786540688 -0.9700312537050007
    outer loop
      vertex 0 87.87085403501987 0.1291789934039116
      vertex -130 87.58527096360922 0.057644158601760864
      vertex -130 87.87085403501987 0.1291789934039116
    endloop
  endfacet
  facet normal 0 0.33688986005714977 -0.9415440627982707
    outer loop
      vertex 0 87.87085403501987 0.1291789934039116
      vertex -130 87.87085403501987 0.1291789934039116
      vertex -130 88 0.1753881595897131
    endloop
  endfacet
  facet normal -1 0 0
    outer loop
      vertex -150 88.14805030077696 0.22836140543222427
      vertex -150 88 45
      vertex -150 90 45
    endloop
  endfacet
  facet normal 0 1 0
    outer loop
      vertex -150 90 3
      vertex -150 90 45
      vertex 0 90 45
    endloop
  endfacet
  facet normal 0 -0.59569930710104 -0.8032075295459704
    outer loop
      vertex 0 1.3332893028855324 0.5055911615490913
      vertex 0 1.0968201458454132 0.6809686422348022
      vertex -150 1.3332893028855324 0.5055911615490913
    endloop
  endfacet
  facet normal 0 -0.8032075295459704 -0.59569930710104
    outer loop
      vertex 0 0.6809686422348022 1.0968201458454132
      vertex 0 0.5055911615490913 1.3332893028855324
      vertex -150 0.6809686422348022 1.0968201458454132
    endloop
  endfacet
  facet normal 0 -0.6715589499566086 -0.7409511297873682
    outer loop
      vertex 0 1.0968201458454132 0.6809686422348022
      vertex 0 0.8786796554923058 0.8786796554923058
      vertex -150 1.0968201458454132 0.6809686422348022
    endloop
  endfacet
  facet normal 0 -0.7409511297873682 -0.6715589499566086
    outer loop
      vertex 0 0.8786796554923058 0.8786796554923058
      vertex 0 0.6809686422348022 1.0968201458454132
      vertex -150 0.8786796554923058 0.8786796554923058
    endloop
  endfacet
  facet normal 0 -0.42755509276037695 -0.9039892934402849
    outer loop
      vertex 0 1.8519496992230415 0.22836140543222427
      vertex 0 1.5858097895979881 0.3542362079024315
      vertex -150 1.8519496992230415 0.22836140543222427
    endloop
  endfacet
  facet normal 0 -0.5141027407673995 -0.8577286120536309
    outer loop
      vertex 0 1.3332893028855324 0.5055911615490913
      vertex -150 1.5858097895979881 0.3542362079024315
      vertex 0 1.5858097895979881 0.3542362079024315
    endloop
  endfacet
  facet normal 0 -0.9039892934402849 -0.42755509276037695
    outer loop
      vertex 0 0.3542362079024315 1.5858097895979881
      vertex 0 0.22836140543222427 1.8519496992230415
      vertex -150 0.3542362079024315 1.5858097895979881
    endloop
  endfacet
  facet normal 0 -0.8577286120536309 -0.5141027407673995
    outer loop
      vertex 0 0.5055911615490913 1.3332893028855324
      vertex 0 0.3542362079024315 1.5858097895979881
      vertex -150 0.5055911615490913 1.3332893028855324
    endloop
  endfacet
  facet normal 0 -0.9415440627982695 -0.3368898600571534
    outer loop
      vertex 0 0.22836140543222427 1.8519496992230415
      vertex 0 0.1291789934039116 2.1291459649801254
      vertex -150 0.22836140543222427 1.8519496992230415
    endloop
  endfacet
  facet normal 0 -0.9700312537050005 -0.24298017786540685
    outer loop
      vertex 0 0.1291789934039116 2.1291459649801254
      vertex 0 0.057644158601760864 2.4147290363907814
      vertex -150 0.1291789934039116 2.1291459649801254
    endloop
  endfacet
  facet normal 0 -0.9891765091791461 -0.14673047975168188
    outer loop
      vertex 0 0.057644158601760864 2.4147290363907814
      vertex 0 0.014445818960666656 2.7059485763311386
      vertex -150 0.057644158601760864 2.4147290363907814
    endloop
  endfacet
  facet normal 0 -0.9987954563973425 -0.049067670415704694
    outer loop
      vertex 0 0.014445818960666656 2.7059485763311386
      vertex 0 0 3
      vertex -150 0.014445818960666656 2.7059485763311386
    endloop
  endfacet
  facet normal -2.719514806219375e-19 -0.3368898600571534 -0.9415440627982695
    outer loop
      vertex 0 1.8519496992230415 0.22836140543222427
      vertex -130 2 0.17538815958971368
      vertex 0 2.1291459649801254 0.1291789934039116
    endloop
  endfacet
  facet normal 0 -0.24298017786540688 -0.9700312537050007
    outer loop
      vertex 0 2.4147290363907814 0.057644158601760864
      vertex 0 2.1291459649801254 0.1291789934039116
      vertex -130 2.1291459649801254 0.1291789934039116
    endloop
  endfacet
  facet normal 0 -0.14673047975168188 -0.9891765091791461
    outer loop
      vertex 0 2.4147290363907814 0.057644158601760864
      vertex -130 2.4147290363907814 0.057644158601760864
      vertex 0 2.7059485763311386 0.014445818960666656
    endloop
  endfacet
  facet normal 0 -0.049067670415704694 -0.9987954563973425
    outer loop
      vertex 0 2.7059485763311386 0.014445818960666656
      vertex -130 2.7059485763311386 0.014445818960666656
      vertex 0 3 0
    endloop
  endfacet
  facet normal 1 0 0
    outer loop
      vertex 0 3 0
      vertex 0 9 2.5026825444478416
      vertex 0 3 2.5026825444478416
    endloop
  endfacet
  facet normal 1 0 0
    outer loop
      vertex 0 3 0
      vertex 0 16.5 2
      vertex 0 13.5 2
    endloop
  endfacet
  facet normal 1 0 0
    outer loop
      vertex 0 3 0
      vertex 0 13.5 2
      vertex 0 9 2.5026825444478416
    endloop
  endfacet
  facet normal 1 0 0
    outer loop
      vertex 0 3 0
      vertex 0 19.5 2
      vertex 0 16.5 2
    endloop
  endfacet
  facet normal 1 0 0
    outer loop
      vertex 0 3 0
      vertex 0 22.5 2
      vertex 0 19.5 2
    endloop
  endfacet
  facet normal 1 0 0
    outer loop
      vertex 0 3 0
      vertex 0 25.5 2
      vertex 0 22.5 2
    endloop
  endfacet
  facet normal 1 0 0
    outer loop
      vertex 0 3 0
      vertex 0 28.5 2
      vertex 0 25.5 2
    endloop
  endfacet
  facet normal 1 0 0
    outer loop
      vertex 0 3 0
      vertex 0 31.5 2
      vertex 0 28.5 2
    endloop
  endfacet
  facet normal 1 0 0
    outer loop
      vertex 0 1.3332893028855324 0.5055911615490913
      vertex 0 1.5858097895979881 0.3542362079024315
      vertex 0 0 45
    endloop
  endfacet
  facet normal 1 0 0
    outer loop
      vertex 0 1.3332893028855324 0.5055911615490913
      vertex 0 0 45
      vertex 0 1.0968201458454132 0.6809686422348022
    endloop
  endfacet
  facet normal 1 0 0
    outer loop
      vertex 0 1.8519496992230415 0.22836140543222427
      vertex 0 0 45
      vertex 0 1.5858097895979881 0.3542362079024315
    endloop
  endfacet
  facet normal 1 0 0
    outer loop
      vertex 0 1.8519496992230415 0.22836140543222427
      vertex 0 2.1291459649801254 0.1291789934039116
      vertex 0 0 45
    endloop
  endfacet
  facet normal 1 0 0
    outer loop
      vertex 0 2.4147290363907814 0.057644158601760864
      vertex 0 0 45
      vertex 0 2.1291459649801254 0.1291789934039116
    endloop
  endfacet
  facet normal 1 0 0
    outer loop
      vertex 0 2.4147290363907814 0.057644158601760864
      vertex 0 2.7059485763311386 0.014445818960666656
      vertex 0 0 45
    endloop
  endfacet
  facet normal 1 0 0
    outer loop
      vertex 0 2.7059485763311386 0.014445818960666656
      vertex 0 3 0
      vertex 0 0 45
    endloop
  endfacet
  facet normal 1 0 0
    outer loop
      vertex 0 1.0968201458454132 0.6809686422348022
      vertex 0 0 45
      vertex 0 0.8786796554923058 0.8786796554923058
    endloop
  endfacet
  facet normal 1 0 0
    outer loop
      vertex 0 0.8786796554923058 0.8786796554923058
      vertex 0 0 45
      vertex 0 0.6809686422348022 1.0968201458454132
    endloop
  endfacet
  facet normal 1 0 0
    outer loop
      vertex 0 0.6809686422348022 1.0968201458454132
      vertex 0 0 45
      vertex 0 0.5055911615490913 1.3332893028855324
    endloop
  endfacet
  facet normal 1 0 0
    outer loop
      vertex 0 0.5055911615490913 1.3332893028855324
      vertex 0 0 45
      vertex 0 0.3542362079024315 1.5858097895979881
    endloop
  endfacet
  facet normal 1 0 0
    outer loop
      vertex 0 0.3542362079024315 1.5858097895979881
      vertex 0 0 45
      vertex 0 0.22836140543222427 1.8519496992230415
    endloop
  endfacet
  facet normal 1 0 0
    outer loop
      vertex 0 0.22836140543222427 1.8519496992230415
      vertex 0 0 45
      vertex 0 0.1291789934039116 2.1291459649801254
    endloop
  endfacet
  facet normal 1 0 0
    outer loop
      vertex 0 0.1291789934039116 2.1291459649801254
      vertex 0 0 45
      vertex 0 0.057644158601760864 2.4147290363907814
    endloop
  endfacet
  facet normal 1 0 0
    outer loop
      vertex 0 0.057644158601760864 2.4147290363907814
      vertex 0 0 45
      vertex 0 0.014445818960666656 2.7059485763311386
    endloop
  endfacet
  facet normal 1 0 0
    outer loop
      vertex 0 3 0
      vertex 0 3 2.5026825444478416
      vertex 0 0 45
    endloop
  endfacet
  facet normal 1 0 0
    outer loop
      vertex 0 13.5 2
      vertex 0 9 45
      vertex 0 9 2.5026825444478416
    endloop
  endfacet
  facet normal 1 0 0
    outer loop
      vertex 0 0.014445818960666656 2.7059485763311386
      vertex 0 0 45
      vertex 0 0 3
    endloop
  endfacet
  facet normal 1 0 0
    outer loop
      vertex 0 16.5 2
      vertex 0 19.5 2
      vertex 0 19.5 45
    endloop
  endfacet
  facet normal 1 0 0
    outer loop
      vertex 0 3 0
      vertex 0 87 0
      vertex 0 31.5 2
    endloop
  endfacet
  facet normal 1 0 0
    outer loop
      vertex 0 22.5 2
      vertex 0 25.5 2
      vertex 0 25.5 45
    endloop
  endfacet
  facet normal 1 0 0
    outer loop
      vertex 0 28.5 2
      vertex 0 31.5 2
      vertex 0 31.5 45
    endloop
  endfacet
  facet normal 1 0 0
    outer loop
      vertex 0 34.5 2
      vertex 0 37.5 2
      vertex 0 37.5 45
    endloop
  endfacet
  facet normal 1 0 0
    outer loop
      vertex 0 40.5 2
      vertex 0 43.5 2
      vertex 0 43.5 45
    endloop
  endfacet
  facet normal 0 -1 0
    outer loop
      vertex 0 0 3
      vertex 0 0 45
      vertex -150 0 45
    endloop
  endfacet
  facet normal 1 0 0
    outer loop
      vertex 0 0 45
      vertex 0 3 2.5026825444478416
      vertex 0 3 45
    endloop
  endfacet
  facet normal 1 0 0
    outer loop
      vertex 0 13.5 2
      vertex 0 13.5 45
      vertex 0 9 45
    endloop
  endfacet
  facet normal 1 0 0
    outer loop
      vertex 0 16.5 2
      vertex 0 19.5 45
      vertex 0 16.5 45
    endloop
  endfacet
  facet normal 1 0 0
    outer loop
      vertex 0 22.5 2
      vertex 0 25.5 45
      vertex 0 22.5 45
    endloop
  endfacet
  facet normal 1 0 0
    outer loop
      vertex 0 28.5 2
      vertex 0 31.5 45
      vertex 0 28.5 45
    endloop
  endfacet
  facet normal 1 0 0
    outer loop
      vertex 0 34.5 2
      vertex 0 37.5 45
      vertex 0 34.5 45
    endloop
  endfacet
  facet normal 1 0 0
    outer loop
      vertex 0 40.5 2
      vertex 0 43.5 45
      vertex 0 40.5 45
    endloop
  endfacet
  facet normal 0 0 -1
    outer loop
      vertex 0 3 0
      vertex -130 87 0
      vertex 0 87 0
    endloop
  endfacet
  facet normal 0 0.3368898600571534 -0.9415440627982695
    outer loop
      vertex 0 87.87085403501987 0.1291789934039116
      vertex -150 88.14805030077696 0.22836140543222427
      vertex 0 88.14805030077696 0.22836140543222427
    endloop
  endfacet
  facet normal 0 0.42755509276037695 -0.9039892934402849
    outer loop
      vertex 0 88.14805030077696 0.22836140543222427
      vertex -150 88.41419021040201 0.3542362079024315
      vertex 0 88.41419021040201 0.3542362079024315
    endloop
  endfacet
  facet normal 0 0.5141027407673995 -0.8577286120536309
    outer loop
      vertex 0 88.41419021040201 0.3542362079024315
      vertex -150 88.66671069711447 0.5055911615490913
      vertex 0 88.66671069711447 0.5055911615490913
    endloop
  endfacet
  facet normal 0 0.59569930710104 -0.8032075295459704
    outer loop
      vertex 0 88.66671069711447 0.5055911615490913
      vertex -150 88.90317985415459 0.6809686422348022
      vertex 0 88.90317985415459 0.6809686422348022
    endloop
  endfacet
  facet normal 0 0.6715589499566086 -0.7409511297873682
    outer loop
      vertex 0 88.90317985415459 0.6809686422348022
      vertex -150 89.1213203445077 0.8786796554923058
      vertex 0 89.1213203445077 0.8786796554923058
    endloop
  endfacet
  facet normal 0 0.7409511297873682 -0.6715589499566086
    outer loop
      vertex 0 89.1213203445077 0.8786796554923058
      vertex -150 89.3190313577652 1.0968201458454132
      vertex 0 89.3190313577652 1.0968201458454132
    endloop
  endfacet
  facet normal 0 0.8032075295459704 -0.59569930710104
    outer loop
      vertex 0 89.3190313577652 1.0968201458454132
      vertex -150 89.49440883845091 1.3332893028855324
      vertex 0 89.49440883845091 1.3332893028855324
    endloop
  endfacet
  facet normal 0 0.8577286120536309 -0.5141027407673995
    outer loop
      vertex 0 89.49440883845091 1.3332893028855324
      vertex -150 89.64576379209757 1.5858097895979881
      vertex 0 89.64576379209757 1.5858097895979881
    endloop
  endfacet
  facet normal 0 0.9039892934402849 -0.42755509276037695
    outer loop
      vertex 0 89.64576379209757 1.5858097895979881
      vertex -150 89.77163859456778 1.8519496992230415
      vertex 0 89.77163859456778 1.8519496992230415
    endloop
  endfacet
  facet normal 0 0.9415440627982695 -0.3368898600571534
    outer loop
      vertex 0 89.77163859456778 1.8519496992230415
      vertex -150 89.87082100659609 2.1291459649801254
      vertex 0 89.87082100659609 2.1291459649801254
    endloop
  endfacet
  facet normal 0 0.9700312537050005 -0.24298017786540685
    outer loop
      vertex 0 89.87082100659609 2.1291459649801254
      vertex -150 89.94235584139824 2.4147290363907814
      vertex 0 89.94235584139824 2.4147290363907814
    endloop
  endfacet
  facet normal 0 0.9891765091791461 -0.14673047975168188
    outer loop
      vertex 0 89.94235584139824 2.4147290363907814
      vertex -150 89.98555418103933 2.7059485763311386
      vertex 0 89.98555418103933 2.7059485763311386
    endloop
  endfacet
  facet normal 0 0.9987954563973425 -0.049067670415704694
    outer loop
      vertex 0 89.98555418103933 2.7059485763311386
      vertex -150 90 3
      vertex 0 90 3
    endloop
  endfacet
  facet normal 0 0.049067670415704694 -0.9987954563973425
    outer loop
      vertex 0 87 0
      vertex -130 87 0
      vertex 0 87.29405142366886 0.014445818960666656
    endloop
  endfacet
  facet normal 0 0.14673047975168188 -0.9891765091791461
    outer loop
      vertex 0 87.29405142366886 0.014445818960666656
      vertex -130 87.29405142366886 0.014445818960666656
      vertex 0 87.58527096360922 0.057644158601760864
    endloop
  endfacet
  facet normal 0 0.24298017786540688 -0.9700312537050007
    outer loop
      vertex 0 87.58527096360922 0.057644158601760864
      vertex -130 87.58527096360922 0.057644158601760864
      vertex 0 87.87085403501987 0.1291789934039116
    endloop
  endfacet
  facet normal 0 1 0
    outer loop
      vertex 0 90 3
      vertex -150 90 3
      vertex 0 90 45
    endloop
  endfacet
  facet normal 1 0 0
    outer loop
      vertex 0 31.5 2
      vertex 0 87 0
      vertex 0 34.5 2
    endloop
  endfacet
  facet normal 1 0 0
    outer loop
      vertex 0 34.5 2
      vertex 0 87 0
      vertex 0 37.5 2
    endloop
  endfacet
  facet normal 1 0 0
    outer loop
      vertex 0 37.5 2
      vertex 0 87 0
      vertex 0 40.5 2
    endloop
  endfacet
  facet normal 1 0 0
    outer loop
      vertex 0 40.5 2
      vertex 0 87 0
      vertex 0 43.5 2
    endloop
  endfacet
  facet normal 1 0 0
    outer loop
      vertex 0 43.5 2
      vertex 0 87 0
      vertex 0 46.5 2
    endloop
  endfacet
  facet normal 1 0 0
    outer loop
      vertex 0 46.5 2
      vertex 0 87 0
      vertex 0 49.5 2
    endloop
  endfacet
  facet normal 1 0 0
    outer loop
      vertex 0 49.5 2
      vertex 0 87 0
      vertex 0 52.5 2
    endloop
  endfacet
  facet normal 1 0 0
    outer loop
      vertex 0 52.5 2
      vertex 0 87 0
      vertex 0 55.5 2
    endloop
  endfacet
  facet normal 1 0 0
    outer loop
      vertex 0 55.5 2
      vertex 0 87 0
      vertex 0 58.5 2
    endloop
  endfacet
  facet normal 1 0 0
    outer loop
      vertex 0 46.5 2
      vertex 0 49.5 2
      vertex 0 49.5 45
    endloop
  endfacet
  facet normal 1 0 0
    outer loop
      vertex 0 52.5 2
      vertex 0 55.5 2
      vertex 0 55.5 45
    endloop
  endfacet
  facet normal 1 0 0
    outer loop
      vertex 0 58.5 2
      vertex 0 61.5 2
      vertex 0 61.5 45
    endloop
  endfacet
  facet normal 1 0 0
    outer loop
      vertex 0 64.5 2
      vertex 0 67.5 2
      vertex 0 67.5 45
    endloop
  endfacet
  facet normal 1 0 0
    outer loop
      vertex 0 58.5 2
      vertex 0 87 0
      vertex 0 61.5 2
    endloop
  endfacet
  facet normal 1 0 0
    outer loop
      vertex 0 61.5 2
      vertex 0 87 0
      vertex 0 64.5 2
    endloop
  endfacet
  facet normal 1 0 0
    outer loop
      vertex 0 64.5 2
      vertex 0 87 0
      vertex 0 67.5 2
    endloop
  endfacet
  facet normal 1 0 0
    outer loop
      vertex 0 67.5 2
      vertex 0 87 0
      vertex 0 70.5 2
    endloop
  endfacet
  facet normal 1 0 0
    outer loop
      vertex 0 70.5 2
      vertex 0 87 0
      vertex 0 73.5 2
    endloop
  endfacet
  facet normal 1 0 0
    outer loop
      vertex 0 73.5 2
      vertex 0 87 0
      vertex 0 76.5 2
    endloop
  endfacet
  facet normal 1 0 0
    outer loop
      vertex 0 76.5 2
      vertex 0 87 0
      vertex 0 81 2.5026825444478416
    endloop
  endfacet
  facet normal 1 0 0
    outer loop
      vertex 0 87 0
      vertex 0 87.29405142366886 0.014445818960666656
      vertex 0 87 2.5026825444478416
    endloop
  endfacet
  facet normal 1 0 0
    outer loop
      vertex 0 87 0
      vertex 0 87 2.5026825444478416
      vertex 0 81 2.5026825444478416
    endloop
  endfacet
  facet normal 1 0 0
    outer loop
      vertex 0 87.29405142366886 0.014445818960666656
      vertex 0 87.58527096360922 0.057644158601760864
      vertex 0 87 2.5026825444478416
    endloop
  endfacet
  facet normal 1 0 0
    outer loop
      vertex 0 87.58527096360922 0.057644158601760864
      vertex 0 87.87085403501987 0.1291789934039116
      vertex 0 87 2.5026825444478416
    endloop
  endfacet
  facet normal 1 0 0
    outer loop
      vertex 0 70.5 2
      vertex 0 73.5 2
      vertex 0 73.5 45
    endloop
  endfacet
  facet normal 1 0 0
    outer loop
      vertex 0 76.5 2
      vertex 0 81 2.5026825444478416
      vertex 0 76.5 45
    endloop
  endfacet
  facet normal 1 0 0
    outer loop
      vertex 0 87.87085403501987 0.1291789934039116
      vertex 0 88.14805030077696 0.22836140543222427
      vertex 0 87 45
    endloop
  endfacet
  facet normal 1 0 0
    outer loop
      vertex 0 88.14805030077696 0.22836140543222427
      vertex 0 88.41419021040201 0.3542362079024315
      vertex 0 87 45
    endloop
  endfacet
  facet normal 1 0 0
    outer loop
      vertex 0 88.41419021040201 0.3542362079024315
      vertex 0 88.66671069711447 0.5055911615490913
      vertex 0 87 45
    endloop
  endfacet
  facet normal 1 0 0
    outer loop
      vertex 0 88.66671069711447 0.5055911615490913
      vertex 0 88.90317985415459 0.6809686422348022
      vertex 0 87 45
    endloop
  endfacet
  facet normal 1 0 0
    outer loop
      vertex 0 87.87085403501987 0.1291789934039116
      vertex 0 87 45
      vertex 0 87 2.5026825444478416
    endloop
  endfacet
  facet normal 1 0 0
    outer loop
      vertex 0 88.90317985415459 0.6809686422348022
      vertex 0 89.1213203445077 0.8786796554923058
      vertex 0 87 45
    endloop
  endfacet
  facet normal 1 0 0
    outer loop
      vertex 0 89.1213203445077 0.8786796554923058
      vertex 0 89.3190313577652 1.0968201458454132
      vertex 0 87 45
    endloop
  endfacet
  facet normal 1 0 0
    outer loop
      vertex 0 89.3190313577652 1.0968201458454132
      vertex 0 89.49440883845091 1.3332893028855324
      vertex 0 87 45
    endloop
  endfacet
  facet normal 1 0 0
    outer loop
      vertex 0 89.49440883845091 1.3332893028855324
      vertex 0 89.64576379209757 1.5858097895979881
      vertex 0 87 45
    endloop
  endfacet
  facet normal 1 0 0
    outer loop
      vertex 0 89.64576379209757 1.5858097895979881
      vertex 0 89.77163859456778 1.8519496992230415
      vertex 0 87 45
    endloop
  endfacet
  facet normal 1 0 0
    outer loop
      vertex 0 89.77163859456778 1.8519496992230415
      vertex 0 89.87082100659609 2.1291459649801254
      vertex 0 87 45
    endloop
  endfacet
  facet normal 1 0 0
    outer loop
      vertex 0 89.87082100659609 2.1291459649801254
      vertex 0 89.94235584139824 2.4147290363907814
      vertex 0 87 45
    endloop
  endfacet
  facet normal 1 0 0
    outer loop
      vertex 0 89.94235584139824 2.4147290363907814
      vertex 0 89.98555418103933 2.7059485763311386
      vertex 0 87 45
    endloop
  endfacet
  facet normal 1 0 0
    outer loop
      vertex 0 89.98555418103933 2.7059485763311386
      vertex 0 90 3
      vertex 0 87 45
    endloop
  endfacet
  facet normal 1 0 0
    outer loop
      vertex 0 46.5 2
      vertex 0 49.5 45
      vertex 0 46.5 45
    endloop
  endfacet
  facet normal 1 0 0
    outer loop
      vertex 0 52.5 2
      vertex 0 55.5 45
      vertex 0 52.5 45
    endloop
  endfacet
  facet normal 1 0 0
    outer loop
      vertex 0 58.5 2
      vertex 0 61.5 45
      vertex 0 58.5 45
    endloop
  endfacet
  facet normal 1 0 0
    outer loop
      vertex 0 64.5 2
      vertex 0 67.5 45
      vertex 0 64.5 45
    endloop
  endfacet
  facet normal 1 0 0
    outer loop
      vertex 0 70.5 2
      vertex 0 73.5 45
      vertex 0 70.5 45
    endloop
  endfacet
  facet normal 1 0 0
    outer loop
      vertex 0 76.5 45
      vertex 0 81 2.5026825444478416
      vertex 0 81 45
    endloop
  endfacet
  facet normal 1 0 0
    outer loop
      vertex 0 90 3
      vertex 0 90 45
      vertex 0 87 45
    endloop
  endfacet
  facet normal 0 0.5141027407673994 0.8577286120536308
    outer loop
      vertex -148.17 3.585809789597988 2.3542362079024315
      vertex -148.17 3.3332893028855324 2.5055911615490913
      vertex -131.82999999999998 3.3332893028855324 2.5055911615490913
    endloop
  endfacet
  facet normal 0 0.5956993071010404 0.80320752954597
    outer loop
      vertex -148.17 3.33 2.5080306748475594
      vertex -131.82999999999998 3.3332893028855324 2.5055911615490913
      vertex -148.17 3.3332893028855324 2.5055911615490913
    endloop
  endfacet
  facet normal 0 0.4275550927603769 0.9039892934402849
    outer loop
      vertex -148.17 3.585809789597988 2.3542362079024315
      vertex -131.82999999999998 3.585809789597988 2.3542362079024315
      vertex -148.17 3.8519496992230415 2.2283614054322243
    endloop
  endfacet
  facet normal 0 0.3368898600571534 0.9415440627982695
    outer loop
      vertex -148.17 3.8519496992230415 2.2283614054322243
      vertex -131.82999999999998 3.8519496992230415 2.2283614054322243
      vertex -148.17 4.129145964980125 2.1291789934039116
    endloop
  endfacet
  facet normal 0 0.24298017786540685 0.9700312537050005
    outer loop
      vertex -148.17 4.129145964980125 2.1291789934039116
      vertex -131.82999999999998 4.129145964980125 2.1291789934039116
      vertex -148.17 4.414729036390781 2.057644158601761
    endloop
  endfacet
  facet normal 0 0.14673047975168188 0.9891765091791461
    outer loop
      vertex -148.17 4.414729036390781 2.057644158601761
      vertex -131.82999999999998 4.414729036390781 2.057644158601761
      vertex -148.17 4.705948576331139 2.0144458189606667
    endloop
  endfacet
  facet normal 0 0.049067670415704694 0.9987954563973425
    outer loop
      vertex -148.17 4.705948576331139 2.0144458189606667
      vertex -131.82999999999998 4.705948576331139 2.0144458189606667
      vertex -148.17 5 2
    endloop
  endfacet
  facet normal 0 0 1
    outer loop
      vertex -148.17 6.67 2
      vertex -148.17 5 2
      vertex -131.82999999999998 6.67 2
    endloop
  endfacet
  facet normal 0 0.5141027407673994 0.8577286120536308
    outer loop
      vertex -131.82999999999998 3.585809789597988 2.3542362079024315
      vertex -148.17 3.585809789597988 2.3542362079024315
      vertex -131.82999999999998 3.3332893028855324 2.5055911615490913
    endloop
  endfacet
  facet normal 0 0.5956993071010404 0.80320752954597
    outer loop
      vertex -131.82999999999998 3.33 2.5080306748475594
      vertex -131.82999999999998 3.3332893028855324 2.5055911615490913
      vertex -148.17 3.33 2.5080306748475594
    endloop
  endfacet
  facet normal 0 0.4275550927603769 0.9039892934402849
    outer loop
      vertex -131.82999999999998 3.8519496992230415 2.2283614054322243
      vertex -148.17 3.8519496992230415 2.2283614054322243
      vertex -131.82999999999998 3.585809789597988 2.3542362079024315
    endloop
  endfacet
  facet normal 0 0.3368898600571534 0.9415440627982695
    outer loop
      vertex -131.82999999999998 4.129145964980125 2.1291789934039116
      vertex -148.17 4.129145964980125 2.1291789934039116
      vertex -131.82999999999998 3.8519496992230415 2.2283614054322243
    endloop
  endfacet
  facet normal 0 0.24298017786540685 0.9700312537050005
    outer loop
      vertex -131.82999999999998 4.414729036390781 2.057644158601761
      vertex -148.17 4.414729036390781 2.057644158601761
      vertex -131.82999999999998 4.129145964980125 2.1291789934039116
    endloop
  endfacet
  facet normal 0 0.14673047975168188 0.9891765091791461
    outer loop
      vertex -131.82999999999998 4.705948576331139 2.0144458189606667
      vertex -148.17 4.705948576331139 2.0144458189606667
      vertex -131.82999999999998 4.414729036390781 2.057644158601761
    endloop
  endfacet
  facet normal 0 0.049067670415704694 0.9987954563973425
    outer loop
      vertex -131.82999999999998 5 2
      vertex -148.17 5 2
      vertex -131.82999999999998 4.705948576331139 2.0144458189606667
    endloop
  endfacet
  facet normal 0 0 1
    outer loop
      vertex -131.82999999999998 6.67 2
      vertex -148.17 5 2
      vertex -131.82999999999998 5 2
    endloop
  endfacet
  facet normal 0 0 1
    outer loop
      vertex -130 8 2
      vertex -130 82 2
      vertex -150 8 2
    endloop
  endfacet
  facet normal 0 0.5141027407673995 0.8577286120536308
    outer loop
      vertex -2 3.3332893028855324 2.5055911615490913
      vertex -130 3.585809789597988 2.3542362079024315
      vertex -130 3.3332893028855324 2.5055911615490913
    endloop
  endfacet
  facet normal 0 0.5956993071010399 0.8032075295459704
    outer loop
      vertex -2 3.096820145845413 2.6809686422348022
      vertex -130 3.3332893028855324 2.5055911615490913
      vertex -130 3.096820145845413 2.6809686422348022
    endloop
  endfacet
  facet normal 0 0.42755509276037695 0.9039892934402849
    outer loop
      vertex -2 3.585809789597988 2.3542362079024315
      vertex -130 3.8519496992230415 2.2283614054322243
      vertex -130 3.585809789597988 2.3542362079024315
    endloop
  endfacet
  facet normal 0 0.3368898600571534 0.9415440627982695
    outer loop
      vertex -2 3.8519496992230415 2.2283614054322243
      vertex -130 4.129145964980125 2.1291789934039116
      vertex -130 3.8519496992230415 2.2283614054322243
    endloop
  endfacet
  facet normal 0 0.24298017786540685 0.9700312537050005
    outer loop
      vertex -2 4.129145964980125 2.1291789934039116
      vertex -130 4.414729036390781 2.057644158601761
      vertex -130 4.129145964980125 2.1291789934039116
    endloop
  endfacet
  facet normal 0 0.14673047975168188 0.9891765091791461
    outer loop
      vertex -2 4.414729036390781 2.057644158601761
      vertex -130 4.705948576331139 2.0144458189606667
      vertex -130 4.414729036390781 2.057644158601761
    endloop
  endfacet
  facet normal 0 0.049067670415704694 0.9987954563973426
    outer loop
      vertex -2 4.705948576331139 2.0144458189606667
      vertex -130 5 2
      vertex -130 4.705948576331139 2.0144458189606667
    endloop
  endfacet
  facet normal 0 0.7409511297873681 0.6715589499566086
    outer loop
      vertex -2 2.6809686422348022 3.096820145845413
      vertex -130 2.8786796554923058 2.8786796554923058
      vertex -130 2.6809686422348022 3.096820145845413
    endloop
  endfacet
  facet normal 0 0.8577286120536308 0.5141027407673995
    outer loop
      vertex -2 2.3542362079024315 3.585809789597988
      vertex -130 2.5055911615490913 3.3332893028855324
      vertex -130 2.3542362079024315 3.585809789597988
    endloop
  endfacet
  facet normal 0 0.8032075295459704 0.5956993071010399
    outer loop
      vertex -2 2.5055911615490913 3.3332893028855324
      vertex -130 2.6809686422348022 3.096820145845413
      vertex -130 2.5055911615490913 3.3332893028855324
    endloop
  endfacet
  facet normal 0 0.9039892934402849 0.42755509276037695
    outer loop
      vertex -2 2.2283614054322243 3.8519496992230415
      vertex -130 2.3542362079024315 3.585809789597988
      vertex -130 2.2283614054322243 3.8519496992230415
    endloop
  endfacet
  facet normal 0 0.9415440627982695 0.3368898600571534
    outer loop
      vertex -2 2.1291789934039116 4.129145964980125
      vertex -130 2.2283614054322243 3.8519496992230415
      vertex -130 2.1291789934039116 4.129145964980125
    endloop
  endfacet
  facet normal 0 0.9700312537050005 0.24298017786540685
    outer loop
      vertex -2 2.057644158601761 4.414729036390781
      vertex -130 2.1291789934039116 4.129145964980125
      vertex -130 2.057644158601761 4.414729036390781
    endloop
  endfacet
  facet normal 0 0.9891765091791461 0.14673047975168188
    outer loop
      vertex -2 2.0144458189606667 4.705948576331139
      vertex -130 2.057644158601761 4.414729036390781
      vertex -130 2.0144458189606667 4.705948576331139
    endloop
  endfacet
  facet normal 0 0.9987954563973426 0.049067670415704694
    outer loop
      vertex -2 2 5
      vertex -130 2.0144458189606667 4.705948576331139
      vertex -130 2 5
    endloop
  endfacet
  facet normal 0 0.6715589499566086 0.7409511297873681
    outer loop
      vertex -2 2.8786796554923058 2.8786796554923058
      vertex -130 3.096820145845413 2.6809686422348022
      vertex -130 2.8786796554923058 2.8786796554923058
    endloop
  endfacet
  facet normal 0 0 1
    outer loop
      vertex -2 5 2
      vertex -130 8 2
      vertex -130 5 2
    endloop
  endfacet
  facet normal 0 0 1
    outer loop
      vertex -2 5 2
      vertex -130 82 2
      vertex -130 8 2
    endloop
  endfacet
  facet normal 0 1 0
    outer loop
      vertex -2 2 45
      vertex -130 2 5
      vertex -130 2 45
    endloop
  endfacet
  facet normal 0 0 1
    outer loop
      vertex -150 8 2
      vertex -130 82 2
      vertex -150 82 2
    endloop
  endfacet
  facet normal 0 0 1
    outer loop
      vertex -148.17 83.33 2
      vertex -131.82999999999998 83.33 2
      vertex -148.17 85 2
    endloop
  endfacet
  facet normal 0 -0.049067670415704694 0.9987954563973425
    outer loop
      vertex -148.17 85 2
      vertex -131.82999999999998 85 2
      vertex -148.17 85.29405142366886 2.0144458189606667
    endloop
  endfacet
  facet normal 0 -0.14673047975168188 0.9891765091791461
    outer loop
      vertex -148.17 85.29405142366886 2.0144458189606667
      vertex -131.82999999999998 85.29405142366886 2.0144458189606667
      vertex -148.17 85.58527096360922 2.057644158601761
    endloop
  endfacet
  facet normal 0 -0.24298017786540685 0.9700312537050005
    outer loop
      vertex -148.17 85.58527096360922 2.057644158601761
      vertex -131.82999999999998 85.58527096360922 2.057644158601761
      vertex -148.17 85.87085403501987 2.1291789934039116
    endloop
  endfacet
  facet normal 0 -0.3368898600571534 0.9415440627982695
    outer loop
      vertex -148.17 85.87085403501987 2.1291789934039116
      vertex -131.82999999999998 85.87085403501987 2.1291789934039116
      vertex -148.17 86.14805030077696 2.2283614054322243
    endloop
  endfacet
  facet normal 0 -0.4275550927603769 0.9039892934402849
    outer loop
      vertex -148.17 86.14805030077696 2.2283614054322243
      vertex -131.82999999999998 86.14805030077696 2.2283614054322243
      vertex -148.17 86.41419021040201 2.3542362079024315
    endloop
  endfacet
  facet normal 0 -0.5141027407673994 0.8577286120536308
    outer loop
      vertex -131.82999999999998 86.41419021040201 2.3542362079024315
      vertex -148.17 86.66671069711447 2.5055911615490913
      vertex -148.17 86.41419021040201 2.3542362079024315
    endloop
  endfacet
  facet normal 0 -0.5956993071010428 0.8032075295459683
    outer loop
      vertex -148.17 86.67 2.5080306748475607
      vertex -148.17 86.66671069711447 2.5055911615490913
      vertex -131.82999999999998 86.67 2.5080306748475607
    endloop
  endfacet
  facet normal 0 0 1
    outer loop
      vertex -148.17 85 2
      vertex -131.82999999999998 83.33 2
      vertex -131.82999999999998 85 2
    endloop
  endfacet
  facet normal 0 -0.049067670415704694 0.9987954563973425
    outer loop
      vertex -131.82999999999998 85.29405142366886 2.0144458189606667
      vertex -148.17 85.29405142366886 2.0144458189606667
      vertex -131.82999999999998 85 2
    endloop
  endfacet
  facet normal 0 -0.14673047975168188 0.9891765091791461
    outer loop
      vertex -131.82999999999998 85.58527096360922 2.057644158601761
      vertex -148.17 85.58527096360922 2.057644158601761
      vertex -131.82999999999998 85.29405142366886 2.0144458189606667
    endloop
  endfacet
  facet normal 0 -0.24298017786540685 0.9700312537050005
    outer loop
      vertex -131.82999999999998 85.87085403501987 2.1291789934039116
      vertex -148.17 85.87085403501987 2.1291789934039116
      vertex -131.82999999999998 85.58527096360922 2.057644158601761
    endloop
  endfacet
  facet normal 0 -0.3368898600571534 0.9415440627982695
    outer loop
      vertex -131.82999999999998 86.14805030077696 2.2283614054322243
      vertex -148.17 86.14805030077696 2.2283614054322243
      vertex -131.82999999999998 85.87085403501987 2.1291789934039116
    endloop
  endfacet
  facet normal 0 -0.4275550927603769 0.9039892934402849
    outer loop
      vertex -131.82999999999998 86.41419021040201 2.3542362079024315
      vertex -148.17 86.41419021040201 2.3542362079024315
      vertex -131.82999999999998 86.14805030077696 2.2283614054322243
    endloop
  endfacet
  facet normal 0 -0.5141027407673994 0.8577286120536308
    outer loop
      vertex -131.82999999999998 86.66671069711447 2.5055911615490913
      vertex -148.17 86.66671069711447 2.5055911615490913
      vertex -131.82999999999998 86.41419021040201 2.3542362079024315
    endloop
  endfacet
  facet normal 0 -0.5956993071010428 0.8032075295459683
    outer loop
      vertex -131.82999999999998 86.67 2.5080306748475607
      vertex -148.17 86.66671069711447 2.5055911615490913
      vertex -131.82999999999998 86.66671069711447 2.5055911615490913
    endloop
  endfacet
  facet normal 0 0 1
    outer loop
      vertex -2 64.5 2
      vertex -130 85 2
      vertex -130 82 2
    endloop
  endfacet
  facet normal 0 -0.049067670415704694 0.9987954563973426
    outer loop
      vertex -2 85 2
      vertex -130 85.29405142366886 2.0144458189606667
      vertex -130 85 2
    endloop
  endfacet
  facet normal 0 -0.14673047975168188 0.9891765091791461
    outer loop
      vertex -2 85.29405142366886 2.0144458189606667
      vertex -130 85.58527096360922 2.057644158601761
      vertex -130 85.29405142366886 2.0144458189606667
    endloop
  endfacet
  facet normal 0 -0.24298017786540685 0.9700312537050005
    outer loop
      vertex -2 85.58527096360922 2.057644158601761
      vertex -130 85.87085403501987 2.1291789934039116
      vertex -130 85.58527096360922 2.057644158601761
    endloop
  endfacet
  facet normal 0 -0.3368898600571534 0.9415440627982695
    outer loop
      vertex -2 85.87085403501987 2.1291789934039116
      vertex -130 86.14805030077696 2.2283614054322243
      vertex -130 85.87085403501987 2.1291789934039116
    endloop
  endfacet
  facet normal 0 -0.42755509276037695 0.9039892934402849
    outer loop
      vertex -2 86.14805030077696 2.2283614054322243
      vertex -130 86.41419021040201 2.3542362079024315
      vertex -130 86.14805030077696 2.2283614054322243
    endloop
  endfacet
  facet normal 0 -0.5141027407673995 0.8577286120536308
    outer loop
      vertex -2 86.41419021040201 2.3542362079024315
      vertex -130 86.66671069711447 2.5055911615490913
      vertex -130 86.41419021040201 2.3542362079024315
    endloop
  endfacet
  facet normal 0 -0.5956993071010399 0.8032075295459704
    outer loop
      vertex -2 86.66671069711447 2.5055911615490913
      vertex -130 86.90317985415459 2.6809686422348022
      vertex -130 86.66671069711447 2.5055911615490913
    endloop
  endfacet
  facet normal 0 -0.6715589499566086 0.7409511297873681
    outer loop
      vertex -2 86.90317985415459 2.6809686422348022
      vertex -130 87.1213203445077 2.8786796554923058
      vertex -130 86.90317985415459 2.6809686422348022
    endloop
  endfacet
  facet normal 0 -0.7409511297873681 0.6715589499566086
    outer loop
      vertex -2 87.1213203445077 2.8786796554923058
      vertex -130 87.3190313577652 3.096820145845413
      vertex -130 87.1213203445077 2.8786796554923058
    endloop
  endfacet
  facet normal 0 -0.8032075295459704 0.5956993071010399
    outer loop
      vertex -2 87.3190313577652 3.096820145845413
      vertex -130 87.49440883845091 3.3332893028855324
      vertex -130 87.3190313577652 3.096820145845413
    endloop
  endfacet
  facet normal 0 -0.8577286120536308 0.5141027407673995
    outer loop
      vertex -2 87.49440883845091 3.3332893028855324
      vertex -130 87.64576379209757 3.585809789597988
      vertex -130 87.49440883845091 3.3332893028855324
    endloop
  endfacet
  facet normal 0 -0.9039892934402849 0.42755509276037695
    outer loop
      vertex -2 87.64576379209757 3.585809789597988
      vertex -130 87.77163859456778 3.8519496992230415
      vertex -130 87.64576379209757 3.585809789597988
    endloop
  endfacet
  facet normal 0 -0.9415440627982695 0.3368898600571534
    outer loop
      vertex -2 87.77163859456778 3.8519496992230415
      vertex -130 87.87082100659609 4.129145964980125
      vertex -130 87.77163859456778 3.8519496992230415
    endloop
  endfacet
  facet normal 0 -0.9700312537050005 0.24298017786540685
    outer loop
      vertex -2 87.87082100659609 4.129145964980125
      vertex -130 87.94235584139824 4.414729036390781
      vertex -130 87.87082100659609 4.129145964980125
    endloop
  endfacet
  facet normal 0 -0.9891765091791461 0.14673047975168188
    outer loop
      vertex -2 87.94235584139824 4.414729036390781
      vertex -130 87.98555418103933 4.705948576331139
      vertex -130 87.94235584139824 4.414729036390781
    endloop
  endfacet
  facet normal 0 -0.9987954563973426 0.049067670415704694
    outer loop
      vertex -2 87.98555418103933 4.705948576331139
      vertex -130 88 5
      vertex -130 87.98555418103933 4.705948576331139
    endloop
  endfacet
  facet normal 0 -1 0
    outer loop
      vertex -2 88 5
      vertex -130 88 45
      vertex -130 88 5
    endloop
  endfacet
  facet normal 0 0.5141027407673995 0.8577286120536308
    outer loop
      vertex -2 3.585809789597988 2.3542362079024315
      vertex -130 3.585809789597988 2.3542362079024315
      vertex -2 3.3332893028855324 2.5055911615490913
    endloop
  endfacet
  facet normal 0 0.6715589499566086 0.7409511297873681
    outer loop
      vertex -2 3.096820145845413 2.6809686422348022
      vertex -130 3.096820145845413 2.6809686422348022
      vertex -2 2.8786796554923058 2.8786796554923058
    endloop
  endfacet
  facet normal 0 0.5956993071010399 0.8032075295459704
    outer loop
      vertex -2 3.3332893028855324 2.5055911615490913
      vertex -130 3.3332893028855324 2.5055911615490913
      vertex -2 3.096820145845413 2.6809686422348022
    endloop
  endfacet
  facet normal 0 0.42755509276037695 0.9039892934402849
    outer loop
      vertex -2 3.8519496992230415 2.2283614054322243
      vertex -130 3.8519496992230415 2.2283614054322243
      vertex -2 3.585809789597988 2.3542362079024315
    endloop
  endfacet
  facet normal 0 0.3368898600571534 0.9415440627982695
    outer loop
      vertex -2 3.8519496992230415 2.2283614054322243
      vertex -2 4.129145964980125 2.1291789934039116
      vertex -130 4.129145964980125 2.1291789934039116
    endloop
  endfacet
  facet normal 0 0.24298017786540685 0.9700312537050005
    outer loop
      vertex -2 4.414729036390781 2.057644158601761
      vertex -130 4.414729036390781 2.057644158601761
      vertex -2 4.129145964980125 2.1291789934039116
    endloop
  endfacet
  facet normal 0 0.14673047975168188 0.9891765091791461
    outer loop
      vertex -2 4.414729036390781 2.057644158601761
      vertex -2 4.705948576331139 2.0144458189606667
      vertex -130 4.705948576331139 2.0144458189606667
    endloop
  endfacet
  facet normal 0 0.049067670415704694 0.9987954563973426
    outer loop
      vertex -2 4.705948576331139 2.0144458189606667
      vertex -2 5 2
      vertex -130 5 2
    endloop
  endfacet
  facet normal 0 0.8577286120536308 0.5141027407673995
    outer loop
      vertex -2 2.5055911615490913 3.3332893028855324
      vertex -130 2.5055911615490913 3.3332893028855324
      vertex -2 2.3542362079024315 3.585809789597988
    endloop
  endfacet
  facet normal 0 0.8032075295459704 0.5956993071010399
    outer loop
      vertex -2 2.6809686422348022 3.096820145845413
      vertex -130 2.6809686422348022 3.096820145845413
      vertex -2 2.5055911615490913 3.3332893028855324
    endloop
  endfacet
  facet normal 0 0.9039892934402849 0.42755509276037695
    outer loop
      vertex -2 2.3542362079024315 3.585809789597988
      vertex -130 2.3542362079024315 3.585809789597988
      vertex -2 2.2283614054322243 3.8519496992230415
    endloop
  endfacet
  facet normal 0 0.9415440627982695 0.3368898600571534
    outer loop
      vertex -2 2.2283614054322243 3.8519496992230415
      vertex -130 2.2283614054322243 3.8519496992230415
      vertex -2 2.1291789934039116 4.129145964980125
    endloop
  endfacet
  facet normal 0 0.9700312537050005 0.24298017786540685
    outer loop
      vertex -2 2.1291789934039116 4.129145964980125
      vertex -130 2.1291789934039116 4.129145964980125
      vertex -2 2.057644158601761 4.414729036390781
    endloop
  endfacet
  facet normal 0 0.9891765091791461 0.14673047975168188
    outer loop
      vertex -2 2.057644158601761 4.414729036390781
      vertex -130 2.057644158601761 4.414729036390781
      vertex -2 2.0144458189606667 4.705948576331139
    endloop
  endfacet
  facet normal 0 0.9987954563973426 0.049067670415704694
    outer loop
      vertex -2 2.0144458189606667 4.705948576331139
      vertex -130 2.0144458189606667 4.705948576331139
      vertex -2 2 5
    endloop
  endfacet
  facet normal 0 0.7409511297873681 0.6715589499566086
    outer loop
      vertex -2 2.6809686422348022 3.096820145845413
      vertex -2 2.8786796554923058 2.8786796554923058
      vertex -130 2.8786796554923058 2.8786796554923058
    endloop
  endfacet
  facet normal 0 1 0
    outer loop
      vertex -2 2 5
      vertex -130 2 5
      vertex -2 2 45
    endloop
  endfacet
  facet normal 0 0 1
    outer loop
      vertex -2 5 2
      vertex -2 13.5 2
      vertex -130 82 2
    endloop
  endfacet
  facet normal 0 0 1
    outer loop
      vertex -2 13.5 2
      vertex -2 16.5 2
      vertex -130 82 2
    endloop
  endfacet
  facet normal 0 0 1
    outer loop
      vertex -2 16.5 2
      vertex -2 19.5 2
      vertex -130 82 2
    endloop
  endfacet
  facet normal 0 0 1
    outer loop
      vertex -2 19.5 2
      vertex -2 22.5 2
      vertex -130 82 2
    endloop
  endfacet
  facet normal 0 0 1
    outer loop
      vertex -2 22.5 2
      vertex -2 25.5 2
      vertex -130 82 2
    endloop
  endfacet
  facet normal -1 0 0
    outer loop
      vertex -2 3.3332893028855324 2.5055911615490913
      vertex -2 3.096820145845413 2.6809686422348022
      vertex -2 2 45
    endloop
  endfacet
  facet normal -1 0 0
    outer loop
      vertex -2 3.096820145845413 2.6809686422348022
      vertex -2 2.8786796554923058 2.8786796554923058
      vertex -2 2 45
    endloop
  endfacet
  facet normal -1 0 0
    outer loop
      vertex -2 3.8519496992230415 2.2283614054322243
      vertex -2 2 45
      vertex -2 4.129145964980125 2.1291789934039116
    endloop
  endfacet
  facet normal -1 0 0
    outer loop
      vertex -2 4.414729036390781 2.057644158601761
      vertex -2 4.129145964980125 2.1291789934039116
      vertex -2 2 45
    endloop
  endfacet
  facet normal -1 0 0
    outer loop
      vertex -2 3.585809789597988 2.3542362079024315
      vertex -2 3.3332893028855324 2.5055911615490913
      vertex -2 2 45
    endloop
  endfacet
  facet normal -1 0 0
    outer loop
      vertex -2 3.8519496992230415 2.2283614054322243
      vertex -2 3.585809789597988 2.3542362079024315
      vertex -2 2 45
    endloop
  endfacet
  facet normal -1 0 0
    outer loop
      vertex -2 4.414729036390781 2.057644158601761
      vertex -2 2 45
      vertex -2 4.705948576331139 2.0144458189606667
    endloop
  endfacet
  facet normal -1 0 0
    outer loop
      vertex -2 4.705948576331139 2.0144458189606667
      vertex -2 2 45
      vertex -2 5 2
    endloop
  endfacet
  facet normal -1 0 0
    outer loop
      vertex -2 5 2
      vertex -2 2 45
      vertex -2 13.5 2
    endloop
  endfacet
  facet normal -1 0 0
    outer loop
      vertex -2 2.6809686422348022 3.096820145845413
      vertex -2 2.5055911615490913 3.3332893028855324
      vertex -2 2 45
    endloop
  endfacet
  facet normal -1 0 0
    outer loop
      vertex -2 2.6809686422348022 3.096820145845413
      vertex -2 2 45
      vertex -2 2.8786796554923058 2.8786796554923058
    endloop
  endfacet
  facet normal -1 0 0
    outer loop
      vertex -2 2.5055911615490913 3.3332893028855324
      vertex -2 2.3542362079024315 3.585809789597988
      vertex -2 2 45
    endloop
  endfacet
  facet normal -1 0 0
    outer loop
      vertex -2 2.3542362079024315 3.585809789597988
      vertex -2 2.2283614054322243 3.8519496992230415
      vertex -2 2 45
    endloop
  endfacet
  facet normal -1 0 0
    outer loop
      vertex -2 2.1291789934039116 4.129145964980125
      vertex -2 2.057644158601761 4.414729036390781
      vertex -2 2 45
    endloop
  endfacet
  facet normal -1 0 0
    outer loop
      vertex -2 2.057644158601761 4.414729036390781
      vertex -2 2.0144458189606667 4.705948576331139
      vertex -2 2 45
    endloop
  endfacet
  facet normal -1 0 0
    outer loop
      vertex -2 2.0144458189606667 4.705948576331139
      vertex -2 2 5
      vertex -2 2 45
    endloop
  endfacet
  facet normal -1 0 0
    outer loop
      vertex -2 2.2283614054322243 3.8519496992230415
      vertex -2 2.1291789934039116 4.129145964980125
      vertex -2 2 45
    endloop
  endfacet
  facet normal -1 0 0
    outer loop
      vertex -2 16.5 2
      vertex -2 16.5 45
      vertex -2 19.5 2
    endloop
  endfacet
  facet normal -1 0 0
    outer loop
      vertex -2 22.5 2
      vertex -2 22.5 45
      vertex -2 25.5 2
    endloop
  endfacet
  facet normal -1 0 0
    outer loop
      vertex -2 28.5 2
      vertex -2 28.5 45
      vertex -2 31.5 2
    endloop
  endfacet
  facet normal -1 0 0
    outer loop
      vertex -2 34.5 2
      vertex -2 34.5 45
      vertex -2 37.5 2
    endloop
  endfacet
  facet normal -1 0 0
    outer loop
      vertex -2 40.5 2
      vertex -2 40.5 45
      vertex -2 43.5 2
    endloop
  endfacet
  facet normal -1 0 0
    outer loop
      vertex -2 13.5 2
      vertex -2 2 45
      vertex -2 13.5 45
    endloop
  endfacet
  facet normal -1 0 0
    outer loop
      vertex -2 19.5 2
      vertex -2 16.5 45
      vertex -2 19.5 45
    endloop
  endfacet
  facet normal -1 0 0
    outer loop
      vertex -2 25.5 2
      vertex -2 22.5 45
      vertex -2 25.5 45
    endloop
  endfacet
  facet normal -1 0 0
    outer loop
      vertex -2 31.5 2
      vertex -2 28.5 45
      vertex -2 31.5 45
    endloop
  endfacet
  facet normal -1 0 0
    outer loop
      vertex -2 37.5 2
      vertex -2 34.5 45
      vertex -2 37.5 45
    endloop
  endfacet
  facet normal -1 0 0
    outer loop
      vertex -2 43.5 2
      vertex -2 40.5 45
      vertex -2 43.5 45
    endloop
  endfacet
  facet normal 0 0 1
    outer loop
      vertex -2 25.5 2
      vertex -2 28.5 2
      vertex -130 82 2
    endloop
  endfacet
  facet normal 0 0 1
    outer loop
      vertex -2 28.5 2
      vertex -2 31.5 2
      vertex -130 82 2
    endloop
  endfacet
  facet normal 0 0 1
    outer loop
      vertex -2 31.5 2
      vertex -2 34.5 2
      vertex -130 82 2
    endloop
  endfacet
  facet normal 0 0 1
    outer loop
      vertex -2 34.5 2
      vertex -2 37.5 2
      vertex -130 82 2
    endloop
  endfacet
  facet normal 0 0 1
    outer loop
      vertex -2 37.5 2
      vertex -2 40.5 2
      vertex -130 82 2
    endloop
  endfacet
  facet normal 0 0 1
    outer loop
      vertex -2 40.5 2
      vertex -2 43.5 2
      vertex -130 82 2
    endloop
  endfacet
  facet normal 0 0 1
    outer loop
      vertex -2 43.5 2
      vertex -2 46.5 2
      vertex -130 82 2
    endloop
  endfacet
  facet normal 0 0 1
    outer loop
      vertex -2 46.5 2
      vertex -2 49.5 2
      vertex -130 82 2
    endloop
  endfacet
  facet normal 0 0 1
    outer loop
      vertex -2 49.5 2
      vertex -2 52.5 2
      vertex -130 82 2
    endloop
  endfacet
  facet normal 0 0 1
    outer loop
      vertex -2 52.5 2
      vertex -2 55.5 2
      vertex -130 82 2
    endloop
  endfacet
  facet normal 0 0 1
    outer loop
      vertex -2 55.5 2
      vertex -2 58.5 2
      vertex -130 82 2
    endloop
  endfacet
  facet normal 0 0 1
    outer loop
      vertex -2 58.5 2
      vertex -2 61.5 2
      vertex -130 82 2
    endloop
  endfacet
  facet normal 0 0 1
    outer loop
      vertex -2 61.5 2
      vertex -2 64.5 2
      vertex -130 82 2
    endloop
  endfacet
  facet normal 0 0 1
    outer loop
      vertex -2 64.5 2
      vertex -2 67.5 2
      vertex -130 85 2
    endloop
  endfacet
  facet normal 0 0 1
    outer loop
      vertex -2 67.5 2
      vertex -2 70.5 2
      vertex -130 85 2
    endloop
  endfacet
  facet normal 0 0 1
    outer loop
      vertex -2 70.5 2
      vertex -2 73.5 2
      vertex -130 85 2
    endloop
  endfacet
  facet normal 0 0 1
    outer loop
      vertex -2 73.5 2
      vertex -2 76.5 2
      vertex -130 85 2
    endloop
  endfacet
  facet normal 0 0 1
    outer loop
      vertex -2 76.5 2
      vertex -2 85 2
      vertex -130 85 2
    endloop
  endfacet
  facet normal 0 -0.049067670415704694 0.9987954563973426
    outer loop
      vertex -2 85 2
      vertex -2 85.29405142366886 2.0144458189606667
      vertex -130 85.29405142366886 2.0144458189606667
    endloop
  endfacet
  facet normal 0 -0.14673047975168188 0.9891765091791461
    outer loop
      vertex -2 85.29405142366886 2.0144458189606667
      vertex -2 85.58527096360922 2.057644158601761
      vertex -130 85.58527096360922 2.057644158601761
    endloop
  endfacet
  facet normal 0 -0.24298017786540685 0.9700312537050005
    outer loop
      vertex -2 85.58527096360922 2.057644158601761
      vertex -2 85.87085403501987 2.1291789934039116
      vertex -130 85.87085403501987 2.1291789934039116
    endloop
  endfacet
  facet normal 0 -0.3368898600571534 0.9415440627982695
    outer loop
      vertex -2 85.87085403501987 2.1291789934039116
      vertex -2 86.14805030077696 2.2283614054322243
      vertex -130 86.14805030077696 2.2283614054322243
    endloop
  endfacet
  facet normal 0 -0.42755509276037695 0.9039892934402849
    outer loop
      vertex -2 86.14805030077696 2.2283614054322243
      vertex -2 86.41419021040201 2.3542362079024315
      vertex -130 86.41419021040201 2.3542362079024315
    endloop
  endfacet
  facet normal 0 -0.5141027407673995 0.8577286120536308
    outer loop
      vertex -2 86.41419021040201 2.3542362079024315
      vertex -2 86.66671069711447 2.5055911615490913
      vertex -130 86.66671069711447 2.5055911615490913
    endloop
  endfacet
  facet normal 0 -0.5956993071010399 0.8032075295459704
    outer loop
      vertex -2 86.66671069711447 2.5055911615490913
      vertex -2 86.90317985415459 2.6809686422348022
      vertex -130 86.90317985415459 2.6809686422348022
    endloop
  endfacet
  facet normal 0 -0.6715589499566086 0.7409511297873681
    outer loop
      vertex -2 86.90317985415459 2.6809686422348022
      vertex -2 87.1213203445077 2.8786796554923058
      vertex -130 87.1213203445077 2.8786796554923058
    endloop
  endfacet
  facet normal 0 -0.7409511297873681 0.6715589499566086
    outer loop
      vertex -2 87.1213203445077 2.8786796554923058
      vertex -2 87.3190313577652 3.096820145845413
      vertex -130 87.3190313577652 3.096820145845413
    endloop
  endfacet
  facet normal 0 -0.8032075295459704 0.5956993071010399
    outer loop
      vertex -2 87.3190313577652 3.096820145845413
      vertex -2 87.49440883845091 3.3332893028855324
      vertex -130 87.49440883845091 3.3332893028855324
    endloop
  endfacet
  facet normal 0 -0.8577286120536308 0.5141027407673995
    outer loop
      vertex -2 87.49440883845091 3.3332893028855324
      vertex -2 87.64576379209757 3.585809789597988
      vertex -130 87.64576379209757 3.585809789597988
    endloop
  endfacet
  facet normal 0 -0.9039892934402849 0.42755509276037695
    outer loop
      vertex -2 87.64576379209757 3.585809789597988
      vertex -2 87.77163859456778 3.8519496992230415
      vertex -130 87.77163859456778 3.8519496992230415
    endloop
  endfacet
  facet normal 0 -0.9415440627982695 0.3368898600571534
    outer loop
      vertex -2 87.77163859456778 3.8519496992230415
      vertex -2 87.87082100659609 4.129145964980125
      vertex -130 87.87082100659609 4.129145964980125
    endloop
  endfacet
  facet normal 0 -0.9700312537050005 0.24298017786540685
    outer loop
      vertex -2 87.87082100659609 4.129145964980125
      vertex -2 87.94235584139824 4.414729036390781
      vertex -130 87.94235584139824 4.414729036390781
    endloop
  endfacet
  facet normal 0 -0.9891765091791461 0.14673047975168188
    outer loop
      vertex -2 87.94235584139824 4.414729036390781
      vertex -2 87.98555418103933 4.705948576331139
      vertex -130 87.98555418103933 4.705948576331139
    endloop
  endfacet
  facet normal 0 -0.9987954563973426 0.049067670415704694
    outer loop
      vertex -2 87.98555418103933 4.705948576331139
      vertex -2 88 5
      vertex -130 88 5
    endloop
  endfacet
  facet normal -1 0 0
    outer loop
      vertex -2 46.5 2
      vertex -2 46.5 45
      vertex -2 49.5 2
    endloop
  endfacet
  facet normal -1 0 0
    outer loop
      vertex -2 52.5 2
      vertex -2 52.5 45
      vertex -2 55.5 2
    endloop
  endfacet
  facet normal -1 0 0
    outer loop
      vertex -2 58.5 2
      vertex -2 58.5 45
      vertex -2 61.5 2
    endloop
  endfacet
  facet normal -1 0 0
    outer loop
      vertex -2 64.5 2
      vertex -2 64.5 45
      vertex -2 67.5 2
    endloop
  endfacet
  facet normal -1 0 0
    outer loop
      vertex -2 70.5 2
      vertex -2 70.5 45
      vertex -2 73.5 2
    endloop
  endfacet
  facet normal -1 0 0
    outer loop
      vertex -2 76.5 2
      vertex -2 76.5 45
      vertex -2 85 2
    endloop
  endfacet
  facet normal -1 0 0
    outer loop
      vertex -2 85 2
      vertex -2 76.5 45
      vertex -2 85.29405142366886 2.0144458189606667
    endloop
  endfacet
  facet normal -1 0 0
    outer loop
      vertex -2 85.29405142366886 2.0144458189606667
      vertex -2 76.5 45
      vertex -2 85.58527096360922 2.057644158601761
    endloop
  endfacet
  facet normal -1 0 0
    outer loop
      vertex -2 85.58527096360922 2.057644158601761
      vertex -2 76.5 45
      vertex -2 85.87085403501987 2.1291789934039116
    endloop
  endfacet
  facet normal -1 0 0
    outer loop
      vertex -2 85.87085403501987 2.1291789934039116
      vertex -2 76.5 45
      vertex -2 86.14805030077696 2.2283614054322243
    endloop
  endfacet
  facet normal -1 0 0
    outer loop
      vertex -2 86.14805030077696 2.2283614054322243
      vertex -2 76.5 45
      vertex -2 86.41419021040201 2.3542362079024315
    endloop
  endfacet
  facet normal -1 0 0
    outer loop
      vertex -2 86.41419021040201 2.3542362079024315
      vertex -2 76.5 45
      vertex -2 86.66671069711447 2.5055911615490913
    endloop
  endfacet
  facet normal -1 0 0
    outer loop
      vertex -2 86.66671069711447 2.5055911615490913
      vertex -2 76.5 45
      vertex -2 86.90317985415459 2.6809686422348022
    endloop
  endfacet
  facet normal -1 0 0
    outer loop
      vertex -2 86.90317985415459 2.6809686422348022
      vertex -2 76.5 45
      vertex -2 87.1213203445077 2.8786796554923058
    endloop
  endfacet
  facet normal -1 0 0
    outer loop
      vertex -2 87.1213203445077 2.8786796554923058
      vertex -2 76.5 45
      vertex -2 87.3190313577652 3.096820145845413
    endloop
  endfacet
  facet normal -1 0 0
    outer loop
      vertex -2 87.3190313577652 3.096820145845413
      vertex -2 76.5 45
      vertex -2 87.49440883845091 3.3332893028855324
    endloop
  endfacet
  facet normal -1 0 0
    outer loop
      vertex -2 87.49440883845091 3.3332893028855324
      vertex -2 76.5 45
      vertex -2 87.64576379209757 3.585809789597988
    endloop
  endfacet
  facet normal -1 0 0
    outer loop
      vertex -2 87.64576379209757 3.585809789597988
      vertex -2 76.5 45
      vertex -2 87.77163859456778 3.8519496992230415
    endloop
  endfacet
  facet normal -1 0 0
    outer loop
      vertex -2 87.77163859456778 3.8519496992230415
      vertex -2 76.5 45
      vertex -2 87.87082100659609 4.129145964980125
    endloop
  endfacet
  facet normal -1 0 0
    outer loop
      vertex -2 87.87082100659609 4.129145964980125
      vertex -2 76.5 45
      vertex -2 87.94235584139824 4.414729036390781
    endloop
  endfacet
  facet normal -1 0 0
    outer loop
      vertex -2 87.94235584139824 4.414729036390781
      vertex -2 76.5 45
      vertex -2 87.98555418103933 4.705948576331139
    endloop
  endfacet
  facet normal -1 0 0
    outer loop
      vertex -2 87.98555418103933 4.705948576331139
      vertex -2 76.5 45
      vertex -2 88 5
    endloop
  endfacet
  facet normal 0 -1 0
    outer loop
      vertex -2 88 5
      vertex -2 88 45
      vertex -130 88 45
    endloop
  endfacet
  facet normal -1 0 0
    outer loop
      vertex -2 49.5 2
      vertex -2 46.5 45
      vertex -2 49.5 45
    endloop
  endfacet
  facet normal -1 0 0
    outer loop
      vertex -2 55.5 2
      vertex -2 52.5 45
      vertex -2 55.5 45
    endloop
  endfacet
  facet normal -1 0 0
    outer loop
      vertex -2 61.5 2
      vertex -2 58.5 45
      vertex -2 61.5 45
    endloop
  endfacet
  facet normal -1 0 0
    outer loop
      vertex -2 67.5 2
      vertex -2 64.5 45
      vertex -2 67.5 45
    endloop
  endfacet
  facet normal -1 0 0
    outer loop
      vertex -2 73.5 2
      vertex -2 70.5 45
      vertex -2 73.5 45
    endloop
  endfacet
  facet normal -1 0 0
    outer loop
      vertex -2 88 5
      vertex -2 76.5 45
      vertex -2 88 45
    endloop
  endfacet
  facet normal 0 0 1
    outer loop
      vertex -150 0 45
      vertex -130 2 45
      vertex -150 2 45
    endloop
  endfacet
  facet normal 0 0 1
    outer loop
      vertex -2 2 45
      vertex -130 2 45
      vertex -150 0 45
    endloop
  endfacet
  facet normal 0 0 1
    outer loop
      vertex 0 90 45
      vertex -150 90 45
      vertex -150 88 45
    endloop
  endfacet
  facet normal 0 0 1
    outer loop
      vertex 0 90 45
      vertex -150 88 45
      vertex -130 88 45
    endloop
  endfacet
  facet normal 0 0 1
    outer loop
      vertex 0 0 45
      vertex -2 2 45
      vertex -150 0 45
    endloop
  endfacet
  facet normal 0 0 1
    outer loop
      vertex 0 0 45
      vertex -2 13.5 45
      vertex -2 2 45
    endloop
  endfacet
  facet normal 0 0 1
    outer loop
      vertex 0 16.5 45
      vertex -2 19.5 45
      vertex -2 16.5 45
    endloop
  endfacet
  facet normal 0 0 1
    outer loop
      vertex 0 0 45
      vertex 0 3 45
      vertex -2 13.5 45
    endloop
  endfacet
  facet normal 0 0 1
    outer loop
      vertex -2 13.5 45
      vertex 0 3 45
      vertex 0 9 45
    endloop
  endfacet
  facet normal 0 0 1
    outer loop
      vertex 0 13.5 45
      vertex -2 13.5 45
      vertex 0 9 45
    endloop
  endfacet
  facet normal 0 0 1
    outer loop
      vertex 0 16.5 45
      vertex 0 19.5 45
      vertex -2 19.5 45
    endloop
  endfacet
  facet normal 0 0 1
    outer loop
      vertex 0 22.5 45
      vertex -2 25.5 45
      vertex -2 22.5 45
    endloop
  endfacet
  facet normal 0 0 1
    outer loop
      vertex 0 28.5 45
      vertex -2 31.5 45
      vertex -2 28.5 45
    endloop
  endfacet
  facet normal 0 0 1
    outer loop
      vertex 0 34.5 45
      vertex -2 37.5 45
      vertex -2 34.5 45
    endloop
  endfacet
  facet normal 0 0 1
    outer loop
      vertex 0 40.5 45
      vertex -2 43.5 45
      vertex -2 40.5 45
    endloop
  endfacet
  facet normal 0 0 1
    outer loop
      vertex 0 22.5 45
      vertex 0 25.5 45
      vertex -2 25.5 45
    endloop
  endfacet
  facet normal 0 0 1
    outer loop
      vertex 0 28.5 45
      vertex 0 31.5 45
      vertex -2 31.5 45
    endloop
  endfacet
  facet normal 0 0 1
    outer loop
      vertex 0 34.5 45
      vertex 0 37.5 45
      vertex -2 37.5 45
    endloop
  endfacet
  facet normal 0 0 1
    outer loop
      vertex 0 40.5 45
      vertex 0 43.5 45
      vertex -2 43.5 45
    endloop
  endfacet
  facet normal 0 0 1
    outer loop
      vertex -2 88 45
      vertex 0 90 45
      vertex -130 88 45
    endloop
  endfacet
  facet normal 0 0 1
    outer loop
      vertex 0 46.5 45
      vertex -2 49.5 45
      vertex -2 46.5 45
    endloop
  endfacet
  facet normal 0 0 1
    outer loop
      vertex 0 52.5 45
      vertex -2 55.5 45
      vertex -2 52.5 45
    endloop
  endfacet
  facet normal 0 0 1
    outer loop
      vertex 0 58.5 45
      vertex -2 61.5 45
      vertex -2 58.5 45
    endloop
  endfacet
  facet normal 0 0 1
    outer loop
      vertex 0 64.5 45
      vertex -2 67.5 45
      vertex -2 64.5 45
    endloop
  endfacet
  facet normal 0 0 1
    outer loop
      vertex 0 46.5 45
      vertex 0 49.5 45
      vertex -2 49.5 45
    endloop
  endfacet
  facet normal 0 0 1
    outer loop
      vertex 0 52.5 45
      vertex 0 55.5 45
      vertex -2 55.5 45
    endloop
  endfacet
  facet normal 0 0 1
    outer loop
      vertex 0 58.5 45
      vertex 0 61.5 45
      vertex -2 61.5 45
    endloop
  endfacet
  facet normal 0 0 1
    outer loop
      vertex 0 64.5 45
      vertex 0 67.5 45
      vertex -2 67.5 45
    endloop
  endfacet
  facet normal 0 0 1
    outer loop
      vertex 0 70.5 45
      vertex -2 73.5 45
      vertex -2 70.5 45
    endloop
  endfacet
  facet normal 0 0 1
    outer loop
      vertex 0 76.5 45
      vertex -2 88 45
      vertex -2 76.5 45
    endloop
  endfacet
  facet normal 0 0 1
    outer loop
      vertex 0 70.5 45
      vertex 0 73.5 45
      vertex -2 73.5 45
    endloop
  endfacet
  facet normal 0 0 1
    outer loop
      vertex 0 76.5 45
      vertex 0 81 45
      vertex -2 88 45
    endloop
  endfacet
  facet normal 0 0 1
    outer loop
      vertex -2 88 45
      vertex 0 81 45
      vertex 0 87 45
    endloop
  endfacet
  facet normal 0 0 1
    outer loop
      vertex -2 88 45
      vertex 0 87 45
      vertex 0 90 45
    endloop
  endfacet
  facet normal -1 0 0
    outer loop
      vertex -150 2 0
      vertex -150 2 0.17538815958971365
      vertex -150 2.1291459649801254 0.1291789934039116
    endloop
  endfacet
  facet normal -1 0 0
    outer loop
      vertex -150 2 0
      vertex -150 2.1291459649801254 0.1291789934039116
      vertex -150 2.4147290363907814 0.057644158601760864
    endloop
  endfacet
  facet normal -1 0 0
    outer loop
      vertex -150 2 0
      vertex -150 2.4147290363907814 0.057644158601760864
      vertex -150 2.7059485763311386 0.014445818960666656
    endloop
  endfacet
  facet normal -1 0 0
    outer loop
      vertex -150 2 0
      vertex -150 2.7059485763311386 0.014445818960666656
      vertex -150 3 0
    endloop
  endfacet
  facet normal 0 -1 0
    outer loop
      vertex -150 2 0
      vertex -130 2 0
      vertex -150 2 0.17538815958971365
    endloop
  endfacet
  facet normal 0 0 -1
    outer loop
      vertex -150 2 0
      vertex -150 3 0
      vertex -130 3 0
    endloop
  endfacet
  facet normal 0 -1 0
    outer loop
      vertex -130 2 0
      vertex -130 2 0.17538815958971368
      vertex -150 2 0.17538815958971365
    endloop
  endfacet
  facet normal 0 0 -1
    outer loop
      vertex -150 2 0
      vertex -130 3 0
      vertex -130 2 0
    endloop
  endfacet
  facet normal 1 0 0
    outer loop
      vertex -130 2 0
      vertex -130 2.1291459649801254 0.1291789934039116
      vertex -130 2 0.17538815958971368
    endloop
  endfacet
  facet normal 1 0 0
    outer loop
      vertex -130 2 0
      vertex -130 2.4147290363907814 0.057644158601760864
      vertex -130 2.1291459649801254 0.1291789934039116
    endloop
  endfacet
  facet normal 1 0 0
    outer loop
      vertex -130 2 0
      vertex -130 2.7059485763311386 0.014445818960666656
      vertex -130 2.4147290363907814 0.057644158601760864
    endloop
  endfacet
  facet normal 1 0 0
    outer loop
      vertex -130 2 0
      vertex -130 3 0
      vertex -130 2.7059485763311386 0.014445818960666656
    endloop
  endfacet
  facet normal 1 0 0
    outer loop
      vertex -130 2.057644158601761 4.414729036390781
      vertex -130 2.1291789934039116 4.129145964980125
      vertex -130 2 5
    endloop
  endfacet
  facet normal 1 0 0
    outer loop
      vertex -130 2.0144458189606667 4.705948576331139
      vertex -130 2.057644158601761 4.414729036390781
      vertex -130 2 5
    endloop
  endfacet
  facet normal -1 0 0
    outer loop
      vertex -150 8 45
      vertex -150 3.096820145845413 2.6809686422348022
      vertex -150 2.8786796554923058 2.8786796554923058
    endloop
  endfacet
  facet normal -1 0 0
    outer loop
      vertex -150 8 45
      vertex -150 3.3332893028855324 2.5055911615490913
      vertex -150 3.096820145845413 2.6809686422348022
    endloop
  endfacet
  facet normal -1 0 0
    outer loop
      vertex -150 8 45
      vertex -150 4.129145964980125 2.1291789934039116
      vertex -150 3.8519496992230415 2.2283614054322243
    endloop
  endfacet
  facet normal -1 0 0
    outer loop
      vertex -150 8 45
      vertex -150 4.414729036390781 2.057644158601761
      vertex -150 4.129145964980125 2.1291789934039116
    endloop
  endfacet
  facet normal -1 0 0
    outer loop
      vertex -150 8 45
      vertex -150 3.585809789597988 2.3542362079024315
      vertex -150 3.3332893028855324 2.5055911615490913
    endloop
  endfacet
  facet normal -1 0 0
    outer loop
      vertex -150 8 45
      vertex -150 3.8519496992230415 2.2283614054322243
      vertex -150 3.585809789597988 2.3542362079024315
    endloop
  endfacet
  facet normal -1 0 0
    outer loop
      vertex -150 8 45
      vertex -150 5 2
      vertex -150 4.705948576331139 2.0144458189606667
    endloop
  endfacet
  facet normal -1 0 0
    outer loop
      vertex -150 8 45
      vertex -150 4.705948576331139 2.0144458189606667
      vertex -150 4.414729036390781 2.057644158601761
    endloop
  endfacet
  facet normal -1 0 0
    outer loop
      vertex -150 8 45
      vertex -150 8 2
      vertex -150 5 2
    endloop
  endfacet
  facet normal 1 0 0
    outer loop
      vertex -130 2 45
      vertex -130 3.096820145845413 2.6809686422348022
      vertex -130 3.3332893028855324 2.5055911615490913
    endloop
  endfacet
  facet normal 1 0 0
    outer loop
      vertex -130 2 45
      vertex -130 2.8786796554923058 2.8786796554923058
      vertex -130 3.096820145845413 2.6809686422348022
    endloop
  endfacet
  facet normal 1 0 0
    outer loop
      vertex -130 2 45
      vertex -130 3.8519496992230415 2.2283614054322243
      vertex -130 4.129145964980125 2.1291789934039116
    endloop
  endfacet
  facet normal 1 0 0
    outer loop
      vertex -130 2 45
      vertex -130 4.129145964980125 2.1291789934039116
      vertex -130 4.414729036390781 2.057644158601761
    endloop
  endfacet
  facet normal 1 0 0
    outer loop
      vertex -130 2 45
      vertex -130 3.3332893028855324 2.5055911615490913
      vertex -130 3.585809789597988 2.3542362079024315
    endloop
  endfacet
  facet normal 1 0 0
    outer loop
      vertex -130 2 45
      vertex -130 3.585809789597988 2.3542362079024315
      vertex -130 3.8519496992230415 2.2283614054322243
    endloop
  endfacet
  facet normal 1 0 0
    outer loop
      vertex -130 2 45
      vertex -130 4.414729036390781 2.057644158601761
      vertex -130 4.705948576331139 2.0144458189606667
    endloop
  endfacet
  facet normal 1 0 0
    outer loop
      vertex -130 2 45
      vertex -130 4.705948576331139 2.0144458189606667
      vertex -130 5 2
    endloop
  endfacet
  facet normal 1 0 0
    outer loop
      vertex -130 8 2
      vertex -130 2 45
      vertex -130 5 2
    endloop
  endfacet
  facet normal 0 1 0
    outer loop
      vertex -130 8 45
      vertex -130 8 2
      vertex -150 8 2
    endloop
  endfacet
  facet normal -1 0 0
    outer loop
      vertex -150 8 45
      vertex -150 2.3542362079024315 3.585809789597988
      vertex -150 2.2283614054322243 3.8519496992230415
    endloop
  endfacet
  facet normal -1 0 0
    outer loop
      vertex -150 8 45
      vertex -150 2.2283614054322243 3.8519496992230415
      vertex -150 2.1291789934039116 4.129145964980125
    endloop
  endfacet
  facet normal -1 0 0
    outer loop
      vertex -150 8 45
      vertex -150 2.1291789934039116 4.129145964980125
      vertex -150 2.057644158601761 4.414729036390781
    endloop
  endfacet
  facet normal -1 0 0
    outer loop
      vertex -150 8 45
      vertex -150 2.057644158601761 4.414729036390781
      vertex -150 2.0144458189606667 4.705948576331139
    endloop
  endfacet
  facet normal -1 0 0
    outer loop
      vertex -150 8 45
      vertex -150 2.0144458189606667 4.705948576331139
      vertex -150 2 5
    endloop
  endfacet
  facet normal -1 0 0
    outer loop
      vertex -150 8 45
      vertex -150 2.8786796554923058 2.8786796554923058
      vertex -150 2.6809686422348022 3.096820145845413
    endloop
  endfacet
  facet normal -1 0 0
    outer loop
      vertex -150 8 45
      vertex -150 2.6809686422348022 3.096820145845413
      vertex -150 2.5055911615490913 3.3332893028855324
    endloop
  endfacet
  facet normal -1 0 0
    outer loop
      vertex -150 8 45
      vertex -150 2.5055911615490913 3.3332893028855324
      vertex -150 2.3542362079024315 3.585809789597988
    endloop
  endfacet
  facet normal 1 0 0
    outer loop
      vertex -130 2 45
      vertex -130 2.5055911615490913 3.3332893028855324
      vertex -130 2.6809686422348022 3.096820145845413
    endloop
  endfacet
  facet normal 1 0 0
    outer loop
      vertex -130 2 45
      vertex -130 2.6809686422348022 3.096820145845413
      vertex -130 2.8786796554923058 2.8786796554923058
    endloop
  endfacet
  facet normal 1 0 0
    outer loop
      vertex -130 2 45
      vertex -130 2.3542362079024315 3.585809789597988
      vertex -130 2.5055911615490913 3.3332893028855324
    endloop
  endfacet
  facet normal 1 0 0
    outer loop
      vertex -130 2 45
      vertex -130 2.2283614054322243 3.8519496992230415
      vertex -130 2.3542362079024315 3.585809789597988
    endloop
  endfacet
  facet normal 1 0 0
    outer loop
      vertex -130 2 45
      vertex -130 2 5
      vertex -130 2.1291789934039116 4.129145964980125
    endloop
  endfacet
  facet normal 1 0 0
    outer loop
      vertex -130 2 45
      vertex -130 2.1291789934039116 4.129145964980125
      vertex -130 2.2283614054322243 3.8519496992230415
    endloop
  endfacet
  facet normal -1 0 0
    outer loop
      vertex -150 2 45
      vertex -150 8 45
      vertex -150 2 5
    endloop
  endfacet
  facet normal 0 1 0
    outer loop
      vertex -150 8 45
      vertex -130 8 45
      vertex -150 8 2
    endloop
  endfacet
  facet normal 1 0 0
    outer loop
      vertex -130 8 45
      vertex -130 2 45
      vertex -130 8 2
    endloop
  endfacet
  facet normal 0 0 1
    outer loop
      vertex -150 2 45
      vertex -148.17 3.33 45
      vertex -148.17 6.67 45
    endloop
  endfacet
  facet normal 0 0 1
    outer loop
      vertex -150 2 45
      vertex -148.17 6.67 45
      vertex -150 8 45
    endloop
  endfacet
  facet normal 0 0 1
    outer loop
      vertex -148.17 3.33 45
      vertex -150 2 45
      vertex -130 2 45
    endloop
  endfacet
  facet normal 0 0 1
    outer loop
      vertex -148.17 6.67 45
      vertex -131.82999999999998 6.67 45
      vertex -150 8 45
    endloop
  endfacet
  facet normal 0 0 1
    outer loop
      vertex -148.17 3.33 45
      vertex -130 2 45
      vertex -131.82999999999998 3.33 45
    endloop
  endfacet
  facet normal 0 0 1
    outer loop
      vertex -131.82999999999998 3.33 45
      vertex -130 2 45
      vertex -130 8 45
    endloop
  endfacet
  facet normal 0 0 1
    outer loop
      vertex -150 8 45
      vertex -131.82999999999998 6.67 45
      vertex -130 8 45
    endloop
  endfacet
  facet normal 0 0 1
    outer loop
      vertex -131.82999999999998 3.33 45
      vertex -130 8 45
      vertex -131.82999999999998 6.67 45
    endloop
  endfacet
  facet normal 1 0 0
    outer loop
      vertex -148.17 6.67 45
      vertex -148.17 3.8519496992230415 2.2283614054322243
      vertex -148.17 4.129145964980125 2.1291789934039116
    endloop
  endfacet
  facet normal 1 0 0
    outer loop
      vertex -148.17 6.67 45
      vertex -148.17 3.33 2.5080306748475594
      vertex -148.17 3.3332893028855324 2.5055911615490913
    endloop
  endfacet
  facet normal 1 0 0
    outer loop
      vertex -148.17 6.67 45
      vertex -148.17 3.3332893028855324 2.5055911615490913
      vertex -148.17 3.585809789597988 2.3542362079024315
    endloop
  endfacet
  facet normal 1 0 0
    outer loop
      vertex -148.17 6.67 45
      vertex -148.17 3.585809789597988 2.3542362079024315
      vertex -148.17 3.8519496992230415 2.2283614054322243
    endloop
  endfacet
  facet normal 1 0 0
    outer loop
      vertex -148.17 6.67 45
      vertex -148.17 4.129145964980125 2.1291789934039116
      vertex -148.17 4.414729036390781 2.057644158601761
    endloop
  endfacet
  facet normal 1 0 0
    outer loop
      vertex -148.17 6.67 45
      vertex -148.17 4.414729036390781 2.057644158601761
      vertex -148.17 4.705948576331139 2.0144458189606667
    endloop
  endfacet
  facet normal 1 0 0
    outer loop
      vertex -148.17 6.67 45
      vertex -148.17 4.705948576331139 2.0144458189606667
      vertex -148.17 5 2
    endloop
  endfacet
  facet normal 1 0 0
    outer loop
      vertex -148.17 6.67 45
      vertex -148.17 5 2
      vertex -148.17 6.67 2
    endloop
  endfacet
  facet normal 0 -1 0
    outer loop
      vertex -148.17 6.67 45
      vertex -148.17 6.67 2
      vertex -131.82999999999998 6.67 2
    endloop
  endfacet
  facet normal 0 1 0
    outer loop
      vertex -131.82999999999998 3.33 45
      vertex -131.82999999999998 3.33 2.5080306748475594
      vertex -148.17 3.33 2.5080306748475594
    endloop
  endfacet
  facet normal -1 0 0
    outer loop
      vertex -131.82999999999998 3.33 45
      vertex -131.82999999999998 3.3332893028855324 2.5055911615490913
      vertex -131.82999999999998 3.33 2.5080306748475594
    endloop
  endfacet
  facet normal -1 0 0
    outer loop
      vertex -131.82999999999998 3.33 45
      vertex -131.82999999999998 3.585809789597988 2.3542362079024315
      vertex -131.82999999999998 3.3332893028855324 2.5055911615490913
    endloop
  endfacet
  facet normal -1 0 0
    outer loop
      vertex -131.82999999999998 3.33 45
      vertex -131.82999999999998 4.129145964980125 2.1291789934039116
      vertex -131.82999999999998 3.8519496992230415 2.2283614054322243
    endloop
  endfacet
  facet normal -1 0 0
    outer loop
      vertex -131.82999999999998 3.33 45
      vertex -131.82999999999998 4.414729036390781 2.057644158601761
      vertex -131.82999999999998 4.129145964980125 2.1291789934039116
    endloop
  endfacet
  facet normal -1 0 0
    outer loop
      vertex -131.82999999999998 3.33 45
      vertex -131.82999999999998 4.705948576331139 2.0144458189606667
      vertex -131.82999999999998 4.414729036390781 2.057644158601761
    endloop
  endfacet
  facet normal -1 0 0
    outer loop
      vertex -131.82999999999998 3.33 45
      vertex -131.82999999999998 3.8519496992230415 2.2283614054322243
      vertex -131.82999999999998 3.585809789597988 2.3542362079024315
    endloop
  endfacet
  facet normal -1 0 0
    outer loop
      vertex -131.82999999999998 3.33 45
      vertex -131.82999999999998 5 2
      vertex -131.82999999999998 4.705948576331139 2.0144458189606667
    endloop
  endfacet
  facet normal -1 0 0
    outer loop
      vertex -131.82999999999998 6.67 45
      vertex -131.82999999999998 6.67 2
      vertex -131.82999999999998 5 2
    endloop
  endfacet
  facet normal 1 0 0
    outer loop
      vertex -148.17 3.33 45
      vertex -148.17 3.33 2.5080306748475594
      vertex -148.17 6.67 45
    endloop
  endfacet
  facet normal 0 1 0
    outer loop
      vertex -148.17 3.33 45
      vertex -131.82999999999998 3.33 45
      vertex -148.17 3.33 2.5080306748475594
    endloop
  endfacet
  facet normal -1 0 0
    outer loop
      vertex -131.82999999999998 3.33 45
      vertex -131.82999999999998 6.67 45
      vertex -131.82999999999998 5 2
    endloop
  endfacet
  facet normal 0 -1 0
    outer loop
      vertex -148.17 6.67 45
      vertex -131.82999999999998 6.67 2
      vertex -131.82999999999998 6.67 45
    endloop
  endfacet
  facet normal -1 0 0
    outer loop
      vertex -150 88 0
      vertex -150 87 0
      vertex -150 87.29405142366886 0.014445818960666656
    endloop
  endfacet
  facet normal -1 0 0
    outer loop
      vertex -150 88 0
      vertex -150 87.29405142366886 0.014445818960666656
      vertex -150 87.58527096360922 0.057644158601760864
    endloop
  endfacet
  facet normal -1 0 0
    outer loop
      vertex -150 88 0
      vertex -150 87.58527096360922 0.057644158601760864
      vertex -150 87.87085403501987 0.1291789934039116
    endloop
  endfacet
  facet normal -1 0 0
    outer loop
      vertex -150 88 0
      vertex -150 87.87085403501987 0.1291789934039116
      vertex -150 88 0.17538815958971365
    endloop
  endfacet
  facet normal 0 0 -1
    outer loop
      vertex -150 88 0
      vertex -130 88 0
      vertex -150 87 0
    endloop
  endfacet
  facet normal 0 1 0
    outer loop
      vertex -150 88 0
      vertex -150 88 0.17538815958971365
      vertex -130 88 0.1753881595897131
    endloop
  endfacet
  facet normal 0 0 -1
    outer loop
      vertex -130 88 0
      vertex -130 87 0
      vertex -150 87 0
    endloop
  endfacet
  facet normal 0 1 0
    outer loop
      vertex -150 88 0
      vertex -130 88 0.1753881595897131
      vertex -130 88 0
    endloop
  endfacet
  facet normal 1 0 0
    outer loop
      vertex -130 88 0
      vertex -130 87.29405142366886 0.014445818960666656
      vertex -130 87 0
    endloop
  endfacet
  facet normal 1 0 0
    outer loop
      vertex -130 88 0
      vertex -130 87.58527096360922 0.057644158601760864
      vertex -130 87.29405142366886 0.014445818960666656
    endloop
  endfacet
  facet normal 1 0 0
    outer loop
      vertex -130 88 0
      vertex -130 87.87085403501987 0.1291789934039116
      vertex -130 87.58527096360922 0.057644158601760864
    endloop
  endfacet
  facet normal 1 0 0
    outer loop
      vertex -130 88 0
      vertex -130 88 0.1753881595897131
      vertex -130 87.87085403501987 0.1291789934039116
    endloop
  endfacet
  facet normal 0 -1 0
    outer loop
      vertex -150 82 45
      vertex -150 82 2
      vertex -130 82 2
    endloop
  endfacet
  facet normal -1 0 0
    outer loop
      vertex -150 82 2
      vertex -150 88 45
      vertex -150 85 2
    endloop
  endfacet
  facet normal -1 0 0
    outer loop
      vertex -150 85 2
      vertex -150 88 45
      vertex -150 85.29405142366886 2.0144458189606667
    endloop
  endfacet
  facet normal -1 0 0
    outer loop
      vertex -150 85.29405142366886 2.0144458189606667
      vertex -150 88 45
      vertex -150 85.58527096360922 2.057644158601761
    endloop
  endfacet
  facet normal -1 0 0
    outer loop
      vertex -150 85.58527096360922 2.057644158601761
      vertex -150 88 45
      vertex -150 85.87085403501987 2.1291789934039116
    endloop
  endfacet
  facet normal -1 0 0
    outer loop
      vertex -150 85.87085403501987 2.1291789934039116
      vertex -150 88 45
      vertex -150 86.14805030077696 2.2283614054322243
    endloop
  endfacet
  facet normal -1 0 0
    outer loop
      vertex -150 86.14805030077696 2.2283614054322243
      vertex -150 88 45
      vertex -150 86.41419021040201 2.3542362079024315
    endloop
  endfacet
  facet normal -1 0 0
    outer loop
      vertex -150 86.41419021040201 2.3542362079024315
      vertex -150 88 45
      vertex -150 86.66671069711447 2.5055911615490913
    endloop
  endfacet
  facet normal -1 0 0
    outer loop
      vertex -150 86.66671069711447 2.5055911615490913
      vertex -150 88 45
      vertex -150 86.90317985415459 2.6809686422348022
    endloop
  endfacet
  facet normal -1 0 0
    outer loop
      vertex -150 86.90317985415459 2.6809686422348022
      vertex -150 88 45
      vertex -150 87.1213203445077 2.8786796554923058
    endloop
  endfacet
  facet normal 1 0 0
    outer loop
      vertex -130 82 45
      vertex -130 82 2
      vertex -130 85 2
    endloop
  endfacet
  facet normal 1 0 0
    outer loop
      vertex -130 82 45
      vertex -130 85 2
      vertex -130 85.29405142366886 2.0144458189606667
    endloop
  endfacet
  facet normal 1 0 0
    outer loop
      vertex -130 82 45
      vertex -130 85.29405142366886 2.0144458189606667
      vertex -130 85.58527096360922 2.057644158601761
    endloop
  endfacet
  facet normal 1 0 0
    outer loop
      vertex -130 82 45
      vertex -130 85.58527096360922 2.057644158601761
      vertex -130 85.87085403501987 2.1291789934039116
    endloop
  endfacet
  facet normal 1 0 0
    outer loop
      vertex -130 82 45
      vertex -130 85.87085403501987 2.1291789934039116
      vertex -130 86.14805030077696 2.2283614054322243
    endloop
  endfacet
  facet normal 1 0 0
    outer loop
      vertex -130 82 45
      vertex -130 86.14805030077696 2.2283614054322243
      vertex -130 86.41419021040201 2.3542362079024315
    endloop
  endfacet
  facet normal 1 0 0
    outer loop
      vertex -130 82 45
      vertex -130 86.41419021040201 2.3542362079024315
      vertex -130 86.66671069711447 2.5055911615490913
    endloop
  endfacet
  facet normal 1 0 0
    outer loop
      vertex -130 82 45
      vertex -130 86.66671069711447 2.5055911615490913
      vertex -130 86.90317985415459 2.6809686422348022
    endloop
  endfacet
  facet normal 1 0 0
    outer loop
      vertex -130 82 45
      vertex -130 86.90317985415459 2.6809686422348022
      vertex -130 87.1213203445077 2.8786796554923058
    endloop
  endfacet
  facet normal -1 0 0
    outer loop
      vertex -150 87.1213203445077 2.8786796554923058
      vertex -150 88 45
      vertex -150 87.3190313577652 3.096820145845413
    endloop
  endfacet
  facet normal -1 0 0
    outer loop
      vertex -150 87.3190313577652 3.096820145845413
      vertex -150 88 45
      vertex -150 87.49440883845091 3.3332893028855324
    endloop
  endfacet
  facet normal -1 0 0
    outer loop
      vertex -150 87.49440883845091 3.3332893028855324
      vertex -150 88 45
      vertex -150 87.64576379209757 3.585809789597988
    endloop
  endfacet
  facet normal -1 0 0
    outer loop
      vertex -150 87.64576379209757 3.585809789597988
      vertex -150 88 45
      vertex -150 87.77163859456778 3.8519496992230415
    endloop
  endfacet
  facet normal -1 0 0
    outer loop
      vertex -150 87.77163859456778 3.8519496992230415
      vertex -150 88 45
      vertex -150 87.87082100659609 4.129145964980125
    endloop
  endfacet
  facet normal -1 0 0
    outer loop
      vertex -150 87.87082100659609 4.129145964980125
      vertex -150 88 45
      vertex -150 87.94235584139824 4.414729036390781
    endloop
  endfacet
  facet normal -1 0 0
    outer loop
      vertex -150 87.94235584139824 4.414729036390781
      vertex -150 88 45
      vertex -150 87.98555418103933 4.705948576331139
    endloop
  endfacet
  facet normal -1 0 0
    outer loop
      vertex -150 87.98555418103933 4.705948576331139
      vertex -150 88 45
      vertex -150 88 5
    endloop
  endfacet
  facet normal 1 0 0
    outer loop
      vertex -130 82 45
      vertex -130 87.1213203445077 2.8786796554923058
      vertex -130 87.3190313577652 3.096820145845413
    endloop
  endfacet
  facet normal 1 0 0
    outer loop
      vertex -130 82 45
      vertex -130 87.3190313577652 3.096820145845413
      vertex -130 87.49440883845091 3.3332893028855324
    endloop
  endfacet
  facet normal 1 0 0
    outer loop
      vertex -130 82 45
      vertex -130 87.49440883845091 3.3332893028855324
      vertex -130 87.64576379209757 3.585809789597988
    endloop
  endfacet
  facet normal 1 0 0
    outer loop
      vertex -130 87.64576379209757 3.585809789597988
      vertex -130 87.77163859456778 3.8519496992230415
      vertex -130 88 45
    endloop
  endfacet
  facet normal 1 0 0
    outer loop
      vertex -130 87.77163859456778 3.8519496992230415
      vertex -130 87.87082100659609 4.129145964980125
      vertex -130 88 45
    endloop
  endfacet
  facet normal 1 0 0
    outer loop
      vertex -130 87.87082100659609 4.129145964980125
      vertex -130 87.94235584139824 4.414729036390781
      vertex -130 88 45
    endloop
  endfacet
  facet normal 1 0 0
    outer loop
      vertex -130 87.94235584139824 4.414729036390781
      vertex -130 87.98555418103933 4.705948576331139
      vertex -130 88 45
    endloop
  endfacet
  facet normal 1 0 0
    outer loop
      vertex -130 87.98555418103933 4.705948576331139
      vertex -130 88 5
      vertex -130 88 45
    endloop
  endfacet
  facet normal -1 0 0
    outer loop
      vertex -150 82 45
      vertex -150 88 45
      vertex -150 82 2
    endloop
  endfacet
  facet normal 0 -1 0
    outer loop
      vertex -150 82 45
      vertex -130 82 2
      vertex -130 82 45
    endloop
  endfacet
  facet normal 1 0 0
    outer loop
      vertex -130 82 45
      vertex -130 87.64576379209757 3.585809789597988
      vertex -130 88 45
    endloop
  endfacet
  facet normal 0 0 1
    outer loop
      vertex -150 82 45
      vertex -148.17 83.33 45
      vertex -148.17 86.67 45
    endloop
  endfacet
  facet normal 0 0 1
    outer loop
      vertex -150 82 45
      vertex -130 82 45
      vertex -148.17 83.33 45
    endloop
  endfacet
  facet normal 0 0 1
    outer loop
      vertex -150 82 45
      vertex -148.17 86.67 45
      vertex -150 88 45
    endloop
  endfacet
  facet normal 0 0 1
    outer loop
      vertex -148.17 86.67 45
      vertex -131.82999999999998 86.67 45
      vertex -150 88 45
    endloop
  endfacet
  facet normal 0 0 1
    outer loop
      vertex -148.17 83.33 45
      vertex -130 82 45
      vertex -131.82999999999998 83.33 45
    endloop
  endfacet
  facet normal 0 0 1
    outer loop
      vertex -131.82999999999998 86.67 45
      vertex -130 88 45
      vertex -150 88 45
    endloop
  endfacet
  facet normal 0 0 1
    outer loop
      vertex -130 82 45
      vertex -130 88 45
      vertex -131.82999999999998 83.33 45
    endloop
  endfacet
  facet normal 0 0 1
    outer loop
      vertex -131.82999999999998 83.33 45
      vertex -130 88 45
      vertex -131.82999999999998 86.67 45
    endloop
  endfacet
  facet normal 1 0 0
    outer loop
      vertex -148.17 83.33 45
      vertex -148.17 83.33 2
      vertex -148.17 85 2
    endloop
  endfacet
  facet normal 1 0 0
    outer loop
      vertex -148.17 86.67 45
      vertex -148.17 85 2
      vertex -148.17 85.29405142366886 2.0144458189606667
    endloop
  endfacet
  facet normal 1 0 0
    outer loop
      vertex -148.17 86.67 45
      vertex -148.17 85.29405142366886 2.0144458189606667
      vertex -148.17 85.58527096360922 2.057644158601761
    endloop
  endfacet
  facet normal 1 0 0
    outer loop
      vertex -148.17 86.67 45
      vertex -148.17 85.58527096360922 2.057644158601761
      vertex -148.17 85.87085403501987 2.1291789934039116
    endloop
  endfacet
  facet normal 1 0 0
    outer loop
      vertex -148.17 86.67 45
      vertex -148.17 85.87085403501987 2.1291789934039116
      vertex -148.17 86.14805030077696 2.2283614054322243
    endloop
  endfacet
  facet normal 1 0 0
    outer loop
      vertex -148.17 86.67 45
      vertex -148.17 86.14805030077696 2.2283614054322243
      vertex -148.17 86.41419021040201 2.3542362079024315
    endloop
  endfacet
  facet normal 1 0 0
    outer loop
      vertex -148.17 86.67 45
      vertex -148.17 86.41419021040201 2.3542362079024315
      vertex -148.17 86.66671069711447 2.5055911615490913
    endloop
  endfacet
  facet normal 1 0 0
    outer loop
      vertex -148.17 86.67 45
      vertex -148.17 86.66671069711447 2.5055911615490913
      vertex -148.17 86.67 2.5080306748475607
    endloop
  endfacet
  facet normal 0 -1 0
    outer loop
      vertex -148.17 86.67 45
      vertex -148.17 86.67 2.5080306748475607
      vertex -131.82999999999998 86.67 2.5080306748475607
    endloop
  endfacet
  facet normal 0 1 0
    outer loop
      vertex -131.82999999999998 83.33 45
      vertex -131.82999999999998 83.33 2
      vertex -148.17 83.33 2
    endloop
  endfacet
  facet normal -1 0 0
    outer loop
      vertex -131.82999999999998 83.33 45
      vertex -131.82999999999998 85 2
      vertex -131.82999999999998 83.33 2
    endloop
  endfacet
  facet normal -1 0 0
    outer loop
      vertex -131.82999999999998 83.33 45
      vertex -131.82999999999998 85.29405142366886 2.0144458189606667
      vertex -131.82999999999998 85 2
    endloop
  endfacet
  facet normal -1 0 0
    outer loop
      vertex -131.82999999999998 83.33 45
      vertex -131.82999999999998 85.58527096360922 2.057644158601761
      vertex -131.82999999999998 85.29405142366886 2.0144458189606667
    endloop
  endfacet
  facet normal -1 0 0
    outer loop
      vertex -131.82999999999998 83.33 45
      vertex -131.82999999999998 85.87085403501987 2.1291789934039116
      vertex -131.82999999999998 85.58527096360922 2.057644158601761
    endloop
  endfacet
  facet normal -1 0 0
    outer loop
      vertex -131.82999999999998 83.33 45
      vertex -131.82999999999998 86.14805030077696 2.2283614054322243
      vertex -131.82999999999998 85.87085403501987 2.1291789934039116
    endloop
  endfacet
  facet normal -1 0 0
    outer loop
      vertex -131.82999999999998 83.33 45
      vertex -131.82999999999998 86.41419021040201 2.3542362079024315
      vertex -131.82999999999998 86.14805030077696 2.2283614054322243
    endloop
  endfacet
  facet normal -1 0 0
    outer loop
      vertex -131.82999999999998 83.33 45
      vertex -131.82999999999998 86.66671069711447 2.5055911615490913
      vertex -131.82999999999998 86.41419021040201 2.3542362079024315
    endloop
  endfacet
  facet normal -1 0 0
    outer loop
      vertex -131.82999999999998 83.33 45
      vertex -131.82999999999998 86.67 2.5080306748475607
      vertex -131.82999999999998 86.66671069711447 2.5055911615490913
    endloop
  endfacet
  facet normal 0 1 0
    outer loop
      vertex -148.17 83.33 45
      vertex -131.82999999999998 83.33 45
      vertex -148.17 83.33 2
    endloop
  endfacet
  facet normal 1 0 0
    outer loop
      vertex -148.17 83.33 45
      vertex -148.17 85 2
      vertex -148.17 86.67 45
    endloop
  endfacet
  facet normal 0 -1 0
    outer loop
      vertex -148.17 86.67 45
      vertex -131.82999999999998 86.67 2.5080306748475607
      vertex -131.82999999999998 86.67 45
    endloop
  endfacet
  facet normal -1 0 0
    outer loop
      vertex -131.82999999999998 83.33 45
      vertex -131.82999999999998 86.67 45
      vertex -131.82999999999998 86.67 2.5080306748475607
    endloop
  endfacet
  facet normal 0 -1 0
    outer loop
      vertex 20 3 26.337754396332045
      vertex 0 3 45
      vertex 0 3 2.5026825444478416
    endloop
  endfacet
  facet normal 0 1 0
    outer loop
      vertex 20 9 26.337754396332045
      vertex 0 9 2.5026825444478416
      vertex 0 9 45
    endloop
  endfacet
  facet normal 1 0 0
    outer loop
      vertex 20 3 26.337754396332045
      vertex 20 9 26.337754396332045
      vertex 20 3 45
    endloop
  endfacet
  facet normal 0 -1 0
    outer loop
      vertex 20 3 26.337754396332045
      vertex 20 3 45
      vertex 0 3 45
    endloop
  endfacet
  facet normal 0 1 0
    outer loop
      vertex 20 9 26.337754396332045
      vertex 0 9 45
      vertex 20 9 45
    endloop
  endfacet
  facet normal 1 0 0
    outer loop
      vertex 20 9 26.337754396332045
      vertex 20 9 45
      vertex 20 3 45
    endloop
  endfacet
  facet normal 0 0 1
    outer loop
      vertex 1.83 4.33 45
      vertex 1.83 7.67 45
      vertex 0 3 45
    endloop
  endfacet
  facet normal 0 0 1
    outer loop
      vertex 1.83 4.33 45
      vertex 0 3 45
      vertex 20 3 45
    endloop
  endfacet
  facet normal 0 0 1
    outer loop
      vertex 1.83 7.67 45
      vertex 0 9 45
      vertex 0 3 45
    endloop
  endfacet
  facet normal 0 0 1
    outer loop
      vertex 1.83 7.67 45
      vertex 18.17 7.67 45
      vertex 0 9 45
    endloop
  endfacet
  facet normal 0 0 1
    outer loop
      vertex 1.83 4.33 45
      vertex 20 3 45
      vertex 18.17 4.33 45
    endloop
  endfacet
  facet normal 0 0 1
    outer loop
      vertex 20 3 45
      vertex 20 9 45
      vertex 18.17 4.33 45
    endloop
  endfacet
  facet normal 0 0 1
    outer loop
      vertex 18.17 7.67 45
      vertex 20 9 45
      vertex 0 9 45
    endloop
  endfacet
  facet normal 0 0 1
    outer loop
      vertex 18.17 4.33 45
      vertex 20 9 45
      vertex 18.17 7.67 45
    endloop
  endfacet
  facet normal 0.766044443118978 0 -0.6427876096865393
    outer loop
      vertex 20 9 26.337754396332045
      vertex 0 3 2.5026825444478416
      vertex 0 9 2.5026825444478416
    endloop
  endfacet
  facet normal 0.766044443118978 0 -0.6427876096865393
    outer loop
      vertex 20 3 26.337754396332045
      vertex 0 3 2.5026825444478416
      vertex 20 9 26.337754396332045
    endloop
  endfacet
  facet normal 0 -1 0
    outer loop
      vertex 20 81 26.337754396332045
      vertex 0 81 45
      vertex 0 81 2.5026825444478416
    endloop
  endfacet
  facet normal 0 1 0
    outer loop
      vertex 20 87 26.337754396332045
      vertex 0 87 2.5026825444478416
      vertex 0 87 45
    endloop
  endfacet
  facet normal 1 0 0
    outer loop
      vertex 20 81 26.337754396332045
      vertex 20 87 26.337754396332045
      vertex 20 81 45
    endloop
  endfacet
  facet normal 0 -1 0
    outer loop
      vertex 20 81 26.337754396332045
      vertex 20 81 45
      vertex 0 81 45
    endloop
  endfacet
  facet normal 0 1 0
    outer loop
      vertex 20 87 26.337754396332045
      vertex 0 87 45
      vertex 20 87 45
    endloop
  endfacet
  facet normal 1 0 0
    outer loop
      vertex 20 87 26.337754396332045
      vertex 20 87 45
      vertex 20 81 45
    endloop
  endfacet
  facet normal 0 0 1
    outer loop
      vertex 1.83 82.33 45
      vertex 1.83 85.67 45
      vertex 0 81 45
    endloop
  endfacet
  facet normal 0 0 1
    outer loop
      vertex 1.83 82.33 45
      vertex 0 81 45
      vertex 20 81 45
    endloop
  endfacet
  facet normal 0 0 1
    outer loop
      vertex 1.83 85.67 45
      vertex 0 87 45
      vertex 0 81 45
    endloop
  endfacet
  facet normal 0 0 1
    outer loop
      vertex 1.83 85.67 45
      vertex 18.17 85.67 45
      vertex 0 87 45
    endloop
  endfacet
  facet normal 0 0 1
    outer loop
      vertex 1.83 82.33 45
      vertex 20 81 45
      vertex 18.17 82.33 45
    endloop
  endfacet
  facet normal 0 0 1
    outer loop
      vertex 20 81 45
      vertex 20 87 45
      vertex 18.17 82.33 45
    endloop
  endfacet
  facet normal 0 0 1
    outer loop
      vertex 18.17 85.67 45
      vertex 20 87 45
      vertex 0 87 45
    endloop
  endfacet
  facet normal 0 0 1
    outer loop
      vertex 18.17 82.33 45
      vertex 20 87 45
      vertex 18.17 85.67 45
    endloop
  endfacet
  facet normal 0.766044443118978 0 -0.6427876096865393
    outer loop
      vertex 20 87 26.337754396332045
      vertex 0 81 2.5026825444478416
      vertex 0 87 2.5026825444478416
    endloop
  endfacet
  facet normal 0.766044443118978 0 -0.6427876096865393
    outer loop
      vertex 20 81 26.337754396332045
      vertex 0 81 2.5026825444478416
      vertex 20 87 26.337754396332045
    endloop
  endfacet
  facet normal 1 0 0
    outer loop
      vertex 1.83 4.33 6.683591618895246
      vertex 1.83 7.67 6.683591618895246
      vertex 1.83 7.67 45
    endloop
  endfacet
  facet normal 0 1 0
    outer loop
      vertex 1.83 4.33 6.683591618895246
      vertex 1.83 4.33 45
      vertex 18.17 4.33 26.156845321884642
    endloop
  endfacet
  facet normal 0 -1 0
    outer loop
      vertex 1.83 7.67 6.683591618895246
      vertex 18.17 7.67 26.156845321884642
      vertex 18.17 7.67 45
    endloop
  endfacet
  facet normal 1 0 0
    outer loop
      vertex 1.83 4.33 6.683591618895246
      vertex 1.83 7.67 45
      vertex 1.83 4.33 45
    endloop
  endfacet
  facet normal 0 -1 0
    outer loop
      vertex 1.83 7.67 6.683591618895246
      vertex 18.17 7.67 45
      vertex 1.83 7.67 45
    endloop
  endfacet
  facet normal -1 0 0
    outer loop
      vertex 18.17 4.33 26.156845321884642
      vertex 18.17 4.33 45
      vertex 18.17 7.67 26.156845321884642
    endloop
  endfacet
  facet normal 0 1 0
    outer loop
      vertex 18.17 4.33 26.156845321884642
      vertex 1.83 4.33 45
      vertex 18.17 4.33 45
    endloop
  endfacet
  facet normal -1 0 0
    outer loop
      vertex 18.17 7.67 26.156845321884642
      vertex 18.17 4.33 45
      vertex 18.17 7.67 45
    endloop
  endfacet
  facet normal -0.766044443118978 0 0.6427876096865393
    outer loop
      vertex 1.83 4.33 6.683591618895246
      vertex 18.17 4.33 26.156845321884642
      vertex 1.83 7.67 6.683591618895246
    endloop
  endfacet
  facet normal -0.766044443118978 0 0.6427876096865393
    outer loop
      vertex 1.83 7.67 6.683591618895246
      vertex 18.17 4.33 26.156845321884642
      vertex 18.17 7.67 26.156845321884642
    endloop
  endfacet
  facet normal 1 0 0
    outer loop
      vertex 1.83 82.33 6.683591618895246
      vertex 1.83 85.67 6.683591618895246
      vertex 1.83 85.67 45
    endloop
  endfacet
  facet normal 0 1 0
    outer loop
      vertex 1.83 82.33 6.683591618895246
      vertex 1.83 82.33 45
      vertex 18.17 82.33 26.156845321884642
    endloop
  endfacet
  facet normal 0 -1 0
    outer loop
      vertex 1.83 85.67 6.683591618895246
      vertex 18.17 85.67 26.156845321884642
      vertex 18.17 85.67 45
    endloop
  endfacet
  facet normal 1 0 0
    outer loop
      vertex 1.83 82.33 6.683591618895246
      vertex 1.83 85.67 45
      vertex 1.83 82.33 45
    endloop
  endfacet
  facet normal 0 -1 0
    outer loop
      vertex 1.83 85.67 6.683591618895246
      vertex 18.17 85.67 45
      vertex 1.83 85.67 45
    endloop
  endfacet
  facet normal -1 0 0
    outer loop
      vertex 18.17 82.33 26.156845321884642
      vertex 18.17 82.33 45
      vertex 18.17 85.67 26.156845321884642
    endloop
  endfacet
  facet normal 0 1 0
    outer loop
      vertex 18.17 82.33 26.156845321884642
      vertex 1.83 82.33 45
      vertex 18.17 82.33 45
    endloop
  endfacet
  facet normal -1 0 0
    outer loop
      vertex 18.17 85.67 26.156845321884642
      vertex 18.17 82.33 45
      vertex 18.17 85.67 45
    endloop
  endfacet
  facet normal -0.7660444431189781 0 0.6427876096865393
    outer loop
      vertex 1.83 82.33 6.683591618895246
      vertex 18.17 82.33 26.156845321884642
      vertex 1.83 85.67 6.683591618895246
    endloop
  endfacet
  facet normal -0.7660444431189781 0 0.6427876096865393
    outer loop
      vertex 1.83 85.67 6.683591618895246
      vertex 18.17 82.33 26.156845321884642
      vertex 18.17 85.67 26.156845321884642
    endloop
  endfacet
endsolid OpenSCAD_Model
