solid OpenSCAD_Model
  facet normal -0.8032075295459704 -0.5956993071010399 0
    outer loop
      vertex 0.6809686422348022 1.0968201458454132 0
      vertex 0.5055911615490913 1.3332893028855324 13.074285714285713
      vertex 0.5055911615490913 1.3332893028855324 0
    endloop
  endfacet
  facet normal -0.5956993071010399 -0.8032075295459704 0
    outer loop
      vertex 1.0968201458454132 0.6809686422348022 0
      vertex 1.3332893028855324 0.5055911615490913 0
      vertex 1.0968201458454132 0.6809686422348022 13.074285714285713
    endloop
  endfacet
  facet normal -0.6715589499566086 -0.7409511297873682 0
    outer loop
      vertex 0.8786796554923058 0.8786796554923058 0
      vertex 1.0968201458454132 0.6809686422348022 0
      vertex 0.8786796554923058 0.8786796554923058 13.074285714285713
    endloop
  endfacet
  facet normal -0.7409511297873682 -0.6715589499566086 0
    outer loop
      vertex 0.8786796554923058 0.8786796554923058 0
      vertex 0.6809686422348022 1.0968201458454132 13.074285714285713
      vertex 0.6809686422348022 1.0968201458454132 0
    endloop
  endfacet
  facet normal -0.9039892934402849 -0.42755509276037695 0
    outer loop
      vertex 0.22836140543222427 1.8519496992230415 0
      vertex 0.3542362079024315 1.5858097895979881 0
      vertex 0.22836140543222427 1.8519496992230415 13.074285714285713
    endloop
  endfacet
  facet normal -0.8577286120536308 -0.5141027407673995 0
    outer loop
      vertex 0.3542362079024315 1.5858097895979881 0
      vertex 0.5055911615490913 1.3332893028855324 0
      vertex 0.3542362079024315 1.5858097895979881 13.074285714285713
    endloop
  endfacet
  facet normal -0.9415440627982695 -0.3368898600571533 0
    outer loop
      vertex 0.22836140543222427 1.8519496992230415 0
      vertex 0.1291789934039116 2.1291459649801254 13.074285714285713
      vertex 0.1291789934039116 2.1291459649801254 0
    endloop
  endfacet
  facet normal -0.9700312537050007 -0.24298017786540688 0
    outer loop
      vertex 0.1291789934039116 2.1291459649801254 0
      vertex 0.057644158601760864 2.4147290363907814 13.074285714285713
      vertex 0.057644158601760864 2.4147290363907814 0
    endloop
  endfacet
  facet normal -0.5141027407673995 -0.8577286120536308 0
    outer loop
      vertex 1.3332893028855324 0.5055911615490913 0
      vertex 1.5858097895979881 0.3542362079024315 0
      vertex 1.3332893028855324 0.5055911615490913 13.074285714285713
    endloop
  endfacet
  facet normal -0.42755509276037695 -0.9039892934402849 0
    outer loop
      vertex 1.5858097895979881 0.3542362079024315 0
      vertex 1.8519496992230415 0.22836140543222427 0
      vertex 1.5858097895979881 0.3542362079024315 13.074285714285713
    endloop
  endfacet
  facet normal -0.3368898600571533 -0.9415440627982695 0
    outer loop
      vertex 1.8519496992230415 0.22836140543222427 0
      vertex 2.1291459649801254 0.1291789934039116 0
      vertex 1.8519496992230415 0.22836140543222427 13.074285714285713
    endloop
  endfacet
  facet normal -0.24298017786540688 -0.9700312537050007 0
    outer loop
      vertex 2.1291459649801254 0.1291789934039116 0
      vertex 2.4147290363907814 0.057644158601760864 0
      vertex 2.1291459649801254 0.1291789934039116 13.074285714285713
    endloop
  endfacet
  facet normal -0.14673047975168188 -0.989176509179146 0
    outer loop
      vertex 2.4147290363907814 0.057644158601760864 0
      vertex 2.7059485763311386 0.014445818960666656 0
      vertex 2.4147290363907814 0.057644158601760864 13.074285714285713
    endloop
  endfacet
  facet normal -0.989176509179146 -0.14673047975168188 0
    outer loop
      vertex 0.057644158601760864 2.4147290363907814 0
      vertex 0.014445818960666656 2.7059485763311386 13.074285714285713
      vertex 0.014445818960666656 2.7059485763311386 0
    endloop
  endfacet
  facet normal -0.9987954563973426 -0.0490676704157047 0
    outer loop
      vertex 0.014445818960666656 2.7059485763311386 0
      vertex 0 3 13.074285714285713
      vertex 0 3 0
    endloop
  endfacet
  facet normal -0.0490676704157047 -0.9987954563973426 0
    outer loop
      vertex 2.7059485763311386 0.014445818960666656 0
      vertex 3 0 0
      vertex 2.7059485763311386 0.014445818960666656 13.074285714285713
    endloop
  endfacet
  facet normal 0 0 -1
    outer loop
      vertex 1.3332893028855324 0.5055911615490913 0
      vertex 80.66671069711447 0.5055911615490913 0
      vertex 1.5858097895979881 0.3542362079024315 0
    endloop
  endfacet
  facet normal 0 0 -1
    outer loop
      vertex 1.0968201458454132 0.6809686422348022 0
      vertex 80.90317985415459 0.6809686422348022 0
      vertex 1.3332893028855324 0.5055911615490913 0
    endloop
  endfacet
  facet normal 0 0 -1
    outer loop
      vertex 1.5858097895979881 0.3542362079024315 0
      vertex 80.41419021040201 0.3542362079024315 0
      vertex 1.8519496992230415 0.22836140543222427 0
    endloop
  endfacet
  facet normal 0 0 -1
    outer loop
      vertex 2.1291459649801254 0.1291789934039116 0
      vertex 79.87085403501987 0.1291789934039116 0
      vertex 2.4147290363907814 0.057644158601760864 0
    endloop
  endfacet
  facet normal 0 0 -1
    outer loop
      vertex 1.8519496992230415 0.22836140543222427 0
      vertex 80.14805030077696 0.22836140543222427 0
      vertex 2.1291459649801254 0.1291789934039116 0
    endloop
  endfacet
  facet normal 0 0 -1
    outer loop
      vertex 0.8786796554923058 0.8786796554923058 0
      vertex 81.1213203445077 0.8786796554923058 0
      vertex 1.0968201458454132 0.6809686422348022 0
    endloop
  endfacet
  facet normal 0 0 -1
    outer loop
      vertex 0.8786796554923058 0.8786796554923058 0
      vertex 0.6809686422348022 1.0968201458454132 0
      vertex 81.3190313577652 1.0968201458454132 0
    endloop
  endfacet
  facet normal 0 0 -1
    outer loop
      vertex 0.6809686422348022 1.0968201458454132 0
      vertex 0.5055911615490913 1.3332893028855324 0
      vertex 81.49440883845091 1.3332893028855324 0
    endloop
  endfacet
  facet normal 0 0 -1
    outer loop
      vertex 0.3542362079024315 1.5858097895979881 0
      vertex 81.64576379209757 1.5858097895979881 0
      vertex 0.5055911615490913 1.3332893028855324 0
    endloop
  endfacet
  facet normal 0 0 -1
    outer loop
      vertex 0.22836140543222427 1.8519496992230415 0
      vertex 81.77163859456778 1.8519496992230415 0
      vertex 0.3542362079024315 1.5858097895979881 0
    endloop
  endfacet
  facet normal 0 0 -1
    outer loop
      vertex 0.22836140543222427 1.8519496992230415 0
      vertex 0.1291789934039116 2.1291459649801254 0
      vertex 81.87082100659609 2.1291459649801254 0
    endloop
  endfacet
  facet normal 0 0 -1
    outer loop
      vertex 0.1291789934039116 2.1291459649801254 0
      vertex 0.057644158601760864 2.4147290363907814 0
      vertex 81.94235584139824 2.4147290363907814 0
    endloop
  endfacet
  facet normal 0 0 -1
    outer loop
      vertex 0.057644158601760864 2.4147290363907814 0
      vertex 0.014445818960666656 2.7059485763311386 0
      vertex 81.98555418103933 2.7059485763311386 0
    endloop
  endfacet
  facet normal 0 0 -1
    outer loop
      vertex 0.014445818960666656 2.7059485763311386 0
      vertex 0 3 0
      vertex 82 3 0
    endloop
  endfacet
  facet normal 0 0 -1
    outer loop
      vertex 2.4147290363907814 0.057644158601760864 0
      vertex 79.58527096360922 0.057644158601760864 0
      vertex 2.7059485763311386 0.014445818960666656 0
    endloop
  endfacet
  facet normal 0 0 -1
    outer loop
      vertex 2.7059485763311386 0.014445818960666656 0
      vertex 79.29405142366886 0.014445818960666656 0
      vertex 3 0 0
    endloop
  endfacet
  facet normal 0 -1 0
    outer loop
      vertex 3 0 0
      vertex 79 0 0
      vertex 3 0 13.074285714285713
    endloop
  endfacet
  facet normal -0.8032075295459704 -0.5956993071010399 0
    outer loop
      vertex 0.6809686422348022 1.0968201458454132 0
      vertex 0.6809686422348022 1.0968201458454132 13.074285714285713
      vertex 0.5055911615490913 1.3332893028855324 13.074285714285713
    endloop
  endfacet
  facet normal -0.5956993071010399 -0.8032075295459704 0
    outer loop
      vertex 1.3332893028855324 0.5055911615490913 0
      vertex 1.3332893028855324 0.5055911615490913 13.074285714285713
      vertex 1.0968201458454132 0.6809686422348022 13.074285714285713
    endloop
  endfacet
  facet normal -0.7409511297873682 -0.6715589499566086 0
    outer loop
      vertex 0.8786796554923058 0.8786796554923058 0
      vertex 0.8786796554923058 0.8786796554923058 13.074285714285713
      vertex 0.6809686422348022 1.0968201458454132 13.074285714285713
    endloop
  endfacet
  facet normal -0.6715589499566086 -0.7409511297873682 0
    outer loop
      vertex 1.0968201458454132 0.6809686422348022 0
      vertex 1.0968201458454132 0.6809686422348022 13.074285714285713
      vertex 0.8786796554923058 0.8786796554923058 13.074285714285713
    endloop
  endfacet
  facet normal -0.9039892934402849 -0.42755509276037695 0
    outer loop
      vertex 0.3542362079024315 1.5858097895979881 0
      vertex 0.3542362079024315 1.5858097895979881 13.074285714285713
      vertex 0.22836140543222427 1.8519496992230415 13.074285714285713
    endloop
  endfacet
  facet normal -0.8577286120536308 -0.5141027407673995 0
    outer loop
      vertex 0.5055911615490913 1.3332893028855324 0
      vertex 0.5055911615490913 1.3332893028855324 13.074285714285713
      vertex 0.3542362079024315 1.5858097895979881 13.074285714285713
    endloop
  endfacet
  facet normal -0.9700312537050007 -0.24298017786540688 0
    outer loop
      vertex 0.1291789934039116 2.1291459649801254 0
      vertex 0.1291789934039116 2.1291459649801254 13.074285714285713
      vertex 0.057644158601760864 2.4147290363907814 13.074285714285713
    endloop
  endfacet
  facet normal -0.9415440627982695 -0.3368898600571533 0
    outer loop
      vertex 0.22836140543222427 1.8519496992230415 0
      vertex 0.22836140543222427 1.8519496992230415 13.074285714285713
      vertex 0.1291789934039116 2.1291459649801254 13.074285714285713
    endloop
  endfacet
  facet normal -0.989176509179146 -0.14673047975168188 0
    outer loop
      vertex 0.057644158601760864 2.4147290363907814 0
      vertex 0.057644158601760864 2.4147290363907814 13.074285714285713
      vertex 0.014445818960666656 2.7059485763311386 13.074285714285713
    endloop
  endfacet
  facet normal -0.5141027407673995 -0.8577286120536308 0
    outer loop
      vertex 1.5858097895979881 0.3542362079024315 0
      vertex 1.5858097895979881 0.3542362079024315 13.074285714285713
      vertex 1.3332893028855324 0.5055911615490913 13.074285714285713
    endloop
  endfacet
  facet normal -0.42755509276037695 -0.9039892934402849 0
    outer loop
      vertex 1.8519496992230415 0.22836140543222427 0
      vertex 1.8519496992230415 0.22836140543222427 13.074285714285713
      vertex 1.5858097895979881 0.3542362079024315 13.074285714285713
    endloop
  endfacet
  facet normal -0.3368898600571533 -0.9415440627982695 0
    outer loop
      vertex 2.1291459649801254 0.1291789934039116 0
      vertex 2.1291459649801254 0.1291789934039116 13.074285714285713
      vertex 1.8519496992230415 0.22836140543222427 13.074285714285713
    endloop
  endfacet
  facet normal -0.24298017786540688 -0.9700312537050007 0
    outer loop
      vertex 2.4147290363907814 0.057644158601760864 0
      vertex 2.4147290363907814 0.057644158601760864 13.074285714285713
      vertex 2.1291459649801254 0.1291789934039116 13.074285714285713
    endloop
  endfacet
  facet normal -0.9987954563973426 -0.0490676704157047 0
    outer loop
      vertex 0.014445818960666656 2.7059485763311386 0
      vertex 0.014445818960666656 2.7059485763311386 13.074285714285713
      vertex 0 3 13.074285714285713
    endloop
  endfacet
  facet normal -0.14673047975168188 -0.989176509179146 0
    outer loop
      vertex 2.7059485763311386 0.014445818960666656 0
      vertex 2.7059485763311386 0.014445818960666656 13.074285714285713
      vertex 2.4147290363907814 0.057644158601760864 13.074285714285713
    endloop
  endfacet
  facet normal -0.0490676704157047 -0.9987954563973426 0
    outer loop
      vertex 3 0 0
      vertex 3 0 13.074285714285713
      vertex 2.7059485763311386 0.014445818960666656 13.074285714285713
    endloop
  endfacet
  facet normal 0 0 1
    outer loop
      vertex 0.6809686422348022 1.0968201458454132 13.074285714285713
      vertex 2.585809789597988 1.3542362079024315 13.074285714285713
      vertex 0.5055911615490913 1.3332893028855324 13.074285714285713
    endloop
  endfacet
  facet normal 0 0 1
    outer loop
      vertex 0.22836140543222427 1.8519496992230415 13.074285714285713
      vertex 1.5055911615490913 2.3332893028855324 13.074285714285713
      vertex 0.1291789934039116 2.1291459649801254 13.074285714285713
    endloop
  endfacet
  facet normal 0 0 1
    outer loop
      vertex 0.1291789934039116 2.1291459649801254 13.074285714285713
      vertex 1.3542362079024315 2.585809789597988 13.074285714285713
      vertex 0.057644158601760864 2.4147290363907814 13.074285714285713
    endloop
  endfacet
  facet normal 0 0 1
    outer loop
      vertex 0.22836140543222427 1.8519496992230415 13.074285714285713
      vertex 0.3542362079024315 1.5858097895979881 13.074285714285713
      vertex 1.8786796554923058 1.8786796554923058 13.074285714285713
    endloop
  endfacet
  facet normal 0 0 1
    outer loop
      vertex 0.3542362079024315 1.5858097895979881 13.074285714285713
      vertex 0.5055911615490913 1.3332893028855324 13.074285714285713
      vertex 2.096820145845413 1.6809686422348022 13.074285714285713
    endloop
  endfacet
  facet normal 0 0 1
    outer loop
      vertex 0.22836140543222427 1.8519496992230415 13.074285714285713
      vertex 1.8786796554923058 1.8786796554923058 13.074285714285713
      vertex 1.6809686422348022 2.096820145845413 13.074285714285713
    endloop
  endfacet
  facet normal 0 0 1
    outer loop
      vertex 0.22836140543222427 1.8519496992230415 13.074285714285713
      vertex 1.6809686422348022 2.096820145845413 13.074285714285713
      vertex 1.5055911615490913 2.3332893028855324 13.074285714285713
    endloop
  endfacet
  facet normal 0 0 1
    outer loop
      vertex 0.1291789934039116 2.1291459649801254 13.074285714285713
      vertex 1.5055911615490913 2.3332893028855324 13.074285714285713
      vertex 1.3542362079024315 2.585809789597988 13.074285714285713
    endloop
  endfacet
  facet normal 0 0 1
    outer loop
      vertex 0.8786796554923058 0.8786796554923058 13.074285714285713
      vertex 3.1291459649801254 1.1291789934039116 13.074285714285713
      vertex 0.6809686422348022 1.0968201458454132 13.074285714285713
    endloop
  endfacet
  facet normal 0 0 1
    outer loop
      vertex 0.6809686422348022 1.0968201458454132 13.074285714285713
      vertex 2.8519496992230415 1.2283614054322243 13.074285714285713
      vertex 2.585809789597988 1.3542362079024315 13.074285714285713
    endloop
  endfacet
  facet normal 0 0 1
    outer loop
      vertex 0.6809686422348022 1.0968201458454132 13.074285714285713
      vertex 3.1291459649801254 1.1291789934039116 13.074285714285713
      vertex 2.8519496992230415 1.2283614054322243 13.074285714285713
    endloop
  endfacet
  facet normal 0 0 1
    outer loop
      vertex 0.8786796554923058 0.8786796554923058 13.074285714285713
      vertex 3.4147290363907814 1.0576441586017609 13.074285714285713
      vertex 3.1291459649801254 1.1291789934039116 13.074285714285713
    endloop
  endfacet
  facet normal 0 0 1
    outer loop
      vertex 0.3542362079024315 1.5858097895979881 13.074285714285713
      vertex 2.096820145845413 1.6809686422348022 13.074285714285713
      vertex 1.8786796554923058 1.8786796554923058 13.074285714285713
    endloop
  endfacet
  facet normal 0 0 1
    outer loop
      vertex 0.5055911615490913 1.3332893028855324 13.074285714285713
      vertex 2.3332893028855324 1.5055911615490913 13.074285714285713
      vertex 2.096820145845413 1.6809686422348022 13.074285714285713
    endloop
  endfacet
  facet normal 0 0 1
    outer loop
      vertex 0.5055911615490913 1.3332893028855324 13.074285714285713
      vertex 2.585809789597988 1.3542362079024315 13.074285714285713
      vertex 2.3332893028855324 1.5055911615490913 13.074285714285713
    endloop
  endfacet
  facet normal 0 0 1
    outer loop
      vertex 0.057644158601760864 2.4147290363907814 13.074285714285713
      vertex 1.2283614054322243 2.8519496992230415 13.074285714285713
      vertex 0.014445818960666656 2.7059485763311386 13.074285714285713
    endloop
  endfacet
  facet normal 0 0 1
    outer loop
      vertex 0.014445818960666656 2.7059485763311386 13.074285714285713
      vertex 1.1291789934039116 3.1291459649801254 13.074285714285713
      vertex 0 3 13.074285714285713
    endloop
  endfacet
  facet normal 0 0 1
    outer loop
      vertex 0.057644158601760864 2.4147290363907814 13.074285714285713
      vertex 1.3542362079024315 2.585809789597988 13.074285714285713
      vertex 1.2283614054322243 2.8519496992230415 13.074285714285713
    endloop
  endfacet
  facet normal 0 0 1
    outer loop
      vertex 0.014445818960666656 2.7059485763311386 13.074285714285713
      vertex 1.2283614054322243 2.8519496992230415 13.074285714285713
      vertex 1.1291789934039116 3.1291459649801254 13.074285714285713
    endloop
  endfacet
  facet normal 0 0 1
    outer loop
      vertex 0 3 13.074285714285713
      vertex 1.1291789934039116 3.1291459649801254 13.074285714285713
      vertex 1.0576441586017609 3.4147290363907814 13.074285714285713
    endloop
  endfacet
  facet normal 0 0 1
    outer loop
      vertex 0 3 13.074285714285713
      vertex 1.0576441586017609 3.4147290363907814 13.074285714285713
      vertex 1.0144458189606667 3.7059485763311386 13.074285714285713
    endloop
  endfacet
  facet normal 0 0 1
    outer loop
      vertex 0 3 13.074285714285713
      vertex 1.0144458189606667 3.7059485763311386 13.074285714285713
      vertex 1 4 13.074285714285713
    endloop
  endfacet
  facet normal 0 0 1
    outer loop
      vertex 0.8786796554923058 0.8786796554923058 13.074285714285713
      vertex 3.7059485763311386 1.0144458189606667 13.074285714285713
      vertex 3.4147290363907814 1.0576441586017609 13.074285714285713
    endloop
  endfacet
  facet normal 0 0 1
    outer loop
      vertex 0.8786796554923058 0.8786796554923058 13.074285714285713
      vertex 4 1 13.074285714285713
      vertex 3.7059485763311386 1.0144458189606667 13.074285714285713
    endloop
  endfacet
  facet normal -1 0 0
    outer loop
      vertex 0 3 0
      vertex 0 3 13.074285714285713
      vertex 0 79 13.074285714285713
    endloop
  endfacet
  facet normal 0 0 1
    outer loop
      vertex 0 3 13.074285714285713
      vertex 1 4 13.074285714285713
      vertex 1 78 13.074285714285713
    endloop
  endfacet
  facet normal 0 0 1
    outer loop
      vertex 1.3332893028855324 0.5055911615490913 13.074285714285713
      vertex 1.5858097895979881 0.3542362079024315 13.074285714285713
      vertex 80.66671069711447 0.5055911615490913 13.074285714285713
    endloop
  endfacet
  facet normal 0 0 1
    outer loop
      vertex 1.0968201458454132 0.6809686422348022 13.074285714285713
      vertex 1.3332893028855324 0.5055911615490913 13.074285714285713
      vertex 80.90317985415459 0.6809686422348022 13.074285714285713
    endloop
  endfacet
  facet normal 0 0 1
    outer loop
      vertex 1.5858097895979881 0.3542362079024315 13.074285714285713
      vertex 1.8519496992230415 0.22836140543222427 13.074285714285713
      vertex 80.41419021040201 0.3542362079024315 13.074285714285713
    endloop
  endfacet
  facet normal 0 0 1
    outer loop
      vertex 2.1291459649801254 0.1291789934039116 13.074285714285713
      vertex 2.4147290363907814 0.057644158601760864 13.074285714285713
      vertex 79.87085403501987 0.1291789934039116 13.074285714285713
    endloop
  endfacet
  facet normal 0 0 1
    outer loop
      vertex 1.8519496992230415 0.22836140543222427 13.074285714285713
      vertex 2.1291459649801254 0.1291789934039116 13.074285714285713
      vertex 80.14805030077696 0.22836140543222427 13.074285714285713
    endloop
  endfacet
  facet normal 0 0 1
    outer loop
      vertex 0.8786796554923058 0.8786796554923058 13.074285714285713
      vertex 1.0968201458454132 0.6809686422348022 13.074285714285713
      vertex 81.1213203445077 0.8786796554923058 13.074285714285713
    endloop
  endfacet
  facet normal 0 0 1
    outer loop
      vertex 2.4147290363907814 0.057644158601760864 13.074285714285713
      vertex 2.7059485763311386 0.014445818960666656 13.074285714285713
      vertex 79.58527096360922 0.057644158601760864 13.074285714285713
    endloop
  endfacet
  facet normal 0 0 1
    outer loop
      vertex 2.7059485763311386 0.014445818960666656 13.074285714285713
      vertex 3 0 13.074285714285713
      vertex 79.29405142366886 0.014445818960666656 13.074285714285713
    endloop
  endfacet
  facet normal 0 0 1
    outer loop
      vertex 0.8786796554923058 0.8786796554923058 13.074285714285713
      vertex 81.1213203445077 0.8786796554923058 13.074285714285713
      vertex 4 1 13.074285714285713
    endloop
  endfacet
  facet normal -1 0 0
    outer loop
      vertex 0 3 0
      vertex 0 79 13.074285714285713
      vertex 0 79 0
    endloop
  endfacet
  facet normal -0.9987954563973426 0.0490676704157047 0
    outer loop
      vertex 0 79 0
      vertex 0.014445818960666656 79.29405142366886 13.074285714285713
      vertex 0.014445818960666656 79.29405142366886 0
    endloop
  endfacet
  facet normal -0.989176509179146 0.14673047975168188 0
    outer loop
      vertex 0.014445818960666656 79.29405142366886 0
      vertex 0.057644158601760864 79.58527096360922 13.074285714285713
      vertex 0.057644158601760864 79.58527096360922 0
    endloop
  endfacet
  facet normal -0.9700312537050007 0.24298017786540688 0
    outer loop
      vertex 0.057644158601760864 79.58527096360922 0
      vertex 0.1291789934039116 79.87085403501987 13.074285714285713
      vertex 0.1291789934039116 79.87085403501987 0
    endloop
  endfacet
  facet normal -0.9415440627982695 0.3368898600571533 0
    outer loop
      vertex 0.1291789934039116 79.87085403501987 0
      vertex 0.22836140543222427 80.14805030077696 13.074285714285713
      vertex 0.22836140543222427 80.14805030077696 0
    endloop
  endfacet
  facet normal -0.9039892934402849 0.42755509276037695 0
    outer loop
      vertex 0.22836140543222427 80.14805030077696 0
      vertex 0.3542362079024315 80.41419021040201 13.074285714285713
      vertex 0.3542362079024315 80.41419021040201 0
    endloop
  endfacet
  facet normal -0.8577286120536308 0.5141027407673995 0
    outer loop
      vertex 0.3542362079024315 80.41419021040201 0
      vertex 0.5055911615490913 80.66671069711447 13.074285714285713
      vertex 0.5055911615490913 80.66671069711447 0
    endloop
  endfacet
  facet normal -0.8032075295459704 0.5956993071010399 0
    outer loop
      vertex 0.5055911615490913 80.66671069711447 0
      vertex 0.6809686422348022 80.90317985415459 13.074285714285713
      vertex 0.6809686422348022 80.90317985415459 0
    endloop
  endfacet
  facet normal -0.7409511297873682 0.6715589499566086 0
    outer loop
      vertex 0.6809686422348022 80.90317985415459 0
      vertex 0.8786796554923058 81.1213203445077 13.074285714285713
      vertex 0.8786796554923058 81.1213203445077 0
    endloop
  endfacet
  facet normal -0.6715589499566086 0.7409511297873682 0
    outer loop
      vertex 0.8786796554923058 81.1213203445077 0
      vertex 1.0968201458454132 81.3190313577652 13.074285714285713
      vertex 1.0968201458454132 81.3190313577652 0
    endloop
  endfacet
  facet normal -0.5956993071010399 0.8032075295459704 0
    outer loop
      vertex 1.0968201458454132 81.3190313577652 0
      vertex 1.3332893028855324 81.49440883845091 13.074285714285713
      vertex 1.3332893028855324 81.49440883845091 0
    endloop
  endfacet
  facet normal -0.5141027407673995 0.8577286120536308 0
    outer loop
      vertex 1.3332893028855324 81.49440883845091 0
      vertex 1.5858097895979881 81.64576379209757 13.074285714285713
      vertex 1.5858097895979881 81.64576379209757 0
    endloop
  endfacet
  facet normal -0.42755509276037695 0.9039892934402849 0
    outer loop
      vertex 1.5858097895979881 81.64576379209757 0
      vertex 1.8519496992230415 81.77163859456778 13.074285714285713
      vertex 1.8519496992230415 81.77163859456778 0
    endloop
  endfacet
  facet normal -0.3368898600571533 0.9415440627982695 0
    outer loop
      vertex 1.8519496992230415 81.77163859456778 0
      vertex 2.1291459649801254 81.87082100659609 13.074285714285713
      vertex 2.1291459649801254 81.87082100659609 0
    endloop
  endfacet
  facet normal -0.24298017786540688 0.9700312537050007 0
    outer loop
      vertex 2.1291459649801254 81.87082100659609 0
      vertex 2.4147290363907814 81.94235584139824 13.074285714285713
      vertex 2.4147290363907814 81.94235584139824 0
    endloop
  endfacet
  facet normal -0.14673047975168188 0.989176509179146 0
    outer loop
      vertex 2.4147290363907814 81.94235584139824 0
      vertex 2.7059485763311386 81.98555418103933 13.074285714285713
      vertex 2.7059485763311386 81.98555418103933 0
    endloop
  endfacet
  facet normal -0.0490676704157047 0.9987954563973426 0
    outer loop
      vertex 2.7059485763311386 81.98555418103933 0
      vertex 3 82 13.074285714285713
      vertex 3 82 0
    endloop
  endfacet
  facet normal 0 0 -1
    outer loop
      vertex 0 3 0
      vertex 0 79 0
      vertex 82 79 0
    endloop
  endfacet
  facet normal 0 0 -1
    outer loop
      vertex 0 79 0
      vertex 0.014445818960666656 79.29405142366886 0
      vertex 81.98555418103933 79.29405142366886 0
    endloop
  endfacet
  facet normal 0 0 -1
    outer loop
      vertex 0.014445818960666656 79.29405142366886 0
      vertex 0.057644158601760864 79.58527096360922 0
      vertex 81.94235584139824 79.58527096360922 0
    endloop
  endfacet
  facet normal 0 0 -1
    outer loop
      vertex 0.057644158601760864 79.58527096360922 0
      vertex 0.1291789934039116 79.87085403501987 0
      vertex 81.87082100659609 79.87085403501987 0
    endloop
  endfacet
  facet normal 0 0 -1
    outer loop
      vertex 0.1291789934039116 79.87085403501987 0
      vertex 0.22836140543222427 80.14805030077696 0
      vertex 81.77163859456778 80.14805030077696 0
    endloop
  endfacet
  facet normal 0 0 -1
    outer loop
      vertex 0.22836140543222427 80.14805030077696 0
      vertex 0.3542362079024315 80.41419021040201 0
      vertex 81.64576379209757 80.41419021040201 0
    endloop
  endfacet
  facet normal 0 0 -1
    outer loop
      vertex 0.3542362079024315 80.41419021040201 0
      vertex 0.5055911615490913 80.66671069711447 0
      vertex 81.49440883845091 80.66671069711447 0
    endloop
  endfacet
  facet normal 0 0 -1
    outer loop
      vertex 0.5055911615490913 80.66671069711447 0
      vertex 0.6809686422348022 80.90317985415459 0
      vertex 81.3190313577652 80.90317985415459 0
    endloop
  endfacet
  facet normal 0 0 -1
    outer loop
      vertex 0.6809686422348022 80.90317985415459 0
      vertex 0.8786796554923058 81.1213203445077 0
      vertex 81.1213203445077 81.1213203445077 0
    endloop
  endfacet
  facet normal 0 0 -1
    outer loop
      vertex 0.8786796554923058 81.1213203445077 0
      vertex 1.0968201458454132 81.3190313577652 0
      vertex 80.90317985415459 81.3190313577652 0
    endloop
  endfacet
  facet normal 0 0 -1
    outer loop
      vertex 1.0968201458454132 81.3190313577652 0
      vertex 1.3332893028855324 81.49440883845091 0
      vertex 80.66671069711447 81.49440883845091 0
    endloop
  endfacet
  facet normal 0 0 -1
    outer loop
      vertex 1.3332893028855324 81.49440883845091 0
      vertex 1.5858097895979881 81.64576379209757 0
      vertex 80.41419021040201 81.64576379209757 0
    endloop
  endfacet
  facet normal 0 0 -1
    outer loop
      vertex 1.5858097895979881 81.64576379209757 0
      vertex 1.8519496992230415 81.77163859456778 0
      vertex 80.14805030077696 81.77163859456778 0
    endloop
  endfacet
  facet normal 0 0 -1
    outer loop
      vertex 1.8519496992230415 81.77163859456778 0
      vertex 2.1291459649801254 81.87082100659609 0
      vertex 79.87085403501987 81.87082100659609 0
    endloop
  endfacet
  facet normal 0 0 -1
    outer loop
      vertex 2.1291459649801254 81.87082100659609 0
      vertex 2.4147290363907814 81.94235584139824 0
      vertex 79.58527096360922 81.94235584139824 0
    endloop
  endfacet
  facet normal 0 0 -1
    outer loop
      vertex 2.4147290363907814 81.94235584139824 0
      vertex 2.7059485763311386 81.98555418103933 0
      vertex 79.29405142366886 81.98555418103933 0
    endloop
  endfacet
  facet normal 0 0 -1
    outer loop
      vertex 2.7059485763311386 81.98555418103933 0
      vertex 3 82 0
      vertex 79 82 0
    endloop
  endfacet
  facet normal 0 0 1
    outer loop
      vertex 0 3 13.074285714285713
      vertex 1 78 13.074285714285713
      vertex 0 79 13.074285714285713
    endloop
  endfacet
  facet normal -0.9987954563973426 0.0490676704157047 0
    outer loop
      vertex 0 79 0
      vertex 0 79 13.074285714285713
      vertex 0.014445818960666656 79.29405142366886 13.074285714285713
    endloop
  endfacet
  facet normal -0.989176509179146 0.14673047975168188 0
    outer loop
      vertex 0.014445818960666656 79.29405142366886 0
      vertex 0.014445818960666656 79.29405142366886 13.074285714285713
      vertex 0.057644158601760864 79.58527096360922 13.074285714285713
    endloop
  endfacet
  facet normal -0.9700312537050007 0.24298017786540688 0
    outer loop
      vertex 0.057644158601760864 79.58527096360922 0
      vertex 0.057644158601760864 79.58527096360922 13.074285714285713
      vertex 0.1291789934039116 79.87085403501987 13.074285714285713
    endloop
  endfacet
  facet normal -0.9415440627982695 0.3368898600571533 0
    outer loop
      vertex 0.1291789934039116 79.87085403501987 0
      vertex 0.1291789934039116 79.87085403501987 13.074285714285713
      vertex 0.22836140543222427 80.14805030077696 13.074285714285713
    endloop
  endfacet
  facet normal -0.9039892934402849 0.42755509276037695 0
    outer loop
      vertex 0.22836140543222427 80.14805030077696 0
      vertex 0.22836140543222427 80.14805030077696 13.074285714285713
      vertex 0.3542362079024315 80.41419021040201 13.074285714285713
    endloop
  endfacet
  facet normal -0.8577286120536308 0.5141027407673995 0
    outer loop
      vertex 0.3542362079024315 80.41419021040201 0
      vertex 0.3542362079024315 80.41419021040201 13.074285714285713
      vertex 0.5055911615490913 80.66671069711447 13.074285714285713
    endloop
  endfacet
  facet normal -0.8032075295459704 0.5956993071010399 0
    outer loop
      vertex 0.5055911615490913 80.66671069711447 0
      vertex 0.5055911615490913 80.66671069711447 13.074285714285713
      vertex 0.6809686422348022 80.90317985415459 13.074285714285713
    endloop
  endfacet
  facet normal -0.7409511297873682 0.6715589499566086 0
    outer loop
      vertex 0.6809686422348022 80.90317985415459 0
      vertex 0.6809686422348022 80.90317985415459 13.074285714285713
      vertex 0.8786796554923058 81.1213203445077 13.074285714285713
    endloop
  endfacet
  facet normal -0.6715589499566086 0.7409511297873682 0
    outer loop
      vertex 0.8786796554923058 81.1213203445077 0
      vertex 0.8786796554923058 81.1213203445077 13.074285714285713
      vertex 1.0968201458454132 81.3190313577652 13.074285714285713
    endloop
  endfacet
  facet normal -0.5956993071010399 0.8032075295459704 0
    outer loop
      vertex 1.0968201458454132 81.3190313577652 0
      vertex 1.0968201458454132 81.3190313577652 13.074285714285713
      vertex 1.3332893028855324 81.49440883845091 13.074285714285713
    endloop
  endfacet
  facet normal -0.5141027407673995 0.8577286120536308 0
    outer loop
      vertex 1.3332893028855324 81.49440883845091 0
      vertex 1.3332893028855324 81.49440883845091 13.074285714285713
      vertex 1.5858097895979881 81.64576379209757 13.074285714285713
    endloop
  endfacet
  facet normal -0.42755509276037695 0.9039892934402849 0
    outer loop
      vertex 1.5858097895979881 81.64576379209757 0
      vertex 1.5858097895979881 81.64576379209757 13.074285714285713
      vertex 1.8519496992230415 81.77163859456778 13.074285714285713
    endloop
  endfacet
  facet normal -0.3368898600571533 0.9415440627982695 0
    outer loop
      vertex 1.8519496992230415 81.77163859456778 0
      vertex 1.8519496992230415 81.77163859456778 13.074285714285713
      vertex 2.1291459649801254 81.87082100659609 13.074285714285713
    endloop
  endfacet
  facet normal -0.24298017786540688 0.9700312537050007 0
    outer loop
      vertex 2.1291459649801254 81.87082100659609 0
      vertex 2.1291459649801254 81.87082100659609 13.074285714285713
      vertex 2.4147290363907814 81.94235584139824 13.074285714285713
    endloop
  endfacet
  facet normal -0.14673047975168188 0.989176509179146 0
    outer loop
      vertex 2.4147290363907814 81.94235584139824 0
      vertex 2.4147290363907814 81.94235584139824 13.074285714285713
      vertex 2.7059485763311386 81.98555418103933 13.074285714285713
    endloop
  endfacet
  facet normal -0.0490676704157047 0.9987954563973426 0
    outer loop
      vertex 2.7059485763311386 81.98555418103933 0
      vertex 2.7059485763311386 81.98555418103933 13.074285714285713
      vertex 3 82 13.074285714285713
    endloop
  endfacet
  facet normal 0 0 1
    outer loop
      vertex 0 79 13.074285714285713
      vertex 1.2283614054322243 79.14805030077696 13.074285714285713
      vertex 0.014445818960666656 79.29405142366886 13.074285714285713
    endloop
  endfacet
  facet normal 0 0 1
    outer loop
      vertex 0.014445818960666656 79.29405142366886 13.074285714285713
      vertex 1.3542362079024315 79.41419021040201 13.074285714285713
      vertex 0.057644158601760864 79.58527096360922 13.074285714285713
    endloop
  endfacet
  facet normal 0 0 1
    outer loop
      vertex 0 79 13.074285714285713
      vertex 1 78 13.074285714285713
      vertex 1.0144458189606667 78.29405142366886 13.074285714285713
    endloop
  endfacet
  facet normal 0 0 1
    outer loop
      vertex 0 79 13.074285714285713
      vertex 1.0144458189606667 78.29405142366886 13.074285714285713
      vertex 1.0576441586017609 78.58527096360922 13.074285714285713
    endloop
  endfacet
  facet normal 0 0 1
    outer loop
      vertex 0 79 13.074285714285713
      vertex 1.0576441586017609 78.58527096360922 13.074285714285713
      vertex 1.1291789934039116 78.87085403501987 13.074285714285713
    endloop
  endfacet
  facet normal 0 0 1
    outer loop
      vertex 0 79 13.074285714285713
      vertex 1.1291789934039116 78.87085403501987 13.074285714285713
      vertex 1.2283614054322243 79.14805030077696 13.074285714285713
    endloop
  endfacet
  facet normal 0 0 1
    outer loop
      vertex 0.014445818960666656 79.29405142366886 13.074285714285713
      vertex 1.2283614054322243 79.14805030077696 13.074285714285713
      vertex 1.3542362079024315 79.41419021040201 13.074285714285713
    endloop
  endfacet
  facet normal 0 0 1
    outer loop
      vertex 0.057644158601760864 79.58527096360922 13.074285714285713
      vertex 1.5055911615490913 79.66671069711447 13.074285714285713
      vertex 0.1291789934039116 79.87085403501987 13.074285714285713
    endloop
  endfacet
  facet normal 0 0 1
    outer loop
      vertex 0.1291789934039116 79.87085403501987 13.074285714285713
      vertex 1.6809686422348022 79.90317985415459 13.074285714285713
      vertex 0.22836140543222427 80.14805030077696 13.074285714285713
    endloop
  endfacet
  facet normal 0 0 1
    outer loop
      vertex 0.057644158601760864 79.58527096360922 13.074285714285713
      vertex 1.3542362079024315 79.41419021040201 13.074285714285713
      vertex 1.5055911615490913 79.66671069711447 13.074285714285713
    endloop
  endfacet
  facet normal 0 0 1
    outer loop
      vertex 0.1291789934039116 79.87085403501987 13.074285714285713
      vertex 1.5055911615490913 79.66671069711447 13.074285714285713
      vertex 1.6809686422348022 79.90317985415459 13.074285714285713
    endloop
  endfacet
  facet normal 0 0 1
    outer loop
      vertex 0.22836140543222427 80.14805030077696 13.074285714285713
      vertex 1.6809686422348022 79.90317985415459 13.074285714285713
      vertex 1.8786796554923058 80.1213203445077 13.074285714285713
    endloop
  endfacet
  facet normal 0 0 1
    outer loop
      vertex 0.22836140543222427 80.14805030077696 13.074285714285713
      vertex 2.096820145845413 80.3190313577652 13.074285714285713
      vertex 0.3542362079024315 80.41419021040201 13.074285714285713
    endloop
  endfacet
  facet normal 0 0 1
    outer loop
      vertex 0.3542362079024315 80.41419021040201 13.074285714285713
      vertex 2.3332893028855324 80.49440883845091 13.074285714285713
      vertex 0.5055911615490913 80.66671069711447 13.074285714285713
    endloop
  endfacet
  facet normal 0 0 1
    outer loop
      vertex 0.22836140543222427 80.14805030077696 13.074285714285713
      vertex 1.8786796554923058 80.1213203445077 13.074285714285713
      vertex 2.096820145845413 80.3190313577652 13.074285714285713
    endloop
  endfacet
  facet normal 0 0 1
    outer loop
      vertex 0.3542362079024315 80.41419021040201 13.074285714285713
      vertex 2.096820145845413 80.3190313577652 13.074285714285713
      vertex 2.3332893028855324 80.49440883845091 13.074285714285713
    endloop
  endfacet
  facet normal 0 0 1
    outer loop
      vertex 0.5055911615490913 80.66671069711447 13.074285714285713
      vertex 2.3332893028855324 80.49440883845091 13.074285714285713
      vertex 2.585809789597988 80.64576379209757 13.074285714285713
    endloop
  endfacet
  facet normal 0 0 1
    outer loop
      vertex 0.5055911615490913 80.66671069711447 13.074285714285713
      vertex 2.585809789597988 80.64576379209757 13.074285714285713
      vertex 2.8519496992230415 80.77163859456778 13.074285714285713
    endloop
  endfacet
  facet normal 0 0 1
    outer loop
      vertex 0.5055911615490913 80.66671069711447 13.074285714285713
      vertex 2.8519496992230415 80.77163859456778 13.074285714285713
      vertex 0.6809686422348022 80.90317985415459 13.074285714285713
    endloop
  endfacet
  facet normal 0 0 1
    outer loop
      vertex 0.6809686422348022 80.90317985415459 13.074285714285713
      vertex 3.4147290363907814 80.94235584139824 13.074285714285713
      vertex 0.8786796554923058 81.1213203445077 13.074285714285713
    endloop
  endfacet
  facet normal 0 0 1
    outer loop
      vertex 0.6809686422348022 80.90317985415459 13.074285714285713
      vertex 2.8519496992230415 80.77163859456778 13.074285714285713
      vertex 3.1291459649801254 80.87082100659609 13.074285714285713
    endloop
  endfacet
  facet normal 0 0 1
    outer loop
      vertex 0.6809686422348022 80.90317985415459 13.074285714285713
      vertex 3.1291459649801254 80.87082100659609 13.074285714285713
      vertex 3.4147290363907814 80.94235584139824 13.074285714285713
    endloop
  endfacet
  facet normal 0 0 1
    outer loop
      vertex 0.8786796554923058 81.1213203445077 13.074285714285713
      vertex 3.4147290363907814 80.94235584139824 13.074285714285713
      vertex 3.7059485763311386 80.98555418103933 13.074285714285713
    endloop
  endfacet
  facet normal 0 0 1
    outer loop
      vertex 0.8786796554923058 81.1213203445077 13.074285714285713
      vertex 3.7059485763311386 80.98555418103933 13.074285714285713
      vertex 4 81 13.074285714285713
    endloop
  endfacet
  facet normal 0 1 0
    outer loop
      vertex 3 82 0
      vertex 3 82 13.074285714285713
      vertex 79 82 13.074285714285713
    endloop
  endfacet
  facet normal 0 0 1
    outer loop
      vertex 0.8786796554923058 81.1213203445077 13.074285714285713
      vertex 4 81 13.074285714285713
      vertex 78 81 13.074285714285713
    endloop
  endfacet
  facet normal 0 0 1
    outer loop
      vertex 0.8786796554923058 81.1213203445077 13.074285714285713
      vertex 80.90317985415459 81.3190313577652 13.074285714285713
      vertex 1.0968201458454132 81.3190313577652 13.074285714285713
    endloop
  endfacet
  facet normal 0 0 1
    outer loop
      vertex 1.0968201458454132 81.3190313577652 13.074285714285713
      vertex 80.66671069711447 81.49440883845091 13.074285714285713
      vertex 1.3332893028855324 81.49440883845091 13.074285714285713
    endloop
  endfacet
  facet normal 0 0 1
    outer loop
      vertex 1.3332893028855324 81.49440883845091 13.074285714285713
      vertex 80.41419021040201 81.64576379209757 13.074285714285713
      vertex 1.5858097895979881 81.64576379209757 13.074285714285713
    endloop
  endfacet
  facet normal 0 0 1
    outer loop
      vertex 1.5858097895979881 81.64576379209757 13.074285714285713
      vertex 80.14805030077696 81.77163859456778 13.074285714285713
      vertex 1.8519496992230415 81.77163859456778 13.074285714285713
    endloop
  endfacet
  facet normal 0 0 1
    outer loop
      vertex 1.8519496992230415 81.77163859456778 13.074285714285713
      vertex 79.87085403501987 81.87082100659609 13.074285714285713
      vertex 2.1291459649801254 81.87082100659609 13.074285714285713
    endloop
  endfacet
  facet normal 0 0 1
    outer loop
      vertex 2.1291459649801254 81.87082100659609 13.074285714285713
      vertex 79.58527096360922 81.94235584139824 13.074285714285713
      vertex 2.4147290363907814 81.94235584139824 13.074285714285713
    endloop
  endfacet
  facet normal 0 0 1
    outer loop
      vertex 2.4147290363907814 81.94235584139824 13.074285714285713
      vertex 79.29405142366886 81.98555418103933 13.074285714285713
      vertex 2.7059485763311386 81.98555418103933 13.074285714285713
    endloop
  endfacet
  facet normal 0 0 1
    outer loop
      vertex 2.7059485763311386 81.98555418103933 13.074285714285713
      vertex 79 82 13.074285714285713
      vertex 3 82 13.074285714285713
    endloop
  endfacet
  facet normal 0 0 -1
    outer loop
      vertex 3 0 0
      vertex 79.29405142366886 0.014445818960666656 0
      vertex 79 0 0
    endloop
  endfacet
  facet normal 0 0 -1
    outer loop
      vertex 2.7059485763311386 0.014445818960666656 0
      vertex 79.58527096360922 0.057644158601760864 0
      vertex 79.29405142366886 0.014445818960666656 0
    endloop
  endfacet
  facet normal 0 0 -1
    outer loop
      vertex 2.4147290363907814 0.057644158601760864 0
      vertex 79.87085403501987 0.1291789934039116 0
      vertex 79.58527096360922 0.057644158601760864 0
    endloop
  endfacet
  facet normal 0 0 -1
    outer loop
      vertex 2.1291459649801254 0.1291789934039116 0
      vertex 80.14805030077696 0.22836140543222427 0
      vertex 79.87085403501987 0.1291789934039116 0
    endloop
  endfacet
  facet normal 0 0 -1
    outer loop
      vertex 1.8519496992230415 0.22836140543222427 0
      vertex 80.41419021040201 0.3542362079024315 0
      vertex 80.14805030077696 0.22836140543222427 0
    endloop
  endfacet
  facet normal 0 0 -1
    outer loop
      vertex 1.5858097895979881 0.3542362079024315 0
      vertex 80.66671069711447 0.5055911615490913 0
      vertex 80.41419021040201 0.3542362079024315 0
    endloop
  endfacet
  facet normal 0 0 -1
    outer loop
      vertex 1.3332893028855324 0.5055911615490913 0
      vertex 80.90317985415459 0.6809686422348022 0
      vertex 80.66671069711447 0.5055911615490913 0
    endloop
  endfacet
  facet normal 0 0 -1
    outer loop
      vertex 1.0968201458454132 0.6809686422348022 0
      vertex 81.1213203445077 0.8786796554923058 0
      vertex 80.90317985415459 0.6809686422348022 0
    endloop
  endfacet
  facet normal 0 0 -1
    outer loop
      vertex 0.8786796554923058 0.8786796554923058 0
      vertex 81.3190313577652 1.0968201458454132 0
      vertex 81.1213203445077 0.8786796554923058 0
    endloop
  endfacet
  facet normal 0 0 -1
    outer loop
      vertex 0.6809686422348022 1.0968201458454132 0
      vertex 81.49440883845091 1.3332893028855324 0
      vertex 81.3190313577652 1.0968201458454132 0
    endloop
  endfacet
  facet normal 0 0 -1
    outer loop
      vertex 0.5055911615490913 1.3332893028855324 0
      vertex 81.64576379209757 1.5858097895979881 0
      vertex 81.49440883845091 1.3332893028855324 0
    endloop
  endfacet
  facet normal 0 0 -1
    outer loop
      vertex 0.3542362079024315 1.5858097895979881 0
      vertex 81.77163859456778 1.8519496992230415 0
      vertex 81.64576379209757 1.5858097895979881 0
    endloop
  endfacet
  facet normal 0 0 -1
    outer loop
      vertex 0.22836140543222427 1.8519496992230415 0
      vertex 81.87082100659609 2.1291459649801254 0
      vertex 81.77163859456778 1.8519496992230415 0
    endloop
  endfacet
  facet normal 0 0 -1
    outer loop
      vertex 0.1291789934039116 2.1291459649801254 0
      vertex 81.94235584139824 2.4147290363907814 0
      vertex 81.87082100659609 2.1291459649801254 0
    endloop
  endfacet
  facet normal 0 0 -1
    outer loop
      vertex 0.057644158601760864 2.4147290363907814 0
      vertex 81.98555418103933 2.7059485763311386 0
      vertex 81.94235584139824 2.4147290363907814 0
    endloop
  endfacet
  facet normal 0 0 -1
    outer loop
      vertex 0.014445818960666656 2.7059485763311386 0
      vertex 82 3 0
      vertex 81.98555418103933 2.7059485763311386 0
    endloop
  endfacet
  facet normal 0 0 -1
    outer loop
      vertex 0 3 0
      vertex 82 79 0
      vertex 82 3 0
    endloop
  endfacet
  facet normal 0.0490676704157047 -0.9987954563973426 0
    outer loop
      vertex 79 0 0
      vertex 79.29405142366886 0.014445818960666656 0
      vertex 79 0 13.074285714285713
    endloop
  endfacet
  facet normal 0.14673047975168188 -0.989176509179146 0
    outer loop
      vertex 79.29405142366886 0.014445818960666656 0
      vertex 79.58527096360922 0.057644158601760864 0
      vertex 79.29405142366886 0.014445818960666656 13.074285714285713
    endloop
  endfacet
  facet normal 0.24298017786540688 -0.9700312537050007 0
    outer loop
      vertex 79.58527096360922 0.057644158601760864 0
      vertex 79.87085403501987 0.1291789934039116 0
      vertex 79.58527096360922 0.057644158601760864 13.074285714285713
    endloop
  endfacet
  facet normal 0.3368898600571533 -0.9415440627982695 0
    outer loop
      vertex 79.87085403501987 0.1291789934039116 0
      vertex 80.14805030077696 0.22836140543222427 0
      vertex 79.87085403501987 0.1291789934039116 13.074285714285713
    endloop
  endfacet
  facet normal 0.42755509276037695 -0.9039892934402849 0
    outer loop
      vertex 80.14805030077696 0.22836140543222427 0
      vertex 80.41419021040201 0.3542362079024315 0
      vertex 80.14805030077696 0.22836140543222427 13.074285714285713
    endloop
  endfacet
  facet normal 0.5141027407673995 -0.8577286120536308 0
    outer loop
      vertex 80.41419021040201 0.3542362079024315 0
      vertex 80.66671069711447 0.5055911615490913 0
      vertex 80.41419021040201 0.3542362079024315 13.074285714285713
    endloop
  endfacet
  facet normal 0.5956993071010399 -0.8032075295459704 0
    outer loop
      vertex 80.66671069711447 0.5055911615490913 0
      vertex 80.90317985415459 0.6809686422348022 0
      vertex 80.66671069711447 0.5055911615490913 13.074285714285713
    endloop
  endfacet
  facet normal 0.6715589499566086 -0.7409511297873682 0
    outer loop
      vertex 80.90317985415459 0.6809686422348022 0
      vertex 81.1213203445077 0.8786796554923058 0
      vertex 80.90317985415459 0.6809686422348022 13.074285714285713
    endloop
  endfacet
  facet normal 0.7409511297873682 -0.6715589499566086 0
    outer loop
      vertex 81.1213203445077 0.8786796554923058 0
      vertex 81.3190313577652 1.0968201458454132 0
      vertex 81.1213203445077 0.8786796554923058 13.074285714285713
    endloop
  endfacet
  facet normal 0.8032075295459704 -0.5956993071010399 0
    outer loop
      vertex 81.3190313577652 1.0968201458454132 0
      vertex 81.49440883845091 1.3332893028855324 0
      vertex 81.3190313577652 1.0968201458454132 13.074285714285713
    endloop
  endfacet
  facet normal 0.8577286120536308 -0.5141027407673995 0
    outer loop
      vertex 81.49440883845091 1.3332893028855324 0
      vertex 81.64576379209757 1.5858097895979881 0
      vertex 81.49440883845091 1.3332893028855324 13.074285714285713
    endloop
  endfacet
  facet normal 0.9039892934402849 -0.42755509276037695 0
    outer loop
      vertex 81.64576379209757 1.5858097895979881 0
      vertex 81.77163859456778 1.8519496992230415 0
      vertex 81.64576379209757 1.5858097895979881 13.074285714285713
    endloop
  endfacet
  facet normal 0.9415440627982695 -0.3368898600571533 0
    outer loop
      vertex 81.77163859456778 1.8519496992230415 0
      vertex 81.87082100659609 2.1291459649801254 0
      vertex 81.77163859456778 1.8519496992230415 13.074285714285713
    endloop
  endfacet
  facet normal 0.9700312537050007 -0.24298017786540688 0
    outer loop
      vertex 81.87082100659609 2.1291459649801254 0
      vertex 81.94235584139824 2.4147290363907814 0
      vertex 81.87082100659609 2.1291459649801254 13.074285714285713
    endloop
  endfacet
  facet normal 0.989176509179146 -0.14673047975168188 0
    outer loop
      vertex 81.94235584139824 2.4147290363907814 0
      vertex 81.98555418103933 2.7059485763311386 0
      vertex 81.94235584139824 2.4147290363907814 13.074285714285713
    endloop
  endfacet
  facet normal 0.9987954563973426 -0.0490676704157047 0
    outer loop
      vertex 81.98555418103933 2.7059485763311386 0
      vertex 82 3 0
      vertex 81.98555418103933 2.7059485763311386 13.074285714285713
    endloop
  endfacet
  facet normal 1 0 0
    outer loop
      vertex 82 3 0
      vertex 82 79 0
      vertex 82 3 13.074285714285713
    endloop
  endfacet
  facet normal 0 -1 0
    outer loop
      vertex 3 0 13.074285714285713
      vertex 79 0 0
      vertex 79 0 13.074285714285713
    endloop
  endfacet
  facet normal 0 0 1
    outer loop
      vertex 3 0 13.074285714285713
      vertex 79 0 13.074285714285713
      vertex 79.29405142366886 0.014445818960666656 13.074285714285713
    endloop
  endfacet
  facet normal 0 0 1
    outer loop
      vertex 2.7059485763311386 0.014445818960666656 13.074285714285713
      vertex 79.29405142366886 0.014445818960666656 13.074285714285713
      vertex 79.58527096360922 0.057644158601760864 13.074285714285713
    endloop
  endfacet
  facet normal 0 0 1
    outer loop
      vertex 2.4147290363907814 0.057644158601760864 13.074285714285713
      vertex 79.58527096360922 0.057644158601760864 13.074285714285713
      vertex 79.87085403501987 0.1291789934039116 13.074285714285713
    endloop
  endfacet
  facet normal 0 0 1
    outer loop
      vertex 2.1291459649801254 0.1291789934039116 13.074285714285713
      vertex 79.87085403501987 0.1291789934039116 13.074285714285713
      vertex 80.14805030077696 0.22836140543222427 13.074285714285713
    endloop
  endfacet
  facet normal 0 0 1
    outer loop
      vertex 1.8519496992230415 0.22836140543222427 13.074285714285713
      vertex 80.14805030077696 0.22836140543222427 13.074285714285713
      vertex 80.41419021040201 0.3542362079024315 13.074285714285713
    endloop
  endfacet
  facet normal 0 0 1
    outer loop
      vertex 1.5858097895979881 0.3542362079024315 13.074285714285713
      vertex 80.41419021040201 0.3542362079024315 13.074285714285713
      vertex 80.66671069711447 0.5055911615490913 13.074285714285713
    endloop
  endfacet
  facet normal 0 0 1
    outer loop
      vertex 1.3332893028855324 0.5055911615490913 13.074285714285713
      vertex 80.66671069711447 0.5055911615490913 13.074285714285713
      vertex 80.90317985415459 0.6809686422348022 13.074285714285713
    endloop
  endfacet
  facet normal 0 0 1
    outer loop
      vertex 1.0968201458454132 0.6809686422348022 13.074285714285713
      vertex 80.90317985415459 0.6809686422348022 13.074285714285713
      vertex 81.1213203445077 0.8786796554923058 13.074285714285713
    endloop
  endfacet
  facet normal 0 0 1
    outer loop
      vertex 81.1213203445077 0.8786796554923058 13.074285714285713
      vertex 78 1 13.074285714285713
      vertex 4 1 13.074285714285713
    endloop
  endfacet
  facet normal 0.0490676704157047 -0.9987954563973426 0
    outer loop
      vertex 79.29405142366886 0.014445818960666656 0
      vertex 79.29405142366886 0.014445818960666656 13.074285714285713
      vertex 79 0 13.074285714285713
    endloop
  endfacet
  facet normal 0.14673047975168188 -0.989176509179146 0
    outer loop
      vertex 79.58527096360922 0.057644158601760864 0
      vertex 79.58527096360922 0.057644158601760864 13.074285714285713
      vertex 79.29405142366886 0.014445818960666656 13.074285714285713
    endloop
  endfacet
  facet normal 0.24298017786540688 -0.9700312537050007 0
    outer loop
      vertex 79.87085403501987 0.1291789934039116 0
      vertex 79.87085403501987 0.1291789934039116 13.074285714285713
      vertex 79.58527096360922 0.057644158601760864 13.074285714285713
    endloop
  endfacet
  facet normal 0.3368898600571533 -0.9415440627982695 0
    outer loop
      vertex 80.14805030077696 0.22836140543222427 0
      vertex 80.14805030077696 0.22836140543222427 13.074285714285713
      vertex 79.87085403501987 0.1291789934039116 13.074285714285713
    endloop
  endfacet
  facet normal 0.42755509276037695 -0.9039892934402849 0
    outer loop
      vertex 80.41419021040201 0.3542362079024315 0
      vertex 80.41419021040201 0.3542362079024315 13.074285714285713
      vertex 80.14805030077696 0.22836140543222427 13.074285714285713
    endloop
  endfacet
  facet normal 0.5141027407673995 -0.8577286120536308 0
    outer loop
      vertex 80.66671069711447 0.5055911615490913 0
      vertex 80.66671069711447 0.5055911615490913 13.074285714285713
      vertex 80.41419021040201 0.3542362079024315 13.074285714285713
    endloop
  endfacet
  facet normal 0.5956993071010399 -0.8032075295459704 0
    outer loop
      vertex 80.90317985415459 0.6809686422348022 0
      vertex 80.90317985415459 0.6809686422348022 13.074285714285713
      vertex 80.66671069711447 0.5055911615490913 13.074285714285713
    endloop
  endfacet
  facet normal 0.6715589499566086 -0.7409511297873682 0
    outer loop
      vertex 81.1213203445077 0.8786796554923058 0
      vertex 81.1213203445077 0.8786796554923058 13.074285714285713
      vertex 80.90317985415459 0.6809686422348022 13.074285714285713
    endloop
  endfacet
  facet normal 0.7409511297873682 -0.6715589499566086 0
    outer loop
      vertex 81.3190313577652 1.0968201458454132 0
      vertex 81.3190313577652 1.0968201458454132 13.074285714285713
      vertex 81.1213203445077 0.8786796554923058 13.074285714285713
    endloop
  endfacet
  facet normal 0.8032075295459704 -0.5956993071010399 0
    outer loop
      vertex 81.49440883845091 1.3332893028855324 0
      vertex 81.49440883845091 1.3332893028855324 13.074285714285713
      vertex 81.3190313577652 1.0968201458454132 13.074285714285713
    endloop
  endfacet
  facet normal 0.8577286120536308 -0.5141027407673995 0
    outer loop
      vertex 81.64576379209757 1.5858097895979881 0
      vertex 81.64576379209757 1.5858097895979881 13.074285714285713
      vertex 81.49440883845091 1.3332893028855324 13.074285714285713
    endloop
  endfacet
  facet normal 0.9039892934402849 -0.42755509276037695 0
    outer loop
      vertex 81.77163859456778 1.8519496992230415 0
      vertex 81.77163859456778 1.8519496992230415 13.074285714285713
      vertex 81.64576379209757 1.5858097895979881 13.074285714285713
    endloop
  endfacet
  facet normal 0.9415440627982695 -0.3368898600571533 0
    outer loop
      vertex 81.87082100659609 2.1291459649801254 0
      vertex 81.87082100659609 2.1291459649801254 13.074285714285713
      vertex 81.77163859456778 1.8519496992230415 13.074285714285713
    endloop
  endfacet
  facet normal 0.9700312537050007 -0.24298017786540688 0
    outer loop
      vertex 81.94235584139824 2.4147290363907814 0
      vertex 81.94235584139824 2.4147290363907814 13.074285714285713
      vertex 81.87082100659609 2.1291459649801254 13.074285714285713
    endloop
  endfacet
  facet normal 0.989176509179146 -0.14673047975168188 0
    outer loop
      vertex 81.98555418103933 2.7059485763311386 0
      vertex 81.98555418103933 2.7059485763311386 13.074285714285713
      vertex 81.94235584139824 2.4147290363907814 13.074285714285713
    endloop
  endfacet
  facet normal 0.9987954563973426 -0.0490676704157047 0
    outer loop
      vertex 82 3 0
      vertex 82 3 13.074285714285713
      vertex 81.98555418103933 2.7059485763311386 13.074285714285713
    endloop
  endfacet
  facet normal 0 0 1
    outer loop
      vertex 81.1213203445077 0.8786796554923058 13.074285714285713
      vertex 78.29405142366886 1.0144458189606667 13.074285714285713
      vertex 78 1 13.074285714285713
    endloop
  endfacet
  facet normal 0 0 1
    outer loop
      vertex 81.1213203445077 0.8786796554923058 13.074285714285713
      vertex 78.58527096360922 1.0576441586017609 13.074285714285713
      vertex 78.29405142366886 1.0144458189606667 13.074285714285713
    endloop
  endfacet
  facet normal 0 0 1
    outer loop
      vertex 81.3190313577652 1.0968201458454132 13.074285714285713
      vertex 78.87085403501987 1.1291789934039116 13.074285714285713
      vertex 78.58527096360922 1.0576441586017609 13.074285714285713
    endloop
  endfacet
  facet normal 0 0 1
    outer loop
      vertex 81.3190313577652 1.0968201458454132 13.074285714285713
      vertex 79.14805030077696 1.2283614054322243 13.074285714285713
      vertex 78.87085403501987 1.1291789934039116 13.074285714285713
    endloop
  endfacet
  facet normal 0 0 1
    outer loop
      vertex 81.1213203445077 0.8786796554923058 13.074285714285713
      vertex 81.3190313577652 1.0968201458454132 13.074285714285713
      vertex 78.58527096360922 1.0576441586017609 13.074285714285713
    endloop
  endfacet
  facet normal 0 0 1
    outer loop
      vertex 81.3190313577652 1.0968201458454132 13.074285714285713
      vertex 81.49440883845091 1.3332893028855324 13.074285714285713
      vertex 79.14805030077696 1.2283614054322243 13.074285714285713
    endloop
  endfacet
  facet normal 0 0 1
    outer loop
      vertex 81.49440883845091 1.3332893028855324 13.074285714285713
      vertex 79.41419021040201 1.3542362079024315 13.074285714285713
      vertex 79.14805030077696 1.2283614054322243 13.074285714285713
    endloop
  endfacet
  facet normal 0 0 1
    outer loop
      vertex 81.49440883845091 1.3332893028855324 13.074285714285713
      vertex 79.66671069711447 1.5055911615490913 13.074285714285713
      vertex 79.41419021040201 1.3542362079024315 13.074285714285713
    endloop
  endfacet
  facet normal 0 0 1
    outer loop
      vertex 81.64576379209757 1.5858097895979881 13.074285714285713
      vertex 79.90317985415459 1.6809686422348022 13.074285714285713
      vertex 79.66671069711447 1.5055911615490913 13.074285714285713
    endloop
  endfacet
  facet normal 0 0 1
    outer loop
      vertex 81.77163859456778 1.8519496992230415 13.074285714285713
      vertex 80.1213203445077 1.8786796554923058 13.074285714285713
      vertex 79.90317985415459 1.6809686422348022 13.074285714285713
    endloop
  endfacet
  facet normal 0 0 1
    outer loop
      vertex 81.49440883845091 1.3332893028855324 13.074285714285713
      vertex 81.64576379209757 1.5858097895979881 13.074285714285713
      vertex 79.66671069711447 1.5055911615490913 13.074285714285713
    endloop
  endfacet
  facet normal 0 0 1
    outer loop
      vertex 81.64576379209757 1.5858097895979881 13.074285714285713
      vertex 81.77163859456778 1.8519496992230415 13.074285714285713
      vertex 79.90317985415459 1.6809686422348022 13.074285714285713
    endloop
  endfacet
  facet normal 0 0 1
    outer loop
      vertex 81.77163859456778 1.8519496992230415 13.074285714285713
      vertex 80.3190313577652 2.096820145845413 13.074285714285713
      vertex 80.1213203445077 1.8786796554923058 13.074285714285713
    endloop
  endfacet
  facet normal 0 0 1
    outer loop
      vertex 81.87082100659609 2.1291459649801254 13.074285714285713
      vertex 80.49440883845091 2.3332893028855324 13.074285714285713
      vertex 80.3190313577652 2.096820145845413 13.074285714285713
    endloop
  endfacet
  facet normal 0 0 1
    outer loop
      vertex 81.94235584139824 2.4147290363907814 13.074285714285713
      vertex 80.64576379209757 2.585809789597988 13.074285714285713
      vertex 80.49440883845091 2.3332893028855324 13.074285714285713
    endloop
  endfacet
  facet normal 0 0 1
    outer loop
      vertex 81.77163859456778 1.8519496992230415 13.074285714285713
      vertex 81.87082100659609 2.1291459649801254 13.074285714285713
      vertex 80.3190313577652 2.096820145845413 13.074285714285713
    endloop
  endfacet
  facet normal 0 0 1
    outer loop
      vertex 81.87082100659609 2.1291459649801254 13.074285714285713
      vertex 81.94235584139824 2.4147290363907814 13.074285714285713
      vertex 80.49440883845091 2.3332893028855324 13.074285714285713
    endloop
  endfacet
  facet normal 0 0 1
    outer loop
      vertex 81.98555418103933 2.7059485763311386 13.074285714285713
      vertex 80.77163859456778 2.8519496992230415 13.074285714285713
      vertex 80.64576379209757 2.585809789597988 13.074285714285713
    endloop
  endfacet
  facet normal 0 0 1
    outer loop
      vertex 82 3 13.074285714285713
      vertex 80.87082100659609 3.1291459649801254 13.074285714285713
      vertex 80.77163859456778 2.8519496992230415 13.074285714285713
    endloop
  endfacet
  facet normal 0 0 1
    outer loop
      vertex 82 3 13.074285714285713
      vertex 80.94235584139824 3.4147290363907814 13.074285714285713
      vertex 80.87082100659609 3.1291459649801254 13.074285714285713
    endloop
  endfacet
  facet normal 0 0 1
    outer loop
      vertex 82 3 13.074285714285713
      vertex 80.98555418103933 3.7059485763311386 13.074285714285713
      vertex 80.94235584139824 3.4147290363907814 13.074285714285713
    endloop
  endfacet
  facet normal 0 0 1
    outer loop
      vertex 82 3 13.074285714285713
      vertex 81 4 13.074285714285713
      vertex 80.98555418103933 3.7059485763311386 13.074285714285713
    endloop
  endfacet
  facet normal 0 0 1
    outer loop
      vertex 81.94235584139824 2.4147290363907814 13.074285714285713
      vertex 81.98555418103933 2.7059485763311386 13.074285714285713
      vertex 80.64576379209757 2.585809789597988 13.074285714285713
    endloop
  endfacet
  facet normal 0 0 1
    outer loop
      vertex 81.98555418103933 2.7059485763311386 13.074285714285713
      vertex 82 3 13.074285714285713
      vertex 80.77163859456778 2.8519496992230415 13.074285714285713
    endloop
  endfacet
  facet normal 0 0 1
    outer loop
      vertex 82 3 13.074285714285713
      vertex 82 79 13.074285714285713
      vertex 81 4 13.074285714285713
    endloop
  endfacet
  facet normal 0 0 -1
    outer loop
      vertex 2.7059485763311386 81.98555418103933 0
      vertex 79 82 0
      vertex 79.29405142366886 81.98555418103933 0
    endloop
  endfacet
  facet normal 0 0 -1
    outer loop
      vertex 2.4147290363907814 81.94235584139824 0
      vertex 79.29405142366886 81.98555418103933 0
      vertex 79.58527096360922 81.94235584139824 0
    endloop
  endfacet
  facet normal 0 0 -1
    outer loop
      vertex 0 79 0
      vertex 81.98555418103933 79.29405142366886 0
      vertex 82 79 0
    endloop
  endfacet
  facet normal 0 0 -1
    outer loop
      vertex 0.014445818960666656 79.29405142366886 0
      vertex 81.94235584139824 79.58527096360922 0
      vertex 81.98555418103933 79.29405142366886 0
    endloop
  endfacet
  facet normal 0 0 -1
    outer loop
      vertex 0.057644158601760864 79.58527096360922 0
      vertex 81.87082100659609 79.87085403501987 0
      vertex 81.94235584139824 79.58527096360922 0
    endloop
  endfacet
  facet normal 0 0 -1
    outer loop
      vertex 0.1291789934039116 79.87085403501987 0
      vertex 81.77163859456778 80.14805030077696 0
      vertex 81.87082100659609 79.87085403501987 0
    endloop
  endfacet
  facet normal 0 0 -1
    outer loop
      vertex 0.22836140543222427 80.14805030077696 0
      vertex 81.64576379209757 80.41419021040201 0
      vertex 81.77163859456778 80.14805030077696 0
    endloop
  endfacet
  facet normal 0 0 -1
    outer loop
      vertex 0.3542362079024315 80.41419021040201 0
      vertex 81.49440883845091 80.66671069711447 0
      vertex 81.64576379209757 80.41419021040201 0
    endloop
  endfacet
  facet normal 0 0 -1
    outer loop
      vertex 0.5055911615490913 80.66671069711447 0
      vertex 81.3190313577652 80.90317985415459 0
      vertex 81.49440883845091 80.66671069711447 0
    endloop
  endfacet
  facet normal 0 0 -1
    outer loop
      vertex 0.6809686422348022 80.90317985415459 0
      vertex 81.1213203445077 81.1213203445077 0
      vertex 81.3190313577652 80.90317985415459 0
    endloop
  endfacet
  facet normal 0 0 -1
    outer loop
      vertex 0.8786796554923058 81.1213203445077 0
      vertex 80.90317985415459 81.3190313577652 0
      vertex 81.1213203445077 81.1213203445077 0
    endloop
  endfacet
  facet normal 0 0 -1
    outer loop
      vertex 1.8519496992230415 81.77163859456778 0
      vertex 79.87085403501987 81.87082100659609 0
      vertex 80.14805030077696 81.77163859456778 0
    endloop
  endfacet
  facet normal 0 0 -1
    outer loop
      vertex 2.1291459649801254 81.87082100659609 0
      vertex 79.58527096360922 81.94235584139824 0
      vertex 79.87085403501987 81.87082100659609 0
    endloop
  endfacet
  facet normal 0 0 -1
    outer loop
      vertex 1.5858097895979881 81.64576379209757 0
      vertex 80.14805030077696 81.77163859456778 0
      vertex 80.41419021040201 81.64576379209757 0
    endloop
  endfacet
  facet normal 0 0 -1
    outer loop
      vertex 1.0968201458454132 81.3190313577652 0
      vertex 80.66671069711447 81.49440883845091 0
      vertex 80.90317985415459 81.3190313577652 0
    endloop
  endfacet
  facet normal 0 0 -1
    outer loop
      vertex 1.3332893028855324 81.49440883845091 0
      vertex 80.41419021040201 81.64576379209757 0
      vertex 80.66671069711447 81.49440883845091 0
    endloop
  endfacet
  facet normal 0 1 0
    outer loop
      vertex 3 82 0
      vertex 79 82 13.074285714285713
      vertex 79 82 0
    endloop
  endfacet
  facet normal 0.0490676704157047 0.9987954563973426 0
    outer loop
      vertex 79 82 0
      vertex 79.29405142366886 81.98555418103933 13.074285714285713
      vertex 79.29405142366886 81.98555418103933 0
    endloop
  endfacet
  facet normal 0.9987954563973426 0.0490676704157047 0
    outer loop
      vertex 82 79 0
      vertex 81.98555418103933 79.29405142366886 0
      vertex 82 79 13.074285714285713
    endloop
  endfacet
  facet normal 0.989176509179146 0.14673047975168188 0
    outer loop
      vertex 81.98555418103933 79.29405142366886 0
      vertex 81.94235584139824 79.58527096360922 0
      vertex 81.98555418103933 79.29405142366886 13.074285714285713
    endloop
  endfacet
  facet normal 0.14673047975168188 0.989176509179146 0
    outer loop
      vertex 79.29405142366886 81.98555418103933 0
      vertex 79.58527096360922 81.94235584139824 13.074285714285713
      vertex 79.58527096360922 81.94235584139824 0
    endloop
  endfacet
  facet normal 0.24298017786540688 0.9700312537050007 0
    outer loop
      vertex 79.58527096360922 81.94235584139824 0
      vertex 79.87085403501987 81.87082100659609 13.074285714285713
      vertex 79.87085403501987 81.87082100659609 0
    endloop
  endfacet
  facet normal 0.3368898600571533 0.9415440627982695 0
    outer loop
      vertex 79.87085403501987 81.87082100659609 0
      vertex 80.14805030077696 81.77163859456778 13.074285714285713
      vertex 80.14805030077696 81.77163859456778 0
    endloop
  endfacet
  facet normal 0.42755509276037695 0.9039892934402849 0
    outer loop
      vertex 80.14805030077696 81.77163859456778 0
      vertex 80.41419021040201 81.64576379209757 13.074285714285713
      vertex 80.41419021040201 81.64576379209757 0
    endloop
  endfacet
  facet normal 0.5141027407673995 0.8577286120536308 0
    outer loop
      vertex 80.41419021040201 81.64576379209757 0
      vertex 80.66671069711447 81.49440883845091 13.074285714285713
      vertex 80.66671069711447 81.49440883845091 0
    endloop
  endfacet
  facet normal 0.9700312537050007 0.24298017786540688 0
    outer loop
      vertex 81.94235584139824 79.58527096360922 0
      vertex 81.87082100659609 79.87085403501987 0
      vertex 81.94235584139824 79.58527096360922 13.074285714285713
    endloop
  endfacet
  facet normal 0.9415440627982695 0.3368898600571533 0
    outer loop
      vertex 81.87082100659609 79.87085403501987 0
      vertex 81.77163859456778 80.14805030077696 0
      vertex 81.87082100659609 79.87085403501987 13.074285714285713
    endloop
  endfacet
  facet normal 0.8577286120536308 0.5141027407673995 0
    outer loop
      vertex 81.49440883845091 80.66671069711447 0
      vertex 81.64576379209757 80.41419021040201 13.074285714285713
      vertex 81.64576379209757 80.41419021040201 0
    endloop
  endfacet
  facet normal 0.9039892934402849 0.42755509276037695 0
    outer loop
      vertex 81.64576379209757 80.41419021040201 0
      vertex 81.77163859456778 80.14805030077696 13.074285714285713
      vertex 81.77163859456778 80.14805030077696 0
    endloop
  endfacet
  facet normal 0.7409511297873682 0.6715589499566086 0
    outer loop
      vertex 81.3190313577652 80.90317985415459 0
      vertex 81.1213203445077 81.1213203445077 0
      vertex 81.3190313577652 80.90317985415459 13.074285714285713
    endloop
  endfacet
  facet normal 0.6715589499566086 0.7409511297873682 0
    outer loop
      vertex 80.90317985415459 81.3190313577652 0
      vertex 81.1213203445077 81.1213203445077 13.074285714285713
      vertex 81.1213203445077 81.1213203445077 0
    endloop
  endfacet
  facet normal 0.5956993071010399 0.8032075295459704 0
    outer loop
      vertex 80.66671069711447 81.49440883845091 0
      vertex 80.90317985415459 81.3190313577652 13.074285714285713
      vertex 80.90317985415459 81.3190313577652 0
    endloop
  endfacet
  facet normal 0.8032075295459704 0.5956993071010399 0
    outer loop
      vertex 81.49440883845091 80.66671069711447 0
      vertex 81.3190313577652 80.90317985415459 0
      vertex 81.49440883845091 80.66671069711447 13.074285714285713
    endloop
  endfacet
  facet normal 0 0 1
    outer loop
      vertex 0.8786796554923058 81.1213203445077 13.074285714285713
      vertex 78 81 13.074285714285713
      vertex 81.1213203445077 81.1213203445077 13.074285714285713
    endloop
  endfacet
  facet normal 0 0 1
    outer loop
      vertex 2.7059485763311386 81.98555418103933 13.074285714285713
      vertex 79.29405142366886 81.98555418103933 13.074285714285713
      vertex 79 82 13.074285714285713
    endloop
  endfacet
  facet normal 0 0 1
    outer loop
      vertex 2.4147290363907814 81.94235584139824 13.074285714285713
      vertex 79.58527096360922 81.94235584139824 13.074285714285713
      vertex 79.29405142366886 81.98555418103933 13.074285714285713
    endloop
  endfacet
  facet normal 0 0 1
    outer loop
      vertex 0.8786796554923058 81.1213203445077 13.074285714285713
      vertex 81.1213203445077 81.1213203445077 13.074285714285713
      vertex 80.90317985415459 81.3190313577652 13.074285714285713
    endloop
  endfacet
  facet normal 0 0 1
    outer loop
      vertex 1.8519496992230415 81.77163859456778 13.074285714285713
      vertex 80.14805030077696 81.77163859456778 13.074285714285713
      vertex 79.87085403501987 81.87082100659609 13.074285714285713
    endloop
  endfacet
  facet normal 0 0 1
    outer loop
      vertex 2.1291459649801254 81.87082100659609 13.074285714285713
      vertex 79.87085403501987 81.87082100659609 13.074285714285713
      vertex 79.58527096360922 81.94235584139824 13.074285714285713
    endloop
  endfacet
  facet normal 0 0 1
    outer loop
      vertex 1.5858097895979881 81.64576379209757 13.074285714285713
      vertex 80.41419021040201 81.64576379209757 13.074285714285713
      vertex 80.14805030077696 81.77163859456778 13.074285714285713
    endloop
  endfacet
  facet normal 0 0 1
    outer loop
      vertex 1.0968201458454132 81.3190313577652 13.074285714285713
      vertex 80.90317985415459 81.3190313577652 13.074285714285713
      vertex 80.66671069711447 81.49440883845091 13.074285714285713
    endloop
  endfacet
  facet normal 0 0 1
    outer loop
      vertex 1.3332893028855324 81.49440883845091 13.074285714285713
      vertex 80.66671069711447 81.49440883845091 13.074285714285713
      vertex 80.41419021040201 81.64576379209757 13.074285714285713
    endloop
  endfacet
  facet normal 1 0 0
    outer loop
      vertex 82 3 13.074285714285713
      vertex 82 79 0
      vertex 82 79 13.074285714285713
    endloop
  endfacet
  facet normal 0 0 1
    outer loop
      vertex 82 79 13.074285714285713
      vertex 81 78 13.074285714285713
      vertex 81 4 13.074285714285713
    endloop
  endfacet
  facet normal 0.0490676704157047 0.9987954563973426 0
    outer loop
      vertex 79 82 0
      vertex 79 82 13.074285714285713
      vertex 79.29405142366886 81.98555418103933 13.074285714285713
    endloop
  endfacet
  facet normal 0.14673047975168188 0.989176509179146 0
    outer loop
      vertex 79.29405142366886 81.98555418103933 0
      vertex 79.29405142366886 81.98555418103933 13.074285714285713
      vertex 79.58527096360922 81.94235584139824 13.074285714285713
    endloop
  endfacet
  facet normal 0.9987954563973426 0.0490676704157047 0
    outer loop
      vertex 81.98555418103933 79.29405142366886 0
      vertex 81.98555418103933 79.29405142366886 13.074285714285713
      vertex 82 79 13.074285714285713
    endloop
  endfacet
  facet normal 0.24298017786540688 0.9700312537050007 0
    outer loop
      vertex 79.58527096360922 81.94235584139824 0
      vertex 79.58527096360922 81.94235584139824 13.074285714285713
      vertex 79.87085403501987 81.87082100659609 13.074285714285713
    endloop
  endfacet
  facet normal 0.3368898600571533 0.9415440627982695 0
    outer loop
      vertex 79.87085403501987 81.87082100659609 0
      vertex 79.87085403501987 81.87082100659609 13.074285714285713
      vertex 80.14805030077696 81.77163859456778 13.074285714285713
    endloop
  endfacet
  facet normal 0.42755509276037695 0.9039892934402849 0
    outer loop
      vertex 80.14805030077696 81.77163859456778 0
      vertex 80.14805030077696 81.77163859456778 13.074285714285713
      vertex 80.41419021040201 81.64576379209757 13.074285714285713
    endloop
  endfacet
  facet normal 0.5141027407673995 0.8577286120536308 0
    outer loop
      vertex 80.41419021040201 81.64576379209757 0
      vertex 80.41419021040201 81.64576379209757 13.074285714285713
      vertex 80.66671069711447 81.49440883845091 13.074285714285713
    endloop
  endfacet
  facet normal 0.989176509179146 0.14673047975168188 0
    outer loop
      vertex 81.94235584139824 79.58527096360922 0
      vertex 81.94235584139824 79.58527096360922 13.074285714285713
      vertex 81.98555418103933 79.29405142366886 13.074285714285713
    endloop
  endfacet
  facet normal 0.9415440627982695 0.3368898600571533 0
    outer loop
      vertex 81.77163859456778 80.14805030077696 0
      vertex 81.77163859456778 80.14805030077696 13.074285714285713
      vertex 81.87082100659609 79.87085403501987 13.074285714285713
    endloop
  endfacet
  facet normal 0.9700312537050007 0.24298017786540688 0
    outer loop
      vertex 81.87082100659609 79.87085403501987 0
      vertex 81.87082100659609 79.87085403501987 13.074285714285713
      vertex 81.94235584139824 79.58527096360922 13.074285714285713
    endloop
  endfacet
  facet normal 0.8577286120536308 0.5141027407673995 0
    outer loop
      vertex 81.49440883845091 80.66671069711447 0
      vertex 81.49440883845091 80.66671069711447 13.074285714285713
      vertex 81.64576379209757 80.41419021040201 13.074285714285713
    endloop
  endfacet
  facet normal 0.9039892934402849 0.42755509276037695 0
    outer loop
      vertex 81.64576379209757 80.41419021040201 0
      vertex 81.64576379209757 80.41419021040201 13.074285714285713
      vertex 81.77163859456778 80.14805030077696 13.074285714285713
    endloop
  endfacet
  facet normal 0.6715589499566086 0.7409511297873682 0
    outer loop
      vertex 80.90317985415459 81.3190313577652 0
      vertex 80.90317985415459 81.3190313577652 13.074285714285713
      vertex 81.1213203445077 81.1213203445077 13.074285714285713
    endloop
  endfacet
  facet normal 0.7409511297873682 0.6715589499566086 0
    outer loop
      vertex 81.1213203445077 81.1213203445077 0
      vertex 81.1213203445077 81.1213203445077 13.074285714285713
      vertex 81.3190313577652 80.90317985415459 13.074285714285713
    endloop
  endfacet
  facet normal 0.5956993071010399 0.8032075295459704 0
    outer loop
      vertex 80.66671069711447 81.49440883845091 0
      vertex 80.66671069711447 81.49440883845091 13.074285714285713
      vertex 80.90317985415459 81.3190313577652 13.074285714285713
    endloop
  endfacet
  facet normal 0.8032075295459704 0.5956993071010399 0
    outer loop
      vertex 81.3190313577652 80.90317985415459 0
      vertex 81.3190313577652 80.90317985415459 13.074285714285713
      vertex 81.49440883845091 80.66671069711447 13.074285714285713
    endloop
  endfacet
  facet normal 0 0 1
    outer loop
      vertex 81.1213203445077 81.1213203445077 13.074285714285713
      vertex 78 81 13.074285714285713
      vertex 78.29405142366886 80.98555418103933 13.074285714285713
    endloop
  endfacet
  facet normal 0 0 1
    outer loop
      vertex 81.1213203445077 81.1213203445077 13.074285714285713
      vertex 78.29405142366886 80.98555418103933 13.074285714285713
      vertex 78.58527096360922 80.94235584139824 13.074285714285713
    endloop
  endfacet
  facet normal 0 0 1
    outer loop
      vertex 82 79 13.074285714285713
      vertex 80.98555418103933 78.29405142366886 13.074285714285713
      vertex 81 78 13.074285714285713
    endloop
  endfacet
  facet normal 0 0 1
    outer loop
      vertex 82 79 13.074285714285713
      vertex 80.94235584139824 78.58527096360922 13.074285714285713
      vertex 80.98555418103933 78.29405142366886 13.074285714285713
    endloop
  endfacet
  facet normal 0 0 1
    outer loop
      vertex 82 79 13.074285714285713
      vertex 80.87082100659609 78.87085403501987 13.074285714285713
      vertex 80.94235584139824 78.58527096360922 13.074285714285713
    endloop
  endfacet
  facet normal 0 0 1
    outer loop
      vertex 81.98555418103933 79.29405142366886 13.074285714285713
      vertex 80.77163859456778 79.14805030077696 13.074285714285713
      vertex 80.87082100659609 78.87085403501987 13.074285714285713
    endloop
  endfacet
  facet normal 0 0 1
    outer loop
      vertex 81.94235584139824 79.58527096360922 13.074285714285713
      vertex 80.64576379209757 79.41419021040201 13.074285714285713
      vertex 80.77163859456778 79.14805030077696 13.074285714285713
    endloop
  endfacet
  facet normal 0 0 1
    outer loop
      vertex 82 79 13.074285714285713
      vertex 81.98555418103933 79.29405142366886 13.074285714285713
      vertex 80.87082100659609 78.87085403501987 13.074285714285713
    endloop
  endfacet
  facet normal 0 0 1
    outer loop
      vertex 81.98555418103933 79.29405142366886 13.074285714285713
      vertex 81.94235584139824 79.58527096360922 13.074285714285713
      vertex 80.77163859456778 79.14805030077696 13.074285714285713
    endloop
  endfacet
  facet normal 0 0 1
    outer loop
      vertex 81.49440883845091 80.66671069711447 13.074285714285713
      vertex 79.41419021040201 80.64576379209757 13.074285714285713
      vertex 79.66671069711447 80.49440883845091 13.074285714285713
    endloop
  endfacet
  facet normal 0 0 1
    outer loop
      vertex 81.49440883845091 80.66671069711447 13.074285714285713
      vertex 79.66671069711447 80.49440883845091 13.074285714285713
      vertex 79.90317985415459 80.3190313577652 13.074285714285713
    endloop
  endfacet
  facet normal 0 0 1
    outer loop
      vertex 81.64576379209757 80.41419021040201 13.074285714285713
      vertex 79.90317985415459 80.3190313577652 13.074285714285713
      vertex 80.1213203445077 80.1213203445077 13.074285714285713
    endloop
  endfacet
  facet normal 0 0 1
    outer loop
      vertex 81.1213203445077 81.1213203445077 13.074285714285713
      vertex 78.58527096360922 80.94235584139824 13.074285714285713
      vertex 78.87085403501987 80.87082100659609 13.074285714285713
    endloop
  endfacet
  facet normal 0 0 1
    outer loop
      vertex 81.3190313577652 80.90317985415459 13.074285714285713
      vertex 78.87085403501987 80.87082100659609 13.074285714285713
      vertex 79.14805030077696 80.77163859456778 13.074285714285713
    endloop
  endfacet
  facet normal 0 0 1
    outer loop
      vertex 81.3190313577652 80.90317985415459 13.074285714285713
      vertex 79.14805030077696 80.77163859456778 13.074285714285713
      vertex 79.41419021040201 80.64576379209757 13.074285714285713
    endloop
  endfacet
  facet normal 0 0 1
    outer loop
      vertex 81.3190313577652 80.90317985415459 13.074285714285713
      vertex 81.1213203445077 81.1213203445077 13.074285714285713
      vertex 78.87085403501987 80.87082100659609 13.074285714285713
    endloop
  endfacet
  facet normal 0 0 1
    outer loop
      vertex 81.87082100659609 79.87085403501987 13.074285714285713
      vertex 80.49440883845091 79.66671069711447 13.074285714285713
      vertex 80.64576379209757 79.41419021040201 13.074285714285713
    endloop
  endfacet
  facet normal 0 0 1
    outer loop
      vertex 81.77163859456778 80.14805030077696 13.074285714285713
      vertex 80.3190313577652 79.90317985415459 13.074285714285713
      vertex 80.49440883845091 79.66671069711447 13.074285714285713
    endloop
  endfacet
  facet normal 0 0 1
    outer loop
      vertex 81.77163859456778 80.14805030077696 13.074285714285713
      vertex 80.1213203445077 80.1213203445077 13.074285714285713
      vertex 80.3190313577652 79.90317985415459 13.074285714285713
    endloop
  endfacet
  facet normal 0 0 1
    outer loop
      vertex 81.49440883845091 80.66671069711447 13.074285714285713
      vertex 79.90317985415459 80.3190313577652 13.074285714285713
      vertex 81.64576379209757 80.41419021040201 13.074285714285713
    endloop
  endfacet
  facet normal 0 0 1
    outer loop
      vertex 81.64576379209757 80.41419021040201 13.074285714285713
      vertex 80.1213203445077 80.1213203445077 13.074285714285713
      vertex 81.77163859456778 80.14805030077696 13.074285714285713
    endloop
  endfacet
  facet normal 0 0 1
    outer loop
      vertex 81.94235584139824 79.58527096360922 13.074285714285713
      vertex 81.87082100659609 79.87085403501987 13.074285714285713
      vertex 80.64576379209757 79.41419021040201 13.074285714285713
    endloop
  endfacet
  facet normal 0 0 1
    outer loop
      vertex 81.87082100659609 79.87085403501987 13.074285714285713
      vertex 81.77163859456778 80.14805030077696 13.074285714285713
      vertex 80.49440883845091 79.66671069711447 13.074285714285713
    endloop
  endfacet
  facet normal 0 0 1
    outer loop
      vertex 81.49440883845091 80.66671069711447 13.074285714285713
      vertex 81.3190313577652 80.90317985415459 13.074285714285713
      vertex 79.41419021040201 80.64576379209757 13.074285714285713
    endloop
  endfacet
  facet normal 0.8577286120536309 0.5141027407673995 0
    outer loop
      vertex 1.5055911615490913 2.3332893028855324 1
      vertex 1.3542362079024315 2.585809789597988 1
      vertex 1.3542362079024315 2.585809789597988 13.074285714285713
    endloop
  endfacet
  facet normal 0.8032075295459705 0.5956993071010399 0
    outer loop
      vertex 1.6809686422348022 2.096820145845413 1
      vertex 1.5055911615490913 2.3332893028855324 1
      vertex 1.5055911615490913 2.3332893028855324 13.074285714285713
    endloop
  endfacet
  facet normal 0.7409511297873682 0.6715589499566086 0
    outer loop
      vertex 1.8786796554923058 1.8786796554923058 1
      vertex 1.6809686422348022 2.096820145845413 1
      vertex 1.6809686422348022 2.096820145845413 13.074285714285713
    endloop
  endfacet
  facet normal 0.6715589499566086 0.7409511297873682 0
    outer loop
      vertex 1.8786796554923058 1.8786796554923058 1
      vertex 1.8786796554923058 1.8786796554923058 13.074285714285713
      vertex 2.096820145845413 1.6809686422348022 1
    endloop
  endfacet
  facet normal 0.5956993071010399 0.8032075295459705 0
    outer loop
      vertex 2.096820145845413 1.6809686422348022 1
      vertex 2.096820145845413 1.6809686422348022 13.074285714285713
      vertex 2.3332893028855324 1.5055911615490913 1
    endloop
  endfacet
  facet normal 0.5141027407673995 0.8577286120536309 0
    outer loop
      vertex 2.3332893028855324 1.5055911615490913 1
      vertex 2.3332893028855324 1.5055911615490913 13.074285714285713
      vertex 2.585809789597988 1.3542362079024315 1
    endloop
  endfacet
  facet normal 0.9039892934402849 0.427555092760377 0
    outer loop
      vertex 1.2283614054322243 2.8519496992230415 1
      vertex 1.2283614054322243 2.8519496992230415 13.074285714285713
      vertex 1.3542362079024315 2.585809789597988 1
    endloop
  endfacet
  facet normal 0.9415440627982695 0.3368898600571533 0
    outer loop
      vertex 1.2283614054322243 2.8519496992230415 1
      vertex 1.1291789934039116 3.1291459649801254 1
      vertex 1.1291789934039116 3.1291459649801254 13.074285714285713
    endloop
  endfacet
  facet normal 0.9700312537050007 0.24298017786540688 0
    outer loop
      vertex 1.1291789934039116 3.1291459649801254 1
      vertex 1.0576441586017609 3.4147290363907814 1
      vertex 1.0576441586017609 3.4147290363907814 13.074285714285713
    endloop
  endfacet
  facet normal 0.989176509179146 0.14673047975168188 0
    outer loop
      vertex 1.0576441586017609 3.4147290363907814 1
      vertex 1.0144458189606667 3.7059485763311386 1
      vertex 1.0144458189606667 3.7059485763311386 13.074285714285713
    endloop
  endfacet
  facet normal 0.9987954563973426 0.049067670415704694 0
    outer loop
      vertex 1.0144458189606667 3.7059485763311386 1
      vertex 1 4 1
      vertex 1 4 13.074285714285713
    endloop
  endfacet
  facet normal 0.3368898600571533 0.9415440627982695 0
    outer loop
      vertex 2.8519496992230415 1.2283614054322243 1
      vertex 2.8519496992230415 1.2283614054322243 13.074285714285713
      vertex 3.1291459649801254 1.1291789934039116 1
    endloop
  endfacet
  facet normal 0.24298017786540688 0.9700312537050007 0
    outer loop
      vertex 3.1291459649801254 1.1291789934039116 1
      vertex 3.1291459649801254 1.1291789934039116 13.074285714285713
      vertex 3.4147290363907814 1.0576441586017609 1
    endloop
  endfacet
  facet normal 0.14673047975168188 0.989176509179146 0
    outer loop
      vertex 3.4147290363907814 1.0576441586017609 1
      vertex 3.4147290363907814 1.0576441586017609 13.074285714285713
      vertex 3.7059485763311386 1.0144458189606667 1
    endloop
  endfacet
  facet normal 0.049067670415704694 0.9987954563973426 0
    outer loop
      vertex 3.7059485763311386 1.0144458189606667 1
      vertex 3.7059485763311386 1.0144458189606667 13.074285714285713
      vertex 4 1 1
    endloop
  endfacet
  facet normal 0.427555092760377 0.9039892934402849 0
    outer loop
      vertex 2.8519496992230415 1.2283614054322243 1
      vertex 2.585809789597988 1.3542362079024315 1
      vertex 2.585809789597988 1.3542362079024315 13.074285714285713
    endloop
  endfacet
  facet normal 0 0 1
    outer loop
      vertex 2.096820145845413 1.6809686422348022 1
      vertex 2.3332893028855324 1.5055911615490913 1
      vertex 79.90317985415459 1.6809686422348022 1
    endloop
  endfacet
  facet normal 0 0 1
    outer loop
      vertex 1.8786796554923058 1.8786796554923058 1
      vertex 2.096820145845413 1.6809686422348022 1
      vertex 80.1213203445077 1.8786796554923058 1
    endloop
  endfacet
  facet normal 0 0 1
    outer loop
      vertex 1.5055911615490913 2.3332893028855324 1
      vertex 80.64576379209757 2.585809789597988 1
      vertex 1.3542362079024315 2.585809789597988 1
    endloop
  endfacet
  facet normal 0 0 1
    outer loop
      vertex 1.8786796554923058 1.8786796554923058 1
      vertex 80.3190313577652 2.096820145845413 1
      vertex 1.6809686422348022 2.096820145845413 1
    endloop
  endfacet
  facet normal 0 0 1
    outer loop
      vertex 1.6809686422348022 2.096820145845413 1
      vertex 80.49440883845091 2.3332893028855324 1
      vertex 1.5055911615490913 2.3332893028855324 1
    endloop
  endfacet
  facet normal 0 0 1
    outer loop
      vertex 1.2283614054322243 2.8519496992230415 1
      vertex 1.3542362079024315 2.585809789597988 1
      vertex 80.77163859456778 2.8519496992230415 1
    endloop
  endfacet
  facet normal 0 0 1
    outer loop
      vertex 1.2283614054322243 2.8519496992230415 1
      vertex 80.87082100659609 3.1291459649801254 1
      vertex 1.1291789934039116 3.1291459649801254 1
    endloop
  endfacet
  facet normal 0 0 1
    outer loop
      vertex 1.1291789934039116 3.1291459649801254 1
      vertex 80.94235584139824 3.4147290363907814 1
      vertex 1.0576441586017609 3.4147290363907814 1
    endloop
  endfacet
  facet normal 0 0 1
    outer loop
      vertex 1.0576441586017609 3.4147290363907814 1
      vertex 80.98555418103933 3.7059485763311386 1
      vertex 1.0144458189606667 3.7059485763311386 1
    endloop
  endfacet
  facet normal 0 0 1
    outer loop
      vertex 1.0144458189606667 3.7059485763311386 1
      vertex 81 4 1
      vertex 1 4 1
    endloop
  endfacet
  facet normal 0 0 1
    outer loop
      vertex 3.1291459649801254 1.1291789934039116 1
      vertex 3.4147290363907814 1.0576441586017609 1
      vertex 78.87085403501987 1.1291789934039116 1
    endloop
  endfacet
  facet normal 0 0 1
    outer loop
      vertex 2.8519496992230415 1.2283614054322243 1
      vertex 3.1291459649801254 1.1291789934039116 1
      vertex 79.14805030077696 1.2283614054322243 1
    endloop
  endfacet
  facet normal 0 0 1
    outer loop
      vertex 3.4147290363907814 1.0576441586017609 1
      vertex 3.7059485763311386 1.0144458189606667 1
      vertex 78.58527096360922 1.0576441586017609 1
    endloop
  endfacet
  facet normal 0 0 1
    outer loop
      vertex 3.7059485763311386 1.0144458189606667 1
      vertex 4 1 1
      vertex 78.29405142366886 1.0144458189606667 1
    endloop
  endfacet
  facet normal 0 0 1
    outer loop
      vertex 2.8519496992230415 1.2283614054322243 1
      vertex 79.41419021040201 1.3542362079024315 1
      vertex 2.585809789597988 1.3542362079024315 1
    endloop
  endfacet
  facet normal 0 0 1
    outer loop
      vertex 2.3332893028855324 1.5055911615490913 1
      vertex 2.585809789597988 1.3542362079024315 1
      vertex 79.66671069711447 1.5055911615490913 1
    endloop
  endfacet
  facet normal 0 1 0
    outer loop
      vertex 4 1 1
      vertex 4 1 13.074285714285713
      vertex 78 1 1
    endloop
  endfacet
  facet normal 0.8577286120536309 0.5141027407673995 0
    outer loop
      vertex 1.5055911615490913 2.3332893028855324 1
      vertex 1.3542362079024315 2.585809789597988 13.074285714285713
      vertex 1.5055911615490913 2.3332893028855324 13.074285714285713
    endloop
  endfacet
  facet normal 0.8032075295459705 0.5956993071010399 0
    outer loop
      vertex 1.6809686422348022 2.096820145845413 1
      vertex 1.5055911615490913 2.3332893028855324 13.074285714285713
      vertex 1.6809686422348022 2.096820145845413 13.074285714285713
    endloop
  endfacet
  facet normal 0.7409511297873682 0.6715589499566086 0
    outer loop
      vertex 1.8786796554923058 1.8786796554923058 1
      vertex 1.6809686422348022 2.096820145845413 13.074285714285713
      vertex 1.8786796554923058 1.8786796554923058 13.074285714285713
    endloop
  endfacet
  facet normal 0.6715589499566086 0.7409511297873682 0
    outer loop
      vertex 2.096820145845413 1.6809686422348022 1
      vertex 1.8786796554923058 1.8786796554923058 13.074285714285713
      vertex 2.096820145845413 1.6809686422348022 13.074285714285713
    endloop
  endfacet
  facet normal 0.5956993071010399 0.8032075295459705 0
    outer loop
      vertex 2.3332893028855324 1.5055911615490913 1
      vertex 2.096820145845413 1.6809686422348022 13.074285714285713
      vertex 2.3332893028855324 1.5055911615490913 13.074285714285713
    endloop
  endfacet
  facet normal 0.5141027407673995 0.8577286120536309 0
    outer loop
      vertex 2.585809789597988 1.3542362079024315 1
      vertex 2.3332893028855324 1.5055911615490913 13.074285714285713
      vertex 2.585809789597988 1.3542362079024315 13.074285714285713
    endloop
  endfacet
  facet normal 0.9415440627982695 0.3368898600571533 0
    outer loop
      vertex 1.2283614054322243 2.8519496992230415 1
      vertex 1.1291789934039116 3.1291459649801254 13.074285714285713
      vertex 1.2283614054322243 2.8519496992230415 13.074285714285713
    endloop
  endfacet
  facet normal 0.9700312537050007 0.24298017786540688 0
    outer loop
      vertex 1.1291789934039116 3.1291459649801254 1
      vertex 1.0576441586017609 3.4147290363907814 13.074285714285713
      vertex 1.1291789934039116 3.1291459649801254 13.074285714285713
    endloop
  endfacet
  facet normal 0.989176509179146 0.14673047975168188 0
    outer loop
      vertex 1.0576441586017609 3.4147290363907814 1
      vertex 1.0144458189606667 3.7059485763311386 13.074285714285713
      vertex 1.0576441586017609 3.4147290363907814 13.074285714285713
    endloop
  endfacet
  facet normal 0.9987954563973426 0.049067670415704694 0
    outer loop
      vertex 1.0144458189606667 3.7059485763311386 1
      vertex 1 4 13.074285714285713
      vertex 1.0144458189606667 3.7059485763311386 13.074285714285713
    endloop
  endfacet
  facet normal 0.9039892934402849 0.427555092760377 0
    outer loop
      vertex 1.3542362079024315 2.585809789597988 1
      vertex 1.2283614054322243 2.8519496992230415 13.074285714285713
      vertex 1.3542362079024315 2.585809789597988 13.074285714285713
    endloop
  endfacet
  facet normal 0.427555092760377 0.9039892934402849 0
    outer loop
      vertex 2.8519496992230415 1.2283614054322243 1
      vertex 2.585809789597988 1.3542362079024315 13.074285714285713
      vertex 2.8519496992230415 1.2283614054322243 13.074285714285713
    endloop
  endfacet
  facet normal 0.3368898600571533 0.9415440627982695 0
    outer loop
      vertex 3.1291459649801254 1.1291789934039116 1
      vertex 2.8519496992230415 1.2283614054322243 13.074285714285713
      vertex 3.1291459649801254 1.1291789934039116 13.074285714285713
    endloop
  endfacet
  facet normal 0.24298017786540688 0.9700312537050007 0
    outer loop
      vertex 3.4147290363907814 1.0576441586017609 1
      vertex 3.1291459649801254 1.1291789934039116 13.074285714285713
      vertex 3.4147290363907814 1.0576441586017609 13.074285714285713
    endloop
  endfacet
  facet normal 0.14673047975168188 0.989176509179146 0
    outer loop
      vertex 3.7059485763311386 1.0144458189606667 1
      vertex 3.4147290363907814 1.0576441586017609 13.074285714285713
      vertex 3.7059485763311386 1.0144458189606667 13.074285714285713
    endloop
  endfacet
  facet normal 0.049067670415704694 0.9987954563973426 0
    outer loop
      vertex 4 1 1
      vertex 3.7059485763311386 1.0144458189606667 13.074285714285713
      vertex 4 1 13.074285714285713
    endloop
  endfacet
  facet normal 1 0 0
    outer loop
      vertex 1 4 1
      vertex 1 78 13.074285714285713
      vertex 1 4 13.074285714285713
    endloop
  endfacet
  facet normal 1 0 0
    outer loop
      vertex 1 4 1
      vertex 1 78 1
      vertex 1 78 13.074285714285713
    endloop
  endfacet
  facet normal 0.9987954563973426 -0.049067670415704694 0
    outer loop
      vertex 1 78 1
      vertex 1.0144458189606667 78.29405142366886 1
      vertex 1.0144458189606667 78.29405142366886 13.074285714285713
    endloop
  endfacet
  facet normal 0.989176509179146 -0.14673047975168188 0
    outer loop
      vertex 1.0144458189606667 78.29405142366886 1
      vertex 1.0576441586017609 78.58527096360922 1
      vertex 1.0576441586017609 78.58527096360922 13.074285714285713
    endloop
  endfacet
  facet normal 0.9700312537050007 -0.24298017786540688 0
    outer loop
      vertex 1.0576441586017609 78.58527096360922 1
      vertex 1.1291789934039116 78.87085403501987 1
      vertex 1.1291789934039116 78.87085403501987 13.074285714285713
    endloop
  endfacet
  facet normal 0.9415440627982695 -0.3368898600571533 0
    outer loop
      vertex 1.1291789934039116 78.87085403501987 1
      vertex 1.2283614054322243 79.14805030077696 1
      vertex 1.2283614054322243 79.14805030077696 13.074285714285713
    endloop
  endfacet
  facet normal 0.9039892934402849 -0.427555092760377 0
    outer loop
      vertex 1.2283614054322243 79.14805030077696 1
      vertex 1.3542362079024315 79.41419021040201 1
      vertex 1.3542362079024315 79.41419021040201 13.074285714285713
    endloop
  endfacet
  facet normal 0.8577286120536309 -0.5141027407673995 0
    outer loop
      vertex 1.3542362079024315 79.41419021040201 1
      vertex 1.5055911615490913 79.66671069711447 1
      vertex 1.5055911615490913 79.66671069711447 13.074285714285713
    endloop
  endfacet
  facet normal 0.8032075295459705 -0.5956993071010399 0
    outer loop
      vertex 1.5055911615490913 79.66671069711447 1
      vertex 1.6809686422348022 79.90317985415459 1
      vertex 1.6809686422348022 79.90317985415459 13.074285714285713
    endloop
  endfacet
  facet normal 0.7409511297873682 -0.6715589499566086 0
    outer loop
      vertex 1.6809686422348022 79.90317985415459 1
      vertex 1.8786796554923058 80.1213203445077 1
      vertex 1.8786796554923058 80.1213203445077 13.074285714285713
    endloop
  endfacet
  facet normal 0.6715589499566086 -0.7409511297873682 0
    outer loop
      vertex 1.8786796554923058 80.1213203445077 1
      vertex 2.096820145845413 80.3190313577652 1
      vertex 2.096820145845413 80.3190313577652 13.074285714285713
    endloop
  endfacet
  facet normal 0.5956993071010399 -0.8032075295459705 0
    outer loop
      vertex 2.096820145845413 80.3190313577652 1
      vertex 2.3332893028855324 80.49440883845091 1
      vertex 2.3332893028855324 80.49440883845091 13.074285714285713
    endloop
  endfacet
  facet normal 0.5141027407673995 -0.8577286120536309 0
    outer loop
      vertex 2.3332893028855324 80.49440883845091 1
      vertex 2.585809789597988 80.64576379209757 1
      vertex 2.585809789597988 80.64576379209757 13.074285714285713
    endloop
  endfacet
  facet normal 0.427555092760377 -0.9039892934402849 0
    outer loop
      vertex 2.585809789597988 80.64576379209757 1
      vertex 2.8519496992230415 80.77163859456778 1
      vertex 2.8519496992230415 80.77163859456778 13.074285714285713
    endloop
  endfacet
  facet normal 0.3368898600571533 -0.9415440627982695 0
    outer loop
      vertex 2.8519496992230415 80.77163859456778 1
      vertex 3.1291459649801254 80.87082100659609 1
      vertex 3.1291459649801254 80.87082100659609 13.074285714285713
    endloop
  endfacet
  facet normal 0.24298017786540688 -0.9700312537050007 0
    outer loop
      vertex 3.1291459649801254 80.87082100659609 1
      vertex 3.4147290363907814 80.94235584139824 1
      vertex 3.4147290363907814 80.94235584139824 13.074285714285713
    endloop
  endfacet
  facet normal 0.14673047975168188 -0.989176509179146 0
    outer loop
      vertex 3.4147290363907814 80.94235584139824 1
      vertex 3.7059485763311386 80.98555418103933 1
      vertex 3.7059485763311386 80.98555418103933 13.074285714285713
    endloop
  endfacet
  facet normal 0.049067670415704694 -0.9987954563973426 0
    outer loop
      vertex 3.7059485763311386 80.98555418103933 1
      vertex 4 81 1
      vertex 4 81 13.074285714285713
    endloop
  endfacet
  facet normal 0 0 1
    outer loop
      vertex 1 4 1
      vertex 81 78 1
      vertex 1 78 1
    endloop
  endfacet
  facet normal 0 0 1
    outer loop
      vertex 1 78 1
      vertex 80.98555418103933 78.29405142366886 1
      vertex 1.0144458189606667 78.29405142366886 1
    endloop
  endfacet
  facet normal 0 0 1
    outer loop
      vertex 1.0144458189606667 78.29405142366886 1
      vertex 80.94235584139824 78.58527096360922 1
      vertex 1.0576441586017609 78.58527096360922 1
    endloop
  endfacet
  facet normal 0 0 1
    outer loop
      vertex 1.0576441586017609 78.58527096360922 1
      vertex 80.87082100659609 78.87085403501987 1
      vertex 1.1291789934039116 78.87085403501987 1
    endloop
  endfacet
  facet normal 0 0 1
    outer loop
      vertex 1.1291789934039116 78.87085403501987 1
      vertex 80.77163859456778 79.14805030077696 1
      vertex 1.2283614054322243 79.14805030077696 1
    endloop
  endfacet
  facet normal 0 0 1
    outer loop
      vertex 1.2283614054322243 79.14805030077696 1
      vertex 80.64576379209757 79.41419021040201 1
      vertex 1.3542362079024315 79.41419021040201 1
    endloop
  endfacet
  facet normal 0 0 1
    outer loop
      vertex 1.3542362079024315 79.41419021040201 1
      vertex 80.49440883845091 79.66671069711447 1
      vertex 1.5055911615490913 79.66671069711447 1
    endloop
  endfacet
  facet normal 0 0 1
    outer loop
      vertex 1.5055911615490913 79.66671069711447 1
      vertex 80.3190313577652 79.90317985415459 1
      vertex 1.6809686422348022 79.90317985415459 1
    endloop
  endfacet
  facet normal 0 0 1
    outer loop
      vertex 1.6809686422348022 79.90317985415459 1
      vertex 80.1213203445077 80.1213203445077 1
      vertex 1.8786796554923058 80.1213203445077 1
    endloop
  endfacet
  facet normal 0 0 1
    outer loop
      vertex 1.8786796554923058 80.1213203445077 1
      vertex 79.90317985415459 80.3190313577652 1
      vertex 2.096820145845413 80.3190313577652 1
    endloop
  endfacet
  facet normal 0 0 1
    outer loop
      vertex 2.096820145845413 80.3190313577652 1
      vertex 79.66671069711447 80.49440883845091 1
      vertex 2.3332893028855324 80.49440883845091 1
    endloop
  endfacet
  facet normal 0 0 1
    outer loop
      vertex 2.3332893028855324 80.49440883845091 1
      vertex 79.41419021040201 80.64576379209757 1
      vertex 2.585809789597988 80.64576379209757 1
    endloop
  endfacet
  facet normal 0 0 1
    outer loop
      vertex 2.585809789597988 80.64576379209757 1
      vertex 79.14805030077696 80.77163859456778 1
      vertex 2.8519496992230415 80.77163859456778 1
    endloop
  endfacet
  facet normal 0 0 1
    outer loop
      vertex 2.8519496992230415 80.77163859456778 1
      vertex 78.87085403501987 80.87082100659609 1
      vertex 3.1291459649801254 80.87082100659609 1
    endloop
  endfacet
  facet normal 0 0 1
    outer loop
      vertex 3.1291459649801254 80.87082100659609 1
      vertex 78.58527096360922 80.94235584139824 1
      vertex 3.4147290363907814 80.94235584139824 1
    endloop
  endfacet
  facet normal 0 0 1
    outer loop
      vertex 3.4147290363907814 80.94235584139824 1
      vertex 78.29405142366886 80.98555418103933 1
      vertex 3.7059485763311386 80.98555418103933 1
    endloop
  endfacet
  facet normal 0 0 1
    outer loop
      vertex 3.7059485763311386 80.98555418103933 1
      vertex 78 81 1
      vertex 4 81 1
    endloop
  endfacet
  facet normal 0.9987954563973426 -0.049067670415704694 0
    outer loop
      vertex 1 78 1
      vertex 1.0144458189606667 78.29405142366886 13.074285714285713
      vertex 1 78 13.074285714285713
    endloop
  endfacet
  facet normal 0.989176509179146 -0.14673047975168188 0
    outer loop
      vertex 1.0144458189606667 78.29405142366886 1
      vertex 1.0576441586017609 78.58527096360922 13.074285714285713
      vertex 1.0144458189606667 78.29405142366886 13.074285714285713
    endloop
  endfacet
  facet normal 0.9700312537050007 -0.24298017786540688 0
    outer loop
      vertex 1.0576441586017609 78.58527096360922 1
      vertex 1.1291789934039116 78.87085403501987 13.074285714285713
      vertex 1.0576441586017609 78.58527096360922 13.074285714285713
    endloop
  endfacet
  facet normal 0.9415440627982695 -0.3368898600571533 0
    outer loop
      vertex 1.1291789934039116 78.87085403501987 1
      vertex 1.2283614054322243 79.14805030077696 13.074285714285713
      vertex 1.1291789934039116 78.87085403501987 13.074285714285713
    endloop
  endfacet
  facet normal 0.9039892934402849 -0.427555092760377 0
    outer loop
      vertex 1.2283614054322243 79.14805030077696 1
      vertex 1.3542362079024315 79.41419021040201 13.074285714285713
      vertex 1.2283614054322243 79.14805030077696 13.074285714285713
    endloop
  endfacet
  facet normal 0.8577286120536309 -0.5141027407673995 0
    outer loop
      vertex 1.3542362079024315 79.41419021040201 1
      vertex 1.5055911615490913 79.66671069711447 13.074285714285713
      vertex 1.3542362079024315 79.41419021040201 13.074285714285713
    endloop
  endfacet
  facet normal 0.8032075295459705 -0.5956993071010399 0
    outer loop
      vertex 1.5055911615490913 79.66671069711447 1
      vertex 1.6809686422348022 79.90317985415459 13.074285714285713
      vertex 1.5055911615490913 79.66671069711447 13.074285714285713
    endloop
  endfacet
  facet normal 0.7409511297873682 -0.6715589499566086 0
    outer loop
      vertex 1.6809686422348022 79.90317985415459 1
      vertex 1.8786796554923058 80.1213203445077 13.074285714285713
      vertex 1.6809686422348022 79.90317985415459 13.074285714285713
    endloop
  endfacet
  facet normal 0.6715589499566086 -0.7409511297873682 0
    outer loop
      vertex 1.8786796554923058 80.1213203445077 1
      vertex 2.096820145845413 80.3190313577652 13.074285714285713
      vertex 1.8786796554923058 80.1213203445077 13.074285714285713
    endloop
  endfacet
  facet normal 0.5956993071010399 -0.8032075295459705 0
    outer loop
      vertex 2.096820145845413 80.3190313577652 1
      vertex 2.3332893028855324 80.49440883845091 13.074285714285713
      vertex 2.096820145845413 80.3190313577652 13.074285714285713
    endloop
  endfacet
  facet normal 0.5141027407673995 -0.8577286120536309 0
    outer loop
      vertex 2.3332893028855324 80.49440883845091 1
      vertex 2.585809789597988 80.64576379209757 13.074285714285713
      vertex 2.3332893028855324 80.49440883845091 13.074285714285713
    endloop
  endfacet
  facet normal 0.427555092760377 -0.9039892934402849 0
    outer loop
      vertex 2.585809789597988 80.64576379209757 1
      vertex 2.8519496992230415 80.77163859456778 13.074285714285713
      vertex 2.585809789597988 80.64576379209757 13.074285714285713
    endloop
  endfacet
  facet normal 0.3368898600571533 -0.9415440627982695 0
    outer loop
      vertex 2.8519496992230415 80.77163859456778 1
      vertex 3.1291459649801254 80.87082100659609 13.074285714285713
      vertex 2.8519496992230415 80.77163859456778 13.074285714285713
    endloop
  endfacet
  facet normal 0.24298017786540688 -0.9700312537050007 0
    outer loop
      vertex 3.1291459649801254 80.87082100659609 1
      vertex 3.4147290363907814 80.94235584139824 13.074285714285713
      vertex 3.1291459649801254 80.87082100659609 13.074285714285713
    endloop
  endfacet
  facet normal 0.14673047975168188 -0.989176509179146 0
    outer loop
      vertex 3.4147290363907814 80.94235584139824 1
      vertex 3.7059485763311386 80.98555418103933 13.074285714285713
      vertex 3.4147290363907814 80.94235584139824 13.074285714285713
    endloop
  endfacet
  facet normal 0.049067670415704694 -0.9987954563973426 0
    outer loop
      vertex 3.7059485763311386 80.98555418103933 1
      vertex 4 81 13.074285714285713
      vertex 3.7059485763311386 80.98555418103933 13.074285714285713
    endloop
  endfacet
  facet normal 0 -1 0
    outer loop
      vertex 4 81 1
      vertex 78 81 13.074285714285713
      vertex 4 81 13.074285714285713
    endloop
  endfacet
  facet normal 0 0 1
    outer loop
      vertex 4 1 1
      vertex 78 1 1
      vertex 78.29405142366886 1.0144458189606667 1
    endloop
  endfacet
  facet normal 0 0 1
    outer loop
      vertex 3.7059485763311386 1.0144458189606667 1
      vertex 78.29405142366886 1.0144458189606667 1
      vertex 78.58527096360922 1.0576441586017609 1
    endloop
  endfacet
  facet normal 0 0 1
    outer loop
      vertex 3.4147290363907814 1.0576441586017609 1
      vertex 78.58527096360922 1.0576441586017609 1
      vertex 78.87085403501987 1.1291789934039116 1
    endloop
  endfacet
  facet normal 0 0 1
    outer loop
      vertex 3.1291459649801254 1.1291789934039116 1
      vertex 78.87085403501987 1.1291789934039116 1
      vertex 79.14805030077696 1.2283614054322243 1
    endloop
  endfacet
  facet normal 0 0 1
    outer loop
      vertex 2.8519496992230415 1.2283614054322243 1
      vertex 79.14805030077696 1.2283614054322243 1
      vertex 79.41419021040201 1.3542362079024315 1
    endloop
  endfacet
  facet normal 0 0 1
    outer loop
      vertex 2.585809789597988 1.3542362079024315 1
      vertex 79.41419021040201 1.3542362079024315 1
      vertex 79.66671069711447 1.5055911615490913 1
    endloop
  endfacet
  facet normal 0 0 1
    outer loop
      vertex 2.3332893028855324 1.5055911615490913 1
      vertex 79.66671069711447 1.5055911615490913 1
      vertex 79.90317985415459 1.6809686422348022 1
    endloop
  endfacet
  facet normal 0 0 1
    outer loop
      vertex 2.096820145845413 1.6809686422348022 1
      vertex 79.90317985415459 1.6809686422348022 1
      vertex 80.1213203445077 1.8786796554923058 1
    endloop
  endfacet
  facet normal 0 0 1
    outer loop
      vertex 1.8786796554923058 1.8786796554923058 1
      vertex 80.1213203445077 1.8786796554923058 1
      vertex 80.3190313577652 2.096820145845413 1
    endloop
  endfacet
  facet normal 0 0 1
    outer loop
      vertex 1.6809686422348022 2.096820145845413 1
      vertex 80.3190313577652 2.096820145845413 1
      vertex 80.49440883845091 2.3332893028855324 1
    endloop
  endfacet
  facet normal 0 0 1
    outer loop
      vertex 1.5055911615490913 2.3332893028855324 1
      vertex 80.49440883845091 2.3332893028855324 1
      vertex 80.64576379209757 2.585809789597988 1
    endloop
  endfacet
  facet normal 0 0 1
    outer loop
      vertex 1.3542362079024315 2.585809789597988 1
      vertex 80.64576379209757 2.585809789597988 1
      vertex 80.77163859456778 2.8519496992230415 1
    endloop
  endfacet
  facet normal 0 0 1
    outer loop
      vertex 1.2283614054322243 2.8519496992230415 1
      vertex 80.77163859456778 2.8519496992230415 1
      vertex 80.87082100659609 3.1291459649801254 1
    endloop
  endfacet
  facet normal 0 0 1
    outer loop
      vertex 1.1291789934039116 3.1291459649801254 1
      vertex 80.87082100659609 3.1291459649801254 1
      vertex 80.94235584139824 3.4147290363907814 1
    endloop
  endfacet
  facet normal 0 0 1
    outer loop
      vertex 1.0576441586017609 3.4147290363907814 1
      vertex 80.94235584139824 3.4147290363907814 1
      vertex 80.98555418103933 3.7059485763311386 1
    endloop
  endfacet
  facet normal 0 0 1
    outer loop
      vertex 1.0144458189606667 3.7059485763311386 1
      vertex 80.98555418103933 3.7059485763311386 1
      vertex 81 4 1
    endloop
  endfacet
  facet normal 0 0 1
    outer loop
      vertex 1 4 1
      vertex 81 4 1
      vertex 81 78 1
    endloop
  endfacet
  facet normal -0.049067670415704694 0.9987954563973426 0
    outer loop
      vertex 78 1 1
      vertex 78 1 13.074285714285713
      vertex 78.29405142366886 1.0144458189606667 1
    endloop
  endfacet
  facet normal -0.14673047975168188 0.989176509179146 0
    outer loop
      vertex 78.29405142366886 1.0144458189606667 1
      vertex 78.29405142366886 1.0144458189606667 13.074285714285713
      vertex 78.58527096360922 1.0576441586017609 1
    endloop
  endfacet
  facet normal -0.24298017786540688 0.9700312537050007 0
    outer loop
      vertex 78.58527096360922 1.0576441586017609 1
      vertex 78.58527096360922 1.0576441586017609 13.074285714285713
      vertex 78.87085403501987 1.1291789934039116 1
    endloop
  endfacet
  facet normal -0.3368898600571533 0.9415440627982695 0
    outer loop
      vertex 78.87085403501987 1.1291789934039116 1
      vertex 78.87085403501987 1.1291789934039116 13.074285714285713
      vertex 79.14805030077696 1.2283614054322243 1
    endloop
  endfacet
  facet normal -0.427555092760377 0.9039892934402849 0
    outer loop
      vertex 79.14805030077696 1.2283614054322243 1
      vertex 79.14805030077696 1.2283614054322243 13.074285714285713
      vertex 79.41419021040201 1.3542362079024315 1
    endloop
  endfacet
  facet normal -0.5141027407673995 0.8577286120536309 0
    outer loop
      vertex 79.41419021040201 1.3542362079024315 1
      vertex 79.41419021040201 1.3542362079024315 13.074285714285713
      vertex 79.66671069711447 1.5055911615490913 1
    endloop
  endfacet
  facet normal -0.5956993071010399 0.8032075295459705 0
    outer loop
      vertex 79.66671069711447 1.5055911615490913 1
      vertex 79.66671069711447 1.5055911615490913 13.074285714285713
      vertex 79.90317985415459 1.6809686422348022 1
    endloop
  endfacet
  facet normal -0.6715589499566086 0.7409511297873682 0
    outer loop
      vertex 79.90317985415459 1.6809686422348022 1
      vertex 79.90317985415459 1.6809686422348022 13.074285714285713
      vertex 80.1213203445077 1.8786796554923058 1
    endloop
  endfacet
  facet normal -0.7409511297873682 0.6715589499566086 0
    outer loop
      vertex 80.1213203445077 1.8786796554923058 1
      vertex 80.1213203445077 1.8786796554923058 13.074285714285713
      vertex 80.3190313577652 2.096820145845413 1
    endloop
  endfacet
  facet normal -0.8032075295459705 0.5956993071010399 0
    outer loop
      vertex 80.3190313577652 2.096820145845413 1
      vertex 80.3190313577652 2.096820145845413 13.074285714285713
      vertex 80.49440883845091 2.3332893028855324 1
    endloop
  endfacet
  facet normal -0.8577286120536309 0.5141027407673995 0
    outer loop
      vertex 80.49440883845091 2.3332893028855324 1
      vertex 80.49440883845091 2.3332893028855324 13.074285714285713
      vertex 80.64576379209757 2.585809789597988 1
    endloop
  endfacet
  facet normal -0.9039892934402849 0.427555092760377 0
    outer loop
      vertex 80.64576379209757 2.585809789597988 1
      vertex 80.64576379209757 2.585809789597988 13.074285714285713
      vertex 80.77163859456778 2.8519496992230415 1
    endloop
  endfacet
  facet normal -0.9415440627982695 0.3368898600571533 0
    outer loop
      vertex 80.77163859456778 2.8519496992230415 1
      vertex 80.77163859456778 2.8519496992230415 13.074285714285713
      vertex 80.87082100659609 3.1291459649801254 1
    endloop
  endfacet
  facet normal -0.9700312537050007 0.24298017786540688 0
    outer loop
      vertex 80.87082100659609 3.1291459649801254 1
      vertex 80.87082100659609 3.1291459649801254 13.074285714285713
      vertex 80.94235584139824 3.4147290363907814 1
    endloop
  endfacet
  facet normal -0.989176509179146 0.14673047975168188 0
    outer loop
      vertex 80.94235584139824 3.4147290363907814 1
      vertex 80.94235584139824 3.4147290363907814 13.074285714285713
      vertex 80.98555418103933 3.7059485763311386 1
    endloop
  endfacet
  facet normal -0.9987954563973426 0.049067670415704694 0
    outer loop
      vertex 80.98555418103933 3.7059485763311386 1
      vertex 80.98555418103933 3.7059485763311386 13.074285714285713
      vertex 81 4 1
    endloop
  endfacet
  facet normal -1 0 0
    outer loop
      vertex 81 4 1
      vertex 81 4 13.074285714285713
      vertex 81 78 1
    endloop
  endfacet
  facet normal 0 1 0
    outer loop
      vertex 78 1 1
      vertex 4 1 13.074285714285713
      vertex 78 1 13.074285714285713
    endloop
  endfacet
  facet normal -0.049067670415704694 0.9987954563973426 0
    outer loop
      vertex 78.29405142366886 1.0144458189606667 1
      vertex 78 1 13.074285714285713
      vertex 78.29405142366886 1.0144458189606667 13.074285714285713
    endloop
  endfacet
  facet normal -0.14673047975168188 0.989176509179146 0
    outer loop
      vertex 78.58527096360922 1.0576441586017609 1
      vertex 78.29405142366886 1.0144458189606667 13.074285714285713
      vertex 78.58527096360922 1.0576441586017609 13.074285714285713
    endloop
  endfacet
  facet normal -0.24298017786540688 0.9700312537050007 0
    outer loop
      vertex 78.87085403501987 1.1291789934039116 1
      vertex 78.58527096360922 1.0576441586017609 13.074285714285713
      vertex 78.87085403501987 1.1291789934039116 13.074285714285713
    endloop
  endfacet
  facet normal -0.3368898600571533 0.9415440627982695 0
    outer loop
      vertex 79.14805030077696 1.2283614054322243 1
      vertex 78.87085403501987 1.1291789934039116 13.074285714285713
      vertex 79.14805030077696 1.2283614054322243 13.074285714285713
    endloop
  endfacet
  facet normal -0.427555092760377 0.9039892934402849 0
    outer loop
      vertex 79.41419021040201 1.3542362079024315 1
      vertex 79.14805030077696 1.2283614054322243 13.074285714285713
      vertex 79.41419021040201 1.3542362079024315 13.074285714285713
    endloop
  endfacet
  facet normal -0.5141027407673995 0.8577286120536309 0
    outer loop
      vertex 79.66671069711447 1.5055911615490913 1
      vertex 79.41419021040201 1.3542362079024315 13.074285714285713
      vertex 79.66671069711447 1.5055911615490913 13.074285714285713
    endloop
  endfacet
  facet normal -0.5956993071010399 0.8032075295459705 0
    outer loop
      vertex 79.90317985415459 1.6809686422348022 1
      vertex 79.66671069711447 1.5055911615490913 13.074285714285713
      vertex 79.90317985415459 1.6809686422348022 13.074285714285713
    endloop
  endfacet
  facet normal -0.6715589499566086 0.7409511297873682 0
    outer loop
      vertex 80.1213203445077 1.8786796554923058 1
      vertex 79.90317985415459 1.6809686422348022 13.074285714285713
      vertex 80.1213203445077 1.8786796554923058 13.074285714285713
    endloop
  endfacet
  facet normal -0.7409511297873682 0.6715589499566086 0
    outer loop
      vertex 80.3190313577652 2.096820145845413 1
      vertex 80.1213203445077 1.8786796554923058 13.074285714285713
      vertex 80.3190313577652 2.096820145845413 13.074285714285713
    endloop
  endfacet
  facet normal -0.8032075295459705 0.5956993071010399 0
    outer loop
      vertex 80.49440883845091 2.3332893028855324 1
      vertex 80.3190313577652 2.096820145845413 13.074285714285713
      vertex 80.49440883845091 2.3332893028855324 13.074285714285713
    endloop
  endfacet
  facet normal -0.8577286120536309 0.5141027407673995 0
    outer loop
      vertex 80.64576379209757 2.585809789597988 1
      vertex 80.49440883845091 2.3332893028855324 13.074285714285713
      vertex 80.64576379209757 2.585809789597988 13.074285714285713
    endloop
  endfacet
  facet normal -0.9039892934402849 0.427555092760377 0
    outer loop
      vertex 80.77163859456778 2.8519496992230415 1
      vertex 80.64576379209757 2.585809789597988 13.074285714285713
      vertex 80.77163859456778 2.8519496992230415 13.074285714285713
    endloop
  endfacet
  facet normal -0.9415440627982695 0.3368898600571533 0
    outer loop
      vertex 80.87082100659609 3.1291459649801254 1
      vertex 80.77163859456778 2.8519496992230415 13.074285714285713
      vertex 80.87082100659609 3.1291459649801254 13.074285714285713
    endloop
  endfacet
  facet normal -0.9700312537050007 0.24298017786540688 0
    outer loop
      vertex 80.94235584139824 3.4147290363907814 1
      vertex 80.87082100659609 3.1291459649801254 13.074285714285713
      vertex 80.94235584139824 3.4147290363907814 13.074285714285713
    endloop
  endfacet
  facet normal -0.989176509179146 0.14673047975168188 0
    outer loop
      vertex 80.98555418103933 3.7059485763311386 1
      vertex 80.94235584139824 3.4147290363907814 13.074285714285713
      vertex 80.98555418103933 3.7059485763311386 13.074285714285713
    endloop
  endfacet
  facet normal -0.9987954563973426 0.049067670415704694 0
    outer loop
      vertex 81 4 1
      vertex 80.98555418103933 3.7059485763311386 13.074285714285713
      vertex 81 4 13.074285714285713
    endloop
  endfacet
  facet normal 0 0 1
    outer loop
      vertex 2.3332893028855324 80.49440883845091 1
      vertex 79.66671069711447 80.49440883845091 1
      vertex 79.41419021040201 80.64576379209757 1
    endloop
  endfacet
  facet normal 0 0 1
    outer loop
      vertex 2.585809789597988 80.64576379209757 1
      vertex 79.41419021040201 80.64576379209757 1
      vertex 79.14805030077696 80.77163859456778 1
    endloop
  endfacet
  facet normal 0 0 1
    outer loop
      vertex 3.7059485763311386 80.98555418103933 1
      vertex 78.29405142366886 80.98555418103933 1
      vertex 78 81 1
    endloop
  endfacet
  facet normal 0 0 1
    outer loop
      vertex 3.4147290363907814 80.94235584139824 1
      vertex 78.58527096360922 80.94235584139824 1
      vertex 78.29405142366886 80.98555418103933 1
    endloop
  endfacet
  facet normal 0 0 1
    outer loop
      vertex 2.8519496992230415 80.77163859456778 1
      vertex 79.14805030077696 80.77163859456778 1
      vertex 78.87085403501987 80.87082100659609 1
    endloop
  endfacet
  facet normal 0 0 1
    outer loop
      vertex 3.1291459649801254 80.87082100659609 1
      vertex 78.87085403501987 80.87082100659609 1
      vertex 78.58527096360922 80.94235584139824 1
    endloop
  endfacet
  facet normal 0 0 1
    outer loop
      vertex 1 78 1
      vertex 81 78 1
      vertex 80.98555418103933 78.29405142366886 1
    endloop
  endfacet
  facet normal 0 0 1
    outer loop
      vertex 1.0144458189606667 78.29405142366886 1
      vertex 80.98555418103933 78.29405142366886 1
      vertex 80.94235584139824 78.58527096360922 1
    endloop
  endfacet
  facet normal 0 0 1
    outer loop
      vertex 1.0576441586017609 78.58527096360922 1
      vertex 80.94235584139824 78.58527096360922 1
      vertex 80.87082100659609 78.87085403501987 1
    endloop
  endfacet
  facet normal 0 0 1
    outer loop
      vertex 1.1291789934039116 78.87085403501987 1
      vertex 80.87082100659609 78.87085403501987 1
      vertex 80.77163859456778 79.14805030077696 1
    endloop
  endfacet
  facet normal 0 0 1
    outer loop
      vertex 1.2283614054322243 79.14805030077696 1
      vertex 80.77163859456778 79.14805030077696 1
      vertex 80.64576379209757 79.41419021040201 1
    endloop
  endfacet
  facet normal 0 0 1
    outer loop
      vertex 1.5055911615490913 79.66671069711447 1
      vertex 80.49440883845091 79.66671069711447 1
      vertex 80.3190313577652 79.90317985415459 1
    endloop
  endfacet
  facet normal 0 0 1
    outer loop
      vertex 1.6809686422348022 79.90317985415459 1
      vertex 80.3190313577652 79.90317985415459 1
      vertex 80.1213203445077 80.1213203445077 1
    endloop
  endfacet
  facet normal 0 0 1
    outer loop
      vertex 1.3542362079024315 79.41419021040201 1
      vertex 80.64576379209757 79.41419021040201 1
      vertex 80.49440883845091 79.66671069711447 1
    endloop
  endfacet
  facet normal 0 0 1
    outer loop
      vertex 1.8786796554923058 80.1213203445077 1
      vertex 80.1213203445077 80.1213203445077 1
      vertex 79.90317985415459 80.3190313577652 1
    endloop
  endfacet
  facet normal 0 0 1
    outer loop
      vertex 2.096820145845413 80.3190313577652 1
      vertex 79.90317985415459 80.3190313577652 1
      vertex 79.66671069711447 80.49440883845091 1
    endloop
  endfacet
  facet normal 0 -1 0
    outer loop
      vertex 4 81 1
      vertex 78 81 1
      vertex 78 81 13.074285714285713
    endloop
  endfacet
  facet normal -0.427555092760377 -0.9039892934402849 0
    outer loop
      vertex 79.41419021040201 80.64576379209757 1
      vertex 79.41419021040201 80.64576379209757 13.074285714285713
      vertex 79.14805030077696 80.77163859456778 1
    endloop
  endfacet
  facet normal -0.049067670415704694 -0.9987954563973426 0
    outer loop
      vertex 78 81 1
      vertex 78.29405142366886 80.98555418103933 1
      vertex 78.29405142366886 80.98555418103933 13.074285714285713
    endloop
  endfacet
  facet normal -0.14673047975168188 -0.989176509179146 0
    outer loop
      vertex 78.29405142366886 80.98555418103933 1
      vertex 78.58527096360922 80.94235584139824 1
      vertex 78.58527096360922 80.94235584139824 13.074285714285713
    endloop
  endfacet
  facet normal -0.24298017786540688 -0.9700312537050007 0
    outer loop
      vertex 78.58527096360922 80.94235584139824 1
      vertex 78.87085403501987 80.87082100659609 1
      vertex 78.87085403501987 80.87082100659609 13.074285714285713
    endloop
  endfacet
  facet normal -0.3368898600571533 -0.9415440627982695 0
    outer loop
      vertex 78.87085403501987 80.87082100659609 1
      vertex 79.14805030077696 80.77163859456778 1
      vertex 79.14805030077696 80.77163859456778 13.074285714285713
    endloop
  endfacet
  facet normal -0.9987954563973426 -0.049067670415704694 0
    outer loop
      vertex 81 78 1
      vertex 81 78 13.074285714285713
      vertex 80.98555418103933 78.29405142366886 1
    endloop
  endfacet
  facet normal -0.989176509179146 -0.14673047975168188 0
    outer loop
      vertex 80.98555418103933 78.29405142366886 1
      vertex 80.98555418103933 78.29405142366886 13.074285714285713
      vertex 80.94235584139824 78.58527096360922 1
    endloop
  endfacet
  facet normal -0.9700312537050007 -0.24298017786540688 0
    outer loop
      vertex 80.94235584139824 78.58527096360922 1
      vertex 80.94235584139824 78.58527096360922 13.074285714285713
      vertex 80.87082100659609 78.87085403501987 1
    endloop
  endfacet
  facet normal -0.9415440627982695 -0.3368898600571533 0
    outer loop
      vertex 80.87082100659609 78.87085403501987 1
      vertex 80.87082100659609 78.87085403501987 13.074285714285713
      vertex 80.77163859456778 79.14805030077696 1
    endloop
  endfacet
  facet normal -0.9039892934402849 -0.427555092760377 0
    outer loop
      vertex 80.64576379209757 79.41419021040201 1
      vertex 80.77163859456778 79.14805030077696 1
      vertex 80.77163859456778 79.14805030077696 13.074285714285713
    endloop
  endfacet
  facet normal -0.5141027407673995 -0.8577286120536309 0
    outer loop
      vertex 79.41419021040201 80.64576379209757 1
      vertex 79.66671069711447 80.49440883845091 1
      vertex 79.66671069711447 80.49440883845091 13.074285714285713
    endloop
  endfacet
  facet normal -0.5956993071010399 -0.8032075295459705 0
    outer loop
      vertex 79.66671069711447 80.49440883845091 1
      vertex 79.90317985415459 80.3190313577652 1
      vertex 79.90317985415459 80.3190313577652 13.074285714285713
    endloop
  endfacet
  facet normal -0.6715589499566086 -0.7409511297873682 0
    outer loop
      vertex 79.90317985415459 80.3190313577652 1
      vertex 80.1213203445077 80.1213203445077 1
      vertex 80.1213203445077 80.1213203445077 13.074285714285713
    endloop
  endfacet
  facet normal -0.7409511297873682 -0.6715589499566086 0
    outer loop
      vertex 80.3190313577652 79.90317985415459 1
      vertex 80.3190313577652 79.90317985415459 13.074285714285713
      vertex 80.1213203445077 80.1213203445077 1
    endloop
  endfacet
  facet normal -0.8032075295459705 -0.5956993071010399 0
    outer loop
      vertex 80.49440883845091 79.66671069711447 1
      vertex 80.49440883845091 79.66671069711447 13.074285714285713
      vertex 80.3190313577652 79.90317985415459 1
    endloop
  endfacet
  facet normal -0.8577286120536309 -0.5141027407673995 0
    outer loop
      vertex 80.64576379209757 79.41419021040201 1
      vertex 80.64576379209757 79.41419021040201 13.074285714285713
      vertex 80.49440883845091 79.66671069711447 1
    endloop
  endfacet
  facet normal -1 0 0
    outer loop
      vertex 81 78 1
      vertex 81 4 13.074285714285713
      vertex 81 78 13.074285714285713
    endloop
  endfacet
  facet normal -0.049067670415704694 -0.9987954563973426 0
    outer loop
      vertex 78 81 1
      vertex 78.29405142366886 80.98555418103933 13.074285714285713
      vertex 78 81 13.074285714285713
    endloop
  endfacet
  facet normal -0.14673047975168188 -0.989176509179146 0
    outer loop
      vertex 78.29405142366886 80.98555418103933 1
      vertex 78.58527096360922 80.94235584139824 13.074285714285713
      vertex 78.29405142366886 80.98555418103933 13.074285714285713
    endloop
  endfacet
  facet normal -0.24298017786540688 -0.9700312537050007 0
    outer loop
      vertex 78.58527096360922 80.94235584139824 1
      vertex 78.87085403501987 80.87082100659609 13.074285714285713
      vertex 78.58527096360922 80.94235584139824 13.074285714285713
    endloop
  endfacet
  facet normal -0.3368898600571533 -0.9415440627982695 0
    outer loop
      vertex 78.87085403501987 80.87082100659609 1
      vertex 79.14805030077696 80.77163859456778 13.074285714285713
      vertex 78.87085403501987 80.87082100659609 13.074285714285713
    endloop
  endfacet
  facet normal -0.427555092760377 -0.9039892934402849 0
    outer loop
      vertex 79.14805030077696 80.77163859456778 1
      vertex 79.41419021040201 80.64576379209757 13.074285714285713
      vertex 79.14805030077696 80.77163859456778 13.074285714285713
    endloop
  endfacet
  facet normal -0.9039892934402849 -0.427555092760377 0
    outer loop
      vertex 80.64576379209757 79.41419021040201 1
      vertex 80.77163859456778 79.14805030077696 13.074285714285713
      vertex 80.64576379209757 79.41419021040201 13.074285714285713
    endloop
  endfacet
  facet normal -0.9987954563973426 -0.049067670415704694 0
    outer loop
      vertex 80.98555418103933 78.29405142366886 1
      vertex 81 78 13.074285714285713
      vertex 80.98555418103933 78.29405142366886 13.074285714285713
    endloop
  endfacet
  facet normal -0.989176509179146 -0.14673047975168188 0
    outer loop
      vertex 80.94235584139824 78.58527096360922 1
      vertex 80.98555418103933 78.29405142366886 13.074285714285713
      vertex 80.94235584139824 78.58527096360922 13.074285714285713
    endloop
  endfacet
  facet normal -0.9700312537050007 -0.24298017786540688 0
    outer loop
      vertex 80.87082100659609 78.87085403501987 1
      vertex 80.94235584139824 78.58527096360922 13.074285714285713
      vertex 80.87082100659609 78.87085403501987 13.074285714285713
    endloop
  endfacet
  facet normal -0.9415440627982695 -0.3368898600571533 0
    outer loop
      vertex 80.77163859456778 79.14805030077696 1
      vertex 80.87082100659609 78.87085403501987 13.074285714285713
      vertex 80.77163859456778 79.14805030077696 13.074285714285713
    endloop
  endfacet
  facet normal -0.5141027407673995 -0.8577286120536309 0
    outer loop
      vertex 79.41419021040201 80.64576379209757 1
      vertex 79.66671069711447 80.49440883845091 13.074285714285713
      vertex 79.41419021040201 80.64576379209757 13.074285714285713
    endloop
  endfacet
  facet normal -0.5956993071010399 -0.8032075295459705 0
    outer loop
      vertex 79.66671069711447 80.49440883845091 1
      vertex 79.90317985415459 80.3190313577652 13.074285714285713
      vertex 79.66671069711447 80.49440883845091 13.074285714285713
    endloop
  endfacet
  facet normal -0.6715589499566086 -0.7409511297873682 0
    outer loop
      vertex 79.90317985415459 80.3190313577652 1
      vertex 80.1213203445077 80.1213203445077 13.074285714285713
      vertex 79.90317985415459 80.3190313577652 13.074285714285713
    endloop
  endfacet
  facet normal -0.7409511297873682 -0.6715589499566086 0
    outer loop
      vertex 80.1213203445077 80.1213203445077 1
      vertex 80.3190313577652 79.90317985415459 13.074285714285713
      vertex 80.1213203445077 80.1213203445077 13.074285714285713
    endloop
  endfacet
  facet normal -0.8032075295459705 -0.5956993071010399 0
    outer loop
      vertex 80.3190313577652 79.90317985415459 1
      vertex 80.49440883845091 79.66671069711447 13.074285714285713
      vertex 80.3190313577652 79.90317985415459 13.074285714285713
    endloop
  endfacet
  facet normal -0.8577286120536309 -0.5141027407673995 0
    outer loop
      vertex 80.49440883845091 79.66671069711447 1
      vertex 80.64576379209757 79.41419021040201 13.074285714285713
      vertex 80.49440883845091 79.66671069711447 13.074285714285713
    endloop
  endfacet
endsolid OpenSCAD_Model
